row_id,created_at,username,sentiment_text,url,subject_tag,stance_category,final_text_style_b,label_gpt4o_mini,label_gemini_flash,label_claude_haiku,ground_truth,bing_liu_sentiment,bing_liu_sentiment_score,bing_liu_sentiment_confidence
0,2026-03-07T23:29:46.949Z,tuckfrump,belgium also say trumps war besides spain country sound reluctant join stupid war italy germany france last three decide yet know consequence terrorist attack massive exodus middle eastern refugee europe,https://mastodon.social/@tuckfrump/116190490587597144,Military Action,Neutral,belgium also say trump war besides spain country sound reluctant join stupid war italy germany france last three decide yet know consequence terrorist attack massive exodus middle eastern refugee europe,negative,negative,neutral,negative,negative,-0.5,0.5
1,2026-03-07T23:22:20.068Z,RonSupportsYou,massive war price tag could massive problem top leader prospect balloon new spending bill top leader brace messy internal fight,https://mastodon.social/@RonSupportsYou/116190461300706686,General Conflict,Neutral,massive war price tag could massive problem top leader prospect balloon new spending bill top leader brace messy internal fight,negative,negative,negative,negative,neutral,0.0,1.0
2,2026-03-07T23:12:15.293Z,RonSupportsYou,write american soldier kill innocent woman child suppose oppose russia help iran fight evil shit planet yes evil shit planet russia ukraine four year genocidal war many people know trump trump help russia increase oil price waste american missile result also harm american,https://mastodon.social/@RonSupportsYou/116190421666254752,Military Action,Anti-Iran,write american soldier kill innocent woman child suppose oppose russia help iran fight evil shit planet yes evil shit planet russia ukraine four year genocidal war many people know trump trump help russia increase oil price waste american missile result also harm american,negative,negative,negative,negative,negative,-0.6,0.6
4,2026-03-07T23:04:35.828Z,RonSupportsYou,one get away reckless stupid thing like attack iran without plan moment one discussing good bad thing today copy,https://mastodon.social/@RonSupportsYou/116190391554891378,Military Action,Neutral,one get away reckless stupid thing like attack iran without plan moment one discussing good bad thing today copy,negative,negative,neutral,negative,negative,-0.3333333333333333,0.3333333333333333
6,2026-03-07T21:30:12.000Z,metro.co.uk,man kill fall debris drone hit dubai marina tower,https://fed.brid.gy/r/https://metro.co.uk/2026/03/07/man-dies-debris-drone-interception-hits-dubais-23-marina-tower-27289204/,Military Action,Neutral,man kill fall debris drone hit dubai marina tower,negative,negative,negative,negative,negative,-1.0,1.0
7,2026-03-07T20:45:56.000Z,metro.co.uk,thousand protest strike iran u embassy london,https://fed.brid.gy/r/https://metro.co.uk/2026/03/07/thousands-protest-strikes-iran-us-embassy-london-27288490/,Protest/Activism,Neutral,thousand protest strike iran u embassy london,neutral,negative,negative,negative,negative,-1.0,1.0
8,2026-03-07T22:40:33.000Z,CharlieMcHenry,trump white house post fascist meme wreck economy united state fully enter drive shooting era u foreign policy trump vance administration action around globe do feel like function government healthy democracy rather addle suburban teen play grand theft auto vice city sta cackle hysterically chug gallon pepsi mow stretch civilian,https://connectop.us/@CharlieMcHenry/116190297009835321,General Conflict,Neutral,trump white house post fascist meme wreck economy united state fully enter drive shoot era u foreign policy trump vance administration action around globe do feel like function government healthy democracy rather addle suburban teen play grand theft auto vice city sta cackle hysterically chug gallon pepsi mow stretch civilian,negative,negative,negative,negative,neutral,0.0,1.0
9,2026-03-07T22:20:25.000Z,maxblumenthal,today toronto ask pro trump iranians whether bother u military massacre schoolgirl iran happen,https://mastox.eu/@maxblumenthal/116190217890441360,General Conflict,Pro-Iran,today toronto ask pro trump iranians whether bother u military massacre schoolgirl iran happen,neutral,neutral,neutral,neutral,negative,-0.3333333333333333,0.3333333333333333
10,2026-03-07T22:11:26.000Z,BOOKidealist,feel almost like march one bad news another,https://bookstodon.com/@BOOKidealist/116190182507675292,General Conflict,Neutral,feel almost like march one bad news another,negative,negative,negative,negative,neutral,0.0,1.0
11,2026-03-07T21:55:46.000Z,pelicangut,bit already include russian attack ukraine u bad course criminal,https://aus.social/@pelicangut/116190120930193662,Military Action,Neutral,bit already include russian attack ukraine u bad course criminal,negative,negative,negative,negative,negative,-1.0,1.0
12,2026-03-07T21:50:18.000Z,yogthos,pressure gulf state budget could lead reassess overseas investment future commitment consider option alleviate financial strain cause u israeli war iran,https://social.marxist.network/@yogthos/116190099435105986,General Conflict,Pro-Iran,pressure gulf state budget could lead reassess overseas investment future commitment consider option alleviate financial strain cause u israeli war iran,neutral,neutral,neutral,neutral,positive,0.3333333333333333,0.3333333333333333
13,2026-03-07T20:24:38.000Z,israelhayom.com,iran weaken faster expect u israel air campaign peak,https://fed.brid.gy/r/https://www.israelhayom.com/2026/03/07/iran-weakens-faster-than-expected-as-us-israel-air-campaign-peaks/,General Conflict,Anti-Iran,iran weaken faster expect u israel air campaign peak,negative,negative,negative,negative,neutral,0.0,1.0
14,2026-03-07T21:05:56.000Z,israelhayom.com,really run iran,https://fed.brid.gy/r/https://www.israelhayom.com/2026/03/07/who-really-runs-iran-pezeshkians-humiliation-reveals-revolutionary-guards-power/,General Conflict,Anti-Iran,really run iran,neutral,negative,neutral,neutral,neutral,0.0,0.0
15,2026-03-07T21:48:07.000Z,SpaceWrangler,ask social toddler act like would go time awful po human,https://shakedown.social/@SpaceWrangler/116190090854644003,General Conflict,Neutral,ask social toddler act like would go time awful po human,negative,negative,neutral,negative,neutral,0.0,1.0
16,2026-03-07T21:31:39.000Z,PariaSansPortefeuille,first war since second world war directly impact city consider hubs pod welcome discuss economic consequence,https://jasette.facil.services/@PariaSansPortefeuille/116190026118094504,General Conflict,Anti-Iran,first war since second world war directly impact city consider hubs pod welcome discuss economic consequence,neutral,neutral,neutral,neutral,positive,1.0,1.0
17,2026-03-07T21:30:56.000Z,BrianJopek,bomb school justification excuse help people forum regime use attack iran window iranian foreign minister claim epstein regime attack desalination plant iran iran respond kind middle east could become uninhabitable enough fresh water population survive without vulnerable desalination plant resistance,https://mastodon.world/@BrianJopek/116190023287209791,Military Action,Pro-Iran,bomb school justification excuse help people forum regime use attack iran window iranian foreign minister claim epstein regime attack desalination plant iran iran respond kind middle east could become uninhabitable enough fresh water population survive without vulnerable desalination plant resistance,neutral,negative,neutral,neutral,negative,-0.1111111111111111,0.1111111111111111
18,2026-03-07T21:13:44.000Z,jeridansky,today tabs favourite newsletter take like mai buy dot com space buy mai space lean mean space launch satellite internet social medium camps service machine musk describes sentient sun understand universe extend light consciousness star like feel somewhere close personal nadir despair lately tabs senior contribute editor jan advice think important quietly radical remember evil real exist good exists u do become like care thing bring u future also late newsletter also long rant people run war iran do give shit destruction cause brief justice,https://sfba.social/@jeridansky/116189955641669685,General Conflict,Neutral,today tabs favourite newsletter take like mai buy dot com space buy mai space lean mean space launch satellite internet social medium camp service machine musk describes sentient sun understand universe extend light consciousness star like feel somewhere close personal nadir despair lately tabs senior contribute editor jan advice think important quietly radical remember evil real exist good exists u do become like care thing bring u future also late newsletter also long rant people run war iran do give shit destruction cause brief justice,neutral,negative,neutral,neutral,neutral,0.0,1.0
19,2026-03-07T21:01:13.868Z,VerdantSquareRadio,play note bowie hawkins episode,https://mastodon.social/@VerdantSquareRadio/116189906452202574,General Conflict,Neutral,play note bowie hawkins episode,neutral,neutral,neutral,neutral,neutral,0.0,0.0
21,2026-03-07T18:52:21.000Z,metro.co.uk,iran assembly expert could meet elect new supreme leader within hour,https://fed.brid.gy/r/https://metro.co.uk/2026/03/07/irans-assembly-experts-meet-elect-new-supreme-leader-within-24-hours-27286869/,General Conflict,Neutral,iran assembly expert could meet elect new supreme leader within hour,neutral,neutral,neutral,neutral,positive,1.0,1.0
22,2026-03-07T20:40:12.000Z,newsbeep,iranian american rally washington democracy amid u israel military campaign washington gray iranian american gather washington saturday rally democracy iran american iran,https://newsbeep.org/@newsbeep/116189823805576351,Protest/Activism,Neutral,iranian american rally washington democracy amid u israel military campaign washington gray iranian american gather washington saturday rally democracy iran american iran,neutral,neutral,neutral,neutral,neutral,0.0,0.0
24,2026-03-07T20:34:13.928Z,DrALJONES,interview trump clear plan iran u official resignation exactly warn ala charr tit ludicrous expect american people believe iran would attack u preemptively middle negotiation contradictory message trumpet al show little really think go war jasmine elgar al,https://mastodon.social/@DrALJONES/116189800294308037,Military Action,Neutral,interview trump clear plan iran u official resignation exactly warn ala charr tit ludicrous expect american people believe iran would attack u preemptively middle negotiation contradictory message trumpet al show little really think go war jasmine elgar al,neutral,negative,neutral,neutral,negative,-0.14285714285714285,0.14285714285714285
25,2026-03-07T20:33:31.682Z,DrALJONES,analysis israel plan war iran yearsnetanyahuthis combine effort allow u hop achieve year crush regime terror completely promise amp go happen tanya year year proclaim last opportunity stop mad mullah obtain bomb bomb never materialise jonathan cook,https://mastodon.social/@DrALJONES/116189797526350487,General Conflict,Neutral,analysis israel plan war iran yearsnetanyahuthis combine effort allow u hop achieve year crush regime terror completely promise amp go happen tanya year year proclaim last opportunity stop mad mullah obtain bomb bomb never materialise jonathan cook,neutral,negative,negative,negative,negative,-0.6666666666666666,0.6666666666666666
26,2026-03-07T20:31:06.973Z,DrALJONES,interview americas war great israel ruin rabbi unpacks explosive new document expose israel systematic ethnic cleanse trump top diplomacy moment negotiation gain traction whether tehran bomb gulf state strategic miscalculation israel unending quest security fuel decade expansion war amp regional upheaval,https://mastodon.social/@DrALJONES/116189788043167731,General Conflict,Pro-Iran,interview americas war great israel ruin rabbi unpacks explosive new document expose israel systematic ethnic cleanse trump top diplomacy moment negotiation gain traction whether tehran bomb gulf state strategic miscalculation israel unending quest security fuel decade expansion war amp regional upheaval,neutral,negative,negative,negative,neutral,0.0,1.0
27,2026-03-07T20:30:24.931Z,DrALJONES,analysis iranian revolutionary guard revert guerrilla root amp operate something like cell structure iran fight techno guerrilla war u amp israel fight conventional quite apart failure war tactic kill civilian leader war crime amp unprecedented modern warfare even putin teen key,https://mastodon.social/@DrALJONES/116189785288095699,General Conflict,Pro-Iran,analysis iranian revolutionary guard revert guerrilla root amp operate something like cell structure iran fight techno guerrilla war u amp israel fight conventional quite apart failure war tactic kill civilian leader war crime amp unprecedented modern warfare even putin teen key,neutral,negative,neutral,neutral,negative,-0.14285714285714285,0.14285714285714285
28,2026-03-07T20:28:52.292Z,tuckfrump,every body warn washington post classify report national intelligence council find even large scale assault iran launch united state would unlikely oust islamic republic entrench military clerical establishment sober assessment trump administration raise spectre extended military campaign official say begin,https://mastodon.social/@tuckfrump/116189779214031850,General Conflict,Neutral,every body warn washington post classify report national intelligence council find even large scale assault iran launch united state would unlikely oust islamic republic entrench military clerical establishment sober assessment trump administration raise spectre extend military campaign official say begin,neutral,neutral,neutral,neutral,negative,-0.2,0.2
29,2026-03-07T20:28:03.460Z,DrALJONES,interview already scenario u lose control war iran weak party capability create much long mayhem envision u amp israel political scientist valid nash,https://mastodon.social/@DrALJONES/116189776016441477,General Conflict,Neutral,interview already scenario u lose control war iran weak party capability create much long mayhem envision u amp israel political scientist valid nash,neutral,negative,neutral,neutral,negative,-0.3333333333333333,0.3333333333333333
30,2026-03-07T20:27:09.912Z,DrALJONES,imperial blow backing churchill amp u counterpart launch coup democratically elect prime minister iran mohammad diego nationalizing oil industry usu regime overthrown iranian revolution one main reason people give revolution overthrow diego george mon,https://mastodon.social/@DrALJONES/116189772507226392,General Conflict,Neutral,imperial blow backing churchill amp u counterpart launch coup democratically elect prime minister iran mohammad diego nationalizing oil industry usu regime overthrown iranian revolution one main reason people give revolution overthrow diego george mon,neutral,negative,neutral,neutral,negative,-1.0,1.0
31,2026-03-07T20:25:59.582Z,DrALJONES,report classify u document say iran war unlikely topple regime document late february doubt iran opposition would take power follow either short extend u military campaign document come national intelligence council compose veteran analyst produce classified assessment meant represent collective wisdom washington intelligence agency,https://mastodon.social/@DrALJONES/116189767896667061,General Conflict,Neutral,report classify u document say iran war unlikely topple regime document late february doubt iran opposition would take power follow either short extend u military campaign document come national intelligence council compose veteran analyst produce classify assessment meant represent collective wisdom washington intelligence agency,neutral,neutral,neutral,neutral,negative,-0.14285714285714285,0.14285714285714285
32,2026-03-07T19:59:28.000Z,OldSquida2,final near strait hormuz girl school bomb leave child dead yet american can not name town happen much less name single one girls modern war depend hierarchy grief training people treat foreign child abstraction number unfortunate incident deny obscure investigated leisure fact matter child kill classroom kill violence make possible materially politically american power,https://kolektiva.social/@OldSquida2/116189663616168995,General Conflict,Neutral,final near strait hormuz girl school bomb leave child dead yet american can not name town happen much less name single one girls modern war depend hierarchy grief training people treat foreign child abstraction number unfortunate incident deny obscure investigated leisure fact matter child kill classroom kill violence make possible materially politically american power,negative,negative,negative,negative,negative,-0.7777777777777778,0.7777777777777778
33,2026-03-07T19:55:03.000Z,fogolf,trump look turn attention western hemisphere least moment americas summit,https://vive.im/@fogolf/116189646244530462,General Conflict,Neutral,trump look turn attention western hemisphere least moment americas summit,neutral,neutral,neutral,neutral,positive,1.0,1.0
35,2026-03-07T19:37:12.000Z,AntiracistHippie,verdant square radio playing lemon drop live trump distraction,https://heads.social/@AntiracistHippie/116189576066677524,General Conflict,Neutral,verdant square radio playing lemon drop live trump distraction,neutral,neutral,neutral,neutral,negative,-0.3333333333333333,0.3333333333333333
36,2026-03-07T19:12:36.000Z,CharlieMcHenry,operation epstein distraction trump bloody iran hype video seem target niche audience,https://connectop.us/@CharlieMcHenry/116189479353663140,General Conflict,Neutral,operation epstein distraction trump bloody iran hype video seem target niche audience,neutral,negative,neutral,neutral,negative,-0.5,0.5
37,2026-03-07T19:11:06.893Z,miki_lou,policy choice market force war halfway around world explain spike price lead unnecessary economy wide high interest rate,https://mastodon.social/@miki_lou/116189473464819404,General Conflict,Neutral,policy choice market force war halfway around world explain spike price lead unnecessary economy wide high interest rate,neutral,negative,neutral,neutral,neutral,0.0,1.0
38,2026-03-07T18:58:14.608Z,VerdantSquareRadio,play lemon drop live trump distraction,https://mastodon.social/@VerdantSquareRadio/116189422851976027,General Conflict,Neutral,play lemon drop live trump distraction,neutral,neutral,neutral,neutral,negative,-0.3333333333333333,0.3333333333333333
39,2026-03-07T18:53:45.020Z,DebErupts,jarrod age executive director trump national energy dominance council lay bare real motive behind illegal iran war fox business naked grab iran oil reserve long term game age say want get massive oil reserve iran hand terrorist trump peace strength code imperialist resource grab dress antiterrorism,https://mastodon.social/@DebErupts/116189405182746617,General Conflict,Pro-Iran,jarrod age executive director trump national energy dominance council lay bare real motive behind illegal iran war fox business naked grab iran oil reserve long term game age say want get massive oil reserve iran hand terrorist trump peace strength code imperialist resource grab dress antiterrorism,negative,negative,negative,negative,positive,0.2,0.2
40,2026-03-07T18:39:59.000Z,BruceMirken,morning cost trump insane pass billion,https://mas.to/@BruceMirken/116189351073391006,General Conflict,Anti-Iran,morning cost trump insane pas billion,negative,negative,neutral,negative,neutral,0.0,1.0
42,2026-03-07T18:16:39.000Z,goku12,imagine superpower pick fight theocratic regime half way across world good reason proudly declare victory theocracy go rampage pull entire neighbourhood war block strategic shipping channel amp cause severe oil supply shock hit forget top strategic oil reserve enter war person face palm war amp,https://fosstodon.org/@goku12/116189259334577085,General Conflict,Anti-Iran,imagine superpower pick fight theocratic regime half way across world good reason proudly declare victory theocracy go rampage pull entire neighbourhood war block strategic shipping channel amp cause severe oil supply shock hit forget top strategic oil reserve enter war person face palm war amp,negative,negative,negative,negative,neutral,0.0,1.0
44,2026-03-07T18:00:17.000Z,newsbeep,oil gas price rapidly rise iran war show sign let new yorknbspnbspthe price oil surge high show sign halt rapid climb week,https://newsbeep.org/@newsbeep/116189194982537944,General Conflict,Neutral,oil gas price rapidly rise iran war show sign let new yorknbspnbspthe price oil surge high show sign halt rapid climb week,neutral,negative,negative,negative,positive,1.0,1.0
45,2026-03-07T17:59:52.000Z,ScottLucas,national intelligence council u war unlikely topple regime analyst conclude regime would respond kill supreme leader protocol design preserve continuity power prospect iran opposition take control country describe unlikely,https://journa.host/@ScottLucas/116189193367808914,General Conflict,Neutral,national intelligence council u war unlikely topple regime analyst conclude regime would respond kill supreme leader protocol design preserve continuity power prospect iran opposition take control country describe unlikely,neutral,neutral,neutral,neutral,negative,-0.25,0.25
46,2026-03-07T17:58:56.000Z,Bland,great power spillover iran war implication china russia turkey europe washington institute,https://mstdn.plus/@Bland/116189189650784758,General Conflict,Neutral,great power spillover iran war implication china russia turkey europe washington institute,neutral,neutral,neutral,neutral,neutral,0.0,1.0
47,2026-03-07T17:51:29.340Z,The_Whore_of_Blahbylon,blah nylon music selection culture club war song,https://mastodon.social/@The_Whore_of_Blahbylon/116189160363201382,General Conflict,Neutral,blah nylon music selection culture club war song,neutral,neutral,neutral,neutral,negative,-1.0,1.0
48,2026-03-07T17:48:29.486Z,The_Whore_of_Blahbylon,get good torpedo must pesos u government willing fire,https://mastodon.social/@The_Whore_of_Blahbylon/116189148564444443,General Conflict,Pro-Iran,get good torpedo must pesos u government willing fire,neutral,negative,neutral,neutral,positive,1.0,1.0
50,2026-03-07T17:47:24.000Z,SusiArnott,thoughtful piece spread collateral damage,https://mastodon.green/@SusiArnott/116189144295591418,General Conflict,Neutral,thoughtful piece spread collateral damage,negative,neutral,neutral,neutral,neutral,0.0,1.0
51,2026-03-07T17:46:06.657Z,madeindex.bsky.social,go frequent protest make wonder liberal today ill share photo burn dumpster damage leave group people censor political graffiti think important people understand please share,https://fed.brid.gy/r/https://bsky.app/profile/did:plc:uwwgrkvjnchuagflu3qzjp5d/post/3mgiezcepk22z,Protest/Activism,Neutral,go frequent protest make wonder liberal today ill share photo burn dumpster damage leave group people censor political graffiti think important people understand please share,neutral,negative,negative,negative,negative,-0.2,0.2
52,2026-03-07T17:41:32.114Z,markhughes,puzzled people bic news editor expect stop hitting country allow u launch illegal attack take apology attack country use u sure case u join illegal war allow u attack iran base,https://mastodon.social/@markhughes/116189121223393078,Military Action,Pro-Iran,puzzled people bic news editor expect stop hitting country allow u launch illegal attack take apology attack country use u sure case u join illegal war allow u attack iran base,negative,negative,neutral,negative,negative,-1.0,1.0
53,2026-03-07T17:39:18.662Z,madeindex,case wonder like amp regularly launch missile amp drone strike lot oil infrastructure region may seem way film post illegal people arrest go frequent protest make wonder liberal today ill share photo burn dumpster damage leave group people censor political graffiti,https://mastodon.social/@madeindex/116189112477902493,Protest/Activism,Anti-Iran,case wonder like amp regularly launch missile amp drone strike lot oil infrastructure region may seem way film post illegal people arrest go frequent protest make wonder liberal today ill share photo burn dumpster damage leave group people censor political graffiti,neutral,negative,neutral,neutral,negative,-0.25,0.25
54,2026-03-07T17:38:40.000Z,ScottLucas,president mohamed bin payed issue point warn retaliatory strike thick skin bitter flesh easy prey carry duty towards country people resident also part family,https://journa.host/@ScottLucas/116189109966287021,General Conflict,Neutral,president mohamed bin payed issue point warn retaliatory strike thick skin bitter flesh easy prey carry duty towards country people resident also part family,neutral,negative,neutral,neutral,negative,-0.6,0.6
55,2026-03-07T17:38:23.217Z,The_Whore_of_Blahbylon,comedy write folk,https://mastodon.social/@The_Whore_of_Blahbylon/116189108842441226,General Conflict,Neutral,comedy write folk,neutral,neutral,neutral,neutral,neutral,0.0,0.0
56,2026-03-07T17:36:40.042Z,arniedxer.bsky.social,still tvs use radio garda iran international still divert one u even though long air roll floor laughing,https://fed.brid.gy/r/https://bsky.app/profile/did:plc:gzdjt2bb6zkdknijroh6tm6i/post/3mgieifyzkk2a,General Conflict,Neutral,still tvs use radio garda iran international still divert one u even though long air roll floor laugh,neutral,neutral,neutral,neutral,neutral,0.0,0.0
57,2026-03-07T17:35:49.628Z,The_Whore_of_Blahbylon,knew trump psychic sure hears time one psych ism like,https://mastodon.social/@The_Whore_of_Blahbylon/116189098778328647,General Conflict,Neutral,knew trump psychic sure hears time one psych ism like,neutral,neutral,neutral,neutral,positive,1.0,1.0
58,2026-03-07T17:30:22.000Z,david,age well tot knopf,https://fouroclockfarms.club/@david/116189077348276844,General Conflict,Anti-Iran,age well tot knopf,neutral,neutral,neutral,neutral,positive,1.0,1.0
59,2026-03-07T17:24:57.000Z,egberto,bomb health trump iran attack highlight americas war spending crisis trump iran bomb highlight harsh reality trillion war american tell healthcare childcare family leave unaffordable,https://egbertowillies.com/2026/03/07/bombs-over-healthcare-trumps-iran-attack-highlights-americas-war-spending-crisis/,Military Action,Neutral,bomb health trump iran attack highlight americas war spending crisis trump iran bomb highlight harsh reality trillion war american tell healthcare childcare family leave unaffordable,negative,negative,negative,negative,negative,-0.5,0.5
60,2026-03-07T17:24:27.727Z,islamjamal,stood rubble home place shelter u hold dream today memory sorrow remain still cling hope try start anew whoever help u even share story please do hesitate broken heart fold hand,https://mastodon.social/@islamjamal/116189054087630438,General Conflict,Neutral,stood rubble home place shelter u hold dream today memory sorrow remain still cling hope try start anew whoever help u even share story please do hesitate break heart fold hand,negative,negative,negative,negative,negative,-1.0,1.0
61,2026-03-07T17:23:54.825Z,tuckfrump,another u army hero arrest disrupt senate hearing protest epstein distraction war iran,https://mastodon.social/@tuckfrump/116189051932868434,Protest/Activism,Pro-Iran,another u army hero arrest disrupt senate hearing protest epstein distraction war iran,negative,negative,negative,negative,negative,-0.5,0.5
62,2026-03-07T17:21:37.000Z,oliver,well everyone must able contribute something daddy weird plan strength inherit,https://metalized.net/@oliver/116189042904243964,General Conflict,Neutral,well everyone must able contribute something daddy weird plan strength inherit,neutral,neutral,neutral,neutral,neutral,0.0,1.0
63,2026-03-07T17:20:16.000Z,ClimateJenny,exactly love wonder earth would want part war way country treat question get answer easily u medium sphere quirky little network real actual kurd grateful last refuge truthful communication internet,https://biodiversity.social/@ClimateJenny/116189037652737221,General Conflict,Neutral,exactly love wonder earth would want part war way country treat question get answer easily u medium sphere quirky little network real actual kurd grateful last refuge truthful communication internet,neutral,positive,neutral,neutral,positive,1.0,1.0
64,2026-03-07T16:51:53.628Z,rameshgupta,arrow get live perfectly capture essence whole bunch american news way back beau coup de touch que parent fort per de tote que pendent,https://mastodon.social/@rameshgupta/116188926025767905,General Conflict,Neutral,arrow get live perfectly capture essence whole bunch american news way back beau coup de touch que parent fort per de tote que pendent,neutral,neutral,neutral,neutral,positive,1.0,1.0
65,2026-03-07T16:51:26.533Z,DrALJONES,interview huge amount global oil amp gas pass strait hormuz particularly europe already start affect oil price alistair brooke unpacks flaw assumption u war iran would pan iran military strategy first exhaust israeli al interceptor war affect global resource flow economy amp much,https://mastodon.social/@DrALJONES/116188924249644523,General Conflict,Pro-Iran,interview huge amount global oil amp gas pas strait hormuz particularly europe already start affect oil price alistair brooke unpacks flaw assumption u war iran would pan iran military strategy first exhaust israeli al interceptor war affect global resource flow economy amp much,neutral,negative,neutral,neutral,negative,-1.0,1.0
66,2026-03-07T16:46:38.805Z,theseeduneed,report world stage,https://mastodon.social/@theseeduneed/116188905393360868,General Conflict,Neutral,report world stage,neutral,neutral,neutral,neutral,neutral,0.0,0.0
67,2026-03-07T16:44:37.000Z,lostgen,hear bomber think defensive,https://det.social/@lostgen/116188897413887883,General Conflict,Pro-Iran,hear bomber think defensive,neutral,neutral,neutral,neutral,negative,-1.0,1.0
68,2026-03-07T16:44:06.118Z,arniedxer.bsky.social,khz bic emergency service farsi change freq back originally list still via woofer united kingdom signal massive poland,https://fed.brid.gy/r/https://bsky.app/profile/did:plc:gzdjt2bb6zkdknijroh6tm6i/post/3mgibkg6vnk2t,General Conflict,Neutral,khz bic emergency service farsi change freq back originally list still via woofer united kingdom signal massive poland,neutral,neutral,neutral,neutral,negative,-1.0,1.0
69,2026-03-07T16:41:37.000Z,ArthurZork,also coalition organization continue protest trump across u want exercise constitutional right person safety please carefully read preparation advice state local organizer trump goon arrest assault gas amp shoot innocent protestors worth consider safe way show support like donate org volunteer,https://mstdn.party/@ArthurZork/116188885618065592,Protest/Activism,Pro-Iran,also coalition organization continue protest trump across u want exercise constitutional right person safety please carefully read preparation advice state local organizer trump goon arrest assault gas amp shoot innocent protestors worth consider safe way show support like donate org volunteer,neutral,negative,negative,negative,positive,0.4,0.4
70,2026-03-07T15:43:39.000Z,metro.co.uk,influence strand due iran war refuse fly economy class,https://fed.brid.gy/r/https://metro.co.uk/2026/03/07/influencer-stranded-due-iran-war-refuses-fly-economy-class-27283751/,General Conflict,Neutral,influence strand due iran war refuse fly economy class,neutral,negative,neutral,neutral,negative,-1.0,1.0
72,2026-03-07T16:29:02.000Z,mmm,everybody u pay dollar gallon gas trump want u stop talk raped year old,https://mastodon.sdf.org/@mmm/116188836192880231,General Conflict,Neutral,everybody u pay dollar gallon gas trump want u stop talk rap year old,negative,negative,error,negative,positive,1.0,1.0
73,2026-03-07T16:27:25.517Z,Lazarou,defensive action lie look paper thin another labours illegal war drag nation epstein class,https://mastodon.social/@Lazarou/116188829810681943,General Conflict,Anti-Iran,defensive action lie look paper thin another labours illegal war drag nation epstein class,negative,negative,neutral,negative,negative,-1.0,1.0
74,2026-03-07T16:22:51.000Z,cbarbermd,new classify u intel report complete war warn even large scale attack topple iran regime analyst say internal force iran powerful enough challenge regime remain grip power yet trump say want good leader people think would good job bend knee trump would go everything stand one expert say,https://med-mastodon.com/@cbarbermd/116188811822818021,Military Action,Neutral,new classify u intel report complete war warn even large scale attack topple iran regime analyst say internal force iran powerful enough challenge regime remain grip power yet trump say want good leader people think would good job bend knee trump would go everything stand one expert say,neutral,negative,neutral,neutral,positive,0.5,0.5
75,2026-03-07T16:20:17.000Z,newsbeep,oil gas price surge iran war expand new york price oil surge high show sign halt rapid news,https://newsbeep.org/@newsbeep/116188801742756005,General Conflict,Neutral,oil gas price surge iran war expand new york price oil surge high show sign halt rapid news,neutral,negative,negative,negative,positive,1.0,1.0
76,2026-03-07T16:10:54.000Z,ArthurZork,also several petition demand congress end trump sign help pressure elect official right thing,https://mstdn.party/@ArthurZork/116188764815307016,General Conflict,Pro-Iran,also several petition demand congress end trump sign help pressure elect official right thing,neutral,neutral,neutral,neutral,positive,1.0,1.0
77,2026-03-07T16:07:44.404Z,hbrpgm,fog war first casualty,https://peer.adalta.social/w/jB36sBY8oGeEN6SVWuWsfN,General Conflict,Neutral,fog war first casualty,negative,neutral,neutral,neutral,negative,-1.0,1.0
78,2026-03-07T16:05:28.000Z,ScottLucas,pakistan evaluate possible de escalation u war express caution lack success difference israeli aim fact iran nuclear program military economic consequence spread,https://journa.host/@ScottLucas/116188743487721086,General Conflict,Neutral,pakistan evaluate possible de escalation u war express caution lack success difference israeli aim fact iran nuclear program military economic consequence spread,neutral,neutral,neutral,neutral,neutral,0.0,1.0
79,2026-03-07T16:04:20.000Z,ArthurZork,congress provide website find contact information elect official enter address use let know support trump illegal keep vote end,https://mstdn.party/@ArthurZork/116188738969345758,General Conflict,Anti-Iran,congress provide website find contact information elect official enter address use let know support trump illegal keep vote end,neutral,negative,neutral,neutral,positive,0.3333333333333333,0.3333333333333333
80,2026-03-07T16:00:26.000Z,whatyoumissed,spencer kim report global trade face disruption iran war halt tanker traffic strait hormuz trump administration announce billion reinsurance program restart oil movement click understand impact critical move,https://mastodon.vtip.me/@whatyoumissed/116188723704606663,General Conflict,Neutral,spencer kim report global trade face disruption iran war halt tanker traffic strait hormuz trump administration announce billion reinsurance program restart oil movement click understand impact critical move,neutral,neutral,neutral,neutral,negative,-0.3333333333333333,0.3333333333333333
81,2026-03-07T15:58:55.000Z,AntiracistHippie,verdant square radio play coffee klatch robert reich kama bell,https://heads.social/@AntiracistHippie/116188717762670859,General Conflict,Neutral,verdant square radio play coffee klatch robert reich kama bell,neutral,neutral,neutral,neutral,neutral,0.0,0.0
82,2026-03-07T15:55:15.000Z,KimPerales,quiet escalation police car light reportedly give iran real time intel u warships need decisive victory escalate broken heart need casualty dramatically change escalation dynamic amp come next realist long warn police car light great power rarely stay neutral rival pressure support begin quietly police car light conflict widener page,https://toad.social/@KimPerales/116188703296235576,Protest/Activism,Anti-Iran,quiet escalation police car light reportedly give iran real time intel u warship need decisive victory escalate break heart need casualty dramatically change escalation dynamic amp come next realist long warn police car light great power rarely stay neutral rival pressure support begin quietly police car light conflict widener page,neutral,negative,neutral,neutral,positive,0.45454545454545453,0.45454545454545453
83,2026-03-07T15:53:46.000Z,Jazone,corporate medium mention u ally mind immediately go last year u u corporate attempt way u citizens buy corporate medium nonsense anymore,https://theforkiverse.com/@Jazone/116188697487906860,General Conflict,Anti-Iran,corporate medium mention u ally mind immediately go last year u u corporate attempt way u citizen buy corporate medium nonsense anymore,negative,negative,neutral,negative,negative,-1.0,1.0
85,2026-03-07T15:47:45.085Z,DrALJONES,report classify u document say iran war unlikely topple regime document late february doubt iran opposition would take power follow either short extend u military campaign document come national intelligence council compose veteran analyst produce classified assessment meant represent collective wisdom washington intelligence agency,https://mastodon.social/@DrALJONES/116188673807499715,General Conflict,Neutral,report classify u document say iran war unlikely topple regime document late february doubt iran opposition would take power follow either short extend u military campaign document come national intelligence council compose veteran analyst produce classify assessment meant represent collective wisdom washington intelligence agency,neutral,neutral,neutral,neutral,negative,-0.14285714285714285,0.14285714285714285
86,2026-03-07T15:41:37.000Z,KimPerales,trump police car light police car light police car light week energy economic crisis reg instability hotel american attack use bahrain iraq flight cancel impact since kill iran amp incl country regime escalate collapsingdemandingpolice car light unconditional surrender great rhetoric bad strategy wei police car light help lock german elites behind hitler instead split away page,https://toad.social/@KimPerales/116188649707234368,Protest/Activism,Anti-Iran,trump police car light police car light police car light week energy economic crisis reg instability hotel american attack use bahrain iraq flight cancel impact since kill iran amp incl country regime escalate collapsingdemandingpolice car light unconditional surrender great rhetoric bad strategy wei police car light help lock german elites behind hitler instead split away page,neutral,negative,neutral,neutral,negative,-0.45454545454545453,0.45454545454545453
87,2026-03-07T15:40:37.000Z,garylerude,another insightful conversation u war iran david tom nichols advocate u war iraq nichols professor emeritus national security u naval war college note u lack strategy war whats objective motivate military strike yet,https://mindly.social/@garylerude/116188645766053536,General Conflict,Neutral,another insightful conversation u war iran david tom nichols advocate u war iraq nichols professor emeritus national security u naval war college note u lack strategy war whats objective motivate military strike yet,neutral,neutral,negative,neutral,neutral,0.0,1.0
88,2026-03-07T15:40:01.819Z,TrueSignalMedia,first day iran war missile strike girl elementary school final three time kill girl age u investigator say likely american munition school open show satellite imagery school since u target list february seven day later public answer full investigation link,https://mastodon.social/@TrueSignalMedia/116188643446723507,Military Action,Neutral,first day iran war missile strike girl elementary school final three time kill girl age u investigator say likely american munition school open show satellite imagery school since u target list february seven day later public answer full investigation link,negative,negative,negative,negative,negative,-1.0,1.0
89,2026-03-07T15:29:28.000Z,everton137,point iranian freedom american freedom change religion lunatic power poor people,https://social.vivaldi.net/@everton137/116188601920477541,General Conflict,Anti-Iran,point iranian freedom american freedom change religion lunatic power poor people,negative,negative,negative,negative,neutral,0.0,1.0
90,2026-03-07T15:27:07.000Z,garylerude,michael gold arb offer thoughtful insightful discussion u iranian war journalist author beirut native kim ghat say iran regime aim survive believe outlast donald trump attention span commitment go back carter iran outline cover every u president,https://mindly.social/@garylerude/116188592710543070,General Conflict,Neutral,michael gold arb offer thoughtful insightful discussion u iranian war journalist author beirut native kim ghat say iran regime aim survive believe outlast donald trump attention span commitment go back carter iran outline cover every u president,neutral,neutral,neutral,neutral,positive,1.0,1.0
91,2026-03-07T15:23:49.584Z,DrALJONES,interview huge amount global oil amp gas pass strait hormuz particularly europe already start affect oil price alistair brooke unpacks flaw assumption u war iran would pan iran military strategy first exhaust israeli al interceptor war affect global resource flow economy amp much,https://mastodon.social/@DrALJONES/116188579728339719,General Conflict,Pro-Iran,interview huge amount global oil amp gas pas strait hormuz particularly europe already start affect oil price alistair brooke unpacks flaw assumption u war iran would pan iran military strategy first exhaust israeli al interceptor war affect global resource flow economy amp much,neutral,negative,neutral,neutral,negative,-1.0,1.0
92,2026-03-07T15:18:54.000Z,Jazone,white house wage online propaganda campaign aggressive tasteless video seemingly design young right american men,https://theforkiverse.com/@Jazone/116188560370474447,General Conflict,Anti-Iran,white house wage online propaganda campaign aggressive tasteless video seemingly design young right american men,negative,negative,negative,negative,negative,-0.3333333333333333,0.3333333333333333
93,2026-03-07T15:17:23.573Z,tuckfrump,white house block release information increase risk terrorist attack u soil donald trump white house block top u intelligence agency warn law enforcement across country rise threat homeland tie war iran daily mail reveal,https://mastodon.social/@tuckfrump/116188554432824459,Military Action,Anti-Iran,white house block release information increase risk terrorist attack u soil donald trump white house block top u intelligence agency warn law enforcement across country rise threat homeland tie war iran daily mail reveal,negative,negative,negative,negative,neutral,0.0,1.0
94,2026-03-07T15:11:46.000Z,reazonozaer,ruby israel make u story serve several purpose none honest deflects accountability administration order strike feed narrative u helplessness superpower supposedly drag war much small ally insult intelligence anyone pay attention recycles reactionary framework idea disproportionate israeli influence u foreign policy let washington hook question control answer look money weapon chain command,https://social.vivaldi.net/@reazonozaer/116188532372065022,General Conflict,Neutral,ruby israel make u story serve several purpose none honest deflects accountability administration order strike fee narrative u helplessness superpower supposedly drag war much small ally insult intelligence anyone pay attention recycle reactionary framework idea disproportionate israeli influence u foreign policy let washington hook question control answer look money weapon chain command,negative,negative,negative,negative,negative,-0.7777777777777778,0.7777777777777778
96,2026-03-07T14:56:33.000Z,yogthos,here question go unasked dumb ass nation commit genocide overthrow nation resist america justify anything iran destroy exist white people figure yet many war name much genocide shame little gain bad guy,https://social.marxist.network/@yogthos/116188472481646991,General Conflict,Pro-Iran,here question go unasked dumb as nation commit genocide overthrow nation resist america justify anything iran destroy exist white people figure yet many war name much genocide shame little gain bad guy,negative,negative,negative,negative,negative,-0.7647058823529411,0.7647058823529411
97,2026-03-07T14:54:12.000Z,KimPerales,military advisor police car light warn trump conflict sen graham travel see time recent week mtg mem intel agency police car light coach lobby trump action show intel persuade trump talk tomb aware police car light liken cdr hitler weak po remind trump effort assai moment make hustler resp carnage amp economic fallout double exclamation mark,https://toad.social/@KimPerales/116188463275869317,Protest/Activism,Anti-Iran,military advisor police car light warn trump conflict sen graham travel see time recent week mtg mem intel agency police car light coach lobby trump action show intel persuade trump talk tomb aware police car light liken cdr hitler weak po remind trump effort assai moment make hustler resp carnage amp economic fallout double exclamation mark,neutral,negative,negative,negative,negative,-0.1111111111111111,0.1111111111111111
98,2026-03-07T14:51:01.952Z,DrALJONES,report u investigator say u military probably carry double tap strike kill mostly young girl iranian elementary school double tap strike kill one group wait medic amp civilian teacher parent neighbours etc arrive order kill well,https://mastodon.social/@DrALJONES/116188450779733380,Military Action,Pro-Iran,report u investigator say u military probably carry double tap strike kill mostly young girl iranian elementary school double tap strike kill one group wait medic amp civilian teacher parent neighbour etc arrive order kill well,negative,negative,negative,negative,negative,-0.6666666666666666,0.6666666666666666
99,2026-03-07T14:46:57.000Z,SueInRockville,go warren davidson amp thomas massive vote resolution dino must replace along horrendous turncoat amp liar john letterman vote jared golden greg landsman juan vargas henry cellar,https://mstdn.social/@SueInRockville/116188434790303369,General Conflict,Anti-Iran,go warren davidson amp thomas massive vote resolution dino must replace along horrendous turncoat amp liar john letterman vote jar golden greg landsman juan vargas henry cellar,negative,negative,negative,negative,negative,-0.3333333333333333,0.3333333333333333
100,2026-03-07T14:44:53.268Z,DrALJONES,imperial blow backing churchill amp u counterpart launch coup democratically elect prime minister iran mohammad diego nationalizing oil industry usu regime overthrown iranian revolution one main reason people give revolution overthrow diego george mon,https://mastodon.social/@DrALJONES/116188426617599104,General Conflict,Neutral,imperial blow backing churchill amp u counterpart launch coup democratically elect prime minister iran mohammad diego nationalizing oil industry usu regime overthrown iranian revolution one main reason people give revolution overthrow diego george mon,neutral,negative,neutral,neutral,negative,-1.0,1.0
101,2026-03-07T14:44:35.000Z,Jazone,iran reject trumps demand unconditional surrender dream aloud pee skin issue rare apology neighbour gulf state iranian strike war enters eighth day,https://theforkiverse.com/@Jazone/116188425462464063,General Conflict,Neutral,iran reject trump demand unconditional surrender dream aloud pee skin issue rare apology neighbour gulf state iranian strike war enters eighth day,negative,negative,negative,negative,negative,-0.3333333333333333,0.3333333333333333
102,2026-03-07T14:43:47.119Z,arniedxer.bsky.social,update many freq hear spot iranian bubble hammer amp khz note bubble hammer always freq iran far slightly beat many freq free,https://fed.brid.gy/r/https://bsky.app/profile/did:plc:gzdjt2bb6zkdknijroh6tm6i/post/3mgi2tbmixk2t,General Conflict,Neutral,update many freq hear spot iranian bubble hammer amp khz note bubble hammer always freq iran far slightly beat many freq free,neutral,neutral,neutral,neutral,positive,1.0,1.0
103,2026-03-07T14:37:11.000Z,SueInRockville,trump vance rubin seth patel amp top fail u think bully iranians ont send son finish politician status soldier must see amp share best explanation really happen,https://mstdn.social/@SueInRockville/116188396378119651,General Conflict,Pro-Iran,trump vance rubin seth patel amp top fail u think bully iranian ont send son finish politician status soldier must see amp share best explanation really happen,neutral,negative,neutral,neutral,positive,0.2,0.2
104,2026-03-07T14:35:00.000Z,zombywoof,war int tonight tomorrow late piece concrete evidence amongst thousand trump full shit,https://mastodon.org.uk/@zombywoof/116188387780928614,General Conflict,Neutral,war int tonight tomorrow late piece concrete evidence amongst thousand trump full shit,negative,negative,negative,negative,neutral,0.0,1.0
105,2026-03-07T14:22:40.000Z,zombywoof,accord trump amp u win accord u mainstream jury still accord independent source amp european amp middle eastern news far amp true well look ten hundred billion dollar,https://mastodon.org.uk/@zombywoof/116188339266497472,General Conflict,Neutral,accord trump amp u win accord u mainstream jury still accord independent source amp european amp middle eastern news far amp true well look ten hundred billion dollar,neutral,neutral,neutral,neutral,positive,1.0,1.0
106,2026-03-07T14:22:10.000Z,Worlddefensereport,saudi count embattle pakistan help stop iranian attack,https://mstdn.social/@Worlddefensereport/116188337300447307,Military Action,Anti-Iran,saudi count embattle pakistan help stop iranian attack,neutral,neutral,neutral,neutral,negative,-1.0,1.0
107,2026-03-07T14:13:50.940Z,VerdantSquareRadio,play coffee klatch robert reich kama bell,https://mastodon.social/@VerdantSquareRadio/116188304568114344,General Conflict,Neutral,play coffee klatch robert reich kama bell,neutral,neutral,neutral,neutral,neutral,0.0,0.0
108,2026-03-07T14:04:05.000Z,Worlddefensereport,u special force kurdish militant prepare ground incursion iran report least nine maj commando ii aircraft u special operation command arrive u,https://mstdn.social/@Worlddefensereport/116188266173331980,General Conflict,Neutral,u special force kurdish militant prepare ground incursion iran report least nine maj commando ii aircraft u special operation command arrive u,neutral,neutral,neutral,neutral,neutral,0.0,0.0
109,2026-03-07T13:58:49.000Z,zombywoof,right arrow america pedro,https://mastodon.org.uk/@zombywoof/116188245482850181,General Conflict,Neutral,right arrow america pedro,neutral,neutral,neutral,neutral,positive,1.0,1.0
110,2026-03-07T13:57:55.000Z,BethGMS,ten year ago use call tinfoil hat theory even sound bit much post national consolidating resource prepare abandon general populace thing like economic collapse climate disaster war possibly yesterday analysis,https://newsie.social/@BethGMS/116188241944951955,General Conflict,Neutral,ten year ago use call tinfoil hat theory even sound bit much post national consolidate resource prepare abandon general populace thing like economic collapse climate disaster war possibly yesterday analysis,neutral,negative,neutral,neutral,negative,-0.3333333333333333,0.3333333333333333
111,2026-03-07T13:55:44.806Z,DrALJONES,interview already scenario u lose control war iran weak party capability create much long mayhem envision u amp israel political scientist valid nash,https://mastodon.social/@DrALJONES/116188233385029168,General Conflict,Neutral,interview already scenario u lose control war iran weak party capability create much long mayhem envision u amp israel political scientist valid nash,neutral,negative,neutral,neutral,negative,-0.3333333333333333,0.3333333333333333
112,2026-03-07T13:53:31.039Z,DrALJONES,analysis iranian revolutionary guard revert guerrilla root amp operate something like cell structure iran fight techno guerrilla war u amp israel fight conventional quite apart failure war tactic kill civilian leader war crime amp unprecedented modern warfare even putin teen key,https://mastodon.social/@DrALJONES/116188224620141828,General Conflict,Pro-Iran,analysis iranian revolutionary guard revert guerrilla root amp operate something like cell structure iran fight techno guerrilla war u amp israel fight conventional quite apart failure war tactic kill civilian leader war crime amp unprecedented modern warfare even putin teen key,neutral,negative,neutral,neutral,negative,-0.14285714285714285,0.14285714285714285
113,2026-03-07T13:50:44.417Z,DrALJONES,report u investigator say u military probably carry double tap strike kill mostly young girl iranian elementary school double tap strike kill one group wait medic amp civilian arrive order kill well,https://mastodon.social/@DrALJONES/116188213699880639,Military Action,Pro-Iran,report u investigator say u military probably carry double tap strike kill mostly young girl iranian elementary school double tap strike kill one group wait medic amp civilian arrive order kill well,negative,negative,negative,negative,negative,-0.6666666666666666,0.6666666666666666
114,2026-03-07T13:49:04.000Z,Akshay,white house go full paul even notorious hollywood heart war aggression video get click account one tasteless video edit another ever since,https://eupolicy.social/@Akshay/116188207139593650,General Conflict,Neutral,white house go full paul even notorious hollywood heart war aggression video get click account one tasteless video edit another ever since,negative,negative,neutral,negative,negative,-1.0,1.0
116,2026-03-07T13:40:16.000Z,newsbeep,war toll far iran military leadership cairo u israel strike much wider array target iran,https://newsbeep.org/@newsbeep/116188172559936427,Protest/Activism,Neutral,war toll far iran military leadership cairo u israel strike much wide array target iran,neutral,negative,negative,negative,negative,-1.0,1.0
117,2026-03-07T13:39:27.000Z,blechterror,dear mag at happy see felon don trump epstein war skyrocket beloved car gas price sport utility vehicle fuel pump chart decrease chart increase roll floor laughing,https://mastodon.de/@blechterror/116188169337011482,General Conflict,Neutral,dear mag at happy see felon don trump epstein war skyrocket beloved car gas price sport utility vehicle fuel pump chart decrease chart increase roll floor laugh,neutral,negative,neutral,neutral,negative,-0.2,0.2
118,2026-03-07T13:33:59.000Z,ScottLucas,discussion alongside gen sud dakar see prof saran sing highlight admin rejection mediation seek return u talk question plan regime capitulation,https://journa.host/@ScottLucas/116188147836173594,General Conflict,Neutral,discussion alongside gen sud dakar see prof saran sing highlight admin rejection mediation seek return u talk question plan regime capitulation,neutral,negative,neutral,neutral,negative,-1.0,1.0
119,2026-03-07T13:31:36.000Z,ScottLucas,international medium u expand war end,https://journa.host/@ScottLucas/116188138466644158,General Conflict,Neutral,international medium u expand war end,neutral,neutral,neutral,neutral,neutral,0.0,0.0
120,2026-03-07T13:20:12.000Z,ScottLucas,analysis threaten next war current white house social medias insult troll lie challenge spring race gulf u govt bash fund issue era stream van,https://journa.host/@ScottLucas/116188093631556026,General Conflict,Neutral,analysis threaten next war current white house social medias insult troll lie challenge spring race gulf u govt bash fund issue era stream van,negative,negative,neutral,negative,negative,-1.0,1.0
121,2026-03-07T13:18:24.000Z,ScottLucas,time radio week review threat u gulf dilemma u late anti asylum blast future scott lucas mann,https://journa.host/@ScottLucas/116188086544618016,General Conflict,Neutral,time radio week review threat u gulf dilemma u late anti asylum blast future scott lucas mann,neutral,neutral,neutral,neutral,negative,-1.0,1.0
123,2026-03-07T13:15:37.000Z,yogthos,donald trump decision refill strategic petroleum reserve drain predecessor joe biden leave consumer expose oil price shock follow u israeli attack iran grin squint face,https://social.marxist.network/@yogthos/116188075627462165,Military Action,Neutral,donald trump decision refill strategic petroleum reserve drain predecessor joe biden leave consumer expose oil price shock follow u israeli attack iran grin squint face,neutral,negative,negative,negative,negative,-0.2,0.2
124,2026-03-07T13:12:10.438Z,RonSupportsYou,ask social write president say ware donald trumps defense know lie often time often,https://mastodon.social/@RonSupportsYou/116188062051773130,General Conflict,Neutral,ask social write president say ware donald trump defense know lie often time often,negative,negative,negative,negative,neutral,0.0,1.0
126,2026-03-07T13:08:15.782Z,RonSupportsYou,nicholas kris write pres trump prime minister benjamin tanya israel architect war seem afflict arrogance power president first task make u safe instead seem trump catapult u unnecessary conflict consume american iranian life alike cost billion dollar damage economy propel u peril,https://mastodon.social/@RonSupportsYou/116188046673652572,General Conflict,Neutral,nicholas kris write pres trump prime minister benjamin tanya israel architect war seem afflict arrogance power president first task make u safe instead seem trump catapult u unnecessary conflict consume american iranian life alike cost billion dollar damage economy propel u peril,negative,negative,negative,negative,negative,-0.3333333333333333,0.3333333333333333
128,2026-03-07T13:02:42.395Z,rvps2001,ukraine ukrainian manufacturer cheap interceptor drone design knock enemy unmanned aerial vehicle say capacity export large volume amid enquiry united state middle east prompted war,https://mastodon.social/@rvps2001/116188024824622765,Military Action,Neutral,ukraine ukrainian manufacturer cheap interceptor drone design knock enemy unmanned aerial vehicle say capacity export large volume amid enquiry united state middle east prompt war,neutral,neutral,neutral,neutral,negative,-0.5,0.5
129,2026-03-07T13:00:14.275Z,publicnewsfeed,israel fire broad scale strike tehran war hit second week israel announce new wave broad scale strike tehran saturday escalate war middle east enter second week oil price surge fear global supply disruption,https://mastodon.social/@publicnewsfeed/116188015117314179,General Conflict,Neutral,israel fire broad scale strike tehran war hit second week israel announce new wave broad scale strike tehran saturday escalate war middle east enter second week oil price surge fear global supply disruption,neutral,negative,negative,negative,negative,-1.0,1.0
130,2026-03-07T12:58:54.050Z,DrALJONES,interview iran military prowess amp america amp israel impulsive imperial hubris display detail analysis u go war iran military strategy u amp israeli goal amp flaw assumption effect war global resource flow huge amount global oil amp gas pass strait hormuz particularly europe already start affect oil price alistair brooke,https://mastodon.social/@DrALJONES/116188009858370805,General Conflict,Pro-Iran,interview iran military prowess amp america amp israel impulsive imperial hubris display detail analysis u go war iran military strategy u amp israeli goal amp flaw assumption effect war global resource flow huge amount global oil amp gas pas strait hormuz particularly europe already start affect oil price alistair brooke,neutral,negative,neutral,neutral,negative,-0.5,0.5
131,2026-03-07T12:54:14.000Z,BrianJopek,hope kevin sarcastic otherwise hes simply another manga dip shit,https://mastodon.world/@BrianJopek/116187991557396929,General Conflict,Neutral,hope kevin sarcastic otherwise hes simply another manga dip shit,negative,negative,negative,negative,negative,-1.0,1.0
132,2026-03-07T12:49:07.000Z,ScottLucas,defense force repeat warn civilian southern evacuate also demand evacuation southern suburb estimate lebanese civilian flee home,https://journa.host/@ScottLucas/116187971397226742,General Conflict,Neutral,defense force repeat warn civilian southern evacuate also demand evacuation southern suburb estimate lebanese civilian flee home,neutral,neutral,neutral,neutral,negative,-1.0,1.0
133,2026-03-07T12:47:38.000Z,BrianJopek,go awkward cant wait late update new ballroom hope hear drape selection jim wright,https://mastodon.world/@BrianJopek/116187965576143074,General Conflict,Neutral,go awkward cant wait late update new ballroom hope hear drape selection jim wright,neutral,positive,neutral,neutral,negative,-1.0,1.0
134,2026-03-07T12:40:14.000Z,newsbeep,late israel hammer beirut tehran iran fire missiles israel gulf rank president reject demand united state unconditional surrender saturday apologize,https://newsbeep.org/@newsbeep/116187936520805718,Military Action,Neutral,late israel hammer beirut tehran iran fire missile israel gulf rank president reject demand united state unconditional surrender saturday apologize,negative,negative,negative,negative,negative,-0.3333333333333333,0.3333333333333333
135,2026-03-07T12:30:47.000Z,ScottLucas,defense force special force carry raid southern locate remain col ron arad whose plane go bomb mission witness say lebanese kill israeli land helicopter town nazi chit eastern begin valley,https://journa.host/@ScottLucas/116187899328399753,General Conflict,Neutral,defense force special force carry raid southern locate remain col ron arad whose plane go bomb mission witness say lebanese kill israeli land helicopter town nazi chit eastern begin valley,neutral,neutral,neutral,neutral,negative,-1.0,1.0
136,2026-03-07T12:29:30.000Z,yogthos,unsanctioned tanker blacklist handle iranian liquefy petroleum gas cross strait hormuz friday one handful vessel make waterway recent day,https://social.marxist.network/@yogthos/116187894303898413,General Conflict,Neutral,unsanctioned tanker blacklist handle iranian liquefy petroleum gas cross strait hormuz friday one handful vessel make waterway recent day,neutral,neutral,neutral,neutral,neutral,0.0,0.0
137,2026-03-07T12:24:47.000Z,ScottLucas,minister seek end conflict could bring economy world gulf energy exporter shut production price oil rise barrel even war end take qatar week month return normal cycle delivery,https://journa.host/@ScottLucas/116187875760846526,General Conflict,Neutral,minister seek end conflict could bring economy world gulf energy exporter shut production price oil rise barrel even war end take qatar week month return normal cycle delivery,neutral,neutral,neutral,neutral,negative,-1.0,1.0
138,2026-03-07T12:24:51.122Z,MarketForcesA,iran conflict could pose additional challenge emerge market sovereign channel energy import remittance fiscal subsidy exchange rate access international finance,https://mastodon.social/@MarketForcesA/116187875973888673,General Conflict,Neutral,iran conflict could pose additional challenge emerge market sovereign channel energy import remittance fiscal subsidy exchange rate access international finance,neutral,negative,neutral,neutral,negative,-1.0,1.0
143,2026-03-07T11:22:05.000Z,ai6yr,hmm hope flight path spoof real thing real flight barometric altitude signal loss edge iran airspace guess ill go look overnight news look like miss data plane land dub crazy crazy descent pattern,https://m.ai6yr.org/@ai6yr/116187629166301622,General Conflict,Neutral,hmm hope flight path spoof real thing real flight barometric altitude signal loss edge iran airspace guess ill go look overnight news look like miss data plane land dub crazy crazy descent pattern,neutral,neutral,neutral,neutral,negative,-0.6,0.6
144,2026-03-07T11:20:31.173Z,knowprose,must saturday cheerful news,https://mastodon.social/@knowprose/116187623007050659,Military Action,Neutral,must saturday cheerful news,positive,positive,positive,positive,positive,1.0,1.0
145,2026-03-07T11:17:36.776Z,arniedxer.bsky.social,sat mar weird cant find iranian bubble hammer face open mouth iran international radio garda unnamed garda barely audible do see carrier either sig daytime game,https://fed.brid.gy/r/https://bsky.app/profile/did:plc:gzdjt2bb6zkdknijroh6tm6i/post/3mghpcmdlus2t,General Conflict,Neutral,sat mar weird cant find iranian bubble hammer face open mouth iran international radio garda unnamed garda barely audible do see carrier either sig daytime game,neutral,neutral,neutral,neutral,negative,-1.0,1.0
146,2026-03-07T11:00:18.935Z,publicnewsfeed,iran president apologize neighbour defy u demand rank president apologize attack regional country keep criticism america comment come iranian missile drone continue fly toward israel gulf arab state late,https://mastodon.social/@publicnewsfeed/116187543562677111,Military Action,Neutral,iran president apologize neighbour defy u demand rank president apologize attack regional country keep criticism america comment come iranian missile drone continue fly toward israel gulf arab state late,neutral,neutral,neutral,neutral,negative,-1.0,1.0
147,2026-03-07T10:54:44.995Z,DrALJONES,interview americas war great israel ruin rabbi unpacks explosive new document expose israel systematic ethnic cleanse trump top diplomacy moment negotiation gain traction whether tehran bomb gulf state strategic miscalculation israel unending quest security fuel decade expansion war amp regional upheaval,https://mastodon.social/@DrALJONES/116187521676480869,General Conflict,Pro-Iran,interview americas war great israel ruin rabbi unpacks explosive new document expose israel systematic ethnic cleanse trump top diplomacy moment negotiation gain traction whether tehran bomb gulf state strategic miscalculation israel unending quest security fuel decade expansion war amp regional upheaval,neutral,negative,negative,negative,neutral,0.0,1.0
148,2026-03-07T10:51:08.000Z,ScottLucas,analysis gain lose change govt leg deal invasion corruption effect u war,https://journa.host/@ScottLucas/116187507512560628,General Conflict,Neutral,analysis gain lose change govt leg deal invasion corruption effect u war,neutral,neutral,neutral,neutral,negative,-0.3333333333333333,0.3333333333333333
149,2026-03-07T10:44:20.000Z,Rania,mania gaza palestinian territory mother four child husband daughter injured income live hard condition link hope please donate share kindness help u survive folded hand broken heart,https://freesewing.social/@Rania/116187480759364484,General Conflict,Neutral,mania gaza palestinian territory mother four child husband daughter injured income live hard condition link hope please donate share kindness help u survive folded hand broken heart,negative,negative,negative,negative,negative,-0.5,0.5
150,2026-03-07T09:09:04.000Z,metro.co.uk,donald trump hammer iran big bomb yet demand unconditional surrender,https://fed.brid.gy/r/https://metro.co.uk/2026/03/07/donald-trump-hammers-iran-biggest-bombing-yet-demanding-unconditional-surrender-27277608/,General Conflict,Neutral,donald trump hammer iran big bomb yet demand unconditional surrender,negative,negative,negative,negative,neutral,0.0,1.0
151,2026-03-07T10:31:18.498Z,publicnewsfeed,iran vow surrender strike hit tehran airport follow live update iran president ma oud pee skin say country surrender israel united state war enters second week,https://mastodon.social/@publicnewsfeed/116187429502261572,General Conflict,Neutral,iran vow surrender strike hit tehran airport follow live update iran president ma oud pee skin say country surrender israel united state war enters second week,negative,negative,negative,negative,negative,-1.0,1.0
152,2026-03-07T10:29:51.261Z,theurbanherald,ask chat gemini claude likely global war iran conflict full breakdown backhand index point,https://mastodon.social/@theurbanherald/116187423785319204,General Conflict,Neutral,ask chat gemini claude likely global war iran conflict full breakdown backhand index point,neutral,neutral,neutral,neutral,negative,-1.0,1.0
153,2026-03-07T10:25:55.000Z,ScottLucas,rise kill airstrikes nazi chit begin valley eastern,https://journa.host/@ScottLucas/116187408303300780,General Conflict,Neutral,rise kill airstrikes nazi chit begin valley eastern,negative,negative,negative,negative,negative,-1.0,1.0
154,2026-03-07T10:01:12.000Z,kentishfran,trump want iranian rise take back country bomb kill regime change extermination,https://mastodonapp.uk/@kentishfran/116187311143947719,General Conflict,Anti-Iran,trump want iranian rise take back country bomb kill regime change extermination,negative,negative,negative,negative,negative,-0.5,0.5
155,2026-03-07T10:00:17.000Z,newsbeep,u send anti drone system mideast successful use ukraine official satan american anti drone system proven work russian drop airport time army time defense news marine pastimes military time navy time drone der time,https://newsbeep.org/@newsbeep/116187307524538959,Military Action,Neutral,u send anti drone system mideast successful use ukraine official satan american anti drone system proven work russian drop airport time army time defense news marine pastime military time navy time drone der time,neutral,neutral,neutral,neutral,positive,1.0,1.0
156,2026-03-07T10:00:17.633Z,publicnewsfeed,iran war enters second week trump demand unconditional surrender war iran enter second week amid renewed uncertainty hostility end,https://mastodon.social/@publicnewsfeed/116187307539471848,General Conflict,Neutral,iran war enters second week trump demand unconditional surrender war iran enter second week amid renewed uncertainty hostility end,negative,negative,negative,negative,positive,0.2,0.2
158,2026-03-07T09:41:26.000Z,liztai,love post iran chinese social medium either straight fact post remind u humanity ground see fear monger gloat like see english social medium surprise israeli propaganda straight israeli embassy china people comment literally tell scram bugger whole easy get news update conflict igbo fee clean list update do wade racist bigoted hat fill awfulness get update xiaoping political fill beautiful video chinese people visit iran post comment common theme wish peaceful iran war english social medium violent racist bigoted do know part believe due strict moderation chinese social medium nirvana mind people allow incite violence hatred also nature feel chinese people prefer harmony conflict naturally averse wasp believe u bomb playground hate child much post translate english google translate theory do,https://hachyderm.io/@liztai/116187233400091349,Protest/Activism,Pro-Iran,love post iran chinese social medium either straight fact post remind u humanity ground see fear monger gloat like see english social medium surprise israeli propaganda straight israeli embassy china people comment literally tell scram bugger whole easy get news update conflict igbo fee clean list update do wade racist bigoted hat fill awfulness get update xiaoping political fill beautiful video chinese people visit iran post comment common theme wish peaceful iran war english social medium violent racist bigoted do know part believe due strict moderation chinese social medium nirvana mind people allow incite violence hatred also nature feel chinese people prefer harmony conflict naturally averse wasp believe u bomb playground hate child much post translate english google translate theory do,neutral,neutral,neutral,neutral,negative,-0.2727272727272727,0.2727272727272727
159,2026-03-07T09:40:10.000Z,i47i,trump privately show serious interest u grind troop range president private comment focus large scale ground invasion iran rather idea small contingent u troop would use specific strategic purpose source say,https://hachyderm.io/@i47i/116187228412929090,General Conflict,Neutral,trump privately show serious interest u grind troop range president private comment focus large scale ground invasion iran rather idea small contingent u troop would use specific strategic purpose source say,neutral,neutral,neutral,neutral,neutral,0.0,1.0
160,2026-03-07T09:39:13.000Z,Sage7225,failure u iran war parallel failure u vietnam war,https://mas.to/@Sage7225/116187224677152342,General Conflict,Pro-Iran,failure u iran war parallel failure u vietnam war,negative,negative,negative,negative,negative,-1.0,1.0
161,2026-03-07T09:38:45.000Z,MichalKubal,michael tubal czechia repeat button president issue video message main point reject unconditional surrender united state apologize neighbour country target iranian attack say attack carry independently regional commander removal senior leadership state since yesterday likely friday temporary leadership council order halt attack neighbour country unless territory use attack iran warn regional group play hand united state attack iran likely refer kurdish arm group,https://zpravobot.news/@MichalKubal/116187222876267074,Military Action,Neutral,michael tubal czechia repeat button president issue video message main point reject unconditional surrender united state apologize neighbour country target iranian attack say attack carry independently regional commander removal senior leadership state since yesterday likely friday temporary leadership council order halt attack neighbour country unless territory use attack iran warn regional group play hand unite state attack iran likely refer kurdish arm group,neutral,neutral,neutral,neutral,negative,-0.7777777777777778,0.7777777777777778
162,2026-03-07T09:17:35.038Z,TreeStarMan,say care whether leader democratically elect fact happy democratically elect leader want select leader he think carefully roll floor laugh roll floor laugh roll floor laughing,https://mastodon.social/@TreeStarMan/116187139600668444,General Conflict,Anti-Iran,say care whether leader democratically elect fact happy democratically elect leader want select leader he think carefully roll floor laugh roll floor laugh roll floor laugh,neutral,negative,neutral,neutral,positive,1.0,1.0
163,2026-03-07T09:09:56.570Z,six_grandfathers_mountain,lack plan affect economy maybe meeting mar top leader room show fear martyr strategy hurt people vote manga nov know trump would break negotiation two main u negotiator amateurs real estate billionaire trump nyx friend trump sony law,https://mastodon.social/@six_grandfathers_mountain/116187109559956706,General Conflict,Neutral,lack plan affect economy maybe meeting mar top leader room show fear martyr strategy hurt people vote manga nov know trump would break negotiation two main u negotiator amateur real estate billionaire trump nyx friend trump sony law,neutral,negative,neutral,neutral,negative,-0.1111111111111111,0.1111111111111111
164,2026-03-07T09:02:49.320Z,TheDailyPerspective,iran apology gulf state mask hard line surrender,https://mastodon.social/@TheDailyPerspective/116187081554612135,General Conflict,Anti-Iran,iran apology gulf state mask hard line surrender,negative,negative,negative,negative,negative,-1.0,1.0
165,2026-03-07T09:00:20.000Z,ScottLucas,admin dismisses report russia provide intel target u military personnel press secretary levitt whether happen frankly really matter stupid question ask time,https://journa.host/@ScottLucas/116187071783632775,General Conflict,Neutral,admin dismisses report russia provide intel target u military personnel press secretary levitt whether happen frankly really matter stupid question ask time,negative,negative,neutral,negative,negative,-1.0,1.0
166,2026-03-07T09:00:20.000Z,newsbeep,visual misinformation iran war fuel state actor attack spread bomb iran u israeli force video circulate widely,https://newsbeep.org/@newsbeep/116187071794306161,Military Action,Neutral,visual misinformation iran war fuel state actor attack spread bomb iran u israeli force video circulate widely,neutral,negative,negative,negative,negative,-1.0,1.0
167,2026-03-07T08:48:04.475Z,DrALJONES,analysis israel plan war iran year combine effort allow u hop achieve year crush regime terror completely promise amp go happen tanya year year proclaim last opportunity stop mad mullah obtain bomb bomb never materialise jonathan cook,https://mastodon.social/@DrALJONES/116187023570732394,General Conflict,Neutral,analysis israel plan war iran year combine effort allow u hop achieve year crush regime terror completely promise amp go happen tanya year year proclaim last opportunity stop mad mullah obtain bomb bomb never materialise jonathan cook,neutral,negative,negative,negative,negative,-0.6666666666666666,0.6666666666666666
169,2026-03-07T08:42:22.972Z,ranx,agree make total sense almost go heaven,https://mastodon.social/@ranx/116187001190268356,General Conflict,Neutral,agree make total sense almost go heaven,positive,positive,neutral,positive,positive,1.0,1.0
170,2026-03-07T07:53:50.000Z,metro.co.uk,airline ground dubai flight british expat fight leave region,https://fed.brid.gy/r/https://metro.co.uk/2026/03/07/airline-grounds-dubai-flights-british-expats-fight-leave-region-27276640/,General Conflict,Neutral,airline ground dubai flight british expat fight leave region,neutral,neutral,neutral,neutral,neutral,0.0,0.0
171,2026-03-07T08:39:02.000Z,welkin7,possible make marking flag stuff fly high proof actually,https://mstdn.party/@welkin7/116186988002628019,General Conflict,Neutral,possible make marking flag stuff fly high proof actually,neutral,neutral,neutral,neutral,neutral,0.0,0.0
172,2026-03-07T08:35:16.000Z,DespotOCosmos,politics girl short war iran go believe correct disappoint u congress vote stop insanity,https://mastodon.world/@DespotOCosmos/116186973270150388,General Conflict,Anti-Iran,politics girl short war iran go believe correct disappoint u congress vote stop insanity,negative,negative,negative,negative,negative,-0.3333333333333333,0.3333333333333333
173,2026-03-07T08:04:25.000Z,ScottLucas,health ministry people kill wounded strike baalbek district eastern overnight,https://journa.host/@ScottLucas/116186851901861198,General Conflict,Neutral,health ministry people kill wound strike baalbek district eastern overnight,negative,negative,neutral,negative,negative,-1.0,1.0
174,2026-03-07T07:58:21.000Z,ScottLucas,defense minister retaliation action undermine regional security stability hope iranian side exercise wisdom avoid miscalculation,https://journa.host/@ScottLucas/116186828105264480,General Conflict,Neutral,defense minister retaliation action undermine regional security stability hope iranian side exercise wisdom avoid miscalculation,neutral,negative,neutral,neutral,neutral,0.0,1.0
175,2026-03-07T07:53:17.000Z,ScottLucas,president pee skin respond demand social medium unconditional surrender demand dream take grave apologizes iran attack gulf state continue saturday morning,https://journa.host/@ScottLucas/116186808151364537,Military Action,Neutral,president pee skin respond demand social medium unconditional surrender demand dream take grave apologizes iran attack gulf state continue saturday morning,neutral,negative,neutral,neutral,negative,-0.3333333333333333,0.3333333333333333
176,2026-03-07T07:44:01.000Z,ScottLucas,top world back scott lucas sasha far bach,https://journa.host/@ScottLucas/116186771686164026,General Conflict,Neutral,top world back scott lucas sasha far bach,neutral,neutral,neutral,neutral,positive,1.0,1.0
177,2026-03-07T07:40:09.000Z,newsbeep,pentagon acknowledges tough quest counter iranian drone trump administration airport time army time defense news marine pastimes military time navy time time,https://newsbeep.org/@newsbeep/116186756524342574,Military Action,Neutral,pentagon acknowledges tough quest counter iranian drone trump administration airport time army time defense news marine pastime military time navy time time,neutral,neutral,neutral,neutral,positive,1.0,1.0
178,2026-03-07T07:35:51.000Z,Jazone,u israeli airstrikes far fail destroy iran military command control network accord u source insider foreign office believe regime command structure weaken remain intact despite kill supreme leader ali karen saturday,https://theforkiverse.com/@Jazone/116186739594761294,General Conflict,Neutral,u israeli airstrikes far fail destroy iran military command control network accord u source insider foreign office believe regime command structure weaken remain intact despite kill supreme leader ali karen saturday,neutral,negative,neutral,neutral,negative,-0.6,0.6
179,2026-03-07T07:30:44.597Z,arniedxer.bsky.social,addition broadcast already place kit cha anywhere tack era,https://fed.brid.gy/r/https://bsky.app/profile/did:plc:gzdjt2bb6zkdknijroh6tm6i/post/3mghcmwr4522t,General Conflict,Neutral,addition broadcast already place kit cha anywhere tack era,neutral,neutral,neutral,neutral,neutral,0.0,0.0
180,2026-03-07T07:30:44.596Z,arniedxer.bsky.social,twenty webster chat share schedule yesterday expansion radio garda via site put din kit kuwait put put kit kit kit kit,https://bsky.brid.gy/r/https://bsky.app/profile/did:plc:gzdjt2bb6zkdknijroh6tm6i/post/3mghcmwqvcc2t,General Conflict,Neutral,twenty webster chat share schedule yesterday expansion radio garda via site put din kit kuwait put put kit kit kit kit,neutral,neutral,neutral,neutral,negative,-1.0,1.0
182,2026-03-07T07:25:29.413Z,Iwpost,missile gulf could dim light dhaka,https://mastodon.social/@Iwpost/116186698835331715,Military Action,Neutral,missile gulf could dim light dhaka,neutral,negative,neutral,neutral,negative,-1.0,1.0
183,2026-03-07T07:11:49.000Z,oswaldosrm,ballistic missile hit air base strike u antsy radar thad missile system,https://hachyderm.io/@oswaldosrm/116186645133641993,Military Action,Neutral,ballistic missile hit air base strike u antsy radar thad missile system,neutral,negative,negative,negative,negative,-1.0,1.0
184,2026-03-07T07:09:49.000Z,oswaldosrm,people uprising government war,https://hachyderm.io/@oswaldosrm/116186637213748257,General Conflict,Neutral,people uprising government war,negative,negative,negative,negative,negative,-1.0,1.0
185,2026-03-07T07:07:27.357Z,ChrisHolladay,somehow do think u troop survive iran remember iran iraq war remember mass casualty iran make russian human wave infantry attack look like circus die thousand take one u infantry company trump seriously fuck time time severe rec year old iraqi kid fresh boot fight israel year hezbollah friends one win,https://mastodon.social/@ChrisHolladay/116186627922140606,Military Action,Neutral,somehow do think u troop survive iran remember iran iraq war remember mass casualty iran make russian human wave infantry attack look like circus die thousand take one u infantry company trump seriously fuck time time severe rec year old iraqi kid fresh boot fight israel year hezbollah friends one win,negative,negative,negative,negative,negative,-0.1111111111111111,0.1111111111111111
186,2026-03-07T07:07:13.290Z,BikingViking,pete hag seth need prison war crime,https://mastodon.social/@BikingViking/116186627000696733,General Conflict,Pro-Iran,pete hag seth need prison war crime,negative,negative,negative,negative,negative,-1.0,1.0
187,2026-03-07T07:06:51.231Z,28loki.bsky.social,pete hag seth need prison war crime,https://fed.brid.gy/r/https://bsky.app/profile/did:plc:x5xjckbbqlqcp7h2rign7d7c/post/3mghbc7s2s22t,General Conflict,Pro-Iran,pete hag seth need prison war crime,negative,negative,negative,negative,negative,-1.0,1.0
188,2026-03-07T07:00:16.000Z,newsbeep,ceasefire agenda ceasefire iranian agenda right ceasefire may come imposed cost,https://newsbeep.org/@newsbeep/116186599714307102,General Conflict,Neutral,ceasefire agenda ceasefire iranian agenda right ceasefire may come impose cost,neutral,negative,neutral,neutral,neutral,0.0,1.0
189,2026-03-07T07:00:11.000Z,newsbeep,late israel hammer beirut tehran iran attack israeli target gulf country say intercept ballistic missile drone saturday iran launch another wave mideast war uranus late,https://newsbeep.org/@newsbeep/116186599331015198,Military Action,Neutral,late israel hammer beirut tehran iran attack israeli target gulf country say intercept ballistic missile drone saturday iran launch another wave mideast war uranus late,neutral,negative,negative,negative,negative,-1.0,1.0
190,2026-03-07T06:55:40.781Z,DrALJONES,interview trump clear plan iran u official resignation exactly warn ala charr tit ludicrous expect american people believe iran would attack u preemptively middle negotiation contradictory message trumpet al show little really think go war jasmine elgar al,https://mastodon.social/@DrALJONES/116186581615235120,Military Action,Neutral,interview trump clear plan iran u official resignation exactly warn ala charr tit ludicrous expect american people believe iran would attack u preemptively middle negotiation contradictory message trumpet al show little really think go war jasmine elgar al,neutral,negative,neutral,neutral,negative,-0.14285714285714285,0.14285714285714285
191,2026-03-07T06:40:11.000Z,newsbeep,law investigation find u likely behind iranian school massacre investigator reportedly believe american force behind bomb iranian girl school kill,https://newsbeep.org/@newsbeep/116186520730518148,General Conflict,Anti-Iran,law investigation find u likely behind iranian school massacre investigator reportedly believe american force behind bomb iranian girl school kill,negative,negative,negative,negative,negative,-1.0,1.0
192,2026-03-07T06:00:00.000Z,metro.co.uk,timeline destruction middle east one week since first iran strike,https://fed.brid.gy/r/https://metro.co.uk/2026/03/07/timeline-destruction-middle-east-one-week-since-first-iran-strikes-27259074/,General Conflict,Neutral,timeline destruction middle east one week since first iran strike,neutral,negative,neutral,neutral,negative,-1.0,1.0
193,2026-03-07T06:23:50.634Z,the_wub,well know still alive old day would thank usually male deity give u another day thankful one another male demagogue press big red button night rather insignificant grey lever small purple switch junior family member decide call,https://mastodon.social/@the_wub/116186456432813919,General Conflict,Neutral,well know still alive old day would thank usually male deity give u another day thankful one another male demagogue press big red button night rather insignificant grey lever small purple switch junior family member decide call,neutral,neutral,neutral,neutral,positive,0.5,0.5
194,2026-03-07T06:17:02.962Z,JNSLCT,prof prof think live ruth bench iran strongman record timothy snyder live video ruth ben ghat,https://mastodon.social/@JNSLCT/116186429715667056,General Conflict,Neutral,prof prof think live ruth bench iran strongman record timothy snyder live video ruth ben ghat,neutral,neutral,neutral,neutral,neutral,0.0,0.0
195,2026-03-07T05:22:40.000Z,CharlieMcHenry,trump real plan iran might come view article thursday phone interview axis trump say involve appointment new supreme leader iran like delay rodriguez venezuela leave aside naive notion iran anything like venezuela remark splash several gallon cold water anyone democratic protester iranian military renegade kurdish militiaman anyone might think heed trump call join war hop reshape iran afterwards trump view one take charge see domination reward violently oust old leader war iran trump war tantalus even thousand way million people pay price,https://connectop.us/@CharlieMcHenry/116186215905119010,Protest/Activism,Anti-Iran,trump real plan iran might come view article thursday phone interview axis trump say involve appointment new supreme leader iran like delay rodriguez venezuela leave aside naive notion iran anything like venezuela remark splash several gallon cold water anyone democratic protester iranian military renegade kurdish militiaman anyone might think heed trump call join war hop reshape iran afterwards trump view one take charge see domination reward violently oust old leader war iran trump war tantalus even thousand way million people pay price,neutral,negative,negative,negative,positive,0.38461538461538464,0.38461538461538464
196,2026-03-07T05:16:48.000Z,ai6yr,ad receiver push kind crap either jam deliberately spoof probably jam someone gas jammer throw position significantly,https://m.ai6yr.org/@ai6yr/116186192815265330,General Conflict,Neutral,ad receiver push kind crap either jam deliberately spoof probably jam someone gas jammer throw position significantly,negative,negative,neutral,negative,negative,-1.0,1.0
197,2026-03-07T05:14:01.000Z,ai6yr,rerouted dec instead dub next airport dubai definitely must issue etc go watch night interest hope civilian fatality fiasco,https://m.ai6yr.org/@ai6yr/116186181887806824,General Conflict,Neutral,rerouted dec instead dub next airport dubai definitely must issue etc go watch night interest hope civilian fatality fiasco,neutral,negative,neutral,neutral,negative,-1.0,1.0
198,2026-03-07T05:13:02.000Z,PrivacyDigest,firm pause reveal iran attack u base one world lead commercial satellite image company say friday placing hold release imagery part regional enters second week,https://mas.to/@PrivacyDigest/116186178015372170,Military Action,Neutral,firm pause reveal iran attack u base one world lead commercial satellite image company say friday placing hold release imagery part regional enters second week,neutral,neutral,neutral,neutral,neutral,0.0,1.0
199,2026-03-07T05:09:57.000Z,CharlieMcHenry,privately show serious interest u grind troop iran double exclamation mar angry toddler tantrum go cost u live billion dollar could far well spent home fighting israel war never direct threat u expert agree chaos monkey consider boot ground iran big western europe start look like quagmire like many ill conceive military adventure,https://connectop.us/@CharlieMcHenry/116186165871404394,General Conflict,Pro-Iran,privately show serious interest u grind troop iran double exclamation mar angry toddler tantrum go cost u live billion dollar could far well spent home fight israel war never direct threat u expert agree chaos monkey consider boot ground iran big western europe start look like quagmire like many ill conceive military adventure,negative,negative,negative,negative,neutral,0.0,1.0
200,2026-03-07T05:08:14.000Z,ai6yr,use seem make new plan people run around circle look like packed stack circle,https://m.ai6yr.org/@ai6yr/116186159144206987,General Conflict,Neutral,use seem make new plan people run around circle look like packed stack circle,neutral,neutral,neutral,neutral,positive,1.0,1.0
201,2026-03-07T05:01:40.000Z,ai6yr,plane look hop plane longer visible see land position could gas jamming land turned ad either bad stuff happen anyway land airport attack bueno,https://m.ai6yr.org/@ai6yr/116186133356522774,Military Action,Neutral,plane look hop plane longer visible see land position could gas jam land turn ad either bad stuff happen anyway land airport attack bueno,neutral,negative,neutral,neutral,negative,-1.0,1.0
202,2026-03-07T04:59:39.000Z,ai6yr,look fun reportedly debris issue dub,https://m.ai6yr.org/@ai6yr/116186125430579724,General Conflict,Neutral,look fun reportedly debris issue dub,neutral,neutral,neutral,neutral,neutral,0.0,1.0
203,2026-03-07T04:57:21.350Z,503bartley.bsky.social,mad atomic archive stolen israel show iran already perfect multi point detonation system neutron initiator amp high voltage fire equipment require make bomb decade ago endtropysubstackcompoperation epic folly fury,https://fed.brid.gy/r/https://bsky.app/profile/did:plc:vifu7hoyrb3baqyl4lv5mzxs/post/3mgh22nu2gc27,General Conflict,Anti-Iran,mad atomic archive steal israel show iran already perfect multi point detonation system neutron initiator amp high voltage fire equipment require make bomb decade ago endtropysubstackcompoperation epic folly fury,negative,negative,negative,negative,negative,-0.6,0.6
204,2026-03-07T04:54:11.481Z,503bartley.bsky.social,wise well thought deep analysis foundation amp implication foolish war iran endtropysubstackcompoperation epic folly fury,https://fed.brid.gy/r/https://bsky.app/profile/did:plc:vifu7hoyrb3baqyl4lv5mzxs/post/3mggzuyrqhc27,General Conflict,Anti-Iran,wise well thought deep analysis foundation amp implication foolish war iran endtropysubstackcompoperation epic folly fury,negative,negative,neutral,negative,negative,-0.2,0.2
205,2026-03-07T04:49:26.000Z,abumarkey,surge generate photo videos iran war careful watch,https://masto.ai/@abumarkey/116186085256359906,General Conflict,Neutral,surge generate photo video iran war careful watch,neutral,neutral,neutral,neutral,neutral,0.0,0.0
206,2026-03-07T04:44:18.000Z,geliga,bubble look set burst sooner expect heavily fund middle eastern money country look limit withdraw funding maintain stability amid regional war,https://mastodon.world/@geliga/116186065017385104,General Conflict,Neutral,bubble look set burst sooner expect heavily fund middle eastern money country look limit withdraw funding maintain stability amid regional war,negative,negative,neutral,negative,neutral,0.0,1.0
207,2026-03-07T04:40:11.000Z,newsbeep,iran strike gulf energy site rattle market raise recession fear u israeli military buildup precede war erupt one week ago iran continuously warn world,https://newsbeep.org/@newsbeep/116186048849659937,General Conflict,Neutral,iran strike gulf energy site rattle market raise recession fear u israeli military buildup precede war erupt one week ago iran continuously warn world,negative,negative,negative,negative,negative,-1.0,1.0
208,2026-03-07T03:53:06.000Z,BruceMirken,never get use u secretary defense talk war like he year old beat big brother video game,https://mas.to/@BruceMirken/116185863711539712,General Conflict,Neutral,never get use u secretary defense talk war like he year old beat big brother video game,negative,negative,negative,negative,positive,1.0,1.0
209,2026-03-07T03:48:06.000Z,everton137,bad could generalize war middle east start far right leadership u israel become look good,https://social.vivaldi.net/@everton137/116185844051901680,General Conflict,Pro-Iran,bad could generalize war middle east start far right leadership u israel become look good,negative,negative,negative,negative,positive,0.3333333333333333,0.3333333333333333
210,2026-03-07T03:25:13.681Z,DrALJONES,report u investigator say u military probably carry double tap strike kill mostly young girl iranian elementary school double tap strike kill one group wait medic amp civilian arrive order kill well,https://mastodon.social/@DrALJONES/116185754086562817,Military Action,Pro-Iran,report u investigator say u military probably carry double tap strike kill mostly young girl iranian elementary school double tap strike kill one group wait medic amp civilian arrive order kill well,negative,negative,negative,negative,negative,-0.6666666666666666,0.6666666666666666
211,2026-03-07T03:04:04.000Z,Rania,agency love kinda broken heart please help get clothes bring little joy heart three year deprive happiness support donation mean much u fold hand sparkle,https://freesewing.social/@Rania/116185670935693051,General Conflict,Neutral,agency love kinda broken heart please help get clothes bring little joy heart three year deprive happiness support donation mean much u fold hand sparkle,negative,positive,neutral,negative,positive,0.42857142857142855,0.42857142857142855
212,2026-03-07T03:03:00.727Z,TheDailyPerspective,trump unconditional surrender demand maximalist war aim practical strategy,https://mastodon.social/@TheDailyPerspective/116185666729964353,General Conflict,Neutral,trump unconditional surrender demand maximalist war aim practical strategy,neutral,neutral,negative,neutral,positive,0.3333333333333333,0.3333333333333333
213,2026-03-07T02:39:51.000Z,drahardja,republican illegal war fuck coward u senate reject war power bill would halt attack iran,https://sfba.social/@drahardja/116185575681394636,Military Action,Pro-Iran,republican illegal war fuck coward u senate reject war power bill would halt attack iran,negative,negative,negative,negative,negative,-1.0,1.0
214,2026-03-07T02:28:55.709Z,esraa_ii,heart heavy sorrow kindness bring u comfort broken heart pensive face desperate situation implore please help u support could change everything together save family people hug folded hand please help fold hand lead face urgently need fee family goal,https://mastodon.social/@esraa_ii/116185532705907509,General Conflict,Neutral,heart heavy sorrow kindness bring u comfort broken heart pensive face desperate situation implore please help u support could change everything together save family people hug fold hand please help fold hand lead face urgently need fee family goal,negative,negative,negative,negative,positive,0.25,0.25
215,2026-03-07T01:53:01.923Z,jeanpocket.bsky.social,blue heart united state,https://fed.brid.gy/r/https://bsky.app/profile/did:plc:3qv57fe6mq5cyvm4yge7draf/post/3mggpr2r4qk2t,General Conflict,Neutral,blue heart unite state,neutral,neutral,neutral,neutral,neutral,0.0,0.0
216,2026-03-07T01:49:01.000Z,bsmall2,iranian revolutionary guard corps revert guerrilla root operate something like cell structure report iran suggest kill ayatollah ali karen establish three four layer command major institution one layer kill israeli bombardment one beneath activates,https://fedibird.com/@bsmall2/116185375777898225,Military Action,Neutral,iranian revolutionary guard corp revert guerrilla root operate something like cell structure report iran suggest kill ayatollah ali karen establish three four layer command major institution one layer kill israeli bombardment one beneath activates,neutral,neutral,negative,neutral,negative,-0.3333333333333333,0.3333333333333333
217,2026-03-07T01:26:36.000Z,camille,people think conscientious objection fact sheet resource right hotline military discharge military counselling,https://social.praxis.nyc/@camille/116185287651688465,General Conflict,Neutral,people think conscientious objection fact sheet resource right hotline military discharge military counselling,neutral,neutral,neutral,neutral,positive,0.3333333333333333,0.3333333333333333
218,2026-03-07T01:22:03.349Z,rameshgupta,arrow sen uncover connection mention others strike target trump aggression nowhere find file trump might try distract u epstein speech whitehorse put focus back scandal well russia,https://mastodon.social/@rameshgupta/116185269753718216,General Conflict,Neutral,arrow sen uncover connection mention others strike target trump aggression nowhere find file trump might try distract u epstein speech whitehorse put focus back scandal well russia,neutral,negative,neutral,neutral,negative,-0.5,0.5
219,2026-03-07T01:13:19.136Z,DrALJONES,analysis iranian revolutionary guard revert guerrilla root amp operate something like cell structure iran fight techno guerrilla war u amp israel fight conventional quite apart failure tactic killing civilian leader war crime amp unprecedented modern warfare even putin,https://mastodon.social/@DrALJONES/116185235395528904,General Conflict,Pro-Iran,analysis iranian revolutionary guard revert guerrilla root amp operate something like cell structure iran fight techno guerrilla war u amp israel fight conventional quite apart failure tactic killing civilian leader war crime amp unprecedented modern warfare even putin,neutral,negative,negative,negative,negative,-0.14285714285714285,0.14285714285714285
220,2026-03-07T01:11:21.577Z,DrALJONES,interview already scenario u lose control war iran weak party capability create much long mayhem envision u amp israel political scientist valid nash,https://mastodon.social/@DrALJONES/116185227694665204,General Conflict,Neutral,interview already scenario u lose control war iran weak party capability create much long mayhem envision u amp israel political scientist valid nash,neutral,negative,neutral,neutral,negative,-0.3333333333333333,0.3333333333333333
221,2026-03-07T01:08:53.068Z,HistoPol,though side inhumane totally agree suggest compromise side step cease mcgovern people butcher international law human right home abroad,https://mastodon.social/@HistoPol/116185217961862462,General Conflict,Neutral,though side inhumane totally agree suggest compromise side step cease mcgovern people butcher international law human right home abroad,negative,negative,negative,negative,negative,-0.3333333333333333,0.3333333333333333
222,2026-03-07T01:08:51.430Z,tuckfrump,republican concerned report russia help iran give information use american troop week give trump power whatever want unnecessary war idiot late,https://mastodon.social/@tuckfrump/116185217854763242,General Conflict,Anti-Iran,republican concerned report russia help iran give information use american troop week give trump power whatever want unnecessary war idiot late,negative,negative,negative,negative,negative,-0.5,0.5
223,2026-03-07T01:01:24.494Z,DrALJONES,interview trump clear plan iran u official resignation exactly warn ala charr tit ludicrous expect american people believe iran would attack u preemptively middle negotiation contradictory message trumpet al show little really think go war jasmine elgar al,https://mastodon.social/@DrALJONES/116185188564319000,Military Action,Neutral,interview trump clear plan iran u official resignation exactly warn ala charr tit ludicrous expect american people believe iran would attack u preemptively middle negotiation contradictory message trumpet al show little really think go war jasmine elgar al,neutral,negative,neutral,neutral,negative,-0.14285714285714285,0.14285714285714285
224,2026-03-06T21:31:42.000Z,israelhayom.com,operation stun world,https://fed.brid.gy/r/https://www.israelhayom.com/2026/03/06/the-operation-that-stunned-the-world/,General Conflict,Anti-Iran,operation stun world,neutral,positive,neutral,neutral,negative,-1.0,1.0
225,2026-03-07T00:48:51.000Z,CharlieMcHenry,here finance investment world say global clear longer go everyone include u consumer suffer,https://connectop.us/@CharlieMcHenry/116185139222277218,General Conflict,Anti-Iran,here finance investment world say global clear long go everyone include u consumer suffer,neutral,negative,neutral,neutral,neutral,0.0,1.0
226,2026-03-07T00:46:26.000Z,AntiracistHippie,verdant square radio playing david parkman show firing start embarrassment grow,https://heads.social/@AntiracistHippie/116185129719988192,General Conflict,Neutral,verdant square radio playing david parkman show fire start embarrassment grow,neutral,negative,neutral,neutral,negative,-1.0,1.0
227,2026-03-07T00:46:03.000Z,CharlieMcHenry,qatar say wreck global economy let get straight start war along side nobody israel want war already take six american life cost u taxpayer billion per day last month u lose job also subsidize israel cost country accuse also somehow found billion bail trump buddy argentina another billion call rent go cost grocery roof healthcare cost skyrocket many lose insurance coverage personal debt hit time high crisis mean cant afford home new car outreach inflation back increase long war continue do forget,https://connectop.us/@CharlieMcHenry/116185128222127649,General Conflict,Pro-Iran,qatar say wreck global economy let get straight start war along side nobody israel want war already take six american life cost u taxpayer billion per day last month u lose job also subsidize israel cost country accuse also somehow find billion bail trump buddy argentina another billion call rent go cost grocery roof healthcare cost skyrocket many lose insurance coverage personal debt hit time high crisis mean cant afford home new car outreach inflation back increase long war continue do forget,negative,negative,negative,negative,negative,-0.3333333333333333,0.3333333333333333
229,2026-03-07T00:05:02.107Z,infomaxkorea,new york market tumble second day oil price surge barrel february payroll shock job loss versus gain expect spark stagflation fear iran war disrupts middle east oil supply trump demand unconditional surrender,https://mastodon.social/@infomaxkorea/116184966895899965,General Conflict,Neutral,new york market tumble second day oil price surge barrel february payroll shock job loss versus gain expect spark stagflation fear iran war disrupts middle east oil supply trump demand unconditional surrender,negative,negative,negative,negative,negative,-0.25,0.25
230,2026-03-06T23:50:12.000Z,anttipeltola,brief look new delivery system iran deployed war punch air defence system min,https://mastodon.world/@anttipeltola/116184908589447890,General Conflict,Neutral,brief look new delivery system iran deploy war punch air defence system min,neutral,neutral,neutral,neutral,negative,-1.0,1.0
231,2026-03-06T23:45:15.104Z,skua,think israeli empire great israel look likely rate palestinian ethnically cleanse kill use slave labour trump seem compromised israel russia,https://mastodon.social/@skua/116184889104677650,General Conflict,Pro-Iran,think israeli empire great israel look likely rate palestinian ethnically cleanse kill use slave labour trump seem compromise israel russia,negative,negative,negative,negative,neutral,0.0,1.0
232,2026-03-06T23:38:08.678Z,RonSupportsYou,pei fer effect even factor regime change war middle east cost billion dollar day disrupt global economy spike oil price,https://mastodon.social/@RonSupportsYou/116184861157643644,General Conflict,Neutral,pei fer effect even factor regime change war middle east cost billion dollar day disrupt global economy spike oil price,neutral,negative,negative,negative,negative,-1.0,1.0
233,2026-03-06T23:28:08.532Z,RonSupportsYou,three big story yesterday wallop trump world jay duo copy,https://mastodon.social/@RonSupportsYou/116184821826878377,General Conflict,Neutral,three big story yesterday wallop trump world jay duo copy,neutral,neutral,neutral,neutral,positive,1.0,1.0
234,2026-03-06T23:22:55.961Z,Lazarou,really want destroy labour party remake thing easy green,https://mastodon.social/@Lazarou/116184801341517279,General Conflict,Neutral,really want destroy labour party remake thing easy green,negative,negative,neutral,negative,neutral,0.0,1.0
235,2026-03-06T23:19:13.667Z,arniedxer.bsky.social,today see various time radio garda anywhere iran international via take garda,https://fed.brid.gy/r/https://bsky.app/profile/did:plc:gzdjt2bb6zkdknijroh6tm6i/post/3mggh5zz4xs2m,General Conflict,Neutral,today see various time radio garda anywhere iran international via take garda,neutral,neutral,neutral,neutral,neutral,0.0,0.0
236,2026-03-06T23:13:08.000Z,Bicyclerider,twice deploy u army iraq told lie wed like care,https://pixelfed.social/p/Bicyclerider/935673677443114530,General Conflict,Neutral,twice deploy u army iraq tell lie wed like care,negative,negative,negative,negative,neutral,0.0,1.0
237,2026-03-06T23:12:03.273Z,RonSupportsYou,donald trump banner important read small print bill bra shall,https://mastodon.social/@RonSupportsYou/116184758568211777,General Conflict,Neutral,donald trump banner important read small print bill bra shall,neutral,neutral,neutral,neutral,positive,1.0,1.0
238,2026-03-06T23:10:02.735Z,RonSupportsYou,speaker mike johnson falsely claim war dan pei fer explain war illegal call war admit crime,https://mastodon.social/@RonSupportsYou/116184750668628232,General Conflict,Anti-Iran,speaker mike johnson falsely claim war dan pei fer explain war illegal call war admit crime,negative,negative,negative,negative,negative,-1.0,1.0
239,2026-03-06T23:08:25.576Z,arniedxer.bsky.social,addition want active twenty user report iran international another new freq strong bubble also entire time iran international go around,https://fed.brid.gy/r/https://bsky.app/profile/did:plc:gzdjt2bb6zkdknijroh6tm6i/post/3mgggkpwwms2m,General Conflict,Neutral,addition want active twenty user report iran international another new freq strong bubble also entire time iran international go around,neutral,neutral,neutral,neutral,positive,1.0,1.0
240,2026-03-06T23:08:04.159Z,RonSupportsYou,ben rhodes benefit bib tanya putin u defense contractor rest u much russia gain continue diminution u munition decrease attention ukraine gulf state hedge potential refugee crisis could bolster far right party europe increase division inside america copy,https://mastodon.social/@RonSupportsYou/116184742897248629,General Conflict,Neutral,ben rhodes benefit bib tanya putin u defense contractor rest u much russia gain continue diminution u munition decrease attention ukraine gulf state hedge potential refugee crisis could bolster far right party europe increase division inside america copy,neutral,negative,neutral,neutral,positive,0.3333333333333333,0.3333333333333333
241,2026-03-06T23:04:42.802Z,arniedxer.bsky.social,one freq live overlook today khz actually live hear persian talk keep think bic afghanistan nope twenty webster chat say actually iran international face open mouth think still active weak,https://fed.brid.gy/r/https://bsky.app/profile/did:plc:gzdjt2bb6zkdknijroh6tm6i/post/3mggge3ihts2m,General Conflict,Neutral,one freq live overlook today khz actually live hear persian talk keep think bic afghanistan nope twenty webster chat say actually iran international face open mouth think still active weak,neutral,neutral,neutral,neutral,negative,-1.0,1.0
242,2026-03-06T23:01:28.465Z,VerdantSquareRadio,play david parkman show firing start embarrassment grow,https://mastodon.social/@VerdantSquareRadio/116184716964852251,General Conflict,Neutral,play david parkman show fire start embarrassment grow,negative,negative,negative,negative,negative,-1.0,1.0
243,2026-03-06T23:00:26.000Z,newsbeep,stranded american middle east navigate cancel flight confusion alyssa ramos evacuation kuwait involve hour journey across four continent u government department state news,https://newsbeep.org/@newsbeep/116184712893465011,General Conflict,Neutral,stranded american middle east navigate cancel flight confusion alyssa ramos evacuation kuwait involve hour journey across four continent u government department state news,neutral,neutral,neutral,neutral,negative,-1.0,1.0
244,2026-03-06T23:00:15.392Z,publicnewsfeed,trump demand unconditional surrender make iran great united state president donald trump demand iran unconditional surrender week launch war israel country,https://mastodon.social/@publicnewsfeed/116184712176285461,General Conflict,Neutral,trump demand unconditional surrender make iran great united state president donald trump demand iran unconditional surrender week launch war israel country,negative,negative,negative,negative,positive,0.42857142857142855,0.42857142857142855
245,2026-03-06T22:55:55.000Z,redglobal,acknowledge exceptional coverage iran conflict year insights invaluable follow engage stream comprehensive update,https://mastodon.social/@redglobal/116184695111257417,General Conflict,Neutral,acknowledge exceptional coverage iran conflict year insight invaluable follow engage stream comprehensive update,positive,positive,neutral,positive,positive,0.5,0.5
246,2026-03-06T22:51:24.898Z,arniedxer.bsky.social,khz another new frequency radio garda jam either although jamming like pulsate noise enter around fri propagate check still yes another today addition,https://fed.brid.gy/r/https://bsky.app/profile/did:plc:gzdjt2bb6zkdknijroh6tm6i/post/3mggfmckoic2m,General Conflict,Neutral,khz another new frequency radio garda jam either although jamming like pulsate noise enter around fri propagate check still yes another today addition,neutral,negative,neutral,neutral,negative,-0.3333333333333333,0.3333333333333333
247,2026-03-06T22:32:55.207Z,markhughes,arrival massive u bomber u base join murderous bombing include accord bic school hospital cultural site,https://mastodon.social/@markhughes/116184604683874080,General Conflict,Pro-Iran,arrival massive u bomber u base join murderous bomb include accord bic school hospital cultural site,negative,negative,negative,negative,negative,-1.0,1.0
248,2026-03-06T22:26:38.000Z,KimPerales,pal evacuation order history head mission police car light pal hour flee right arrow sleep carson need water amp essential israeli fin min rich tour border la amp vow broken heart soon bahia look like khan commentary id similar pattern broken heart apocalyptic scene unfold tehran israeli def min kate call tornado plan destroy tehran,https://toad.social/@KimPerales/116184580025656175,General Conflict,Anti-Iran,pal evacuation order history head mission police car light pal hour flee right arrow sleep carson need water amp essential israeli fin min rich tour border la amp vow broken heart soon bahia look like khan commentary id similar pattern broken heart apocalyptic scene unfold tehran israeli def min kate call tornado plan destroy tehran,neutral,negative,neutral,neutral,negative,-0.25,0.25
250,2026-03-06T22:15:17.000Z,TheTimesofCentralAsia,uzbek citizen israel detain post video mock civilian rush bomb shelter rocket alert,https://federated.press/@TheTimesofCentralAsia/116184535376038452,General Conflict,Neutral,uzbek citizen israel detain post video mock civilian rush bomb shelter rocket alert,neutral,negative,neutral,neutral,negative,-1.0,1.0
251,2026-03-06T22:12:25.000Z,LordChaos82,ever figure reason start,https://fosstodon.org/@LordChaos82/116184524077859496,General Conflict,Neutral,ever figure reason start,neutral,neutral,neutral,neutral,neutral,0.0,0.0
252,2026-03-06T21:58:37.000Z,cbarbermd,year ago ukraine tell card today u ask kit defend iranian drone swarm war strange way reshuffle deck,https://med-mastodon.com/@cbarbermd/116184469808004775,Military Action,Neutral,year ago ukraine tell card today u ask kit defend iranian drone swarm war strange way reshuffle deck,neutral,neutral,neutral,neutral,negative,-1.0,1.0
253,2026-03-06T21:58:16.983Z,cbarbermd,year ago ukraine tell card today u ask kit defend iranian drone swarm war strange way reshuffle deck,https://mastodon.social/@cbarbermd/116184468486772433,Military Action,Neutral,year ago ukraine tell card today u ask kit defend iranian drone swarm war strange way reshuffle deck,neutral,neutral,neutral,neutral,negative,-1.0,1.0
254,2026-03-06T21:53:17.000Z,yogthos,radar base housing key u missile interceptor hit jordan saudi arabia use satellite image show party popper,https://social.marxist.network/@yogthos/116184448866279435,Military Action,Pro-Iran,radar base housing key u missile interceptor hit jordan saudi arabia use satellite image show party popper,neutral,neutral,neutral,neutral,neutral,0.0,0.0
255,2026-03-06T21:47:26.000Z,Bland,kind supreme leader would montana karen washington institute,https://mstdn.plus/@Bland/116184425855160571,General Conflict,Neutral,kind supreme leader would montana karen washington institute,neutral,neutral,neutral,neutral,positive,1.0,1.0
256,2026-03-06T21:32:04.691Z,arniedxer.bsky.social,iran international,https://fed.brid.gy/r/https://bsky.app/profile/did:plc:gzdjt2bb6zkdknijroh6tm6i/post/3mggb6gud4k2m,General Conflict,Neutral,iran international,neutral,neutral,neutral,neutral,neutral,0.0,0.0
257,2026-03-06T21:31:20.864Z,publicnewsfeed,israeli troop push lebanon yet another war iran proxy hezbollah bic see troops tank mass near border speculation mount israel plan full scale ground invasion fight hezbollah,https://mastodon.social/@publicnewsfeed/116184362572561810,General Conflict,Neutral,israeli troop push lebanon yet another war iran proxy hezbollah bic see troop tank mass near border speculation mount israel plan full scale ground invasion fight hezbollah,neutral,negative,negative,negative,negative,-1.0,1.0
258,2026-03-06T21:30:24.000Z,whatyoumissed,dan manga report whats drive push war production president trump meet defense co quadruple exquisite class weaponry output due iran conflict munition stockpile concern understand decision crucial see manga full report,https://mastodon.vtip.me/@whatyoumissed/116184358895843700,General Conflict,Neutral,dan manga report whats drive push war production president trump meet defense co quadruple exquisite class weaponry output due iran conflict munition stockpile concern understand decision crucial see manga full report,neutral,neutral,neutral,neutral,neutral,0.0,1.0
259,2026-03-06T21:26:53.000Z,GhostOnTheHalfShell,listen short piece kyle kolinsky he mention barrel oil push guess open nation hop push barrel grateful live walking distance every single one basic need change reality entire economy affect energy price drive really deeply fucked welcome reason car free good idea,https://masto.ai/@GhostOnTheHalfShell/116184345039346252,General Conflict,Neutral,listen short piece kyle kolinsky he mention barrel oil push guess open nation hop push barrel grateful live walking distance every single one basic need change reality entire economy affect energy price drive really deeply fucked welcome reason car free good idea,negative,negative,neutral,negative,positive,1.0,1.0
260,2026-03-06T21:26:51.000Z,Bland,wop mobilize keep food move middle east conflict escalate world food programme,https://mstdn.plus/@Bland/116184344944451996,General Conflict,Neutral,wop mobilize keep food move middle east conflict escalate world food programme,neutral,neutral,neutral,neutral,negative,-1.0,1.0
262,2026-03-06T21:25:27.379Z,silkester,would boost next level shit far war propaganda go require content warning,https://mastodon.social/@silkester/116184339406876288,General Conflict,Neutral,would boost next level shit far war propaganda go require content warning,neutral,negative,negative,negative,negative,-0.5,0.5
264,2026-03-06T21:18:26.392Z,arniedxer.bsky.social,khz another programming time sound analytical plenty mention trump extensive soundbites translate via egyptian time use co channel canceller keep nam check,https://fed.brid.gy/r/https://bsky.app/profile/did:plc:gzdjt2bb6zkdknijroh6tm6i/post/3mggag2hty22m,General Conflict,Neutral,khz another programming time sound analytical plenty mention trump extensive soundbites translate via egyptian time use co channel canceller keep nam check,neutral,neutral,neutral,neutral,positive,1.0,1.0
266,2026-03-06T21:07:14.000Z,PariaSansPortefeuille,desire depopulate settle iranian territory way palestinian lebanese land policy collective punishment entire population much call twelve day war june last year,https://jasette.facil.services/@PariaSansPortefeuille/116184267752584331,General Conflict,Neutral,desire depopulate settle iranian territory way palestinian lebanese land policy collective punishment entire population much call twelve day war june last year,neutral,negative,neutral,neutral,neutral,0.0,0.0
267,2026-03-06T21:05:25.429Z,markhughes,int nobel prize war crime think time one go collect bunch mask thug drag hague,https://mastodon.social/@markhughes/116184260635631184,General Conflict,Anti-Iran,int nobel prize war crime think time one go collect bunch mask thug drag hague,negative,negative,negative,negative,negative,-0.5,0.5
268,2026-03-06T21:00:16.960Z,publicnewsfeed,u israel war iran could end middle east tourism boom tourism industry arabian peninsula experience remarkable growth recent year u israeli war iran retaliatory strike across gulf state border slow momentum,https://mastodon.social/@publicnewsfeed/116184240419575078,General Conflict,Neutral,u israel war iran could end middle east tourism boom tourism industry arabian peninsula experience remarkable growth recent year u israeli war iran retaliatory strike across gulf state border slow momentum,neutral,negative,neutral,neutral,negative,-0.2,0.2
269,2026-03-06T20:50:55.958Z,markhughes,open pandora box world without law accountability powerful expect china take taiwan long ago seem unlikely surprising do soon plan ready go impediment shy away human cost do think china worry casualty war criminal,https://mastodon.social/@markhughes/116184203654020192,General Conflict,Neutral,open pandora box world without law accountability powerful expect china take taiwan long ago seem unlikely surprising do soon plan ready go impediment shy away human cost do think china worry casualty war criminal,neutral,negative,negative,negative,negative,-0.75,0.75
270,2026-03-06T20:44:52.204Z,arniedxer.bsky.social,khz iris radio usher appear still run program instead compulsory midnight news iris radio iran face open mouth weak signal,https://fed.brid.gy/r/https://bsky.app/profile/did:plc:gzdjt2bb6zkdknijroh6tm6i/post/3mgg6jzlojs2m,General Conflict,Neutral,khz iris radio usher appear still run program instead compulsory midnight news iris radio iran face open mouth weak signal,neutral,negative,neutral,neutral,negative,-1.0,1.0
271,2026-03-06T20:22:55.000Z,metro.co.uk,u bomber bone hit mph carry missile land u,https://fed.brid.gy/r/https://metro.co.uk/2026/03/06/us-bomber-the-bone-can-hit-900mph-carrying-24-missiles-lands-uk-27263019/,Military Action,Neutral,u bomber bone hit mph carry missile land u,neutral,neutral,neutral,neutral,neutral,0.0,0.0
272,2026-03-06T20:33:01.000Z,nickofnz,greenpeace map oil tanker trap strait hormuz one tanker already report explosion carry oil five fully load tanker carry total billion litre oil anchor vicinity,https://mastodon.nz/@nickofnz/116184133260779756,General Conflict,Neutral,greenpeace map oil tanker trap strait hormuz one tanker already report explosion carry oil five fully load tanker carry total billion litre oil anchor vicinity,neutral,negative,neutral,neutral,negative,-1.0,1.0
273,2026-03-06T20:30:29.000Z,judejack,leaked account meeting national security council csc expose british labour government detail advance knowledge u israeli assault iran,https://mastodon.online/@judejack/116184123294018513,General Conflict,Neutral,leak account meet national security council csc expose british labour government detail advance knowledge u israeli assault iran,neutral,negative,neutral,neutral,negative,-1.0,1.0
274,2026-03-06T20:28:12.611Z,arniedxer.bsky.social,right radio garda time arm roll floor laugh iranian bubble jammer remains,https://fed.brid.gy/r/https://bsky.app/profile/did:plc:gzdjt2bb6zkdknijroh6tm6i/post/3mgg5macz4k2m,General Conflict,Neutral,right radio garda time arm roll floor laugh iranian bubble jammer remains,neutral,neutral,neutral,neutral,positive,1.0,1.0
275,2026-03-06T20:26:50.000Z,downey,united nation dive unlawful attack middle east beyond cause tremendous suffer harm civilian throughout region pose grave risk global economy particularly vulnerable people situation could spiral beyond anyone control time stop fight get serious diplomatic negotiation stake could higher antonio gutierrez united nation secretary general,https://floss.social/@downey/116184108923435958,Military Action,Neutral,united nation dive unlawful attack middle east beyond cause tremendous suffer harm civilian throughout region pose grave risk global economy particularly vulnerable people situation could spiral beyond anyone control time stop fight get serious diplomatic negotiation stake could higher antonio gutierrez united nation secretary general,neutral,negative,neutral,neutral,negative,-0.7142857142857143,0.7142857142857143
276,2026-03-06T20:23:10.855Z,markhughes,ship u torpedo nowhere near war zone unarm u know cowardly blood lust trump u run bunch toddler cant resist firing weapon never imagine charge next tactical nuke limit dangerous wanker could,https://mastodon.social/@markhughes/116184094529770996,General Conflict,Pro-Iran,ship u torpedo nowhere near war zone unarm u know cowardly blood lust trump u run bunch toddler cant resist fire weapon never imagine charge next tactical nuke limit dangerous wanker could,negative,negative,negative,negative,negative,-0.5,0.5
277,2026-03-06T20:22:39.925Z,nickofnz.bsky.social,greenpeace map oil tanker trap strait hormuz one tanker already report explosion carry oil five fully load tanker carry total billion litre oil anchor vicinity mapsgreenpeaceorgmapsgpdehooil tanker trap str,https://fed.brid.gy/r/https://bsky.app/profile/did:plc:xrqv5unlcevqwu34yxxcqxzn/post/3mgg5cczrsc2f,General Conflict,Neutral,greenpeace map oil tanker trap strait hormuz one tanker already report explosion carry oil five fully load tanker carry total billion litre oil anchor vicinity mapsgreenpeaceorgmapsgpdehooil tanker trap str,neutral,negative,neutral,neutral,negative,-1.0,1.0
278,2026-03-06T20:21:49.000Z,jeridansky,reaction read whats happen tehran sound like gaza hospital residential neighbourhood get bomb food scarce hell align rationale give start war gift link,https://sfba.social/@jeridansky/116184089225832259,General Conflict,Neutral,reaction read whats happen tehran sound like gaza hospital residential neighbourhood get bomb food scarce hell align rationale give start war gift link,negative,negative,negative,negative,negative,-0.5,0.5
279,2026-03-06T20:03:50.000Z,PoliticalCartoon,ben jennings political cartoon gallery london originalpoliticalcartooncom,https://mastodonapp.uk/@PoliticalCartoon/116184018453235337,General Conflict,Neutral,ben jennings political cartoon gallery london originalpoliticalcartooncom,neutral,neutral,neutral,neutral,neutral,0.0,0.0
280,2026-03-06T19:51:06.000Z,joenepraat,periodic reminder anger gift especially do let consume let start global revolution,https://todon.nl/@joenepraat/116183968442456003,General Conflict,Neutral,periodic reminder anger gift especially do let consume let start global revolution,neutral,positive,neutral,neutral,negative,-1.0,1.0
281,2026-03-06T19:47:38.000Z,Nikolas,flee private something point,https://federated.press/@Nikolas/116183954769868989,General Conflict,Neutral,flee private something point,neutral,neutral,neutral,neutral,negative,-1.0,1.0
282,2026-03-06T19:42:45.741Z,arniedxer.bsky.social,khz iran international completely miss hour inactive obviously daylight hour thing actually freq face raise eyebrow jamming,https://fed.brid.gy/r/https://bsky.app/profile/did:plc:gzdjt2bb6zkdknijroh6tm6i/post/3mgg32xr6g22x,General Conflict,Neutral,khz iran international completely miss hour inactive obviously daylight hour thing actually freq face raise eyebrow jamming,negative,negative,neutral,negative,negative,-1.0,1.0
283,2026-03-06T19:04:23.387Z,ginaintheburg.bsky.social,trump buddy putin give assistance iran war effort provide intel u military target chiron chicken come home roost put mildly,https://fed.brid.gy/r/https://bsky.app/profile/did:plc:h6gbaoquhivhn5kiy26ni2qm/post/3mgfywe2svs2q,General Conflict,Anti-Iran,trump buddy putin give assistance iran war effort provide intel u military target chiron chicken come home roost put mildly,negative,negative,negative,negative,positive,1.0,1.0
284,2026-03-06T19:04:07.000Z,ginaintheburg,trump buddy putin give assistance iran war effort provide intel u military target chiron chicken come home roost put mildly,https://mastodon.world/@ginaintheburg/116183783671755215,General Conflict,Anti-Iran,trump buddy putin give assistance iran war effort provide intel u military target chiron chicken come home roost put mildly,negative,negative,negative,negative,positive,1.0,1.0
285,2026-03-06T19:00:48.000Z,kentishfran,told trump want rename iran call trumping would even surprise,https://mastodonapp.uk/@kentishfran/116183770645207635,General Conflict,Neutral,told trump want rename iran call trumping would even surprise,neutral,neutral,neutral,neutral,positive,1.0,1.0
286,2026-03-06T16:59:34.000Z,metro.co.uk,wealthy dubai resident stick abroad race back use,https://fed.brid.gy/r/https://metro.co.uk/2026/03/06/wealthy-dubai-residents-stuck-abroad-racing-back-uae-27260209/,General Conflict,Neutral,wealthy dubai resident stick abroad race back use,neutral,neutral,neutral,neutral,positive,1.0,1.0
287,2026-03-06T17:48:37.000Z,metro.co.uk,fuel price surge since start iran war,https://fed.brid.gy/r/https://metro.co.uk/2026/03/06/fuel-prices-surged-since-start-iran-war-27261124/,General Conflict,Neutral,fuel price surge since start iran war,negative,negative,negative,negative,neutral,0.0,0.0
288,2026-03-06T18:29:32.345Z,markhughes,oil expensive one month due trump illegal war u mortgage rate already rise inflation sure follow brake trade business confidence energy price hike certain economic doom spiral start bic confirms u bomb school hospital cultural site war crime upon war crime walk u right kowtow trump prosecute,https://mastodon.social/@markhughes/116183647672159365,General Conflict,Pro-Iran,oil expensive one month due trump illegal war u mortgage rate already rise inflation sure follow brake trade business confidence energy price hike certain economic doom spiral start bic confirm u bomb school hospital cultural site war crime upon war crime walk u right kowtow trump prosecute,negative,negative,negative,negative,negative,-0.2727272727272727,0.2727272727272727
290,2026-03-06T06:15:22.000Z,israelhayom.com,u applaud israel know good didst know good,https://fed.brid.gy/r/https://www.israelhayom.com/2026/03/06/us-applauds-israel-we-knew-they-were-good-but-we-didnt-know-how-good/,General Conflict,Neutral,u applaud israel know good didst know good,neutral,negative,neutral,neutral,positive,1.0,1.0
291,2026-03-06T10:49:23.000Z,israelhayom.com,russia aid iran intelligence u military asset,https://fed.brid.gy/r/https://www.israelhayom.com/2026/03/06/russia-aiding-iran-with-intelligence-on-us-military-assets/,General Conflict,Neutral,russia aid iran intelligence u military asset,neutral,negative,neutral,neutral,positive,1.0,1.0
292,2026-03-06T18:23:52.000Z,david,well oil price moon shot continue today job report disastrous trump keep digging iranian blow tanker likely u agency create reinsurance facility gulf ship happens use taxpayer money reimburse ship owner middle finger light skin tone middle finger light skin tone middle finger light skin tone,https://fouroclockfarms.club/@david/116183625428516885,General Conflict,Anti-Iran,well oil price moon shot continue today job report disastrous trump keep dig iranian blow tanker likely u agency create reinsurance facility gulf ship happen use taxpayer money reimburse ship owner middle finger light skin tone middle finger light skin tone middle finger light skin tone,negative,negative,negative,negative,neutral,0.0,1.0
294,2026-03-06T18:15:59.549Z,ginaintheburg.bsky.social,push pm hurry corner get cut life get lose plan well good approach real solution also do start war ready well yet do start war full stop,https://fed.brid.gy/r/https://bsky.app/profile/did:plc:h6gbaoquhivhn5kiy26ni2qm/post/3mgfw7sqpmc2a,General Conflict,Neutral,push pm hurry corner get cut life get lose plan well good approach real solution also do start war ready well yet do start war full stop,negative,negative,neutral,negative,positive,0.6,0.6
295,2026-03-06T18:15:32.247Z,ginaintheburg.bsky.social,result brewster buffalo wii fighter plane quickly earn nickname fly coffin also result say often cite family good enough govt work sardonic joke carry doubt grandpa work brewster,https://fed.brid.gy/r/https://bsky.app/profile/did:plc:h6gbaoquhivhn5kiy26ni2qm/post/3mgfw6ypijk2a,General Conflict,Neutral,result brewster buffalo wii fighter plane quickly earn nickname fly coffin also result say often cite family good enough govt work sardonic joke carry doubt grandpa work brewster,neutral,negative,neutral,neutral,positive,0.14285714285714285,0.14285714285714285
296,2026-03-06T18:09:15.772Z,ginaintheburg.bsky.social,trump call contractor speedily fulfill need munition def do know wii history brewster premier maker auto body tell cut cost lose contract disastrous effect,https://fed.brid.gy/r/https://bsky.app/profile/did:plc:h6gbaoquhivhn5kiy26ni2qm/post/3mgfvtrok222a,General Conflict,Neutral,trump call contractor speedily fulfill need munition def do know wii history brewster premier maker auto body tell cut cost lose contract disastrous effect,neutral,negative,negative,negative,positive,0.2,0.2
298,2026-03-06T18:01:59.049Z,Allkinds,war iran change late epstein file story wont go away trump despite best effort distract u late ricochet across internet include president canon base justice department apparently try hide file public lead many people ask know truly bad,https://mastodon.social/@Allkinds/116183539319963885,General Conflict,Neutral,war iran change late epstein file story wont go away trump despite best effort distract u late ricochet across internet include president canon base justice department apparently try hide file public lead many people ask know truly bad,neutral,negative,negative,negative,neutral,0.09090909090909091,0.9090909090909091
299,2026-03-06T18:01:00.320Z,DebErupts,report china provide military equipment iran signal deeper support russia china war u israel robert lansing institute,https://mastodon.social/@DebErupts/116183535472920021,General Conflict,Neutral,report china provide military equipment iran signal deep support russia china war u israel robert lansing institute,neutral,negative,neutral,neutral,positive,1.0,1.0
300,2026-03-06T17:59:08.000Z,KimPerales,something go terribly wrong system check balance police car light lawmaker frighten president demand anonymity say police car light police car light police car light worry lotus may trigger doomsday launch poorly plan war day,https://toad.social/@KimPerales/116183528162442775,Protest/Activism,Neutral,something go terribly wrong system check balance police car light lawmaker frighten president demand anonymity say police car light police car light police car light worry lotus may trigger doomsday launch poorly plan war day,negative,negative,negative,negative,negative,-1.0,1.0
301,2026-03-06T17:58:37.000Z,ginaintheburg,sardonic joke carry doubt grandfather work brewster push pm hurry corner get cut life get lose plan well good approach real solution also do start war ready well yet do start war full stop,https://mastodon.world/@ginaintheburg/116183526122861081,General Conflict,Neutral,sardonic joke carry doubt grandfather work brewster push pm hurry corner get cut life get lose plan well good approach real solution also do start war ready well yet do start war full stop,neutral,negative,neutral,neutral,positive,0.1111111111111111,0.1111111111111111
302,2026-03-06T17:58:05.000Z,ginaintheburg,trump call contractor speedily fulfill need munition def do know wii history brewster premier maker auto body tell cut cost lose contract disastrous effect result brewster buffalo wii fighter plane quickly earn nickname fly coffin also result say often cite family good enough govt work,https://mastodon.world/@ginaintheburg/116183524026006106,General Conflict,Neutral,trump call contractor speedily fulfill need munition def do know wii history brewster premier maker auto body tell cut cost lose contract disastrous effect result brewster buffalo wii fighter plane quickly earn nickname fly coffin also result say often cite family good enough govt work,neutral,negative,neutral,neutral,positive,0.5,0.5
303,2026-03-06T17:51:14.730Z,arniedxer.bsky.social,via farsi miss face scream fear miss miss carry radio garda instead least still vow iranian bubble jammer actually,https://fed.brid.gy/r/https://bsky.app/profile/did:plc:gzdjt2bb6zkdknijroh6tm6i/post/3mgfutkpqxk2x,General Conflict,Neutral,via farsi miss face scream fear miss miss carry radio garda instead least still vow iranian bubble jammer actually,neutral,negative,neutral,neutral,negative,-1.0,1.0
305,2026-03-06T17:46:02.210Z,arniedxer.bsky.social,look radio garda likely stay permanently via kuwait relay nearby via uzi keep change freq evade ago attract bubble jammer jam,https://fed.brid.gy/r/https://bsky.app/profile/did:plc:gzdjt2bb6zkdknijroh6tm6i/post/3mgfukaoeoc2x,General Conflict,Neutral,look radio garda likely stay permanently via kuwait relay nearby via uzi keep change freq evade ago attract bubble jammer jam,neutral,neutral,neutral,neutral,negative,-1.0,1.0
306,2026-03-06T17:45:52.000Z,OddJob,wartime role iran axis counter proxy terrorist threat washington institute,https://beige.party/@OddJob/116183475972227818,General Conflict,Anti-Iran,wartime role iran axis counter proxy terrorist threat washington institute,neutral,neutral,neutral,neutral,negative,-1.0,1.0
307,2026-03-06T17:42:43.000Z,KimPerales,world iranian child final recount strike break heart kill world brother amp teacher mother clash report state carry police car light image show large crowd mourner final weeping appear body wrap white shroud image release state medium tues show individual prepare broken heart coffin draped iranian flag bearing photographs child must resign trump impeach double exclamation mark,https://toad.social/@KimPerales/116183463574819457,General Conflict,Neutral,world iranian child final recount strike break heart kill world brother amp teacher mother clash report state carry police car light image show large crowd mourner final weeping appear body wrap white shroud image release state medium tues show individual prepare broken heart coffin drape iranian flag bear photographs child must resign trump impeach double exclamation mark,negative,negative,negative,negative,negative,-0.7777777777777778,0.7777777777777778
308,2026-03-06T16:39:12.000Z,usa,trump demand final say select iran future leader trump administration official previously deny regime change goal war iran,https://murica.website/2026/03/trump-demands-final-say-in-selecting-irans-future-leader/,General Conflict,Neutral,trump demand final say select iran future leader trump administration official previously deny regime change goal war iran,neutral,negative,negative,negative,positive,0.3333333333333333,0.3333333333333333
309,2026-03-06T17:36:39.000Z,990000,radar base housing key u missile interceptor hit jordan saudi arabia use satellite image show,https://mstdn.social/@990000/116183439730236550,Military Action,Neutral,radar base housing key u missile interceptor hit jordan saudi arabia use satellite image show,neutral,neutral,neutral,neutral,neutral,0.0,0.0
310,2026-03-06T17:34:04.097Z,arniedxer.bsky.social,khz studio thessaloniki greece alone freq greek music id al amp iris radio polestar miss,https://fed.brid.gy/r/https://bsky.app/profile/did:plc:gzdjt2bb6zkdknijroh6tm6i/post/3mgftutt6k22m,General Conflict,Neutral,khz studio thessaloniki greece alone freq greek music id al amp iris radio polestar miss,neutral,neutral,neutral,neutral,negative,-1.0,1.0
311,2026-03-06T17:31:09.000Z,ScottLucas,iraqi publicly oppose u plan support cross order incursion iranian kurdish pusher western iraqi territory must use launch point attack neighbour country,https://journa.host/@ScottLucas/116183418128173157,Military Action,Neutral,iraqi publicly oppose u plan support cross order incursion iranian kurdish pusher western iraqi territory must use launch point attack neighbour country,negative,negative,neutral,negative,negative,-0.3333333333333333,0.3333333333333333
312,2026-03-06T17:28:07.000Z,Bland,iran spent year foster proxy iraq many agent eager join war reuters,https://mstdn.plus/@Bland/116183406163898736,General Conflict,Neutral,iran spend year foster proxy iraq many agent eager join war reuters,neutral,negative,negative,negative,positive,1.0,1.0
313,2026-03-06T17:18:27.000Z,Bland,operational secrecy keep u make evacuation plan mean american mideast could wait day,https://mstdn.plus/@Bland/116183368146483698,General Conflict,Neutral,operational secrecy keep u make evacuation plan mean american mideast could wait day,neutral,neutral,neutral,neutral,neutral,0.0,0.0
314,2026-03-06T17:13:53.000Z,janhoglund,family appear transnational crime network profit war iran war remind one epstein maxwell many people tie also tie war sarah ken dior world order,https://mastodon.nu/@janhoglund/116183350203050170,General Conflict,Anti-Iran,family appear transnational crime network profit war iran war remind one epstein maxwell many people tie also tie war sarah ken dior world order,neutral,negative,neutral,neutral,negative,-1.0,1.0
315,2026-03-06T17:07:26.000Z,KimPerales,see unconfirmed report destroy huge expensive radar system central patriot police car light foreign policy casually confirm say police car light take yrs rebuild amp another destroyed take month replacer seymour police car light hrs u israeli campaign asst consume precision guide munition amp interceptor expose critical vulnerability,https://toad.social/@KimPerales/116183324868860537,Military Action,Pro-Iran,see unconfirmed report destroy huge expensive radar system central patriot police car light foreign policy casually confirm say police car light take yrs rebuild amp another destroyed take month replacer seymour police car light hr u israeli campaign asst consume precision guide munition amp interceptor expose critical vulnerability,negative,negative,neutral,negative,negative,-0.6,0.6
316,2026-03-06T16:59:04.000Z,kevinrns,amazon outage report customer complain price issue problem checkout war ignore epstein file iran target data centre,https://mstdn.social/@kevinrns/116183291962072777,General Conflict,Anti-Iran,amazon outage report customer complain price issue problem checkout war ignore epstein file iran target data centre,negative,negative,neutral,negative,negative,-1.0,1.0
317,2026-03-06T16:56:34.000Z,ScottLucas,high commission human right turk concern airstrikes force evacuation serious concern international humanitarian law particular come issue around force transfer estimate people flee home,https://journa.host/@ScottLucas/116183282111818588,General Conflict,Neutral,high commission human right turk concern airstrikes force evacuation serious concern international humanitarian law particular come issue around force transfer estimate people flee home,neutral,negative,neutral,neutral,negative,-0.6,0.6
318,2026-03-06T16:55:51.000Z,Jorro,situation like war iran make sacrifice right,https://universeodon.com/@Jorro/116183279294059310,General Conflict,Neutral,situation like war iran make sacrifice right,neutral,neutral,neutral,neutral,positive,1.0,1.0
319,2026-03-06T16:55:20.000Z,SueInRockville,update adios poem amp lewandowskipam bond subpoenaed distraction work case cook county thrown economy crash casualty accurate,https://mstdn.social/@SueInRockville/116183277241719919,General Conflict,Neutral,update adios poem amp lewandowskipam bond subpoenaed distraction work case cook county thrown economy crash casualty accurate,neutral,neutral,neutral,neutral,negative,-0.2,0.2
320,2026-03-06T16:54:16.000Z,SueInRockville,update adios poem amp lewandowskipam bond subpoenaed distraction work case cook county thrown economy crash casualty accurate,https://mstdn.social/@SueInRockville/116183273095319770,General Conflict,Neutral,update adios poem amp lewandowskipam bond subpoenaed distraction work case cook county thrown economy crash casualty accurate,neutral,neutral,neutral,neutral,negative,-0.2,0.2
321,2026-03-06T16:37:33.000Z,Jorro,russia provide iran intelligence location movement american troop ship aircraft accord multiple people familiar u intelligence report issue first indication moscow seek get involve war,https://universeodon.com/@Jorro/116183207330799131,General Conflict,Neutral,russia provide iran intelligence location movement american troop ship aircraft accord multiple people familiar u intelligence report issue first indication moscow seek get involve war,neutral,negative,neutral,neutral,positive,0.3333333333333333,0.3333333333333333
322,2026-03-06T16:36:33.988Z,arniedxer.bsky.social,khz new likely via yerevangavararmenia think idea radio iran arad fair signal less arm de nam holy quran egypt capture live stream play button youtubecomliveafzwyj live iran war monitoring,https://fed.brid.gy/r/https://bsky.app/profile/did:plc:gzdjt2bb6zkdknijroh6tm6i/post/3mgfqnzkah22m,General Conflict,Neutral,khz new likely via yerevangavararmenia think idea radio iran arad fair signal less arm de nam holy quran egypt capture live stream play button youtubecomliveafzwyj live iran war monitoring,neutral,neutral,neutral,neutral,positive,1.0,1.0
323,2026-03-06T16:34:21.304Z,arniedxer.bsky.social,khz iran international miss freq flush face much area bic english via oman east africa,https://fed.brid.gy/r/https://bsky.app/profile/did:plc:gzdjt2bb6zkdknijroh6tm6i/post/3mgfqk2zfx22x,General Conflict,Neutral,khz iran international miss freq flush face much area bic english via oman east africa,neutral,neutral,neutral,neutral,negative,-1.0,1.0
325,2026-03-06T16:23:11.000Z,ScottLucas,top world back scott lucas sasha far bach,https://journa.host/@ScottLucas/116183150837711116,General Conflict,Neutral,top world back scott lucas sasha far bach,neutral,neutral,neutral,neutral,positive,1.0,1.0
326,2026-03-06T16:20:33.802Z,alhashimi,warn unidentified u arm force burn iraqi man vehicle desert,https://mastodon.social/@alhashimi/116183140518947810,General Conflict,Anti-Iran,warn unidentified u arm force burn iraqi man vehicle desert,negative,negative,negative,negative,negative,-1.0,1.0
327,2026-03-06T16:20:31.449Z,Newson1,middle east experience decade conflict shape global power struggle iraq syria gaza iran civilian repeatedly find trapped war never choose current military campaign israel united state already cause massive casualty damage across iran business standard many critic raise uncomfortable truth big victim geopolitical conflict almost always ordinary people,https://mastodon.social/@Newson1/116183140364388995,General Conflict,Neutral,middle east experience decade conflict shape global power struggle iraq syria gaza iran civilian repeatedly find trapped war never choose current military campaign israel united state already cause massive casualty damage across iran business standard many critic raise uncomfortable truth big victim geopolitical conflict almost always ordinary people,neutral,negative,negative,negative,negative,-1.0,1.0
328,2026-03-06T16:18:05.685Z,arniedxer.bsky.social,khz another additional radio garda freq seem tashkent one arm strong cd khz moment right radio garda heard follow freq indicates,https://fed.brid.gy/r/https://bsky.app/profile/did:plc:gzdjt2bb6zkdknijroh6tm6i/post/3mgfpmyljcc2m,General Conflict,Neutral,khz another additional radio garda freq seem tashkent one arm strong cd khz moment right radio garda heard follow freq indicates,neutral,neutral,neutral,neutral,positive,1.0,1.0
329,2026-03-06T16:17:28.000Z,reazonozaer,plan come iran care death destruction mean end end pause follow would nothing breath one wave suffer next,https://social.vivaldi.net/@reazonozaer/116183128349027734,General Conflict,Anti-Iran,plan come iran care death destruction mean end end pause follow would nothing breath one wave suffer next,negative,negative,neutral,negative,negative,-1.0,1.0
331,2026-03-06T16:03:39.000Z,dougmadory,current internet shutdown iran day small amount traffic continue trickle iran white list individual service everyone else almost connectivity whatsoever,https://infosec.exchange/@dougmadory/116183074067999793,General Conflict,Neutral,current internet shutdown iran day small amount traffic continue trickle iran white list individual service everyone else almost connectivity whatsoever,neutral,negative,negative,negative,neutral,0.0,0.0
332,2026-03-06T15:53:09.506Z,pickleglitch,change department defense department war insist agent actually war top congress even lot demo happy go along farce run interceptor missile start take high casualty sure always,https://mastodon.social/@pickleglitch/116183032757719680,Military Action,Anti-Iran,change department defense department war insist agent actually war top congress even lot demo happy go along farce run interceptor missile start take high casualty sure always,negative,negative,neutral,negative,neutral,0.0,1.0
333,2026-03-06T15:43:28.555Z,Lazarou,wait pay trump declare war moon,https://mastodon.social/@Lazarou/116182994684816351,General Conflict,Neutral,wait pay trump declare war moon,neutral,negative,neutral,neutral,positive,1.0,1.0
334,2026-03-06T15:31:06.000Z,judejack,israel expand war iran order mass displacement lebanon world socialist web site,https://mastodon.online/@judejack/116182946025348429,General Conflict,Pro-Iran,israel expand war iran order mass displacement lebanon world socialist web site,negative,negative,negative,negative,neutral,0.0,0.0
335,2026-03-06T15:21:30.000Z,Quasit,okay iran manages strike u territory far likely trump domestic false flag attack make shore political support u likely blown maybe rest white house finish golden palace maybe new york california reduce number democratic voter maybe statue liberty symbolism suggestion think,https://kolektiva.social/@Quasit/116182908337472820,Military Action,Neutral,okay iran manages strike u territory far likely trump domestic false flag attack make shore political support u likely blown maybe rest white house finish golden palace maybe new york california reduce number democratic voter maybe statue liberty symbolism suggestion think,neutral,negative,negative,negative,positive,0.14285714285714285,0.14285714285714285
336,2026-03-06T15:20:01.000Z,ScottLucas,health ministry people kill injured attack since monday,https://journa.host/@ScottLucas/116182902492554212,Military Action,Neutral,health ministry people kill injure attack since monday,negative,negative,negative,negative,negative,-1.0,1.0
337,2026-03-06T15:16:47.000Z,ScottLucas,president pee skin country begin mediation effort end u war talk address start deal iran except unconditional surrender selection great amp acceptable leader,https://journa.host/@ScottLucas/116182889735628447,General Conflict,Neutral,president pee skin country begin mediation effort end u war talk address start deal iran except unconditional surrender selection great amp acceptable leader,neutral,negative,neutral,neutral,positive,0.3333333333333333,0.3333333333333333
338,2026-03-06T15:15:57.000Z,statsguy,do think u medium make nearly enough noise u navy sink unarmed iranian warship clear violation geneva convention leave drown heinous war crime medium would rightly arm country want nominally ally do,https://mas.to/@statsguy/116182886513066102,General Conflict,Pro-Iran,do think u medium make nearly enough noise u navy sink unarmed iranian warship clear violation geneva convention leave drown heinous war crime medium would rightly arm country want nominally ally do,negative,negative,negative,negative,negative,-0.25,0.25
339,2026-03-06T15:14:36.604Z,Lazarou,cry hard american asset come next election gotten go green maybe people leak whole fascist shit show try enable disagrees sellout fuck,https://mastodon.social/@Lazarou/116182881180031514,General Conflict,Neutral,cry hard american asset come next election gotten go green maybe people leak whole fascist shit show try enable disagrees sellout fuck,negative,negative,negative,negative,negative,-1.0,1.0
340,2026-03-06T15:10:31.274Z,PeterSoukup,must cease attack whf tell orange buddy start unnecessary war go fuck gut guess disappointment need leader like agent puppet,https://mastodon.social/@PeterSoukup/116182865100454895,Military Action,Pro-Iran,must cease attack whf tell orange buddy start unnecessary war go fuck gut guess disappointment need leader like agent puppet,negative,negative,negative,negative,negative,-0.6666666666666666,0.6666666666666666
341,2026-03-06T15:07:42.099Z,Billwill75,middle east missile defense shield could collapse day weight sustain conflict current interceptor stockpile could exhaust little four seven day trigger saturation scenario,https://mastodon.social/@Billwill75/116182854014689954,Military Action,Neutral,middle east missile defense shield could collapse day weight sustain conflict current interceptor stockpile could exhaust little four seven day trigger saturation scenario,neutral,negative,neutral,neutral,negative,-1.0,1.0
342,2026-03-06T15:00:18.380Z,publicnewsfeed,iranian israeli strike war enters seventh day iran war spread across middle east beyond entered seventh day israeli force announce next phase conflict bomb beirut southern suburb,https://mastodon.social/@publicnewsfeed/116182824934779731,General Conflict,Neutral,iranian israeli strike war enters seventh day iran war spread across middle east beyond entered seventh day israeli force announce next phase conflict bomb beirut southern suburb,neutral,negative,negative,negative,negative,-1.0,1.0
343,2026-03-06T14:57:13.507Z,DrALJONES,report u investigator say u military probably carry double tap strike kill mostly young girl iranian elementary school double tap strike kill one group wait medic amp civilian arrive order kill well,https://mastodon.social/@DrALJONES/116182812819403336,Military Action,Pro-Iran,report u investigator say u military probably carry double tap strike kill mostly young girl iranian elementary school double tap strike kill one group wait medic amp civilian arrive order kill well,negative,negative,negative,negative,negative,-0.6666666666666666,0.6666666666666666
344,2026-03-06T14:50:59.000Z,ai6yr,bic oil price jump qatar warn gulf production could stop within day,https://m.ai6yr.org/@ai6yr/116182788285956985,General Conflict,Neutral,bic oil price jump qatar warn gulf production could stop within day,negative,negative,neutral,negative,neutral,0.0,0.0
345,2026-03-06T14:47:44.000Z,ScottLucas,international medium u expand war end,https://journa.host/@ScottLucas/116182775549206144,General Conflict,Neutral,international medium u expand war end,neutral,neutral,neutral,neutral,neutral,0.0,0.0
346,2026-03-06T14:46:28.445Z,arniedxer.bsky.social,khz new frequency radio garda khz audio bandwidth like likely via kuwait use strongly dry arm super darn unrelated,https://fed.brid.gy/r/https://bsky.app/profile/did:plc:gzdjt2bb6zkdknijroh6tm6i/post/3mgfkj5yzv22m,General Conflict,Neutral,khz new frequency radio garda khz audio bandwidth like likely via kuwait use strongly dry arm super darn unrelated,neutral,neutral,neutral,neutral,positive,1.0,1.0
347,2026-03-06T14:45:15.281Z,vietnaminsider,seek safe passage energy shipment global oil supply face major disruption,https://mastodon.social/@vietnaminsider/116182765749244167,General Conflict,Neutral,seek safe passage energy shipment global oil supply face major disruption,neutral,negative,neutral,neutral,neutral,0.0,1.0
348,2026-03-06T14:40:31.005Z,Newson1,bomb fall city victim politician general family child doctor teacher worker try live live report iran conflict suggest even medical facility civilian area affect strike guardian people across world question whether war driven political interest ever truly justified humanitarian cost high,https://mastodon.social/@Newson1/116182747118923885,General Conflict,Neutral,bomb fall city victim politician general family child doctor teacher worker try live live report iran conflict suggest even medical facility civilian area affect strike guardian people across world question whether war driven political interest ever truly justified humanitarian cost high,neutral,negative,negative,negative,negative,-1.0,1.0
350,2026-03-06T14:36:54.361Z,vietnaminsider,surge past rule negotiation tehran face leadership vacuum,https://mastodon.social/@vietnaminsider/116182732921731600,General Conflict,Neutral,surge past rule negotiation tehran face leadership vacuum,neutral,neutral,neutral,neutral,neutral,0.0,0.0
351,2026-03-06T14:27:35.685Z,arniedxer.bsky.social,khz monologue arabic rather low modulation akin voice transmission flush face incidentally live find iris arabic khz miss move,https://fed.brid.gy/r/https://bsky.app/profile/did:plc:gzdjt2bb6zkdknijroh6tm6i/post/3mgfjhfpxwc2x,General Conflict,Neutral,khz monologue arabic rather low modulation akin voice transmission flush face incidentally live find iris arabic khz miss move,neutral,neutral,neutral,neutral,negative,-1.0,1.0
352,2026-03-06T14:25:36.000Z,ai6yr,acc u sink iranian ship raise question legality sink iranian warship tuesday u submarine thousand mile war zone international water raise question whether attack legal rule war,https://m.ai6yr.org/@ai6yr/116182688474313184,Military Action,Neutral,acc u sink iranian ship raise question legality sink iranian warship tuesday u submarine thousand mile war zone international water raise question whether attack legal rule war,neutral,neutral,neutral,neutral,negative,-1.0,1.0
353,2026-03-06T14:22:39.000Z,KimPerales,qatar police car light expect gulf energy producer shut export within week amp drive oil barrel energy min say alkaabieverybodypolice car light hast call force maj eure expect next day continue exporter gulf region call force make urea barrie gulf exporter start declare force make police car light become physical supply crisis global comm stock cover week right arrow brent alkali,https://toad.social/@KimPerales/116182676888002464,General Conflict,Neutral,qatar police car light expect gulf energy producer shut export within week amp drive oil barrel energy min say alkaabieverybodypolice car light hast call force maj eure expect next day continue exporter gulf region call force make urea barrie gulf exporter start declare force make police car light become physical supply crisis global comm stock cover week right arrow brent alkali,neutral,negative,neutral,neutral,neutral,0.0,1.0
354,2026-03-06T14:16:10.000Z,jawarajabbi,remember temp idiot mad man think happen iranian create condition ultimate taco trump always chicken,https://mastodon.online/@jawarajabbi/116182651385786123,General Conflict,Pro-Iran,remember temp idiot mad man think happen iranian create condition ultimate taco trump always chicken,neutral,negative,neutral,neutral,negative,-0.3333333333333333,0.3333333333333333
355,2026-03-06T14:15:43.000Z,downey,united nation police car light break declares middle east crisis major humanitarian emergency right arrow director emergency atari ito say conflict trigger significant population movement across region southwest asia nearly million people affected area already refugees internally displaced recent returnees place additional strain fragile host country,https://floss.social/@downey/116182649641338606,General Conflict,Neutral,united nation police car light break declare middle east crisis major humanitarian emergency right arrow director emergency atari ito say conflict trigger significant population movement across region southwest asia nearly million people affected area already refugees internally displaced recent returnees place additional strain fragile host country,neutral,negative,neutral,neutral,negative,-0.6,0.6
356,2026-03-06T14:15:37.000Z,simon_brooke,begin illegal war help oligarchs oligarchs newspaper full praise military us indeed illegal war,https://mastodon.scot/@simon_brooke/116182649240390219,General Conflict,Neutral,begin illegal war help oligarchs oligarchs newspaper full praise military u indeed illegal war,negative,negative,negative,negative,negative,-0.3333333333333333,0.3333333333333333
357,2026-03-06T14:10:50.516Z,DrALJONES,shock amp awe didst work iraq either political elite washington hat iranian government year thorn side u interest region u petroleum company bear much blame want get iran amp develop petroleum amp cant long government,https://mastodon.social/@DrALJONES/116182630433214888,General Conflict,Pro-Iran,shock amp awe didst work iraq either political elite washington hat iranian government year thorn side u interest region u petroleum company bear much blame want get iran amp develop petroleum amp cant long government,neutral,negative,negative,negative,neutral,0.09090909090909091,0.9090909090909091
358,2026-03-06T14:10:11.560Z,DrALJONES,analysis iran measure success would battlefield conquest turn war chronic dilemma washingtonian need raise cost prolong timeline amp widen theatre confrontation multi front crisis increasingly difficult control u experience iraq amp afghanistan military superiority without political victory,https://mastodon.social/@DrALJONES/116182627880523047,General Conflict,Neutral,analysis iran measure success would battlefield conquest turn war chronic dilemma washingtonian need raise cost prolong timeline amp widen theatre confrontation multi front crisis increasingly difficult control u experience iraq amp afghanistan military superiority without political victory,neutral,negative,neutral,neutral,negative,-0.5555555555555556,0.5555555555555556
359,2026-03-06T14:09:33.249Z,DrALJONES,interview trump clear plan iran u official resignation exactly warn ala charr tit ludicrous expect american people believe iran would attack u preemptively middle negotiation contradictory message trumpet al show little really think go war jasmine elgar al,https://mastodon.social/@DrALJONES/116182625369737993,Military Action,Neutral,interview trump clear plan iran u official resignation exactly warn ala charr tit ludicrous expect american people believe iran would attack u preemptively middle negotiation contradictory message trumpet al show little really think go war jasmine elgar al,neutral,negative,neutral,neutral,negative,-0.14285714285714285,0.14285714285714285
360,2026-03-06T14:08:45.000Z,KimPerales,kerensky highlight moral amp strategic poverty police car light u trump last year trump end military aid undermine ukrainian air defense try bully ukraine hand territory police car light roll red carpet u desperate ukrainian help trump admin police car light incompetent defense matter amp know chance trump decency say thanks brief,https://toad.social/@KimPerales/116182622260024062,Military Action,Neutral,kerensky highlight moral amp strategic poverty police car light u trump last year trump end military aid undermine ukrainian air defense try bully ukraine hand territory police car light roll red carpet u desperate ukrainian help trump admin police car light incompetent defense matter amp know chance trump decency say thanks brief,negative,negative,neutral,negative,neutral,0.0,1.0
361,2026-03-06T13:58:59.421Z,voyager21stC,report insight,https://mastodon.social/@voyager21stC/116182583831364255,General Conflict,Neutral,report insight,neutral,neutral,neutral,neutral,neutral,0.0,0.0
362,2026-03-06T13:56:40.835Z,atpgeo.com,red circle live stream ukraine iran amp fracture world rise red circle live stream geopolitics news calendar etc start,https://fed.brid.gy/r/https://bsky.app/profile/did:plc:k245sxjrjanxprhcm6mu36oj/post/3mgfhq55h3u2q,General Conflict,Neutral,red circle live stream ukraine iran amp fracture world rise red circle live stream geopolitics news calendar etc start,neutral,neutral,neutral,neutral,negative,-1.0,1.0
363,2026-03-06T13:56:35.000Z,SueInRockville,keep say trump vance rubin amp seth give shit many soldier die incompetence amp stupidity look arrow make ultimate sacrifice return home,https://mstdn.social/@SueInRockville/116182574413986654,General Conflict,Neutral,keep say trump vance rubin amp seth give shit many soldier die incompetence amp stupidity look arrow make ultimate sacrifice return home,negative,negative,negative,negative,negative,-0.6,0.6
364,2026-03-06T13:53:08.556Z,Lazarou,fanatical religious regime threaten world u,https://mastodon.social/@Lazarou/116182560836471494,General Conflict,Anti-Iran,fanatical religious regime threaten world u,negative,negative,negative,negative,negative,-1.0,1.0
365,2026-03-06T13:52:27.000Z,Geri,u already go patriot missile day attack iran make available year supply ukraine fight russia think say need know,https://mastodon.online/@Geri/116182558120904187,Military Action,Anti-Iran,u already go patriot missile day attack iran make available year supply ukraine fight russia think say need know,neutral,neutral,neutral,neutral,positive,0.3333333333333333,0.3333333333333333
366,2026-03-06T13:52:22.000Z,Akshay,power price europe swing wildly free sunlight expensive jason march day head price denmark swung per mph pm almost pm less four hour later price netherlands jump period similarly large swing belgium germany need way grid storage,https://eupolicy.social/@Akshay/116182557836699308,General Conflict,Neutral,power price europe swing wildly free sunlight expensive jason march day head price denmark swung per mph pm almost pm less four hour later price netherlands jump period similarly large swing belgium germany need way grid storage,neutral,neutral,neutral,neutral,negative,-0.3333333333333333,0.3333333333333333
367,2026-03-06T13:52:16.839Z,ChrisHolladay,woke still war still crazy people white house provoke escalation even high level still congress ball stop say crazy person scotus limit insanity hearty fuck bitch decide voting best interest know,https://mastodon.social/@ChrisHolladay/116182557447451434,General Conflict,Anti-Iran,woke still war still crazy people white house provoke escalation even high level still congress ball stop say crazy person scotus limit insanity hearty fuck bitch decide vote best interest know,negative,negative,negative,negative,negative,-0.75,0.75
368,2026-03-06T13:48:53.000Z,KimPerales,provide target information attack american force middle east st indication another major u adversary participate even indirectly war trumps ally north korea argentina putin betray gulf state livid macron aid la spain refuse american must rise amp work remove regime global sink deep,https://toad.social/@KimPerales/116182544143848481,Protest/Activism,Anti-Iran,provide target information attack american force middle east st indication another major u adversary participate even indirectly war trump ally north korea argentina putin betray gulf state livid macron aid la spain refuse american must rise amp work remove regime global sink deep,negative,negative,negative,negative,negative,-0.5,0.5
369,2026-03-06T13:42:02.600Z,HappytoBe,one key component usher deal middle east united arab emirate publish disdain u strike iran slap trump failure understand impact stability region long say usher fully understand viper deal nothing gnat tool reality may soon come strike,https://mastodon.social/@HappytoBe/116182517192041599,General Conflict,Neutral,one key component usher deal middle east united arab emirate publish disdain u strike iran slap trump failure understand impact stability region long say usher fully understand viper deal nothing gnat tool reality may soon come strike,negative,negative,negative,negative,negative,-0.5,0.5
370,2026-03-06T13:38:00.000Z,joenepraat,need pay right poor marginalise child etc go makeup do fall sleep do get numb do let overwhelm shock awe time rage machine wake keep awake,https://todon.nl/@joenepraat/116182501349607108,General Conflict,Neutral,need pay right poor marginalise child etc go makeup do fall sleep do get numb do let overwhelm shock awe time rage machine wake keep awake,negative,negative,neutral,negative,negative,-0.5,0.5
371,2026-03-06T13:29:22.000Z,ScottLucas,minister nawab salem drag abyss conflict seek choose mid massive force displacement southern lebanon south situation grave responsibility high,https://journa.host/@ScottLucas/116182467377585551,General Conflict,Neutral,minister nawab salem drag abyss conflict seek choose mid massive force displacement southern lebanon south situation grave responsibility high,neutral,negative,neutral,neutral,negative,-1.0,1.0
372,2026-03-06T13:20:19.000Z,newsbeep,day israel lose america photo daniel white house handout year february might remember day israel finally,https://newsbeep.org/@newsbeep/116182431789511645,General Conflict,Neutral,day israel lose america photo daniel white house handout year february might remember day israel finally,neutral,neutral,neutral,neutral,negative,-1.0,1.0
373,2026-03-06T13:08:09.508Z,RonSupportsYou,military personnel live lose cost terror time ask pres donald trump whether citizen worried retaliatory attack american soil follow iran strike shrug guess reply,https://mastodon.social/@RonSupportsYou/116182383952003726,Military Action,Anti-Iran,military personnel live lose cost terror time ask pres donald trump whether citizen worry retaliatory attack american soil follow iran strike shrug guess reply,neutral,neutral,negative,neutral,negative,-0.75,0.75
374,2026-03-06T13:07:00.000Z,yogthos,vessel traffic strait hormuz drop average ship day two hour thursday joint maritime information center report,https://social.marxist.network/@yogthos/116182379413722621,General Conflict,Neutral,vessel traffic strait hormuz drop average ship day two hour thursday joint maritime information center report,neutral,neutral,neutral,neutral,neutral,0.0,0.0
375,2026-03-06T12:53:25.292Z,idkfq,know right lucifer case believe right,https://mastodon.social/@idkfq/116182326003882419,General Conflict,Neutral,know right lucifer case believe right,neutral,neutral,neutral,neutral,positive,1.0,1.0
377,2026-03-06T12:44:59.000Z,yogthos,russia provide iran intelligence target u force official say violin,https://social.marxist.network/@yogthos/116182292866188584,General Conflict,Anti-Iran,russia provide iran intelligence target u force official say violin,neutral,neutral,neutral,neutral,positive,1.0,1.0
378,2026-03-06T11:31:19.000Z,metro.co.uk,brit arrive home say dubai like band still play titanic sank,https://fed.brid.gy/r/https://metro.co.uk/2026/03/06/brits-arriving-home-say-dubai-is-like-band-still-playing-titanic-sank-27257291/,General Conflict,Neutral,brit arrive home say dubai like band still play titanic sank,neutral,negative,neutral,neutral,positive,1.0,1.0
379,2026-03-06T12:33:19.927Z,DrALJONES,report u investigator say u military probably carry double tap strike kill mostly young girl iranian elementary school double tap strike kill one group wait medic amp civilian arrive order kill well,https://mastodon.social/@DrALJONES/116182247009412220,Military Action,Pro-Iran,report u investigator say u military probably carry double tap strike kill mostly young girl iranian elementary school double tap strike kill one group wait medic amp civilian arrive order kill well,negative,negative,negative,negative,negative,-0.6666666666666666,0.6666666666666666
380,2026-03-06T12:32:22.000Z,junesim63,washington western ally may privately uncomfortable visibly associate another illegal u israeli war support two year genocide gaza already make pact devil go back plan war iran year everything else smoke screen middle east eye,https://mstdn.social/@junesim63/116182243260850180,General Conflict,Pro-Iran,washington western ally may privately uncomfortable visibly associate another illegal u israeli war support two year genocide gaza already make pact devil go back plan war iran year everything else smoke screen middle east eye,negative,negative,negative,negative,negative,-0.6666666666666666,0.6666666666666666
382,2026-03-06T12:15:32.087Z,Newson1,decade critic warn military intervention middle east create instability rather solve problem current strike iran israel united state already kill large number people risk expand conflict across region business standard history show violence often lead violence create cycle become hard break every new war,https://mastodon.social/@Newson1/116182177027274319,General Conflict,Neutral,decade critic warn military intervention middle east create instability rather solve problem current strike iran israel united state already kill large number people risk expand conflict across region business standard history show violence often lead violence create cycle become hard break every new war,negative,negative,negative,negative,negative,-0.8,0.8
384,2026-03-06T11:53:45.000Z,mmdolbow,another early morning cut get wiz cant seem turn brain wish could predict could pop melatonin get back sleep keep brain occupy well let see gesture world,https://mapstodon.space/@mmdolbow/116182091406424561,General Conflict,Neutral,another early morning cut get wiz cant seem turn brain wish could predict could pop melatonin get back sleep keep brain occupy well let see gesture world,neutral,negative,neutral,neutral,positive,1.0,1.0
385,2026-03-06T11:52:33.000Z,blatnews,break european union let kerr starter know could always rejoin union,https://universeodon.com/@blatnews/116182086657112098,General Conflict,Neutral,break european union let kerr starter know could always rejoin union,neutral,neutral,neutral,neutral,negative,-1.0,1.0
386,2026-03-06T11:32:20.515Z,Mathrubhumi_English,iran launch wave missile strike deputy pm warns total war delhi summit,https://mastodon.social/@Mathrubhumi_English/116182007186181500,Military Action,Neutral,iran launch wave missile strike deputy pm warn total war delhi summit,negative,negative,negative,negative,negative,-1.0,1.0
387,2026-03-06T11:27:34.000Z,ScottLucas,ireland tonight show need support gulf state attempt de escalation u war iranian retaliation zone uncertainty much could escalate,https://journa.host/@ScottLucas/116181988442589460,General Conflict,Neutral,ireland tonight show need support gulf state attempt de escalation u war iranian retaliation zone uncertainty much could escalate,neutral,neutral,neutral,neutral,positive,1.0,1.0
388,2026-03-06T11:25:19.000Z,ScottLucas,international medium next u kill,https://journa.host/@ScottLucas/116181979599053987,General Conflict,Neutral,international medium next u kill,neutral,negative,neutral,neutral,negative,-1.0,1.0
389,2026-03-06T11:17:01.517Z,europeanspodcast,war still aggressors war choice choice take without europe table make language europe respond aggressor unsettle week good week bad week newsletter europe response escalate conflict middle east,https://mastodon.social/@europeanspodcast/116181946957887329,General Conflict,Neutral,war still aggressors war choice choice take without europe table make language europe respond aggressor unsettle week good week bad week newsletter europe response escalate conflict middle east,neutral,negative,neutral,neutral,negative,-0.6,0.6
393,2026-03-06T11:00:46.000Z,ScottLucas,defense force carry broad scale wave strike daniel area southern overnight target include command center executive council facility store drone attack israel,https://journa.host/@ScottLucas/116181883034334322,Military Action,Neutral,defense force carry broad scale wave strike daniel area southern overnight target include command center executive council facility store drone attack israel,neutral,negative,neutral,neutral,negative,-1.0,1.0
394,2026-03-06T11:00:18.657Z,publicnewsfeed,trump urge iranian kurd attack iran war widen israel say start broad scale wave attack infrastructure target tehran,https://mastodon.social/@publicnewsfeed/116181881234996830,Military Action,Neutral,trump urge iranian kurd attack iran war widen israel say start broad scale wave attack infrastructure target tehran,neutral,negative,negative,negative,negative,-0.3333333333333333,0.3333333333333333
395,2026-03-06T10:57:43.000Z,Free_Press,u bomb iranian drone carrier ship,https://mstdn.social/@Free_Press/116181871092947771,Military Action,Neutral,u bomb iranian drone carrier ship,negative,negative,negative,negative,negative,-1.0,1.0
396,2026-03-06T10:50:45.000Z,statsguy,epstein file claim trump release u justice department wonder want start war,https://mas.to/@statsguy/116181843659560099,General Conflict,Neutral,epstein file claim trump release u justice department wonder want start war,negative,negative,neutral,negative,positive,1.0,1.0
397,2026-03-06T10:47:57.000Z,junesim63,sustain disruption traffic hormuz would simply constitute energy crisis would also represent fertiliser shock price go dramatically supply go extension direct risk global food security iran war could create fertiliser shock often ignore global risk food price farming,https://mstdn.social/@junesim63/116181832655995441,General Conflict,Neutral,sustain disruption traffic hormuz would simply constitute energy crisis would also represent fertiliser shock price go dramatically supply go extension direct risk global food security iran war could create fertiliser shock often ignore global risk food price farming,neutral,negative,neutral,neutral,negative,-1.0,1.0
398,2026-03-06T10:47:37.000Z,Free_Press,seven day war last night first without single launch iran,https://mstdn.social/@Free_Press/116181831341670652,General Conflict,Neutral,seven day war last night first without single launch iran,neutral,neutral,neutral,neutral,neutral,0.0,0.0
400,2026-03-06T10:34:49.000Z,metro.co.uk,map show dwindle ship strait hormuz since iran attack,https://fed.brid.gy/r/https://metro.co.uk/2026/03/06/map-shows-dwindling-shipping-strait-hormuz-since-iran-attack-27256472/,Military Action,Neutral,map show dwindle ship strait hormuz since iran attack,neutral,neutral,neutral,neutral,negative,-1.0,1.0
401,2026-03-06T10:37:03.000Z,bocvip,iran war oil shock threaten unleash wave global inflation,https://vive.im/@bocvip/116181789820787601,General Conflict,Neutral,iran war oil shock threaten unleash wave global inflation,negative,negative,negative,negative,negative,-1.0,1.0
402,2026-03-06T10:30:27.889Z,koshivoicenews,police car light tehran attack tehran हमलरपरटस आशकदनय ask voice,https://mastodon.social/@koshivoicenews/116181763874592172,Military Action,Neutral,police car light tehran attack tehran हमलरपरटस आशकदनय ask voice,neutral,neutral,neutral,neutral,negative,-1.0,1.0
403,2026-03-06T10:25:53.000Z,Free_Press,iranian parliament member national security commission threaten live state television execute anyone defies regime include child child dare say word support enemy death sentence issue say,https://mstdn.social/@Free_Press/116181745908396298,General Conflict,Anti-Iran,iranian parliament member national security commission threaten live state television execute anyone defies regime include child child dare say word support enemy death sentence issue say,negative,negative,negative,negative,negative,-0.6,0.6
404,2026-03-06T10:18:30.814Z,Newson1,suffer civilian war new story middle east city destroy million displace entire generation force grow conflict zone late strike iran add another chapter tragic history report hundred kill thousand wound washington postman voice around world demand global power prioritize diplomacy instead military escalation,https://mastodon.social/@Newson1/116181716881010490,General Conflict,Neutral,suffer civilian war new story middle east city destroy million displace entire generation force grow conflict zone late strike iran add another chapter tragic history report hundred kill thousand wound washington postman voice around world demand global power prioritize diplomacy instead military escalation,negative,negative,negative,negative,negative,-1.0,1.0
405,2026-03-06T10:14:11.000Z,junesim63,scene southeastern tehran chaotic group teenage girl sit roadside face blank people run past woman hurriedly shove belonging car carefully place cage two cockatiel bird passenger seat others rush back damage apartment grab document electronics valuable,https://mstdn.social/@junesim63/116181699873315828,Military Action,Neutral,scene southeastern tehran chaotic group teenage girl sit roadside face blank people run past woman hurriedly shove belonging car carefully place cage two cockatiel bird passenger seat others rush back damage apartment grab document electronics valuable,neutral,neutral,neutral,neutral,negative,-0.3333333333333333,0.3333333333333333
406,2026-03-06T10:10:30.732Z,Gonews6,war often present necessary action reality always brutal bomb drop city distinguish soldier civilian critic argue israeli strike support united state intensify suffer iran push region closer wide war day violence continue innocent life lose world stay silent people die conflict driven political interest,https://mastodon.social/@Gonews6/116181685417973240,General Conflict,Neutral,war often present necessary action reality always brutal bomb drop city distinguish soldier civilian critic argue israeli strike support unite state intensify suffer iran push region closer wide war day violence continue innocent life lose world stay silent people die conflict driven political interest,negative,negative,negative,negative,negative,-0.6,0.6
407,2026-03-06T10:09:31.000Z,ScottLucas,say u military warns shortage interceptor protract missile drone retaliation receive request united state specific support protection give instruction provide necessary mean,https://journa.host/@ScottLucas/116181681566907559,Military Action,Neutral,say u military warns shortage interceptor protract missile drone retaliation receive request united state specific support protection give instruction provide necessary mean,neutral,neutral,neutral,neutral,positive,0.3333333333333333,0.3333333333333333
408,2026-03-06T10:09:16.000Z,ScottLucas,irish independent podcast year u relation minute scott lucas fiona shea han,https://journa.host/@ScottLucas/116181680551757348,General Conflict,Neutral,irish independent podcast year u relation minute scott lucas fiona shea han,neutral,neutral,neutral,neutral,neutral,0.0,0.0
409,2026-03-06T10:08:40.693Z,BPFreeSpeech,within hour u israeli airstrikes kill iran supreme leader ayatollah ali karen tehran impose near total internet shutdown cut million people journalist rely van starling smuggle video risk arrest even execution new espionage law backhand index pointing,https://mastodon.social/@BPFreeSpeech/116181678206604964,General Conflict,Neutral,within hour u israeli airstrikes kill iran supreme leader ayatollah ali karen tehran impose near total internet shutdown cut million people journalist rely van starling smuggle video risk arrest even execution new espionage law backhand index point,negative,negative,negative,negative,negative,-0.5,0.5
410,2026-03-06T10:05:33.000Z,everton137,remove religious lunatic power hat video white house yesterday via olga nest nova,https://social.vivaldi.net/@everton137/116181665913079748,General Conflict,Anti-Iran,remove religious lunatic power hat video white house yesterday via olga nest nova,negative,negative,neutral,negative,negative,-1.0,1.0
411,2026-03-06T10:00:28.000Z,newsbeep,sri lanka bring iranian sailor ashore ship seek help colombo sri lanka sri lanka begin transfer sailor iranian vessel,https://newsbeep.org/@newsbeep/116181645945255105,General Conflict,Neutral,sri lanka bring iranian sailor ashore ship seek help colombo sri lanka sri lanka begin transfer sailor iranian vessel,neutral,neutral,neutral,neutral,neutral,0.0,0.0
412,2026-03-06T10:00:16.663Z,publicnewsfeed,heavy attack hit tehran israeli strike pound beirut follow live coverage development middle east war enters seventh day,https://mastodon.social/@publicnewsfeed/116181645174703170,Military Action,Neutral,heavy attack hit tehran israeli strike pound beirut follow live coverage development middle east war enters seventh day,neutral,negative,negative,negative,negative,-1.0,1.0
413,2026-03-06T09:42:58.028Z,TheDailyPerspective,indonesia catch u alliance muslim anger iran war,https://mastodon.social/@TheDailyPerspective/116181577106828835,General Conflict,Neutral,indonesia catch u alliance muslim anger iran war,negative,negative,negative,negative,negative,-1.0,1.0
414,2026-03-06T09:13:19.000Z,pneumaculturist,examine origins discern get inkling something rather different close domain international oligarch exploit state power patriotic sentiment create world order american state much weak simply cease function oligarchical corridor,https://hcommons.social/@pneumaculturist/116181460517419457,General Conflict,Neutral,examine origins discern get inkling something rather different close domain international oligarch exploit state power patriotic sentiment create world order american state much weak simply cease function oligarchical corridor,neutral,negative,neutral,neutral,negative,-0.42857142857142855,0.42857142857142855
415,2026-03-06T09:00:19.257Z,publicnewsfeed,turkey fear pick bill washington war iran turkish president recap sayyid brogan intensify diplomatic effort end iran war iranian missile shot approach turkey country worry could among affected conflict rise oil price threaten nation fragile economy potential iranian,https://mastodon.social/@publicnewsfeed/116181409414670542,Military Action,Neutral,turkey fear pick bill washington war iran turkish president recap sayyid brogan intensify diplomatic effort end iran war iranian missile shot approach turkey country worry could among affected conflict rise oil price threaten nation fragile economy potential iranian,negative,negative,neutral,negative,negative,-0.6666666666666666,0.6666666666666666
416,2026-03-06T07:47:17.000Z,metro.co.uk,u sink warship trump warn iran surrender face guarantee death,https://fed.brid.gy/r/https://metro.co.uk/2026/03/06/us-sinks-warship-trump-warns-iran-surrender-face-guaranteed-death-27255668/,General Conflict,Neutral,u sink warship trump warn iran surrender face guarantee death,negative,negative,negative,negative,negative,-0.2,0.2
417,2026-03-06T08:13:12.000Z,metro.co.uk,emergency alert sent people dubai seek immediate shelter missile threat,https://fed.brid.gy/r/https://metro.co.uk/2026/03/06/emergency-alert-sent-people-dubai-to-seek-immediate-shelter-missile-threats-27255844/,Military Action,Neutral,emergency alert sent people dubai seek immediate shelter missile threat,negative,negative,negative,negative,negative,-1.0,1.0
418,2026-03-06T08:20:52.000Z,Sage7225,even dumber crazy iraq war,https://mas.to/@Sage7225/116181254327122009,General Conflict,Pro-Iran,even dumber crazy iraq war,negative,negative,negative,negative,negative,-1.0,1.0
419,2026-03-06T07:58:27.000Z,abolitionmedia,anna allah official say yemen declare state war ali al mad head yemen central organization control audit member anna allah political bureau tell blythe cradle spin exclusive interview march sanaa already declare state war comment signal potential intervention yemen point ongoing regional war spark u israeli aggression iran sanaa considers declare state war decision escalate depend battlefield condition say ask open front ask san force already enter fight directly mad tell blythe cradle first day leader anna allah sayyid abdul mali also announce full readiness confrontation consider declare state war confrontation determine time place engagement subject leaderships decision condition battle believe one front fight enemy within unified collective path respond speculation yemen position link gulf state directly enter war offensively say battle arab versus arab islamic country confrontation u direct military presence role region link position gulf decision bilateral communication offer regime could accept thing go say consider stand iran religious national duty front line confront project target entire region whether banner great israel new middle east remain steadfast support axis resistance confront israel u western country add cradle also ask anna allah member delay yemeni military intervention san decision yemen wait decision request axis resistance path one coordination exist within unified front yemeni decision strongly present part broad vision base act one nation confront single enemy victory achieve integration coordination question yemen red line say strategy base clear phase escalation enemy cross certain line move new stage approach test proven effective previously adopt support front support gaza genocide start gaza near allay yemeni arm force yak among first group intervene militarily alongside lebanon hezbollah iraqi resistance faction yak implement unprecedented naval blockade israel begin target vessel link israeli interest route israeli port operation inflict major blow global shipping israeli economy european u naval deployment fail deter sana yemen also targetednbspwashingtons warships u official say time intense naval combat since world war pius president donald trump launch major war yemen march kill hundred civilian massive bomb campaign fail prevent yak continue operation interview mad come iran launch nonstop drone missile operation israeli target u base gulf response unprovokednbspwarnbspinitiated washington tel avid tehran day ago iraqi resistance faction also target u base drone hezbollah begin military operation well target several israeli kava tank lebanese southernnbspborderjoint rocket missile barrage hezbollah iran launch toward israel wednesday first time source cradle,https://abolitionmedia.noblogs.org/29465/,Military Action,Pro-Iran,anna allah official say yemen declare state war ali al mad head yemen central organization control audit member anna allah political bureau tell blythe cradle spin exclusive interview march sanaa already declare state war comment signal potential intervention yemen point ongoing regional war spark u israeli aggression iran sanaa considers declare state war decision escalate depend battlefield condition say ask open front ask san force already enter fight directly mad tell blythe cradle first day leader anna allah sayyid abdul mali also announce full readiness confrontation consider declare state war confrontation determine time place engagement subject leaderships decision condition battle believe one front fight enemy within unified collective path respond speculation yemen position link gulf state directly enter war offensively say battle arab versus arab islamic country confrontation u direct military presence role region link position gulf decision bilateral communication offer regime could accept thing go say consider stand iran religious national duty front line confront project target entire region whether banner great israel new middle east remain steadfast support axis resistance confront israel u western country add cradle also ask anna allah member delay yemeni military intervention san decision yemen wait decision request axis resistance path one coordination exist within unified front yemeni decision strongly present part broad vision base act one nation confront single enemy victory achieve integration coordination question yemen red line say strategy base clear phase escalation enemy cross certain line move new stage approach test proven effective previously adopt support front support gaza genocide start gaza near allay yemeni arm force yak among first group intervene militarily alongside lebanon hezbollah iraqi resistance faction yak implement unprecedented naval blockade israel begin target vessel link israeli interest route israeli port operation inflict major blow global shipping israeli economy european u naval deployment fail deter sana yemen also targetednbspwashingtons warship u official say time intense naval combat since world war pius president donald trump launch major war yemen march kill hundred civilian massive bomb campaign fail prevent yak continue operation interview mad come iran launch nonstop drone missile operation israeli target u base gulf response unprovokednbspwarnbspinitiated washington tel avid tehran day ago iraqi resistance faction also target u base drone hezbollah begin military operation well target several israeli kava tank lebanese southernnbspborderjoint rocket missile barrage hezbollah iran launch toward israel wednesday first time source cradle,neutral,negative,neutral,neutral,negative,-0.4146341463414634,0.4146341463414634
422,2026-03-06T08:01:13.000Z,kentishfran,however trump think people send die sucker loser care,https://mastodonapp.uk/@kentishfran/116181177020017579,Military Action,Neutral,however trump think people send die sucker loser care,negative,negative,negative,negative,negative,-0.5,0.5
424,2026-03-06T07:59:12.000Z,ScottLucas,may assist defense gulf state iranian retaliation join u war head canadian military operation would within zone self defense,https://journa.host/@ScottLucas/116181169082588928,General Conflict,Neutral,may assist defense gulf state iranian retaliation join u war head canadian military operation would within zone self defense,neutral,neutral,neutral,neutral,neutral,0.0,0.0
425,2026-03-06T07:31:57.000Z,junesim63,time israel use massive firepower civilian infrastructure residential area break society population would expend energy survival rather resistance seth rubin declare washington war aim iran wilful savage demonstration mass destruction purpose demonstration,https://mstdn.social/@junesim63/116181061971402338,General Conflict,Pro-Iran,time israel use massive firepower civilian infrastructure residential area break society population would expend energy survival rather resistance seth rubin declare washington war aim iran wilful savage demonstration mass destruction purpose demonstration,negative,negative,negative,negative,negative,-0.6,0.6
426,2026-03-06T07:17:55.915Z,MarketForcesA,price diesel germany climb per litre result war iran adam automobile association say wednesday,https://mastodon.social/@MarketForcesA/116181006805375385,General Conflict,Neutral,price diesel germany climb per litre result war iran adam automobile association say wednesday,neutral,negative,neutral,neutral,neutral,0.0,0.0
427,2026-03-06T07:04:17.000Z,statsguy,see trump use iran war excuse give mate putin help hand fight war ukraine,https://mas.to/@statsguy/116180953183839332,General Conflict,Neutral,see trump use iran war excuse give mate putin help hand fight war ukraine,negative,negative,negative,negative,neutral,0.0,1.0
428,2026-03-06T06:46:30.375Z,Newson1,war often begin political speech consequence write live ordinary people current iran conflict critic say israel military campaign support receives united state intensified crisis increase civilian suffering world must ask whether endless war ever bring stability region already endure much violence,https://mastodon.social/@Newson1/116180883234234123,General Conflict,Neutral,war often begin political speech consequence write live ordinary people current iran conflict critic say israel military campaign support receives united state intensify crisis increase civilian suffering world must ask whether endless war ever bring stability region already endure much violence,neutral,negative,neutral,neutral,negative,-0.3333333333333333,0.3333333333333333
429,2026-03-06T06:00:19.987Z,publicnewsfeed,donald trump say u want involve choose iran next leader conflict spread donald trump insists say pick iran next supreme leader conflict reverberate throughout region,https://mastodon.social/@publicnewsfeed/116180701670965776,General Conflict,Neutral,donald trump say u want involve choose iran next leader conflict spread donald trump insists say pick iran next supreme leader conflict reverberate throughout region,neutral,negative,neutral,neutral,positive,0.2,0.2
430,2026-03-06T05:59:24.000Z,geliga,prediction prove wait last professor kiang warns u lose iran war,https://mastodon.world/@geliga/116180698057575218,General Conflict,Neutral,prediction prove wait last professor kiang warns u lose iran war,negative,negative,negative,negative,negative,-1.0,1.0
431,2026-03-06T05:51:30.684Z,Gonews6,behind every headline war real human story mother search child family flee home community turn ruin report massive airstrikes iran spark outrage among many observer accuse israel united state use overwhelming military force without regard humanitarian consequence history judge world respond crisis silence face suffer never neutral,https://mastodon.social/@Gonews6/116180666985891244,General Conflict,Pro-Iran,behind every headline war real human story mother search child family flee home community turn ruin report massive airstrikes iran spark outrage among many observer accuse israel united state use overwhelm military force without regard humanitarian consequence history judge world respond crisis silence face suffer never neutral,negative,negative,negative,negative,negative,-1.0,1.0
432,2026-03-06T05:45:14.987Z,Mathrubhumi_English,israel military chief warns operation iran move next phase fresh airstrikes hit tehran u force reportedly strike iranian drone carrier amid escalate middle east conflict,https://mastodon.social/@Mathrubhumi_English/116180642363945062,Military Action,Neutral,israel military chief warns operation iran move next phase fresh airstrikes hit tehran u force reportedly strike iranian drone carrier amid escalate middle east conflict,neutral,negative,negative,negative,negative,-0.3333333333333333,0.3333333333333333
433,2026-03-06T05:39:56.026Z,b7bird.bsky.social,get lilt fire miss publish play side youtubexipwqmwyrtrump fire kristi poem miss,https://fed.brid.gy/r/https://bsky.app/profile/did:plc:bgse2k6gs72yadkmdvftbk6y/post/3mgelxupv5s25,General Conflict,Neutral,get lilt fire miss publish play side youtubexipwqmwyrtrump fire kristi poem miss,neutral,neutral,neutral,neutral,negative,-1.0,1.0
434,2026-03-06T05:39:03.000Z,ai6yr,interest someone iran broadcast english anti trump content mhz hear sir europe look like technically iris voice iran wonder replay american accent know nowadays u u consider hostile propaganda include sanction criminal charge anyone catch work shortwave channel,https://m.ai6yr.org/@ai6yr/116180618045843575,General Conflict,Neutral,interest someone iran broadcast english anti trump content mhz hear sir europe look like technically iris voice iran wonder replay american accent know nowadays u u consider hostile propaganda include sanction criminal charge anyone catch work shortwave channel,neutral,negative,neutral,neutral,positive,0.14285714285714285,0.14285714285714285
435,2026-03-06T05:38:10.501Z,B_Bird,get lilt fire publish play side,https://mastodon.social/@B_Bird/116180614544983462,General Conflict,Neutral,get lilt fire publish play side,neutral,neutral,neutral,neutral,neutral,0.0,0.0
436,2026-03-06T05:37:42.024Z,TheDailyPerspective,six american soldier kill iran strike war cast shadow western alliance,https://mastodon.social/@TheDailyPerspective/116180612678916202,General Conflict,Neutral,six american soldier kill iran strike war cast shadow western alliance,negative,negative,neutral,negative,negative,-1.0,1.0
437,2026-03-06T05:20:17.000Z,newsbeep,look kurd relationship middle east brussels thousand battle harden kurd northern iraq prepare potential cross order military opera bush ford news,https://newsbeep.org/@newsbeep/116180544213259499,General Conflict,Neutral,look kurd relationship middle east brussels thousand battle harden kurd northern iraq prepare potential cross order military opera bush ford news,neutral,neutral,neutral,neutral,negative,-1.0,1.0
438,2026-03-06T05:08:23.000Z,ai6yr,news trump hint take action cuba iran military operation end,https://m.ai6yr.org/@ai6yr/116180497450146334,General Conflict,Neutral,news trump hint take action cuba iran military operation end,neutral,neutral,neutral,neutral,positive,1.0,1.0
439,2026-03-06T04:48:59.364Z,DrALJONES,interview already scenario u lose control war iran weak party capability create much long mayhem envision u amp israel political scientist valid nash,https://mastodon.social/@DrALJONES/116180421139354797,General Conflict,Neutral,interview already scenario u lose control war iran weak party capability create much long mayhem envision u amp israel political scientist valid nash,neutral,negative,neutral,neutral,negative,-0.3333333333333333,0.3333333333333333
440,2026-03-06T04:42:17.000Z,africa,africa iran war global trade cape route become new normal conversation africa event middle east february march disrupt flow ship trade eastern western sphere international system,https://journa.host/@africa/116180394803426362,General Conflict,Neutral,africa iran war global trade cape route become new normal conversation africa event middle east february march disrupt flow ship trade eastern western sphere international system,neutral,neutral,neutral,neutral,negative,-1.0,1.0
441,2026-03-06T04:36:30.769Z,Newson1,image come iran today heartbreaking destroy neighbourhood injured civilian family search love one report say conflict already kill thousand people leave thousand wounded short period time business standard observer believe diplomacy prioritize conflict could spread across middle east,https://mastodon.social/@Newson1/116180372079497122,General Conflict,Neutral,image come iran today heartbreaking destroy neighbourhood injured civilian family search love one report say conflict already kill thousand people leave thousand wound short period time business standard observer believe diplomacy prioritize conflict could spread across middle east,negative,negative,negative,negative,negative,-0.7142857142857143,0.7142857142857143
442,2026-03-06T04:30:04.000Z,BmeBenji,still support genocide perpetrate he also everything outdone,https://mstdn.social/@BmeBenji/116180346749821893,General Conflict,Pro-Iran,still support genocide perpetrate he also everything outdone,negative,negative,negative,negative,positive,0.3333333333333333,0.3333333333333333
443,2026-03-06T04:27:01.000Z,AssalRad,key point would satisfy solution bib prefers model chaos civil war fragmentation point trump see u aim diverge,https://mastox.eu/@AssalRad/116180334789210053,General Conflict,Neutral,key point would satisfy solution bib prefers model chaos civil war fragmentation point trump see u aim diverge,neutral,neutral,neutral,neutral,positive,0.5,0.5
444,2026-03-06T04:20:30.000Z,pattykimura,buy home heating oil workplace price jump cent gallon four day thanks trump war stupidity distract epstein child rapist,https://beige.party/@pattykimura/116180309122230100,General Conflict,Pro-Iran,buy home heating oil workplace price jump cent gallon four day thanks trump war stupidity distract epstein child rapist,negative,negative,negative,negative,negative,-0.3333333333333333,0.3333333333333333
445,2026-03-06T04:14:41.844Z,mzuhossain,iran country fight war country allah akbar,https://mastodon.social/@mzuhossain/116180286297926328,General Conflict,Pro-Iran,iran country fight war country allah akbar,negative,negative,negative,negative,neutral,0.0,0.0
446,2026-03-06T04:12:36.000Z,ai6yr,bailey cartoon jesus take wheel,https://m.ai6yr.org/@ai6yr/116180278051707907,General Conflict,Neutral,bailey cartoon jesus take wheel,neutral,neutral,neutral,neutral,neutral,0.0,0.0
447,2026-03-06T04:08:10.000Z,PariaSansPortefeuille,fuelled year assist tool use pentagon make military decision guide decision could cost life fast powerful flawed system already change war fight,https://jasette.facil.services/@PariaSansPortefeuille/116180260651832004,General Conflict,Pro-Iran,fuel year assist tool use pentagon make military decision guide decision could cost life fast powerful flawed system already change war fight,negative,negative,neutral,negative,positive,0.3333333333333333,0.3333333333333333
448,2026-03-06T03:57:14.918Z,Mathrubhumi_English,israel decide november eliminate iran supreme leader ali karen defence minister israel kate reveal israeli force continue airstrikes across tehran,https://mastodon.social/@Mathrubhumi_English/116180217686379711,General Conflict,Neutral,israel decide november eliminate iran supreme leader ali karen defence minister israel kate reveal israeli force continue airstrikes across tehran,neutral,negative,negative,negative,positive,1.0,1.0
449,2026-03-06T03:56:11.000Z,justincrozer,ironically protest adelaide australia involvement somebody palestine flag protest much do even know protest lose meaning,https://mastodon.green/@justincrozer/116180213553382004,Protest/Activism,Neutral,ironically protest adelaide australia involvement somebody palestine flag protest much do even know protest lose meaning,neutral,negative,neutral,neutral,negative,-1.0,1.0
450,2026-03-06T03:48:30.578Z,Gonews6,war propaganda always try justify violence destruction ground tell different story city burn hospital struggle treat wound family mourn dead critic say israel united state responsible escalate current conflict iran risk regional war could affect million people people middle east deserve peace another generation grow shadow war,https://mastodon.social/@Gonews6/116180183323410088,General Conflict,Pro-Iran,war propaganda always try justify violence destruction ground tell different story city burn hospital struggle treat wind family mourn dead critic say israel united state responsible escalate current conflict iran risk regional war could affect million people people middle east deserve peace another generation grow shadow war,negative,negative,negative,negative,negative,-0.8,0.8
451,2026-03-06T02:52:30.678Z,Newson1,history remember political speech war also live lost city destroy current military campaign involve israel united state iran already cause heavy casualty humanitarian concern washington post world truly want peace diplomacy justice must replace politics endless war,https://mastodon.social/@Newson1/116179963128858999,General Conflict,Neutral,history remember political speech war also live lose city destroy current military campaign involve israel united state iran already cause heavy casualty humanitarian concern washington post world truly want peace diplomacy justice must replace politics endless war,neutral,negative,neutral,neutral,negative,-0.6,0.6
452,2026-03-06T02:31:37.051Z,Mathrubhumi_English,president trump hint next agenda follow military campaign havana total energy blockade rubin lead charge tension hit break point,https://mastodon.social/@Mathrubhumi_English/116179880971320524,General Conflict,Neutral,president trump hint next agenda follow military campaign havana total energy blockade rubin lead charge tension hit break point,neutral,negative,negative,negative,neutral,0.0,1.0
453,2026-03-06T02:20:47.000Z,nemo,expert say catch escalation trap kyle kolinsky show,https://mas.to/@nemo/116179838408707431,General Conflict,Neutral,expert say catch escalation trap kyle kolinsky show,neutral,neutral,neutral,neutral,negative,-1.0,1.0
454,2026-03-06T01:51:30.673Z,Gonews6,image come iran today heartbreaking building destroy people trap rubble family force run home many voice around world accuse israel united state carry military campaign cause immense suffer civilian war government never destroy life innocent people humanity want future peace must reject war treat human live collateral damage,https://mastodon.social/@Gonews6/116179723266847396,General Conflict,Neutral,image come iran today heartbreaking building destroy people trap rubble family force run home many voice around world accuse israel united state carry military campaign cause immense suffer civilian war government never destroy life innocent people humanity want future peace must reject war treat human live collateral damage,negative,negative,negative,negative,negative,-0.2727272727272727,0.2727272727272727
456,2026-03-06T01:37:36.000Z,ai6yr,yikes target hotel imagine transit dubai stuck airport hotel get hit conversation iran target airport port hotel reaction u strike force gulf nation onto front line war want part,https://m.ai6yr.org/@ai6yr/116179668630799668,General Conflict,Anti-Iran,yikes target hotel imagine transit dubai stuck airport hotel get hit conversation iran target airport port hotel reaction u strike force gulf nation onto front line war want part,negative,negative,negative,negative,negative,-1.0,1.0
457,2026-03-06T01:33:07.621Z,mcorbettwilson,break u marine brian main miss arm violate st amendment right heres u senator tim sheet montana december trip israel shortly election describe various source first official act senator,https://mastodon.social/@mcorbettwilson/116179650977037225,General Conflict,Anti-Iran,break u marine brian main miss arm violate st amendment right heres u senator tim sheet montana december trip israel shortly election describe various source first official act senator,neutral,neutral,neutral,neutral,negative,-0.5,0.5
458,2026-03-06T01:19:38.312Z,Mathrubhumi_English,late trump say iran call deal u want fight,https://mastodon.social/@Mathrubhumi_English/116179597938147013,General Conflict,Neutral,late trump say iran call deal u want fight,negative,negative,negative,negative,positive,1.0,1.0
459,2026-03-06T01:13:43.000Z,DrJay,best capture thought united state submarine top iranian navy ship international water near sri lanka,https://mastodon.energy/@DrJay/116179574659683696,General Conflict,Neutral,best capture think united state submarine top iranian navy ship international water near sri lanka,neutral,neutral,neutral,neutral,positive,1.0,1.0
460,2026-03-06T00:57:23.723Z,Billwill75,strategic standoff iranian anti ship missile threat u navy carrier traditional naval battle persian gulf result clear iran conventional surface fleet decimate,https://mastodon.social/@Billwill75/116179510471872748,Military Action,Neutral,strategic standoff iranian anti ship missile threat u navy carrier traditional naval battle persian gulf result clear iran conventional surface fleet decimate,negative,negative,neutral,negative,neutral,0.0,1.0
461,2026-03-06T00:55:02.468Z,infomaxkorea,wall street major index tumble escalate u iran conflict fear drive oil price high dow plunge steep single day decline since april amid concern potential middle east war expansion global economic impact,https://mastodon.social/@infomaxkorea/116179501202433942,General Conflict,Neutral,wall street major index tumble escalate u iran conflict fear drive oil price high dow plunge steep single day decline since april amid concern potential middle east war expansion global economic impact,negative,negative,negative,negative,negative,-1.0,1.0
462,2026-03-06T00:54:48.000Z,BruceMirken,expect bill go thanks trump,https://mas.to/@BruceMirken/116179500291694564,General Conflict,Anti-Iran,expect bill go thanks trump,neutral,neutral,neutral,neutral,positive,1.0,1.0
463,2026-03-06T00:38:13.000Z,yogthos,least hospital health facility hit attack iran say,https://social.marxist.network/@yogthos/116179435119746076,Military Action,Neutral,least hospital health facility hit attack iran say,neutral,negative,negative,negative,negative,-1.0,1.0
464,2026-03-06T00:32:37.442Z,mcorbettwilson,snake president donald trump read poem make america great rally harrisburg pennsylvania april mark day office,https://mastodon.social/@mcorbettwilson/116179413069913072,Protest/Activism,Anti-Iran,snake president donald trump read poem make america great rally harrisburg pennsylvania april mark day office,neutral,neutral,neutral,neutral,positive,1.0,1.0
465,2026-03-06T00:31:17.454Z,publicnewsfeed,trump u role choose iran next leader president donald trump say want united state play role choose iran next supreme leader,https://mastodon.social/@publicnewsfeed/116179407827784399,General Conflict,Neutral,trump u role choose iran next leader president donald trump say want united state play role choose iran next supreme leader,neutral,neutral,neutral,neutral,positive,1.0,1.0
467,2026-03-06T00:22:12.000Z,cbcpolitics_mirror,liberal map hold call friday caucus raise concern carneys shift iran position foreign affair minister anita set brief liberal map friday morning government position war engulf iran surround country middle east privately publicly raise concern prime minister mark carneys initial statement regard,https://mastodon.hongkongers.net/@cbcpolitics_mirror/116179372102993681,General Conflict,Neutral,liberal map hold call friday caucus raise concern carneys shift iran position foreign affair minister anita set brief liberal map friday morning government position war engulf iran surround country middle east privately publicly raise concern prime minister mark carneys initial statement regard,neutral,neutral,neutral,neutral,negative,-0.5,0.5
468,2026-03-05T22:16:21.000Z,usa,report cent com suggest trump war iran likely last september recent development announce white house suggest war widen one expert say,https://murica.website/2026/03/report-centcom-suggests-trumps-war-in-iran-will-likely-last-through-september/,General Conflict,Neutral,report cent com suggest trump war iran likely last september recent development announce white house suggest war widen one expert say,neutral,negative,neutral,neutral,positive,1.0,1.0
469,2026-03-05T23:24:56.000Z,ai6yr,wonder pilot u air tanker deliberately push position data do feel like actual threat altitude think face,https://m.ai6yr.org/@ai6yr/116179146895591907,General Conflict,Neutral,wonder pilot u air tanker deliberately push position data do feel like actual threat altitude think face,neutral,neutral,neutral,neutral,positive,0.3333333333333333,0.3333333333333333
470,2026-03-05T23:22:06.767Z,RonSupportsYou,rob rogers write drew trump spend last decade presidential campaign criticize predecessor engage regime change forever war oops,https://mastodon.social/@RonSupportsYou/116179135808333629,General Conflict,Anti-Iran,rob rogers write drew trump spend last decade presidential campaign criticize predecessor engage regime change forever war oops,neutral,negative,neutral,neutral,neutral,0.0,1.0
471,2026-03-05T23:19:26.000Z,AntiracistHippie,verdant square radio playing david parkman show truly bad day people care reality,https://heads.social/@AntiracistHippie/116179125321303036,General Conflict,Neutral,verdant square radio playing david parkman show truly bad day people care reality,negative,negative,neutral,negative,negative,-1.0,1.0
472,2026-03-05T23:10:01.843Z,RonSupportsYou,sen brian chat war cost billion dollar day one month spend need save healthcare million american literally take away food healthcare regime change war choice,https://mastodon.social/@RonSupportsYou/116179088299332176,Protest/Activism,Anti-Iran,sen brian chat war cost billion dollar day one month spend need save healthcare million american literally take away food healthcare regime change war choice,negative,negative,negative,negative,neutral,0.0,0.0
474,2026-03-05T23:00:38.585Z,VerdantSquareRadio,play david parkman show truly bad day people care reality,https://mastodon.social/@VerdantSquareRadio/116179051385221436,General Conflict,Neutral,play david parkman show truly bad day people care reality,negative,negative,neutral,negative,negative,-1.0,1.0
475,2026-03-05T23:00:19.000Z,newsbeep,cost living soar healthcare take away trump spending billion per day war choice iran fresh reporting ongoing u assault iran could cost billion per day,https://newsbeep.org/@newsbeep/116179050138710961,General Conflict,Anti-Iran,cost living soar healthcare take away trump spending billion per day war choice iran fresh reporting ongoing u assault iran could cost billion per day,negative,negative,negative,negative,positive,0.3333333333333333,0.3333333333333333
476,2026-03-05T22:49:44.000Z,ai6yr,hmm look normal burning oil rig appear coast bahrain feb,https://m.ai6yr.org/@ai6yr/116179008494212383,General Conflict,Neutral,hmm look normal burning oil rig appear coast bahrain feb,neutral,neutral,neutral,neutral,negative,-1.0,1.0
477,2026-03-05T22:43:18.596Z,MatWright,canada u u plan evacuation citizen use one slight problem constant attack resident tell shelter place,https://mastodon.social/@MatWright/116178983229206488,Military Action,Neutral,canada u u plan evacuation citizen use one slight problem constant attack resident tell shelter place,negative,negative,negative,negative,negative,-1.0,1.0
478,2026-03-05T22:35:02.531Z,infomaxkorea,dow jones industrial average plunge first time nearly year iran war escalation fear spread real economy cyclical stock tumble software sector attract bargain hunter amid supply chain oil price concern threaten global growth,https://mastodon.social/@infomaxkorea/116178950718676162,General Conflict,Neutral,dow jones industrial average plunge first time nearly year iran war escalation fear spread real economy cyclical stock tumble software sector attract bargain hunter amid supply chain oil price concern threaten global growth,negative,negative,negative,negative,negative,-0.6,0.6
479,2026-03-05T22:30:36.000Z,CharlieMcHenry,toothless fail u washington house narrowly reject war power resolution thursday halt president donald trump attack iran early sign unease congress rapidly widen conflict reorder u priorities home abroad second vote many day senate defeat similar measure along party line lawmaker confront sudden reality represent wary american wartime entails life lose dollar spent alliance test president unilateral decision go war iran,https://connectop.us/@CharlieMcHenry/116178933255184772,Military Action,Neutral,toothless fail u washington house narrowly reject war power resolution thursday halt president donald trump attack iran early sign unease congress rapidly widen conflict reorder u priority home abroad second vote many day senate defeat similar measure along party line lawmaker confront sudden reality represent wary american wartime entails life lose dollar spend alliance test president unilateral decision go war iran,neutral,negative,neutral,neutral,negative,-0.6,0.6
480,2026-03-05T20:03:22.000Z,israelhayom.com,chief israel hold surprise move war enters next phase,https://fed.brid.gy/r/https://www.israelhayom.com/2026/03/05/idf-chief-israel-holds-more-surprise-moves-as-war-enters-next-phase/,General Conflict,Neutral,chief israel hold surprise move war enters next phase,neutral,neutral,neutral,neutral,neutral,0.0,0.0
481,2026-03-05T22:20:12.000Z,newsbeep,israel strike beirut southern suburb issue evacuation order beirut,https://newsbeep.org/@newsbeep/116178892403344399,Military Action,Neutral,israel strike beirut southern suburb issue evacuation order beirut,neutral,negative,neutral,neutral,negative,-1.0,1.0
482,2026-03-05T22:09:49.000Z,KimPerales,st hr police car light cost u right arrow budget acc si human casualty break heart incl dead u service member plus pal dead u police car light expend munition various type cent com provide specific use use past u air campaign guide analysis estimate till cost replenish u munition inventory like online basis cost arrow may come,https://toad.social/@KimPerales/116178851591565875,General Conflict,Anti-Iran,st hr police car light cost u right arrow budget acc si human casualty break heart incl dead u service member plus pal dead u police car light expend munition various type cent com provide specific use use past u air campaign guide analysis estimate till cost replenish u munition inventory like online basis cost arrow may come,neutral,negative,neutral,neutral,negative,-0.3333333333333333,0.3333333333333333
483,2026-03-05T21:59:46.000Z,Rania,broken heart kindhearted people fold hand child exhaust lose everything pensive face palm together please help share message goodness may reach u herb may god reward kindness,https://freesewing.social/@Rania/116178812035491780,General Conflict,Neutral,broken heart kindhearted people fold hand child exhaust lose everything pensive face palm together please help share message goodness may reach u herb may god reward kindness,positive,negative,positive,positive,neutral,0.0,1.0
484,2026-03-05T21:57:09.949Z,harbeider,name age kill share type primary school strike,https://mastodon.social/@harbeider/116178801783338153,General Conflict,Anti-Iran,name age kill share type primary school strike,neutral,neutral,neutral,neutral,negative,-1.0,1.0
485,2026-03-05T21:56:17.565Z,tuckfrump,trump pleasantly surprise roll floor laugh roll floor laugh roll floor laughing,https://mastodon.social/@tuckfrump/116178798349758083,General Conflict,Pro-Iran,trump pleasantly surprise roll floor laugh roll floor laugh roll floor laugh,positive,positive,neutral,positive,positive,1.0,1.0
488,2026-03-05T21:25:17.000Z,AntiracistHippie,verdant square radio play nicole handler show fire hired greg palest return,https://heads.social/@AntiracistHippie/116178676439772261,General Conflict,Neutral,verdant square radio play nicole handler show fire hire greg pale return,neutral,neutral,neutral,neutral,negative,-1.0,1.0
489,2026-03-05T21:22:00.434Z,nettarecosmico,every time rich powerful country corporation people attack exploit fabric civilization fray aggression contain fabric unravels stop entire world descend chaos war happen,https://mastodon.social/@nettarecosmico/116178663527171619,Military Action,Neutral,every time rich powerful country corporation people attack exploit fabric civilization fray aggression contain fabric unravels stop entire world descend chaos war happen,negative,negative,negative,negative,negative,-0.3333333333333333,0.3333333333333333
490,2026-03-05T21:20:14.000Z,AntiracistHippie,verdant square radio playing democracy go war former u official say clear plan,https://heads.social/@AntiracistHippie/116178656604452123,General Conflict,Neutral,verdant square radio playing democracy go war former u official say clear plan,neutral,neutral,neutral,neutral,positive,1.0,1.0
