row_id,ground_truth,glove_f0,glove_f1,glove_f2,glove_f3,glove_f4,glove_f5,glove_f6,glove_f7,glove_f8,glove_f9,glove_f10,glove_f11,glove_f12,glove_f13,glove_f14,glove_f15,glove_f16,glove_f17,glove_f18,glove_f19,glove_f20,glove_f21,glove_f22,glove_f23,glove_f24,glove_f25,glove_f26,glove_f27,glove_f28,glove_f29,glove_f30,glove_f31,glove_f32,glove_f33,glove_f34,glove_f35,glove_f36,glove_f37,glove_f38,glove_f39,glove_f40,glove_f41,glove_f42,glove_f43,glove_f44,glove_f45,glove_f46,glove_f47,glove_f48,glove_f49,glove_f50,glove_f51,glove_f52,glove_f53,glove_f54,glove_f55,glove_f56,glove_f57,glove_f58,glove_f59,glove_f60,glove_f61,glove_f62,glove_f63,glove_f64,glove_f65,glove_f66,glove_f67,glove_f68,glove_f69,glove_f70,glove_f71,glove_f72,glove_f73,glove_f74,glove_f75,glove_f76,glove_f77,glove_f78,glove_f79,glove_f80,glove_f81,glove_f82,glove_f83,glove_f84,glove_f85,glove_f86,glove_f87,glove_f88,glove_f89,glove_f90,glove_f91,glove_f92,glove_f93,glove_f94,glove_f95,glove_f96,glove_f97,glove_f98,glove_f99
0,negative,0.029714534,0.23471163,0.2898856,-0.024562633,0.024493294,0.006891597,-0.20630129,0.07082716,0.14723031,0.022275757,0.044112172,0.0029692883,-0.037074905,0.22706804,-0.043475974,-0.025646739,0.03420396,-0.24719922,-0.4474063,0.30956852,0.28353274,0.20841351,0.23029177,0.1260333,0.04835967,-0.3444283,-0.048625253,-0.18372068,0.39097783,-0.07258338,-0.1566795,0.05115837,-0.090914614,-0.11827506,0.20101054,0.054335263,0.24290165,0.015754761,-0.13351274,-0.21422501,-0.54516834,-0.14370313,0.29561582,-0.14865501,0.21995372,-0.12286821,0.48367032,-0.050775833,0.01909169,-0.5071866,0.04539828,0.20636782,-0.035340432,0.8223937,-0.2616794,-1.884418,-0.069577195,-0.1439633,1.2160587,0.48047313,0.012163301,0.45351315,-0.03260674,-0.30671406,0.6641812,0.07098899,-0.2508113,0.4297746,0.038363956,-0.06491362,0.12970667,-0.45637494,-0.40255055,-0.22880502,0.1660593,0.03648794,-0.09287575,0.00968583,-0.6452723,0.10610805,0.6747241,-0.08801467,-0.3303957,0.14654778,-0.966812,-0.22753085,-0.18770878,0.028120402,-0.20566586,-0.26894635,-0.03375431,-0.07461162,-0.0013455965,0.063299105,-0.45000145,0.18852316,-0.25438157,-0.024013288,0.38020596,-0.0047094217
1,negative,-0.19300306,0.21313375,0.28171223,-0.33304864,0.06461141,-0.07151208,-0.25281918,-0.114139274,-0.070747346,0.104466856,0.0595709,0.10444286,-0.005109552,-0.116935216,-0.04425089,0.028932996,-0.02300133,-0.024572257,0.0459747,-0.21370845,0.19908439,-0.15507211,0.036609355,-0.008121026,0.16876602,0.044754945,-0.24692787,-0.2692305,0.047113225,-0.1738444,0.031185139,0.128108,0.032812435,-0.044263676,-0.004061767,0.13655944,-0.09246799,0.044730954,0.027767234,0.10485474,-0.2674343,-0.15648635,0.31539223,-0.26378125,-0.0301141,0.012943217,0.091219835,-0.06133349,-0.14014459,-0.4528741,0.14287053,-0.029108567,-0.099744804,0.9268956,0.14382572,-2.0270844,0.13622838,-0.044565864,1.2270161,0.49216762,-0.10238805,0.22856118,-0.18093936,0.024583519,0.5792579,-0.06792857,0.21071069,0.25795594,0.281214,-0.1994696,0.18991064,-0.3062297,-0.45958605,0.030002147,-0.022495423,-0.023281971,-0.17263195,0.09396353,-0.6601491,0.18351202,0.7372195,-0.07621867,-0.15010776,-0.12772399,-0.8717462,-0.34999844,0.059562944,0.010866663,-0.1451666,-0.3701189,0.053880922,0.13462535,-0.24665658,0.09782128,-0.27293476,-0.108330205,0.25088963,0.00055975537,0.5516288,-0.1769525
2,negative,0.020292964,0.36794546,0.51286757,-0.045146026,-0.042350058,-0.016303696,-0.18681158,-0.14042893,0.18681985,0.23111533,0.007867618,0.022997776,0.19992611,-0.016199114,-0.04866663,-0.11837986,0.079891145,0.12929477,-0.45860758,0.34208453,0.35509744,-0.05995411,-0.0049960124,0.015397171,0.14902285,0.23526573,-0.15493612,-0.18626752,0.2962208,-0.022178698,0.028326398,0.33961275,0.008070682,-0.12511638,0.016057104,0.061106857,0.04508817,-0.024154603,0.05567937,-0.17116673,-0.48286986,-0.03171368,0.038945958,-0.24023286,0.039352056,-0.1704525,-0.00029931666,-0.12776686,-0.3016775,-0.49384817,0.035999052,0.06751186,0.102164775,0.9256839,-0.17613931,-1.6005813,0.1858836,-0.16302074,1.1015662,0.27641422,0.020890975,0.45236495,-0.19884576,-0.17887707,0.68529326,0.20227204,0.24052973,0.28582114,0.007212017,-0.18758394,0.17655475,-0.3261932,-0.17162584,0.11422544,0.07717,0.023228405,0.013517155,-0.06941608,-0.7533423,0.23957843,0.6040809,0.14459057,-0.26362708,0.17260008,-1.0395403,-0.123683974,-0.071929865,-0.008312689,-0.04218328,-0.29094622,-0.06650365,-0.17359312,0.13110457,-0.017751496,-0.44149882,-0.09148278,-0.25970593,-0.21287002,0.2103913,-0.11453893
4,negative,0.048361916,0.016869972,0.5646499,-0.2535914,-0.32454,0.25348416,-0.1307384,0.04402181,0.17513537,-0.029988315,0.19680896,0.1078773,0.065608405,0.010591803,0.10474674,-0.011736114,-0.059638623,0.16387397,-0.21713707,0.36514744,0.30644062,0.16822784,-0.13164434,-0.28640684,0.097675934,0.22777964,-0.3528576,-0.26132214,0.018069966,-0.05493578,-0.06488586,0.4238157,0.02564217,-0.15502399,0.008495113,0.08135146,-0.2866993,-0.040752914,0.10245611,-0.19408013,-0.32281652,0.030870486,0.2532033,-0.21280913,-0.3777105,-0.063801326,0.16526647,-0.14693297,-0.2992249,-0.79064196,0.23237942,-0.02708016,0.06355175,0.90938485,-0.12807222,-2.0514703,0.09128551,0.1409603,1.3533078,0.23087855,-0.18466045,0.7131514,-0.41430807,-0.16421382,0.7137163,-0.027997587,0.56420517,0.29236642,-0.09306908,-0.28258336,-0.032623563,-0.3149908,-0.021509152,-0.24567014,0.11481121,0.2542924,-0.06885075,-0.042984366,-0.56320375,0.004770066,0.5024976,0.00016030055,-0.3315062,0.008796513,-1.329348,-0.111173175,-0.09781318,-0.12576632,-0.26883635,-0.4966422,-0.08021627,-0.10652409,-0.041442495,-0.04997065,-0.44279608,0.014597237,-0.1760628,-0.19886404,0.34932733,0.27596676
6,negative,-0.0033093542,0.07762417,0.3214918,-0.17343584,0.1011299,-0.09292087,-0.20200272,0.2540071,0.08102195,0.41612852,0.5428902,0.24977389,0.23283161,0.11221659,0.16384085,-0.11386039,-0.019100228,0.13054775,-0.31322995,0.32791868,0.3175318,-0.011671078,0.12608923,-0.015636673,0.3675271,0.12714763,-0.24203256,-0.039221298,-0.013996787,0.123395145,-0.11682901,0.020442337,0.24578717,0.36138013,-0.007951016,0.0106314225,-0.04126846,0.0032545547,0.43307832,-0.06528344,-0.357826,-0.11966844,-0.013564343,0.16509628,0.55133355,0.1985029,0.04613438,0.22286993,0.20349711,-0.21437117,-0.22512922,0.10907728,0.19819865,0.9021826,-0.07592127,-1.7466673,-0.3241799,0.20460825,1.1865679,0.4935781,-0.14227808,0.6994512,-0.022375563,0.2223508,0.134646,0.090715535,0.29478064,0.05399409,-0.23858753,-0.06988589,-0.20633823,-0.13136628,0.013374998,-0.11455583,0.081090316,-0.2747935,0.3510675,0.14638251,-0.40499142,0.26237854,0.5651637,0.007454073,-0.2388495,0.0029911187,-0.30877665,-0.40144473,0.06823671,-0.06478953,0.110318445,0.01619847,0.26334366,-0.008370851,0.052486025,-0.08239394,-0.23667336,0.21087441,-0.076610245,-0.17425378,0.22847185,-0.22814076
7,negative,0.21478601,0.17016125,-0.31373176,0.0313753,0.106933184,0.22617413,-0.61122245,0.41840896,-0.0843413,0.47635368,0.090133645,-0.0659331,0.31427717,0.37741336,-0.44925964,0.0656591,-0.20540138,-0.2668322,-0.5432539,-0.28483745,0.8395457,0.0057082525,0.2659986,-0.21368991,0.24600963,-0.36462602,0.06936406,0.08339691,0.5624879,0.15611869,-0.26314628,0.21205416,-0.004987053,0.15166393,-0.138564,0.27034897,0.26922724,-0.02276749,-0.19927342,-0.19298488,-0.5845094,-0.1403924,0.33828875,-0.014637494,0.7345502,-0.3090319,-0.078452066,-0.046523064,0.04879538,-0.2764214,0.4509117,-0.08557723,0.27240264,0.8611704,-0.56613326,-1.6991129,-0.44668606,-0.18597716,1.3414029,0.07148395,-0.31687748,0.33505788,-0.19456768,-0.32132906,0.16801566,-0.01241042,-0.12774423,0.11396486,0.104971506,-0.050418526,-0.28830007,-0.29366103,-0.41303462,-0.691348,0.19629166,0.21600552,0.89930165,0.036938325,-0.98618376,0.07812811,0.663462,-0.28090987,0.020369943,-0.067207165,-0.893541,-0.13556741,0.2155212,-0.017925365,0.11317021,-0.04272167,0.28624648,-0.18157679,0.0037528272,0.08699189,-0.54166496,0.2960571,0.012669272,0.4173955,0.30880198,0.00014366287
8,negative,-0.0837852,0.0144695565,0.25532943,-0.11959325,-0.012768864,0.17347862,-0.18642902,0.1262409,0.10417458,0.07802531,-0.04118118,-0.0038930674,0.016538607,0.016745972,-0.04642896,-0.094009966,0.1731193,0.14164104,-0.23457317,-0.010993754,0.2620771,0.048877142,0.06606963,-0.00524455,0.021113286,-0.013952912,-0.21556847,-0.32766384,0.04873593,-0.049660202,0.06443609,0.3268761,0.08172793,-0.057068553,0.054376703,0.17142154,-0.013591807,-0.0029581955,0.039663527,0.03337458,-0.15560873,-0.25659138,-0.08898189,-0.11759923,0.010844121,0.017570607,0.106410086,-0.15684779,-0.073871605,-0.5268973,-0.10467146,-0.12627056,-0.008331144,0.6200706,0.037038766,-1.3540943,-0.03085305,0.13371529,1.0476243,0.21269514,-0.14194606,0.31988046,-0.15933917,-0.07314655,0.36754695,0.061775085,0.26126537,0.06850857,0.063660905,0.015468832,0.14603041,-0.2381722,-0.12804337,-0.28562853,-0.016657928,-0.07255254,0.006482776,0.05547373,-0.5375297,-0.12558618,0.2724307,0.04991076,-0.108142376,0.13125941,-0.7152067,-0.035380412,-0.06209764,-0.071908355,0.00024148796,-0.35629874,0.144263,-0.054786112,-0.058480546,-0.006983732,-0.2854063,-0.03597996,-0.01906578,-0.16188802,0.36576912,0.1369916
9,neutral,0.09638313,0.28625736,0.30075383,-0.15664503,-0.24422,0.30018893,-0.18775547,0.051154006,0.1973719,0.1738619,0.022052085,0.081667475,0.39451885,-0.06147316,-0.037787568,0.044372503,-0.14891146,0.0321236,-0.55367905,0.36662474,0.19730698,-0.117309794,-0.055272054,-0.06395642,-0.03164592,-0.1676417,-0.025188899,-0.36344504,0.4071683,0.14869729,-0.08384482,0.3252736,0.0769283,0.16854848,-0.0009754854,0.0038319055,-0.032166295,0.051823396,0.0650877,-0.34729353,-0.453401,-0.044424795,0.22742952,-0.32688048,-0.25882012,-0.27116567,0.29061997,-0.26193446,-0.10868818,-0.5590595,0.04992502,-0.14533529,0.10487544,0.5535743,-0.3421419,-1.162208,-0.021873688,-0.07883541,1.0552386,0.19734688,-0.48476914,0.38649344,-0.20015815,-0.18889454,0.39979568,0.18664795,0.19258772,0.27503464,-0.28681484,0.327565,-0.007746539,-0.31058836,-0.37758732,-0.14467049,-0.20433895,0.257297,0.2925536,0.18405809,-0.5380502,-0.02072153,0.5077817,-0.1301589,-0.045890495,0.043484125,-0.71920484,-0.20699883,-0.07465737,0.19738574,0.014425753,-0.21617071,0.036501925,-0.20673403,-0.18711075,-0.109990805,-0.43316796,0.044636145,-0.058832016,0.06089622,0.13425322,0.27094868
10,negative,-0.021206422,0.18992765,0.44097507,-0.40882197,-0.1612685,0.23377468,-0.017675752,0.17180258,0.013085675,-0.22500391,0.16041344,0.023866111,0.32090393,-0.092909515,0.20716803,-0.19803709,-0.05678909,-0.03675647,-0.2254075,0.39267024,0.5496538,0.055930194,0.14041243,0.10313859,0.20483895,-0.0971025,-0.17829198,-0.24987563,0.22250324,-0.013763522,0.06356477,0.40556663,0.008192706,-0.24717392,-0.15610367,0.15862976,-0.08097521,0.21498962,0.0048707775,-0.10467131,-0.23978847,-0.15945458,0.07094017,-0.24220799,0.009207636,-0.1701759,0.28999892,-0.22587387,-0.005183779,-0.87851167,0.0044670496,-0.14144766,0.1751974,0.89763886,-0.2906572,-2.5700278,-0.09477084,0.047920108,1.5977932,0.5756377,-0.07191731,0.9429754,-0.57220215,-0.19825433,0.5354117,-0.016660465,0.52923256,0.23080662,0.080197625,0.011361182,-0.13395989,-0.21401414,-0.16055267,-0.031915236,0.115661606,0.19229144,-0.017397016,0.030955303,-0.76124036,-0.10652634,0.5327379,-0.063180506,-0.4085118,0.13092913,-1.2319454,-0.4125632,-0.062440723,-0.063377954,-0.22645785,-0.43235096,0.24491966,-0.048037183,-0.07980483,0.055220235,-0.57054,0.104354896,-0.06224834,-0.2376739,0.4309292,0.18821022
11,negative,0.060246937,0.14951144,0.5746396,0.1577133,-0.0648384,0.029472608,-0.11419759,-0.014456572,-0.121925764,0.34485552,-0.06489383,0.2808921,0.20748302,0.19872534,-0.20360713,-0.000345917,-0.04265357,-0.09773535,-0.35508892,0.32368,0.08755506,0.21139477,0.1497521,0.068024255,-0.10178915,-0.042052202,-0.14248596,-0.1777305,0.20380543,0.064284295,-0.2097424,0.33715722,-0.20636235,-0.35860595,0.06342698,0.042781357,0.015758915,-0.06258398,0.07186683,0.017305862,-0.22476985,-0.31183073,0.19738777,-0.24635309,0.11160148,-0.2801177,0.1862565,-0.098030105,0.055488363,-0.48096362,0.3038636,0.009655406,-0.025225746,0.8953111,-0.19010702,-1.970639,0.14953506,-0.045510717,1.3732764,0.40201166,-0.18096071,0.67314667,-0.32756376,0.052076012,0.6781863,0.021160439,0.18388452,0.22027515,0.07653917,0.047490854,-0.09404004,-0.3312516,-0.03648404,0.09652106,0.1254975,0.008874459,-0.029419944,0.3190002,-0.64737844,0.06293176,0.7347662,-0.053890027,-0.3126644,-0.019902078,-1.3720052,-0.18139786,-0.27851915,0.040811013,-0.1732694,-0.31975925,0.017481046,-0.076983266,-0.21469505,0.11220952,-0.23352543,0.18281467,-0.23408698,-0.13584638,0.34656537,0.10654892
12,neutral,-0.12814435,0.10320359,0.26359606,0.006637767,-0.1754586,-0.36665773,-0.48237124,-0.157058,0.030379144,0.096699655,-0.15289527,0.037780177,0.18002582,-0.06322954,-0.1484031,-0.26635197,-0.13598539,-0.10975362,-0.25976744,-0.10036931,0.06335301,-0.12627704,-0.13092807,0.13235955,-0.26744068,0.035970196,0.0011777021,-0.31863454,0.016167136,-0.057447523,-0.060790315,0.3844148,-0.22475654,-0.09133625,-0.24852537,0.09494758,0.173121,-0.038548596,-0.2713046,-0.031198435,-0.41987208,-0.28191206,0.100267425,-0.121952035,0.11828241,-0.01573861,0.23872581,-0.18422262,-0.3596555,-0.75220835,0.060153157,0.021971654,-0.017581057,0.8108044,0.10736598,-1.8232076,0.24184583,-0.50248355,1.3558733,0.33519378,-0.11764001,0.15558931,-0.21057726,-0.07927384,0.62237704,0.1336325,-0.07002839,0.21604586,0.23661703,-0.3017674,0.22357707,-0.32528305,-0.3623451,-0.2988689,0.12763421,0.03310358,-0.1942552,0.15661961,-0.67717385,0.111431815,0.7279637,0.06017706,-0.24542238,0.1468375,-0.95727146,-0.03431961,0.08567103,0.09706759,-0.27603352,-0.48416024,-0.2840891,0.0029409686,-0.22713785,-0.3108386,-0.37777153,0.30196455,0.29994243,-0.23151875,0.4968929,0.1064111
13,negative,-0.29141816,-0.0031589912,0.07259022,0.10537381,-0.12958576,-0.60456926,-0.21584687,-0.08631714,-0.039824784,0.21943828,0.121062286,-0.10768503,0.053966478,-0.2788557,0.121234305,-0.36518726,-0.15757072,-0.1183353,-0.31077427,0.08133021,0.4717843,0.028592793,0.1376467,0.2232999,-0.12531988,0.21223626,-0.22912055,-0.34397724,0.42603892,-0.13054949,0.049377132,0.37064236,-0.11233322,-0.0031355913,0.0030150458,0.29505515,0.2083461,-0.2169096,0.018472454,-0.017326364,-0.4920225,-0.3015386,-0.06179828,0.112987496,0.1836136,-0.105535835,0.6527063,-0.35441703,0.14131682,-0.9221957,0.20388532,0.15163551,0.18520325,0.9793887,0.12358306,-1.7313355,0.22183478,-0.052426413,1.4321333,0.16411161,0.045705613,0.37651867,-0.072837085,0.046734594,0.3074404,0.47746804,-0.0441663,-0.15415177,0.37712654,-0.18251316,0.44516468,-0.5396147,-0.12547381,-0.24658225,0.3000065,-0.059213758,-0.053273153,-0.09973184,-0.34240377,-0.047353435,0.5243444,-0.06622368,-0.45718503,-0.060673468,-0.7345329,-0.08892899,0.264243,0.10917845,0.15995055,-0.0657638,-0.0031901563,0.21037468,-0.302638,-0.002174274,-0.5163737,-0.13146338,0.12168001,0.10595938,0.47084025,0.11967966
14,neutral,0.06322355,0.46734175,0.46039248,-0.5846208,0.039563496,-0.081351124,-0.16786218,0.33823192,0.058538962,0.0068671596,0.49334303,0.07141797,0.41751948,0.10483638,-0.2866569,-0.07239115,-0.16200964,0.2581555,-0.5915477,0.4313964,0.51367974,0.4014007,0.20551617,-0.26923448,0.086385176,0.14128095,-0.6140283,-0.18295039,0.23607874,0.1386973,-0.3562976,0.66153,0.15516156,0.052049324,0.17448708,0.18223038,-0.33088294,0.070402086,-0.09006734,-0.017732356,-0.083214395,0.11076161,-0.10353412,-0.4346729,-0.3841277,-0.50883514,0.6578185,-0.40387157,0.11269373,-0.9463464,-0.15824096,0.12825185,0.18975528,0.9537375,-0.11841501,-2.480875,0.028994916,0.35161856,1.4027823,0.4532727,-0.3256432,0.21823817,-0.24163996,-0.061635826,0.88850194,0.4096969,0.6381802,0.15338038,-0.34720656,0.085834526,0.3707837,-0.14020114,-0.20475428,-0.37816092,0.28441885,0.16044503,-0.17769618,-0.0517141,-0.5071236,0.16942286,0.5429238,0.19501573,-0.70266694,-0.027071705,-1.4001436,-0.10814904,-0.00553626,0.19862904,-0.17148037,-0.51159185,-0.05677909,0.051484134,-0.20715755,-0.2600117,-0.5735467,0.10426264,0.01477846,-0.19225791,0.27342895,0.41522852
15,negative,0.026780915,0.19937508,0.3307065,-0.27622938,-0.19727854,0.34427276,-0.4213103,0.17335832,0.13686748,-0.18769613,-0.06717802,0.04713719,0.04727913,0.06724017,0.11502963,0.044698566,0.19551384,0.2350714,-0.46781254,0.33948678,0.13726552,0.038300302,0.089793384,-0.10325355,0.077626325,0.10372048,-0.11846867,-0.50419205,0.11455619,-0.0788535,-0.023838278,0.42902064,0.080614634,0.004903799,-0.12056689,0.11260251,-0.15299101,0.16524258,0.08088626,-0.2817725,-0.33333015,-0.043677773,-0.15084314,-0.40334606,-0.19804706,-0.01455998,0.010807687,-0.037202455,-0.2390914,-0.5275495,0.01766721,-0.027858676,0.1941749,0.82243437,-0.20728867,-1.534032,0.18905693,0.09178061,1.1994904,0.41521344,-0.04909741,0.5104299,-0.34840393,-0.18365707,0.6895494,0.26323155,0.2584777,0.2319062,0.16566627,-0.21844372,0.05469599,-0.24811698,-0.08368308,-0.3097376,0.063004844,0.083831236,-0.2886813,-0.02087191,-0.6192231,-0.16601714,0.33054435,0.08960861,-0.022413358,0.072197594,-1.2718604,-0.08482983,-0.006630115,0.01116777,-0.28290427,-0.44606677,0.11424089,-0.2307773,0.036799565,0.14222969,-0.2985617,0.012520531,-0.09912287,-0.42187485,0.29390407,-0.0026462453
16,neutral,-0.14933053,0.23885107,0.33093727,0.11065499,0.07490183,-0.18353197,-0.23407106,-0.0092151025,0.17125186,-0.12431739,-0.13215384,-0.16139065,0.11795173,-0.0038273248,0.08856852,-0.17102218,0.108827814,0.014418387,-0.31291687,-0.12201668,0.18487868,-0.11619166,-0.0092110885,0.108880095,0.009513409,-0.17791262,-0.039849143,-0.13863209,0.11554455,0.0065499153,-0.21516265,0.13712272,0.025124583,0.09561147,-0.04086306,0.115986444,0.20761335,0.2783843,-0.27401295,-0.14606628,-0.4829738,-0.2784812,0.22830556,-0.12963144,0.21374752,0.083087586,0.40437737,-0.13504983,-0.16812107,-0.5325522,-0.088958144,0.033168588,0.0046167946,0.82208383,-0.111799404,-1.856742,0.02497053,-0.16099644,1.3973746,0.30978018,-0.36713994,0.5151439,-0.20608172,-0.14305966,0.59194213,-0.121836476,-0.10855711,0.16702816,0.13403055,-0.06333812,0.0066555897,-0.35877293,-0.22199288,-0.36711907,0.0052084685,-0.12719475,0.012965539,-0.066256836,-0.63181895,-0.001202588,0.3138262,0.0829513,-0.41068926,0.2854017,-1.0771964,-0.060745295,-0.044715382,-0.15799968,-0.02521748,-0.43858522,0.026341112,0.099589534,-0.15393916,-0.045966603,-0.2800951,0.10921626,-0.07167602,-0.014196873,0.5773114,-0.010003855
17,neutral,-0.15759543,0.3656488,0.2382823,-0.03593844,-0.10891741,-0.14688109,-0.1460214,0.04813377,0.24460348,0.27715406,-0.10023933,-0.026638143,0.16875547,0.100451834,0.031978358,-0.22000225,-0.15658914,-0.038668666,-0.42571908,0.06693256,0.034866653,-0.05343622,0.21635783,-0.07824777,-0.027770827,0.023568578,-0.14079419,-0.13835855,0.0789673,0.14896734,-0.1220344,0.25398198,-0.11116682,0.07507398,0.06575243,0.09414357,0.012612252,-0.14094359,-0.06498173,-0.12331592,-0.49105588,-0.12531745,0.04665108,-0.2821852,0.38692287,-0.108610004,0.28910413,0.036657456,-0.2614169,-0.42118898,0.04331476,-0.08239795,0.14713049,0.8515412,-0.12001005,-1.5216014,-0.09113299,-0.3113562,1.274016,0.08810695,-0.06530777,0.31833833,-0.08219499,0.0025775335,0.763501,0.07725978,0.23571557,-0.071280934,0.019746382,-0.3102238,0.08553775,-0.34284672,-0.13880847,-0.31523916,0.14733587,0.1136115,-0.035488762,0.13263908,-0.6909668,0.25126752,0.6415058,0.030481055,-0.41972095,0.212176,-0.8973824,0.11424375,0.2626582,0.14940399,-0.008802625,-0.23260427,0.17402668,-0.22239396,0.0073146718,-0.051215727,-0.44085822,0.13650024,-0.123287596,-0.27438602,0.5009743,0.09594977
18,neutral,-0.17101002,0.20881948,0.19414344,-0.10721888,0.035590723,0.060610346,-0.14839774,-0.0892175,0.11524243,0.006844715,0.09491282,-0.1060914,0.23431216,-0.07156475,0.09827457,-0.28032902,0.16518709,0.13099918,-0.22144379,0.19728191,0.10751243,0.033527993,-0.082513794,-0.06548362,0.10059147,0.078567006,-0.05322001,-0.2310182,0.02835643,-0.047540955,-0.09385429,0.3166123,-0.11079301,-0.0063580526,0.050103948,0.19797754,-0.0149826715,0.1869961,0.047470246,-0.23592788,-0.1797394,-0.087628834,-0.040784504,-0.27439657,-0.15983771,-0.11819884,0.039158333,0.013428215,0.015080337,-0.43806472,0.12228596,0.0084609315,0.15344873,0.68950707,0.04382718,-1.6173142,0.082442306,0.034454953,1.1879379,0.30670616,-0.039191972,0.548173,-0.20548429,-0.14839792,0.60466176,0.13938396,0.3557479,0.1250418,0.22297548,-0.033589885,0.13562854,-0.14074065,-0.07068705,-0.3184946,-0.040162157,-0.008248751,-0.0013378799,-0.069184,-0.54714483,-0.03590409,0.34438705,-0.039703913,-0.2776762,0.04350627,-0.9256262,-0.011571405,-0.03154975,-0.021772552,-0.077594474,-0.2361906,0.054534033,0.112065494,0.17109533,-0.020322166,-0.3020341,-0.06000659,-0.107670516,-0.25634518,0.24546254,0.19159149
19,neutral,-0.2691859,-0.21097001,0.39858297,-0.3807053,-0.01618427,0.21043308,0.18539412,0.1530012,-0.1883445,-0.2775653,0.14086236,-0.22080469,-0.35767385,0.1418249,0.40013027,0.25923833,0.27794176,0.18502645,-0.1585626,0.5384669,0.34275112,-0.2597816,-0.114668705,0.14722818,0.4652624,-0.020081716,-0.0126055395,-0.16214204,0.28009796,0.41748738,-0.15548117,0.31830555,0.18280843,0.33973932,-0.21972415,0.015369314,-0.19349001,0.40326107,0.16877395,-0.36055574,0.17159814,0.20152827,-0.069013394,0.24431531,-0.18168722,-0.020376561,-0.37483466,-0.36964574,0.18213342,-0.7232926,0.09905917,-0.263537,0.28152242,0.29271206,0.118356265,-1.793083,-0.031413235,-0.24080615,0.16138668,0.59893817,-0.2126538,0.70361465,-0.24566042,-0.053871885,0.45516467,-0.3301213,0.44824275,0.29151165,-0.10792228,0.19499002,-0.34767157,0.1503799,-0.18183288,0.19276169,-0.025805732,0.3836342,0.043218207,0.060583264,-0.31000552,-0.26424584,-0.11694993,0.19096324,-0.16838905,-0.33109257,-0.8315721,-0.02087924,-0.15231927,-0.42623323,0.020302542,0.08110408,-0.44506317,-0.081504025,-0.24008797,-0.0016023327,-0.110889874,-0.0050779367,-0.10376405,-0.06395205,-0.112044506,0.14331254
21,neutral,-0.26285037,0.021492254,0.6036712,0.038974687,0.24424201,0.008026847,-0.04758352,0.41380045,-0.422999,0.0010977947,-0.20929627,-0.2066861,0.16265447,0.011906983,-0.17623526,-0.3495871,0.17333095,0.07286079,-0.7097526,-0.1523217,0.18148194,-0.29972282,0.44051567,-0.20468122,-0.1958303,-0.3050282,-0.00998711,-0.24890424,0.37961298,0.15419966,-0.0054744985,0.35714647,-0.14517847,-0.04088828,-0.12484116,0.19697829,0.09559123,-0.11101504,-0.0801303,-0.049745586,-0.7088594,-0.22849253,0.52775687,-0.42296907,-0.010663421,-0.33755872,0.037255954,-0.33480656,-0.26288787,-0.35205072,0.085457854,-0.27721804,0.13195983,0.8391485,-0.13370928,-1.9008217,-0.22123447,0.079922445,1.516768,0.32143396,-0.13496794,0.23110557,0.101244606,-0.144667,0.55031365,0.09674063,0.029186238,0.54576564,-0.044896074,-0.049632955,0.26166147,-0.20653525,-0.32006457,-0.50709736,0.087219924,-0.054898605,-0.29023042,-0.29750454,-0.5985419,-0.27125722,0.36110303,-0.14658022,-0.15801117,-0.1202783,-1.0154958,-0.016793212,0.25270715,0.28566572,0.3436087,-0.4197148,0.34847513,-0.104612365,-0.34047228,0.37369776,-0.56481594,0.20886916,0.23608533,-0.35138795,0.56891173,-0.092991844
22,neutral,-0.105438255,0.3194524,0.1854518,-0.16645174,0.24337114,0.02593793,-0.22973013,-0.19901176,-0.18845992,0.18703093,-0.25183222,-0.17063561,0.18933088,-0.08027965,-0.36942145,0.23643292,0.14615406,-0.25725564,-0.4904405,-0.32665366,0.48291558,-0.060738724,0.34745538,-0.010537643,0.08222058,-0.027476337,-0.24152654,-0.26704678,0.46182832,0.10999311,-0.07313975,0.23831883,-0.11440102,0.2978965,-0.13800903,-0.01655585,0.15450922,0.14163308,-0.109488726,0.15794317,-0.83516484,-0.4908577,0.23728974,0.07965644,0.06287305,-0.70613503,0.18102935,-0.0054209293,-0.03003435,-0.6061922,0.13768877,-0.08270821,0.24215396,0.82166195,-0.08296812,-1.9633301,-0.14111264,-0.086047836,1.4937888,0.20905943,-0.47154772,0.2545544,-0.105268836,-0.4142913,0.3788064,0.10832183,0.022123214,0.2383122,0.038185112,0.19637285,0.24110259,-0.26757574,-0.6608401,-0.46114713,-0.05505959,0.22983511,0.29205975,0.12744099,-0.8755558,-0.0046086847,0.7072585,0.0917024,-0.115950786,0.095505625,-0.68357986,-0.06716805,0.037411004,0.36576012,0.17455155,-0.46387985,0.15544157,-0.20787203,-0.17635755,0.20395842,-0.77905244,0.0032116978,-0.04056404,-0.03204316,0.47094887,0.43409917
24,neutral,-0.18234295,0.04395509,0.14672402,-0.1922686,-0.14561954,-0.071005486,-0.10951343,-0.050240513,0.11857807,0.022743613,0.03803399,0.043409813,0.14220737,0.0018304279,0.076999195,-0.011155971,-0.13984393,-0.07637481,-0.34984395,0.17882031,0.21155831,-0.11026386,-0.022113904,-0.2864807,-0.08897901,0.10160727,-0.093478866,-0.098070905,0.09942699,-0.07938471,-0.06555912,0.18031235,0.024404878,0.047004808,-0.1170342,0.22775888,0.011692119,0.06418982,0.01929984,-0.11534411,-0.38929677,0.06650119,0.17946357,-0.10304134,-0.08864661,-0.27827024,0.1401178,-0.051019274,-0.10934491,-0.5643902,0.019913133,0.06964012,0.22998273,0.61865556,-0.24367769,-1.4333616,0.12753949,-0.038244043,0.76562834,0.25758293,-0.15243962,0.4076007,-0.17829892,-0.30583563,0.40863973,-0.026286587,0.25955576,0.32866257,-0.2142467,-0.103152975,0.1381516,-0.26100862,-0.1576842,-0.53895605,0.05605754,0.17354327,0.019152276,-0.07288089,-0.5899807,-0.030651778,0.38190493,-0.25647485,-0.23446481,-0.14335153,-0.9163551,-0.17718734,0.06726896,0.046965815,-0.031231755,-0.27055955,-0.06705146,0.040001567,-0.10472228,0.009733728,-0.28969353,0.022860803,-0.17201604,-0.2945924,0.1057622,0.17213042
25,negative,-0.1101255,0.10934091,0.13247865,-0.13433714,0.05566924,-0.074616104,-0.005991818,0.04952611,0.11118323,0.20869184,0.11680121,0.09858136,0.1256895,0.07613489,-0.031670526,-0.036335573,0.058211554,0.047724508,-0.5441571,0.19089377,0.16028874,-0.18431404,0.092458986,-0.15685493,-0.026839342,0.2604789,-0.08438901,-0.28959316,0.19249222,-0.11013708,-0.07385902,0.30907288,-0.12662086,0.03606701,-0.088121876,0.0571128,0.026970878,-0.04999639,-0.13597405,-0.2203185,-0.29093727,0.044997107,0.11766262,-0.2068587,-0.045977928,-0.1617718,0.17875344,-0.17701428,-0.04685035,-0.6466627,-0.053337455,0.024311924,0.10979905,0.82413876,0.013970086,-1.6236635,-0.09371935,-0.0014614835,1.0931648,0.10747422,-0.07297108,0.4257973,-0.14480995,-0.20586012,0.583368,0.100196406,0.122124806,0.27375862,-0.010948697,-0.18409449,0.16121833,-0.26267973,-0.35028267,-0.2335887,-0.049609795,0.07179624,-0.10783944,-0.12119402,-0.55469733,0.0011109855,0.49851936,-0.06928568,-0.36613032,0.09033723,-0.83216923,0.00032577696,0.22242455,0.1475899,-0.16647327,-0.0726599,-0.06304478,0.033453174,-0.23060492,-0.08653998,-0.41778314,-0.12407336,0.08502588,-0.0812472,0.1199483,0.13564648
26,negative,-0.13106623,0.051766012,0.24092025,0.0944829,0.024217429,-0.17096542,-0.035535254,-0.04965076,0.19337833,0.3616235,-0.092493095,-0.04977067,0.12416765,0.05248059,-0.10256179,0.0005884136,0.03845688,-0.13741964,-0.38051546,-0.09711095,0.1331888,-0.13253585,-0.04191358,-0.12830858,0.07784226,-0.11355118,-0.06651245,-0.04602653,0.08613627,-0.067150146,-0.10700178,0.07667429,-0.2340368,0.011024597,-0.16761173,-0.0912851,0.21033438,-0.020651601,-0.033880886,-0.01121168,-0.43654543,-0.0935254,0.22306886,-0.12919152,-0.01878814,-0.12492889,0.3627815,0.013505514,-0.21038893,-0.41333377,0.00951339,0.10663146,-0.02509421,0.76894766,0.052680075,-1.4968936,0.0955704,-0.19866993,1.008775,0.18111162,-0.10102607,0.28420973,-0.06125409,-0.19259755,0.5937731,-0.018685078,0.17170472,0.011526645,0.14649332,-0.10557792,0.16079472,-0.19451687,-0.15667301,-0.22009295,-0.073780514,-0.025790531,-0.07416579,-0.007935877,-0.699439,0.1643149,0.5239195,0.15478534,-0.13618314,0.21437496,-0.63210803,0.11837712,-0.0017416731,0.015617632,-0.06871316,-0.3588155,-0.09062726,0.12709528,-0.18268143,0.0050681746,-0.25203425,0.0144428555,0.16978942,-0.11545687,0.29781303,0.35567954
27,neutral,-0.19500953,0.24028626,0.11042577,-0.005381871,-0.0035157257,0.0668734,-0.07298609,-0.330533,-0.033019822,0.43855578,-0.011330112,-0.123159036,0.18773507,0.08164487,-0.050140604,0.034540247,-0.10468113,-0.15376715,-0.24446549,0.012426582,0.38582957,-0.27025136,0.17042795,-0.18708988,-0.04865643,0.0561898,-0.18699881,-0.31277055,0.18639076,-0.018584184,0.014276075,0.23772748,-0.15173522,-0.11327867,0.2226339,-0.008718851,-0.0366138,-0.17693399,0.15092075,-0.075888634,-0.23879233,-0.017230757,0.092548795,-0.18868817,0.059913117,-0.18831748,0.19277814,0.074808665,-0.1751742,-0.3691455,0.060382962,0.09333119,0.083428614,0.8949942,0.15500915,-1.5544971,0.041978534,-0.06424106,1.2120258,0.3872158,-0.039674547,0.4209233,-0.0071455673,-0.23804124,0.63180214,0.14636917,0.19717927,0.11079854,0.093300804,0.11550134,0.14599483,-0.34801373,-0.25089774,-0.120952465,0.0008846817,-0.21776527,-0.061244752,0.03536469,-0.64329284,0.10613744,0.539905,-0.06385408,-0.22025496,0.08708188,-0.9756879,0.18440366,0.028520454,0.014399662,-0.14553586,-0.24602795,0.022394396,-0.08365496,-0.11652849,0.20773774,-0.27573994,-0.19537804,-0.08923254,-0.2532481,0.3932895,0.17511076
28,neutral,-0.19712263,0.14289469,0.10588586,0.0036016037,0.007926812,0.008190397,-0.3192539,0.10348722,0.014843309,0.39320832,-0.1107949,-0.09816568,0.27445623,-0.00454646,-0.122355245,0.019475674,0.27624267,-0.09384646,-0.407866,-0.10200439,0.12757388,-0.20859438,0.14871295,-0.11835476,-0.21149896,-0.117707066,-0.14818522,-0.22794469,0.06692881,-0.06101035,0.17019044,0.15481311,-0.13316678,-0.09204812,-0.10841881,0.124394394,-0.029168503,-0.057022166,-0.11903789,-0.016709466,-0.5825359,-0.07326806,0.16645655,-0.16960393,0.046915643,-0.22973737,0.28438047,-0.09815838,-0.15666506,-0.57636297,0.13340262,0.0010759956,0.023062939,0.87922496,-0.063019186,-1.6960115,0.18929254,-0.2747763,1.3688614,0.26583195,-0.14644507,0.24762537,-0.012232431,-0.053007897,0.5062056,0.013962564,-0.08399312,0.28890765,0.062495522,0.093340434,0.32592297,-0.28030172,-0.31579977,-0.3502079,0.020535361,-0.06471312,-0.16674405,0.103584744,-0.85354036,-0.03780892,0.5564871,-0.055040244,-0.1548402,0.009480964,-0.8358038,-0.11258294,0.17405835,0.25475508,0.09660258,-0.314732,0.063740775,-0.07142784,-0.15095583,0.012215031,-0.35619944,-0.007293144,-0.04110436,-0.22152363,0.29784074,0.055284284
29,neutral,-0.23826179,0.07955437,0.20796384,-0.08374763,-0.04760277,-0.14881589,-0.027546654,-0.1306852,0.13204539,0.17332427,-0.03945108,0.024352044,0.12367772,-0.16803251,0.046353795,-0.17930573,0.034305368,0.030282615,-0.16924201,0.11326707,0.2643331,-0.1245192,0.17687629,-0.20358843,-0.037840698,-0.08404311,-0.070354775,-0.20502645,0.0979313,-0.07923327,0.051926173,0.38109127,-0.20750225,-0.09326327,0.013343089,-0.05444073,0.16536771,0.112499654,-0.114540204,-0.12833102,-0.4046322,-0.017082492,0.14233175,-0.23245578,-0.05554431,-0.28313342,0.26742524,-0.123400375,-0.15445752,-0.47824228,0.15472852,-0.06457183,0.1313215,0.76515734,0.18615824,-1.7317518,0.16677491,-0.011443886,1.0208277,0.3660927,-0.06228728,0.31866518,-0.24401578,-0.1164264,0.6157064,0.19534428,0.268346,0.2208542,0.046149902,0.020025095,0.16369872,-0.14810155,-0.19663818,-0.24174552,0.026667267,-0.097454615,-0.15324757,-0.026509782,-0.6535092,0.089006834,0.45179924,-0.0018791988,-0.36075044,0.0472824,-0.944954,0.10763818,0.18209723,0.011831044,-0.031101845,-0.37596747,0.050282568,0.04072167,0.025598098,-0.03776787,-0.17941947,0.11697743,0.031141248,-0.21379255,0.31460536,0.19881792
30,neutral,-0.10023745,0.05826133,0.16979209,0.080561265,0.1580577,-0.02656424,-0.120795555,-0.06892737,-0.116943486,0.14851294,0.07393544,-0.0630774,0.043944195,0.058574032,0.0058599156,-0.18393707,0.09704207,-0.17008887,-0.4175519,-0.010429179,0.121388145,-0.14074193,0.2553882,-0.096149825,-0.09162335,0.025339521,-0.16353205,-0.08653307,0.4525041,0.07250088,0.21269684,0.39123216,0.1100903,-0.1148335,-0.22263451,0.11695585,0.095051,0.06717547,-0.35915363,-0.24776843,-0.36744654,-0.05254845,0.4622123,-0.16482206,0.20317398,-0.19703662,0.12604235,-0.11628624,-0.07075847,-0.15847534,-0.27432638,0.09157985,0.13928695,0.7561332,-0.084922835,-1.2924851,-0.20386173,0.20226757,0.95135415,0.23045553,-0.22180879,0.07580192,-0.08204863,-0.21071635,0.40581957,0.017262204,0.04001167,0.1573431,-0.06827001,0.13858439,0.16241293,-0.006946343,-0.36989576,-0.46124956,-0.24578185,-0.15994972,-0.01249802,0.23790848,-0.68111223,0.14306435,0.48945943,-0.116453916,-0.23024653,0.036494974,-0.5534284,-0.062872455,0.14987628,0.22745152,0.10800165,-0.71157163,0.25283888,-0.14796537,-0.27269483,0.2766541,-0.6188288,-0.16198738,-0.06034219,-0.32873538,0.05249412,-0.12437298
31,neutral,-0.18337934,0.09202176,0.23346247,-0.05507882,0.09198978,-0.12560776,-0.19334207,-0.048629943,-0.026971443,0.16745383,0.021958062,-0.09823764,0.1964001,-0.056366034,-0.06987426,0.058907054,0.25916028,-0.10669455,-0.41563997,0.056006785,0.05677869,-0.21469176,0.101323366,-0.116537146,-0.25000167,-0.22491346,-0.09417261,-0.19775717,0.17935102,0.03312035,0.13358644,0.27004975,-0.27141818,-0.14685592,-0.110406816,0.13873434,0.087126926,-0.012497355,-0.17653236,-0.107933566,-0.48475912,-0.06008781,0.111335844,-0.13056506,-0.03790756,-0.37235218,0.20132579,-0.27050337,-0.2819332,-0.58308125,0.28154665,0.021638295,0.18822356,0.8470981,0.02947482,-1.6823161,0.016570404,-0.22113271,1.2638093,0.29205894,-0.12520865,0.32904318,-0.13745187,-0.16694435,0.5989158,0.007664707,0.0343535,0.41470972,-0.012500404,-0.039187215,0.2589068,-0.12744693,-0.23268831,-0.41827613,0.05470321,-0.07350482,-0.22195803,0.09051102,-0.8581237,-0.06404147,0.49876156,0.0044259955,-0.22864342,-0.12191731,-1.0154054,-0.068858154,0.24184316,0.17674519,0.021107577,-0.18173696,-0.02130074,-0.08350839,-0.22820194,-0.011726317,-0.3125973,-0.000494997,-0.098942116,-0.31751406,0.2775053,0.12023345
32,negative,-0.03582364,0.25240168,0.20959295,0.0024340714,-0.14109358,0.26846734,-0.15901001,0.013554671,0.20944487,0.1775408,-0.03485233,0.07935402,0.29459286,0.111729935,0.08877385,-0.21301231,0.068420604,0.031027617,-0.40126806,0.336264,0.27642933,-0.17649598,0.20554027,-0.08224326,-0.05569569,-0.06039568,-0.078837976,-0.3785066,0.01338406,0.020354992,-0.044436574,0.28836122,-0.018978784,-0.018813632,0.044564605,0.03163342,-0.12584548,0.15565841,-0.03299104,-0.08880885,-0.36818025,-0.049503572,0.02451448,-0.24641107,-0.005905172,-0.019380273,0.24406074,-0.020377593,-0.12059789,-0.52562755,0.11896575,-0.093742736,0.039007563,0.84510696,-0.12628858,-1.7294447,-0.002215454,-0.22990912,1.2895764,0.34663615,-0.13869724,0.67007256,-0.10570641,-0.13939616,0.6517861,-0.030625576,0.31607768,0.10048525,0.06213088,-0.10426695,-0.07399511,-0.3780017,0.0052329567,-0.1436566,0.26706213,0.14423591,0.035751775,-0.101784356,-0.6309423,-0.061502557,0.28406638,0.07482204,-0.15987483,0.028842619,-1.180562,-0.09845178,-0.042508285,-0.10687524,-0.079686135,-0.29909584,-0.07421491,-0.027734911,-0.03158948,0.046145603,-0.31466472,0.04019462,-0.25688463,-0.23466498,0.27199554,0.00556264
33,neutral,-0.11216304,0.22352,0.7748947,0.14231543,0.023484735,-0.087014675,-0.012193207,0.25326124,-0.14259401,-0.2295991,-0.14800549,-0.2155784,0.24697646,-0.09324816,0.07751676,-0.051619407,-0.14912397,-0.007709417,-0.26696005,-0.16829234,0.17458978,0.089128576,0.04436759,-0.09821425,-0.021354849,0.045956656,-0.0010863651,-0.15079752,0.35030305,-0.16914006,0.05927083,0.11486141,0.0059729246,-0.0022729465,0.088096425,0.20258807,-0.043014225,0.10222583,-0.29660556,0.025124758,-0.68926704,-0.28506854,0.2039843,-0.19559631,-0.08625972,0.04738875,0.39199826,0.019383186,-0.13576798,-0.508023,-0.16292918,0.06854379,-0.24744564,0.6561868,-0.12919235,-2.0556726,-0.22033267,-0.104150794,1.1743455,0.21657293,-0.36151767,0.79986,-0.13197148,-0.6047508,0.50927687,-0.019667981,-0.18315575,0.06516806,0.16559826,-0.2699429,0.13647538,-0.34330013,-0.29920614,-0.2793086,0.004678431,-0.22856936,-0.052029323,-0.10662183,-0.4873631,0.1074773,0.3233188,0.11397028,-0.2221982,-0.06294937,-0.68011934,-0.08052259,-0.21740758,0.05015198,0.18447992,-0.27392927,0.19701375,-0.010349001,-0.039491247,-0.16418456,-0.5413525,0.22469579,-0.23995477,-0.12833077,0.46735677,0.3822102
35,neutral,-0.22628263,0.1042882,0.03988784,-0.1389564,0.07041911,0.42830378,0.15378885,0.34426478,-0.05278376,-0.008259226,0.023626478,0.036432754,-0.18712753,-0.07135656,0.19662596,-0.079848245,0.0832768,0.15084974,0.035705097,0.25401586,0.17352055,0.15679316,0.2150677,-0.13403568,0.33516306,0.010851162,0.06705498,-0.13415721,-0.03014498,-0.059708968,-0.18234827,0.33019483,0.21469033,0.15589678,0.06195279,0.2289416,0.041901175,0.2849715,0.07592062,-0.26794422,-0.026598515,-0.25548398,-0.021479188,-0.04606522,0.059290804,0.100260824,0.012638742,-0.04135658,0.074470505,-0.58223504,-0.12492243,-0.2108297,0.052248545,0.6526229,-0.035741635,-1.6840996,-0.0608515,-0.09108215,0.7159578,0.09774704,0.014630458,0.5498963,-0.39094886,-0.089968055,0.3950736,-0.17272982,0.48631287,-0.29886156,0.008059124,-0.12866847,-0.060523976,0.085133724,-0.008131715,-0.17634945,0.036144394,-0.014316903,0.24649166,0.02055032,0.13076119,0.36862034,0.35935694,-0.3115696,-0.14899395,0.20777674,-0.62099046,-0.20423149,-0.082272425,0.07397109,0.27199355,-0.0695553,-0.07551336,0.036293894,-0.38889286,-0.17031513,-0.45701045,-0.28008845,-0.15263337,-0.0042602285,0.49659854,0.16812038
36,neutral,-0.07361667,0.05739309,0.036002163,-0.22412336,0.048466265,0.055115573,-0.11268179,-0.1403096,0.29492724,0.18417045,0.04228447,-0.07153689,0.14829868,-0.36929265,0.19058207,0.066564016,-0.24127354,0.22926481,0.041288603,0.20208457,0.09740284,-0.16800548,-0.007643682,-0.28260875,0.22372267,0.17558052,0.19703847,0.16304797,0.07192344,-0.1341886,0.1753428,0.16128117,0.059859797,0.023574587,0.22705957,0.050932012,-0.09059061,0.07552456,0.048178233,-0.18790023,0.06148048,0.12241159,-0.09471535,-0.028230859,-0.108687125,-0.2241762,0.3134147,0.044799812,0.023229271,-0.48837167,0.03436572,-0.12177496,0.06793629,0.6183873,0.108771734,-1.6613721,-0.19366635,-0.090084404,0.83919764,0.108184285,-0.03668108,0.713905,0.049673848,-0.13929196,0.52806747,-0.08057525,0.4025768,-0.101416424,-0.079978816,0.07633411,0.2740313,-0.314776,-0.21084867,-0.110790364,-0.24980398,0.040217463,-0.025902392,0.0058955834,-0.46920186,0.14169872,0.42337236,-0.08282775,-0.10352548,0.07133307,-1.0240011,-0.15883587,-0.24780618,0.04030117,-0.21919045,-0.23523994,0.03520424,0.2504231,0.11257508,-0.1664015,-0.015616562,-0.16892919,0.0065250425,-0.01998282,0.3262049,0.4887472
37,neutral,-0.025026727,0.13898945,0.33030933,0.05658736,-0.17538834,-0.32323968,-0.3770583,-0.012782545,-0.13555723,-0.06905555,-0.12714617,0.09040229,-0.112537295,-0.08348758,0.25649583,-0.09716926,-0.30741987,0.080558784,-0.1534725,-0.07118818,0.39821097,-0.01069925,0.06984231,0.06430456,0.15632029,-0.13192314,-0.098339185,-0.4387218,-0.14325906,-0.044689488,-0.17249781,0.30590042,-0.071406834,0.020956123,-0.030958364,0.15423924,0.088892125,0.07320207,-0.13241057,-0.16950896,-0.36107543,-0.34787798,-0.043157093,-0.08219883,0.0772191,-0.16067661,0.24101779,-0.18140371,-0.2603112,-0.8491441,0.17569828,-0.11552937,-0.14191194,0.9234613,0.052431423,-2.1835766,0.022118857,-0.2018941,1.5171824,0.30479708,-0.016484594,0.36729518,-0.054179326,0.045046095,0.52836585,-0.054792922,0.17754804,-0.033312026,0.38158628,-0.095183775,0.14510123,-0.16005553,-0.1678781,-0.08346408,0.061480623,-0.10797374,-0.11472034,0.09321788,-0.45959914,-0.09480606,0.5510522,0.18392001,-0.37063432,-0.08684136,-0.96909446,-0.3555636,0.07216477,-0.105954215,-0.0508189,-0.41379347,-0.215128,0.16762234,-0.22176793,-0.1817486,-0.49740434,0.031065693,0.12706207,-0.2778417,0.52413565,0.08329993
38,neutral,-0.2929696,0.1359661,0.07743699,-0.41119,-0.15722537,0.2591132,0.23847024,0.104547024,0.013162645,-0.2343139,-0.06578142,0.1174436,-0.25224918,0.047687773,0.10001862,-0.056253944,0.007724282,0.35384265,-0.04333197,0.4908286,0.12731801,-0.05339744,0.12842251,0.26418802,0.33895558,0.21791925,-0.114044175,-0.21653396,-0.0434939,-0.13151856,-0.26066697,0.46565345,-0.0061851186,0.024930323,0.034761574,0.33790612,-0.05731087,0.20617339,0.08780018,-0.32817823,-0.06889365,-0.32677478,-0.11561119,-0.27006018,0.05145244,0.15621996,-0.026656546,-0.11693065,-0.058392853,-0.8792051,-0.22257054,-0.11779952,-0.13722497,0.6911884,0.019728662,-1.6881322,-0.07237292,-0.26369676,0.73740745,0.086230226,-0.1856295,0.50996876,-0.38518336,-0.15653348,0.5757623,-0.28507477,0.3764533,-0.26720995,-0.16703273,-0.21604666,-0.060884878,0.07449793,0.056043796,-0.030268187,0.069996454,0.1751016,-0.054067288,-0.22746302,0.22006786,0.32394487,0.36621395,-0.35407084,-0.17486665,0.18254709,-0.8604555,-0.3548617,-0.042466316,0.1662178,0.22310883,-0.26355729,-0.2616989,-0.049300436,-0.45342812,-0.20733708,-0.28465122,-0.33679974,0.07833766,-0.05546801,0.4663454,0.16863784
39,negative,0.055629414,0.18733315,0.25193703,-0.30974126,-0.007700372,-0.10745136,-0.242378,0.010857897,-0.16623376,0.13252614,0.0579743,-0.016329987,0.20114598,-0.058729578,0.0010347832,-0.039136436,0.15128393,0.10709646,-0.2860254,-0.044294186,0.13064304,-0.04073194,0.110786915,-0.12107221,0.038634952,0.11725608,-0.13952167,-0.28537047,-0.045978926,-0.0706909,0.06942123,0.24196187,-0.14994681,-0.09308011,-0.044642884,0.045410328,-0.1176001,0.09280506,0.047963537,-0.091113575,-0.21522489,-0.21557157,0.19604215,-0.084902726,0.018938463,-0.09743196,0.03340659,-0.07423679,-0.17007391,-0.5367175,-0.08681672,0.03371808,-0.02590493,0.86065143,-0.0032759765,-1.7356937,0.02610914,-0.23184358,1.1932071,0.3040002,-0.0121647455,0.27932468,-0.19850841,-0.06352185,0.56877387,0.01615026,0.259381,0.12979196,0.14658041,0.034679823,0.15452135,-0.1771361,-0.13894482,-0.26805913,0.0035632956,-0.100078,-0.21379858,0.038618546,-0.6180614,0.05900553,0.4920294,-0.010353507,-0.13757576,0.052971195,-0.7705508,-0.15169953,-0.016087694,0.076981656,0.102246225,-0.32026756,-0.01782542,-0.17767555,-0.025720382,-0.059268534,-0.2928709,-0.07364193,-0.10231781,-0.2987453,0.39992577,0.12628146
40,negative,0.2878801,-0.118997835,0.452269,-0.15306367,-0.09961648,0.25391945,0.22080167,0.5639865,0.14005135,0.30223435,0.3525913,0.33562407,-0.05321741,-0.31041545,0.20806545,-0.5706384,-0.23074265,0.1301453,-0.083934695,0.11358124,0.7212256,-0.04839319,-0.12314265,0.17645141,-0.16788535,0.10455491,0.12919654,-0.30540106,-0.13972762,-0.30494592,-0.01648662,0.26010343,-0.25307256,-0.1386256,-0.255594,0.49170297,-0.027054671,-0.040299922,-0.061246645,-0.26594597,-0.17090876,-0.079902515,-0.010985692,-0.10665365,-0.040922754,-0.057755936,-0.08548026,-0.19169714,-0.32008874,-0.43051293,-0.29612902,-0.22924218,0.4824436,0.4841763,-0.51467025,-1.46102,0.19628131,0.019214919,1.0225766,0.07338528,0.079366185,0.011229836,-0.3532898,0.032294847,-0.06297367,0.062825024,0.07526636,0.014787482,0.07671342,-0.08908073,-0.04644845,-0.117831945,-0.23104377,-0.047620945,-0.14690095,-0.09096497,0.01763947,0.096430436,-0.501753,0.3067384,0.48994735,-0.087795064,0.027519492,-0.09797143,-0.8320384,-0.0209021,-0.18805023,0.005768479,-0.22405502,-0.14961827,0.117127314,-0.06167764,-0.0022287753,-0.107343026,-0.38596907,0.15533467,0.11979107,-0.30348116,0.6167304,-0.26365286
42,negative,-0.036688395,0.18725099,0.34660748,-0.13746801,0.014873239,-0.04111338,-0.1898246,0.069284074,0.008447102,0.15019976,0.031424206,-0.008449995,0.17126496,-0.081181414,-0.006349989,-0.060115505,0.036722317,-0.014475333,-0.3311115,-0.046837267,0.3362593,0.021704154,0.11305601,-0.068514004,0.11537536,0.10168972,-0.15290384,-0.1281809,0.2164092,-0.052313432,0.017028479,0.24874647,-0.004423379,-0.122744516,0.014802494,-0.0028802403,-0.063388355,0.0085857,-0.009818029,-0.09215341,-0.26408362,-0.160409,0.09375632,-0.28981584,0.17412001,0.015030321,0.20194289,0.011312691,-0.14187127,-0.5627961,-0.0712645,0.101246886,-0.017900093,0.7304313,0.049206506,-1.7179513,0.036554683,-0.1223544,1.2727485,0.2972337,-0.07210615,0.33147794,-0.15787147,-0.0953102,0.56198776,0.08362014,0.15756178,0.05939055,-0.077898815,-0.09201159,0.095794484,-0.1130737,-0.07712721,-0.20576485,0.111190416,-0.030828103,-0.092602246,0.05594847,-0.42224652,0.14099078,0.5282275,-0.0005836335,-0.38431334,0.24413325,-0.664775,-0.1882761,-0.047509156,-0.04483317,0.02776685,-0.26676673,-0.05098883,-0.025019653,-0.059032317,-0.07810684,-0.5241727,0.00035790884,0.11440821,-0.16291758,0.37909484,0.1692069
44,negative,0.2024244,0.31688434,0.19475366,0.074416906,0.013127313,-0.6717179,-0.23598003,0.14925383,-0.094257295,0.031333324,-0.032166988,-0.1029704,0.084118254,-0.18779197,0.10829464,-0.110186875,-0.19756444,-0.043972027,-0.072493896,-0.11204836,0.4028425,-0.17394176,0.0010151932,0.20876622,0.1363169,0.034065075,-0.18568774,-0.26339003,0.16746247,-0.08772602,-0.1501678,0.15937987,-0.20677914,0.1407822,-0.07095633,0.1926879,0.32155958,-0.3034204,0.04268431,-0.08899927,-0.27687085,-0.28883034,-0.15091491,-0.20102884,0.36116886,0.019327333,0.043627493,-0.20002891,0.17792344,-0.97145784,0.1491571,0.046603624,-0.010092599,0.9958471,-0.0725396,-2.1015518,-0.12237633,-0.2540906,1.6107891,0.18448786,-0.09162374,0.25773653,-0.2975329,-0.1300132,0.50917923,0.2957381,0.34502727,-0.124979,0.2567917,-0.24611062,0.1355372,-0.23959334,-0.28454962,-0.2064919,0.16436173,-0.11790103,0.09117297,0.117713235,-0.62432617,0.005362442,0.8154521,-0.0033371372,-0.39562878,-0.12143096,-0.7508343,-0.58292043,0.22397198,-0.14739978,-0.030934412,-0.2590752,-0.073956214,0.054347504,-0.481388,-0.17618209,-0.70494074,-0.14368315,0.07363317,-0.13330153,0.4942275,0.027752563
45,neutral,-0.14713083,0.042367514,0.3449926,0.013225575,0.09738122,-0.21890296,-0.28806853,-0.14599612,-0.01643374,0.16121301,-0.06267564,0.029221926,0.18525837,-0.17650473,-0.14961241,0.0059474153,0.15112112,-0.110374704,-0.4554257,-0.043336194,0.087562166,-0.37921768,0.23509267,-0.2563363,-0.11532809,-0.14219683,-0.07760982,-0.30494758,0.20785595,0.09497423,0.134973,0.37314492,-0.19057417,-0.10050846,0.01649298,0.06471692,0.1378599,-0.06967026,-0.20687811,-0.20943877,-0.53480923,-0.016613584,0.24672703,-0.25334686,0.045254115,-0.3122876,0.25572202,-0.107197955,-0.30503562,-0.5255333,0.19291545,-0.06578019,0.11634945,0.9445536,0.19107279,-1.6915324,0.08773086,-0.092157036,1.1783525,0.30717212,-0.22990403,0.073189646,-0.15530086,-0.14239039,0.71237755,0.075079136,0.021567218,0.3205705,0.0075552175,-0.04075868,0.27429196,-0.30384967,-0.30989987,-0.46082264,0.055744488,-0.26624542,-0.18577227,0.0068476466,-0.75498843,0.05818103,0.52131087,-0.10384015,-0.21326014,0.012179999,-0.8868811,0.13869877,0.27627593,0.24196638,0.044391062,-0.30712566,0.0782626,-0.17339034,-0.2661325,0.17798357,-0.40616268,-0.049215548,-0.015594421,-0.36523667,0.30171412,0.1783444
46,neutral,0.17627798,0.42569584,0.5600287,0.20311397,0.23490734,-0.5422491,-0.37689012,-0.118577614,0.19565734,0.077274166,-0.35855716,-0.23934573,0.25399935,0.31502426,-0.15040308,0.120525755,-0.002279859,-0.26208878,-0.4638804,-0.24535367,-0.005392997,0.2028842,0.14461772,0.19392838,0.025785128,0.016113676,-0.08242201,0.15324041,0.28603977,-0.034074914,-0.25099847,0.3262445,-0.0431648,0.06878856,-0.082163244,0.032521248,0.43688825,0.12703858,-0.43272808,-0.2612407,-0.71459633,-0.27004603,0.13615987,-0.32503304,0.24491264,-0.2889299,0.55767226,-0.09804472,-0.061942697,-0.42243886,0.19562733,0.30541593,-0.009545072,0.8247667,-0.2781214,-1.8068486,0.21381578,-0.35259444,1.1775131,0.065958604,-0.07034107,0.29260284,-0.1783131,0.039177563,0.49678308,0.19291997,-0.23167063,0.262535,0.094416656,0.22243601,0.18990688,-0.30991837,-0.1765382,0.02488477,0.15117076,-0.21237175,-0.004771062,0.01118853,-0.8520518,0.3510583,0.6051942,0.05976438,-0.27520004,0.18825476,-0.7453068,0.045690034,-0.3334495,0.15257667,-0.09538541,-0.514758,0.09317926,-0.031926744,-0.17906865,-0.06226472,-0.5880146,0.09909436,-0.18515891,-0.34794682,0.35371187,0.24385154
47,neutral,-0.12171526,0.2549527,0.24150188,-0.38163066,0.2830161,0.37925458,0.2972487,0.15738876,-0.031338405,0.260897,-0.020684691,-0.24289474,-0.04729738,0.043592915,0.027785838,-0.081341125,0.41792127,-0.12774526,0.0450071,0.048037782,0.029038122,-0.016219478,0.21328528,-0.22238123,0.061359018,0.214183,0.104636095,-0.35165423,0.51942575,-0.030031014,-0.37707943,0.30341104,-0.10352883,0.07763013,-0.15542012,0.16867653,-0.08271389,0.34631056,-0.5756782,-0.75432616,0.014721549,-0.0064780093,-0.053775933,0.13221171,-0.04241374,-0.17039807,-0.007888451,-0.18432386,0.26627836,-0.44673756,-0.3102188,0.11500835,0.01641547,0.34699184,-0.27099723,-1.5677066,-0.12380457,0.17049313,0.87446934,0.5725041,0.108889185,0.5206296,-0.22570907,-0.11786433,0.5325116,-0.069221504,0.68082696,0.19851218,0.10917832,-0.24803022,0.042181667,0.14002506,-0.06830861,-0.007643478,-0.16082156,0.2025522,0.08382372,0.06344748,-0.09920351,-0.11188544,0.038943965,-0.17321889,0.053982846,-0.007506396,-0.79286397,0.053921048,-0.51603824,-0.49491903,0.05128741,-0.06541839,-0.0641007,-0.03690796,-0.11893307,0.19697616,0.10090103,-0.1755358,-0.6299711,-0.52896696,0.6456634,0.3723804
48,neutral,0.016406104,0.23591855,-0.05881977,0.12783152,-0.34748447,-0.021938315,-0.109407574,0.055288583,0.056174185,0.11458826,0.37511584,0.25485462,0.11142319,0.12615293,-0.06581963,-0.46038973,-0.06918517,0.057020295,-0.32484174,0.19994354,0.5657339,-0.075840406,-0.069297835,-0.020052481,-0.077459194,0.09670585,-0.30245477,-0.27828243,0.13127203,-0.16355145,0.059952743,0.59565,-0.15859729,0.09302189,0.31279582,0.2777911,0.13987513,-0.1609422,0.16433544,-0.020187093,-0.17043012,-0.094155714,0.12434497,-0.37862977,0.14709605,-0.095372744,-0.1793657,-0.2921154,-0.19044918,-0.67094666,-0.103515506,0.06656898,0.14697914,1.0520173,0.07329033,-1.5927905,0.106405765,-0.3177611,1.5390831,0.35743427,0.009907886,0.16377948,-0.71564484,0.17178701,0.32487318,0.2070311,0.16645241,0.5277794,0.06054282,-0.27016997,0.16328909,-0.4149129,0.12094478,-0.44241768,0.115608506,0.17603354,-0.16489051,0.16050246,-0.8158461,0.05254641,0.54176116,0.081457675,-0.4444942,0.033360638,-0.9409444,-0.13071091,0.12552914,0.29171792,0.030499436,-0.40295932,0.07952648,-0.14036608,-0.2264492,-0.144079,-0.5678534,0.15092011,-0.09988532,-0.19017021,0.4344884,0.04098036
50,neutral,-0.32967556,0.30930263,-0.078047365,-0.0010800156,-0.099107556,0.38549498,-0.056298718,-0.3992898,0.23852584,0.3855716,0.03593938,0.320597,0.29451498,0.008343468,0.3285202,0.10008927,-0.30508155,0.047904816,0.33580896,0.28224033,0.09743969,-0.009322567,-0.27299872,-0.39263314,0.15732604,0.22610196,-0.27056858,0.07394076,-0.27110642,-0.25084135,0.19696516,0.033741914,0.011082596,0.038052,-0.21381058,-0.18816881,0.19895165,-0.1365862,-0.22857966,0.06263092,0.047617696,-0.32538208,-0.015587052,-0.10827929,-0.07664617,-0.010750781,0.21094476,-0.23760492,-0.19722927,-0.4795564,0.18688701,0.13447541,0.2387368,0.38160488,-0.04310757,-1.3602381,0.20219927,-0.5356887,1.1613516,0.30620247,0.08672962,1.1236801,-0.3019562,0.31956327,0.7427263,-0.35024625,0.2224996,0.08110197,0.25475577,-0.6827945,-0.12160529,0.070477374,0.30141518,0.056312695,0.4704279,0.0034163909,-0.19631152,0.33468193,-0.2925485,0.13883904,0.52323353,0.2101769,-0.27788344,0.1607947,-0.8449103,-0.0145104835,0.029971493,0.19826743,-0.19264019,-0.33585286,-0.10206106,-0.34838578,0.11703109,-0.15061963,-0.08997826,0.34450012,0.36873117,-0.5383188,0.3518475,0.21888827
51,negative,-0.13236047,0.23312744,0.06997512,-0.2613275,-0.09797868,0.29957235,-0.313791,-0.094632864,0.14979245,0.06755595,-0.03525064,0.06772479,0.23677327,-0.12487591,-0.13744164,-0.054548774,0.00013720397,-0.047479246,-0.33123323,0.2588751,0.25930637,0.05403195,-0.038691234,-0.08586916,-0.016453564,-0.1610389,-0.044748217,-0.20602223,0.3253214,-0.13532569,0.04458316,0.4271704,-0.07826916,0.1112401,-0.060414758,0.10729487,0.004850515,0.023104865,-0.01798524,-0.15487467,-0.41021731,-0.110117845,-0.024050629,-0.3501955,-0.13465583,-0.09191605,0.020792574,-0.045203827,-0.17405336,-0.61523485,0.18493125,-0.029879913,-0.005157917,0.65858895,-0.13450599,-1.6204088,0.12742794,-0.069206774,1.3420964,0.13161641,-0.16742519,0.6287326,-0.22623876,-0.054847196,0.5774496,0.20402537,0.47164324,0.090447046,0.13973826,-0.23975222,-0.15980764,-0.1865363,-0.05845945,-0.26549065,-0.02535464,0.09053871,-0.0038766586,-0.041456293,-0.59288096,-0.077534616,0.3708052,-0.052464753,-0.19332878,0.061557375,-1.0896184,-0.22704625,-0.08517945,0.06412836,-0.1452828,-0.2064837,0.14269187,-0.1782334,0.16846544,-0.107003205,-0.5180499,0.07642205,-0.0126417205,-0.27641267,0.34212998,0.18354803
52,negative,-0.11522568,0.060035024,0.16463286,-0.11966371,-0.08159227,0.12908225,-0.18857962,0.087560676,0.14331809,0.14842209,0.034798667,0.034802783,0.23131344,-0.012193892,-0.00079115166,-0.03600028,0.06261192,-0.040377554,-0.4485186,0.21764302,0.44393095,-0.005587653,0.07467857,-0.028396122,0.050265525,0.11047781,-0.02056898,-0.22809671,0.28633323,0.05964212,-0.011291049,0.46388724,-0.11588471,0.041225236,0.103322394,0.10461243,0.09748066,-0.05726457,-0.017077712,-0.15140243,-0.525872,-0.1077962,0.19235073,-0.17354228,0.034799285,-0.08252791,0.18023983,-0.27977207,-0.08157961,-0.567318,0.14878476,0.1834836,0.014035203,0.8005701,-0.14654206,-1.6770192,-0.06354224,-0.21716252,1.6227987,0.25671306,-0.29721698,0.33303985,-0.053414408,-0.07967096,0.5881364,0.081477106,0.26220945,0.34377086,-0.03094153,-0.035964366,0.023010937,-0.3432338,-0.15609078,-0.37241745,0.14472175,0.07724657,0.024546882,0.21707189,-0.70317537,0.004554155,0.65328515,-0.18946023,-0.27696458,-0.028660586,-0.98311096,-0.24735835,0.22607793,0.15230972,-0.1058942,-0.32516977,0.07519223,0.0011898176,0.0043480378,-0.14235185,-0.27156937,0.024137722,-0.08057545,-0.036090102,0.36600465,0.12368198
53,neutral,-0.138809,0.15775517,0.055307884,-0.2384563,0.017396994,0.13497241,-0.21805596,0.0173297,0.10292419,0.16500586,-0.010597556,0.0019231557,0.21732493,-0.01647938,-0.106176496,-0.038264498,0.09243258,-0.032106966,-0.26969165,0.2729491,0.34845623,-0.015231988,0.09002017,-0.058219343,-0.005433089,0.012704141,-0.079298556,-0.12425425,0.15857476,-0.062746264,-0.0071386723,0.3567483,-0.09893357,0.09250547,-0.024201041,0.11010872,0.032899164,-0.028607706,-0.015814302,-0.10986305,-0.38419998,-0.109330386,-0.0046211695,-0.19339633,0.094977185,-0.14725402,0.06839415,-0.08288335,0.012533774,-0.5666597,0.11724667,0.0042456067,0.005797654,0.80212986,-0.11180981,-1.7014424,0.0025294728,-0.058409836,1.3514335,0.22731444,-0.17800146,0.6658939,-0.09222087,-0.07783772,0.57965595,0.17344327,0.44202527,0.054292686,0.1014899,-0.086982146,-0.06935709,-0.21552922,-0.09494039,-0.21525346,-0.040910684,-0.049793046,0.047298726,0.0798636,-0.64152926,0.02325063,0.534372,-0.11674261,-0.22551955,0.059630703,-1.040452,-0.19274072,0.043095708,0.029779634,-0.14116271,-0.2484188,0.092387706,-0.12619431,0.023595344,-0.09657345,-0.34654054,0.1575056,-0.0016159611,-0.15099125,0.4054027,0.05928757
54,neutral,-0.27786863,0.036082942,0.13801856,-0.20802699,0.08960572,0.10655974,-0.26422715,0.034174558,0.115241714,0.07151396,-0.059322365,-0.035800066,0.34533158,0.018982949,0.21715024,-0.08260638,-0.019291742,-0.19840674,-0.32932523,0.069000326,0.2587005,-0.018445088,0.116067946,-0.13354594,0.19585079,0.35433942,-0.049198,-0.15191537,0.11749851,-0.050922077,0.021103337,0.16161148,-0.008337537,-0.027202072,-0.007640686,0.17980887,0.11664244,0.18359229,0.075335175,0.028283387,-0.38426664,-0.1882977,0.2796891,-0.2815227,0.11277893,0.020703604,0.09094497,0.11339118,-0.10879388,-0.38816282,0.012881519,-0.09728848,0.117297545,0.9719144,-0.06831293,-1.3233317,-0.0009127982,-0.28726834,1.1395495,0.10324861,0.06579539,0.5801801,-0.109085925,-0.15317556,0.59099436,-0.12902616,0.100095265,0.06772471,0.053173956,-0.18938507,-0.033959564,-0.3451213,0.061040584,-0.27164656,-0.0044553783,-0.009420241,-0.21958636,-0.07404998,-0.5173729,0.1378519,0.5044911,-0.009978009,-0.3343704,0.115242645,-0.8234844,-0.27096802,-0.03285971,0.09714594,-0.123267986,-0.1594482,-0.027183263,0.0055763223,-0.013509754,0.042327695,-0.3836455,-0.07720595,-0.19123964,-0.16667016,0.35729942,0.002294536
55,neutral,-0.074164696,0.43727896,0.23295596,-0.42283922,0.38832602,0.5773009,-0.4375733,-0.26322237,-0.33694577,0.051439952,-0.3027144,-0.3027854,-0.41467795,0.25005904,-0.21362288,0.052521344,0.5802047,0.08279201,0.16935441,0.91997397,0.43458897,-0.19287698,0.18870318,-0.6020493,0.2351675,-0.0903414,0.13461989,-0.20429908,0.18041041,0.054384504,-0.90614736,0.47995982,-0.01901316,-0.20631401,0.02948871,-0.02238962,0.23081502,-0.0391494,-0.18719384,-0.69539165,0.16741489,0.40270504,-0.8379977,0.21260215,-0.12903675,-0.47063673,-0.5017941,-0.54974705,0.33409306,-0.4989047,-0.43127754,0.12893674,0.6242516,0.059184257,-0.0733136,-1.8428074,-0.04489831,0.35243353,0.8067813,0.6020816,0.5300669,1.2412912,-0.45835498,-0.38045597,0.7115177,-0.5724333,0.60788774,0.070592426,0.01787373,-0.14200065,-0.4096928,0.3500909,-0.12605631,0.24180803,-0.26613608,0.006164995,-0.07669095,0.18516788,-0.20964849,-0.45884597,-0.5777108,0.24208474,0.4933351,-0.34513143,-1.3102602,0.1699917,-0.4260719,-0.27509317,-0.41155067,0.025676338,0.02710715,-0.15296538,-0.17023718,-0.028510438,-0.3632797,-0.037053384,-0.32499507,-0.40937376,0.3858813,0.30169672
56,neutral,-0.15679584,0.18215263,0.31287977,-0.24853691,-0.09876897,0.10601605,-0.099698424,0.25518543,0.10319456,-0.0066912402,0.13145769,-0.069449924,0.059245884,0.13069297,0.08259315,-0.34207693,0.054000508,0.036867607,-0.08884015,-0.075512595,0.21718946,0.16654891,0.18705633,-0.2186159,0.1931465,-0.17264818,-0.21177314,-0.14094494,0.3048786,-0.07132985,0.023225443,0.35450417,-0.22655267,0.25586444,0.15513818,0.28687996,0.12843597,0.14344004,0.17242447,-0.07375627,-0.21665831,-0.12141135,-0.18442875,-0.10683674,-0.021984706,0.015264932,0.22637661,-0.23570451,0.035635855,-0.5825055,0.0378566,-0.0032826047,0.04873709,0.84458643,-0.064254686,-1.8440166,-0.027898068,-0.049666647,1.3502852,0.27453765,0.02020358,0.5407063,0.017289257,0.167517,0.46623677,0.020333664,0.4654988,0.07030302,0.029944794,0.003814641,0.18426906,-0.32431978,0.18339323,-0.23631236,0.07005813,0.08604986,0.02845568,0.021903252,-0.5130485,0.020886624,0.5170534,-0.22458439,-0.18288618,0.095963664,-1.1073828,-0.17804538,0.04132822,0.08559538,0.01365571,-0.04732126,0.014530818,-0.04583127,-0.17802776,-0.14629366,-0.3579361,0.036266126,-0.16259862,-0.19642198,0.56760526,0.2311594
57,neutral,-0.062184006,0.12293805,0.31599736,-0.47424084,-0.43287805,0.14111793,-0.2023937,-0.01881191,0.06832593,-0.15575919,0.11434776,-0.10482663,-0.0022517587,0.17417179,0.11569479,-0.05278584,0.12726787,0.15116931,-0.08690804,0.38253215,0.0963563,-0.039524853,-0.13756476,-0.32675368,0.017610652,-0.045818552,0.016022725,-0.34429058,-0.012546457,0.013709461,-0.13838781,0.24976344,0.031615473,0.2275739,-0.24438772,0.02428217,-0.37343937,0.05888194,0.46767962,-0.22778776,-0.34584177,0.16088583,0.065436736,-0.23795591,-0.4967735,-0.10653605,-0.063495696,-0.14804293,-0.0024824035,-0.4952783,-0.1291038,0.069604665,0.24570508,0.46412888,-0.18952066,-1.0887747,0.14869793,0.055120308,0.6705066,0.48805976,0.21481241,0.50761294,-0.26630342,-0.08439046,0.34712863,0.07596375,0.53454,0.022017397,-0.002144559,0.1543654,0.09623135,-0.11497904,-0.118862994,-0.1793619,0.073128544,0.07257271,0.19844672,-0.43139234,-0.351965,-0.13223007,0.28663677,0.0012304347,-0.25974944,0.07184031,-1.1189148,-0.34157273,0.007527475,0.046325546,-0.12904789,0.0051730964,0.07872167,0.13074,0.038601015,-0.108264126,-0.061976958,0.035822023,0.055123568,-0.24276845,0.1101296,0.26222154
58,neutral,-0.0068690386,0.044941846,0.3721378,-0.12239372,-0.027231732,0.3463389,0.3364274,0.44438618,0.07424317,-0.19807337,0.40972525,-0.3813577,-0.10384774,-0.2183304,0.33276346,-0.13365643,0.3279515,0.101202495,-0.16237439,0.34053367,-0.20683421,-0.0062127234,0.023082584,0.1357612,0.1808907,0.26429743,0.011236287,-0.4260969,-0.04584577,-0.24017102,0.122496754,0.23041832,0.16442846,-0.47744325,-0.15210988,0.20118827,-0.04161633,0.43758723,-0.1363515,-0.08637779,-0.20132792,0.050947856,-0.38008752,-0.26942196,-0.27229577,-0.11005625,0.123934016,-0.37423688,-0.21699879,-0.02218341,-0.12958544,-0.34245998,-0.030278055,0.41376927,-0.39683723,-0.9581737,0.02765509,-0.073447935,0.54795104,0.3930469,0.50409245,0.540097,-0.37793228,0.015903434,0.4182093,0.22076456,0.18299805,0.41455606,0.2903435,0.013714813,-0.08546123,0.05177256,0.23135383,0.19550432,-0.37182683,-0.19902447,-0.12841885,0.03181024,-0.4871287,-0.13842623,0.2783473,-0.049639497,0.2160843,0.054041527,-0.27936283,-0.1618001,-0.12584189,-0.65819275,-0.43464684,-0.03187647,0.09458874,0.14789115,0.6236302,-0.13240002,-0.54451317,-0.0130704595,-0.2422691,-0.7574551,0.040890392,-0.16756624
59,negative,-0.11145775,0.25243226,0.3089154,-0.0381551,-0.038646318,-0.081709124,-0.3088275,-0.025650395,0.15718746,0.24297304,0.11228029,-0.10381904,-0.05128029,0.0732512,0.02967483,-0.06664846,0.13615999,0.031834893,-0.43952394,0.0058258623,0.18377355,-0.08989456,0.13985513,0.15212432,-0.14356881,-0.0326682,-0.100575194,-0.1184994,-0.2876114,0.047455262,0.049324054,0.22243167,-0.10501254,0.08466362,-0.21096739,0.31933624,-0.09431421,0.035288274,-0.17716563,-0.0009104313,-0.2852002,-0.07693777,0.05638384,-0.005500254,0.0070273997,-0.06170023,0.2086394,0.15766329,-0.31809196,-0.5350984,-0.016989755,-0.07659281,0.033912577,0.7103489,0.021337256,-1.5017377,0.1917149,-0.28343502,1.0754564,0.2095341,0.022471774,0.34328112,-0.021125998,-0.4798642,0.40584946,0.051624008,0.0015651922,-0.004610743,0.1538433,-0.24248523,0.06346976,-0.19998679,-0.30670056,-0.0013856479,0.07566281,0.100199424,-0.006773103,0.1259284,-0.70337707,0.1177539,0.36844486,0.0684797,0.05178996,-0.030394292,-0.96576995,-0.114663765,-0.17367426,0.13502558,-0.19982257,-0.4299438,0.15907729,0.0639166,0.07148636,-0.17849508,-0.44161206,0.0147143565,0.1311262,-0.05472181,0.508328,0.036206365
60,negative,-0.12703016,0.39807433,0.20887835,-0.14042893,-0.11171331,0.26970327,-0.3557843,0.07210425,0.11810182,-0.12842779,0.044583667,0.2359725,0.17768627,0.054827247,-0.08751523,-0.23436445,0.011102223,0.21494678,-0.4567707,0.11070573,0.17062786,0.016344965,-0.004138415,0.0011040987,0.13750207,-0.022510186,-0.1815968,-0.28897783,0.2941256,-0.22073777,0.06477387,0.20998415,-0.05956061,0.14266603,-0.02698322,0.15667528,0.045825098,-0.019112762,0.2093822,-0.24388966,-0.26121247,-0.1400916,0.116975494,-0.45958647,-0.17170958,-0.020524064,0.049822357,-0.030630354,-0.04021127,-0.7787553,-0.0050764484,-0.1605477,0.19506624,0.98636466,0.12498087,-1.7676748,-0.067898355,-0.096237324,1.1088371,0.2229961,-0.10763776,0.6126639,-0.28651544,-0.07631424,0.38785598,0.20034952,0.34111375,0.26123875,-0.146433,-0.401606,0.068995245,-0.16586727,-0.08983461,-0.3632358,0.15793376,0.18214318,-0.17763823,-0.026401361,-0.44228938,0.01943046,0.28134334,0.12377963,-0.39752853,0.1112539,-0.8508824,-0.14301597,0.005495056,0.08645256,-0.19969234,-0.004279308,-0.017501308,0.03651314,0.13004714,0.016868036,-0.5492155,-0.1615002,0.09333552,-0.19697908,0.32537138,0.26576203
61,negative,-0.010871896,-0.046425205,0.07507462,-0.1688367,0.034319762,0.26547718,-0.20091431,-0.058511667,-0.04871309,0.050294645,-0.124706306,0.07035445,-0.07003951,-0.086470336,-0.13385932,0.029253341,0.034792367,-0.18906142,-0.33064517,0.07525023,0.39041534,-0.46828714,0.22250304,-0.027100723,-0.0032857908,0.057177056,-0.2404976,-0.15545471,0.5414503,0.008439314,-0.05839636,0.09840756,-0.059730146,-0.055767898,-0.16157614,-0.058723927,-0.0333097,-0.1098642,0.17774172,0.16260622,-0.4597154,-0.03887813,0.56873333,-0.24850959,0.21367261,-0.15950373,0.20510337,-0.08430264,-0.028935285,-0.48294556,0.3654802,-0.17312205,0.18408757,0.8222726,-0.104153834,-1.4151753,-0.10937198,-0.16618909,1.1405318,0.35876846,-0.30754548,0.44712323,0.064343244,-0.2257591,0.63593155,-0.0876482,0.255387,0.29177594,-0.12474516,0.27671754,0.21079794,-0.4159984,-0.35966018,-0.3687304,0.011064405,0.2328196,-0.020488936,-0.011017448,-0.7497967,0.11752998,0.4922284,-0.25159556,-0.031985097,-0.056492742,-1.0470726,-0.0048246207,0.14353909,0.24344005,-0.08216726,-0.40586194,0.19540893,-0.24745348,-0.059983168,0.41186863,-0.02629451,-0.04303622,0.2520305,0.09894673,0.14223114,0.014997383
62,neutral,0.004293811,0.35595787,0.35098952,-0.20302184,-0.31616756,0.028805858,-0.23392002,0.09630666,0.10788836,-0.054833975,0.10102309,0.088895746,0.23114648,-0.18674524,-0.0888306,-0.3793932,0.025253471,0.41410336,-0.2191278,0.39279896,0.12152027,-0.098584294,-0.13229862,-0.3500231,-0.10448478,0.108361535,-0.21404149,-0.49404785,0.3027278,-0.23902299,-0.08623758,0.53322726,0.05849621,-0.019720731,0.090023085,0.24269308,0.07120217,0.041853275,0.046235263,-0.2094564,-0.12852314,0.0038107086,0.08548283,-0.45542386,-0.3757903,-0.03921112,0.055781282,0.08468401,-0.13843189,-0.86894643,-0.09219523,0.019020265,0.19719863,0.7327953,0.18535273,-1.6776075,0.28084826,-0.10729071,0.87251973,0.32589814,0.14604144,0.7796509,-0.47107854,-0.15268223,0.69053835,0.15699361,0.21310622,0.31003332,0.054204967,-0.41182718,0.32571277,-0.30083233,-0.028384397,-0.2602878,0.35785022,0.090034924,-0.23053737,-0.21546131,-0.31012478,0.1383792,0.27185008,0.11280074,-0.38401398,-0.08163832,-1.1101129,-0.11056354,0.09906658,-0.22255407,-0.32489607,-0.31237,-0.10972476,-0.038019687,0.13792194,-0.23577362,-0.34644273,-0.24618645,-0.06602861,-0.41632247,0.39724758,0.2281683
63,neutral,-0.057804264,0.32294342,0.39410543,-0.004028627,-0.0141873155,0.16932678,-0.14429386,-0.07739933,0.23363581,-0.013137511,0.053448163,0.05186125,0.221387,-0.12486821,0.099235944,-0.1844176,0.15670687,0.18203942,-0.24952564,0.27345887,0.16153716,0.027343486,0.06422782,-0.27516425,0.027884413,0.0826084,0.02000509,-0.08754382,0.0842851,-0.08988076,-0.017193586,0.3840577,-0.018678032,-0.055750757,0.19477837,0.12664367,-0.087468356,0.17474054,0.083542846,-0.19604361,-0.21538073,-0.07193192,0.0052635465,-0.19084048,-0.20815337,-0.1307282,0.13353926,-0.066934645,-0.0069466163,-0.50579417,0.042587522,0.044176973,0.24660341,0.75062996,-0.015189124,-1.7350688,0.14090611,-0.07151747,1.2125167,0.21470101,-0.006092412,0.6234771,-0.26428944,-0.22464575,0.7474818,0.0026060464,0.38317353,0.15759963,0.07561503,-0.15605402,0.08883368,-0.18153344,0.07634763,-0.22317521,0.15135597,0.0049769725,-0.018785492,-0.13632244,-0.46197775,0.0027260752,0.36578557,0.0210909,-0.30534315,0.05425985,-1.1743491,-0.024459796,0.081355855,0.10477238,-0.13013025,-0.305635,-0.014906064,0.076685265,0.035166357,-0.08894044,-0.3670432,-0.09120688,-0.17059445,-0.2744704,0.22949292,0.29504395
64,neutral,0.041896224,-0.09700386,0.18929572,-0.18286297,0.028962204,0.22458598,0.25086161,0.09738711,0.17051618,-0.061835606,0.17083076,0.16598608,-2.8150453e-06,0.088822156,0.06599743,-0.26188117,0.13251725,0.04693052,-0.17157127,0.20622584,0.37728614,-0.028849872,-0.010297594,-0.14847808,0.2561327,0.046681665,-0.07034524,-0.37299237,0.15613717,-0.25654668,-0.049403254,0.05769867,0.06948814,-0.053101104,0.1744007,0.18376581,0.20197852,0.12452805,0.14253607,-0.12971388,0.067704625,-0.17848907,-0.09594223,-0.3281893,0.017771654,0.07307934,-0.2887065,-0.18120365,-0.42836204,-0.34037578,-0.2614457,0.24921371,0.082225345,0.3810447,-0.055749312,-1.4986258,0.0006479864,0.1429851,0.9534182,0.14234522,0.014211418,0.39558765,-0.32721153,-0.2651112,0.34339166,-0.1615351,0.20535208,-0.09266487,-0.10778639,0.24007258,0.19215553,0.18341176,-0.08111786,-0.2959704,-0.019102663,0.016386598,0.025240442,-0.111139715,-0.39181662,0.14125748,0.2384752,-0.10199184,-0.18713196,0.072776,-0.6062599,-0.07547141,0.023475658,-0.09264852,0.104442656,-0.21864016,-0.15096864,-0.100235365,0.059129585,0.04093477,-0.29745218,0.019855533,-0.27538228,-0.39897162,0.15099494,0.16323958
65,neutral,-0.13691111,0.1582349,0.23713782,-0.070841365,0.06881918,-0.49475175,-0.13168168,-0.034845784,0.08405812,0.16598208,0.03536963,0.02364872,0.0920668,-0.028463552,-0.08874207,-0.3094402,-0.105792254,-0.14427064,-0.057399314,-0.084179446,0.22082381,-0.21090668,0.10077382,0.017391756,0.0004366299,0.09795391,-0.11051973,-0.049826995,-0.021103056,0.0033756853,-0.08710538,0.29886606,-0.1136421,-0.05299501,-0.08321909,0.09020584,0.1203689,0.17539278,-0.093774565,-0.08309574,-0.34056148,-0.3599109,0.009671508,-0.012029469,0.09842472,0.0074788346,0.14191623,-0.15610635,-0.16048394,-0.5295465,0.052599885,0.27807313,0.04335249,0.7254074,-0.18273775,-1.611404,0.08792445,-0.16906047,1.1732652,0.2670073,-0.038698085,0.20670176,-0.09211938,-0.052129667,0.46441627,0.10109332,0.17256047,-0.03451187,0.17807272,-0.179544,0.265264,-0.15020025,-0.014556936,-0.15753892,0.031624712,-0.15649916,0.045753643,-0.041472957,-0.57687294,0.22446898,0.65602434,-0.023924105,-0.2807055,0.059937533,-0.7180547,-0.16326144,0.061089948,-0.06449611,-0.042072847,-0.30095318,-0.058427855,0.026045293,-0.15584047,-0.17747244,-0.27028227,0.22954166,0.07422664,-0.28829002,0.3623678,0.15384193
66,neutral,0.053417467,0.3309487,0.48635992,0.073140964,-0.06084369,-0.3503074,-0.07809435,0.4096419,-0.34777924,0.061773174,0.26031533,-0.0710916,-0.08770234,-0.11480544,-0.18621258,0.33460402,0.21687704,0.030061156,-0.1878203,-0.29367137,0.26445174,-0.3046472,0.28091723,0.31148353,0.22374956,-0.33386585,0.17680769,-0.12180701,0.44127792,0.055349406,-0.62683904,-0.14649957,-0.12426182,0.042014636,0.3543622,0.13035133,0.0010614191,0.3964862,-0.56825787,0.118360944,-0.63520294,0.054680966,-0.19204749,0.12224228,0.3609889,0.06048969,0.010889383,-0.42571563,-0.24485958,-0.8387185,0.0373834,-0.097781695,0.12404858,0.99652976,-0.11468048,-2.783196,-0.41750592,0.31119546,1.2321421,0.5133125,-0.20302323,0.7250474,0.0034909886,-0.18632405,0.71085924,-0.14082128,0.01869384,0.19937347,0.08193514,-0.15720274,0.245328,-0.0690717,-0.54195535,-0.14378378,0.099882886,-0.03162679,-0.09719625,-0.26773286,-0.8136424,-0.47307637,0.5726743,0.104486145,-0.2667834,0.37852636,-1.4052434,-0.31957513,-0.21643206,-0.12528308,0.039349616,-0.084952764,0.15064949,-0.11909088,0.1845697,0.2568541,0.039462335,0.35639292,-0.253268,-0.22664212,0.7425215,0.24945906
67,neutral,-0.053804923,0.32180688,0.3322607,-0.67097026,-0.70398724,0.07358301,0.14894167,-0.30459514,-0.22678547,0.119991355,0.20974213,-0.13508472,-0.031548377,0.14425446,0.22089909,0.031658627,-0.20092788,0.13238393,-0.5629028,0.36953014,0.17889945,-0.35830113,-0.24311364,-0.51508075,0.15364432,-0.06478861,-0.24439758,-0.14613734,0.41635445,0.10312039,-0.26754272,0.27872533,0.111112915,0.05727097,-0.038002327,-0.16967858,-0.41682154,0.09628672,0.5926149,0.04509253,-0.11516337,-0.012511591,0.6634108,0.004681831,-0.03457961,-0.1273687,0.31675875,-0.029316677,-0.24139616,-0.9024447,0.030688617,0.2723924,-0.16666953,0.7068521,0.0055341166,-1.7804126,0.17113547,-0.06371291,1.0927192,0.3187015,0.08468313,0.7846291,-0.10810415,0.020072259,0.38850194,-0.16838071,0.5570646,0.48883352,-0.694226,0.42882392,0.14969297,-0.7638355,0.09110257,-0.5263704,-0.0021696,0.11892413,0.20587723,0.16047359,0.17036174,-0.12478315,0.36656898,-0.20606834,-0.50735795,-0.051732734,-1.1565545,-0.3626335,0.1912575,-0.23519245,-0.14406471,-0.061982483,0.20745814,-0.23469596,-0.22518119,-0.02291738,-0.35622323,0.3919621,-0.28429985,-0.009577456,0.33548424,0.26912275
68,neutral,-0.08876735,-0.0025182308,0.25499538,-0.16811961,0.20982888,-0.010333037,-0.2570069,0.15596327,-0.04910019,0.08335831,0.034620695,-0.17645086,0.05227096,0.18672934,0.15358345,-0.2498818,0.2239127,-0.20779653,-0.108183526,-0.05292673,-0.031142533,0.08692608,0.16494851,0.02381196,0.20844512,-0.37232852,0.07863261,0.22402124,0.2524745,0.15050349,0.05269064,0.36831456,-0.09544664,0.06250008,0.21919991,0.1795671,0.038119968,-0.11997518,0.02598041,-0.22035827,-0.2092675,-0.07435868,0.09621086,-0.07452994,0.031646304,-0.18641138,0.3390781,-0.19194026,0.1745152,-0.33529326,0.06630463,0.27332273,0.084785394,0.5404673,-0.21408837,-1.4586478,-0.059020266,-0.2667382,1.1054722,0.23069982,0.11347793,0.32123873,-0.009909223,-0.082707025,0.40473488,0.10932706,-0.294827,0.077450894,0.19697525,-0.036393497,0.0629976,-0.16528045,0.15792274,-0.18456715,0.2728352,0.07299457,0.09277173,0.17152284,-0.48698682,0.03837996,0.30594686,-0.32678276,-0.23849817,0.079711854,-0.7716292,0.107187204,0.23997743,-0.18657646,0.13227068,0.04461569,-0.090684816,0.06876271,-0.03480941,0.10985991,-0.3648201,0.05428163,-0.011746101,-0.024461256,0.32423067,-0.23030356
69,negative,-0.12642932,0.13935608,-0.0054376693,-0.22915958,0.008417892,0.35536104,-0.18828693,0.13418746,-0.033114772,0.103997424,0.00936633,-0.028103033,0.26791874,-0.15402468,-0.10592707,-0.16685435,0.113560714,0.057934474,-0.52316415,0.12084092,0.17498682,-0.09837262,0.11211326,-0.15133438,-0.11349125,0.05034452,-0.1410654,-0.23452356,0.114367366,-0.032264344,-0.0011580858,0.40173644,0.013889238,0.10026755,0.084261134,0.036907766,-0.07674943,0.049202744,0.0566373,-0.15381718,-0.33813533,-0.06327206,0.16596317,-0.28605625,-0.07116719,-0.19875713,-0.18626693,-0.18463448,-0.20000634,-0.56576926,0.10998752,0.020564413,0.040484034,0.7230128,-0.15769927,-1.4206147,0.11059244,-0.16594246,1.405194,0.25559506,-0.13895975,0.3499584,-0.09175905,-0.05387991,0.55253047,0.09882665,0.10799711,0.18430285,0.15079856,-0.11892604,0.08271556,-0.29202384,-0.13803576,-0.34698507,0.013928545,0.14847896,0.0073918984,0.059117123,-0.58923304,-0.03607404,0.5409928,-0.079143,-0.08908827,-0.044360965,-0.976542,-0.105051786,0.10622871,0.13810349,-0.02040971,-0.24321362,0.048891768,-0.23796104,0.1200545,-0.069876134,-0.22541974,0.07663688,0.040931836,-0.17765126,0.42138165,0.20233458
70,neutral,-0.00962627,0.30759007,0.27569103,0.08430811,-0.18224846,-0.12539211,-0.37412745,-0.014016982,0.112468034,0.27695444,-0.36128002,0.036694296,0.14046331,0.24460019,-0.04499698,-0.25774324,0.06522315,0.00764112,-0.07392479,0.06959203,0.24618007,-0.19577861,0.23251481,-0.076540686,0.12801817,-0.06632378,-0.2459476,-0.33916068,0.44449732,0.117940806,-0.11104688,0.23266199,-0.24104467,-0.1103115,0.0039822254,0.30733475,0.20353669,0.098527804,-0.23341107,0.10293082,-0.64169997,-0.20567206,-0.085240066,-0.019711409,0.28074333,-0.24604894,0.30834833,-0.11047529,0.055706747,-0.442119,0.009037729,0.25539577,0.041694973,0.78523135,-0.019560223,-1.6030198,-0.10297625,-0.13814491,1.5028265,0.18136631,-0.15798248,0.38443404,-0.0425837,-0.011139574,0.6272026,0.092594445,0.14781505,0.11599843,0.10029129,-0.19562115,-0.035173863,-0.37989292,-0.050311342,-0.2767177,0.09201755,-0.11116936,-0.15841496,-0.09987869,-0.4676632,-0.0576041,0.23268448,-0.052359246,-0.32480234,0.07035358,-0.79252654,-0.21877782,-0.09745817,-0.18801053,-0.17214641,-0.26697382,-0.38582584,-0.23163539,-0.01758912,-0.12524274,-0.18552615,0.12505195,0.04013337,-0.2189749,0.41577342,-0.043874864
72,negative,0.26292047,0.3956768,0.39243644,-0.3293722,-0.13425365,-0.111102715,-0.12727684,0.14345919,-0.0075584473,0.1747223,0.12500669,0.09020713,-0.068336956,-0.1302741,0.047987822,-0.3906188,-0.051618423,0.009485528,-0.12564382,0.2968186,0.49594173,0.2304875,-0.05783042,-0.006914616,0.16108453,0.07408669,-0.29208115,-0.5329074,0.30056027,0.03402168,0.017109012,0.55742264,0.083907634,0.10512803,-0.011081139,0.27636987,-0.026208999,-0.05358244,0.2494565,-0.23459373,0.035245787,-0.29814902,-0.0225273,-0.33865234,-0.11831399,0.036188126,-0.3526669,-0.26503423,-0.01289991,-0.9487493,-0.0022288351,-0.0974723,0.10724214,0.7149408,-0.20057005,-1.8251823,-0.100049146,-0.055961262,1.4165827,0.26760486,0.100230105,0.36225554,-0.3993932,-0.12203078,0.36717266,0.19572315,0.5656619,0.12043377,-0.047637537,-0.33099565,0.035372205,-0.15136634,-0.1445026,0.01659311,-0.071662486,0.07786396,0.17390025,-0.109054245,-0.6370506,-0.11085178,0.6063631,-0.16019216,-0.17228398,-0.15884525,-0.94746,-0.07233133,-0.40840387,-0.0730037,-0.043824133,-0.28141904,0.08245107,0.00840787,-0.4074564,-0.46617815,-0.5490045,-0.06566636,0.0894233,0.095948495,0.4300079,0.11472314
73,negative,-0.12153965,0.2112872,0.08933444,-0.24445024,-0.20957813,0.012416578,-0.071453735,0.0039061613,-0.14760768,0.08138137,0.041343614,-0.10542645,0.0667527,0.057001326,-0.070221364,-0.05030712,0.16668063,0.111242704,0.06979124,-0.016535576,0.39917228,0.07030399,-0.042389717,-0.08009198,0.3298045,-0.07183167,-0.05085641,-0.29902825,0.050841004,-0.016424429,-0.04666241,0.17282702,-0.11073369,-0.2644053,-0.018431427,0.051807184,-0.02942052,-0.023088269,0.08306923,-0.040610947,-0.29846367,-0.24744758,0.076768085,-0.18085541,-0.06908851,-0.09750217,0.113580436,0.10262362,-0.17989668,-0.3287736,0.004467058,0.031666648,0.06870057,0.890444,0.0259067,-1.4666033,0.040193766,-0.16061316,1.2892711,0.2512858,-0.11093828,0.51088583,-0.24548511,-0.03326508,0.6183609,-0.02021699,0.4942797,0.28650466,0.07588693,-0.096314065,0.16069508,-0.1734961,-0.055938765,-0.0425682,0.12055689,0.07753125,-0.22169955,0.23878358,-0.35164398,0.11904194,0.39926967,0.17047198,-0.315047,0.07230173,-0.93589985,-0.38709345,-0.07043669,-0.13548958,-0.030671716,-0.21048228,-0.2517368,-0.0866262,-0.04669467,0.12002659,-0.06459403,-0.04991996,-0.121758595,-0.2116214,0.3127207,0.13050455
74,neutral,-0.18029323,0.19683571,0.26654547,-0.23026256,-0.21581367,-0.08217934,-0.21362029,-0.058089986,-0.049466826,0.20384283,0.09367106,0.063292444,0.280982,-0.06044619,-0.10781015,-0.029808523,0.038278755,0.101749904,-0.37263316,0.13671713,0.2517149,-0.036190085,0.1300337,-0.14501676,0.062086646,-0.024912419,-0.2371343,-0.39952564,0.10508345,-0.09923347,0.14547177,0.32432204,-0.09992806,-0.0888487,0.025261207,0.14574137,0.08018603,0.039339203,0.02815406,-0.17460452,-0.45323727,-0.08245056,0.18754405,-0.348492,-0.12541945,-0.154856,0.29846758,-0.13867019,-0.14598782,-0.6815998,0.07256594,-0.116248116,0.060131893,0.89129055,0.13586457,-1.9462456,0.031783372,-0.09164528,1.3394543,0.2789878,-0.15755542,0.34204033,-0.27126017,0.0074847667,0.6326139,0.07129895,0.28121063,0.31652898,-0.06852624,-0.0411572,0.17752591,-0.17909811,-0.21863358,-0.33022127,0.1360641,-0.14523923,-0.15639271,0.04728759,-0.5688514,0.090812035,0.73805064,-0.08544223,-0.4406155,0.019856889,-1.0842355,-0.12317296,0.118561655,0.14551541,-0.09181407,-0.34596738,0.08746259,-0.07854001,-0.12612332,-0.063201986,-0.38194436,-0.013358237,-0.06071346,-0.32632476,0.41994005,0.2110467
75,negative,0.21549483,0.26045612,0.17572415,-0.028862113,0.1554155,-0.8072145,-0.19721536,0.14340396,-0.16882582,0.16028023,-0.1320841,-0.2662289,0.013756232,-0.19331864,0.12150513,-0.12685284,-0.21437794,-0.22385657,-0.098832525,-0.12048185,0.4050309,-0.12036299,-0.0006826876,0.2200725,0.10827961,0.037387103,-0.0996582,-0.15566018,0.037215557,0.08420113,-0.089772925,0.2501762,-0.25552693,0.17320344,-0.1918938,0.050497152,0.33345288,-0.35425475,0.040251955,-0.05504674,-0.1931234,-0.4404512,-0.23473671,-0.19924296,0.42710304,-0.03912407,0.009954107,-0.35220417,0.21993284,-0.90149325,0.14568202,0.17100754,0.024574734,0.8210444,-0.15527473,-2.1166897,-0.030590344,-0.34375367,1.681325,0.15210299,-0.17756477,0.1374773,-0.18473285,-0.09623799,0.49074256,0.104666345,0.2946744,-0.14747049,0.2856547,-0.10420004,0.17344238,-0.26130104,-0.29184034,-0.207397,0.21662667,-0.16339526,0.16237512,0.16750929,-0.8651536,0.0129537275,0.8810697,-0.00087531336,-0.24992555,-0.018993843,-0.70865464,-0.510296,0.17184693,-0.12128369,-0.04333312,-0.374635,0.014584859,-0.006442227,-0.40859807,-0.2832962,-0.7880375,-0.012850317,0.13874334,-0.11027999,0.57649696,0.13263398
76,neutral,-0.08491866,0.10262637,0.24345092,-0.16009921,0.102195635,0.05729362,-0.46517178,0.0823976,-0.0008614463,-0.11940336,-0.0067903157,-0.15358303,0.2145406,-0.10880116,-0.081081256,-0.122910485,0.10006013,0.102703124,-0.30584145,-0.034765348,0.18467537,-0.1748785,0.02200691,0.0004716912,-0.079219244,-0.15234958,-0.15642783,-0.42999485,0.2879017,-0.12528364,0.2554212,0.55270207,0.021673411,0.12331963,-0.1666825,0.24602349,0.0472133,-0.1064553,-0.14559953,-0.11831103,-0.6109757,-0.11334377,0.42295745,-0.42855683,-0.07824445,-0.2784163,0.021027936,-0.30203903,-0.07164838,-0.56720287,0.12400996,-0.0933185,0.08371762,0.89532393,-0.00136073,-1.9680654,-0.10798062,-0.28400728,1.5022228,0.343903,-0.21225135,0.33193251,-0.19329163,-0.0035923873,0.63732487,0.09527503,0.195978,0.37375,0.07604849,-0.42335135,0.18603414,-0.20023227,-0.30781847,-0.61657494,0.07621611,0.20920645,-0.22849223,0.10375495,-0.85825175,-0.093975715,0.5689159,-0.23926596,-0.34396687,-0.20229688,-1.0738399,-0.20970437,0.18375224,0.1510173,0.089262776,-0.4548944,0.03562591,-0.16772783,-0.44340342,0.088670805,-0.38503885,0.09908548,0.06553158,-0.069028586,0.49831018,0.024938239
77,neutral,-0.57993364,-0.11168101,0.29478335,0.27339324,-0.31506768,0.013280326,0.28048456,-0.125894,-0.048470967,-0.09201882,0.23570158,0.14508313,0.34956554,0.08784774,0.14469077,-0.25599834,0.37810057,-0.420754,0.39619163,-0.12565039,0.3483862,-0.18945247,0.3230537,0.250367,0.3340497,-0.029871646,-0.21420461,0.07992438,-0.075027436,-0.4347564,-0.14448285,-0.44013473,-0.18896806,0.12561797,-0.42892405,0.010513766,-0.06785721,0.2133173,0.2877495,0.13189267,-0.39039168,0.0571046,-0.11231868,-0.022928432,0.48586395,-0.010283571,0.46867207,-0.2677259,0.33692935,-0.63722277,0.0034765708,0.1803657,0.020219436,0.95530325,0.31539658,-1.738043,0.1606392,0.2148932,1.2868367,0.7179097,-0.0453322,0.7046881,-0.12261639,0.25554103,0.48567408,-0.36399385,-0.2102634,-0.009565135,-0.12787077,-0.056446355,-0.59217745,-0.58433306,-0.0029399323,0.17100917,0.40644723,0.16676416,0.25711486,0.03399883,-0.52273417,-0.11394177,0.62065965,0.011983303,-0.2410518,0.34047505,-0.9075893,-0.34034258,-0.14887932,-0.29437268,0.23007604,0.14304347,0.23219852,-0.19422786,-0.3510992,0.36570597,-0.26462835,0.1428577,0.36310366,0.18431659,0.11475085,-0.24291265
78,neutral,-0.1705576,0.038441565,0.18743514,0.35486764,-0.19255506,-0.33714092,-0.18853077,-0.113596804,0.049131177,0.26672688,-0.12743607,-0.000856668,0.26008072,0.000870909,0.03797315,-0.07752485,-0.06173319,0.019792013,-0.39549676,0.02300705,0.155493,-0.14825988,-0.101768844,-0.19947192,-0.1785511,0.14288692,-0.032852948,-0.0638656,0.056604248,-0.11379825,-0.17099941,0.21884833,-0.3426362,0.055465013,0.0073533715,0.00688866,0.25475374,-0.025666548,-0.22580181,-0.0016746162,-0.48124278,-0.067324065,0.14982624,-0.16338718,0.19898757,-0.18404798,0.42247254,-0.11635811,-0.4256976,-0.59210676,0.21675427,0.16863415,-0.10635306,0.9956688,0.02778559,-1.8373375,0.095115,-0.23650533,1.2526094,0.118252516,-0.263669,0.20781346,-0.11742546,-0.21739733,0.69980985,0.20649827,0.0009853158,0.07769328,0.18770425,0.049410973,0.19463737,-0.14068444,-0.19047274,-0.3701469,0.20353676,0.18855627,0.0039678426,-0.031724207,-0.8324113,0.082785435,0.5564516,0.0005018749,-0.25943917,-0.028897181,-1.1158643,0.02644414,-0.05070853,-0.008603604,-0.16129105,-0.35740337,-0.34062985,0.078932054,-0.22735365,0.07016182,-0.3872379,0.18171377,-0.04038445,-0.31306666,0.37380996,0.28746447
79,neutral,-0.2226472,0.07774564,0.30840853,-0.0977313,0.07453859,0.12525468,-0.3685793,0.16694628,0.26229042,-0.1055568,0.12125736,-0.08607753,0.22229065,-0.047839694,-0.041748714,-0.14901303,0.38109106,0.051299796,-0.4889435,0.111091875,-0.02483861,-0.20546332,0.18972765,-0.23068495,-0.30643195,-0.2835878,-0.0120943105,-0.3065269,0.27143136,-0.07227239,0.14562711,0.5918045,-0.025155095,0.11533348,0.12611853,0.17581283,-0.06952521,-0.054290403,-0.07098113,-0.00067478,-0.49736664,-0.18341804,0.13450429,-0.31300706,-0.19178607,-0.28243807,-0.21770354,-0.31972346,-0.1566818,-0.6627382,0.24907304,0.106921025,0.085838854,0.7916686,-0.060397144,-1.8686696,0.01430834,-0.27853036,1.7242522,0.19183747,-0.367811,0.33040205,-0.12634006,-0.186248,0.7109596,0.12261122,0.27360028,0.3567734,0.20501411,-0.26814255,0.02514096,-0.2408733,-0.16008776,-0.65496427,0.12465624,0.14780469,-0.20908034,-0.030791791,-0.8782321,-0.11440257,0.4948548,-0.21748729,-0.27286687,-0.15916567,-1.1666934,-0.10292311,0.26650226,0.32703578,-0.030622037,-0.23788112,0.00707776,0.109151535,0.028207034,-0.03997033,-0.29079276,-0.08405495,0.07828341,-0.14954086,0.42079082,0.0729996
80,neutral,0.031390883,0.033586647,0.15519798,-0.018562296,0.10902668,-0.5778875,-0.20013082,-0.0037364867,0.22504792,-0.043528326,0.024996081,0.11461044,0.11676061,-0.13269618,-0.041562583,-0.11650319,0.037189912,-0.086778544,-0.22650534,-0.10964001,0.25539577,-0.090341926,0.08970304,0.014141821,0.015948528,0.122707985,-0.28664705,0.0020632043,0.04708586,-0.078143746,-0.20178768,0.3487522,-0.102842376,0.07737686,-0.17931527,0.015425434,0.17037165,-0.056085076,-0.22764656,0.043293912,-0.38396016,-0.35327297,0.016814899,0.034590513,0.0693159,0.07281908,0.09734105,-0.1630451,-0.12613893,-0.52165574,0.30052474,0.17263974,-0.016044585,0.6905028,-0.013708694,-1.5449297,0.025912885,-0.20419797,1.3644128,0.28256574,-0.19929743,0.1659986,-0.13303776,-0.19486907,0.35828194,0.15968978,0.054666754,0.18698466,0.13998143,-0.18457335,0.07147577,-0.1848223,-0.19649598,-0.37354943,0.13611177,-0.1014047,-0.09157721,0.058373824,-0.62729067,0.07771171,0.5151794,-0.038624767,-0.20336908,0.16489252,-0.8852209,-0.14550051,0.05865431,-0.04620344,-0.0079214275,-0.436905,0.0026141207,0.17382637,-0.3091795,-0.13312443,-0.22879897,0.27024338,0.2038399,-0.16014302,0.45182145,0.02007069
81,neutral,0.070296444,0.01455405,-0.06468773,0.11843409,-0.011565967,0.10197652,0.16570345,0.23173653,-0.17011634,-0.18138427,-0.16250718,-0.08916973,-0.28494373,0.27316177,0.08035171,0.064330816,0.352412,-0.058349874,-0.15303873,-0.076946534,0.124848105,0.22078061,0.3491533,-0.21962011,0.29712495,-0.010628644,0.05953363,-0.032813247,0.12646995,0.072074376,0.044499427,0.146096,0.3468283,-0.019928524,0.008962275,0.21466693,0.15453729,0.2808874,0.2517082,-0.29299283,0.009035354,-0.16476633,-0.13499087,0.05896302,0.03903471,-0.095750354,-0.20566663,-0.19593148,0.13815819,-0.27656606,-0.100349225,-0.11512922,-0.085427195,0.3034253,-0.21096498,-1.1789131,-0.38893628,0.06978434,0.49376574,0.14235435,0.09728392,0.27976388,-0.077943675,-0.06862828,0.12603448,-0.35846007,0.39418048,0.16262099,0.24127148,-0.13049664,0.0813747,0.17890202,0.11500539,-0.24347132,0.041546408,-0.17756997,0.15222447,-0.005348456,-0.2584438,0.28635973,0.18902403,-0.13368312,-0.34416553,0.073844224,-0.40521467,-0.012238116,-0.12107327,-0.2572477,0.21835175,-0.056701872,0.35384092,-0.1372279,-0.20604527,0.12932485,-0.35805175,-0.19179866,-0.046197005,-0.18194447,0.090109415,0.3385516
82,neutral,-0.145857,0.09800342,0.12802933,0.00874437,-0.102478184,0.08474406,-0.11504049,0.046131812,-0.027165487,0.13081908,-0.023653526,-0.021399874,0.09770392,-0.06338906,-0.029286725,-0.10514612,-0.11300307,-0.057030164,-0.19923772,0.01918986,0.42094895,-0.1692149,0.06954835,-0.063393064,0.06735491,0.021952333,-0.24824946,-0.18973993,0.13093819,-0.086167134,-0.044258095,0.20084147,-0.13803957,0.020453878,0.10599929,0.044940628,0.0442701,-0.060297545,0.14427476,0.0440693,-0.26875663,-0.20852883,0.18561259,-0.27455935,-0.009990272,-0.034049984,0.23838189,0.010866093,0.06653685,-0.66675633,0.19404744,-0.108704776,0.022175675,0.9348442,0.18003182,-1.7993107,-0.08996591,-0.059597712,1.1791329,0.21355374,-0.10666301,0.35666782,-0.21642727,0.041228116,0.51813596,0.12443357,0.11173245,0.13747667,-0.021273304,-0.02013224,0.09483689,-0.3132856,-0.108532734,-0.342969,0.1439712,0.011966996,0.02424555,-0.040893618,-0.51895773,-0.051015075,0.54325926,-0.100821905,-0.26358426,0.055951368,-0.9015957,-0.117714286,0.0014274921,0.02908344,-0.14522891,-0.37165588,-0.08522308,-0.025881547,-0.19884145,0.020688748,-0.41835406,0.07942873,-0.02525435,-0.13884133,0.34502774,0.18704915
83,negative,0.054170843,0.06701562,0.28779176,-0.07081647,-0.055704903,0.12781361,-0.1594354,-0.3519914,-0.046380073,0.15301275,0.080446966,0.064580396,0.17011516,0.028721873,-0.085965276,-0.16532628,0.042353783,0.17166266,-0.1389316,0.31317323,0.12828319,0.15585166,-0.088773005,-0.122797646,-0.057123747,0.16205934,-0.1523973,-0.20998591,-0.07732058,-0.06510448,0.10591676,0.575348,-0.15470915,-0.20034644,-0.06658713,0.27562776,-0.105819196,-0.0061633596,0.0684539,-0.20816219,-0.22707444,-0.2855289,0.009888076,-0.1431121,-0.10366255,-0.1539736,0.13145216,-0.1825333,-0.11967569,-0.7495209,-0.024449436,-0.019575512,0.14541481,0.76401585,-0.0082812635,-1.7496516,-0.039408177,-0.019937709,1.4797939,0.15804219,-0.10362701,0.25249836,-0.2752991,-0.051669996,0.64870423,-0.09772573,0.34075686,0.30956566,0.20229614,-0.055761296,0.061148517,-0.2982703,-0.26111156,-0.37426805,-0.045835223,0.104993716,-0.12973298,-0.041564476,-0.48213276,-0.019404314,0.60323566,-0.12622137,-0.16286494,0.073257685,-1.0200301,-0.23602119,-0.05559068,-0.09365436,0.0532688,-0.37182003,-0.045765236,0.044535335,0.09012991,-0.15333216,-0.2917603,0.053504992,0.04872905,-0.15532605,0.36578628,0.20262128
85,neutral,-0.18337934,0.09202176,0.23346247,-0.05507882,0.09198978,-0.12560776,-0.19334207,-0.048629943,-0.026971443,0.16745383,0.021958062,-0.09823764,0.1964001,-0.056366034,-0.06987426,0.058907054,0.25916028,-0.10669455,-0.41563997,0.056006785,0.05677869,-0.21469176,0.101323366,-0.116537146,-0.25000167,-0.22491346,-0.09417261,-0.19775717,0.17935102,0.03312035,0.13358644,0.27004975,-0.27141818,-0.14685592,-0.110406816,0.13873434,0.087126926,-0.012497355,-0.17653236,-0.107933566,-0.48475912,-0.06008781,0.111335844,-0.13056506,-0.03790756,-0.37235218,0.20132579,-0.27050337,-0.2819332,-0.58308125,0.28154665,0.021638295,0.18822356,0.8470981,0.02947482,-1.6823161,0.016570404,-0.22113271,1.2638093,0.29205894,-0.12520865,0.32904318,-0.13745187,-0.16694435,0.5989158,0.007664707,0.0343535,0.41470972,-0.012500404,-0.039187215,0.2589068,-0.12744693,-0.23268831,-0.41827613,0.05470321,-0.07350482,-0.22195803,0.09051102,-0.8581237,-0.06404147,0.49876156,0.0044259955,-0.22864342,-0.12191731,-1.0154054,-0.068858154,0.24184316,0.17674519,0.021107577,-0.18173696,-0.02130074,-0.08350839,-0.22820194,-0.011726317,-0.3125973,-0.000494997,-0.098942116,-0.31751406,0.2775053,0.12023345
86,neutral,-0.04366403,0.0011692146,0.24026044,-0.16436629,-0.020439314,0.03260595,-0.16467382,0.0632474,0.09318725,0.18592967,0.1287673,0.011164327,0.1146867,0.11135134,0.031852096,-0.049914144,-0.023981785,-0.18139337,-0.29998896,-0.06521995,0.46425018,-0.2088332,0.1298529,-0.12112986,0.058937583,-0.007679447,-0.16228442,-0.17049386,0.19569592,-0.0352604,-0.031265832,0.19368726,-0.2224524,0.027821455,-0.01164559,0.11684064,0.18343681,0.01940677,0.023415998,0.023514759,-0.31276962,-0.27802423,0.21736446,-0.13411032,0.07729275,-0.006867768,0.12640578,-0.014707547,0.0023071736,-0.59146106,0.008874348,0.08117645,-0.05291268,0.98585,0.039124023,-1.6595347,-0.079700045,0.07934476,1.2823819,0.20755462,-0.050292976,0.43413645,-0.1553452,0.04853831,0.48780742,0.045381106,0.052602053,0.08457833,0.076605245,0.056729205,0.015405179,-0.35957253,-0.09999823,-0.3639799,0.06644866,0.06835429,0.17622341,0.026269078,-0.67980325,0.058731977,0.6039059,-0.04630212,-0.22775877,0.065493256,-0.74179137,-0.11096316,-0.09942295,-0.057004295,-0.074247725,-0.3220399,0.010441825,-0.09633257,-0.08924993,0.0679032,-0.37000883,0.10079845,-0.0695153,-0.13423143,0.39922234,-0.05326985
87,neutral,-0.13127226,0.05221437,0.005646124,-0.15529153,0.07096699,-0.11550924,0.0028094586,-0.23689723,-0.18937312,0.17920624,0.0314378,-0.18866947,0.08138447,0.23613597,-0.032289498,-0.16032349,0.16157733,-0.0469122,-0.40236366,0.15782806,0.12174593,-0.08582511,0.11886015,-0.26364198,-0.034399547,-0.0014544092,-0.028033815,-0.29186174,0.114077784,0.05591438,-0.25301006,0.34466124,-0.07508648,0.013100708,-0.24998435,-0.0060094004,-0.12658355,0.19732524,0.11313294,-0.035419367,-0.30329224,-0.032488745,0.1937847,-0.092634745,0.012313262,-0.120785065,0.15967062,-0.17603157,-0.16707826,-0.47308117,0.2872119,-0.18851253,0.122694515,0.63107747,0.030775914,-1.4759706,0.17657319,-0.32963556,0.978926,0.09962851,-0.051416174,0.37038237,-0.018781785,-0.29376733,0.59422034,-0.18100485,0.2319662,0.4447191,0.054157253,0.38884312,0.15842147,-0.06251572,-0.13972284,-0.38323689,0.045930743,0.024081692,0.043505862,0.040321853,-0.6171476,-0.118932456,0.32002854,-0.012182567,-0.1567649,-0.11487092,-0.8391255,-0.05558559,-0.0012821346,-0.054046396,-0.044758134,-0.45408416,0.024238145,-0.09753001,0.008359621,0.27010438,-0.21722285,0.111556545,0.050864752,-0.22187032,0.107828535,0.2576797
88,negative,0.08390901,0.23490204,0.15301271,-0.087421075,-0.04462703,0.06288699,0.11475865,0.30925766,-0.14237837,0.23905657,0.123598285,-0.109862685,0.16325606,0.2277168,0.17241281,-0.0426434,0.25652876,0.10701801,-0.43426946,0.27522445,0.13232219,-0.19187677,0.18221387,0.09333236,0.109830566,-0.15321591,-0.064506896,-0.2769723,0.0033227669,0.10597182,-0.10818236,0.28317392,0.046550572,0.059086327,-0.01014889,0.0977009,-0.17925783,0.055624705,-0.07181776,0.053874895,-0.48960337,-0.054387674,0.061116975,-0.08305867,0.1717298,-0.0731486,0.10643417,-0.28970546,0.085567765,-0.50043386,0.030138124,-0.1715435,0.13292983,0.82971627,-0.14189939,-2.113737,-0.12500514,-0.1826835,1.51292,0.5226695,-0.1361326,0.6183444,-0.01284889,-0.018267479,0.5176568,-0.008497424,0.12264124,0.25964326,0.02029611,0.17425133,-0.03388496,-0.16055351,-0.056912057,-0.21093515,-0.091721684,0.19417466,0.08324119,0.0054897475,-0.85486835,-0.26725423,0.4346508,0.07265223,-0.139717,-0.029886508,-1.1421547,-0.18580914,0.06668182,-0.06796145,0.08472321,-0.069118544,-0.08978228,0.09932068,-0.013174329,0.21787843,-0.4763594,0.121800065,-0.14967175,-0.11975091,0.3207443,-0.01003336
89,negative,0.31207448,0.25316104,0.4478169,-0.07704315,0.058612403,0.36021325,-0.41039795,-0.3512997,-0.08289652,0.199344,-0.19921519,0.027254973,0.15486641,-0.1478945,-0.041197732,-0.16155337,0.18705964,-0.1308718,-0.6245635,0.18358247,0.46562582,-0.036513787,0.26161286,-0.2783612,0.214877,0.097806774,-0.12905987,-0.43263495,0.3517676,-0.06012986,0.12153085,0.49584773,-0.18394405,0.14916918,-0.14804909,0.03574483,0.09422874,0.5583616,-0.16577959,-0.16521132,-0.82360154,-0.07649648,0.13013662,-0.12285129,-0.15874605,-0.56018615,0.3558696,0.07685225,-0.13070226,-0.28822052,0.08069319,0.14771472,-0.033765,0.87998426,-0.005371547,-1.5882204,0.50068533,-0.07635534,1.6192415,-0.007608792,-0.121204175,0.053249817,-0.37341344,-0.2949791,0.81542784,0.16040757,0.23727009,-0.14337972,0.35400814,-0.058739107,-0.12002976,-0.15273443,-0.0197684,-0.17170255,0.082280144,0.029417904,-0.09082214,0.010776051,-0.71813416,-0.14191817,0.14988588,0.029666057,-0.105851166,0.18630087,-1.0898395,0.15021004,-0.074319504,0.0004464287,0.069382735,-0.35817295,-0.08404717,-0.38542506,0.048101004,0.114511244,-0.58938354,-0.1473081,-0.09805511,-0.39335006,0.3864833,0.3114254
90,neutral,-0.14706135,0.22545218,0.20700863,-0.03301615,0.12506872,-0.010066216,-0.14833227,-0.014674435,-0.13460517,0.028276965,0.08299331,0.025054052,0.15130393,-0.037584387,-0.04262291,-0.031552974,0.01620703,-0.11340351,-0.46303606,0.12566434,0.027772613,0.011971355,0.008243755,0.000106574524,0.12346523,0.059072513,-0.11254568,-0.26790965,0.17118311,0.0113783665,-0.14864415,0.34176287,-0.047886066,0.052645076,-0.10559151,0.20690706,0.07448235,0.112580925,-0.12838095,-0.019215476,-0.43336096,-0.045643374,0.13360788,-0.006896109,-0.14665847,-0.14082833,0.05842161,-0.25731874,-0.06319215,-0.3608262,0.15630206,-0.02619021,0.1759735,0.64775735,-0.028766358,-1.4341805,-0.06871228,-0.13530299,0.89235,0.088258326,-0.0011357338,0.43759596,-0.18312591,-0.22964604,0.59045196,-0.09017016,0.28122112,0.3861496,-0.11484243,-0.049356986,0.055674873,0.032049634,-0.15762462,-0.21352938,-0.00844031,0.008949488,-0.045362826,0.06341755,-0.4722228,-0.13121939,0.31676638,0.055865917,-0.034586333,-0.0663012,-0.7395075,-0.020913288,-0.05124725,0.1329591,0.02519606,-0.2609166,0.046961144,0.0069483765,0.017501805,-0.030518396,-0.35565984,0.08674209,-0.12137567,-0.30007517,0.13641499,0.29147688
91,neutral,-0.13691111,0.1582349,0.23713782,-0.070841365,0.06881918,-0.49475175,-0.13168168,-0.034845784,0.08405812,0.16598208,0.03536963,0.02364872,0.0920668,-0.028463552,-0.08874207,-0.3094402,-0.105792254,-0.14427064,-0.057399314,-0.084179446,0.22082381,-0.21090668,0.10077382,0.017391756,0.0004366299,0.09795391,-0.11051973,-0.049826995,-0.021103056,0.0033756853,-0.08710538,0.29886606,-0.1136421,-0.05299501,-0.08321909,0.09020584,0.1203689,0.17539278,-0.093774565,-0.08309574,-0.34056148,-0.3599109,0.009671508,-0.012029469,0.09842472,0.0074788346,0.14191623,-0.15610635,-0.16048394,-0.5295465,0.052599885,0.27807313,0.04335249,0.7254074,-0.18273775,-1.611404,0.08792445,-0.16906047,1.1732652,0.2670073,-0.038698085,0.20670176,-0.09211938,-0.052129667,0.46441627,0.10109332,0.17256047,-0.03451187,0.17807272,-0.179544,0.265264,-0.15020025,-0.014556936,-0.15753892,0.031624712,-0.15649916,0.045753643,-0.041472957,-0.57687294,0.22446898,0.65602434,-0.023924105,-0.2807055,0.059937533,-0.7180547,-0.16326144,0.061089948,-0.06449611,-0.042072847,-0.30095318,-0.058427855,0.026045293,-0.15584047,-0.17747244,-0.27028227,0.22954166,0.07422664,-0.28829002,0.3623678,0.15384193
92,negative,0.057471074,0.18114126,-0.024169663,-0.25743648,0.1016074,0.3515542,0.03042818,-0.1514091,-0.054875422,0.30163985,0.04307008,-0.30092877,0.06240402,-0.13903236,0.104652874,0.12835024,0.06848845,0.023541322,-0.14371681,-0.02055268,0.40992033,-0.05911643,0.14741229,-0.18538977,0.099494524,0.018285992,-0.14688785,-0.23501678,-0.20921905,-0.1308005,0.108399086,0.48981354,-0.06274444,-0.20406762,0.22280408,0.1337688,-0.28786692,-0.01769187,0.066301085,0.092605814,-0.24936299,-0.10003408,-0.09952107,0.15812962,-0.12631714,-0.32377568,0.011856686,-0.08800235,0.081569724,-0.5197267,0.09636907,-0.14661281,0.08808084,0.79584086,0.071277924,-1.8200934,0.150073,-0.14935695,1.2778774,0.16802613,-0.043333847,0.38674733,-0.0429512,-0.07192214,0.74568224,-0.11415139,0.52897274,0.17331104,0.17085636,-0.06904962,0.15505743,-0.27735883,-0.24322446,-0.15346597,-0.094038054,0.11226609,-0.047658134,0.13169098,-0.58242345,-0.15996273,0.45885712,0.030037733,-0.08910526,-0.045907132,-1.2404743,-0.38695648,-0.036966074,0.040800635,-0.006414499,-0.3299236,-0.006079873,-0.05673568,0.18862611,0.075087056,-0.23766951,-0.30267534,-0.43728167,-0.13006856,0.5041595,0.19606556
93,negative,-0.15257116,-0.04961818,0.23537567,-0.22031163,0.11450721,0.005416134,-0.3702224,-0.032514516,0.062912114,0.30195886,0.091475464,-0.08990871,0.15064034,0.15157874,-0.07914407,0.12679145,0.18332681,-0.18105923,-0.5089677,-0.014179656,0.12358689,-0.11012098,0.16642661,-0.11382818,-0.12874146,0.063679084,0.0020475618,-0.24053587,-0.112836026,-0.10375496,0.32373825,0.2521879,-0.025118232,-0.0049561653,0.06259991,0.15856124,0.005911936,-0.033844616,0.122106455,0.2505859,-0.48601237,-0.34760052,-0.03329816,-0.011153909,0.19575234,-0.19763324,0.051666025,-0.15221594,-0.10419629,-0.5709783,0.3788522,-0.01487261,0.124857835,0.9340987,-0.082918435,-1.8388467,-0.015770877,-0.16391155,1.5991522,0.33518168,-0.25409827,0.39453423,-0.0012383529,-0.2540064,0.64742595,0.08935205,0.23330906,0.36239576,0.3862413,0.06930808,0.059999928,-0.2223281,-0.19332099,-0.36571783,0.187834,0.05469509,-0.102451354,0.050811518,-0.77441597,0.1470677,0.55316675,-0.12161838,-0.18288201,-0.06475473,-0.9361851,-0.17263894,0.23228943,0.0465894,-0.00785233,-0.14433804,-0.024729075,-0.11347406,-0.018743876,0.021717101,-0.33363456,0.06581734,0.011989057,-0.18351477,0.4131155,-0.05606083
94,negative,-0.12424665,0.124902576,0.24336918,-0.06502015,-0.016259152,0.074286796,-0.28557926,-0.1378159,0.23098677,0.14387763,-0.014328125,-0.04034355,0.074519895,0.0646996,-0.012602654,-0.045853272,-0.0118569145,0.07194838,-0.36742216,0.136684,0.2052634,-0.09901005,-0.094816275,-0.3321766,0.002761139,0.013063252,-0.17968495,-0.22380993,0.06567198,-0.14184065,0.13354076,0.3875764,-0.1353978,-0.11007259,-0.058059312,0.1082358,-0.028795993,-0.0005044207,0.009066581,-0.10411583,-0.28620622,-0.11234538,0.11012666,-0.09323847,-0.10119904,-0.21139632,0.13777995,-0.04474987,-0.1715272,-0.44956964,0.1266845,0.084463224,0.119211555,0.8563732,-0.008376756,-1.4705452,0.21052437,-0.2429948,1.15235,0.16126986,-0.012761842,0.30072987,-0.09187452,-0.028884016,0.61027515,-0.13741001,0.20977394,0.21740699,0.06492078,-0.012413953,0.12466446,-0.2568371,0.00266595,-0.18546535,0.082003005,0.075630344,-0.16720252,-0.065607235,-0.5687927,0.11194295,0.42891884,-0.0051911133,-0.22796938,0.0044730688,-1.043644,0.02495444,0.023562048,0.05925415,-0.038739685,-0.37518802,-0.13179511,-0.05139127,-0.032565285,-0.14229925,-0.16077119,-0.06782761,-0.0061485246,-0.29894796,0.31764817,0.29802755
96,negative,0.06768858,0.3766837,0.40400314,-0.07612069,-0.10350973,0.24240522,-0.30161655,-0.18739808,0.24405876,0.05477389,-0.049118407,0.12687725,0.060006086,0.06026734,0.0039226552,-0.104283966,0.042876646,0.16179492,-0.4674725,0.23924334,0.279403,0.03170699,0.072167866,-0.29606414,0.090821594,-0.020082083,-0.13172723,-0.31809,0.24260855,-0.09640983,0.20776455,0.16107921,0.002597539,-0.14655535,0.009967377,0.16101587,0.039222818,-0.010444989,0.01876993,-0.18234111,-0.42945224,0.111005284,0.071967915,-0.33973,-0.1756048,-0.1936782,0.48125085,-0.16329497,-0.34661204,-0.80733824,0.03360612,0.031421844,0.20882393,0.9402092,-0.18516453,-1.6357757,0.08574509,-0.053798024,1.1632174,0.15411061,-0.13490668,0.5241367,-0.27267486,-0.26656935,0.7192266,-0.054828767,0.3840592,0.2715051,0.015666554,-0.07482895,0.12241627,-0.27652067,-0.3603581,-0.14846948,0.12307431,0.004663176,-0.15466614,0.03264879,-0.63396287,0.19219421,0.45237827,0.053948753,-0.2933023,0.06979259,-1.0625615,-0.121422485,-0.13504043,0.014082253,-0.09359897,-0.24430592,-0.08041773,-0.10893468,0.005395513,-0.06317863,-0.32193527,-0.20230791,-0.25927126,-0.2356786,0.20191862,0.16249068
97,negative,-0.08569852,-0.06656759,0.13142832,-0.15062346,-0.1420463,-0.028928936,-0.15263619,0.015626734,0.02034345,-0.004653081,0.16265875,-0.037559297,0.06427711,-0.0978902,-0.015842201,0.049224705,0.038707208,-0.048634484,-0.32561913,0.09201212,0.25701186,-0.14990482,-0.11668891,-0.029565405,0.03382582,0.03314988,-0.055137295,-0.14457156,0.03615801,-0.060466487,0.05197096,0.23196967,-0.15591365,0.12571913,-0.021353168,0.09345679,0.08931272,0.016907686,0.16712429,-0.03928515,-0.26330444,-0.1430449,0.111368574,-0.083814874,-0.066958524,-0.05529848,0.08071066,-0.0027552736,-0.012727688,-0.5268715,0.079129644,-0.05433548,0.082373336,0.616744,-0.0067044375,-1.3736621,-0.09074027,0.066458784,0.8570268,0.10384073,-0.1161339,0.30801624,-0.12531972,-0.0034130092,0.31392923,-0.028310757,0.21317708,0.23724486,0.08235316,0.06858461,0.051827256,-0.19483289,-0.18662928,-0.3141269,-0.013002624,0.0014070416,0.12232661,0.034287393,-0.46843058,0.041345034,0.41670373,-0.105537735,-0.11728344,-0.04828424,-0.6490632,-0.13106044,-0.1584986,0.013358282,-0.0358298,-0.29682836,0.123252004,0.04000489,-0.06337519,-0.016759174,-0.19453673,-0.0593168,0.012302657,-0.113418125,0.22346409,0.055877186
98,negative,0.016782487,0.24106975,0.13576274,-0.16013059,-0.046862606,0.20687325,-0.10568158,0.17895669,-0.041314546,0.298258,0.023335097,-0.04784362,0.26979557,0.32565603,-0.06484443,-0.17899767,0.08447456,-0.025274036,-0.38110262,0.2990434,0.25001958,-0.21976495,0.11077486,0.021276457,0.017363565,0.008054874,-0.28378674,-0.24808213,0.12567185,0.124775305,-0.10404565,0.4106616,0.026235398,-0.030554553,0.06253398,0.07446612,-0.11553611,0.13240689,0.29190943,-0.05790246,-0.28062457,0.07944848,-0.10349111,-0.23872012,0.21499132,-0.022149177,-0.09743585,-0.11259907,-0.10851308,-0.4143664,-0.13088277,-0.05854067,-0.113041826,0.81159437,-0.097210675,-1.5674819,-0.16977109,-0.1422245,1.3011599,0.36257374,0.0532893,0.36526564,-0.011091533,-0.09662247,0.47438014,0.026768744,0.16948804,0.1944351,0.07218259,0.10353463,-0.043395232,-0.24811356,-0.17206097,-0.2834987,0.09247263,0.21920592,0.035674818,-0.067683496,-0.5180623,-0.15049516,0.5205257,0.049029063,-0.25221044,-0.13687737,-0.99355954,-0.15662935,0.11395095,-0.08339764,-0.031780526,-0.1567187,0.012201581,-0.065934375,0.04614864,-0.12323696,-0.42722744,0.101548955,-0.07004741,-0.21583839,0.15788522,-0.033235602
99,negative,-0.019384064,0.039035402,0.1926816,-0.44109634,-0.06040588,0.13180196,0.037152562,0.06910079,-0.20449547,-0.30841357,0.07610485,-0.0013226707,-0.14652,0.05770329,0.03676437,-0.07129108,0.23141159,-0.005615039,-0.3643911,0.23979273,0.05540076,-0.0165278,0.12354396,-0.092333585,0.22854704,0.071931705,-0.18812123,-0.1930847,0.11570674,0.011446812,0.17303257,0.14917241,0.104873754,0.073076725,-0.01110599,0.21011442,-0.056252014,0.07220214,0.15985225,0.09307307,-0.08457007,-0.0011863067,0.22872919,-0.20620567,-0.11342741,-0.037248213,-0.24629341,-0.34748656,0.006924689,-0.32659855,-0.04073144,-0.13845868,-0.08428457,0.34614003,-0.11476842,-1.3486115,-0.1718378,0.06931164,0.40937808,0.17480952,-0.08467834,0.27173313,-0.022564765,-0.028174547,0.3274196,-0.28169623,0.23903972,0.43176997,-0.085266374,-0.0062300246,-0.033727307,0.14964269,-0.16882482,-0.19939014,0.043639056,-0.07130096,-0.08844124,-0.020110399,-0.33741722,0.09639778,0.36985126,-0.10259337,-0.22028494,-0.06854909,-0.41788632,-0.0808058,0.04629682,-0.11147766,-0.044173326,-0.36728156,0.019895015,-0.15086457,-0.14504889,0.30312517,-0.09195944,-0.036763582,0.08959102,-0.22451572,0.03558199,-0.16920228
100,neutral,-0.10023745,0.05826133,0.16979209,0.080561265,0.1580577,-0.02656424,-0.120795555,-0.06892737,-0.116943486,0.14851294,0.07393544,-0.0630774,0.043944195,0.058574032,0.0058599156,-0.18393707,0.09704207,-0.17008887,-0.4175519,-0.010429179,0.121388145,-0.14074193,0.2553882,-0.096149825,-0.09162335,0.025339521,-0.16353205,-0.08653307,0.4525041,0.07250088,0.21269684,0.39123216,0.1100903,-0.1148335,-0.22263451,0.11695585,0.095051,0.06717547,-0.35915363,-0.24776843,-0.36744654,-0.05254845,0.4622123,-0.16482206,0.20317398,-0.19703662,0.12604235,-0.11628624,-0.07075847,-0.15847534,-0.27432638,0.09157985,0.13928695,0.7561332,-0.084922835,-1.2924851,-0.20386173,0.20226757,0.95135415,0.23045553,-0.22180879,0.07580192,-0.08204863,-0.21071635,0.40581957,0.017262204,0.04001167,0.1573431,-0.06827001,0.13858439,0.16241293,-0.006946343,-0.36989576,-0.46124956,-0.24578185,-0.15994972,-0.01249802,0.23790848,-0.68111223,0.14306435,0.48945943,-0.116453916,-0.23024653,0.036494974,-0.5534284,-0.062872455,0.14987628,0.22745152,0.10800165,-0.71157163,0.25283888,-0.14796537,-0.27269483,0.2766541,-0.6188288,-0.16198738,-0.06034219,-0.32873538,0.05249412,-0.12437298
101,negative,0.08483008,0.23867178,0.5184131,0.027701296,-0.04650841,-0.0497069,-0.1382638,0.10726651,0.14580905,0.01429327,-0.08873109,0.057660244,0.19621414,0.0939961,-0.03668398,-0.0004895291,0.113033116,-0.14905444,-0.24503888,-0.01276935,0.32724032,-0.051800385,-0.044532716,-0.024580454,0.19608614,0.22544327,-0.16867131,-0.20847146,0.36191997,-0.019737536,-0.015888933,0.15344572,-0.032903563,0.0195681,-0.033664376,0.20192967,0.062701866,-0.0222468,-0.15610225,-0.113454,-0.3732352,0.12564616,0.3135479,-0.18004726,0.10048212,-0.12222519,0.1586477,-0.09918662,0.035929244,-0.42684904,0.042144295,0.11438925,0.25380036,0.6647449,-0.2286172,-1.2592331,0.12916008,-0.22860101,1.0349498,0.15743774,-0.060789544,0.34954843,-0.102002345,-0.40021473,0.53912497,-0.020225946,0.21019877,0.23041886,-0.29189664,-0.28237936,0.07003427,-0.086429246,-0.16264074,-0.34660038,0.0804464,0.42468697,-0.19440608,-0.13039507,-0.5642203,0.068138175,0.38796213,-0.045510985,-0.017268457,0.091407865,-0.7592513,-0.091820985,0.09754494,0.028022576,0.19208479,-0.1830318,-0.007396998,-0.044475067,-0.20105094,0.17169048,-0.41797468,0.05154342,0.044819377,-0.04665161,0.3074831,0.03157778
102,neutral,-0.09752979,0.21192515,0.2848833,-0.24366274,-0.077001594,0.09077134,-0.20082198,-0.088961326,-0.08721584,-0.103613175,0.31100646,-0.07851834,0.044754513,0.011076203,0.02857272,0.101582624,-0.21138734,-0.14349084,-0.115199216,-0.06387612,0.24919283,-0.011818767,0.05929329,0.016668838,0.14683971,-0.042774167,-0.09675812,-0.12101346,0.09972836,-0.018607873,0.03751208,0.34128833,-0.15107527,0.07838067,0.038835816,0.04279969,-0.15961869,-0.07416316,0.03944204,-0.25226587,-0.06777592,-0.27170873,-0.22246386,-0.34066182,-0.069364436,-0.27685732,0.17828193,0.009473443,0.07998733,-0.58513844,0.07783586,0.029226052,0.03169054,0.5720847,-0.06582854,-1.571824,-0.01278591,0.16206294,0.7682062,0.24493356,-0.08802344,0.5217363,-0.31368375,-0.055653624,0.36367962,-0.034373272,0.19573231,0.04868666,-0.014565427,-0.20708548,-0.17519547,0.032860607,0.05293637,-0.07911758,0.03178004,0.10978436,0.067701586,-0.10923514,-0.25200662,-0.27395332,0.31541744,-0.18875264,-0.32203725,-0.28945956,-0.67136496,-0.13864379,0.041383103,-0.093567364,-0.050147224,0.03237782,0.049897667,0.22461163,-0.24190104,-0.13946116,-0.35112923,-0.018786956,-0.24740967,0.06288893,0.3260516,0.024906354
103,neutral,-0.0530225,0.113912776,0.42954004,-0.14766614,-0.24143882,-0.04140382,-0.076243944,-0.13714305,-0.06010344,-0.018536573,0.08991004,0.07313785,0.15000951,0.03384485,-0.07103869,-0.14182778,0.045336783,0.052703235,-0.36891678,0.41995046,0.16413979,-0.13873048,0.18740407,-0.035668325,0.06970352,0.06717995,-0.13360909,-0.39435777,0.2712067,-0.06361419,-0.04587602,0.49838474,-0.04379099,0.024536222,0.08352384,0.15103322,-0.1492832,0.12988497,0.10173548,-0.08708503,-0.2534814,0.05980973,0.07389747,-0.34362045,-0.18833102,-0.102459855,-0.09082792,-0.06798524,-0.13131788,-0.59856206,-0.017824786,-0.22775725,0.15227425,0.6315369,-0.086852975,-1.437026,-0.08565375,0.05122607,0.7459724,0.18643591,-0.09217739,0.28630486,-0.20280074,-0.0072203856,0.52682966,-0.07864575,0.27805683,0.4460383,-0.06271229,0.030967223,-0.02659976,-0.025700951,-0.20800929,-0.315819,0.054537628,0.07621238,-0.11909434,-0.096257016,-0.37435585,-0.1721092,0.33778203,-0.08601223,-0.15202112,-0.2436203,-0.7155174,-0.10386023,-0.08759605,-0.015933696,0.026198437,-0.3559215,0.004569455,-0.100653514,0.012959655,-0.041326202,-0.2926354,0.20625815,0.09511044,-0.25565127,0.06229293,0.0575886
104,negative,-0.23494938,0.34849218,0.12998551,0.0029055916,-0.13837261,-0.032792166,-0.0040384238,0.071976684,-0.08774794,-0.17178151,0.35820055,0.045499336,0.02925721,0.013886579,0.08062518,-0.02063187,0.05652913,0.11308144,-0.12542552,0.04623522,0.15864624,-0.16197345,-0.27679265,-0.29220548,0.28494123,-0.041044805,0.08878427,-0.05356143,0.12281949,0.05309536,-0.058492657,0.025248174,0.0145025505,0.077712975,-0.072902,0.124168746,-0.08411738,-0.055799242,-0.06783548,-0.21546656,-0.20124602,-0.09923776,0.03750737,-0.10710015,-0.15500337,-0.38821298,-0.11286975,-0.06276859,-0.06193239,-0.50417805,0.000585493,-0.14581297,0.23696572,0.6273176,-0.36568475,-1.4456817,0.014062027,-0.090762354,1.1605501,0.09012721,-0.4174188,0.86381006,-0.5087786,-0.040821817,0.5029467,-0.009207105,0.1931422,0.13958688,-0.10970524,-0.24865225,0.18442929,0.05946673,-0.04414899,-0.10784429,0.31014007,0.2421965,-0.09914104,-0.06912681,-0.39099455,0.12395772,0.4264625,0.052926183,-0.028567014,-0.01236522,-0.69982374,-0.08963202,-0.116037965,-0.07713251,-0.023787284,0.1311099,0.08354428,-0.20451134,-0.17948139,0.23857032,-0.22511305,-0.1409692,-0.10606845,-0.15956348,0.45206323,0.31773436
105,neutral,-0.08373829,0.26977032,0.44380903,0.0100704,0.18634655,-0.13149981,0.12576889,-0.035425138,-0.11197948,0.00020731305,0.25834322,-0.016301388,0.10555022,0.0027074192,-0.19948268,-0.19437602,0.09589538,-0.22478762,-0.17725489,0.20379472,0.35926545,-0.07021472,0.048041217,-0.033568334,0.21308696,-0.068518415,0.08851253,-0.32509148,-0.09717765,-0.073153086,0.16041797,0.24676837,-0.2619688,-0.11082714,0.13628946,0.12047762,0.20890006,0.11940073,-0.18716277,-0.017950162,-0.31771725,-0.26375845,0.08040969,-0.1801152,-0.026588434,-0.26613802,0.13384765,-0.106913865,-0.09094254,-0.5319066,0.017352363,-0.10667674,0.16827576,0.592135,-0.17006768,-1.894501,-0.1790205,-0.11258141,1.3975631,0.30889717,-0.13476664,0.28812015,-0.34572056,-0.12393444,0.52434164,0.018062623,-0.0568714,0.38760287,0.106987715,-0.22574875,0.10124482,-0.012023875,-0.23628916,-0.33246475,0.04100427,-0.09338239,-0.14422844,-0.10146517,-0.74928075,-0.19240282,0.49314862,0.044164088,-0.10197055,-0.015029503,-0.7989432,-0.027178572,-0.09606417,-0.16740237,0.07959259,-0.16892041,0.07233296,-0.15295097,-0.32607883,-0.085253276,-0.5729613,0.24818195,-0.15509805,-0.0047592088,0.6246725,0.2701153
106,neutral,-0.18697278,0.08058569,0.33563673,-0.10858259,0.1352043,0.113739006,-0.43579203,-0.032345753,-0.12203057,0.56905746,0.10229201,-0.18019614,0.44116426,0.379541,-0.15013419,-0.027522093,-0.21772823,-0.52157944,-0.6681492,0.3636464,0.33960518,-0.2681603,0.2960451,0.004174631,-0.24210396,0.13403213,-0.08390219,-0.0007463127,0.53014284,-0.01100579,-0.07682171,0.0969035,-0.004971276,0.0061143124,0.005097956,-0.04432003,-0.07167914,0.0462362,-0.032642644,0.17141125,-0.6227264,0.2070715,0.42546758,-0.4153222,0.21527204,-0.42997253,0.17517921,-0.14213412,-0.15524149,-0.6753147,0.06654007,0.47103274,0.33484873,1.1918563,-0.3488008,-1.6583084,-0.4607085,-0.31380942,1.4181285,0.19811036,-0.24470328,-0.015371141,0.18932341,-0.34178817,0.47337928,0.44978714,-0.121982634,0.4888445,-0.24828811,0.12677692,0.18551147,-0.6458569,0.0078419,-0.5507212,0.13479643,0.31926772,0.14349866,-0.016150244,-0.72517616,0.35883412,1.0252041,0.21647014,-0.37926847,-0.060091402,-1.0028582,-0.15084341,0.016546192,0.056953315,-0.16644877,-0.35106042,-0.09559479,-0.036264323,-0.09200847,-0.3072746,-0.5813886,0.11728638,0.027083963,0.010571816,0.34050465,-0.17305799
107,neutral,0.13964415,0.022362126,-0.058737315,0.041900463,-0.16183099,-0.08657099,0.17708638,0.041170068,-0.18833312,-0.40524533,-0.27497905,-0.17726204,-0.3347439,0.48618338,-0.020078901,0.09632323,0.3826319,-0.035218824,-0.19413556,-0.0027343761,0.05815513,0.19323309,0.34544152,-0.038270835,0.2423552,0.122987285,-0.09431792,-0.15831724,0.17056888,0.14769451,0.08613719,0.16634998,0.24902171,-0.19714041,-0.012296919,0.2505612,0.11354445,0.23006137,0.34106487,-0.32773885,-0.007926447,-0.14323433,-0.13370055,-0.040673118,0.05876203,-0.08934796,-0.28850156,-0.30393022,0.084985256,-0.39850703,-0.15730432,-0.051667564,-0.29327124,0.23434296,-0.265789,-1.011959,-0.4975671,0.013795668,0.3547015,0.23707227,0.035817795,0.19099948,-0.0028506515,-0.05856829,0.06961302,-0.4803351,0.36675942,0.34088597,0.22188054,-0.13301364,0.119560026,0.20972152,0.18676451,-0.13242225,0.027094012,-0.082185514,-0.061150346,-0.16564737,-0.32900542,0.21274593,0.17086531,-0.11060396,-0.3724735,0.009076847,-0.47963378,-0.03864767,-0.1512968,-0.3281093,0.084942915,-0.1682357,0.31834456,-0.23820357,-0.15810968,0.23236327,-0.17169017,-0.21868025,0.055989,-0.24959637,-0.039249007,0.38855362
108,neutral,-0.4928028,0.023721894,-0.090435416,0.02426379,-0.02014858,0.017502721,0.20111693,0.084775716,-0.13421077,0.49644375,0.26277772,-0.14578743,0.33590466,0.26295817,-0.01643269,0.033606227,0.05424477,-0.3242374,-0.4737623,0.11897759,0.44992855,-0.30939615,0.1057543,-0.09393754,-0.15504342,-0.029147128,-0.1480208,0.09679277,0.28452945,0.0550096,-0.12654705,-0.03889926,-0.21452692,-0.03367902,0.25283858,0.10028743,0.07013912,0.19306068,0.16458923,0.055766396,-0.33612236,-0.02861369,0.36881647,-0.058502316,0.4545429,-0.0761505,-0.08475285,-0.06312728,-0.054350857,-0.28959697,-0.12735079,0.19195913,0.01450945,0.9722856,-0.16626073,-1.375514,0.08049249,-0.26464906,1.4718399,0.45716527,-0.06372435,0.6218439,0.105538994,0.05202557,0.5241182,-0.019480405,-0.29588476,0.19351792,-0.069421224,0.46373144,0.18194811,-0.7754607,-0.3080686,-0.24074943,0.17413764,0.24044615,-0.18695986,0.25875947,-0.74046165,0.1012364,0.5877884,-0.22120923,-0.07174347,0.20009659,-0.7678171,0.06677887,0.3360918,-0.12351721,0.07272894,-0.06751085,0.05256651,-0.005963912,-0.13030179,0.16693424,-0.46676907,0.11457736,0.020228276,-0.030978572,0.21806303,-0.020974752
109,neutral,0.16828604,0.004023008,0.33759582,-0.3746236,0.04177852,0.073006034,0.044943377,-0.020042595,-0.26598376,-0.15239507,0.024285067,0.092126265,-0.1711574,0.0894556,0.16434623,-0.28349516,0.27185592,0.29514828,-0.119513296,0.22337356,0.27292967,0.10175178,-0.045592774,0.2021425,0.48477075,0.36037898,-0.4418227,-0.43145669,0.60151064,-0.1841835,0.16747089,0.5587905,0.29926535,0.22394747,0.19162102,-0.02462771,-0.08617803,0.06454486,0.19576266,-0.07660523,-0.14416087,-0.120024346,0.25098646,-0.17504992,-0.09707775,-0.070436366,0.27478358,-0.13091592,-0.43991855,0.19330195,-0.19651751,0.41626498,-0.30921987,0.42277437,-0.23364231,-1.6522777,-0.32097113,0.20611773,1.1604118,0.4590044,0.043695007,0.72889376,-0.22500916,-0.045920763,0.32792884,-0.058851015,-0.008196197,0.13337742,0.10426181,0.23535158,0.3164823,0.10581482,-0.17026573,-0.77496874,0.15329774,-0.17580318,-0.37513047,0.3051108,-0.51599705,0.11971666,0.11918666,-0.046324,-0.6752331,0.19928887,-0.3677612,-0.10378019,-0.22623423,-0.07674468,0.1394557,-0.544123,-0.25013515,-0.48711753,-0.0060734265,0.18014309,-0.3776521,0.29155573,-0.4009174,-0.3029699,0.29146853,-0.033563938
110,neutral,-0.19184662,0.2527841,0.31124339,-0.018810643,-0.09459214,-0.19238675,-0.07585605,-0.08989516,-0.104047015,0.03392384,-0.060685057,-0.038898237,0.068627305,-0.09325737,0.09648097,-0.17051478,0.09745037,0.024843374,-0.24431245,-0.006273208,0.1408083,0.070849106,0.0052634953,-0.13998304,-0.078679584,-0.05273957,-0.16397867,-0.19045115,-0.022415768,-0.10960514,-0.06697425,0.24602474,-0.20584126,-0.04393643,-0.1341572,0.044328116,-0.037616696,-0.0009804653,-0.066963024,-0.2484164,-0.3713476,-0.17922558,0.04795808,-0.20020278,-0.06595869,-0.058841445,0.26872402,-0.055354342,-0.22695252,-0.65557045,0.015983583,-0.06844128,0.029709818,0.7950662,0.02340217,-1.7616388,0.1267507,-0.08708241,1.3116026,0.34265056,-0.1896143,0.53357303,-0.27865112,-0.089226305,0.54315865,0.027225837,0.020701341,0.10355629,0.27647632,-0.1305141,0.0643679,-0.007815286,-0.1306695,-0.28298226,-0.011243964,-0.020027464,-0.20303237,0.08902836,-0.6521078,0.08359575,0.42899492,0.060965504,-0.37978145,0.059995733,-0.9767565,0.011922383,-0.0055227173,-0.10034546,-0.15945338,-0.26184273,0.26653913,-0.032834567,-0.16264333,0.010882583,-0.27017903,-0.006870307,-0.046238862,-0.22020651,0.26656103,0.08016675
111,neutral,-0.23826179,0.07955437,0.20796384,-0.08374763,-0.04760277,-0.14881589,-0.027546654,-0.1306852,0.13204539,0.17332427,-0.03945108,0.024352044,0.12367772,-0.16803251,0.046353795,-0.17930573,0.034305368,0.030282615,-0.16924201,0.11326707,0.2643331,-0.1245192,0.17687629,-0.20358843,-0.037840698,-0.08404311,-0.070354775,-0.20502645,0.0979313,-0.07923327,0.051926173,0.38109127,-0.20750225,-0.09326327,0.013343089,-0.05444073,0.16536771,0.112499654,-0.114540204,-0.12833102,-0.4046322,-0.017082492,0.14233175,-0.23245578,-0.05554431,-0.28313342,0.26742524,-0.123400375,-0.15445752,-0.47824228,0.15472852,-0.06457183,0.1313215,0.76515734,0.18615824,-1.7317518,0.16677491,-0.011443886,1.0208277,0.3660927,-0.06228728,0.31866518,-0.24401578,-0.1164264,0.6157064,0.19534428,0.268346,0.2208542,0.046149902,0.020025095,0.16369872,-0.14810155,-0.19663818,-0.24174552,0.026667267,-0.097454615,-0.15324757,-0.026509782,-0.6535092,0.089006834,0.45179924,-0.0018791988,-0.36075044,0.0472824,-0.944954,0.10763818,0.18209723,0.011831044,-0.031101845,-0.37596747,0.050282568,0.04072167,0.025598098,-0.03776787,-0.17941947,0.11697743,0.031141248,-0.21379255,0.31460536,0.19881792
112,neutral,-0.19500953,0.24028626,0.11042577,-0.005381871,-0.0035157257,0.0668734,-0.07298609,-0.330533,-0.033019822,0.43855578,-0.011330112,-0.123159036,0.18773507,0.08164487,-0.050140604,0.034540247,-0.10468113,-0.15376715,-0.24446549,0.012426582,0.38582957,-0.27025136,0.17042795,-0.18708988,-0.04865643,0.0561898,-0.18699881,-0.31277055,0.18639076,-0.018584184,0.014276075,0.23772748,-0.15173522,-0.11327867,0.2226339,-0.008718851,-0.0366138,-0.17693399,0.15092075,-0.075888634,-0.23879233,-0.017230757,0.092548795,-0.18868817,0.059913117,-0.18831748,0.19277814,0.074808665,-0.1751742,-0.3691455,0.060382962,0.09333119,0.083428614,0.8949942,0.15500915,-1.5544971,0.041978534,-0.06424106,1.2120258,0.3872158,-0.039674547,0.4209233,-0.0071455673,-0.23804124,0.63180214,0.14636917,0.19717927,0.11079854,0.093300804,0.11550134,0.14599483,-0.34801373,-0.25089774,-0.120952465,0.0008846817,-0.21776527,-0.061244752,0.03536469,-0.64329284,0.10613744,0.539905,-0.06385408,-0.22025496,0.08708188,-0.9756879,0.18440366,0.028520454,0.014399662,-0.14553586,-0.24602795,0.022394396,-0.08365496,-0.11652849,0.20773774,-0.27573994,-0.19537804,-0.08923254,-0.2532481,0.3932895,0.17511076
113,negative,-0.041125555,0.22335987,0.122392185,-0.17756402,-0.026627585,0.20877862,-0.079377614,0.17641948,-0.0805515,0.2680674,0.03170792,-0.009592642,0.24557054,0.31334636,-0.02699484,-0.16063115,0.10348503,0.0148855345,-0.41705325,0.24200873,0.37081498,-0.27924863,0.10049078,-0.031953797,-0.02493095,0.014485291,-0.29751593,-0.289846,0.16169092,0.06725465,-0.12498803,0.37726083,-0.043167505,0.01162681,0.10402329,0.06697437,-0.16066012,0.13805397,0.27092567,0.027150946,-0.31665885,0.029888986,-0.09262878,-0.24250549,0.2551515,-0.047801204,-0.103250906,-0.17265405,-0.14024,-0.4469301,-0.114305906,-0.08184316,-0.100575075,0.8474921,-0.10541514,-1.6909071,-0.18934837,-0.14525427,1.4022964,0.38952336,-0.028015377,0.45991126,0.0045616548,-0.10911382,0.4937104,0.027774386,0.19735982,0.18690133,0.007521839,0.05933409,-0.034439404,-0.27630314,-0.21442293,-0.28905568,0.10850359,0.2334478,0.012324283,-0.008118743,-0.53503305,-0.1400386,0.6048571,0.03941295,-0.3163919,-0.14741288,-1.0269408,-0.20243499,0.15855975,-0.07389231,-0.069224074,-0.13793686,0.010858194,-0.091964565,-0.012321479,-0.15910807,-0.43788737,0.065871656,-0.08997387,-0.1954909,0.17690852,-0.02321459
114,negative,-0.029684655,0.09905905,0.34512022,-0.2331363,0.16915575,0.3393614,-0.08777767,0.062481135,0.13809858,-0.018090466,0.14028859,-0.09238107,0.08457866,0.028540157,0.17328401,0.1567503,0.16260149,-0.054703224,-0.20595431,0.2185855,0.29824206,-0.0622006,0.071919076,-0.13412401,0.19008577,-0.029136168,-0.14829628,-0.23662543,0.16865434,-0.15809138,0.24449688,0.3474671,-0.061704528,0.15865172,0.10940695,0.20017585,-0.15027209,0.017642273,0.065903686,-0.15270486,-0.17208295,0.02230743,-0.040373236,-0.01775971,-0.037537165,-0.010780787,0.0046656453,-0.35028547,0.09380509,-0.575319,0.13753553,-0.0848369,0.113729045,0.6974708,-0.07344293,-1.9806756,-0.16265006,0.030761441,1.2313632,0.18860205,-0.16883513,0.74814975,-0.105811454,-0.18217865,0.67650384,-0.092150815,0.55255544,0.21405068,-0.0708241,0.025023557,0.033755776,-0.11518608,-0.18035485,-0.108683065,-0.02114193,0.024087276,-0.1226182,-0.0011578485,-0.44417366,-0.042655613,0.3833086,-0.058628853,-0.06754445,0.114795424,-1.1573194,-0.0921555,0.058394946,-0.20582338,-0.027084775,-0.19026512,-0.048117116,0.06454557,0.059765473,0.0038162624,-0.18920879,-0.17271946,-0.06560865,-0.15517731,0.3733263,0.0652874
116,negative,-0.20946793,0.2195309,0.120125145,0.10892089,0.09149405,-0.2142371,-0.19924158,0.004231979,-0.09859179,0.45293525,0.013852574,-0.15427712,0.33400038,-0.11053754,0.15561394,0.0659782,-0.26812565,-0.21950044,-0.43714193,0.085237056,0.34634572,-0.05459999,0.19866046,-0.20281883,0.013659848,-0.1154885,-0.09932189,-0.0061846096,0.20356154,-0.14014034,0.08135931,0.14165398,-0.004415246,0.12236891,-0.01749009,0.05359159,0.104600005,0.018073846,-0.26927778,0.22399561,-0.40203047,-0.08236999,0.33623302,-0.04637985,0.25539863,-0.32147995,0.38397002,0.12580241,-0.05495888,-0.2496643,0.3724696,0.10454198,0.19965896,1.0282378,-0.075111225,-1.8655534,0.014114922,-0.23388746,1.4687467,0.26365453,-0.12294725,0.40979922,-0.033733293,-0.18485707,0.4922595,0.061215892,-0.07612305,0.13322133,0.015386577,0.1583753,0.23420581,-0.40613148,-0.1949292,-0.35895398,0.19500974,-0.10976634,-0.006240146,0.084690996,-0.72282946,0.07258523,0.8738096,0.08995496,-0.2569039,-0.20574574,-0.9598977,0.024916496,0.15816426,-0.018602995,-0.025551489,-0.15380216,0.098914236,0.16344167,-0.3643017,-0.08254687,-0.6053617,0.1565299,0.025892835,-0.18902121,0.66554934,0.21724135
117,neutral,-0.13418998,0.14349303,0.313736,-0.21962449,-0.050137177,-0.14360128,0.0025745388,0.17371114,0.014563386,0.108427845,0.1450747,-0.092248455,-0.023916584,-0.10122816,-0.02162148,-0.22243135,0.020329274,0.12099423,0.011287245,0.16271603,0.38655162,-0.039074127,-0.07880921,-0.063059874,0.21048161,-0.037179116,-0.21860142,-0.3296796,0.28187346,0.020782895,0.04239107,0.3096745,0.0027906362,0.111945584,-0.039329194,0.32649627,0.08140763,0.0418267,0.11472762,-0.25006807,0.17038497,-0.20003517,-0.12178931,-0.22189704,-0.06179558,0.10198731,-0.040869746,-0.21983634,-0.14480166,-0.6682289,-0.031151552,-0.011006585,-0.09650881,0.7048613,-0.04666459,-1.3711404,-0.13614546,0.13606125,1.0434283,0.21965186,0.14524472,0.31464818,-0.2041686,0.1122758,0.43760413,0.15347622,0.35463196,-0.15497181,0.2790667,-0.10806452,0.05489083,-0.13091387,-0.017851375,0.013788666,0.012179074,0.14699017,0.2160535,-0.15473968,-0.39489624,-0.12523168,0.27369013,0.013146423,-0.15184376,-0.14788556,-0.5898446,-0.29387257,0.051680297,-0.31770486,-0.22664884,-0.14391646,-0.0606169,0.07953095,-0.037908614,-0.03700523,-0.34953398,-0.018341929,-0.007141533,-0.15601914,0.5026773,-0.117988326
118,neutral,-0.23415819,0.054753773,0.19314232,0.11252825,-0.029112598,0.044344194,-0.136181,0.06161455,0.15010658,-0.07623718,-0.11283409,0.09503534,0.033534825,0.15674783,-0.05040693,0.049676184,-0.02534114,-0.21249503,-0.19935614,-0.03440474,0.13261159,-0.1470605,-0.0670214,0.030269688,0.028829567,-0.055729408,0.08647389,-0.124950975,0.268035,-0.20015721,-0.27228725,0.08770853,-0.004730373,0.031407367,-0.029668288,0.21156359,0.18025202,0.0022223725,-0.11254142,-0.17708178,-0.3753618,0.047670208,0.09146145,-0.14849976,-0.11672401,-0.12223882,-0.12024433,-0.0026673975,-0.11215637,-0.3347087,-0.0739551,0.06012068,-0.04862772,0.50404155,-0.18447866,-1.0149777,0.0011408044,-0.15905912,0.64044774,0.015293931,-0.17321302,0.12907554,-0.14383142,-0.3823099,0.4562534,0.048114955,0.036736235,0.31663966,-0.17921011,0.0005664187,0.16724932,-0.168296,-0.33652496,-0.5997604,-0.06732058,0.097369775,-0.094507255,0.07921329,-0.412225,-0.17249046,0.14789003,-0.2437657,0.176132,0.027271168,-0.7819375,0.093078434,-0.051445458,0.120420866,-0.063309684,-0.30726525,0.07761784,0.068857886,-0.2171125,0.20221359,-0.0075596226,-0.02066695,0.09029818,-0.11355347,0.2564439,0.2245647
119,neutral,-0.1817253,0.4049771,-0.20736624,0.36991507,-0.03550494,-0.38036722,-0.1462706,-0.04862005,-0.10084625,0.36541224,-0.16628315,-0.37300506,0.015239109,-0.136928,0.09797261,-0.29294324,0.29935783,-0.07430244,-0.36563823,-0.025829526,0.11324459,0.060250204,0.30370784,-0.057450797,0.41320813,0.3082234,-0.0530734,-0.30547577,-0.04724763,0.16378386,-0.37414557,0.459436,-0.35788023,-0.11913041,-0.12153081,0.20857315,0.50649595,0.14173259,-0.37609586,-0.159297,-0.21024144,-0.41932893,-0.11738666,-0.076389045,0.30038607,-0.04107367,0.20386879,-0.09095165,0.065057926,-0.65024436,-0.14580421,0.18465348,-0.15104297,1.013444,0.0006725695,-2.0569026,-0.09024109,-0.27775714,1.8142978,0.16750458,-0.21722661,0.3548037,-0.33640382,-0.046031382,0.5918892,0.0034361144,-0.03558684,0.3833845,0.36120436,0.022318479,0.55686164,-0.39138323,-0.14377712,-0.51983523,0.07137678,-0.20319547,-0.45227933,0.17885458,-0.61612827,-0.13023685,0.812445,-0.10427468,-0.08292668,0.39002326,-0.9759047,0.114726506,-0.027918762,-0.13332278,0.30978996,-0.030618018,-0.32471198,0.3877471,-0.17162997,-0.3644437,-0.43818396,0.11780272,0.20284265,-0.090629466,0.5528748,0.27583537
120,negative,-0.108163275,0.31013924,0.26854327,-0.14905033,-0.008492591,-0.0074689803,-0.06311736,-0.018348802,-0.030082557,-0.021226652,-0.01124802,0.047788005,-0.022362001,0.053536016,0.08414344,-0.021034392,0.20534919,0.016411506,-0.17545916,0.007229678,0.09903456,-0.095310025,0.078794114,0.037152894,-0.054400615,-0.0264097,-0.20182012,-0.17688905,0.1250628,-0.10881175,-0.003339625,0.13700683,0.010505433,-0.034541946,-0.040857006,0.1618874,-0.036402337,0.038919415,-0.0039868597,0.0757492,-0.38430452,-0.28752407,-0.13589504,-0.1084322,-0.07896385,-0.13615747,0.082975045,-0.03922429,-0.22860458,-0.40854833,-0.06422873,-0.07907941,0.12833281,0.62352335,-0.090415664,-1.6239622,0.021245783,-0.049202733,1.0961723,0.27098548,-0.13400261,0.2422246,-0.10702226,-0.12481864,0.704373,0.15519767,0.09444984,0.02164974,0.15618321,-0.15606944,0.08946094,-0.057014626,-0.32328963,-0.32175958,-0.15121458,0.0015515256,-0.020905936,0.11427998,-0.5275657,0.08196353,0.2552756,-0.006615047,-0.012466148,-0.06742266,-0.65633714,-0.06952144,-0.2366533,-0.1385298,0.16917245,-0.27106476,0.018309806,-0.04441868,-0.015502962,0.0645618,-0.09507875,0.06488677,-0.046182994,-0.04963362,0.47240445,0.11140707
121,neutral,-0.09729244,-0.008925829,0.2917796,-0.34352076,0.06325672,-0.07054368,-0.061882894,-0.069113895,-0.14919226,0.055647697,0.09308041,0.009319891,-0.0600187,0.010192758,0.03497369,-0.07294207,0.041154478,-0.23309857,-0.38738474,0.07945909,0.2691948,-0.13533936,0.18373995,0.025166402,0.05956307,0.10359334,0.049603958,-0.20865639,0.14700584,0.0816343,-0.04464917,0.18915544,-0.09769858,0.26072606,-0.039726354,0.0443486,-0.043989275,0.03133327,-0.02488008,-0.14121827,-0.6840317,0.043436542,0.14445835,0.07006918,0.20475808,-0.1267482,-0.0075477636,-0.2882841,0.042893533,-0.2137331,0.27321494,0.044404864,0.03281575,0.6141879,-0.098255455,-1.7333525,-0.09494044,-0.18626077,1.1817943,0.35326764,-0.18575764,0.44815683,-0.107970014,-0.31765172,0.58710396,-0.11624684,0.087548405,0.2831413,-0.21397458,0.09229798,0.052306183,-0.0323542,-0.27788815,-0.291955,-0.009984903,0.018209735,0.16337115,0.07596138,-0.6888717,0.0994814,0.5457864,-0.14482391,-0.08397276,0.03969232,-0.86607283,-0.06299197,0.043715604,-0.049513187,-0.16211824,-0.40191194,0.07088865,0.022225555,-0.07427271,0.117258795,-0.23340203,0.39626575,0.059443884,-0.070949964,0.2965401,-0.05141299
123,negative,-0.16732918,-0.02700286,0.28784677,-0.20756666,-0.13727726,-0.30810726,-0.21178706,0.056057118,-0.086106606,0.024333904,-0.013007858,-0.04894895,0.04460865,0.020977188,0.1375428,-0.068306066,-0.024041858,0.009578258,-0.2447201,-0.12033572,0.17163804,-0.046661224,-0.21155335,-0.07059585,-0.07430155,0.20054068,-0.117022626,-0.09623145,0.13423933,0.011405066,0.07820276,0.36215082,-0.23342443,-0.048014604,-0.24656078,0.21107975,0.043295767,-0.02359551,0.09433133,-0.14753222,-0.15388665,-0.3690279,0.058454454,-0.1640086,0.020041086,0.1258441,-0.014478482,-0.033494387,-0.16658084,-0.5385647,0.12487125,0.123738006,0.07442826,0.6712043,0.0034135736,-1.5061142,0.1278489,-0.24237879,0.75197536,0.15562643,0.12511876,0.20781402,0.039361265,0.01605656,0.4819483,0.030676976,0.34036893,0.25560358,-0.015189358,-0.10850075,0.17376314,-0.027361091,-0.0385348,-0.28317377,-0.0685441,0.026827883,-0.072050564,0.22492334,-0.40225866,0.04146976,0.60650474,-0.07162319,-0.25453457,-0.02222741,-0.5117826,-0.37957293,0.0029800646,0.2195684,0.044427253,-0.36881602,0.008224805,0.042491402,-0.19921073,-0.07170936,-0.34979925,0.13746364,0.23744778,-0.073588155,0.13466401,0.13825405
124,negative,-0.2842293,0.23751661,0.25502887,-0.11120384,-0.21361855,0.17271453,-0.2843617,-0.025375785,-0.014792906,-0.119181365,0.069371104,-0.07946057,0.19894105,0.1842537,-0.021333445,-0.28769666,0.27274075,0.1986122,-0.53488874,0.12935767,0.08197087,-0.05147493,0.14816397,-0.124539495,-0.15390374,-0.069859624,-0.15967655,-0.40969443,0.12562948,-0.19918688,0.023711318,0.5779942,-0.07836404,-0.1042816,-0.007684793,0.37482747,-0.010813327,0.15317793,0.13252495,-0.050650287,-0.37520424,-0.09822438,-0.0063234917,-0.3251543,-0.39110222,-0.15962584,0.015087854,-0.14065827,-0.0868853,-0.54545534,0.25962594,-0.14633168,0.07845574,0.72394574,-0.0068424535,-1.701693,0.0077374587,-0.05127324,1.1005299,0.47065377,-0.0644564,0.5577996,-0.05105198,-0.22931948,0.711171,-0.1291568,0.6212747,0.4794129,0.012402309,-0.03256259,-0.1421691,-0.008080286,-0.08151849,-0.3947217,-0.030326415,-0.0940588,-0.22422856,0.19089326,-0.5108365,0.1665287,0.3882935,-0.032445237,-0.2736758,-0.30450153,-1.2718296,-0.24748895,-0.22502322,-0.036720205,-0.037893705,-0.47634858,0.10343396,-0.24024338,-0.0015570763,-0.050058227,-0.22095783,0.12102031,-0.22581695,-0.42910096,0.22405744,0.14561206
126,negative,-0.24098271,0.20981273,0.3003528,0.0037105195,-0.06340216,-0.10714428,-0.14342615,-0.17452109,0.09757582,-0.00022177634,-0.051301435,0.033883378,-0.054960687,0.031278837,-0.034581017,-0.32823652,0.02902777,0.07995249,-0.33417335,0.13599084,0.13211034,-0.08104744,0.06392521,-0.042755388,0.09873351,-0.015653068,-0.1350943,-0.29314643,0.102171324,-0.15842111,0.108431526,0.2512093,-0.15693359,-0.057618644,-0.10557336,0.1698906,0.11036447,0.1144261,-0.11281867,-0.0576795,-0.23007034,-0.07183443,0.02909264,-0.02525826,0.02724071,-0.051526677,0.14463688,-0.07080209,-0.18644159,-0.4330835,0.052988045,-0.08174941,0.12701207,0.695375,0.014390463,-1.3925941,0.02271285,0.0077399123,0.83469856,0.12259977,-0.06164224,0.30538985,-0.11969542,-0.040294304,0.3564322,0.1103841,0.27985448,0.26219976,0.046883494,-0.23973705,0.07543723,-0.25156057,-0.2942034,-0.1764245,0.03492619,-0.0036483712,-0.15796815,0.21878785,-0.5426546,0.03980687,0.35967088,0.09723671,-0.21221434,0.05831565,-0.7244816,-0.07593774,-0.026687507,0.031505454,-0.075225234,-0.6316717,0.0649161,-0.098210126,0.03789652,-0.06772822,-0.31128338,-0.044955585,0.120437324,-0.29001626,0.25008476,-0.015348329
128,neutral,-0.20020625,0.25427416,0.27472946,0.20063232,0.088671565,-0.4797903,-0.034652136,0.0062962496,0.068432115,0.42833814,0.0767053,-0.27045688,0.2626536,0.008183124,0.027947469,-0.0193702,0.19842985,0.15168725,-0.039542984,0.01161564,0.33587295,-0.12749259,0.24600762,-0.045048613,0.14029095,-0.09243649,-0.15781502,0.17402022,0.030238967,0.036932297,-0.2148923,0.18935865,-0.16222367,-0.071144074,0.16590829,0.09857463,0.15582095,-0.17812729,0.108806945,-0.047983136,-0.24105401,-0.24986447,0.015057981,-0.022464685,0.38293365,-0.18154602,0.15928541,-0.17423815,-0.14057252,-0.35835445,0.0626875,0.38255623,-0.03047317,0.8168122,0.057069335,-1.3695244,-0.04511155,-0.13810101,1.4130089,0.06025056,0.07003041,0.21236125,0.030797755,0.3703824,0.3058329,0.03807395,-0.0012751841,0.012007307,0.11740827,0.003928544,0.21173725,-0.3604208,0.19553158,-0.1299932,0.14579721,0.07554691,0.100196205,0.18545057,-0.71829027,0.06129303,0.71075565,0.092776194,-0.26604858,0.17275207,-0.7640238,-0.218813,0.21102521,-0.011705975,-0.02750459,-0.132072,-0.025342211,0.03115213,-0.17446886,-0.041580822,-0.21005498,0.060676627,-0.16176668,-0.089953475,0.36628252,-0.094887145
129,negative,-0.07414725,0.17549643,0.080075614,0.12957323,-0.041014224,-0.43579933,-0.1412105,0.10522561,-0.09443201,0.3578965,-0.14317651,-0.07177802,0.109337695,-0.03836484,0.084423654,0.006231388,-0.3022385,-0.051926628,-0.3768418,-0.11857139,0.4821,-0.14908545,0.21775723,-0.03662402,0.23826283,0.05314355,-0.22372721,-0.027388565,0.109421864,0.024843996,-0.18710011,0.011921628,-0.09482253,0.09001718,-0.10240211,-0.05444002,0.2720561,-0.19633636,-0.13926803,0.099719584,-0.41093248,-0.17096476,0.09223473,-0.07965079,0.3722451,-0.13885412,0.28897083,-0.118594564,0.0750076,-0.61303246,0.11093539,0.12280537,0.018231003,0.86855096,-0.15353316,-2.067548,-0.02870983,-0.23343013,1.4961475,0.3766475,-0.15819864,0.32522646,-0.16910408,-0.17562911,0.5947941,0.12985927,0.010659737,0.012240166,0.027458353,-0.1462569,0.049600344,-0.2890789,-0.38408083,-0.41253424,0.14410852,0.039381273,0.026230672,0.0385371,-0.7968388,0.1015969,0.78935194,-0.011522604,-0.39795655,0.01444529,-0.8326816,-0.28497264,0.078041114,0.01709565,0.09474849,-0.25060606,0.034478426,0.1400812,-0.40019146,-0.0106644565,-0.58735347,0.22539519,0.24424389,0.08585009,0.49711844,0.13813342
130,neutral,-0.084493935,0.1437296,0.3040493,0.035301425,5.4740314e-05,-0.32386658,-0.1766388,-0.067614645,-0.064819135,0.13586877,0.052133854,-0.0932326,0.06559324,-0.041524448,-0.061195858,-0.122952625,-0.05517318,-0.05505818,-0.12378631,-0.030714793,0.2463782,-0.24414791,0.0796098,0.034519322,0.013186637,0.20903294,-0.1505961,0.010963212,-0.034811612,-0.13071743,-0.03840623,0.2737255,-0.17583688,-0.111242756,-0.052780144,0.029164556,0.026650159,0.15068586,-0.109580584,-0.13284023,-0.17765166,-0.27698183,-0.08963708,-0.023992945,-0.01452807,-0.04817698,0.17520697,-0.04896233,-0.10707872,-0.511596,0.23207885,0.1324369,0.027330931,0.6919876,-0.1087323,-1.5697327,0.051376205,-0.2528719,1.0896204,0.1964698,-0.024444677,0.17878334,-0.0745887,-0.04906284,0.46033254,0.06590841,0.15672176,-0.055453543,0.26485693,-0.104030214,0.11278209,-0.10049727,-0.049031693,-0.19284296,0.014357498,-0.20940758,0.0028543903,-0.0023886105,-0.59311247,0.17847775,0.6072159,-0.021202309,-0.105314106,0.08257364,-0.77518713,-0.12505896,0.035030525,-0.16140744,-0.022974623,-0.43378347,-0.07870606,-0.06569822,-0.09519852,-0.082763076,-0.31147224,0.115318835,0.0016572291,-0.3907922,0.3104344,0.25813922
131,negative,0.05284412,0.015077212,0.20567353,-0.21420863,-0.16020639,0.16272132,-0.06892295,-0.062595256,0.2063836,-0.27520284,-0.0110715125,-0.021715054,0.17032835,-0.088011235,0.15803446,0.027978962,-0.21830694,0.16582547,-0.028663987,0.3483165,0.4150072,0.10699782,-0.17002285,-0.021592772,0.15826607,0.22428736,-0.05594667,-0.11842834,0.08103515,0.0034099885,-0.15467595,0.3393415,-0.11884277,-0.0786713,-0.033059873,0.25311053,-0.11926281,0.04380855,-0.035726313,-0.2457343,-0.03815603,0.092307575,-0.20190537,-0.19605193,-0.060200885,-0.13258561,-0.006296359,-0.050643485,0.248532,-0.32653943,0.015380624,0.03160884,0.17483613,0.48897249,-0.2529982,-1.1848673,0.035132058,-0.014737083,0.38310537,0.11308194,0.023779094,0.41787845,-0.5154931,0.056976125,0.5645,0.048461255,0.4090665,0.05452378,-0.23567808,-0.16482896,-0.06947705,0.10918047,-0.031452578,-0.022363462,0.051931076,0.3600079,-0.17479768,0.0013652077,-0.22439422,-0.15914486,0.124232225,-0.18433702,-0.52324647,0.00987904,-0.7860413,-0.32906955,0.03273153,-0.03839372,0.064830095,-0.20632815,-0.11834213,-0.029158222,-0.082538314,-0.13819097,0.079283826,-0.2325829,-0.032878377,-0.23730668,0.018731404,0.23694682
132,neutral,-0.2954264,-0.022347739,0.2008656,0.08439367,-0.1949276,0.23382306,-0.19287929,0.1003129,0.22791849,0.47707775,-0.11475793,-0.039256096,0.31293148,0.009942272,0.013520919,-0.24767856,0.027358564,-0.24708523,-0.5139824,0.24694058,0.50988126,-0.15552649,0.26486194,0.028567325,-0.17432696,-0.3164042,-0.2387983,-0.23764892,0.118077315,-0.11906117,0.008115852,-0.12381084,-0.11371537,0.18886572,-0.04308774,-0.09753045,0.23138186,0.15720122,0.15562652,0.006603168,-0.66455334,-0.1507553,0.039178394,-0.06129047,0.6489492,0.07678611,0.11190623,-0.11030341,-0.07919245,-0.4323426,0.04502191,0.010908955,0.015349951,0.80153924,-0.0133716175,-1.3258572,-0.100762494,-0.47598797,1.5235366,0.30297536,-0.040608983,0.30340478,0.14802277,-0.1695771,0.5150065,0.0010347652,-0.2139952,0.13033272,-0.12092367,0.06271202,-0.03871073,-0.48565945,-0.37836468,-0.44943553,0.3359101,0.16340223,0.17395122,0.43563834,-0.5360636,0.11347051,0.7522835,0.11050114,-0.47098392,0.18826163,-0.682323,-0.13496487,0.16705902,0.11810322,0.07575448,-0.107092924,0.3146668,-0.11191021,-0.1099218,-0.05111362,-0.74107313,0.3373936,-0.07681193,0.27426112,0.4014789,-0.0071770553
133,neutral,-0.07595392,0.065107755,0.26279742,-0.35891116,-0.253915,0.27879348,-0.01250687,0.20703231,-0.12552619,-0.21360566,0.065985106,-0.12644213,0.02192501,-0.1379292,0.13010442,-0.14695987,0.06534944,0.21142672,-0.23606949,-0.027661042,0.027157167,-0.13533942,0.08380507,-0.1862732,0.114488766,-0.16527198,-0.1808479,-0.21422225,0.2752881,-0.058872163,-0.26105446,0.3033623,0.008145374,0.09725814,-0.10329961,0.25071523,-0.1903891,0.06461935,0.24686486,-0.13634224,-0.29338288,-0.17101346,-0.04094578,-0.15039377,-0.17791179,-0.022201182,-0.088456936,-0.28349987,0.08437176,-0.5709881,0.07202967,-0.080425665,0.08800115,0.35100555,0.061942663,-1.6914313,-0.027325476,0.07025447,0.72028214,0.15514754,-0.26478067,0.54926133,-0.07923732,-0.032374084,0.32740226,-0.20327918,0.27106664,0.3270796,-0.3264596,-0.22321425,-0.033705946,-0.056405585,-0.28594843,-0.33169836,0.049309228,0.08206258,-0.14940424,-0.22577228,-0.1723797,-0.19373704,0.103538096,-0.34092504,-0.0029020875,-0.06598028,-0.59078,-0.09743268,-0.052585147,-0.062042315,-0.22408691,-0.20239875,0.102756895,-0.045817956,-0.084214635,-0.010346174,-0.26193064,0.032939482,-0.06512228,-0.13689287,0.2433435,0.264248
134,negative,0.0008767533,-0.04868453,0.24914946,0.16301025,-0.017017549,-0.2099833,-0.17012143,0.19050346,0.11322341,0.3966674,0.015624626,-0.17893271,0.28304252,0.19800645,-0.08055618,-0.1101577,0.023926841,-0.30563256,-0.7745146,-0.097058706,0.39483446,-0.23483592,0.060904864,-0.031706642,0.03228189,0.07632483,-0.30769277,-0.09634113,0.6664283,0.014199572,0.09207192,0.17573929,-0.28397796,0.24425891,-0.12662414,0.14486355,0.27726555,-0.19356476,-0.30292967,-0.026031876,-0.5544581,0.1024442,0.34886852,-0.027917529,0.24700923,-0.34061316,0.18818332,-0.030909456,-0.11718593,-0.55777377,0.26069245,0.12103843,0.20847242,0.83250195,-0.24844353,-1.5450853,0.07779745,-0.3216988,1.2751491,0.2380922,-0.044468895,0.112234734,-0.091202505,-0.23315823,0.4483735,0.019203,0.10513313,0.5519999,-0.33557695,-0.038793076,0.07663225,-0.4368185,-0.22633627,-0.5298174,0.00598762,0.264362,0.018448131,0.09836061,-0.86424106,0.089054994,0.6546178,-0.11854746,-0.22920662,0.05702714,-0.5125342,-0.08176623,0.14272608,0.22845976,0.19282842,-0.31857756,-0.001969789,-0.065517105,-0.31729007,0.31172025,-0.68855864,0.16242288,0.016720405,0.098431475,0.47258174,0.097319916
135,neutral,-0.36397967,-0.11963554,0.106985345,-0.00756209,-0.02417764,0.031752754,0.107064396,0.16488107,0.06219352,0.19729303,0.12039471,0.08561871,0.26918632,0.1601209,-0.009470981,-0.11282737,0.34022513,-0.27655822,-0.5423806,0.36350763,0.3966742,0.012753585,0.14901203,-0.027905459,-0.06456562,-0.18497212,-0.18109411,-0.0605005,0.20151484,-0.15815282,-0.08073141,-0.039883498,-0.10515919,0.14707246,0.10709688,-0.0745246,0.20111069,0.2101755,0.4254563,0.07403907,-0.4230931,-0.15189071,0.24710624,-0.042229775,0.21398306,0.0533644,-0.07858447,-0.00010524861,-0.099130295,-0.27153644,0.018093303,0.19369644,0.123701744,0.92356586,-0.052912004,-1.415152,-0.1542944,-0.18197177,1.4661156,0.3316516,0.048332777,0.57913035,0.15723605,-0.11327712,0.596651,-0.050748024,0.07867967,0.24675937,-0.16986582,0.31294605,0.030992873,-0.605441,-0.096162185,-0.394369,0.09213611,0.04663153,0.13014062,0.28800943,-0.6825339,0.1337703,0.41578573,0.21857317,-0.23013264,-0.051551986,-0.6177169,0.0164217,0.24573469,0.06934714,0.14449061,-0.16593084,0.12378239,-0.070362605,-0.007087931,0.23250516,-0.42264122,0.1476978,-0.099858806,-0.0063876277,0.30445397,-0.00740594
136,neutral,0.061360966,0.12129741,0.029385936,-0.25077125,0.26813272,-0.35430798,-0.19925801,0.14822002,0.1610106,0.07206862,0.061187677,0.103459515,0.36539173,-0.07903878,-0.10353004,-0.17254345,0.20151103,-0.121823356,-0.05288406,-0.20973627,0.4062823,-0.035797734,0.11826775,-0.05654928,0.0073526143,0.047798302,-0.5229002,0.13101852,0.18065861,0.025191346,-0.25019285,0.07039688,-0.1275356,-0.011346836,0.05033088,-0.012856303,0.02784893,0.0771206,-0.03268671,0.17779367,-0.34532782,-0.3524234,-0.024415625,-0.0063895048,0.27490932,0.1828595,0.06783567,-0.13251418,-0.09598866,-0.17119439,0.17219476,0.35031977,0.14412385,0.65843344,-0.4000678,-1.198174,-0.0034650494,-0.22040153,1.3096745,0.41574815,-0.44056085,0.23436421,0.114417166,-0.04744056,0.10129151,0.1288464,0.2031535,0.076358885,0.09823864,-0.29181996,0.056282915,-0.25351164,0.35247377,-0.047594693,0.040387616,0.07175013,0.062824965,-0.10495775,-0.5484334,0.1332567,0.58147866,-0.043610085,-0.09074828,0.30963054,-0.48042768,-0.16362868,0.12774773,0.13904788,0.0024361932,-0.27496538,-0.074462205,0.20288117,-0.44297564,-0.2986788,-0.26057765,0.29662374,-0.06000234,-0.071303345,0.2830282,0.058304977
137,neutral,0.053022496,0.33276224,0.26973054,-0.084741235,0.11547279,-0.70806813,-0.19263807,0.26450935,-0.05767389,0.114099376,-0.06436558,-0.07496367,0.2224427,-0.022653064,-0.02473808,-0.28085175,-0.24390002,-0.083759636,-0.20988046,-0.067612454,0.3907114,-0.20611659,0.2464703,0.21583685,0.2044093,0.08505544,-0.21578974,-0.25007266,0.20153973,0.05262327,-0.1686701,0.089531764,-0.25131884,-0.1700675,-0.1551849,0.2813162,0.11117359,-0.031271473,-0.19376424,-0.1772328,-0.28587097,-0.35980645,0.12372548,-0.1899021,0.21151122,-0.0010460117,0.0064484333,-0.29428062,-0.015056542,-0.8610717,0.0018438095,0.0288734,0.0736756,0.9672909,-0.17711379,-1.9808553,-0.34000883,-0.25743824,1.6194257,0.40559363,-0.02621567,0.16657999,-0.26848054,-0.2901119,0.5271147,0.15343094,0.20955585,-0.003878474,0.16712111,-0.2982756,0.20476128,-0.18204695,-0.22292742,-0.18634151,0.08756751,-0.04281286,-0.112575725,0.0015658491,-0.7570357,0.096174344,0.6706898,0.11589043,-0.453784,0.2416395,-0.9258129,-0.16979104,0.15912832,0.045231223,0.0020212308,-0.4161099,-0.045990057,0.18009597,-0.23600432,-0.13281839,-0.64534247,0.07855691,0.1928665,-0.05939303,0.47115344,-0.045079857
138,neutral,0.03738639,0.19461666,0.29044574,-0.06721336,0.1859697,-0.5801994,-0.44775084,0.0501227,0.053836916,-0.005445053,-0.048762612,0.18579632,-0.039377693,0.029315881,0.06939046,-0.23707946,-0.02481136,-0.0073305713,-0.107404076,-0.12234446,-0.014448747,-0.15021443,0.09547317,0.16823599,-0.13131759,-0.17117094,0.06457204,-0.3299049,-0.20514242,0.054456044,0.057185568,0.33449027,-0.32019228,-0.09917851,0.037562877,0.16945891,0.133448,-0.10747466,-0.2037853,-0.2090629,-0.20770963,-0.33998287,-0.019552339,-0.013803366,0.24024455,-0.09171514,0.09636422,-0.15335771,-0.248555,-0.6598979,-0.008957574,0.15001938,0.04437658,0.73194444,0.08816561,-1.5463611,0.048585355,-0.44126815,1.6153185,0.27777764,-0.0019368704,-0.17480901,-0.4134776,-0.07778287,0.54362226,0.0713265,-0.08119706,-0.01619726,0.5915352,-0.29641122,0.1505136,-0.27521563,-0.10972794,-0.08887135,0.07462579,-0.010789922,-0.23238441,0.063698605,-0.7858893,-0.14627269,0.7731132,0.021008886,-0.048140984,-0.0013885653,-0.83544195,-0.1035917,0.05545144,-0.052815627,0.11057917,-0.41617414,-0.052432884,0.22977693,-0.17714605,-0.44621027,-0.28898588,0.21881028,0.27660543,-0.19338125,0.60315734,0.12764646
143,neutral,-0.024344344,0.010764405,0.5544622,-0.07900252,-0.33216825,0.07340002,-0.09728704,0.06721995,-0.08991183,0.008706698,0.15924603,0.06756649,0.18844785,-0.05571963,0.22308253,-0.074549966,-0.1141026,0.11784863,0.049354073,0.27731693,0.26291692,0.20516835,0.05861706,-0.14472921,0.13272105,0.100044005,-0.066577695,-0.1403782,0.09670974,-0.1994631,-0.25202003,0.23008,-0.12759574,0.10086186,0.06685658,0.1071947,0.01129901,0.16606835,0.33638105,-0.14043207,-0.35331985,-0.20163116,-0.12769803,-0.13807312,0.02656509,-0.032907244,0.22574802,-0.030380277,-0.011217725,-0.46734378,0.09545192,0.25286153,0.20072757,0.77216834,0.15711312,-1.658954,0.108900614,0.10339327,1.2503097,0.23733556,-0.022633126,0.6117947,-0.17858408,-0.17967407,0.37878585,0.06355019,0.11476226,-0.028092766,-0.029262392,-0.12781183,-0.19317369,-0.26374352,0.09285314,-0.19016255,0.2031393,0.0023255544,0.18301046,0.013830271,-0.4004444,0.01063808,0.24070956,-0.037681133,-0.27570507,-0.025447374,-0.85625607,-0.22262858,0.14737618,-0.12666197,-0.1532296,-0.11168716,-0.15027937,0.18952687,-0.031116562,0.05437167,-0.23224512,0.014773384,-0.048332885,-0.24522567,0.21631053,-0.03292868
144,positive,-0.31493288,-0.04187704,0.2851403,-0.29273036,-0.21907957,0.46925783,-0.09353049,0.5260206,-0.20694843,-0.073796466,-0.015590132,0.11618409,0.44003806,-0.33673397,-0.019777361,-0.072088264,0.17812233,-0.33738354,-0.28457665,-0.17311843,0.25107047,-0.10062135,-0.17835537,0.10498262,0.12007867,0.104332745,0.012648816,0.3166775,-0.016830109,0.19684009,-0.16230302,0.15087278,-0.27397287,0.08643323,0.16448037,0.2427512,-0.10185401,-0.054475196,-0.12233384,-0.16596854,-0.24102877,-0.27042255,-0.04506453,-0.012121605,-0.0749149,-0.36786368,0.06389161,-0.120399214,0.27452084,-0.7754168,0.21353205,-0.37715316,0.3165155,0.7425423,0.0036489638,-1.7737392,-0.14689681,0.2141678,1.1571797,0.3183278,-0.30566153,0.33926997,-0.67799616,-0.49635243,0.3191976,0.07778661,0.26281568,0.4822512,-0.07388094,-0.21683058,-0.0746794,-0.46162105,-0.029878795,-0.6418608,0.33009255,0.5362101,-0.07198929,-0.012446668,-0.72368634,-0.44209126,0.4799693,-0.23285063,-0.11655393,-0.015411844,-0.8655093,-0.5884136,-0.11004524,0.38916713,-0.22142068,-0.26518738,0.4366779,0.00827899,0.14119525,0.24359255,-0.8522633,0.34434158,-0.03533443,-0.32800522,0.32998717,0.4612981
145,neutral,-0.080904596,-0.055905282,0.29653984,-0.15427081,-0.14569259,0.30114314,0.0060192975,0.14579412,0.019672617,-0.06647402,0.17603754,-0.07132571,0.036521114,0.11473813,0.1342492,-0.082213454,0.07144268,-0.010973901,-0.20508575,-0.040067304,-0.016686866,0.09379415,-0.024395654,-0.061818723,0.26350763,-0.034639556,-0.056034118,-0.20318618,0.18993081,-0.06572969,-0.009653573,0.16270828,-0.033390302,0.13940902,0.16877258,0.022532979,-0.03315336,0.08244048,0.23107454,0.009219722,-0.11690077,-0.0343751,-0.12962767,-0.14540794,0.012122187,0.106379926,0.1150965,-0.08491551,0.012742398,-0.44578323,-0.052322328,0.07692625,0.16702317,0.4873231,-0.115558155,-1.3795518,-0.07481157,-0.026250316,0.8949811,0.27254868,0.049953572,0.49903795,-0.33359423,-0.0828769,0.35762903,-0.0024099075,0.30516335,-0.022336459,-0.040012777,0.04418731,-0.0395851,-0.11974797,0.14954571,-0.330329,0.026397016,0.10452135,0.047827948,-0.107075505,-0.3778636,-0.12165754,0.32825089,-0.3207071,-0.21416296,-0.02030293,-0.6241396,-0.22607031,-0.001228885,0.18976684,0.15129693,-0.017692989,-0.07632175,0.22009008,-0.14091586,-0.05855919,-0.18808144,0.13313715,-0.10112433,-0.19161096,0.3408868,0.17129135
146,neutral,-0.07542756,0.085339926,0.42129204,0.059107453,-0.017995313,-0.06556175,-0.3415969,-0.0585813,0.041155435,0.28627062,-0.20133106,-0.20964426,0.32752168,0.08555824,-0.15312396,-0.12494665,-0.05594035,-0.22209425,-0.534653,0.049599707,0.29741266,-0.020902477,0.065285705,-0.0074022426,-0.04622039,0.14415091,-0.29759878,-0.11187791,0.5560312,0.069419794,0.086131044,0.3415845,-0.13634446,0.14066264,-0.13661416,0.2887929,0.19005503,-0.09167823,-0.19475655,0.008042598,-0.7274327,0.0037079619,0.12052869,0.06712909,0.11251,-0.16458863,0.33426985,-0.074880324,-0.09615619,-0.7060248,0.11694464,0.19994935,0.116624616,0.8776762,-0.10762252,-1.5737934,0.044455517,-0.20658185,1.3992481,0.23795356,-0.077700585,0.21244828,0.025241015,-0.24014977,0.5185108,0.10535938,0.08305404,0.43541512,-0.08579621,0.022989726,0.17210124,-0.3554408,-0.22741354,-0.63713795,0.049690004,0.106476486,-0.024497826,0.12110458,-0.753507,0.19226812,0.516586,-0.12477428,-0.18369234,0.045585983,-0.7904845,-0.21159892,-0.07672425,0.19919303,0.12705612,-0.4821672,-0.032814134,0.080389775,-0.23983732,-0.04003347,-0.52655965,0.11224485,-0.16543764,-0.018908259,0.34898043,0.18951358
147,negative,-0.13106623,0.051766012,0.24092025,0.0944829,0.024217429,-0.17096542,-0.035535254,-0.04965076,0.19337833,0.3616235,-0.092493095,-0.04977067,0.12416765,0.05248059,-0.10256179,0.0005884136,0.03845688,-0.13741964,-0.38051546,-0.09711095,0.1331888,-0.13253585,-0.04191358,-0.12830858,0.07784226,-0.11355118,-0.06651245,-0.04602653,0.08613627,-0.067150146,-0.10700178,0.07667429,-0.2340368,0.011024597,-0.16761173,-0.0912851,0.21033438,-0.020651601,-0.033880886,-0.01121168,-0.43654543,-0.0935254,0.22306886,-0.12919152,-0.01878814,-0.12492889,0.3627815,0.013505514,-0.21038893,-0.41333377,0.00951339,0.10663146,-0.02509421,0.76894766,0.052680075,-1.4968936,0.0955704,-0.19866993,1.008775,0.18111162,-0.10102607,0.28420973,-0.06125409,-0.19259755,0.5937731,-0.018685078,0.17170472,0.011526645,0.14649332,-0.10557792,0.16079472,-0.19451687,-0.15667301,-0.22009295,-0.073780514,-0.025790531,-0.07416579,-0.007935877,-0.699439,0.1643149,0.5239195,0.15478534,-0.13618314,0.21437496,-0.63210803,0.11837712,-0.0017416731,0.015617632,-0.06871316,-0.3588155,-0.09062726,0.12709528,-0.18268143,0.0050681746,-0.25203425,0.0144428555,0.16978942,-0.11545687,0.29781303,0.35567954
148,neutral,-0.04664464,0.24646923,0.29925424,0.033747714,-0.19378534,-0.14330694,-0.22484918,-0.07267623,-0.03850677,0.11213316,0.081456885,0.06849978,0.0676365,0.12174233,0.04483518,0.16570868,-0.18411282,-0.19283931,-0.017342357,0.073323034,0.28777358,-0.25530934,0.12626848,0.117324226,-0.008286233,0.15142663,0.03453256,-0.23911196,0.15118355,-0.34878576,0.059300657,0.28066602,-0.0944286,-0.14978771,-0.16761343,-0.06321393,-0.0026228526,-0.031945996,-0.34126523,0.025329271,-0.51111513,-0.2051979,0.16517276,-0.33607757,-0.073618956,-0.11859544,0.17674176,-0.088441156,-0.119556084,-0.66707665,0.04647103,0.053212866,0.08211976,1.0932543,0.07073411,-1.7746309,-0.034663465,-0.28165486,1.3392382,0.25704098,-0.2807459,0.110651866,-0.3977326,-0.06846795,0.6205863,0.23584306,-0.19705123,0.016665416,0.043573175,-0.101798944,0.11522689,-0.06303615,-0.38460281,-0.21818087,0.013723288,-0.21789,-0.32292342,0.15272266,-0.82031685,0.19880022,0.5381752,-0.042193443,-0.19964752,-0.062080365,-0.9654597,-0.15255953,0.089130215,-0.006232356,-0.12960011,-0.3076034,-0.13630876,-0.089543335,-0.27003774,0.19845538,0.0027062958,0.053708326,0.25030673,-0.12169647,0.4336485,-0.027565055
149,negative,-0.025154324,0.18691573,0.11301422,-0.095931016,-0.03580918,0.41912308,-0.14743839,0.13394989,0.19631062,0.01202182,-0.050129388,0.20305343,0.43238705,0.20161203,0.1018466,-0.19967924,-0.00440243,-0.11621095,-0.43760222,0.31871024,0.1592855,-0.118564,-0.028028278,0.1450508,0.22632386,0.04886777,-0.21178457,-0.5427322,0.2509791,0.011955691,0.2389125,0.40597457,0.08608025,0.0586255,-0.046904165,-0.03986618,0.05791676,0.20862204,0.034905396,-0.0014637096,-0.21747527,-0.040743593,0.15204172,-0.32815745,-0.06022743,-0.005750233,-0.12707631,0.035924707,-0.0035212676,-0.5091144,-0.030329216,-0.022466099,0.41129524,0.8204627,0.08918463,-1.6625316,-0.16959557,-0.24166462,1.111834,0.3668012,0.113694206,0.5370725,-0.18226366,-0.10033514,0.4685254,0.26513946,0.27387908,0.14509568,0.11618933,-0.2618428,-0.03667673,-0.122613154,-0.098086834,-0.24523535,0.33468145,0.30198896,-0.09560492,-0.0042290743,-0.5513064,-0.05189902,0.44333836,0.31194684,-0.070926435,0.18591416,-0.9890209,-0.10707886,0.055643167,-0.044996664,-0.2586484,-0.06512766,0.0064049875,-0.047181576,0.2099497,-0.022090731,-0.60917467,0.0696727,0.11103285,-0.1098767,0.37320322,-0.0601471
150,negative,0.031531844,0.17602178,0.31482446,-0.10786579,0.009948194,-0.414641,-0.20131506,-0.0811042,0.08329729,0.18668126,0.24894579,0.078385025,0.24714103,0.26212558,-0.000994178,0.12258909,-0.020697352,0.19209072,-0.575324,0.00836008,0.45643154,-0.20099396,0.0061742417,-0.27465254,0.15843417,0.38541833,-0.25233352,-0.11746423,0.16898537,-0.08335856,0.009559933,0.09109651,-0.18783322,0.064346805,0.10641632,0.17000447,0.3466712,-0.24577017,-0.044773918,-0.13812009,-0.15022582,0.082193166,0.5115253,-0.1590338,0.08456179,-0.29661757,0.059507888,-0.08098347,-0.05103811,-0.5011848,0.003127898,0.0033142113,0.16784948,0.6101906,0.020456996,-1.6518329,-0.029315054,-0.2097539,1.0501355,0.0719023,0.09548731,0.36177996,-0.33264294,-0.02691357,0.5023192,-0.21543923,0.20539051,0.5013613,-0.23280115,-0.1284455,-0.07497943,-0.24237563,-0.32680207,-0.3674718,-0.10392188,0.31609854,-0.15306169,-0.11893405,-0.6146123,0.11376119,0.6954321,-0.18817934,-0.14699668,-0.15890849,-0.7082975,-0.19159786,0.155058,0.108051784,-0.0005558924,-0.23708999,0.060572755,-0.030476095,-0.1285764,0.046451874,-0.45093086,-0.06917152,0.045511823,-0.04245494,0.41531768,0.111950964
151,negative,-0.08961616,0.10552223,0.35270977,-0.070254885,-0.02765503,-0.058270056,-0.03841028,0.27936485,0.13579121,0.19577043,-0.054644424,-0.018886516,0.23083279,0.23413546,0.018678699,-0.07421706,0.2589157,-0.21385366,-0.3841945,0.008182575,0.37998033,-0.12269694,0.10968783,0.124480456,0.00012273468,0.088000655,-0.17621738,-0.29456186,0.48339468,-0.011137035,-0.1345873,0.271187,-0.01887768,0.27382612,-0.09955986,0.15491736,0.13501741,-0.03387615,-0.16053046,-0.09876941,-0.45875046,-0.05934755,0.32597718,-0.1083584,0.13187419,-0.15561272,0.09477847,-0.14567566,0.112150766,-0.52824366,-0.032187745,0.10836286,0.1822386,0.76669663,-0.2840268,-1.5152578,-0.034028616,-0.16506433,1.0820673,0.20608847,-0.1600703,0.30521998,-0.1807834,-0.3129781,0.2857614,0.093863286,0.048709095,0.26901558,-0.24396794,0.01648808,-0.006690469,-0.25200698,-0.22630358,-0.45952713,0.14663799,0.10174592,-0.07379728,-0.009771935,-0.59033346,0.009775993,0.72523886,-0.10715451,-0.21923515,0.01608596,-0.865412,-0.0204515,0.016143482,0.11543182,0.11863512,-0.08892523,0.012849801,0.086068995,-0.20848165,0.18165594,-0.47402886,0.07699302,0.044894814,-0.12613305,0.35802376,-0.007040338
152,neutral,0.033591576,0.11840218,0.24863176,0.12107018,-0.004702651,-0.2291311,0.053782083,-0.03739309,0.0021375208,-0.21140513,-0.014424238,0.09684078,-0.046298098,-0.01603986,0.2626735,0.06795468,-0.057976484,-0.19052935,-0.06052392,0.048036378,0.023505973,-0.23452711,0.027814558,0.09991657,0.49186927,-0.24487072,-0.15666744,-0.11562847,0.0058457144,-0.24286182,-0.05482305,0.10860255,-0.10954313,0.16192298,0.049717966,0.13819581,0.21630329,0.060416054,-0.058240645,-0.11275508,-0.25287288,-0.103219755,-0.044777445,-0.12953614,-0.1560096,0.04464378,-0.09122313,-0.1579724,-0.030881265,-0.54329866,0.03881304,0.06683509,-0.17305942,0.68344635,-0.08573031,-1.5956181,0.16260149,-0.074104354,1.2280025,0.4285663,0.0031199334,0.27228245,-0.2486871,-0.010072317,0.41015446,0.027443863,-0.071831964,0.15649645,0.23749347,0.096066914,-0.022614082,0.02655654,-0.013542954,-0.24161701,-0.15292737,-0.06131906,-0.13172011,-0.026762184,-0.3772197,-0.1565848,0.47446272,0.17077145,-0.34928027,-0.19903703,-0.9440244,-0.2765296,0.107787,0.04618184,0.07388245,-0.31759137,-0.1369162,0.1850833,-0.11907265,0.12027677,-0.2519018,0.18574286,0.15564515,-0.18517724,-0.008391986,0.18849584
153,negative,-0.092279464,0.2399277,-0.10486618,0.09498423,0.054787025,-0.024313085,0.10110791,0.098602824,-0.010365713,0.0057036895,-0.16882154,0.21998698,0.043785796,0.14477311,0.2552358,0.047492616,0.103077844,-0.46523574,-0.5194135,0.2243584,0.44466186,0.09218687,-0.020725366,0.28845546,-0.19674844,-0.08218817,-0.06312676,0.0008012392,0.26248217,-0.24277811,0.14558804,-0.07913565,0.04201565,-0.29577723,0.04823483,-0.099420995,0.27678883,-0.24115022,0.31011972,0.06488857,-0.42905515,-0.11440999,-0.21658792,-0.08079549,0.43817025,-0.114566475,0.20083009,-0.21485098,0.22190657,-0.43337765,-0.16887656,0.16574861,0.027566288,0.77614504,-0.23542099,-1.1890365,-0.13672996,-0.09942327,1.2908458,0.19485718,0.015710352,0.53296524,0.09566009,-0.10944846,0.6649993,0.17052114,0.16936715,0.048961714,0.11636093,0.035917457,0.072567865,-0.70629346,-0.2467135,-0.2888618,-0.21399453,-0.18519871,0.005731629,0.19223663,-0.50324464,0.13341928,0.50150126,0.14672199,-0.4264542,0.1555223,-0.531485,0.14066786,0.0135839945,0.042213965,0.17678322,0.16808,0.26017138,-0.12701307,-0.0072160014,0.4129647,-0.39213753,-0.1328512,-0.033220492,0.10813789,0.26276237,0.15974663
154,negative,0.08624859,0.33459127,0.24765433,-0.2903713,-0.11631,0.097471796,-0.28743416,-0.010448137,0.100296944,0.5178105,0.032191753,0.2122492,0.06906048,0.1283706,0.09761361,0.050177045,-0.10558847,-0.02274287,-0.6590977,0.1412684,0.47166485,-0.09519346,0.17931804,-0.012736248,-0.022448681,-0.05345389,-0.21646366,-0.30821544,0.37486655,-0.08772719,0.030105567,0.27874318,0.010282028,-0.027465954,-0.07410069,0.1397942,0.25161263,-0.13717616,-0.12980089,-0.19108856,-0.6052246,-0.019096926,0.21148588,-0.24956259,0.1042697,-0.15124495,0.19109365,-0.07807608,-0.25571913,-0.6921195,-0.058600742,0.033428483,-0.006356932,1.1174842,-0.13848856,-1.640042,-0.12541391,-0.0133462595,1.4557393,0.2265112,-0.046682987,0.45030567,-0.16036636,-0.3118513,0.8038597,0.24169311,0.06866738,0.12631528,-0.046908733,-0.11525787,0.053910658,-0.45890272,-0.26037532,-0.30855432,-0.04615254,-0.0943207,-0.047058266,0.06516244,-0.5794295,0.33923346,0.67629904,0.100286454,-0.37986633,0.03875558,-0.9242111,-0.0941942,0.17205782,-0.028474301,-0.1026961,-0.34064436,-0.011718046,-0.05664298,0.07642777,-0.024228685,-0.34945557,-0.35042143,-0.017354187,-0.059084695,0.38833848,0.07050766
155,neutral,-0.19312263,0.16622849,0.2880874,-0.056916285,-0.12277131,-0.073494144,0.023952099,-0.14279315,-0.12157235,0.3802256,0.02892015,-0.13029256,0.1317279,0.10451758,-0.004935715,-0.118575655,0.3695413,-0.18966633,-0.35709348,0.011810635,0.3289917,-0.09809558,0.103169,0.01991438,0.087144084,-0.07706075,-0.21659625,-0.09125023,0.2768159,0.13026763,-0.28136522,0.377677,-0.24653472,0.043878,0.116353445,0.08748979,-0.14228803,-0.028310586,0.07635788,-0.017084286,-0.4000131,-0.022660438,0.13126892,0.12924908,0.32569203,-0.24158537,0.0661327,-0.30320865,-0.056022752,-0.46875143,0.16700758,0.20705028,0.027143056,0.9265281,-0.1762872,-1.6905441,0.07437316,-0.1168624,1.4807981,0.46170324,-0.016970884,0.38993624,0.09195718,0.0138574755,0.45747674,0.017292926,0.04786338,0.16280933,0.090729564,0.27129874,0.21708064,-0.446915,0.014569116,-0.20359108,0.030129956,-0.09676118,0.046492137,0.17774963,-0.81572914,0.05758678,0.68800545,-0.109779954,-0.17084344,0.072932675,-1.0073216,-0.06840968,0.11366144,0.11253731,-0.070144504,-0.26400316,0.03688858,0.047750637,-0.08416535,0.16612662,-0.32637042,0.0042979065,-0.13239013,-0.17361599,0.2437024,-0.008104308
156,negative,0.06286654,0.11947813,0.42385912,0.14101988,0.0663742,-0.185721,-0.2317486,-0.011021347,0.077850215,-0.0037505683,-0.14408489,0.22445205,0.19206335,-0.025292156,0.07783593,-0.04250905,-0.19595937,-0.07339057,-0.33374044,-0.17064267,0.32999176,-0.1955291,0.09290102,0.21108213,0.23875032,0.015823094,-0.087538905,-0.1821855,0.36606616,-0.14458436,-0.1713457,-0.024196729,-0.2458451,-0.010498718,-0.02200336,0.24090518,0.31008375,-0.24815798,-0.16566744,-0.02996743,-0.5335156,-0.14244998,0.4522807,-0.08392442,0.26853445,-0.26061285,0.23813164,-0.096941695,0.24426952,-0.7703542,0.12142282,-0.06112441,0.06616593,0.8617395,-0.0321684,-1.90689,-0.028092474,-0.55298984,1.2536407,0.19649503,-0.14902653,0.20653215,-0.17354447,-0.21283656,0.41696,0.11097496,0.16598643,0.057738926,-0.13590406,-0.10825473,0.07040355,-0.22865188,-0.50548047,-0.40354514,-0.03764018,0.3784767,-0.27652228,-0.075242445,-0.9425462,0.008278048,0.68812877,0.029023293,-0.25311378,0.25031772,-0.744062,-0.20049828,-0.05861284,0.07873531,0.2266596,-0.32092965,-0.15345447,0.20041758,-0.4121469,0.28836468,-0.37946796,0.02095122,0.23936856,0.18167266,0.33352476,0.15518259
158,neutral,-0.12412045,0.23951943,0.20456785,-0.10866733,-0.07942129,0.29030663,-0.23796257,-0.18645857,0.1616747,0.15749523,-0.14534706,-0.026731811,0.2254849,0.017016323,0.06281352,-0.020242088,0.064162105,-0.040316615,-0.36871812,0.16835146,0.23628478,-0.038856488,0.046964087,-0.11755468,0.032308977,-0.040009573,-0.0500943,-0.16891077,0.06414354,-0.060299456,-0.14335488,0.4096148,-0.0738741,-0.05745939,0.061526813,0.09676128,0.015746126,0.06473203,-0.07845082,-0.17713787,-0.48398715,-0.08237262,-0.003102613,-0.22844142,-0.031830452,-0.13846505,0.12826101,-0.057469495,-0.077629164,-0.62250423,0.12638892,-0.011902056,0.06650616,0.6955845,-0.05789079,-1.4917393,0.18078133,0.00302328,1.1623307,0.14124121,-0.13313131,0.47312158,-0.26363048,-0.21552339,0.60267144,0.12135753,0.31431523,0.065663315,0.07314366,-0.21056311,0.045928482,-0.11147594,0.02858035,-0.29311574,0.0052765794,0.1791347,-0.03960001,0.021730602,-0.47198462,-0.090897255,0.32676083,-0.07655947,-0.1939984,0.09238434,-1.0011878,-0.08804785,-0.1555629,-0.03748593,-0.040809724,-0.23633744,0.014317586,-0.0545674,-0.020376727,-0.042775624,-0.26238653,-0.13437684,-0.19658598,-0.30923772,0.19221233,0.20551482
159,neutral,-0.31201205,0.27536502,0.021495888,0.33759937,-0.116601825,-0.2122309,-0.18427481,0.0071905116,0.032968864,0.2191807,-0.043409307,-0.107344344,0.16084163,-0.013511349,-0.008481608,-0.14778689,-0.024621682,0.090713814,-0.189755,0.056713995,0.19081958,-0.07735707,-0.073744565,-0.19442627,-0.14890671,0.025643758,-0.0825168,-0.049580965,-0.057358585,-0.009133165,-0.057783518,0.23600265,-0.100191176,-0.057173666,0.14101976,0.21171239,0.17944027,0.0643943,-0.03223482,-0.023740163,-0.281859,-0.18006106,0.10204329,0.043009505,0.037784282,-0.14277102,0.11175562,-0.13893607,-0.18921408,-0.61386216,0.18410693,0.062064644,0.09691848,0.8224131,-0.037540246,-1.8086252,0.06904961,-0.460743,1.5253359,0.30814752,-0.021336533,0.4508316,0.04322004,0.039657664,0.85806996,-0.17310202,0.08564436,0.13121775,0.18386252,0.068401024,0.13746738,-0.38586643,-0.10276481,-0.44074768,0.06872143,0.07390301,0.022499347,0.076385155,-0.7005645,0.15416582,0.5605396,-0.11179915,-0.12620671,-0.024935339,-1.045626,-0.16407476,0.17031913,-0.037094146,-0.04148635,-0.3458983,-0.27132595,-0.04724256,-0.09389518,-0.082720704,-0.4737851,0.020657966,-0.14523959,-0.2690932,0.6142523,0.21693215
160,negative,-0.08303896,0.3052463,0.20541072,0.42599386,0.03674175,-0.35795316,-0.36082497,0.06664496,0.2700128,0.08043018,0.07172594,0.017340528,0.3646327,0.27958816,-0.1637917,0.059049733,0.078520015,-0.38349184,-0.2747811,-0.21909612,0.5116918,-0.13261656,0.14127561,0.080457866,-0.008267129,0.16176847,-0.13750926,0.08949007,0.6958359,-0.20938285,0.13643643,0.3424869,-0.04840046,-0.061427485,-0.021500494,0.20135653,0.39526567,-0.1660189,-0.16004357,0.043178435,-0.54088646,0.13923767,0.08888164,-0.29193017,0.22383521,-0.09262172,0.63448673,-0.2108903,-0.36989704,-0.48218533,0.124090016,0.19828986,0.062864244,0.98138213,0.15579998,-1.6371535,0.14257741,-0.15983187,1.455398,0.2631413,-0.43941513,0.21728884,0.09560354,-0.21239711,0.4802599,0.162786,-0.2042028,0.22102119,-0.15714386,0.17545618,0.096822254,-0.037605885,-0.25348032,-0.036990143,0.20520875,0.039989322,-0.045137063,0.4408788,-0.6949427,0.1873681,0.63329506,0.3726251,-0.17273486,0.23159093,-1.2242951,0.32635832,-0.08947854,-0.22725473,-0.04952594,-0.2933561,-0.08322493,0.2524431,-0.3259657,0.48889098,-0.095566034,0.04368735,0.036689714,-0.39403048,0.31096208,-0.3299626
161,neutral,-0.087725416,0.00478202,0.22473909,-0.04636292,0.08759741,0.0219136,-0.17944834,0.032975204,0.062898986,0.18936796,-0.11522312,-0.039110173,0.3263935,0.08972697,-0.10046816,0.0063279313,0.011795647,-0.17074525,-0.5400692,0.013871849,0.341995,-0.23743103,0.14140789,-0.01173246,-0.18765625,0.021200186,-0.109616,-0.080276005,0.29130563,0.08993618,0.100195356,0.26335117,-0.068021335,0.0069054454,0.10495781,0.025761189,0.14315902,-0.00018043765,-0.12720622,-0.10704789,-0.50925773,-0.015916415,0.34783506,-0.1415242,0.03997702,-0.10930442,0.14942095,-0.115397714,-0.18227807,-0.47943524,0.05571109,0.07688708,0.10197763,0.8162523,-0.018199744,-1.7112385,0.0019605178,-0.2680219,1.2895637,0.3450767,-0.055460133,0.16009706,0.011788574,-0.07690952,0.63082737,0.08854562,0.01828091,0.42466798,0.047577083,0.06110935,-0.005191766,-0.3332098,-0.20134549,-0.4153349,0.12802419,-0.01843402,-0.14678138,0.13431144,-0.66744804,0.0015095928,0.49821413,-0.18828286,-0.23223467,0.04952676,-0.88401836,-0.096550934,0.08381963,0.15008827,0.1294091,-0.2631104,-0.04167904,-0.016927483,-0.14698607,0.19872098,-0.45520517,0.09429517,0.01108034,-0.03681466,0.39015794,0.09099294
162,neutral,-0.2917306,0.2849438,0.36008233,-0.20842025,-0.07937709,0.46226028,-0.11169791,0.10645444,-0.08193621,-0.1449733,0.010857406,0.10704189,0.29675335,-0.07512916,-0.051479828,-0.13108505,-0.13768919,0.22957623,-0.35564443,-0.18467727,0.16490777,-0.0046713403,0.06516558,-0.457549,-0.12725891,-0.2124205,-0.28368324,-0.23500556,0.55683106,-0.13492623,0.16143242,0.5936754,0.15845963,0.14409599,0.075644165,0.24087992,-0.06513805,0.011752876,0.12227591,-0.3334948,-0.2880637,-0.2411002,0.2378389,-0.38157272,-0.37018904,-0.083925836,-0.07499791,-0.22884044,-0.31529114,-0.77743363,-0.20971069,-0.19750892,0.021988966,0.7238562,-0.16360715,-1.6711224,0.058936793,0.22903918,1.0917467,0.19805709,0.034775633,0.50014627,-0.027340917,-0.08732656,0.6045417,0.015914004,0.6609022,0.45392925,-0.0666437,-0.20208094,0.23171504,-0.17948984,-0.24896856,-0.35910392,0.03888305,0.1066563,-0.27935907,-0.13688304,-0.22463341,-0.25876516,0.11234239,-0.118440464,-0.18656036,-0.024177078,-1.0367142,-0.3115859,0.20261334,0.016915487,-0.0559421,-0.3163449,0.19922423,-0.17722915,-0.11719041,0.19210915,-0.47913042,-0.027765322,0.11149145,-0.24032381,0.33768123,0.08795222
163,neutral,-0.0011747254,-0.060157157,0.3003726,-0.030675806,-0.045814127,-0.04181755,-0.018647509,-0.111641616,0.012011874,-0.071481995,0.04642385,0.004355924,0.20441304,-0.08230682,-0.08612061,-0.10126493,0.053449865,0.06649983,-0.2746314,0.25703263,0.15008722,-0.11784323,0.0743142,0.009060072,0.040480025,-0.0768861,-0.038454812,-0.3823019,0.022518195,-0.044902135,-0.04863649,0.38503674,-0.015744073,0.009634601,-0.039234765,0.21306269,0.05671518,0.08048372,0.01414208,-0.16295274,-0.24763207,-0.17025039,0.3350952,-0.1653246,-0.017749595,-0.21421851,-0.061734494,-0.04055029,-0.049635977,-0.47630063,-0.1107259,-0.109136164,0.062088236,0.65530354,-0.019637922,-1.7129581,-0.16717209,0.016066646,0.9627059,0.33373776,-0.2438602,0.40054813,-0.25157472,-0.1473143,0.3829587,0.09140909,0.30916378,0.3729124,0.050619557,-0.079267725,0.058189493,-0.14042002,-0.19036819,-0.32534283,-0.088512704,-0.012876454,0.005407045,-0.039439738,-0.5785757,0.00669712,0.44596735,-0.13972276,-0.08799474,0.014223994,-0.8218266,-0.22224091,-0.2322386,0.0617478,0.115349405,-0.3783736,0.06979638,-0.0056603453,-0.03505748,0.07449801,-0.33302572,0.13127925,0.13296954,-0.1916311,0.4795337,0.080321826
164,negative,0.14225584,0.11085212,0.5306654,-0.22194636,-0.12619893,0.045685902,-0.35959658,0.06088949,0.047871042,0.17473231,0.071412124,-0.03526736,0.11660456,0.22307344,0.13306212,-0.051420107,0.35380605,-0.23170666,-0.5106756,-0.26410115,0.45006087,-0.13151711,-0.102738686,-0.07614521,7.385477e-05,0.31833994,-0.3364485,-0.09570483,0.41054562,-0.1763107,0.25213423,0.22685148,-0.082666,-0.041658435,0.021661116,0.12935281,0.082941584,-0.102063276,-0.122418515,-0.17500958,-0.23582934,-0.12731302,0.30075893,-0.16642284,-0.17276879,-0.19838801,0.44598016,-0.099986725,0.12180056,-0.44540086,0.066298574,0.3522641,0.40252683,0.90468943,-0.06866707,-1.6557177,0.10277405,-0.30291784,1.3944927,0.23575415,0.12157973,0.18567874,-0.26736978,-0.22442164,0.549483,-0.14998056,0.25955617,0.28437212,-0.34336907,-0.101114966,-0.086776,-0.081575185,0.021205923,-0.30040786,0.23796268,0.31729114,-0.07149692,0.3157349,-0.48236936,0.21928263,0.5267436,-0.06441545,-0.18495715,0.04872502,-0.93481386,-0.036337204,-0.041529022,0.14190514,0.18615599,-0.2017728,0.04195871,-0.14959319,-0.27944562,0.08355155,-0.33018246,-0.07453418,-0.12304985,-0.021406766,0.3787249,-0.021837033
165,negative,-0.13958657,0.10569464,0.4520194,-0.09472445,-0.28754118,-0.12938923,-0.25818735,0.078959905,0.2634988,-0.03252153,0.22167303,-0.004755188,0.15424857,0.008381632,-0.23592956,-0.05938917,-0.13484363,0.15653047,-0.4662924,0.1468931,0.08588308,-0.09442125,-0.05294812,-0.09583051,-0.20051202,0.059207667,-0.07129994,-0.16809835,0.04334272,0.15056276,-0.044156987,0.4434493,-0.109951004,-0.07521099,-0.038452476,0.27681533,-0.11028505,0.012682561,0.15670013,-0.08659317,-0.48418707,-0.08917175,0.11148937,-0.20436692,-0.27825674,-0.30212748,0.04500491,-0.17675766,-0.2459109,-0.72380906,0.44297218,-0.11638427,0.082754925,0.6579393,-0.18111952,-1.36617,0.13823463,-0.09779225,1.0512253,0.2110792,-0.18586332,0.2402604,-0.19201162,-0.0723934,0.5909619,-0.23765859,0.2914685,0.56259227,0.04436813,0.1973179,0.16784902,-0.23847307,-0.16231625,-0.35958174,0.21607314,0.11409038,-0.13460858,0.1050609,-0.662128,0.047277898,0.43966448,-0.20368636,-0.20013447,-0.14760908,-1.0014011,-0.19812049,0.03263853,0.06798476,-0.03801842,-0.41113305,0.19891934,-0.009868488,-0.10875006,-0.10079712,-0.14691627,0.11963,-0.088537574,-0.14346182,0.14906442,0.31254795
166,negative,-0.18398647,0.20746791,0.16540602,-0.11308157,0.25485912,0.17396963,0.016788894,-0.25422144,0.12172056,0.4558635,-0.15452139,-0.086953826,0.16869754,-0.028098153,0.25595745,0.08221291,0.1282334,-0.20216858,-0.2687898,0.025778485,0.26113397,-0.10238572,0.3369241,-0.12830685,-0.049009297,0.020542286,0.09528933,0.19376352,0.18314749,0.15845056,-0.03547927,0.281328,-0.38008007,0.117664896,-0.05181313,0.063580774,0.12490447,-0.10574349,-0.10658096,0.057617236,-0.39812583,0.048373345,-0.15171726,0.036567632,0.3462206,-0.21087879,0.15723144,-0.25885138,-0.1946371,-0.56858766,0.20037667,0.27955893,0.24439262,0.9416027,-0.02072013,-1.5845981,-0.14417705,-0.057570565,1.057224,0.09859286,0.11019459,0.701976,0.09568328,0.019181382,0.54993236,0.082032755,0.2823025,-0.074024945,0.0450281,0.10610665,0.17348891,-0.35586712,0.03965074,-0.11326923,0.050109386,0.115852274,0.26945987,0.15268156,-0.7237616,0.07664037,0.5404075,-0.1304965,-0.26147148,-0.061913855,-0.98740417,-0.07073316,0.20224369,0.056019638,-0.04276109,-0.32647136,-0.04218638,-0.03043028,-0.28260106,-0.05112055,-0.20140563,0.16669485,0.031207664,-0.2630687,0.48042375,0.12440474
167,negative,-0.09753811,0.117884204,0.13795504,-0.14332023,0.05931264,-0.08346275,0.007885049,0.06476028,0.09922155,0.20739035,0.11347106,0.09604125,0.1284236,0.073799185,-0.030942533,-0.04488082,0.060709324,0.04448486,-0.54080945,0.19237895,0.16555527,-0.18337113,0.093867965,-0.12705901,-0.014438468,0.24491563,-0.08428604,-0.30056334,0.18989477,-0.11886045,-0.07555371,0.3057598,-0.11837598,0.027904479,-0.09764576,0.07138532,0.017317278,-0.037902486,-0.14634228,-0.21970128,-0.29082888,0.040260147,0.12611248,-0.20129266,-0.044035744,-0.15749702,0.18544798,-0.20383525,-0.04517014,-0.66026336,-0.05514884,0.0014137203,0.11637065,0.83205307,0.0024857984,-1.6514014,-0.09547782,-0.006404202,1.1138511,0.1185991,-0.079625815,0.4340018,-0.15192153,-0.1995529,0.5743836,0.103018075,0.120711416,0.26866665,0.0081456285,-0.1855954,0.1680374,-0.25926894,-0.36716366,-0.22496587,-0.06749297,0.072997496,-0.11148695,-0.11780206,-0.5759434,-0.0030427882,0.50735223,-0.06891601,-0.369141,0.09547213,-0.8396293,-0.003960707,0.22099496,0.13118997,-0.1637649,-0.07831375,-0.06321248,0.041108306,-0.23506957,-0.08639286,-0.42822033,-0.11473753,0.0853523,-0.07068049,0.12802777,0.11773491
169,positive,0.17452995,0.4061762,0.61089236,0.045240663,0.017715089,0.14514942,-0.25045896,0.16796277,0.08429551,-0.14260842,-0.013421687,0.21521081,0.3749193,-0.095286146,0.010151743,-0.37826285,-0.038049333,0.5452592,-0.49798778,0.50795376,0.5698225,-0.02010154,-0.06506896,-0.4171229,0.11415721,0.07320708,0.018605912,-0.33127344,0.33109537,-0.5263511,-0.06108633,0.2990813,-0.23263192,-0.18375005,0.07462954,0.3977383,0.119001836,0.1558453,-0.13388258,-0.15693776,-0.15961087,-0.023337992,-0.019736346,-0.2488758,-0.14841408,-0.24376467,0.10881913,-0.089872904,-0.15849037,-0.84030885,0.08065327,-0.14675216,0.12552267,0.8840484,-0.1553957,-2.1097934,0.27976766,-0.22320412,1.2991339,0.4016554,0.18218955,0.45831275,-0.3899471,-0.23306438,0.63257784,0.10687853,0.2984562,0.26491815,-0.124081664,-0.4184933,0.10487349,-0.18979561,-0.05999371,-0.2035356,0.083922915,0.080956094,-0.29500064,-0.25941107,-0.557399,-0.050915457,0.22687314,0.14654322,-0.3906967,0.041366145,-1.1661781,0.005843499,0.18158166,-0.22552231,-0.039302565,-0.017106233,0.026187738,0.0029613401,-0.16764955,-0.16139014,-0.5238452,-0.2685902,-0.05924374,-0.3222389,0.3374649,0.18146622
170,neutral,-0.1989862,-0.01282117,0.41777557,0.044486776,-0.17738865,-0.02547793,-0.36665225,0.044357587,-0.14561899,0.2845449,0.1542124,-0.10540341,0.37445417,0.101110406,-0.2825174,-0.30295938,0.13725421,-0.2108111,-0.05942588,0.098912045,0.37472624,0.0094650835,0.1885621,-0.33335865,0.12873779,-0.20762748,0.124819994,-0.29030645,0.1655639,-0.0143161155,-0.46047026,0.0992214,-0.1859467,-0.09664609,0.1492783,0.3024009,0.017450303,0.47815022,0.11497124,-0.025197925,-0.55878353,-0.2354082,0.18157883,-0.104160085,0.4062072,0.21174444,0.08395115,-0.007860615,0.19980633,-0.3237649,-0.2918712,0.24183872,0.08994359,0.8739013,0.055064615,-1.5230423,-0.08450043,-0.16575581,1.613853,0.32909137,0.11579823,0.3512904,0.12403918,-0.29075232,0.2019967,-0.020742822,-0.40667588,0.12414846,0.04718572,0.023130462,-0.24271561,-0.4161949,-0.34667513,-0.20049644,0.15990233,-0.019221252,0.24378565,0.06501686,-0.8578621,0.16605689,0.5119033,-0.2607965,0.09779621,0.36956263,-0.5556727,-0.491188,0.07119882,0.122379534,-0.21460676,0.015864529,-0.07436633,0.004553339,0.10051575,-0.12327126,-0.28638485,0.46542913,0.18787628,0.15504673,0.25860232,-0.026295254
171,neutral,-0.044276595,0.17555365,0.2597574,-0.14421636,-0.1497989,0.013679236,-0.19679397,-0.027085641,-0.16381983,0.13319865,-0.04083367,0.07397302,0.28574568,0.29217312,0.26512563,-0.05069577,0.31816056,0.23505254,-0.020831432,-0.010835232,0.12946875,-0.070533946,0.029836062,-0.25257146,0.16265488,0.025642876,-0.2324224,-0.2077368,0.14412615,-0.277364,-0.16991542,0.15160617,0.145768,0.16925739,0.35295314,0.12503625,0.014021301,0.0034367023,-0.031284284,-0.12627009,-0.3539888,-0.15640348,0.13696127,-0.2834387,-0.09466644,-0.15346868,0.2933613,-0.19240277,-0.28239095,-0.79181004,0.30250442,0.028227342,0.009979453,0.9461495,-0.1470086,-1.803276,0.0312544,0.17519157,1.6449386,0.2508346,-0.20940772,0.7252692,-0.14223444,0.077731416,0.43030018,0.004849607,0.23446676,0.04830155,-0.24295196,-0.31262112,-0.011796498,-0.3515096,-0.12804475,-0.14640157,0.35250518,0.31485173,0.16492225,-0.094137385,-0.45327914,0.1957161,0.3151898,-0.13218877,-0.31573465,-0.22048965,-1.0151483,-0.27738258,0.32891163,-0.2099352,0.09572151,-0.114064544,-0.21388364,-0.038711965,-0.06535356,-0.13477989,-0.43696007,-0.23274636,-0.17957968,-0.27322197,0.2855141,0.09456478
172,negative,-0.04330789,0.1650799,0.54429346,-0.028726494,-0.17593288,0.2337649,-0.26186946,0.03116018,0.092862576,0.035640318,0.057606053,0.24841823,0.03745786,0.014385567,-0.03663084,2.2211743e-05,-0.061278768,0.13385828,-0.27594557,0.15962644,0.2829477,-0.14417294,0.19543278,-0.21411306,-0.1614459,0.1597531,-0.2103308,-0.47219026,0.3886425,-0.04728129,0.17205966,0.43073565,0.0034063905,-0.18203449,-0.124753565,0.09588961,-0.08014671,-0.054064725,-0.0151912235,-0.06552946,-0.52170926,0.005446975,0.008333523,-0.3523914,-0.29279238,-0.5261675,0.3034313,-0.2857049,-0.19457588,-0.7943464,0.19617476,-0.009086363,0.25035605,0.8167498,-0.14148822,-1.5789193,0.19438934,-0.08646614,1.2153186,0.22774272,-0.27500236,0.27372906,-0.19745316,-0.11721706,0.6366103,0.22302113,0.27382675,0.25705686,-0.24061751,-0.1687915,0.051565796,-0.13066609,-0.20637977,-0.21657804,-0.054172456,0.11568433,-0.15376252,0.12088759,-0.60390884,-0.23392776,0.08089302,-0.04233115,-0.25248978,-0.049558513,-1.1013929,-0.2648533,-0.11960858,0.07765325,-0.11259804,-0.37556773,-0.098534964,-0.010826628,-0.13418381,0.062231544,-0.28323072,-0.06820221,0.13586168,-0.13140576,0.1891495,0.08440771
173,negative,-0.24801451,-0.037269406,0.14840502,0.066299945,-0.00014322785,0.24249142,-0.13872175,0.32833448,0.117548585,0.31972626,-0.251104,-0.052829333,0.45921645,0.31174102,0.058416806,-0.27011895,-0.040642485,-0.44335407,-0.71133065,0.29884234,0.56292653,0.0990286,0.12665573,0.16977541,-0.48211998,-0.06769584,0.027493672,-0.25836545,-0.07959066,0.036769215,-0.021982428,-0.0762281,-0.011986667,0.051423624,-0.20674385,-0.2707484,-0.101569876,0.22968303,0.09705495,0.1647801,-0.2891173,-0.1585378,0.091829136,-0.21088527,0.4787385,-0.14543593,0.03572029,-0.13749641,-0.121047236,-0.4152614,-0.16101539,0.03669698,0.031201143,0.7567226,-0.33902764,-1.4703203,-0.15077503,-0.308286,1.4483594,0.39984185,-0.05378433,0.4396146,0.17432238,-0.0053619356,0.2514658,0.074018665,-0.041675776,0.03975002,0.062867664,0.058343545,-0.1376527,-0.46649894,-0.048579797,-0.19229926,0.28855434,0.0032567135,0.008498946,0.26459703,-0.7432869,0.08796306,0.3770117,0.2955254,-0.48004285,-0.22385497,-0.7299667,0.001409293,-0.11937579,0.17463219,0.039468903,0.25429636,0.6721476,-0.25599778,-0.15659893,0.2821968,-0.6077488,0.5341935,0.32922277,0.114474475,0.4767998,0.026055481
174,neutral,-0.27113077,-0.17677948,0.26994064,0.062257387,-0.10872726,-0.14973506,-0.4709849,-0.224521,0.069226466,0.22941501,-0.2603491,0.067922816,0.24845134,0.065890916,-0.13234241,-0.03596013,-0.14155564,-0.115523025,-0.6151146,-0.042715207,0.13582289,-0.26536736,-0.015838867,-0.23751909,-0.1223745,0.21655132,-0.13477087,-0.16619836,-0.0059397733,-0.07761957,-0.12820652,0.24672025,-0.2572735,-0.17608315,0.07590544,-0.068619125,0.17125407,0.061961014,-0.2245036,-0.009096462,-0.5685988,-0.110789135,0.32169336,-0.17528775,0.17981212,-0.26680824,0.24098784,-0.13698705,-0.4360709,-0.60085714,0.17079616,0.074936114,-0.13685253,1.0508661,0.17609698,-1.6474569,0.32216898,-0.25742656,1.1490004,0.24712767,-0.23389533,0.19811359,-0.1262564,-0.10562157,0.40464905,0.12001,-0.08708569,0.21135238,0.012060708,-0.19097133,0.27764034,-0.38575938,-0.010255121,-0.4862688,0.096662566,0.17531309,-0.21127376,0.36635116,-0.74143565,0.26768434,0.5620743,0.14796022,-0.08047971,0.079085276,-0.8930099,0.009888358,0.011854647,0.38887838,0.06437525,-0.5916697,-0.05592192,-0.1284554,-0.25277862,0.15839636,-0.29392976,0.22640507,0.19527228,-0.2848794,0.4432537,0.29830265
175,neutral,-0.16455351,0.1374111,0.18693237,0.047257427,-0.1565978,-0.08107851,-0.20177555,0.14649792,0.11727434,0.041944023,-0.105133474,0.040617958,0.20135392,0.04977833,0.04336527,-0.13751592,0.055269774,-0.10029115,-0.36469048,-0.00013411607,0.21238795,-0.10824185,-0.08000242,0.031213999,-0.054967042,0.3336839,-0.21512732,-0.207124,0.32013693,0.06383425,-0.031389356,0.18119861,-0.21118282,0.13685572,-0.14391667,0.11016674,0.1718518,0.02151212,-0.17814922,-0.122920975,-0.46246845,-0.097117625,0.21381396,-0.1584082,0.08685601,-0.077787414,-0.00901033,-0.10071853,-0.0030433168,-0.5998433,0.04838577,0.01361998,0.16830239,0.87103087,-0.08283607,-1.4770436,0.08240144,-0.18898633,1.2426375,0.17254984,-0.08091203,0.3481064,-0.27203494,-0.36834195,0.55515367,0.043002542,0.22999267,0.13879906,-0.085145034,-0.19215189,0.051873446,-0.35992485,-0.17208533,-0.47831127,0.15354113,0.2898611,-0.13908298,0.08312888,-0.5341688,0.01589752,0.57711756,-0.02823032,-0.17240322,0.19106582,-0.81902045,-0.26982957,0.06119717,0.22450599,0.0089763515,-0.21710356,0.0829199,-0.024491044,-0.108334504,0.20578776,-0.5152429,0.11710232,0.06356655,-0.27471644,0.4533442,0.11781591
176,neutral,-0.119884275,0.28121376,0.36673915,-0.46502838,0.1500576,-0.12472741,0.121628776,-0.07352545,-0.3833533,-0.24374369,0.29107392,0.038822103,-0.17191072,0.0705197,-0.132336,-0.2200302,0.08446863,0.07674224,-0.49867612,0.21664327,0.2552442,0.0794513,0.33344978,0.37783748,0.07981818,0.2089157,-0.13807936,-0.51545,0.33555573,-0.016205592,-0.26827413,0.16115195,0.05902863,0.074707136,0.118446134,0.20838971,-0.037324,0.29141176,-0.25647342,0.045824308,-0.19958879,-0.0787233,0.15376441,0.28257975,-0.082831524,-0.020882072,-0.17612931,-0.3138545,0.2970365,-0.2385356,0.04108245,-0.10907518,-0.10966436,0.2340837,-0.18297982,-1.9449383,-0.21142961,0.032234274,0.53561485,0.53730327,0.11535201,0.7510232,-0.15868632,0.19281076,0.2578179,-0.1459004,0.43849158,0.55132836,-0.07404944,0.13523152,0.020719405,0.015852548,-0.23507714,-0.2371831,0.15095225,-0.07834215,0.02789533,-0.17290264,-0.26850033,-0.109694436,0.38825917,0.11706125,-0.32924363,-0.001349233,-0.72659695,-0.17581862,-0.18748645,-0.092620164,-0.01778752,-0.35133147,-0.11437467,0.15665545,0.11335304,0.25995106,-0.33185768,0.009246333,-0.12633863,-0.2557795,0.091229714,0.08838165
177,neutral,-0.24707851,0.03940026,0.35501692,-0.05246367,-0.14386493,-0.08986689,-0.14814535,-0.0759146,-0.12414757,0.38094968,0.2115339,-0.186155,0.09171216,-0.0027144318,-0.0809934,-0.17794083,0.35445404,-0.16462542,-0.33771712,-0.017143058,0.30565804,-0.0854234,0.056963705,-0.119967446,-0.05736372,0.11869209,-0.29792002,-0.25257438,0.12312426,-0.016841594,-0.2829017,0.2990676,-0.17982675,-0.059631895,0.070820905,0.27619156,-0.3333917,0.055829927,0.2368871,0.03510149,-0.44606116,-0.083453536,0.25167635,0.13760346,0.20601848,-0.09573686,0.14448066,-0.18831842,0.056204338,-0.53916746,0.33042678,-0.122568585,0.12778658,1.0469354,0.028625274,-1.6403186,0.091191456,-0.22729436,1.3860309,0.49935696,-0.17702436,0.37226263,0.18324532,-0.062348984,0.45173115,-0.14034793,0.071055144,0.26531574,-0.04104109,0.5361538,0.16656592,-0.36940205,-0.11107887,-0.29936513,-0.019395156,0.0196591,-0.10839026,0.14313251,-0.85821253,0.2612765,0.53932923,-0.21130456,-0.096759036,0.109597266,-0.878873,-0.12053782,0.06473845,0.10805907,-0.061958086,-0.3389268,0.09735135,0.0050195134,-0.07573192,0.08837847,-0.42225528,0.09228889,-0.08199215,-0.13301523,0.22434314,0.19556488
178,neutral,-0.19002731,-0.11286582,0.27047923,-0.0012450739,0.09630073,-0.11770333,-0.17851526,-0.1761284,0.12917955,0.22963367,0.14577185,0.002908568,0.38257706,0.06985728,-0.13579659,-0.1249034,0.028859684,-0.252266,-0.4966324,0.10778693,0.2879568,-0.22210622,0.24209498,-0.120353475,-0.1471778,-0.084866785,-0.017923903,-0.2595887,0.2190916,0.0615664,0.25413388,0.14434652,-0.18183465,-0.108134106,0.04687848,0.113054015,0.1743075,-0.039439876,-0.075433984,-0.068915755,-0.39804935,-0.05266295,0.3869599,-0.079574175,0.24782677,-0.32271287,0.089783296,-0.03853671,-0.16280209,-0.5270543,0.20919645,0.02890655,0.15183346,1.0271053,0.14175849,-1.6332909,-0.06276119,-0.21962695,1.3630216,0.4027839,-0.17938805,0.16112737,-0.06693594,-0.06181478,0.516269,0.086504884,0.073708415,0.30846396,-0.026668424,0.10924792,0.25636604,-0.4347711,-0.15794678,-0.41327274,0.087383814,-0.16172177,-0.22042198,0.15223938,-0.76326036,0.13340415,0.5533401,-0.083036676,-0.32336202,0.05676697,-0.85946417,0.024740854,0.22551283,0.15542164,0.011934871,-0.17794892,0.22650225,-0.10497683,-0.12903734,0.28113022,-0.35661894,0.09906507,0.04665178,-0.26467144,0.30795953,0.20036948
179,neutral,-0.07787125,0.1872607,0.11471223,-0.09642803,9.464473e-05,0.122377716,0.21727642,0.2629557,0.08431228,0.028167887,0.20704924,-0.020532392,-0.056160223,0.046456795,0.19241007,-0.24686413,0.18667637,-0.06683573,-0.16921797,-0.03720155,0.27747554,0.11289595,0.070158355,-0.15496217,0.00983932,-0.12545282,-0.018254887,-0.14576192,-0.09146782,-0.10025047,0.065928936,0.4284768,0.039381623,0.13930085,0.034730658,0.26122692,-0.14048326,0.020869011,-0.28979567,-0.41653368,-0.038602132,-0.13319942,-0.08655928,-0.038403105,-0.106470585,-0.17471486,0.081135914,-0.33008155,0.026650809,-0.49357906,-0.09649635,0.08661059,0.122069724,0.54330933,0.034146644,-1.496094,-0.24761726,0.052907716,1.0299882,0.31801826,-0.18230408,0.4432173,-0.050772116,0.0012925111,0.38754898,0.06666879,0.009378065,0.11923912,-0.11240168,0.06516539,0.008264118,-0.25487566,-0.17625421,-0.1530367,0.19441515,0.12887898,-0.21195388,0.038674954,-0.3866691,-0.018248625,0.11413701,-0.36180136,-0.13347325,-0.040850695,-0.7793305,0.25598082,-0.16864282,-0.10705566,0.06136721,-0.18375936,-0.06681515,0.027322503,0.15034817,0.018646253,-0.21280184,-0.20060328,-0.3523268,-0.19455181,0.6307,0.08555266
180,neutral,-0.44525298,-0.015205009,0.042883955,-0.4111172,0.09668186,-0.013646775,0.14192088,0.3013936,0.020780401,0.060612425,0.30796853,-0.13941923,-0.117883176,-0.05789039,0.19313695,-0.28799838,0.15174024,-0.026950698,-0.06263012,-0.0888965,-0.050921123,-0.06756616,-0.035535194,0.019965203,-0.07401537,-0.16459803,-0.0057101147,-0.15053132,-0.17345583,0.03023341,-0.10766923,0.33488253,-0.02999985,0.21904118,0.09686885,0.30169147,-0.057034854,0.1297419,0.0128115285,-0.25836435,-0.09123943,-0.22863159,0.103349596,-0.14104326,-0.22879641,0.06026811,-0.17619026,-0.13659468,0.17075165,-0.3807536,-0.045508604,0.1568655,0.16871715,0.5119168,-0.11394917,-1.4357758,-0.37128985,-0.10963286,1.07344,0.3011102,0.12547544,0.23289835,-0.0021982125,0.10506991,0.26297987,0.086001985,0.07894573,0.22145846,0.18697567,0.065912925,0.109959595,-0.133039,-0.084337555,-0.4194402,0.16213092,0.33773714,0.003945603,0.034223307,-0.5480572,-0.029342813,0.26101333,-0.22279836,-0.1017312,-0.13001208,-0.8403097,0.15858068,-0.030990824,-0.0014936791,0.053244404,0.28992388,0.03576928,0.15783507,0.11668577,0.05920044,-0.085788704,-0.10749908,-0.0903198,0.0021394205,0.47741592,-0.08644862
182,neutral,-0.23210596,0.16318226,0.26554897,0.0039728973,-0.08800872,-0.3607915,-0.15640205,0.2669003,-0.021622734,0.35052106,-0.019099146,-0.2537322,0.23041289,-0.029607145,0.12002259,-0.50360274,-0.017323595,-0.1247518,0.24845085,-0.31435633,0.4119682,-0.35571742,0.23226716,-0.09327739,0.12528723,0.29485893,-0.24057534,0.07866239,-0.14160524,0.058082107,-0.10697159,-0.054390416,-0.19849004,0.09680943,-0.15865657,0.16671762,0.17496863,-0.0352633,-0.026048368,0.06282736,-0.33830565,-0.23975004,-0.074646086,-0.4052922,0.6698996,-0.07357077,0.22088118,0.2946855,0.10749648,-0.4345711,0.23231734,0.09133299,0.2867675,0.74863917,-0.048149753,-1.3313152,-0.015949288,-0.113898605,1.0307527,0.091554955,-0.47685447,0.8032938,-0.2556784,0.062392958,0.044668615,0.34348676,0.075101525,0.026307166,-0.28759682,-0.08320249,0.4148246,-0.5302985,0.21798363,-0.5197459,0.040496405,0.03073346,0.23596896,0.044724423,-0.54917777,-0.034760807,0.57167804,-0.050102104,-0.39941317,0.12733129,-0.67706007,0.08254006,0.08014402,0.08087668,0.24223697,-0.10949586,0.1490262,0.16354614,-0.31173724,-0.058093797,-0.5518491,0.61791784,0.13455036,-0.03151141,0.23263654,-0.03043376
183,negative,-0.3850897,0.06963598,0.5084467,-0.12121837,-0.3781329,-0.52108496,0.17416039,-0.16820084,-0.13121095,0.8518647,0.3073912,-0.38290492,-0.067232355,-0.048295822,0.33800274,-0.2938101,0.18256624,0.0456306,0.0020558357,-0.111696415,0.377384,0.023682717,0.040574685,-0.14285488,0.18456835,0.22762004,-0.4679297,0.3826995,0.20924927,0.053199846,-0.1708395,0.38518327,0.08453243,0.23631576,0.29321674,-0.017637627,0.2415923,-0.25359082,0.14537068,0.0822405,-0.2532061,-0.13581207,-0.040651407,0.1661623,0.56419146,-0.03253497,0.28741267,-0.24089427,-0.035823505,-0.447047,0.19277531,0.38273087,-0.12638316,0.59285265,0.0312967,-1.1229881,0.34060964,-0.15361936,1.4482021,0.5532129,0.13599564,0.6521584,0.2793548,0.38759798,0.018507378,0.23386717,0.015128903,0.16843021,-0.26184636,0.45948598,0.300668,-0.5289982,0.18726766,-0.41887343,0.018579766,-0.023547642,0.35215226,0.46289438,-0.39076483,0.13935485,0.58377343,-0.23552948,-0.29944724,0.02791644,-0.5744479,0.21124518,0.53079516,0.16232686,0.09142461,-0.08639961,-0.09303316,0.27025396,-0.28622302,0.025010059,0.09182239,0.4632314,-0.044816654,-0.08285227,0.1052855,-0.03787049
184,negative,0.018089883,0.3026186,-0.3298913,0.13118346,-0.048658404,0.52480114,-0.43040386,-0.38616064,0.38869655,0.4412181,-0.07408916,0.29530936,0.3776349,0.054164357,-0.023585102,0.23265539,-0.028667029,-0.53200954,-0.605934,-0.09365065,0.7227509,-0.3104901,0.76996875,0.025945548,-0.15513948,-0.44390234,-0.1867337,-0.052077994,0.57469004,-0.3214787,0.32062507,0.30588594,0.26148298,-0.0067338,-0.2531838,-0.2432212,0.27940854,0.14627334,-0.102011345,-0.37226903,-0.8115688,0.03164851,0.52652454,-0.25320458,0.32423845,-0.42056346,0.61232084,-0.37212586,0.021232544,-0.36979064,-0.41454703,-0.35455596,0.4244799,1.5606996,-0.30031598,-1.427834,0.08916469,-0.25221342,1.7283468,0.38288346,-0.12851787,0.504845,-0.36635357,-0.35442606,0.8753574,0.32319278,-0.06347226,-0.22661164,0.30108505,0.16917387,0.3452784,-0.53340346,-1.0887638,-0.4147136,-0.14348738,0.32684398,0.03324606,0.77350056,-1.5882583,0.12617196,0.88954544,0.17005453,-0.283106,0.32922235,-0.9804699,0.37973514,0.08875406,0.08710932,0.14021558,-0.40164554,0.5460094,-0.52400506,-0.6231838,0.41887677,-0.9110374,-0.12695812,0.014578497,-0.044095833,-0.12796363,-0.2549897
185,negative,-0.08102507,0.34628156,0.20209236,-0.19642335,-0.20017555,0.082220696,-0.028386956,0.02817981,0.006905995,0.19937441,0.14893457,-0.065595366,0.30564216,0.032326274,-0.0548388,-0.042014748,0.045579,-0.11394914,-0.422701,0.15866634,0.41037437,-0.03867915,0.055059437,-0.033714652,0.004122738,0.09933261,-0.23226367,-0.22564504,0.37520024,-0.03643535,-0.07304384,0.17265737,-0.046397757,-0.04578327,0.08999004,0.02835258,-0.12742236,0.0795361,0.08885142,-0.10829948,-0.23285113,0.045799702,0.0808151,-0.29493424,0.018476939,-0.06435408,0.10203883,-0.10198184,-0.0864701,-0.5698357,0.015512474,-0.059473448,0.093342006,0.8925191,-0.07829713,-1.7356831,0.09074285,-0.109216355,1.1611935,0.36415857,0.038402893,0.6754745,-0.15812886,-0.045152303,0.6090655,0.17041886,0.2218301,0.13279313,-0.11500127,0.02933287,0.18742606,-0.32747942,-0.23383261,-0.20107797,0.15799595,0.16963366,0.01924417,-0.013479529,-0.6216173,0.0452348,0.6151837,-0.04445227,-0.24018349,0.16464734,-1.0476102,-0.17826648,-0.038594473,-0.111035354,-0.026876748,-0.22712317,-0.04015907,-0.08218539,0.0032949022,0.05602761,-0.54255146,-0.09212702,0.012582676,-0.0445392,0.32426327,0.05946492
186,negative,0.17511229,0.17449005,0.2225864,-0.59917736,0.032586295,0.24375816,-0.12568212,-0.026915038,-0.026018303,0.12991808,-0.04746785,0.041206818,-0.136273,0.31754923,0.076232605,-0.25208804,0.231247,-0.15014443,-0.56990016,0.054503355,0.18612848,-0.08398211,0.06515177,0.10086387,0.14664462,0.12748384,-0.05948407,-0.7023938,0.053114146,0.2393167,-0.008628742,-0.12386772,-0.0031306879,0.06530364,0.037984278,0.37452728,-0.2906899,-0.18364465,0.42136943,-0.09354155,-0.1999574,0.09991887,0.1542305,-0.06612716,0.017509878,0.035223737,-0.17947474,-0.29376277,0.015308756,-0.19196473,0.03571335,-0.43369776,0.2125274,0.7440498,0.0024343773,-1.2329429,0.2482294,-0.03489359,0.52330905,0.34688115,-0.017340641,0.26499417,-0.3664799,-0.42680985,0.40911502,-0.067691855,0.44000456,0.3877147,0.058155317,0.2563663,0.12072561,-0.19913739,-0.23272395,-0.029542858,0.019587185,0.1252985,0.10171294,-0.11374806,-0.25332794,0.38110378,0.3415339,-0.017437045,-0.007645935,0.01220967,-0.8526098,0.123892054,-0.27938685,-0.09397191,-0.056723554,-0.050193712,0.14075716,-0.28681287,-0.013419544,-0.05623705,0.10768884,-0.07839128,0.034640055,-0.081623554,0.11260853,-0.41617835
187,negative,0.17511229,0.17449005,0.2225864,-0.59917736,0.032586295,0.24375816,-0.12568212,-0.026915038,-0.026018303,0.12991808,-0.04746785,0.041206818,-0.136273,0.31754923,0.076232605,-0.25208804,0.231247,-0.15014443,-0.56990016,0.054503355,0.18612848,-0.08398211,0.06515177,0.10086387,0.14664462,0.12748384,-0.05948407,-0.7023938,0.053114146,0.2393167,-0.008628742,-0.12386772,-0.0031306879,0.06530364,0.037984278,0.37452728,-0.2906899,-0.18364465,0.42136943,-0.09354155,-0.1999574,0.09991887,0.1542305,-0.06612716,0.017509878,0.035223737,-0.17947474,-0.29376277,0.015308756,-0.19196473,0.03571335,-0.43369776,0.2125274,0.7440498,0.0024343773,-1.2329429,0.2482294,-0.03489359,0.52330905,0.34688115,-0.017340641,0.26499417,-0.3664799,-0.42680985,0.40911502,-0.067691855,0.44000456,0.3877147,0.058155317,0.2563663,0.12072561,-0.19913739,-0.23272395,-0.029542858,0.019587185,0.1252985,0.10171294,-0.11374806,-0.25332794,0.38110378,0.3415339,-0.017437045,-0.007645935,0.01220967,-0.8526098,0.123892054,-0.27938685,-0.09397191,-0.056723554,-0.050193712,0.14075716,-0.28681287,-0.013419544,-0.05623705,0.10768884,-0.07839128,0.034640055,-0.081623554,0.11260853,-0.41617835
188,neutral,-0.29782844,-0.06442854,0.210651,0.22620733,0.085002154,-0.18298458,0.024126548,0.07425567,0.06449026,0.19810325,-0.13654533,0.124184564,0.7627935,0.085942306,0.05082713,0.07078775,-0.38021988,-0.08854525,-0.59826875,-0.3065124,0.24914654,-0.4102292,0.2694777,-0.16124934,0.0953558,0.063831024,-0.4411036,-0.23463207,-0.05350906,-0.33125517,0.07598226,0.10146663,0.11519249,-0.14642295,-0.04827411,0.015347873,0.31111696,-0.31087062,-0.29304084,-0.104305014,-0.40520075,0.30404484,0.6285807,-0.097420454,-0.21442011,-0.48805782,-0.10731287,-0.10476079,-0.34386167,-0.44697434,0.39926648,0.14909863,-0.03630434,0.83496046,-0.22520624,-1.7482868,0.3322748,-0.35128015,1.4041307,0.434133,-0.18385898,-0.09113152,-0.78339016,-0.50866306,0.7250928,0.26434425,-0.2717946,0.27720082,-0.022154378,-0.61781406,0.40441227,-0.5117826,-0.3443448,-0.63700694,0.022895388,-0.26129353,-0.34345025,0.15281598,-0.8967126,-0.15008484,0.39653265,-0.2931438,0.013862409,-0.019211272,-0.6132399,0.23544824,0.37012497,0.19296493,-0.18399894,-0.31550756,-0.30073836,0.028764462,-0.5358229,-0.030542854,-0.63895893,0.33298331,0.020660711,0.18833941,0.5434154,0.37715176
189,negative,-0.22832148,-0.13863945,0.15790461,0.103543475,-0.06322873,-0.29654273,0.10579474,-0.029017827,0.05088611,0.68146473,0.052773066,-0.14590493,0.20524786,0.12184168,0.108143106,0.02648618,-0.15273465,-0.2922518,-0.47423723,-0.058839288,0.39877495,-0.2172586,0.1396968,0.023643013,0.1755605,0.1818919,-0.38045764,0.15386966,0.33721745,0.08542018,-0.16110344,0.11596317,-0.17813006,0.2934354,0.065894894,-0.09092924,0.20365587,-0.19406086,-0.03517129,0.059372198,-0.62243164,0.07444053,0.15993404,0.18179649,0.333554,-0.32528576,0.2924075,0.013162227,-0.09345323,-0.36083582,0.23674752,0.41932613,0.29151618,0.916161,-0.22964056,-1.65271,-0.17798302,-0.07406639,1.1605018,0.3321405,-0.102910526,0.53317106,0.16725151,-0.17830224,0.31100613,0.2566633,-0.04788683,0.2807532,-0.28292117,0.010555218,0.16649021,-0.5293216,-0.17535108,-0.3587304,-0.17458302,-0.048917178,0.2171709,0.17216107,-0.77680796,0.0818987,0.87205714,0.017501384,-0.21339637,0.09351362,-0.57330006,0.053588033,0.33741757,0.24351084,0.11535821,-0.18718319,-0.08391986,0.445741,-0.19924448,0.051282857,-0.5324869,0.2615486,-0.11859947,0.12721431,0.38972527,-0.03496584
190,neutral,-0.18234295,0.04395509,0.14672402,-0.1922686,-0.14561954,-0.071005486,-0.10951343,-0.050240513,0.11857807,0.022743613,0.03803399,0.043409813,0.14220737,0.0018304279,0.076999195,-0.011155971,-0.13984393,-0.07637481,-0.34984395,0.17882031,0.21155831,-0.11026386,-0.022113904,-0.2864807,-0.08897901,0.10160727,-0.093478866,-0.098070905,0.09942699,-0.07938471,-0.06555912,0.18031235,0.024404878,0.047004808,-0.1170342,0.22775888,0.011692119,0.06418982,0.01929984,-0.11534411,-0.38929677,0.06650119,0.17946357,-0.10304134,-0.08864661,-0.27827024,0.1401178,-0.051019274,-0.10934491,-0.5643902,0.019913133,0.06964012,0.22998273,0.61865556,-0.24367769,-1.4333616,0.12753949,-0.038244043,0.76562834,0.25758293,-0.15243962,0.4076007,-0.17829892,-0.30583563,0.40863973,-0.026286587,0.25955576,0.32866257,-0.2142467,-0.103152975,0.1381516,-0.26100862,-0.1576842,-0.53895605,0.05605754,0.17354327,0.019152276,-0.07288089,-0.5899807,-0.030651778,0.38190493,-0.25647485,-0.23446481,-0.14335153,-0.9163551,-0.17718734,0.06726896,0.046965815,-0.031231755,-0.27055955,-0.06705146,0.040001567,-0.10472228,0.009733728,-0.28969353,0.022860803,-0.17201604,-0.2945924,0.1057622,0.17213042
191,negative,0.16629799,0.13025272,0.17276144,-0.21014196,-0.06972839,0.22648118,-0.024154767,0.037373494,0.060534973,0.3967402,0.14540438,0.10653992,0.24669395,0.33185688,-0.21088646,0.067492165,0.16521376,-0.022691332,-0.7496355,0.35102183,0.1875311,-0.18772687,0.19258185,-0.11810682,-0.09643974,-0.0741376,-0.17782672,-0.42518124,-0.027360234,0.09153242,-0.060179967,0.20178466,-0.02977027,0.19385363,-0.084329434,-0.115569495,0.001860263,0.08611778,0.29266292,0.10539106,-0.6853917,-0.00087062235,0.24716187,-0.2331595,0.09488426,-0.105668835,0.072360896,0.022605632,-0.1019173,-0.4675561,0.15614401,-0.19607322,0.03511688,1.0094415,-0.21771526,-1.848602,-0.2853531,-0.20244758,1.449358,0.37323734,-0.14455295,0.5169293,0.10392843,-0.10565,0.59034115,-0.08791032,0.19406173,0.34676966,-0.10005293,0.39381474,0.07162164,-0.35758018,-0.19752699,-0.12676513,-0.10908069,0.19211005,0.22418354,0.0714029,-0.81323093,-0.11543192,0.49975497,0.26387465,-0.24798158,-0.1691753,-1.0606146,-0.34367594,0.06694079,0.050520353,-0.05318201,-0.29853845,0.02456351,-0.19749776,-0.10791009,0.12764223,-0.28490114,0.08663632,-0.22994861,-0.13479677,0.3049866,-0.041341133
192,neutral,-0.090961315,0.27549657,0.5205322,0.07757201,0.083439946,-0.27467707,0.11874524,0.23962992,-0.11895956,0.31904405,0.15544471,-0.110671304,0.3472876,0.022045847,0.05573646,0.1039565,-0.010790078,-0.14533797,-0.45606196,0.022422256,0.37027583,-0.0874171,0.24268039,0.21604702,0.3423336,-0.14006974,-0.15977839,-0.12067653,0.083848275,-0.029630924,-0.10127034,-0.0195837,-0.030657034,0.026426287,-0.15335143,0.00915848,-0.14036517,-0.032400697,-0.33189404,0.044235613,-0.6068699,0.06506425,0.35649738,0.05259301,0.2220767,-0.17151216,0.45608893,-0.31953526,0.07679608,-0.5771945,0.1114106,0.02403453,0.123101726,0.96420324,-0.15544349,-2.1285954,-0.22309768,-0.29949352,1.3768537,0.54651326,-0.39371994,0.61642194,0.015032184,-0.30437243,0.81455374,0.03961783,0.0031603433,0.27975205,-0.036930017,-0.11002111,0.03748855,-0.17844385,-0.39176854,-0.3393366,0.080993846,-0.06308693,0.065954074,0.07962079,-0.93924135,0.028173821,0.609586,0.10538549,-0.37758553,0.24249072,-0.8862006,0.1207701,0.10928198,-0.21290855,0.18053149,-0.19751371,-0.13751668,0.15296112,-0.19722374,0.3037275,-0.6527577,0.05903832,0.18904103,0.035415597,0.41122168,0.06366079
193,neutral,-0.17119418,0.25895268,0.28870672,-0.29236108,-0.12674522,0.31568715,-0.100996,0.10517884,-0.051558156,-0.12876827,-0.08321289,-0.017689154,0.32098654,0.08109276,0.041841168,-0.2529766,0.14302997,-0.01811298,-0.069208406,0.20069584,0.17913556,-0.068730496,-0.022477336,-0.1313857,0.3480911,0.06671957,-0.1504323,-0.32471797,0.19651073,0.019118078,0.0487618,0.3235004,0.07713558,-0.023636086,0.23310214,0.19056961,-0.18210183,0.25954917,0.16098562,-0.091570385,-0.2052877,-0.089830026,0.17008138,-0.3585272,-0.11145189,-0.027093345,0.01726924,-0.004402948,-0.077628575,-0.50077224,-0.11742147,-0.19857745,0.124395326,0.75106454,-0.13820091,-1.7896056,-0.18300675,-0.011598861,1.0533682,0.39169976,-0.14046909,0.5569815,-0.15761898,0.12523848,0.62342453,-0.03981467,0.31737202,0.17668422,0.083242565,-0.0689313,-0.03630539,-0.24913633,-0.054930504,-0.25473034,0.12095576,0.22678621,-0.15084586,-0.18162024,-0.36076176,-0.1321384,0.22331165,-0.15550558,-0.2002638,-0.06967336,-0.99396604,-0.24053022,0.055156052,-0.0041915504,0.1322168,-0.19130144,-0.056247033,-0.1985455,0.079489656,0.06165816,-0.52663356,-0.08191408,-0.33158767,-0.21317638,0.3025766,0.0045559835
194,neutral,0.043161463,0.061301064,0.046204325,-0.43804964,-0.04425437,0.017350076,-0.16529082,0.08199381,-0.39713433,-0.2446183,0.11517307,-0.03264102,-0.09365371,0.11411201,0.09606468,-0.12187317,0.20719083,-0.018280493,-0.4690655,0.3278647,0.038114216,0.14413741,0.1666015,-0.083989955,0.33186454,0.0024275945,0.112659745,-0.43612802,0.10017189,0.30634758,0.12581177,0.45704627,0.092914395,0.25698048,-0.31182295,0.12774144,-0.19627616,0.22618827,-0.15549713,-0.31215838,-0.0007036822,0.10170978,0.14456755,0.053790558,0.013705918,-0.124872304,-0.03984486,-0.28913635,-0.04075425,-0.3814698,0.16187346,-0.21142614,0.3707147,0.55452794,-0.05025384,-1.1995611,-0.14712024,0.24170095,0.15624878,0.2902036,-0.0042735306,0.38201818,0.24574162,-0.1243072,0.3326412,0.05169718,0.40260577,0.50060916,-0.15935498,0.17672516,-0.039601933,-0.05716626,-0.050895285,-0.14089698,-0.115947016,0.077151,-0.017724978,-0.039400294,-0.03858417,-0.23402506,0.2904315,-0.06312464,-0.1541978,-0.09496537,-0.37211576,0.019317925,-0.074481614,-0.14412516,0.17331064,-0.12615582,0.3469368,0.0672855,-0.12513255,0.109475456,-0.08743054,-0.04266778,0.10217526,-0.1863775,0.057492524,-0.01523893
195,negative,-0.009028523,0.17528853,0.31013176,-0.0684925,0.014862792,0.13205916,-0.12331714,-0.012582585,0.07178883,0.139604,-0.012573801,0.066935815,0.13954091,-0.10567909,0.010174161,-0.14302652,-0.048609298,-0.03897906,-0.3486061,0.1202815,0.2768636,-0.052142188,0.09321167,-0.057761732,0.013578018,-0.026277324,-0.19952105,-0.2595424,0.2590456,-0.060323294,0.12687102,0.37093592,-0.073233515,-0.04454433,0.01478215,0.19720222,0.030977456,-0.061556447,-0.008886656,-0.15912168,-0.45409516,-0.0979062,0.22670929,-0.26733068,-0.09130266,-0.13400742,0.0931269,-0.12262499,-0.12511425,-0.5231468,0.13166142,0.021317963,0.1934394,0.8111115,-0.14239408,-1.567131,0.08722465,-0.09702311,1.1302786,0.22323638,-0.078895,0.36069068,-0.07576833,-0.1765833,0.48897156,0.04196128,0.25932795,0.24737857,-0.10733642,-0.032285742,0.10116729,-0.2008198,-0.2532209,-0.3183765,-0.021908086,0.021839822,0.04089337,5.008987e-05,-0.6298685,0.11727282,0.47076377,-0.16069224,-0.21577065,-0.09014524,-0.8715214,-0.10897262,-0.007565663,0.22443758,0.053929605,-0.46417508,0.044854995,-0.11853823,-0.16600803,-0.07984431,-0.44879472,-0.038030468,-0.09965581,-0.09056954,0.30199173,0.14345573
196,negative,-0.048021063,0.05875424,0.30714267,-0.36713612,-0.06383548,0.082217015,0.028175207,-0.11952069,0.18641983,0.1305883,0.065816455,0.02433992,0.027900295,-0.06652304,0.10227204,-0.09412123,-0.08545304,0.11089199,-0.18972512,0.13277902,0.31521076,0.05429865,0.059974242,-0.16793862,0.061098512,0.081216805,-0.1673372,-0.05522518,0.18895818,-0.063034415,-0.014759033,0.4963119,0.12803616,0.085528195,0.09671721,0.049592864,-0.25691375,-0.042746454,0.098875746,-0.15630263,-0.051788826,0.0022150571,-0.036798958,-0.2599319,-0.19430415,-0.29122633,-0.00711917,-0.2016729,-0.047026556,-0.67475635,0.0647573,0.28890193,-0.009436443,0.5944497,-0.23668747,-1.4901756,0.013799581,0.06598848,0.94647515,0.28475192,0.03885798,0.45433924,-0.050209474,0.13777465,0.48941568,-0.13645117,0.49761978,-0.07208051,-0.17830926,-0.16151664,0.065271065,-0.24412455,0.16705395,-0.04172686,0.04643277,0.05448911,0.0057823653,-0.010379817,-0.010247138,0.16022736,0.27982584,-0.069635965,-0.5568746,-0.09842882,-0.9009181,-0.101889804,0.2003281,-0.23640007,0.0037254426,-0.18732965,-0.07475747,0.100217365,-0.25611827,-0.28029233,0.005647086,-0.24109513,-0.069014326,0.06130611,0.35069293,0.008984597
197,neutral,-0.13551834,-0.012382709,0.42708918,-0.25664073,-0.09088866,0.01475584,-0.13132645,0.28805044,0.17738259,-0.07932616,0.1410062,0.09923503,0.17583668,-0.056736782,0.04949707,-0.1617839,0.026171876,0.17026556,-0.24014749,0.058214378,0.121990725,-0.16845995,0.122935295,0.029205503,0.094133504,0.079276055,0.042241354,-0.12222845,0.19558053,-0.014857487,-0.16345887,0.12920357,-0.034905232,0.26835963,-0.03193186,0.19859229,-0.10163728,0.004890417,0.04785443,-0.18309051,-0.23214027,-0.13202003,0.05470673,-0.17521073,0.07863232,-0.07375418,0.106919855,-0.1296497,0.024328794,-0.62831324,-0.0382611,-0.053006742,0.019732336,0.7188091,-0.20445728,-1.3881643,-0.18945512,0.03119182,1.010191,0.2588842,-0.25916377,0.42755097,-0.20463984,-0.15275784,0.30775672,0.12617716,-0.13071455,0.13843021,-0.01886238,-0.003762182,-0.06289348,-0.32938543,-0.14655393,-0.13296549,0.09955255,0.019536799,0.15032713,0.06763785,-0.49542102,-0.108828604,0.37796858,-0.23798415,-0.051883917,0.16251378,-0.7825673,-0.05094611,-0.059488203,-0.040526044,-0.09327315,-0.019881202,-0.09875279,0.03340087,-0.10418207,-0.17773691,-0.26814383,0.24176703,0.21704453,-0.056844797,0.3498438,0.056015447
198,neutral,-0.095661916,0.027911372,0.2541085,0.058485977,0.18846692,-0.18883303,-0.10802927,0.035831593,-0.119546294,0.1422144,0.09276001,-0.07272024,0.21258152,-0.07279673,-0.038888056,-0.015943693,0.1995211,-0.06890149,-0.075300775,0.05389156,0.25170794,-0.11343375,0.095623724,0.1609446,-0.06547753,-0.06518539,0.007092322,0.018658737,0.1000291,0.00864924,-0.019551298,0.34055996,-0.21510857,0.10868604,0.045213707,0.07921159,0.015616765,0.10519644,-0.07338611,-0.10028216,-0.21312359,-0.23081955,0.10951886,0.0098140715,-0.00027354798,-0.0805353,0.1308533,-0.15188901,-0.01715922,-0.61180323,0.009831662,0.093375966,0.13258514,0.91991675,-0.14452727,-2.1558077,-0.24676925,-0.22181837,1.5222409,0.44589487,-0.13330482,0.45479268,0.04944609,0.023431214,0.43546975,0.021214383,0.14632839,0.26642457,-0.00071503635,0.03816623,-0.015837654,-0.1280111,-0.113992035,-0.31181052,0.11981943,0.058309488,0.0023904103,-0.101546474,-0.7211275,-0.019814009,0.5311931,-0.06953764,-0.2650541,0.21392831,-0.9307375,-0.28055406,0.19247364,0.07938985,0.18217495,-0.12631056,0.054580715,0.08208906,-0.051784486,-0.07717061,-0.3112395,0.082960635,-0.029447902,-0.19991866,0.43763372,0.1632042
199,negative,-0.023379391,0.33966768,0.24412118,-0.07996499,-0.20453608,0.010480857,-0.15410925,-0.0043396098,0.026095677,-0.0021083471,-0.035732973,0.07747298,0.107676074,0.087985754,0.022584537,-0.06609457,-0.0099918,0.07608345,-0.24169533,0.19046216,0.3284321,0.077107675,0.08557614,0.011142738,0.12629552,0.07866898,-0.21783844,-0.20000297,0.09579538,-0.049238633,-0.04990624,0.16601901,-0.06160894,0.049446564,0.08763127,0.17172004,-0.036541104,0.002925404,-0.011657631,-0.13901153,-0.34311366,-0.038151275,0.031213645,-0.25355098,0.02042638,-0.08347961,0.1890466,-0.12870699,-0.012296618,-0.5709197,-0.0033703628,-0.062188525,0.11292598,0.79038954,-0.07058096,-1.7543305,0.026556525,-0.17428158,1.110427,0.29939434,-0.0047642207,0.522853,-0.13581035,-0.14883482,0.5217875,0.05748833,0.21911243,0.12569094,-0.03359966,-0.0949387,0.04016672,-0.22755267,-0.21960211,-0.22044592,-0.047214914,0.103521876,-0.08219621,0.056091078,-0.5326839,0.08792632,0.55811465,-0.029146286,-0.23600204,0.07083641,-0.9504274,-0.09548028,-0.025074996,-0.032026075,-0.18995684,-0.34820274,-0.087786585,0.012380726,-0.07452767,-0.13178469,-0.33295077,-0.08645527,-0.05407505,-0.050395753,0.4537539,0.054800313
200,neutral,-0.2443911,0.3641296,0.21498533,-0.27493444,0.06268713,0.3708751,-0.11453248,0.32533866,-0.23359288,0.03383011,0.025408074,-0.017134795,0.14741665,0.0828968,0.057859413,-0.21130653,0.32280815,0.35969657,-0.3451697,-0.09040552,0.27037203,0.20894927,0.06595243,-0.30967742,0.2540006,-0.1253796,-0.14258723,-0.17919892,0.08589017,-0.17611717,0.17025696,0.39308307,0.093735844,-0.1524646,0.13800797,0.19580455,0.1815349,0.15186487,0.12131988,-0.0005017929,-0.16326156,-0.4031904,-0.076548606,-0.14426689,-0.12890522,-0.18623698,-0.019224897,0.0149748335,0.09238682,-0.2891043,-0.030833045,-0.10302749,0.100048885,0.89763445,-0.1966844,-2.1829956,-0.030999465,0.10401039,1.4569373,0.30981618,-0.22084643,0.87121624,-0.10505,0.126764,0.54277426,0.045579433,0.36852595,0.122649305,-0.0013116087,-0.26926562,-0.11487557,-0.22604266,-0.13792206,-0.39322284,-0.03504839,-0.23678719,0.09556526,0.046505578,-0.29102132,-0.05173608,0.46813676,0.10444624,-0.48075217,-0.14951053,-1.0836477,-0.09798513,0.17588244,-0.1897249,-0.15029508,-0.11956262,0.059452415,0.071939,-0.059118804,-0.30545118,-0.4410249,-0.23204088,-0.08536777,-0.18833497,0.6176689,0.43732917
201,neutral,-0.13081348,0.0835789,0.38733712,-0.1529909,-0.17860642,0.0036456846,0.009270666,0.110872924,0.23894235,0.031285167,0.27286175,0.14448375,0.24284284,0.06509624,0.23604594,-0.40446272,0.047643546,0.20816419,-0.09920889,0.1344346,0.3910018,0.13056606,0.011728492,-0.16026586,0.018089045,0.06618808,-0.22287393,-0.20861344,0.26313138,-0.1703182,-0.1001325,0.30079833,0.0768517,0.1434143,0.07617478,0.23475337,0.01735167,0.03155452,0.22626583,-0.10257022,-0.28210995,-0.26468453,0.031248802,-0.25419495,-0.023205245,-0.046115924,0.095811956,0.030158522,-0.10250498,-0.5836582,0.012600345,0.22403076,0.092283584,0.8744633,-0.0065151043,-1.7634051,-0.14803968,0.13101119,1.501582,0.17901343,-0.05231915,0.74579054,-0.099924915,-0.018525138,0.6645979,-0.07075498,0.35951334,-0.06766992,-0.092528455,-0.18688542,-0.10059979,-0.3750175,0.13270812,-0.31061217,0.27156985,-0.1905044,0.05140524,0.025710583,-0.48660755,0.23103295,0.2962221,-0.11786647,-0.32596704,0.018411264,-0.8600035,-0.11991847,0.05300846,-0.21494544,-0.0656024,-0.16412918,-0.046642404,-0.12768446,-0.10140001,-0.11896649,-0.42970502,0.120686166,-0.15661295,-0.020964224,0.35097232,-0.029899547
202,neutral,-0.30935016,0.16257387,0.2941936,-0.362879,-0.1261576,0.202793,0.001974753,0.048454706,0.28854677,0.014472541,0.26113105,0.109817944,0.18081988,-0.16298692,0.13396099,0.014018675,0.122306146,0.0066298773,-0.06645929,0.15332313,0.27385134,0.14085475,0.044689547,-0.39074624,0.11198637,0.33178866,-0.1478128,0.0071946243,-0.04829785,-0.013013575,-0.08607195,0.14544499,-0.24296494,0.30640447,0.033133157,0.08618882,-0.022556128,-0.01375535,0.018010655,-0.14050348,-0.4848814,-0.24481161,-0.14688332,-0.27816236,-0.12379608,0.06359751,-0.1262937,0.121009246,0.1911965,-0.5324898,0.2682681,-0.14686163,0.07415289,0.71261334,0.011958806,-1.5010215,-0.18052071,0.14130308,0.9011212,0.51142424,-0.0077924193,0.96933275,-0.22506641,-0.00027220216,0.55973804,-0.08013183,0.47179106,0.21207553,-0.07522945,-0.45591202,0.11016129,-0.1310035,-0.09548067,-0.03567757,-0.160227,0.34658167,0.035791878,0.31626713,-0.4149416,-0.06716169,0.19416384,-0.0581121,-0.066651925,-0.10786888,-0.7983252,-0.133205,-0.11761569,-0.0016796968,-0.32441962,-0.06746556,0.13992098,-0.05219969,-0.14177845,-0.2741495,-0.015126376,-0.09269205,-0.33522937,-0.1771999,0.5686411,0.20224613
203,negative,0.07848916,0.24553166,0.3228748,-0.13517314,-0.03932309,-0.18519437,-0.06714046,0.14702457,-0.012779706,0.42332464,0.108535476,-0.123001285,0.0052551813,0.088093944,0.12946334,0.060476277,0.14073001,0.13874035,-0.124943435,0.008517037,0.20602873,-0.261582,0.06622108,-0.28630129,0.32723433,0.08275982,-0.12338754,0.19325359,0.08156317,-0.0105057405,-0.00050494715,0.18994342,-0.20884134,0.1287236,0.07857591,-0.12128695,0.036828753,-0.16096531,0.04803168,-0.077263184,-0.10705645,0.07412623,-0.12249024,-0.15046015,0.1337612,-0.14912584,0.23144966,-0.076506115,0.0044156695,-0.35995662,0.07004443,-0.012306704,0.06573997,0.7011989,0.036154177,-1.4952493,-0.1066532,0.0072480096,1.0034058,0.2308706,0.051313,0.41457033,-0.05170751,0.16270769,0.6102436,0.018764319,0.14510702,0.065303564,0.1310154,-0.10024788,0.04932754,-0.10455172,0.11128507,-0.032513697,-0.00057571096,-0.040745687,0.22599962,-0.1264595,-0.60938674,0.0980406,0.5482325,0.13600461,-0.34471685,0.06425112,-0.8157698,0.2659601,0.32032076,0.021896183,-0.07072711,-0.20658442,-0.10320315,0.2558654,-0.16086684,0.096491806,-0.2053121,-0.22238679,0.09262296,-0.29523402,0.36178866,-0.052974332
204,negative,-0.01689789,0.2638705,0.2322398,-0.21741025,-0.108110264,0.08777143,-0.106277585,-0.26169097,-0.118684605,0.005102709,0.14948428,0.083720975,0.08692217,-0.071757704,-0.035661977,0.06258844,-0.032692824,0.10784992,-0.26085347,0.34413308,0.1753765,0.047203325,-0.18070787,-0.23919871,0.09508705,0.4847204,-0.1787825,0.01890868,0.012926141,-0.12688364,-0.025651837,0.25529757,-0.1043136,-0.07751688,-0.023290796,0.13589007,-0.1411227,0.22859307,0.081071965,-0.13151273,-0.33797517,-0.02867082,-0.13340041,-0.20519607,-0.050514366,-0.25761563,0.4417949,0.034671534,-0.114589125,-0.24090609,0.1542807,-0.10427763,0.35028192,0.6023348,-0.15677503,-1.5229697,0.36650544,-0.16764064,0.63645035,0.21338902,0.18267535,0.44386774,-0.16572636,0.010238151,0.55262196,-0.155402,0.12548582,0.14488605,-0.07149832,-0.22906001,0.15580614,0.15049665,-0.041217506,-0.18042567,-0.08234889,-0.11162332,0.06911241,0.17978215,-0.5392252,0.1302318,0.19625711,0.27534953,-0.08839684,0.13493189,-0.78901565,0.077516474,-0.18053842,-0.17183998,-0.10741626,-0.3881189,-0.11894699,-0.087205105,-0.1539206,0.08732348,-0.042728078,-0.02961973,-0.20409864,-0.55152506,0.076169014,0.23291618
205,neutral,-0.27609682,0.11407899,0.02588664,-0.2517502,0.21596132,0.0061828443,-0.25483143,0.11134629,0.0066123903,0.03760591,0.21988434,-0.21604149,0.15166806,-0.48519763,0.13871053,0.26835147,-0.1361151,-0.02503058,0.07733078,0.105207816,0.07149805,-0.12086697,0.06219413,-0.08564451,-0.09439437,0.03202034,-0.102647595,0.24045412,0.24040332,-0.17514843,-0.02525144,0.13669606,-0.2555579,0.33004224,0.21422915,-0.043226376,-0.12836123,-0.32423097,0.11228572,-0.20102422,-0.14597322,-0.1192035,-0.24448031,-0.14024238,-0.14291865,-0.3257463,0.10471053,-0.35704353,0.1573069,-0.97777545,0.30851462,0.05348556,-0.019044833,0.8335518,0.13442461,-1.6836283,0.017488074,-0.15948427,1.2913235,-0.1594379,-0.16320424,0.7090873,-0.08263194,-0.19904718,0.5710368,0.3222768,0.23296864,0.16763492,0.119179115,0.09031772,0.22980085,-0.035540357,0.1403781,-0.14398594,0.15378486,0.31505987,0.20685641,0.10463843,-0.4491193,0.0024491535,0.6986425,-0.106862836,-0.19930114,-0.07277689,-0.9908589,-0.17833327,0.16431181,-0.15025446,0.06091372,-0.29645172,0.12523828,0.14206979,0.19585536,-0.5356989,-0.15438426,-0.20647088,0.08807797,-0.27770892,0.44187313,0.09414972
206,negative,-0.06914985,0.22100876,0.26935795,0.042797074,0.03481788,-0.09370881,-0.38217232,0.14370443,0.05744733,0.08774988,-0.09932792,0.2308274,0.07190148,0.01923968,-0.15667948,-0.2720143,-0.061654538,-0.023065792,-0.18294623,-0.17871398,0.13180828,-0.01622319,0.030770991,-0.07144328,-0.16369905,-0.102254346,-0.25451005,-0.4090914,-0.072364844,-0.09391359,0.04619089,0.1818472,-0.17278877,-0.057393346,0.062529,0.0050031506,0.17505066,-0.0031545155,-0.18763728,-0.036826726,-0.33743006,-0.42176652,0.005662763,-0.08087259,0.15539525,-0.14614117,0.18159437,-0.06934178,-0.11171812,-0.9123964,-0.20960777,0.10742345,0.07174563,0.7552845,0.13646276,-1.9286376,0.13115229,-0.34895906,1.4957935,0.3960913,-0.028609566,0.38577014,-0.23424104,0.030550893,0.58946306,0.11517148,-0.011056786,0.15584375,0.3339823,-0.23134916,0.34716317,-0.36507735,-0.23393063,-0.3497329,0.08361175,-0.07762431,-0.1700585,0.16180834,-0.576401,0.0027435364,0.73915064,0.08682087,-0.32980707,-0.0755493,-0.7535596,0.01826852,-0.10027894,0.004878054,-0.18756516,-0.15274388,-0.034811035,0.06891288,-0.18653779,-0.2149474,-0.45771238,0.08564744,0.13371658,0.026188686,0.43832916,0.18089776
207,negative,-0.25499722,0.29623765,0.25583532,0.032967784,-0.13126452,-0.2818804,-0.3572638,-0.049185425,0.152913,0.04593939,-0.070383385,-0.010713337,0.30758533,0.015264787,-0.066859156,0.01175896,-0.13143179,-0.18971692,-0.32609454,-0.19307819,0.42236367,-0.13031006,0.09312447,0.10121354,0.058324244,-0.049392536,-0.3002515,-0.021563698,0.26601875,-0.016545312,0.012294707,0.011651981,-0.18061115,0.09922834,-0.21259847,0.07909474,0.104722016,-0.26300704,-0.0769784,-0.08277722,-0.4151665,-0.20262967,-0.14870879,-0.15581623,0.31355083,-0.08553392,0.42929474,-0.0767607,-0.0627961,-0.7748223,0.099915385,0.032833017,0.034807526,0.82202077,-0.025309902,-1.6374211,-0.08005684,-0.25734788,1.1454937,0.39040205,-0.08047641,0.5137215,-0.0015529449,-0.16735815,0.47687843,0.341791,0.092241205,-0.04340555,0.1413076,-0.12947233,0.3244406,-0.30102456,-0.2770164,-0.2662969,-0.05378433,-0.021117026,0.15210469,-0.031194847,-0.6662423,0.08431829,0.726747,-0.11039132,-0.46288687,0.21251678,-0.65694386,-0.17589088,0.09371054,0.08538733,0.013584071,-0.38113722,0.016336178,0.20808442,-0.25095683,-0.021980135,-0.37195066,0.22855845,0.18345599,0.04663599,0.36395225,0.21367314
208,negative,-0.019384323,0.14872433,0.49531692,-0.43479922,-0.085080564,0.16918483,0.07755055,0.03281645,-0.20812142,-0.05837912,0.09330268,-0.16960707,0.0611572,0.18388385,0.1612554,-0.107465036,0.22637245,0.15546206,-0.5127192,0.30352572,0.24358447,0.09129496,0.08545508,0.093133576,0.2871938,-0.006520913,-0.21913567,-0.53212255,0.24750961,0.11387326,-0.18130149,0.5908354,0.017440278,0.1233018,-0.026380105,0.21904764,-0.3716749,0.20453934,0.024654271,-0.16466025,-0.24207528,-0.24981104,0.27472863,-0.3307313,-0.06727427,-0.09646001,0.018406376,-0.36087573,0.20658587,-0.75638175,-0.07335229,-0.05528796,0.20235139,0.91049254,0.13496621,-2.352719,-0.2318997,0.09684527,1.219639,0.6068152,-0.13353729,0.5929287,-0.25113222,-0.098215565,0.59999704,-0.062313974,0.5650399,0.57286906,-0.11628269,0.21773432,0.18466464,-0.20541401,-0.11368712,-0.4108124,-0.0955808,0.21210405,-0.21169426,0.07335809,-0.64173776,0.09395465,0.6509011,-0.08108861,-0.35676286,0.038035832,-1.4418024,-0.2602024,-0.21359669,-0.035756357,-0.11368665,-0.43329406,0.038183708,-0.17773823,-0.08870173,0.12162951,-0.5355177,-0.21316507,-0.2581815,-0.069689326,0.35664642,-0.021506578
209,negative,-0.10516904,0.16381821,0.4270947,-0.057963558,-0.2989912,-0.09499361,-0.16610168,-0.07479883,-0.00044081098,0.036896862,-0.030666789,-0.009859041,0.38661644,0.05554784,0.0814844,-0.15117556,-0.12089391,0.021159142,-0.3729992,0.27968132,0.29230988,0.20427327,0.18878165,-0.08942858,-0.024002116,-0.0928338,-0.18142839,-0.3813925,0.31562415,-0.13631211,-0.05862385,0.40609908,0.008062443,-0.044453803,0.041295085,0.22037585,-0.14469658,0.1191613,-0.094813585,-0.09087663,-0.37300164,-0.09892109,0.084826656,-0.31247076,-0.16626337,-0.13705029,0.5450558,0.047365118,-0.07263194,-0.6109281,0.08693827,-0.05560272,0.032891843,0.9253835,-0.03878479,-2.100021,0.16637339,0.00095531845,1.406377,0.2641415,-0.15543547,0.6819976,-0.24941048,-0.0947595,0.76865894,0.11038261,0.3686082,0.34707668,-0.02901113,-0.31464657,0.22275302,-0.33293936,-0.2672432,-0.39095572,0.17520861,-0.18691926,-0.26113823,0.14344436,-0.5036002,-0.1043293,0.3833035,0.18601081,-0.4997498,0.048590057,-1.1094579,-0.07202865,-0.024279967,-0.05658461,-0.09785776,-0.37920862,-0.17420813,-0.03778996,-0.17455092,0.07464112,-0.44077206,0.09638852,-0.079194784,-0.12220581,0.37198386,0.396129
210,negative,-0.041125555,0.22335987,0.122392185,-0.17756402,-0.026627585,0.20877862,-0.079377614,0.17641948,-0.0805515,0.2680674,0.03170792,-0.009592642,0.24557054,0.31334636,-0.02699484,-0.16063115,0.10348503,0.0148855345,-0.41705325,0.24200873,0.37081498,-0.27924863,0.10049078,-0.031953797,-0.02493095,0.014485291,-0.29751593,-0.289846,0.16169092,0.06725465,-0.12498803,0.37726083,-0.043167505,0.01162681,0.10402329,0.06697437,-0.16066012,0.13805397,0.27092567,0.027150946,-0.31665885,0.029888986,-0.09262878,-0.24250549,0.2551515,-0.047801204,-0.103250906,-0.17265405,-0.14024,-0.4469301,-0.114305906,-0.08184316,-0.100575075,0.8474921,-0.10541514,-1.6909071,-0.18934837,-0.14525427,1.4022964,0.38952336,-0.028015377,0.45991126,0.0045616548,-0.10911382,0.4937104,0.027774386,0.19735982,0.18690133,0.007521839,0.05933409,-0.034439404,-0.27630314,-0.21442293,-0.28905568,0.10850359,0.2334478,0.012324283,-0.008118743,-0.53503305,-0.1400386,0.6048571,0.03941295,-0.3163919,-0.14741288,-1.0269408,-0.20243499,0.15855975,-0.07389231,-0.069224074,-0.13793686,0.010858194,-0.091964565,-0.012321479,-0.15910807,-0.43788737,0.065871656,-0.08997387,-0.1954909,0.17690852,-0.02321459
211,negative,-0.0386918,0.2990362,0.26391843,-0.25232044,-0.0018034284,0.28231904,-0.1955599,0.14960286,0.12757207,-0.02092067,0.030600008,0.108822614,0.24623509,0.14103678,-0.009054988,-0.18137017,-0.059909545,0.107688405,-0.27993026,0.32129142,0.09652778,0.029621044,-0.10001877,-0.1477133,0.1941663,0.34618914,-0.12714691,-0.4594153,0.25261936,-0.34818244,0.19342765,0.28000775,0.038804844,-0.016449483,-0.12291236,0.1436818,0.05446718,0.23705302,-0.028312648,-0.19082193,-0.09220088,-0.12963766,0.008882243,-0.47767472,-0.1893867,-0.057853144,-0.03484237,-0.09533552,0.029392883,-0.590882,-0.008188631,0.021684313,0.16850515,0.67364496,-0.021458115,-1.7468135,0.020824485,-0.019876722,1.0628147,0.16758999,0.112754956,0.64070994,-0.39778244,0.06941222,0.31446105,0.22747763,0.3232165,0.07775447,0.15982346,-0.40468234,0.17772427,-0.08510759,-0.031628575,-0.21016034,0.28346276,0.38768622,-0.07606096,-0.05519951,-0.45342335,-0.0074983635,0.27529657,0.12757762,-0.16800123,0.113081805,-1.0814643,-0.07432155,0.14477225,0.031036044,-0.27393994,-0.19825843,0.009187973,-0.07688614,0.04740878,-0.08840698,-0.4051986,-0.21348152,-0.042390544,-0.19918276,0.22798455,0.22955632
212,neutral,-0.081574,0.03283862,0.06489983,0.4701417,0.0017012719,-0.34668964,-0.1570834,-0.24291924,0.15552138,0.26423946,0.057290748,0.00784847,0.17721015,-0.18143627,-0.0022276584,-0.15188485,-0.15184599,0.14459808,-0.3699217,-0.0722283,0.36010453,-0.26456875,-0.107583895,-0.21472865,-0.1514471,0.26805472,-0.1850878,-0.19871296,-0.07971728,-0.1967099,-0.20508137,0.13242589,-0.3455015,-0.11963328,0.12207984,0.20904155,0.1632911,-0.25406078,-0.1031867,-0.40621513,-0.10722541,0.16949855,0.50438285,0.021996487,-0.11361759,-0.35316667,0.032369886,-0.021180399,-0.27661648,-0.31120992,0.03775623,0.070180595,-0.1720753,0.73518294,0.23219633,-1.0279151,0.5178975,-0.47709292,0.9799598,-0.21781734,0.10663646,-0.003766389,-0.46699274,-0.24036162,0.6918528,-0.1990891,-0.1455224,0.13783024,-0.1867575,-0.3290079,0.18610127,-0.2641167,-0.16165864,-0.538079,-0.32058623,0.14832951,-0.25038052,0.124092676,-0.53121,-0.13330922,0.38690013,0.032498468,-0.06729963,0.07036134,-0.7317671,0.063367486,0.2554558,0.035473365,0.04395637,-0.27431512,-0.16978386,0.061694723,0.07996194,0.13642368,-0.25653365,-0.14601609,-0.12608755,-0.18073022,0.3906149,0.65344375
213,negative,-0.048050422,0.05969887,0.2586242,-0.3178248,0.08120818,0.024521891,-0.20702018,-0.009545894,0.15686084,0.10177232,-0.13890721,0.0051416466,-0.029133687,-0.018010492,-0.08888731,-0.0137534505,-0.028320758,-0.028743604,-0.5202733,0.10646804,0.67141134,-0.13602507,0.2521984,-0.34706354,-0.17111665,0.081444785,-0.40250787,-0.2587113,0.2602669,-0.14996813,0.33981723,0.25290045,-0.00969745,-0.012384855,-0.08630083,0.1381103,0.1659307,-0.30509582,0.09503225,0.14958462,-0.55634874,-0.07332348,0.29867727,-0.08048402,-0.09213749,-0.284417,-0.027899489,-0.41330907,-0.3144558,-0.5258383,0.18068898,0.19068325,0.1943269,0.6501223,-0.04732723,-1.5840307,0.27734223,-0.25292552,1.1219722,0.21192232,-0.050249606,0.020435372,-0.016560605,-0.13475598,0.7345855,0.02820056,0.3671885,0.5428295,-0.09356683,-0.15415798,0.2706625,-0.50738853,-0.31452817,-0.18344967,-0.060716417,-0.17799088,-0.18136391,0.16484877,-0.80232984,0.024492707,0.3508138,-0.4016674,-0.054760955,-0.02931036,-1.0018511,-0.06727464,0.3730794,0.084905684,-0.031070028,-0.44805247,-0.080060326,-0.1701996,-0.32766056,0.5826698,-0.42358708,-0.16600387,0.111759126,0.22088341,0.37664726,-0.06924618
214,negative,-0.19185258,0.30255952,0.25817,-0.12097465,-0.08871554,0.41947135,-0.3138544,0.012678268,-0.021393681,-0.067069545,-0.035671793,0.018736595,0.12713294,0.052937828,-0.008518484,-0.19514474,-0.16099529,0.026949864,-0.45804515,0.11320611,0.11315112,-0.02155315,-0.12686668,-0.024655282,0.19258295,0.2677775,-0.2521752,-0.25368553,0.3468084,-0.32895336,0.12956096,0.35094377,-0.025553295,0.06899285,-0.07728537,0.13355143,0.12745729,0.13089824,0.0866941,-0.16798991,-0.20464243,-0.19164306,0.07387705,-0.48244873,-0.20699497,0.0875267,-0.085019104,0.020655096,-0.056561887,-0.6278912,-0.02975585,-0.03875496,0.11865831,0.83800805,0.0955051,-1.6023487,-0.014357631,-0.22972634,1.0939337,0.22016451,0.09016731,0.48525226,-0.378911,-0.11051495,0.44148916,0.10342028,0.12362402,0.2605513,0.07193773,-0.41443646,0.07836881,-0.14524733,-0.068129174,-0.43535507,0.47018328,0.2969079,-0.21475238,-0.03358158,-0.31478637,0.06457455,0.34850132,0.14949846,-0.21711232,0.112487204,-1.096442,-0.11521917,0.05123768,0.10348487,-0.4199671,-0.18693621,-0.11634029,-0.06870009,0.09379846,-0.13614386,-0.41022867,-0.19771463,0.053715393,-0.17881344,0.3278085,0.12840162
215,neutral,-0.07768615,0.46103883,0.14560208,-0.18481947,0.2603463,0.32006136,-0.17652428,-0.03455671,-0.24065396,-0.056703325,-0.54297554,-0.15200938,0.39847028,0.29090583,-0.23919581,-0.15040281,0.56183887,0.07935497,-0.11881218,-0.24032381,0.37055156,-0.15282078,-0.16291244,-0.15992577,0.115821764,0.30161065,-0.07125284,-0.35446924,0.37207317,-0.2558575,0.3969574,0.35276863,0.18782325,-0.05108864,-0.038668886,-0.012543124,0.06313346,0.3446821,0.19414532,-0.011685967,-0.24370378,-0.46161476,-0.11638638,-0.36306715,-0.29189944,0.21360075,0.10802945,0.37789226,-0.19362107,-0.35154068,-0.30542842,0.11077328,0.28543156,0.655676,-0.13603307,-2.1491868,0.2245171,0.15081212,1.2171084,0.27194357,-0.021251503,0.36226588,-0.057496734,-0.09999174,0.30969623,0.36242354,0.13965003,0.35352677,0.26439464,-0.20299721,0.13532156,-0.06501007,-0.46002337,-0.14872305,0.28079867,0.17385694,-0.024017498,0.17575766,-0.30533165,-0.078397825,0.35435218,0.091477655,-0.2593425,0.28981286,-0.8149351,-0.20278265,-0.14491664,0.09642756,0.048309125,0.20832242,0.06578194,-0.40677106,-0.4416081,0.31208238,-0.69728845,0.066050716,-0.29281554,-0.18954518,0.22421286,-0.05077148
216,neutral,-0.2478524,0.09431511,0.022189988,-0.038649946,0.15828069,0.0053742724,-0.11647391,-0.10640738,-0.02919392,0.3577231,0.3101246,-0.0637462,0.38413155,0.11170909,0.09886185,-0.05470735,0.018328618,-0.21935108,-0.3168181,0.015328002,0.18396723,-0.24862958,0.1150107,-0.07934188,-0.008929352,-0.08750758,-0.082132995,-0.30167562,0.20845781,0.11488042,0.089131065,0.21115795,-0.082303405,-0.09439044,0.057210807,0.023191111,0.014596992,0.07271153,0.09733031,-0.04071908,-0.2072209,-0.01797435,0.18424693,-0.15713595,0.17272821,-0.012493609,0.07396691,0.17928846,-0.22167869,-0.2652311,0.023769436,0.103137955,0.16845177,0.87023187,-0.074355155,-1.4547255,-0.029461075,-0.24714269,1.2267491,0.5720554,-0.06628032,0.4547261,0.0661397,0.016586035,0.484949,0.13588156,0.22291963,0.19426626,0.048234753,0.08051456,0.23401046,-0.26922455,0.030961532,-0.2595542,0.061383106,-0.04465171,0.054438293,-0.13246132,-0.43124303,0.115814775,0.4812378,0.001257617,-0.44654587,0.19673304,-0.7273884,0.17937306,0.24417853,-0.037818424,0.21379662,-0.13836089,0.08060704,-0.063269265,-0.17799774,0.14996059,-0.26660535,-0.09457222,0.008971918,-0.43216458,0.21040115,0.09591822
217,neutral,-0.016778823,0.2568052,-0.05287624,-0.08536908,-0.27528697,0.19923185,-0.24979855,-0.040389232,0.09733959,0.16639096,0.101752035,-0.0029681711,0.21323912,-0.0051228413,0.07973141,-0.22201188,0.2141073,-0.15274794,-0.26447052,-0.025250452,0.0020842366,-0.086868085,-0.0948547,-0.048425317,0.0045802733,0.017363006,-0.036585495,-0.093148865,-0.02529706,-0.08777782,0.03166157,0.30742723,0.1146828,0.15001804,-0.071117535,0.08798018,-0.22320478,0.035211608,-0.002949851,-0.37243485,-0.25387883,0.17114604,0.13061778,-0.41860536,0.030146407,-0.31571302,0.071328744,-0.23646642,-0.1725836,-0.41639897,0.27798378,-0.05003976,-0.1565491,0.8216706,-0.12354563,-0.7602511,0.4987801,-0.623534,1.3783318,0.33509302,0.11050678,0.0435932,-0.12040983,0.04554388,0.6794677,-0.12305084,0.17729779,-0.0020624467,0.19895262,-0.027044738,0.0068464316,-0.06555855,0.18056233,-0.2875724,0.18447293,0.45332167,0.022093128,0.029516082,-0.5162927,-0.2541121,0.41095996,0.15937783,-0.12667623,0.13537389,-0.96146065,0.012870831,0.20639487,0.07625257,-0.09066785,-0.3636414,-0.08220481,-0.14305753,-0.13564779,0.032156512,0.13768277,0.2452397,0.094819486,-0.26772502,0.08387691,0.33273238
218,neutral,-0.10766187,0.025758741,0.21004544,-0.06855014,0.0118626645,0.067998685,-0.18819897,-0.11822817,0.1866557,0.0606832,0.03653751,0.22551452,-0.06359998,0.073168136,-0.073288165,0.04096774,0.02026589,0.07397509,-0.49592882,0.1407708,0.11890948,-0.058120377,0.019150449,-0.08393419,0.054664977,0.049256418,-0.123206116,-0.113389336,0.1910228,-0.10446897,0.10034725,0.36685163,-0.110824615,0.070529066,0.044604313,0.13240314,0.08766097,-0.08186978,6.104296e-05,-0.07856093,-0.3163066,-0.09304059,0.06759458,-0.27274016,-0.18143687,-0.006390842,0.17730497,-0.053516623,-0.03791997,-0.51362336,0.12538655,0.01254816,0.050271288,0.8441971,-0.056670427,-1.4772288,-0.07316532,-0.18667229,0.98186153,0.15922387,-0.21391894,0.51468074,-0.12245307,-0.05532475,0.5672835,0.010025091,0.30141106,0.2362651,-0.064762816,-0.003675287,0.039718244,-0.25101244,-0.15090771,-0.30268654,-0.049475446,-0.044160556,-0.042134468,0.011413729,-0.60311717,0.20144095,0.3759675,0.029541865,-0.15868776,-0.14981677,-0.95898163,-0.09145288,-0.0064296625,0.27722615,-0.073322944,-0.19145189,-0.09863918,0.057568233,-0.06396978,-0.055662353,-0.121157326,-0.101964295,-0.050032012,-0.09271736,0.3044796,0.15103106
219,negative,-0.19640592,0.22913525,0.09542403,0.0047343434,0.0023737964,0.1110316,-0.029766994,-0.30671155,-0.04262632,0.47753438,-0.0008961484,-0.10734488,0.25803465,0.056790527,-0.049811855,0.017538,-0.15569107,-0.14778343,-0.2636207,0.019253831,0.3939573,-0.24585406,0.17758632,-0.20879285,-0.05424615,0.06354008,-0.20413847,-0.27414122,0.20042408,-0.02782767,-0.0011877362,0.23240437,-0.15830983,-0.11115811,0.19950403,-0.0101395175,-0.01832397,-0.18009919,0.15879315,-0.0835188,-0.23376907,-0.022882996,0.11758451,-0.19082755,0.06339345,-0.17507881,0.22312401,0.06747437,-0.19761883,-0.35798544,0.07228076,0.10449252,0.0979593,0.9304031,0.13220465,-1.5294567,0.048935477,-0.06449917,1.2093083,0.3783444,-0.05189066,0.3979708,0.013334224,-0.23516709,0.60435766,0.1268034,0.18545984,0.10212053,0.0937938,0.1308258,0.106895454,-0.36655205,-0.22970004,-0.11628124,0.024270477,-0.23503911,-0.048894156,0.050237082,-0.67844623,0.1532978,0.5563418,-0.04914957,-0.23097868,0.09884834,-0.9187582,0.2138705,0.038066443,0.0036619704,-0.15505679,-0.23972742,0.07297375,-0.12406732,-0.13093261,0.22869712,-0.24078195,-0.19096039,-0.09645508,-0.26729307,0.39034086,0.17137451
220,neutral,-0.23826179,0.07955437,0.20796384,-0.08374763,-0.04760277,-0.14881589,-0.027546654,-0.1306852,0.13204539,0.17332427,-0.03945108,0.024352044,0.12367772,-0.16803251,0.046353795,-0.17930573,0.034305368,0.030282615,-0.16924201,0.11326707,0.2643331,-0.1245192,0.17687629,-0.20358843,-0.037840698,-0.08404311,-0.070354775,-0.20502645,0.0979313,-0.07923327,0.051926173,0.38109127,-0.20750225,-0.09326327,0.013343089,-0.05444073,0.16536771,0.112499654,-0.114540204,-0.12833102,-0.4046322,-0.017082492,0.14233175,-0.23245578,-0.05554431,-0.28313342,0.26742524,-0.123400375,-0.15445752,-0.47824228,0.15472852,-0.06457183,0.1313215,0.76515734,0.18615824,-1.7317518,0.16677491,-0.011443886,1.0208277,0.3660927,-0.06228728,0.31866518,-0.24401578,-0.1164264,0.6157064,0.19534428,0.268346,0.2208542,0.046149902,0.020025095,0.16369872,-0.14810155,-0.19663818,-0.24174552,0.026667267,-0.097454615,-0.15324757,-0.026509782,-0.6535092,0.089006834,0.45179924,-0.0018791988,-0.36075044,0.0472824,-0.944954,0.10763818,0.18209723,0.011831044,-0.031101845,-0.37596747,0.050282568,0.04072167,0.025598098,-0.03776787,-0.17941947,0.11697743,0.031141248,-0.21379255,0.31460536,0.19881792
221,negative,-0.008477268,0.1954284,0.14895293,-0.012931382,-0.15280208,0.17021681,-0.15877277,0.0400716,0.026086198,-0.0089354105,-0.15773149,-0.07254781,0.3454025,0.034258153,0.0016450075,0.04736154,-0.008742977,0.024475712,-0.49461424,0.12561432,0.36184967,0.13259596,0.3285091,-0.24036384,-0.03203541,0.087266594,-0.16049449,-0.46500885,0.03518527,-0.09740952,0.042069096,0.40379173,-0.15075499,0.05179782,0.100151084,0.13961169,0.10676703,-0.0897918,-0.19384204,-0.24932462,-0.43097284,0.0056939996,0.2001775,-0.22097604,-0.061993934,-0.11621532,0.16558667,-0.019285202,-0.30856425,-0.4980908,0.36716637,-0.032177698,0.04369519,0.82973975,-0.12142457,-1.6863592,0.0092412,-0.24281475,1.0853055,0.26925284,-0.12099972,0.16802557,-0.23347001,-0.14652042,0.67518836,0.10107924,0.20099823,0.4002858,-0.16837761,-0.31784928,0.052524183,-0.2721386,-0.08986849,-0.3035293,0.14892745,-0.12250862,-0.25493556,0.11208969,-0.6091289,-0.05615393,0.42196748,0.13954315,-0.19000511,0.097891495,-1.0961566,-0.04895073,0.20249483,0.13095559,-0.2003415,-0.2998105,-0.16090639,-0.25962842,-0.061242163,0.21261793,-0.37241513,0.121476404,-0.19222274,-0.04921498,0.3750995,0.14530663
222,negative,-0.19930148,0.1435016,0.50373083,-0.1477582,-0.09541953,-0.16071612,-0.28271925,-0.06669934,0.09463686,0.096134275,-0.029009372,-0.08119064,0.041638263,-0.094087385,-0.07407791,-0.0700633,0.031645797,-0.014256517,-0.39625534,0.20432055,0.14911738,-0.085476294,0.037505385,-0.1482581,-0.16165555,-0.03499574,-0.17486824,-0.23699525,0.22295515,-0.09662048,0.09040872,0.3448894,-0.15450695,-0.00011295606,-0.055916358,0.1724941,-0.0039038595,0.043274753,-0.0788331,-0.056407005,-0.47618288,-0.12666942,0.07969294,-0.24120422,-0.18485469,-0.36024866,0.020836392,-0.2897527,-0.16887116,-0.71718276,0.21081495,0.12480763,0.050120912,0.75610614,-0.05816181,-1.8752896,0.20090622,-0.33336946,1.4524156,0.26701036,-0.054725256,0.3126183,-0.10253339,0.012805999,0.7719263,-0.08177027,0.23807888,0.36895734,0.0025055055,-0.08151474,0.07271053,-0.4123156,-0.26411432,-0.3779306,0.15242885,0.22158062,-0.08491924,0.008656036,-0.8289108,0.04173944,0.56885153,-0.105724424,-0.194879,-0.032268193,-1.2186852,-0.14366463,0.14101388,0.23886992,-0.19664311,-0.43094495,-0.069213785,-0.16489115,-0.07452868,-0.11076894,-0.59020984,-0.11089065,0.050233178,-0.2265358,0.36195552,0.14836082
223,neutral,-0.18234295,0.04395509,0.14672402,-0.1922686,-0.14561954,-0.071005486,-0.10951343,-0.050240513,0.11857807,0.022743613,0.03803399,0.043409813,0.14220737,0.0018304279,0.076999195,-0.011155971,-0.13984393,-0.07637481,-0.34984395,0.17882031,0.21155831,-0.11026386,-0.022113904,-0.2864807,-0.08897901,0.10160727,-0.093478866,-0.098070905,0.09942699,-0.07938471,-0.06555912,0.18031235,0.024404878,0.047004808,-0.1170342,0.22775888,0.011692119,0.06418982,0.01929984,-0.11534411,-0.38929677,0.06650119,0.17946357,-0.10304134,-0.08864661,-0.27827024,0.1401178,-0.051019274,-0.10934491,-0.5643902,0.019913133,0.06964012,0.22998273,0.61865556,-0.24367769,-1.4333616,0.12753949,-0.038244043,0.76562834,0.25758293,-0.15243962,0.4076007,-0.17829892,-0.30583563,0.40863973,-0.026286587,0.25955576,0.32866257,-0.2142467,-0.103152975,0.1381516,-0.26100862,-0.1576842,-0.53895605,0.05605754,0.17354327,0.019152276,-0.07288089,-0.5899807,-0.030651778,0.38190493,-0.25647485,-0.23446481,-0.14335153,-0.9163551,-0.17718734,0.06726896,0.046965815,-0.031231755,-0.27055955,-0.06705146,0.040001567,-0.10472228,0.009733728,-0.28969353,0.022860803,-0.17201604,-0.2945924,0.1057622,0.17213042
224,neutral,-0.21072601,0.17713538,0.101547465,-0.4013473,-0.18558353,0.11184835,0.1366133,0.24057676,0.045354377,0.38304934,-0.08590147,-0.4172158,-0.05359519,0.09171001,-0.42001578,-0.18601944,0.13068967,0.015299547,-0.59769607,-0.23960084,0.8028528,-0.3145973,-0.07264669,0.31079254,0.48216346,0.159947,-0.09234509,-0.0073252725,0.30013353,0.040914312,-0.31181914,-0.07187993,-0.5122215,0.19759844,0.2822605,-0.44149998,-0.28693178,0.14692567,0.087280214,-0.26873833,-0.017506704,-0.20622839,0.16108395,-0.3978171,0.15017475,0.2675633,0.19596153,0.046555877,-0.22209102,-0.49799812,-0.31992483,0.67211705,-0.13206398,0.8944517,-0.07726293,-1.5249304,-0.28930056,-0.17905545,1.0097741,0.19484577,-0.051879395,0.34475648,0.098305866,0.14409608,0.13273987,0.20203789,-0.2452002,0.0049036467,-0.067703746,-0.12581655,0.044043425,-0.5100446,-0.0326578,0.14645183,-0.049373437,-0.24098666,0.21199532,0.010295253,-0.7253636,0.27513027,1.4875628,-0.15544093,-0.33816397,0.48517185,-0.73757726,-0.15892105,0.11242346,0.17985232,-0.07061349,0.0987258,0.09681183,0.0428976,0.13281201,0.19739546,0.06356773,-0.1639259,-0.2349731,0.09562252,0.16337702,0.1719194
225,neutral,-0.06734487,0.3079681,0.35800794,-0.09543007,0.008387296,-0.38809904,-0.48769435,-0.026832014,-0.10096243,-0.24158128,0.04786841,0.02243165,0.08110516,-0.02321549,-0.10860914,-0.16320392,0.012896317,0.119400166,-0.36020014,0.115381755,0.15042317,0.20563415,0.061724257,0.05308349,-0.20083372,0.0020936872,-0.07684508,-0.36978927,-0.074858375,-0.046303257,-0.12953335,0.43211728,-0.15685087,-0.08608058,-0.0060539576,0.28877532,0.17652503,0.30026945,-0.12933992,-0.12381946,-0.3047891,-0.34714985,-0.00069425546,-0.15298548,-0.01524943,-0.12344101,0.14635342,-0.006298696,-0.27737057,-0.91813034,0.09687454,-0.1466,-0.038770504,0.6907595,0.09588984,-2.1116726,-0.019969223,-0.0139384065,1.5700815,0.34115732,-0.1296662,0.32723835,-0.3110056,-0.22520624,0.52733266,0.20032567,0.3325568,0.28546903,0.47832122,-0.28127468,0.08998022,-0.2108927,-0.29799393,-0.3963691,0.053852074,-0.07612082,-0.20237644,0.054305248,-0.81583107,-0.19203374,0.86730033,0.039251726,-0.3099632,0.08329461,-1.1951194,-0.32280195,-0.23448412,-0.14661369,-0.14306799,-0.43449917,0.18696061,-0.041181363,0.035595246,-0.23079604,-0.31717455,0.2212281,0.00043240783,-0.31992498,0.62864196,0.22888976
226,neutral,-0.09606386,0.031662054,0.12873255,-0.20086025,0.0036099064,0.16516791,0.07972503,0.28059524,-0.10248655,-0.0487146,-0.012715639,-0.065696545,-0.032438494,-0.0025745851,0.094492145,-0.16696873,0.0070503354,0.14463341,-0.2609285,0.21028529,0.10038473,0.020111645,0.17772831,-0.22663638,0.47475126,-0.07045574,0.04942578,-0.16910972,0.1971104,0.027692923,-0.3076908,0.15257064,0.19578253,0.11531044,-0.057954393,0.17927818,-0.023428995,0.167838,-0.0071166195,-0.048049092,-0.13519013,-0.019762969,-0.103858836,0.0028868841,0.0981892,0.0008544813,0.08949016,-0.11560209,0.07897578,-0.56631076,0.080295116,-0.32839018,0.08991427,0.62545294,0.0015495474,-1.8254972,-0.115016736,-0.0019727573,0.6018415,0.26216996,0.12382449,0.61256653,-0.21106085,0.01343441,0.4075564,-0.024289556,0.43051583,-0.0014110602,0.122255966,0.015583786,-0.021483628,-0.027949102,-0.15745345,-0.4479551,0.00954753,-0.054216277,0.1343539,0.14237109,-0.38093534,0.27323446,0.3820229,0.06681777,-0.33067498,0.042113155,-0.52255166,-0.18284157,-0.13001682,0.13282363,-0.025340686,-0.10628823,0.046563487,-0.06019867,-0.10431741,0.019209605,-0.43557757,-0.07628525,-0.11667061,0.007163038,0.45066455,0.141724
227,negative,0.025075914,0.33382973,0.26625127,-0.10927847,-0.100473456,-0.07343193,-0.2695203,0.153943,0.021050634,0.017924225,0.18730685,0.10374387,0.010615752,0.035159323,0.0074292533,-0.32847312,-0.03201806,0.1444527,-0.23476994,0.27238292,0.29013005,0.13643426,0.05333938,0.15534271,0.079782344,-0.15223354,-0.21939921,-0.43580747,0.0065007866,-0.20273447,0.0315958,0.42651483,-0.053241555,0.02326416,-0.04408252,0.28150085,-0.030704245,0.10268136,-0.022491751,-0.06428621,-0.11310966,-0.24522771,0.046112392,-0.19105645,0.005368969,0.008903987,0.12844516,-0.272491,-0.096768305,-0.7495733,-0.04331972,-0.08346603,0.004794318,0.85741264,-0.024727821,-1.8555603,0.025443316,-0.20405185,1.438409,0.35695115,0.00836691,0.29616252,-0.18498762,-0.11060484,0.4846426,0.15397453,0.2034576,0.2101641,0.17672844,-0.25993603,0.05030388,-0.19896106,-0.22943495,-0.1881054,0.07868054,0.061273895,-0.09488819,0.10298532,-0.71403986,0.09302729,0.5844768,0.09540429,-0.3072568,-0.04248246,-1.0091796,-0.17611812,-0.043003194,-0.026595447,-0.19318865,-0.2829108,-0.02305804,-0.0035127858,-0.026124045,-0.3345372,-0.53467345,0.033804417,0.22175077,0.021296754,0.5413332,-0.012369419
229,negative,0.1449458,0.22613369,0.355824,-0.101264924,-0.056712773,-0.5174989,-0.08180384,-0.03984532,-0.089718044,0.03598092,-0.08805254,-0.018350728,0.017173382,-0.12942508,0.21576546,-0.13106218,-0.30173716,-0.033014134,-0.0026010303,0.014573795,0.4335176,-0.1640014,0.026425239,0.12998995,0.14575067,-0.054807793,-0.13062802,-0.26113987,0.11748986,-0.09147311,-0.037436914,0.12506846,-0.32252604,-0.049673595,-0.19766933,0.079879016,0.12119744,-0.03639376,0.0964441,-0.16412316,-0.12175647,-0.40490428,0.023820281,-0.19736043,0.27564818,-0.060152475,0.1774035,-0.2569234,0.060770426,-0.8729578,-0.025223294,0.044011485,0.030282876,0.70132643,-0.05725626,-1.6994781,0.023910543,-0.42985114,1.1894735,0.14902438,-0.14427915,0.13898402,-0.32369056,-0.15380713,0.33927804,0.0814893,0.20805305,-0.25707498,0.21061096,-0.18805209,0.019711496,-0.12075985,-0.3571187,-0.1039569,0.056564186,0.017217517,-0.018643742,0.010289026,-0.6446502,0.08407398,0.5682453,0.14951874,-0.36405066,0.1082143,-0.65327525,-0.3739889,0.03824085,-0.051491037,0.049649853,-0.2687975,-0.040336866,0.056658983,-0.17679031,-0.07049246,-0.5322194,-0.0019036834,0.29570025,0.009284374,0.42394897,0.02990085
230,neutral,-0.3454158,0.0613267,0.38138652,-0.10111244,-0.081250355,-0.12324098,0.03175645,0.14806132,-0.23342301,0.26782557,0.12099765,-0.37402928,-0.07295339,0.0736916,0.30173373,-0.2700721,0.2333279,-0.09851569,-0.17226097,-0.30596304,0.25176227,-0.23830272,0.24662155,-0.0938028,0.08774496,-0.015486076,-0.21511534,-0.0075565563,0.10923962,0.1318881,-0.11652082,0.45730215,-0.20143847,-0.19738142,0.17331876,0.075778216,-0.06605031,-0.05640219,-0.11006603,-0.105651125,-0.22669838,-0.27663323,-0.042345006,-0.32536566,0.26884916,-0.038706068,-0.023553275,-0.32028028,0.069526486,-0.43088326,0.14002267,0.289995,0.16180456,0.9437788,0.10716631,-1.6076368,0.15862535,-0.07789559,1.5741214,0.28470582,-0.028138174,0.36268753,-0.08128892,0.093150586,0.32856926,-0.018343078,-0.022921335,0.124124445,-0.0068800324,0.1876379,0.20229681,-0.21089223,0.052391727,-0.51609474,0.3288745,0.04444402,-0.10713431,0.3966183,-0.58824605,0.01980479,0.57763004,-0.19997197,-0.103703015,0.039905205,-1.2205279,0.003645366,0.336579,0.08414118,0.09603418,0.004068157,0.17008947,0.17663023,-0.17668174,0.05273085,-0.12661642,0.15973493,0.035394732,-0.21441232,0.18199243,0.049449958
231,negative,-0.23942778,0.13100524,0.30280277,0.13015272,-0.13727796,0.019892862,-0.15945081,-0.18586381,0.22682713,0.24544187,-0.35873502,0.048361573,0.17356493,0.13191043,-0.043007273,-0.14658836,-0.07181667,-0.21626633,-0.6299667,0.18536411,0.38515857,-0.11026333,0.025095876,-0.20455503,0.08079072,-0.38270527,-0.24054022,-0.404333,0.1801953,-0.031313498,0.051405776,0.30183095,-0.1457382,-0.16470788,0.1261427,-0.07904892,0.22831832,-0.042855468,-0.02550221,-0.2179968,-0.4527488,-0.2285758,0.14096694,-0.05359903,0.0390055,-0.34075472,0.2759306,0.17812395,-0.13282585,-0.5351672,-0.052282497,0.12508784,0.24028514,0.96055233,-0.19382334,-1.5445447,0.09358121,-0.21931154,1.0797384,0.3035376,0.009865409,0.35198775,-0.20989557,-0.11072434,0.8402294,0.1702357,0.18880029,0.20504664,-0.051393643,-0.37527817,0.19129914,-0.49792796,-0.27547592,-0.10103439,0.12615274,-0.01408012,-0.18476857,0.052522454,-0.75471586,-0.020042798,0.47773558,0.2139842,-0.14897852,0.25657132,-0.87087554,-0.12687476,0.0038308888,-0.005706126,0.14090541,-0.3416643,0.024405943,-0.10005044,-0.16016863,-0.06668735,-0.53913,-0.11773764,0.01842167,-0.037911598,0.27265543,0.12497748
232,negative,0.07274249,0.25610924,0.17164852,-0.0034781806,-0.04833553,-0.59897566,-0.24300674,-0.14610045,0.022186581,0.013493221,0.05722219,0.15156643,0.06587345,-0.06966041,0.09595366,-0.16321385,-0.23855326,-0.18726261,-0.018724618,-0.056040175,0.33837792,-0.1159605,0.032196257,0.100445166,0.08702213,0.12392367,-0.08735806,-0.2724236,-0.06567598,-0.11365346,0.01240654,0.2560648,-0.04702638,-0.13960949,-0.1980694,0.18095334,0.22040114,0.006340161,-0.17623112,-0.12532501,-0.32002681,-0.33440837,-0.07405764,-0.0070836553,0.19807954,0.017980952,0.07329396,-0.30850604,-0.2281248,-0.88158274,-0.10703776,0.039023932,0.19521032,0.7746333,-0.19900905,-1.7964046,5.8234375e-05,-0.12672135,1.2441474,0.15406652,-0.19109274,0.21790561,-0.20563984,0.020144297,0.2942702,0.16827792,0.01787892,-0.11290741,0.32626012,-0.24287422,0.264676,-0.26696527,-0.2791042,-0.05191955,0.12223565,-0.34208435,0.008631384,0.08421619,-0.6052981,0.15832803,0.64304376,0.025058508,-0.41801897,-0.077207044,-0.7998706,-0.02028635,-0.07695048,-0.2089709,-0.022521144,-0.479113,-0.11517335,0.06620991,-0.18555829,-0.20431751,-0.3882899,0.0036677185,0.24375111,-0.288443,0.47171047,-0.02963671
233,neutral,-0.067417875,0.15019897,0.47563484,-0.41939774,-0.026980344,-0.04547488,0.13468535,-0.048688777,-0.3376093,-0.069092676,0.36264342,-0.034893584,-0.15723512,-0.018710697,0.008556652,-0.0005205608,0.11262936,0.06749082,-0.20485279,0.075701,0.36898673,-0.095006496,0.086648546,-0.009248526,0.39318976,0.03201847,-0.031043516,-0.19950522,-0.0014386558,0.036348175,-0.0067085912,0.240045,-0.055355664,0.033656135,-0.0025827012,0.086483814,-0.1844258,0.18936826,0.047338225,-0.046631873,0.0917785,0.08905817,0.011712035,0.015781377,-0.13706179,0.03931528,-0.102723196,-0.12607175,0.20141415,-0.34663704,-0.18685989,-0.06889575,0.15856275,0.36556947,-0.00507156,-1.8148355,-0.36669827,0.1314081,0.8483188,0.43209085,-0.057756435,0.6986903,-0.17588878,-0.14967574,0.42724687,-0.22934529,0.38764235,0.6306543,0.09899649,-0.06620955,-0.07156374,0.0812784,-0.21582572,-0.20546432,-0.0006885312,0.2335465,-0.1580567,-0.25324613,-0.4135195,-0.009021717,0.30729324,-0.15130825,-0.1399166,-0.17385359,-0.8315843,-0.15535524,-0.18570937,-0.35381377,0.012503254,-0.1331864,0.1286035,0.10467754,-0.05063582,0.05600074,-0.28785324,-0.101711854,-0.02144731,-0.26930735,0.35180706,0.024847228
234,negative,-0.31813726,0.24387534,0.31981665,-0.51209193,-0.0010465794,0.11387838,-0.14598075,-0.1482644,0.1943195,0.06818413,0.0051797694,-0.0087208785,0.037766643,0.07102538,0.09434902,0.04339036,0.27747357,0.17134036,-0.149789,0.5662047,0.42463064,0.11511323,0.22615752,-0.67211246,-0.019182656,0.14757615,-0.27338314,-0.48435915,0.19671163,-0.189166,-0.03247398,0.7218873,0.23957913,-0.22368059,0.14217588,0.12871428,-0.084925495,0.1213508,-0.0261806,-0.25590897,-0.33619773,-0.21279863,0.23171617,-0.216478,-0.2104549,-0.26226002,0.074282125,0.011062115,-0.19947697,-0.58312047,-0.07455737,-0.060801324,0.08472338,0.8995245,0.04597579,-2.026675,0.19632477,0.51451933,1.1179034,0.12540723,-0.15296698,0.3960578,-0.49869445,0.048805226,0.97895473,0.16748504,0.3018827,0.19413976,-0.052280888,-0.3352933,0.30613044,-0.10876317,-0.3736554,-0.29432014,0.014095266,0.13753273,-0.30098438,0.042826362,-0.37812522,0.120792925,0.124170974,0.051074672,-0.31856623,0.05298518,-1.1343786,-0.15643288,0.05007722,0.14751375,-0.09275417,-0.07735179,0.24895823,-0.34773716,0.0134752765,0.0942117,-0.36603522,-0.19688906,-0.08821016,-0.06303375,0.20588131,0.2151284
235,neutral,-0.1458365,-0.0854595,0.20876047,-0.047983244,0.13098025,0.10702598,-0.1367878,0.34476805,-0.044884086,-0.10794095,0.120798886,-0.19662495,0.010589839,0.088751964,0.0926836,-0.30526182,0.21779723,-0.049159482,-0.46677366,0.20194742,0.09158499,0.10867679,0.104091495,-0.14178467,-0.17057382,-0.37772897,0.111265235,-0.2411361,0.42434663,0.17846574,-0.15428202,0.25293988,-0.19826697,0.23213854,0.33108884,0.21240899,0.004586742,0.13010707,0.06475925,-0.26772746,-0.33182952,0.08044801,-0.146797,-0.123009175,-0.16287951,0.072469465,0.22567733,-0.2834665,-0.043902002,-0.3850641,0.0900577,0.23285255,0.1524758,0.6471087,-0.22033097,-1.7322172,-0.21372297,-0.14524263,1.3989749,0.30756077,-0.13872868,0.61374414,-0.25149557,-0.19140954,0.5630052,-0.014562479,-0.08333085,-0.009507123,0.4325704,0.2781805,-0.055404365,-0.29055244,0.1061867,-0.47774902,0.3437284,-0.004915719,0.067574486,-0.15965925,-0.67629933,-0.025050065,0.6243479,-0.15438183,-0.020061236,0.02069997,-0.7797274,0.09167625,-0.053744182,0.26880378,0.16003227,-0.14316009,-0.21060735,0.005803635,-0.19819954,-0.06962838,-0.24524741,0.08743497,-0.17362262,-0.055455927,0.6405635,0.2982678
236,negative,-0.36983883,0.29749784,0.33836588,0.16678654,-0.1742248,0.28493607,-0.13319962,0.29770786,-0.033135403,0.11807179,0.2924169,0.022999944,0.19664566,0.21780352,0.094764754,-0.36817014,0.26479644,0.09992019,-0.78895867,-0.027538832,0.23040529,-0.03433721,0.05789534,0.10960868,-0.14577928,0.052102413,-0.15955731,-0.3709345,0.3441507,-0.15522626,0.10993433,0.1757837,0.1021727,-0.27945107,0.31946805,0.21974854,-0.11037347,0.03512615,0.057691906,0.13339193,-0.20745558,0.11702228,0.029644364,-0.3412035,-0.06392361,-0.13046883,-0.08872701,0.054818027,0.013635179,-0.6173689,0.014305795,0.051170304,0.07313579,0.94318753,-0.07946404,-1.4915863,0.12694305,-0.18995002,1.20925,0.24017392,0.18385933,0.63036954,0.06615574,-0.29647902,0.64049846,0.1828223,0.21847905,0.3639958,-0.11678593,0.23722844,0.16527915,-0.3470785,-0.2536682,-0.3685294,0.24399531,-0.010140896,-0.037557572,0.17685091,-0.43118808,-0.011596341,0.74081254,-0.13306712,-0.2454319,0.020629428,-0.83086234,-0.1953851,0.34428415,0.14404751,-0.17777301,-0.1879053,-0.07792375,-0.19983919,0.04135874,0.09398139,-0.5591746,-0.015994605,0.049542088,0.059231807,0.07034944,0.005163924
237,neutral,-0.3575594,0.13584492,-0.17546085,-0.35395384,0.13336192,0.2533822,-0.24770308,0.044225067,0.056267966,-0.15424891,0.2504483,-0.10356838,0.1225698,0.021886902,-0.019299965,-0.07174291,0.46377486,0.27439922,-0.1430564,-0.22094245,0.07939056,-0.067951225,-0.024385048,-0.18194966,0.30672678,0.019489085,-0.09292206,-0.2967112,-0.06396209,-0.2263556,0.088321224,0.36949813,0.21019559,-0.16247988,0.0829521,0.3782569,-0.054315027,0.095491804,0.0063725417,-0.01212961,-0.15129179,-0.056057114,0.15514128,-0.23620762,-0.4386564,-0.29548422,0.07598956,-0.06511585,-0.30862033,-0.42711195,0.09790751,0.13793838,0.1000293,0.61706024,-0.10966485,-1.5109308,-0.15832843,0.1330837,1.0968579,0.048107695,-0.013663133,0.6403419,-0.22117408,-0.11085716,0.571107,-0.023275904,0.2636843,0.49446517,0.12855347,-0.08599237,0.25385442,0.00023141764,0.01662304,-0.31780118,0.1601981,0.18918884,-0.06914957,0.12452726,-0.4775745,0.0213782,0.12148318,-0.41172302,0.021058425,-0.27474362,-0.8415692,-0.2210492,0.0041617113,-0.43517107,0.24650598,-0.11273411,-0.06168904,-0.16589713,0.2132536,-0.11454297,-0.36794055,-0.09330466,-0.072793275,-0.43708685,0.21200012,0.026549695
238,negative,0.036809396,-0.08837164,0.027004471,-0.2634003,-0.015331534,0.08731205,-0.18638189,-0.1361559,0.19262992,-0.03474854,0.0970633,0.09661863,0.02537999,0.15937778,-0.088501416,-0.22170724,0.17197026,-0.14214666,-0.67890567,0.14067769,0.2515447,-0.024276042,-0.05808205,-0.14641148,-0.10843572,-0.06400312,-0.07867221,-0.25949863,0.21734446,-0.05743641,0.14080347,0.37704077,0.056239113,-0.024725316,0.034967043,0.10159602,-0.10800441,0.113268554,0.127849,-0.016280213,-0.360093,0.023732929,0.15645881,-0.38689917,-0.19727999,-0.075727284,-0.030562174,-0.5376765,-0.043328393,-0.60132426,0.21461545,0.04832045,0.116881765,0.5883407,-0.060942736,-1.2762079,0.114922196,0.04367156,0.70878726,0.19722657,-0.16392356,0.08063453,0.007628782,-0.11649072,0.370283,-0.14251706,0.60122913,0.5660807,-0.12137094,0.23982868,-0.019296268,-0.010922293,-0.24652267,-0.17806743,-0.029369136,-0.034380894,-0.07197312,0.031122863,-0.69203776,0.097578965,0.29733515,-0.1007347,-0.17102525,-0.2826793,-0.86529726,-0.04934166,-0.052078135,0.05154498,-0.035373125,-0.23726729,-0.004008314,-0.23846349,-0.044714507,0.15665212,0.024173776,-0.06817368,-0.32663682,-0.16868259,0.06465613,-0.26437092
239,neutral,-0.058499515,0.2667486,0.14477624,-0.08916235,0.1337715,0.0906044,-0.20336218,0.113341816,-0.10608384,0.018489704,0.23850265,-0.2507136,0.22027466,-0.10711171,0.0017902355,-0.13139883,0.121444374,-0.01749055,-0.24249065,0.073093444,0.18134327,0.042893864,0.07543546,-0.0044074757,0.10191522,-0.21817678,-0.03616963,-0.2513624,0.06887673,0.10680404,-0.104141764,0.46077403,-0.16792981,-0.017788896,0.05240661,0.12765352,0.055224586,0.10133225,-0.1075222,-0.12542932,-0.39083812,-0.13303922,0.13998973,-0.190468,0.2051794,-0.021212567,0.16333483,-0.22857898,0.028065817,-0.62384784,0.08049436,0.0096633015,-0.0517823,0.72620183,-0.118046895,-2.0386407,-0.06824833,-0.20205246,1.4668816,0.39962575,-0.10116443,0.62026274,-0.21360897,0.04737207,0.6360531,0.034948673,0.1333249,0.09684936,0.33933383,-0.023414966,0.11529446,-0.090641014,-0.031988487,-0.25809067,0.094379716,-0.02287633,-0.027252797,-0.14977628,-0.7019542,-0.15566535,0.6113041,-0.01706866,-0.2733389,0.02337947,-1.0150181,-0.06433359,0.09826817,-0.17424507,0.0469183,-0.2529968,-0.02317283,0.20946147,-0.080878705,-0.17511496,-0.2760309,0.16923691,-0.17157304,-0.19795844,0.58470094,0.17919524
240,neutral,-0.073712766,0.24230768,0.25079826,-0.020833887,0.06345354,-0.24833846,-0.13556515,-0.07661695,0.048947368,0.083234586,-0.07320063,-0.019452043,0.087325424,0.040119138,-0.028981432,-0.15594797,0.058130126,-0.107070975,-0.20926382,0.017651865,0.15689564,0.044112157,0.037673462,0.1583416,-0.07817552,-0.15161054,-0.108343855,-0.18195587,0.19982296,-0.069715396,0.07747651,0.22405575,-0.039080217,-0.009591138,-0.03807201,0.11296621,0.10045551,0.20594248,-0.15901123,-0.05597786,-0.16420624,-0.20030674,0.12505852,-0.09915785,0.09180699,-0.1743498,0.1539597,-0.042136285,-0.10181136,-0.5711418,0.038562134,0.13356511,-0.07255039,0.7791949,-0.035020627,-1.5771793,0.05907986,-0.41265225,1.1308923,0.33133996,-0.1335579,0.19457084,-0.14682531,0.073088415,0.5203096,0.2092849,0.14047687,0.19778198,0.20216474,0.0081147235,0.18613663,-0.23760828,-0.21646915,-0.19451141,0.17341097,-0.030443434,-0.12419541,-0.03538213,-0.5457397,0.14879726,0.5042694,0.06755837,-0.26717257,-0.02172401,-0.7979313,-0.20751072,-0.00606693,0.013570928,-0.0022729228,-0.3223726,0.017943505,-0.11656053,-0.04927404,-0.107709564,-0.27606723,0.06839293,0.1359963,-0.018278899,0.31641406,0.09036115
241,neutral,-0.07254224,0.30777937,0.3410898,-0.18357345,-0.08955652,0.19104311,-0.18424015,0.13203031,0.10081517,-0.21354395,0.14242242,0.023714464,0.23120622,-0.0054059643,0.023232065,-0.15154618,-0.083695665,-0.033343285,-0.23805611,0.14586443,0.16559291,0.1661775,0.114133984,-0.17659628,0.17485908,-0.07588329,-0.014100406,-0.31658822,0.29769146,0.06771793,-0.016663702,0.33223093,0.014377781,0.062008943,0.232776,0.24029702,-0.027315479,0.015341025,0.19225295,-0.24114133,-0.28649867,-0.04208614,-0.033846516,-0.19712701,-0.15625174,-0.12621672,0.1759461,-0.21774428,-0.061927747,-0.68247783,0.040002264,0.022012332,0.07944789,0.5539541,-0.20908731,-1.5819528,0.09763541,-0.26258245,0.9536026,0.2013804,-0.07769397,0.65080434,-0.18223393,-0.27176923,0.49660707,0.11723627,0.2860347,0.10596763,0.046496622,-0.019143116,0.14316958,-0.15114312,0.12450126,-0.2599927,-0.01542427,-0.09220952,0.058504164,0.059361536,-0.35669923,-0.022833535,0.43264115,-0.19158992,-0.32331312,0.047469065,-0.99067277,-0.09701277,0.013606426,-0.043162744,-0.022091882,0.0070580095,0.08019054,0.061788708,0.025154177,-0.06849017,-0.40823573,0.12880692,-0.20118433,-0.13500214,0.2922091,0.25371146
242,negative,-0.091434486,0.02520076,0.19030885,-0.41685638,-0.18296264,-0.057989873,0.1099786,0.08677268,-0.07576988,-0.22373839,-0.08999091,-0.049132798,-0.01702307,0.10838686,-0.013886712,-0.18485285,-0.076264344,0.28496307,-0.43392804,0.3595571,0.038938724,-0.18183786,0.102001674,0.016833665,0.53266585,0.04302086,-0.084941,-0.24088913,0.2776646,0.011772669,-0.41239068,0.17755455,0.032930095,0.0071220812,-0.12453871,0.23627043,-0.11907377,0.0660499,-0.031625096,-0.003388052,-0.20792042,0.02338411,-0.20267808,-0.13530198,0.10807088,0.00087396073,0.092265494,-0.19814788,-0.012700334,-0.768904,0.092829034,-0.30947918,-0.028458377,0.6418274,0.05532792,-1.8842969,-0.14455892,-0.088125825,0.57176423,0.31914485,0.026174195,0.60928446,-0.13580845,0.007535815,0.53959763,-0.044565305,0.33115444,0.13857974,0.044289544,0.011212702,-0.0062859375,-0.08018698,-0.1714101,-0.45269543,0.02283325,0.06323362,-0.121448785,0.016127402,-0.5206365,0.20405638,0.39581713,0.18668123,-0.42078096,-0.041201055,-0.65203655,-0.28033262,-0.120912805,0.22100505,-0.1774076,-0.25729212,-0.036087688,-0.158598,-0.03708247,0.06817842,-0.30585322,-0.03551518,0.06003337,-0.024336569,0.41120374,0.13164075
243,neutral,-0.16420193,-0.0838324,0.3178342,0.073268645,0.04916484,0.089650206,-0.16713355,0.4096568,-0.03348063,-0.02695195,0.062146354,0.10384635,0.23579222,-0.010779953,0.043175954,-0.35543135,0.11877974,-0.113133125,-0.21096222,-0.014825847,0.2771318,0.1104587,0.2940763,0.0042512934,0.123546965,-0.08063818,-0.058459595,-0.043299012,0.21332635,-0.1479005,-0.27438205,0.123828,-0.15418063,0.04249625,-0.10919625,0.16674624,0.017943017,0.14812423,-0.039137974,0.14177485,-0.5971195,-0.18151365,0.0056529497,0.034105152,0.20060039,0.14717822,0.16303508,-0.05790108,-0.00647549,-0.07418903,0.1275231,0.12461293,0.040928032,0.7532756,-0.006493037,-1.4236188,-0.031187262,-0.13932633,1.3569589,0.4220251,-0.25823718,0.42817155,0.19172502,-0.40452993,0.28532284,0.12607305,-0.060933493,0.117869794,0.14704871,-0.08748514,-0.06339028,-0.2517653,-0.15377803,-0.31179538,0.31387612,0.23533624,-0.021465337,0.20449589,-0.6467035,-0.029402317,0.4445486,0.06868344,-0.20470126,0.07086515,-0.8000922,-0.011544449,0.009232368,0.03067262,-0.14978783,-0.28675213,0.039701127,0.10084113,-0.16227095,-0.13264655,-0.4945864,0.19355446,0.07848528,-0.023547983,0.25116545,0.00019171917
244,negative,-0.0005227766,0.04061538,0.40058622,0.14827116,0.061849847,-0.37546542,-0.24739486,0.14155208,0.013880153,0.09982671,-0.00805592,0.0010731398,0.2670523,0.08821843,0.015261872,-0.12895638,0.18557234,0.032624308,-0.66159743,0.05811603,0.3653643,-0.15124021,0.15033099,-0.067287676,0.049304783,0.29239926,-0.13636662,-0.18197554,0.4294718,-0.09688312,0.05356315,0.2565837,-0.2676112,0.09424917,0.038920783,0.33972022,0.38940972,-0.11854746,-0.31162792,-0.22155733,-0.4472211,0.039029267,0.60273755,-0.07391139,0.20472915,-0.38049626,0.21037154,-0.21376592,0.05903248,-0.61092037,0.033752542,0.008211328,0.20430747,0.7715589,-0.021414222,-1.7366427,0.17436294,-0.4363101,1.3832179,0.09271535,-0.0024263768,0.12738107,-0.20621076,-0.333092,0.6053025,-0.021198638,0.18416126,0.53715444,-0.11743688,-0.118482664,0.10213798,-0.33180976,-0.36523038,-0.53952044,-0.027987812,0.27002963,-0.20470303,0.12762952,-0.9174966,0.056719024,0.8451863,-0.16176692,-0.16799691,0.17491713,-0.75086874,-0.046712376,0.12472868,0.15124895,0.20604141,-0.46286812,-0.010480796,-0.04916077,-0.18222076,0.11420839,-0.66863245,-0.059190538,0.104348004,-0.061336957,0.39688668,0.19749449
245,positive,-0.22075972,0.2716295,0.17418645,0.27123883,0.03156923,-0.17593232,0.014346722,0.014465637,0.013912434,-0.12366356,-0.022720428,-0.0945853,0.14034338,-0.2043692,-0.024916498,-0.010707652,0.08806629,-0.088136464,-0.36004066,0.3232581,-0.13284002,-0.2601791,-0.099614665,0.042597197,-0.12205246,-0.106947035,-0.053305283,0.08348588,-0.04726761,-0.10023335,-0.21551035,0.24716184,-0.3130944,-0.037986115,0.053981144,-0.0030843643,-0.15043722,0.057694763,-0.24858123,0.07401207,-0.29916912,0.16311698,-0.052620873,-0.11343702,-0.22830735,-0.0924672,0.36858985,-0.25314695,-0.09181327,-0.6393376,0.2935327,-0.0037405214,0.11819418,0.52971375,0.21391921,-1.4137454,0.42496982,-0.5479522,1.1912613,-0.08006027,-0.14429902,0.2924137,-0.21387532,-0.26793307,0.63155043,-0.086473376,0.03634241,-0.0066434313,0.29293543,-0.1199882,0.22885881,-0.08167777,-0.059378576,-0.3710701,0.12307864,0.0572401,-0.16884972,-0.048442602,-0.54221964,-0.42772222,0.516914,0.18241155,-0.03863781,-0.07521935,-0.90548855,0.04219415,0.043090343,0.02040561,-0.16804996,-0.18271367,-0.058314063,0.06487973,-0.15709288,-0.30016857,-0.09554222,0.02510872,0.011742855,-0.28448483,0.28360286,0.52469057
246,neutral,-0.21767057,0.07409805,0.20147887,-0.18137588,0.04070269,0.26764363,-0.123834305,0.20372753,0.007461641,0.0933141,0.083898015,-0.041645575,0.023726648,-0.0057943915,0.3580143,-0.39482838,-0.018677864,-0.09121962,-0.09003686,0.15086433,0.036762048,0.038063932,0.12651335,-0.106108196,0.22365704,-0.118697554,0.16022117,-0.089604996,0.26545373,-0.06165321,-0.07520269,0.34143037,0.0069275317,0.19369096,0.12697473,-0.0056771776,0.14527915,-0.11237289,0.2573786,-0.3210809,-0.14934634,-0.19087122,-0.17648092,-0.11261746,-0.11169951,-0.08842972,0.09825226,-0.15023084,0.048757724,-0.57175744,0.1318744,0.10509506,-0.034128435,0.5926602,-0.09908843,-1.4712594,0.012299631,-0.015853954,1.0996349,0.333315,-0.04551544,0.5397449,-0.08398423,-0.086211205,0.4272073,0.03975233,0.21733536,-0.15726739,0.15353082,-0.0427598,-0.17013785,-0.25866324,0.1082221,-0.25191864,0.100078955,-0.029654935,0.21112873,-0.1454982,-0.34202904,-0.15903677,0.36101013,-0.43184772,-0.35280028,-0.0023761145,-0.7369242,0.08856574,0.2523502,-0.15289122,-0.10374544,0.08500387,-0.091659136,0.049803663,-0.17640778,-0.036848333,-0.2676314,-0.10418808,-0.21680999,-0.10346083,0.45596525,0.032955166
247,negative,-0.08620752,0.20773816,-0.054617874,-0.003891528,0.05681647,0.12555422,-0.006290535,0.15951066,-0.015815483,0.5090309,-0.027346937,-0.12663002,0.27506837,0.16379438,0.15464102,0.059860308,0.3345763,-0.12968172,-0.3842934,0.12124657,0.20414291,-0.22466336,-0.041980535,0.013240772,-0.003080036,-0.09315839,-0.10956399,-0.16508624,0.11842562,0.015492816,-0.17355162,0.21296504,0.015405954,0.15290011,0.014724036,-0.02187051,0.2673246,0.013865039,0.018657977,-0.032972906,-0.23057006,-0.05247842,0.36412054,-0.017399883,0.33478925,0.07151752,0.08726285,0.21389042,-0.07590705,-0.15749827,0.057959817,0.046987556,-0.11914159,0.5850952,-0.26507276,-1.665922,-0.1757279,-0.25021967,1.2797427,0.24140151,-0.18984169,0.60513586,0.08641014,-0.023891365,0.25357008,7.947998e-05,-0.07785585,0.003967161,0.04101877,0.13688254,-0.06520228,-0.5097392,-0.16418798,-0.4567018,-0.0021456033,0.0014789135,0.34148964,0.12336384,-0.7016313,0.042003904,0.3715141,0.09325721,0.037597705,0.0028461136,-0.77753943,0.039920058,0.22622289,-0.1829837,-0.070284925,-0.045332618,0.23568623,-0.170075,0.05127366,0.20956226,-0.41227078,0.07396281,0.015062222,-0.1339031,0.4886518,0.04290178
248,neutral,-0.198185,-0.07289247,0.17705545,-0.13657725,-0.053917963,0.11803979,-0.05601069,0.25980848,0.09201806,0.14091486,0.043512303,0.040026426,0.20126548,0.22116707,0.06368541,-0.03301806,0.14552581,-0.092387035,-0.2654869,0.17014289,0.29833364,-0.03251834,0.031439524,0.025228105,0.22921672,0.18218727,-0.112654775,-0.2536533,0.18438745,-0.038428493,-0.13677025,0.09719474,-0.037023745,0.106805384,-0.042116575,-0.028555028,0.07863298,0.075208806,0.09385885,0.013622398,-0.25094125,-0.123594716,0.054078665,-0.16928397,0.03628105,-0.099058665,-0.09126746,0.038338643,0.07329036,-0.33506164,0.011549092,0.0988541,0.09893366,0.6887309,-0.008044313,-1.5698783,-0.05699117,0.06344775,0.96547085,0.30742925,-0.047956392,0.52582616,-0.021370519,-0.10424058,0.4897728,0.14172298,0.09961319,0.117772825,0.026604705,0.024011234,0.04610105,-0.12729189,-0.016187385,-0.3151921,0.16958395,0.062012795,0.06652744,0.08176004,-0.4464048,-0.06224659,0.37504315,-0.08611572,-0.1803084,-0.012844577,-0.7838806,0.09625826,-0.021443577,-0.022443697,0.004862526,-0.064956844,0.125861,0.0044239718,-0.07288524,0.09089347,-0.32156086,0.077991486,-0.08445495,-0.18288706,0.2492251,0.010378417
250,neutral,-0.2437791,-0.010456116,-0.101925984,-0.19790818,0.04870133,0.38335982,-0.25521404,-0.12876233,0.158629,0.5305448,-0.031710543,-0.07369985,0.27834845,0.11614632,0.1514697,0.16086338,0.07129847,-0.123773225,-0.5690429,0.09346659,0.2508547,-0.19400238,0.117912166,-0.15756808,-0.0056176814,0.04517882,0.053163562,0.04428617,0.24761267,0.111391835,-0.03363787,0.09144995,-0.12247022,0.4378215,0.10288574,-0.16815029,-0.06999528,-0.075614214,0.31244925,0.079465486,-0.42522237,0.017704763,0.17081308,0.04932402,0.5080522,-0.12724185,-0.0351996,-0.012535626,-0.07717449,-0.27102926,0.070871346,0.10481787,0.081560545,0.8711433,-0.08650006,-1.1510707,-0.07636622,-0.05541884,1.4157414,0.080261715,-0.0810137,0.4393578,0.15747598,-0.08292972,0.4521312,0.1333908,0.105683364,0.059218485,-0.27465692,0.2286978,0.018072318,-0.6157746,0.023468465,-0.19266635,0.0041481294,0.34772938,0.3091956,0.22984174,-0.6988021,-0.16969809,0.7755904,-0.103368424,-0.2046436,0.10953334,-0.56968135,-0.037272833,0.3516353,0.31167883,0.04037503,-0.055441223,0.24362332,0.1794314,0.038509235,-0.09103202,-0.2225354,0.16771533,0.04302175,0.18084344,0.1145357,-0.0044215345
251,neutral,0.24462964,0.5174239,0.48462415,-0.032294825,-0.19813599,-0.14120096,-0.0030553727,-0.1273995,0.051642433,-0.024310494,0.107558884,0.13687426,0.3730277,-0.18931341,-0.086933374,-0.020814812,-0.08128015,0.38850707,-0.22467348,0.3124957,0.26475474,0.13939431,-0.12394806,-0.06996345,0.11464354,-0.23707218,-0.15273307,-0.40847906,0.33739612,-0.22197534,-0.14005543,0.121712714,0.13179882,-0.16765839,0.1441468,0.11269591,-0.3470244,0.3412132,0.02320549,-0.28833067,-0.31453025,0.067638695,0.3260525,-0.17979647,-0.065207,-0.03697249,0.5621699,-0.64093715,-0.06984744,-1.134818,0.47936988,-0.17461936,0.38569498,1.1015798,0.019940717,-2.2297258,-0.27482018,0.19020237,1.2918913,0.58934236,-0.21092172,0.46858075,-0.45139956,-0.07066812,0.8134778,-0.07735415,0.16140011,0.13856296,0.023507506,-0.13753729,0.22696476,-0.31415182,-0.5272494,0.027789965,-0.1406049,0.009743343,-0.0728145,-0.2557014,-0.4393783,-0.18543637,0.30879545,0.1413459,-0.44811824,-0.23765938,-1.3465877,-0.41852933,-0.067858376,-0.08256515,0.0059921043,-0.34970668,-0.0167053,-0.07552028,-0.14467695,-0.245494,-0.45749852,-0.1203602,-0.2689806,-0.17558149,0.44550037,-0.011535448
252,neutral,-0.2042008,0.09420652,0.40579343,-0.13511337,-0.18571408,0.14922345,-0.12040603,0.093474165,0.06175049,0.18460304,0.13502505,0.012033374,0.15333915,-0.042210337,0.057788182,-0.07473345,0.10635954,0.16396594,-0.31385463,0.033574272,0.10506669,-0.115221046,-0.03182662,-0.09930206,0.15796347,-0.055814173,-0.11378281,-0.090259425,0.30092803,-0.074087925,-0.106866896,0.30853754,0.012460802,-0.082145244,0.04796259,0.18241876,-0.19636184,-0.069429494,0.1138396,-0.29175678,-0.21729942,-0.18846627,0.16269208,-0.16538411,-0.10016712,-0.10664558,0.07994503,-0.06262804,0.056368165,-0.44502532,0.09374668,0.08733413,0.16761975,0.81193936,-0.1052699,-1.4760619,0.035512052,-0.003552486,1.1414253,0.3652143,-0.18018396,0.5139991,-0.056691345,0.049726784,0.32406074,0.121543154,0.12804657,0.3012417,-0.01100227,-0.07411767,0.19885357,-0.24533743,-0.15790536,-0.347146,-0.003976137,0.24289678,-0.07139128,0.109875135,-0.5786697,0.17862917,0.48113027,-0.15390094,-0.23488276,-0.108461365,-0.82169867,-0.23545071,0.08252393,-0.11314898,-0.023204364,-0.1971723,0.070818715,0.10619296,0.0151332,0.00017654305,-0.16049954,0.009935137,-0.19575,0.030344693,0.33771038,-0.049623184
253,neutral,-0.2042008,0.09420652,0.40579343,-0.13511337,-0.18571408,0.14922345,-0.12040603,0.093474165,0.06175049,0.18460304,0.13502505,0.012033374,0.15333915,-0.042210337,0.057788182,-0.07473345,0.10635954,0.16396594,-0.31385463,0.033574272,0.10506669,-0.115221046,-0.03182662,-0.09930206,0.15796347,-0.055814173,-0.11378281,-0.090259425,0.30092803,-0.074087925,-0.106866896,0.30853754,0.012460802,-0.082145244,0.04796259,0.18241876,-0.19636184,-0.069429494,0.1138396,-0.29175678,-0.21729942,-0.18846627,0.16269208,-0.16538411,-0.10016712,-0.10664558,0.07994503,-0.06262804,0.056368165,-0.44502532,0.09374668,0.08733413,0.16761975,0.81193936,-0.1052699,-1.4760619,0.035512052,-0.003552486,1.1414253,0.3652143,-0.18018396,0.5139991,-0.056691345,0.049726784,0.32406074,0.121543154,0.12804657,0.3012417,-0.01100227,-0.07411767,0.19885357,-0.24533743,-0.15790536,-0.347146,-0.003976137,0.24289678,-0.07139128,0.109875135,-0.5786697,0.17862917,0.48113027,-0.15390094,-0.23488276,-0.108461365,-0.82169867,-0.23545071,0.08252393,-0.11314898,-0.023204364,-0.1971723,0.070818715,0.10619296,0.0151332,0.00017654305,-0.16049954,0.009935137,-0.19575,0.030344693,0.33771038,-0.049623184
254,neutral,-0.22372647,0.12051671,0.22626127,-0.12298183,0.11904489,-0.44228855,-0.050283268,-0.14819536,-0.015659021,0.52181226,0.22952236,-0.47708884,0.11363458,0.19800827,0.2277454,-0.10464321,0.15846589,-0.21121791,-0.100930564,0.14431956,0.08886929,-0.092598334,0.07217203,0.07245859,0.07072851,-0.20700097,0.06025751,0.14931671,0.10469995,0.13792796,0.015557729,0.4495626,0.03257536,0.4271641,0.22511625,0.29916143,0.13565232,0.07167791,-0.14989766,-0.06997668,-0.35960394,-0.18704139,0.3065242,0.12598819,0.157643,-0.24489114,0.17367342,0.07451429,-0.050941292,-0.5246329,-0.019101195,0.412422,0.17616956,0.8792352,-0.18269129,-1.608344,-0.017623007,-0.063141815,1.3369337,0.3823746,0.03461512,0.3282285,0.2459304,0.018377112,0.34617835,0.25454608,0.0182228,0.09616981,-0.2788353,0.20257834,0.1733548,-0.3694549,-0.046229135,-0.2791064,0.0024747313,-0.06721584,0.2515796,0.099139914,-0.47433245,0.31684855,0.5944808,0.10230628,-0.17188522,-0.08822562,-0.65212214,0.060055282,0.28914642,0.14760818,0.09948429,-0.20494929,0.0018562328,0.08786288,-0.04528791,-0.1693723,-0.4139238,0.21526314,-0.13629693,-0.18241762,0.39659417,-0.09218902
255,neutral,0.010558024,-0.054095697,0.38611898,-0.22831568,0.20818543,-0.1475227,0.06264054,0.048616897,-0.41142026,-0.11896969,-0.2850837,-0.22154151,0.085638955,0.1584269,-0.26258573,-0.076436006,0.47284114,-0.11352477,-0.74937916,0.17450747,0.1303713,0.06363183,0.26736942,-0.1219161,-0.15660718,0.13755248,-0.022055484,-0.59782845,0.17467552,-0.12662306,0.094832465,0.49213818,0.060726386,0.23803252,-0.21862029,0.0030863234,0.11638741,0.24165694,0.13637623,-0.19954294,-0.6360195,-0.060998827,0.1484974,-0.23508254,-0.13218585,-0.34759295,0.20294195,-0.015001451,-0.03442853,-0.30116546,0.18701471,-0.29953784,0.30126086,0.46932337,-0.031233113,-1.8847299,0.1075905,-0.095874615,1.2298064,0.4166529,0.0022866956,0.2729993,0.097761795,-0.1485759,0.6557232,0.09395899,0.33247498,0.5848206,0.059709158,0.4477135,0.16430159,-0.18392323,-0.38576314,-0.055334646,-0.042190336,-0.03139245,-0.040175688,-0.08918659,-0.68012846,-0.003511715,0.10810531,-0.041003816,-0.30749977,-0.16875617,-0.77939194,-0.097860575,0.25632843,0.023649111,0.14199938,-0.5351478,0.47407058,-0.40572327,-0.2525169,0.3905678,-0.60386235,0.10187783,-0.014878691,-0.25523326,0.315663,0.13707045
256,neutral,0.46828154,0.5839589,0.3881978,0.1216814,0.43036374,-0.5681357,-0.6092427,0.13997024,-0.25695732,0.4785779,0.056737203,-0.73256946,0.4753852,-0.0960935,-0.44364136,0.37303117,0.4199296,-0.21598387,-0.79786205,-0.22312805,-0.201119,0.18487498,0.7061593,-0.18318994,0.20085242,0.36797184,-0.18213749,-0.26018578,0.529767,0.38034773,-0.59725124,0.19187479,-0.88111734,0.60781294,-0.1339693,0.16287364,0.76439524,0.5522691,-0.8308538,-0.083339356,-1.0079014,0.17006709,0.21123634,-0.16908485,0.54637533,-0.21234575,0.28421655,-0.01687715,-0.18986313,-0.46478418,0.1885239,0.39518774,-0.20491242,0.84176123,-0.46307468,-2.2623832,-0.14220469,-0.032896124,1.7791362,-0.076086864,-0.25792548,-0.04884977,-0.5336022,-0.19146846,0.23115396,-0.19659245,-0.5654286,0.6713441,0.5367074,0.34743673,0.19103748,-0.3377084,0.06953538,-0.50941646,0.26470542,-0.3143589,-0.046301406,-0.30758643,-1.6284466,0.016427392,1.5834444,0.0075672586,0.26223066,0.09946944,-1.1883237,0.11604016,-0.2469701,0.40254745,0.51429754,-0.6286216,-0.40124464,0.43915355,-0.4139475,-0.28056753,-0.19254893,0.9388342,-0.087219596,-0.014513134,0.96014434,0.4868355
257,negative,-0.41884837,0.11595667,-0.069478296,0.16633092,-0.21203576,-0.16285072,-0.04127612,-0.031147474,0.15197282,0.3765103,0.03566689,-0.06472726,0.32680914,0.083711,0.10098711,0.034708623,-0.16157962,-0.32486817,-0.410236,0.007272084,0.43820882,-0.12725627,0.09497432,0.01294198,0.010434501,-0.047933266,-0.32005453,-0.14907436,0.24011664,-0.07589929,-0.05006905,-0.12322871,0.033108264,0.16237155,0.2557482,-0.11620785,0.31824812,-0.15707798,0.05534658,0.008131076,-0.3604749,-0.022639483,0.22201437,-0.08312109,0.20024757,-0.20919278,0.2033109,-0.018751873,-0.19344817,-0.45462826,0.18166128,0.29742524,0.22795586,1.0302,-0.13013327,-1.7229882,0.1518053,-0.4302781,1.3131732,0.28131452,0.15260355,0.36796376,0.18723486,-0.094279036,0.6718882,0.19569242,0.035612755,0.096464336,-0.09051798,0.083091296,0.39248207,-0.56830585,-0.37151942,-0.44617495,-0.05982956,0.07788399,0.16533013,0.25269556,-0.76882577,0.2244141,0.84601164,0.06541664,-0.12020805,0.0965027,-0.5965819,-0.15609801,0.35368723,-0.020170577,0.3152505,-0.21178941,-0.14778373,0.09602948,-0.30327943,0.34605154,-0.5306086,0.068172894,0.15754054,0.17731425,0.5214899,0.27527294
258,neutral,-0.038614538,0.122428045,0.28912893,-0.024648275,-0.062282417,-0.46296075,-0.13264969,0.04915747,0.007612871,0.22802728,0.0061198785,-0.13416053,0.15723373,-0.023285706,-0.08899782,0.0063937106,0.028960403,0.08882656,-0.19111447,-0.04287083,0.23381488,-0.31143022,0.008310429,0.1393743,0.14148769,-0.031661365,-0.023575146,-0.12300012,0.03139286,0.104346305,-0.28912243,0.18016373,-0.18187582,-0.09930331,0.0067613088,0.20665051,0.16406712,-0.006842914,-0.17946717,-0.064097926,-0.18597522,-0.02726254,0.01946915,-0.10021483,0.16715495,-0.13352937,7.7311284e-05,-0.28506136,-0.10307184,-0.53476363,0.03726345,0.10256366,-0.021576764,0.698469,0.12971312,-1.4564427,0.010915548,-0.1796573,1.0851709,0.099676974,0.016692266,0.32209927,-0.15316989,-0.105434574,0.45616755,-0.019175975,0.17075488,0.25669482,-0.026584383,-0.053372663,0.24170032,-0.075239465,-0.08015775,-0.19121507,0.08112157,0.1413304,-0.15981539,0.047032967,-0.617375,0.14390354,0.3859996,0.026779046,-0.29569992,-0.015323582,-0.9327187,-0.18594635,0.013478316,-0.11758616,-0.07656429,-0.28562447,-0.036115922,0.06517751,-0.12059163,-0.011612246,-0.23463759,0.0098777125,-0.035198834,-0.32049266,0.47305363,0.10426887
259,negative,-0.13354662,0.34983888,0.35876277,-0.07654119,-0.0015925637,-0.09245499,-0.17702504,0.13436662,0.029747864,-0.039015587,0.03722391,0.029544748,0.13984989,-0.19916606,0.0136041725,-0.1804302,-0.1495205,0.16276112,-0.14821598,0.11476783,0.32328612,0.04035811,0.062025264,-0.24698132,0.21636531,0.1741072,-0.23526411,-0.331889,0.20462313,0.03577314,-0.10490773,0.48026043,0.0107548665,0.06651947,0.042010713,0.1734765,-0.056205675,0.10693712,0.1004876,-0.14632314,-0.18151607,-0.19383855,0.17770283,-0.11614407,-0.28659734,-0.080998324,0.0048194234,-0.14889601,-0.08869982,-0.77634597,0.029423803,0.025938567,0.05889896,0.6767274,-0.06944682,-1.9141527,0.036914464,0.017160019,1.3919955,0.2515711,0.041269626,0.5102501,-0.345589,-0.12810285,0.57251805,0.026772356,0.3187998,0.06378066,0.11267352,-0.31614017,0.12553667,-0.063000984,0.056444157,-0.14401439,0.10770194,0.13647856,0.015017423,-0.085363,-0.39960125,-0.15220736,0.2870071,0.124011315,-0.34910518,-0.0033172313,-1.0196218,-0.08636183,-0.018205067,-0.10880149,-0.19594118,-0.24579857,-0.0940339,0.0056018448,-0.16079758,-0.19652961,-0.46036795,-0.05704778,-0.1051247,-0.1251302,0.41904613,0.2577942
260,neutral,-0.18926756,0.45794708,-0.0056625716,-0.027787378,-0.12948577,-0.02093255,-0.1128837,0.021933101,0.20680195,0.17542239,-0.08258912,-0.08751576,0.13198613,-0.011794305,-0.14835194,-0.09465457,-0.074818365,-0.1564838,-0.47992563,-0.19784366,0.25600237,0.05007002,0.3407379,-0.22574112,0.028476471,0.26194748,-0.23121008,-0.06720971,-0.05391499,0.05559686,-0.3509156,0.085107125,-0.08547133,0.10623849,-0.14430766,0.18737727,0.24824414,0.13995962,-0.36130467,-0.15197176,-0.4043686,-0.011636005,-0.31127524,-0.28668046,0.30590066,-0.05026191,-0.029339148,-0.014863715,-0.17805775,-0.47371134,-0.16888319,0.12705845,-0.19983692,0.801779,-0.06318454,-1.5513318,-0.023213314,-0.2545776,1.3438189,0.11955491,0.0005114768,0.2554712,-0.08371609,-0.39366096,0.72891146,0.1329688,0.056019023,0.18058522,0.42236954,-0.28427386,0.2804609,-0.42702702,-0.3669702,-0.22485337,0.17115594,0.1210822,-0.32141268,0.21571577,-0.46776417,0.10252123,0.29780832,0.074934885,-0.2294419,0.15513134,-0.7836052,0.04983589,-0.09825711,0.068434544,-0.10257713,-0.20589373,-0.106552035,0.14028175,-0.010923828,-0.14377639,-0.4591551,-0.17313464,0.16083668,-0.0635454,0.6194622,0.43075973
262,negative,-0.15600346,0.11034065,0.27500978,-0.14292516,0.016926033,-0.22999051,-0.18407372,-0.11426632,0.038181916,0.16751729,0.076658525,-0.12981468,0.104421124,-0.19371054,0.11875709,-0.057202112,-0.014448905,0.0690818,-0.23996684,0.103089996,0.21636303,0.011959625,-0.0007433648,-0.06264816,-0.26191527,0.014083136,-0.16577384,-0.027799355,0.018530712,-0.15282713,0.08080982,0.24759462,-0.106973164,-0.010295037,0.1123348,0.35481706,-0.059256375,-0.16395527,-0.34884745,-0.08803456,-0.24599132,-0.21156697,-0.18395935,-0.1980939,0.028264059,-0.2631129,0.20766792,-0.30811477,-0.032329004,-0.77773225,0.19641064,-0.0411236,-0.052996673,0.9314244,-0.08586975,-1.8274419,0.06786996,-0.27653497,1.6093283,0.15339257,-0.017859604,0.40692937,-0.34175682,-0.0858313,0.532445,0.34036586,0.11276237,0.1596961,0.21893682,-0.3667607,0.2616961,-0.42189535,0.106795706,-0.23903996,0.073379226,0.23513143,-0.073186174,0.055920623,-0.6027967,-0.052927252,0.54785216,-0.26742747,-0.37303662,-0.12613854,-1.3015634,0.012169705,0.12882167,0.109331295,0.09713231,-0.20388749,-0.18180019,0.018882643,-0.24884215,-0.027584039,-0.24853382,-0.13528599,0.015671995,-0.22998655,0.55271477,0.2337576
264,neutral,-0.17854889,-0.096801825,0.07083279,-0.062244803,0.14846276,-0.009944845,-0.08627094,0.060998216,-0.07809082,0.04292287,0.22140515,-0.064550206,0.06284913,-0.09159582,0.23390824,-0.22615343,-0.01188356,-0.19537044,-0.0017327811,0.1423155,-0.15520692,0.07027495,-0.02763842,-0.14765574,-0.052670088,-0.18091269,0.07991299,0.026154947,0.099631965,0.07473513,-0.12676753,0.4625272,-0.30769503,0.06840594,0.049760018,0.1449144,-0.06789411,-0.03499188,-0.02081187,-0.12971194,-0.13089298,-0.13285336,-0.18250673,-0.03734955,-0.08537109,-0.04532008,-0.006424156,-0.31146115,-0.011461814,-0.38861656,-0.04100334,0.18050314,0.22439846,0.5763909,0.055878498,-1.4590122,-0.033460755,-0.16610196,1.1793811,0.048384227,-0.08819344,0.5851947,-0.12616666,-0.22935545,0.49100906,-0.0002750394,0.24509914,0.056496594,0.10771223,-0.08272867,-0.030637437,-0.03030644,0.34041783,-0.28486186,0.0127784,0.12760541,-0.07813116,-0.044914868,-0.49621773,-0.13806644,0.33538273,-0.24088198,-0.18979213,0.020665638,-1.0134116,0.113938265,0.11690591,0.03359142,-0.08748574,-0.09562968,-0.0902517,0.16466688,-0.007620431,-0.16073865,-0.21330944,-0.10266417,-0.20492962,-0.3675208,0.48123345,0.2500634
266,neutral,0.05384193,0.0454912,0.19283822,0.14231421,-0.03226478,0.23507646,-0.093273275,0.12103137,0.05293509,0.101927646,-0.1683601,0.0036724752,0.30773962,-0.06044708,0.06703787,-0.19004335,-0.05577627,-0.10171681,-0.6552832,0.11572614,0.40245548,-0.09237751,0.12844172,-0.04249071,-0.0025318605,-0.24943471,-0.08671293,-0.27942133,0.25606146,0.0073904437,-0.037908543,0.13599125,0.023817439,-0.11804129,-0.16195555,-0.014356603,0.10409132,0.102682814,-0.17338821,-0.04832894,-0.533109,-0.23464245,0.28227687,-0.011961507,0.13445765,-0.1833096,0.16178805,-0.17143188,-0.20061612,-0.49480847,-0.08777909,-0.061118666,0.21772672,0.9829811,-0.1649227,-1.6244137,0.040390808,-0.39463553,1.4852514,0.2712984,0.05054952,0.3373882,-0.18566643,-0.3091362,0.7127084,0.08345564,0.035463862,0.1282322,0.006209583,-0.21800548,0.16412267,-0.3021057,-0.23003927,-0.16883776,0.012410857,0.06594697,-0.23016985,0.12375199,-0.8389823,0.039459474,0.5135845,0.23270784,-0.16046554,0.2905656,-0.8519104,-0.004976232,0.07671383,-0.123596825,0.21354088,-0.12632412,-0.09676242,0.030279478,-0.25316027,0.023262858,-0.5351058,0.094122596,-0.108653024,0.12319435,0.3678478,0.0682319
267,negative,-0.030764394,0.2048269,0.113469295,-0.23447509,0.14785305,0.23141435,-0.05213636,-0.03708544,-0.022706589,-0.08837469,-0.026544578,0.13995244,-0.23214416,0.032484718,-0.09672676,0.26753822,0.3051044,0.07039024,-0.11994298,0.26305312,0.10834638,-0.20334384,0.10576011,-0.14953183,0.35272127,0.011097303,-0.19076677,-0.35984212,0.40337315,-0.23237833,-0.014707698,0.08925621,-0.15241762,0.12836555,0.018691154,0.06763551,-0.0065793386,0.2915801,0.026897755,-0.11006341,-0.24816917,-0.1293499,-0.040304534,-0.44610643,-0.097709954,-0.16754653,-0.01597872,-0.21308494,-0.31115448,-0.27500844,0.013167442,-0.25540784,0.19917397,0.800444,-0.35231557,-1.172962,-0.15616211,0.1970293,0.87078345,0.05050449,-0.15608367,0.62801224,-0.63114,-0.10171927,0.54784423,-0.047396775,0.19399373,0.35117048,0.034391664,0.07623422,0.13996015,-0.305083,-0.20336565,-0.008715545,-0.058223803,-0.0034071873,-0.16583334,-0.23097062,-0.37808523,-0.05401207,0.48186445,0.27575207,-0.12410867,-0.019196594,-0.85541683,-0.016353967,-0.17056766,-0.08460939,-0.04445222,-0.19746487,-0.12627563,-0.17642237,0.07302854,-0.026364423,0.04573941,-0.12823135,0.13818912,-0.02345691,0.42423555,0.09798525
268,neutral,-0.13009885,0.08519299,0.17958295,0.0026707018,0.07824932,-0.6385305,-0.27894965,0.089946136,0.05393796,0.07781066,-0.2647514,-0.23169288,0.28900263,0.008862835,0.022491546,-0.07813406,-0.06618389,-0.3204087,-0.3650693,0.045447163,0.5344133,0.13544703,0.0712296,0.020555547,-0.045498073,0.058209255,-0.15033229,-0.16808715,-0.06852687,-0.3048477,-0.3232628,0.1378459,-0.027505375,-0.010962127,-0.07216978,-0.105619304,0.052602697,0.009375647,-0.1611498,-0.094904654,-0.48350853,-0.2651947,0.13736255,0.11149743,0.41502592,-0.176141,0.6030817,-0.019103887,0.08895076,-0.61717576,-0.062187653,0.13173245,0.16519777,0.8847119,0.024306957,-1.8483618,-0.12505648,-0.2297231,1.5013833,0.3596355,-0.2247195,0.47984168,0.053629804,-0.38074234,0.41104284,0.38460755,0.10236139,0.012598943,0.36357325,-0.18577012,0.32448098,-0.21672465,-0.16059016,-0.3434026,0.118836224,-0.05476909,-0.11586797,0.22616506,-0.68878543,0.09376655,0.69565517,0.20203766,-0.23665039,0.1980998,-0.7089665,-0.062482435,-0.04808328,-0.29818863,0.017027175,-0.49114642,-0.03145978,0.15487382,-0.43542525,-0.13372162,-0.51517814,0.17145641,-0.02936854,-0.04980807,0.5587022,0.045998406
269,negative,-0.010862451,0.24385136,0.42296028,-0.08853865,-0.04826307,-0.032502487,-0.29451144,-0.041319408,0.21784826,-0.13538174,0.013682936,0.15985726,0.24397245,-0.030772785,-0.18685201,-0.13841471,0.0556697,0.22919194,-0.31712288,0.09409532,0.298152,0.045772426,0.034643825,-0.041882608,0.10595129,0.13751915,-0.13618115,-0.3548674,0.034598496,-0.24030243,-0.07633487,0.31897488,0.09163496,-0.05947262,0.09754852,0.09882016,-0.070876725,0.03071262,-0.16344976,-0.18600267,-0.38992667,-0.16225585,0.0818757,-0.30811983,-0.012439284,-0.25301558,0.28189242,-0.085405126,-0.13570282,-0.7694841,0.22339258,-0.16079313,0.01271001,0.78754675,-0.013737597,-1.829418,0.1045294,-0.118459575,1.4404017,0.25842324,-0.3290503,0.4515857,-0.30659065,0.009087009,0.51353437,0.087347716,0.1704273,0.34701958,0.044928465,-0.14580888,0.13242848,-0.2588564,-0.14165469,-0.2669369,0.06279623,-0.0043606507,-0.18204945,-0.08245551,-0.64084274,-0.06620339,0.5968078,-0.019489072,-0.3033077,0.055640176,-1.2451761,-0.14263691,0.0354982,0.10405689,-0.16153723,-0.30736458,0.14013577,-0.014977281,-0.090357095,-0.09164406,-0.39573345,0.068631835,-0.07587685,-0.34091058,0.37472096,0.06670017
270,neutral,-0.008299289,-0.058067948,0.10245751,-0.19850351,0.18680617,0.15627751,0.018389672,0.3147916,-0.032534193,-0.13002205,-0.00963558,0.07679324,0.1714999,0.1069163,0.20516758,-0.2008919,0.1653915,-0.09211617,0.044799425,0.0592868,-0.08660203,-0.05730841,0.105046965,-0.04457088,0.45288602,0.05837274,0.13724881,-0.14152572,0.21224865,0.15135048,0.024260433,0.37974676,-0.028481646,0.23214456,0.19187926,0.011465992,-0.051416457,-0.17448747,0.017932415,-0.1297591,-0.18677518,-0.21316056,-0.23804414,0.16866806,-0.077927545,-0.21321332,0.14983475,-0.18774904,0.103821106,-0.5829492,-0.02025559,0.076874144,0.16569671,0.7152138,-0.03068988,-1.6369181,-0.00040543117,-0.08313829,1.2188866,0.3299557,0.10557856,0.4889119,-0.26607388,-0.14624654,0.46050844,0.17946808,0.06638966,0.09252957,0.13115622,-0.08773344,-0.10385878,-0.24739517,-0.005289072,-0.33896092,0.2208065,0.06561196,0.054407638,0.17190894,-0.4561177,-0.28905618,0.40333852,-0.3349182,-0.30537492,0.024341723,-0.95529324,-0.13061681,0.19185178,0.15312473,0.11869404,0.054891046,0.1595619,0.122491404,-0.15032862,0.23987065,-0.40152732,0.08065147,-0.041519042,-0.10856641,0.3802577,0.050437044
271,neutral,-0.32697058,-0.026103184,0.18384667,-0.073931515,-0.26853624,-0.12738563,0.4484713,-0.008912995,-0.24890447,0.567462,0.35951835,-0.037380487,0.29486567,0.13644958,0.48591396,-0.11994355,0.082170464,0.14349768,-0.34297925,0.30941197,0.8979457,-0.012732206,0.02772325,-0.059880678,0.36579248,0.63868594,-0.36024112,-0.12809937,0.18886404,0.0150586935,-0.15207915,0.35912672,0.22554272,0.32043222,0.18941693,-0.060259428,0.18986954,-0.18286945,0.1138419,0.57034034,-0.34936103,-0.2881168,0.32946017,-0.04722959,0.3727731,-0.06779375,0.28742513,-0.056430373,-0.12646894,-0.4766975,-0.10644524,0.33218455,0.13216676,0.73330146,-0.03004895,-1.3712848,-0.14339031,0.03356149,1.4328437,0.5279407,0.22067331,0.7971653,0.10797494,0.42327076,0.14827532,0.30117095,0.13395819,-0.01680921,0.10007294,-0.1766839,-0.05047623,-0.27896103,0.23470603,-0.16195759,0.33370024,-0.047595844,0.03006232,0.17585622,-0.29172385,0.23657706,0.4142625,0.084232286,-0.51672006,-0.015510373,-0.5825297,0.045832917,0.43963555,-0.2746609,-0.0254726,0.21658021,0.004549975,0.103592575,-0.0108577935,-0.12408649,-0.3321289,0.16305651,0.13940553,-0.17327593,0.6106416,-0.40107194
272,neutral,-0.052347828,0.30258596,0.14410573,-0.33434138,0.2113541,-0.49210864,0.048573937,0.2139014,0.13896629,0.3529181,0.4805914,0.27603477,0.21608867,-0.05265703,-0.062485,-0.41741142,0.018625941,-0.08421613,-0.14770828,-0.037388273,0.5422559,-0.12644635,0.09718509,-0.016203223,0.20764193,-0.009070661,-0.47696432,0.2567313,0.006487488,0.07259209,-0.10093576,0.08620869,-0.20714998,0.050988253,0.090379156,-0.042230096,0.2523872,0.12487797,0.054077912,0.2092865,-0.21923378,-0.5140809,0.0021273876,-0.017672122,0.47945696,0.29146993,-0.19105065,-0.2774313,-0.3649604,-0.3173958,0.06803507,0.27184996,0.07307556,0.98570126,-0.2635782,-1.4259932,-0.17315118,-0.34054914,1.3619181,0.35182506,-0.08503041,0.23375612,-0.10188761,0.07789582,0.32580945,0.26824018,-0.037826788,-0.041234348,0.058747947,-0.16920415,0.017893529,-0.101338714,0.33988056,0.01601424,0.11152103,0.10924473,0.16325456,-0.10390521,-0.7108301,0.20704955,0.47574148,-0.06730762,-0.36233056,0.31240648,-0.32574877,-0.24623357,0.26560536,-0.23081149,-0.05524506,-0.30372828,-0.035879247,0.16260569,-0.29975826,-0.4394463,-0.25635254,0.32260233,-0.13306515,-0.08431129,0.44504708,-0.038507227
273,neutral,-0.23036186,-0.08130618,0.2901401,0.015554948,0.008164775,-0.10747058,-0.18953077,0.054447763,0.019999318,0.244877,0.12341294,0.02978852,0.092829324,0.10748459,-0.16418397,0.15978378,0.197022,-0.17223233,-0.5877201,-0.04395235,0.08386459,-0.35503125,0.100024074,-0.17518868,-0.25628328,-0.35950235,-0.01197485,-0.21153867,0.16779755,-0.046145428,-0.13586727,0.21544704,-0.3306754,-0.14683208,-0.11262793,-0.02390709,-0.028691357,0.16426852,-0.19031748,0.16681395,-0.4299451,-0.2569461,0.22585061,0.11477211,0.060638517,-0.097857,0.072502956,-0.14527723,-0.056781363,-0.5568626,0.3717289,0.072812915,0.2001775,0.95807976,-0.078621976,-1.4809738,0.07393848,-0.25176275,1.3734558,0.34336686,0.020905048,0.15475625,-0.16146404,0.015588339,0.79754615,0.10771161,-0.025688075,0.270237,0.30200234,0.09615445,0.14585383,-0.23220696,-0.1790001,-0.49464765,0.047029674,0.12782957,0.080031276,-0.0024040171,-0.9236326,-0.015740465,0.6580545,0.13673824,0.08012089,0.10063888,-0.9464701,-0.22295943,0.17691585,0.36340588,0.18868797,-0.2296109,0.1360201,-0.16901112,-0.13105522,0.10290088,-0.15602449,0.13090707,0.017661374,-0.19284046,0.4360463,0.09375539
274,neutral,0.0030874584,-0.038230125,0.2673945,-0.4550983,-0.10709665,0.20199999,0.013937638,0.00025625876,0.13755022,0.025925005,0.186242,-0.04249981,0.08875876,0.13452703,-0.02781006,-0.10958237,-0.007143152,-0.03524722,0.014865953,-0.263088,0.22720668,0.20273072,-0.10504328,-0.27687043,0.2482936,-0.02998975,-0.25119767,-0.12304239,0.31221303,0.04503543,0.020980598,0.29465875,0.070616685,0.31666338,0.11915389,0.06335935,-0.09202485,0.09938166,0.25368714,-0.3011987,-0.0564159,-0.11651345,-0.09045215,-0.15774058,-0.091150545,-0.12525664,0.13090321,-0.0493571,-0.08453394,-0.41161862,0.05382269,0.08054128,0.09436551,0.6274563,-0.087369636,-1.5801044,-0.17597757,-0.03037581,1.1444514,0.6217403,0.23840187,0.46903077,-0.05284887,0.16357434,0.3912715,0.06029539,0.49083167,-0.073406436,-0.02929201,-0.053386785,0.1576612,-0.018539835,0.14560916,-0.2115688,0.12754166,0.06831372,-0.015569863,0.023897266,-0.21079642,-0.07516862,0.25595424,-0.06428547,-0.04832451,-0.042340454,-0.661942,-0.19525649,0.13354875,0.07436869,0.05790298,-0.102105215,-0.017463109,0.036061928,-0.17219749,0.10852379,-0.10924954,-0.088180915,0.008119268,-0.19644763,0.387165,0.12640013
275,neutral,-0.034514196,0.100480355,0.3328665,0.064295195,-0.04746399,-0.14354676,-0.29810408,-0.0883328,0.13785681,0.0410888,-0.20139268,0.003215713,0.23605034,-0.07085556,-0.087231085,-0.19956908,-0.14498824,0.06941067,-0.42774948,0.06250967,0.3008736,0.052143954,0.10680427,0.0002715121,-0.09818528,0.1256786,-0.07090418,-0.30709302,0.18579304,-0.04579688,0.064121045,0.13431427,-0.05982875,-0.048487116,0.04935295,0.041847605,0.06557626,0.065661155,-0.10659955,0.05085898,-0.5474234,-0.12262569,0.16657326,-0.17941438,0.16082837,0.030280292,0.37533897,-0.034491025,-0.29158118,-0.6144597,0.1140193,-0.026012119,-0.18138796,0.8311982,0.110454336,-1.831374,0.10004791,-0.32496366,1.408668,0.30317143,-0.20821013,0.46595356,-0.18712665,-0.16939746,0.5104818,0.08558949,0.22789802,0.040283095,0.22891264,-0.11225277,0.12704247,-0.35307986,-0.10863766,-0.24400704,0.309215,-0.04950385,-0.19380021,0.10854804,-0.70652217,0.13232335,0.6152074,0.07446225,-0.33720005,0.19325927,-1.0010878,-0.17866099,-0.05072128,0.019546345,-0.0807683,-0.4711024,-0.093137614,-0.039640274,-0.06678362,0.0070119407,-0.30304134,0.24006678,0.07292236,-0.25135154,0.36413452,0.004802845
276,negative,-0.040466562,0.024523858,0.27706355,-0.1727847,-0.39567545,0.09841512,-0.012294773,-0.019263592,0.12009025,0.22623798,0.14865614,0.15938717,0.063939594,0.08037461,0.16149601,0.043024004,0.03212764,0.22356346,-0.29881924,0.09212097,0.44697505,-0.05111875,-0.03518057,-0.31163007,0.034865573,0.34556013,-0.3876106,-0.1522681,0.20968358,-0.06024846,-0.03392407,0.1974737,-0.03468353,0.029415429,0.25683245,0.018123308,-0.04426466,-0.15275979,0.32323226,0.022199152,-0.22518913,-0.0028391841,0.015768202,-0.26136288,0.18443048,0.020381028,0.15043926,-0.050346892,-0.21858364,-0.35920095,0.12062401,0.105445035,-0.052874196,0.7225694,0.043785002,-1.3478734,0.023059297,-0.00956794,0.89639837,0.11261655,-0.059314888,0.38715076,-0.2666705,0.02703167,0.45300022,0.2368054,0.2948857,0.045019828,-0.13541344,-0.10600161,-0.010903066,-0.41262612,0.06970898,-0.13541724,-0.051898047,0.12546144,0.021979745,-0.006320813,-0.43215913,0.15159298,0.44037622,0.049600318,-0.26504767,0.13679513,-0.79090965,-0.07031915,0.11626199,-0.08395161,-0.023765199,-0.165125,-0.23303463,0.019353427,0.06662461,-0.0041357926,-0.13529673,-0.055210896,-0.026286004,-0.17778583,0.24774353,0.039134204
277,neutral,-0.06368989,0.2774032,0.1563427,-0.34162158,0.1536534,-0.45705527,0.046855036,0.16659045,0.1710239,0.3707241,0.5215222,0.30682862,0.22727628,-0.063646175,-0.068110116,-0.39134005,0.03784631,-0.15911089,-0.1310475,-0.015558117,0.520271,-0.123383135,0.09796686,0.062255137,0.24003118,0.043032564,-0.51535404,0.24567413,0.034532323,0.053052325,-0.07317277,0.0764622,-0.18761067,0.10154532,0.111672014,-0.081341505,0.18913954,0.13295303,0.083590455,0.1717114,-0.17284864,-0.5447292,-0.07060771,-0.0346514,0.4658921,0.26795954,-0.18327107,-0.26532862,-0.41779116,-0.27505413,0.00857881,0.29400468,0.042470876,0.988725,-0.25477257,-1.3140587,-0.18554758,-0.24996416,1.2492533,0.33354837,-0.04072188,0.25460267,-0.097206876,0.10605641,0.33175817,0.2701648,-0.046507224,-0.06202423,0.011234361,-0.19703652,-0.0028454142,-0.13186277,0.36393556,-0.015497267,0.10191666,0.0955925,0.18591581,-0.13136426,-0.72496504,0.14590982,0.45632407,-0.09066402,-0.29524067,0.32208782,-0.2761947,-0.18696366,0.24545464,-0.20467998,-0.06141651,-0.27618274,-0.03736376,0.22120427,-0.2761502,-0.39445367,-0.16736951,0.3217556,-0.11799646,-0.073658705,0.39581385,-0.07605096
278,negative,-0.0699053,0.25482994,0.23067869,-0.12260582,-0.09684082,0.06890422,-0.20064811,0.08732791,0.30959505,0.25808093,0.022418812,0.010197755,0.18647873,0.18654121,0.14416824,-0.037948444,-0.10445982,0.0028255621,-0.39321846,0.11564143,0.2167927,-0.073825195,-0.080083095,-0.3312416,-0.0639132,0.024605164,-0.111916214,-0.12754709,-0.0739354,0.1258724,-0.011987719,0.16627479,0.031953678,0.12581974,-0.08887606,0.095330246,-0.03352889,0.09167183,-0.03310384,-0.2271468,-0.026162172,-0.08469588,-0.05306179,-0.26684833,0.047156043,-0.19166715,-0.04566836,0.09310265,-0.09892241,-0.48527563,0.1044905,0.098162815,0.13936393,0.6019173,-0.21047106,-1.5454719,0.11586892,-0.0858761,1.126206,0.017887987,-0.09662775,0.4936652,-0.11676174,-0.10570058,0.63717496,0.109648496,0.16308154,-0.03485025,-0.071763545,-0.1796641,-0.13473898,-0.2397266,-0.006163345,-0.32159126,0.26199195,0.07948601,0.16712502,-0.0856774,-0.42764747,-0.052562285,0.34219018,0.007252901,-0.45913288,0.015723476,-0.9055501,0.071799085,0.07762628,-0.18202898,-0.29143104,-0.23510604,0.10500377,-0.04680751,0.09964589,-0.083633885,-0.45091036,-0.019926319,0.13175096,0.01853815,0.43159297,0.31904364
279,neutral,0.049566846,-0.18945192,-0.14112732,-0.5802689,0.53610253,-0.05099404,-0.35665122,0.019192204,-0.36256462,-0.2518735,0.011804685,-0.22369145,-0.10333745,0.17824613,0.15985419,0.3630759,-0.042482328,0.002752545,-0.25259227,-0.13006864,0.22474249,0.075986564,0.2520298,-0.5515642,0.51498455,-0.30589965,0.17871633,-0.20359524,0.082768746,0.39242253,-0.049572546,0.4042468,-0.09198566,0.3330863,-0.2904947,0.098334454,-0.051222764,0.31821087,-0.33126646,-0.16454439,-0.11143695,-0.21657777,-0.19307804,0.20849417,-0.00020679447,-0.06643736,-0.04701694,-0.32537466,0.33367544,-0.10817962,-0.053901773,-0.22818603,0.40274927,0.4442731,-0.27328587,-1.9823834,-0.35129938,0.014418042,0.2961275,0.286207,0.09976998,0.6675797,-0.19857506,-0.14237066,0.8237172,-0.118448235,0.4537291,0.47369745,0.0808586,0.20202792,-0.19191426,-0.01972293,-0.36879647,-0.3396233,-0.13511322,-0.13875715,0.40639502,0.06936975,-0.51940036,-0.15464371,0.005531711,0.0077203247,0.33249667,-0.15933135,-0.5434258,-0.18158168,-0.2508199,-0.060012896,0.32784945,-0.12774305,0.3518263,-0.23183034,0.49873942,0.115633145,-0.36223295,0.03897203,0.1490253,-0.20003082,0.31873745,0.13380408
280,neutral,-0.102183945,0.39820924,0.24002628,-0.16123107,-0.15485792,0.34325817,-0.4171313,-0.056714073,0.026761303,-0.20377596,-0.17495994,-0.16234651,0.15769024,0.0013362259,0.0006999141,-0.032158326,-0.117194764,0.31070903,-0.33850452,0.09852767,0.1303249,-0.11525039,-0.13801129,-0.12179225,0.07029096,0.19822405,-0.19036672,-0.027365295,0.29257536,-0.28735262,-0.11532579,0.29979947,-0.0008808379,-0.078878604,-0.16975328,0.21466741,0.16068268,0.01459735,-0.03391433,-0.30485812,-0.24990332,-0.06567844,-0.021663917,-0.3443958,-0.06359534,-0.10621628,0.26449543,0.0052100546,-0.04866645,-0.69249564,0.16290414,-0.0065340754,-0.117090724,0.7143479,0.14435066,-1.6501611,0.23823972,-0.026909597,1.2082077,0.09188043,-0.106428936,0.5446659,-0.22399758,-0.32653728,0.71447146,0.21380804,0.3060538,-0.1678031,0.18737036,-0.43551144,0.11374072,-0.11175996,-0.06580162,-0.11302681,-0.03286416,0.16819519,-0.081808604,-0.19439587,-0.5992475,0.10595404,0.5943532,-0.11156957,-0.42685032,0.16516836,-1.0403218,-0.10506093,0.030346306,-0.03299827,-0.23135741,-0.52001214,-0.020793807,0.050855804,0.0001665523,-0.09588128,-0.48795754,-0.27382573,0.112838194,-0.25280857,0.2117591,0.2401786
281,neutral,0.15033211,0.09243378,0.06147849,0.054596353,-0.15002115,0.41127455,-0.17766891,0.05003301,0.51611197,-0.12618308,0.16654152,0.39953116,-0.1446033,0.08018014,-0.006549246,-0.4144404,0.0318681,0.19439375,-0.410253,0.39813706,0.49774566,0.25809067,0.05215671,-0.24756365,0.10990779,-0.24302354,-0.3790623,-0.46307716,0.025561212,-0.089481495,-0.13843845,0.25553432,-0.11919546,0.038222168,0.11759324,0.34969535,0.046500545,0.23507732,0.25194463,-0.23585331,-0.6043095,-0.07999225,-0.12019834,-0.18480182,0.067449234,-0.04230072,0.13073163,0.30553243,0.07682212,-0.6799585,0.026373982,-0.10240706,0.12888178,0.80233747,0.16555797,-2.0658371,0.10518016,-0.51659876,1.6584034,0.18472196,-0.2665108,0.6211494,-0.023596913,0.037743837,0.54486865,0.03456091,0.3449789,0.102863796,0.06611047,0.05379387,-0.17735915,-0.3841404,-0.068643086,-0.59792775,0.11191982,0.025569772,0.045474652,-0.0715858,-0.6396498,0.08852419,0.6772184,0.23435527,-0.41660285,-0.12684198,-0.9785645,-0.112511486,-0.08837539,0.15875363,-0.013091168,-0.44934607,-0.07534117,-0.16392167,0.12869476,-0.2201132,-0.57978946,-0.15180579,-0.04082276,-0.035033576,0.14338742,-0.046893466
282,negative,-0.09687888,0.072253145,0.17528759,-0.093670875,-0.102868125,0.2668345,-0.071578436,0.37615696,0.05333876,0.015972944,0.27304152,0.029772,0.10467581,-0.17372671,0.14938036,-0.18780972,-0.25711,0.20451675,-0.024074424,0.05177242,0.15335952,0.16640298,0.017393027,-0.1283895,0.35069132,0.17599677,-0.13227853,-0.08484411,0.0869382,-0.023968818,-0.105322726,0.2774906,-0.004600333,-0.009892521,-0.0007777434,0.037893742,-0.11770847,-0.17379977,0.16543034,-0.047485903,-0.14722557,-0.07202397,0.040316567,-0.065379806,-0.076973855,-0.12795189,0.29668084,-0.17568064,-0.05526523,-0.6687676,0.04844857,-0.0111760115,0.07584595,0.57163966,-0.11379676,-1.4621061,0.07218684,-0.16649069,0.89759016,0.241585,0.047292802,0.54542774,-0.22251959,-0.12580992,0.31954867,-0.0010445202,0.10472472,-0.10013584,-0.04100683,-0.07969166,0.09132536,-0.40715805,0.2782444,-0.008056254,0.119234376,0.0023037202,0.065337904,-0.10360766,-0.21137077,-0.110053465,0.18756649,-0.25586718,-0.26066798,0.020322727,-0.9355493,-0.10068098,0.060648065,0.22968599,-0.053104326,-0.025085371,-0.117850855,0.11226729,-0.037152253,-0.08518226,-0.35215953,0.053625688,0.0033924025,-0.024481555,0.12614454,0.07251262
283,negative,-0.058406215,0.27247104,0.26826257,-0.056939475,-0.012277805,-0.16785592,-0.09311618,-0.026585974,-0.03643331,0.06704707,-0.07608329,0.014885664,0.08585258,-0.09596236,-0.007541508,0.015219846,0.038490042,0.06402509,-0.37992266,0.3067523,0.113942735,0.017157316,0.114648566,0.08736507,-0.09006498,0.21567425,-0.23266976,-0.04221225,-0.11720473,-0.0048602326,0.016426375,0.38560578,0.031978697,0.05755111,0.12709601,0.4279605,0.06497812,-0.076045334,-0.08310169,-0.24189983,-0.08881461,-0.1962672,0.09934203,-0.31396577,-0.019632794,-0.052021302,0.0023784947,-0.12739019,0.016922204,-0.527267,-0.0790285,-0.103761084,-0.0590965,0.63169694,-0.1808798,-1.4400086,-0.093056925,-0.22321682,1.0820012,0.13710915,0.025670385,0.28880614,-0.02340202,0.14915553,0.33210897,-0.04619224,0.03559093,0.3137329,-0.16218342,0.10699505,0.037064586,-0.2460798,-0.116173096,-0.2603556,0.105954796,0.21687324,-0.19253612,0.10237764,-0.50297976,0.20464672,0.58299154,-0.036707085,-0.38221073,-0.031320125,-1.0039958,0.030329207,0.14695096,0.33104685,-0.20188838,-0.17329536,0.03979792,-0.023287654,-0.034531772,-0.16047093,-0.48021385,-0.13333565,-0.017033527,-0.08825781,0.21629451,0.084341586
284,negative,-0.058406215,0.27247104,0.26826257,-0.056939475,-0.012277805,-0.16785592,-0.09311618,-0.026585974,-0.03643331,0.06704707,-0.07608329,0.014885664,0.08585258,-0.09596236,-0.007541508,0.015219846,0.038490042,0.06402509,-0.37992266,0.3067523,0.113942735,0.017157316,0.114648566,0.08736507,-0.09006498,0.21567425,-0.23266976,-0.04221225,-0.11720473,-0.0048602326,0.016426375,0.38560578,0.031978697,0.05755111,0.12709601,0.4279605,0.06497812,-0.076045334,-0.08310169,-0.24189983,-0.08881461,-0.1962672,0.09934203,-0.31396577,-0.019632794,-0.052021302,0.0023784947,-0.12739019,0.016922204,-0.527267,-0.0790285,-0.103761084,-0.0590965,0.63169694,-0.1808798,-1.4400086,-0.093056925,-0.22321682,1.0820012,0.13710915,0.025670385,0.28880614,-0.02340202,0.14915553,0.33210897,-0.04619224,0.03559093,0.3137329,-0.16218342,0.10699505,0.037064586,-0.2460798,-0.116173096,-0.2603556,0.105954796,0.21687324,-0.19253612,0.10237764,-0.50297976,0.20464672,0.58299154,-0.036707085,-0.38221073,-0.031320125,-1.0039958,0.030329207,0.14695096,0.33104685,-0.20188838,-0.17329536,0.03979792,-0.023287654,-0.034531772,-0.16047093,-0.48021385,-0.13333565,-0.017033527,-0.08825781,0.21629451,0.084341586
285,neutral,-0.0806054,-0.08716898,0.41753381,-0.24177402,-0.1975123,0.07121775,-0.27008653,0.10149151,0.20850733,0.08744045,-0.13206208,0.23131442,0.032585423,-0.16408111,0.008535103,-0.2384672,0.055481456,0.21059872,-0.53204876,0.20344359,0.15739119,-0.11686138,-0.08678239,-0.18564314,-0.07885741,-0.024134105,-0.1634801,-0.1196502,0.3008169,-0.18142965,0.052600104,0.41668648,-0.13280103,0.043593574,0.10815239,0.3322499,0.08316117,-0.025741817,-0.102952324,-0.26908252,-0.41048768,-0.03454955,0.06452235,-0.3559328,-0.17484343,0.09481181,0.11392565,-0.013845281,-0.14667395,-0.71482086,0.14478035,-0.06471877,0.25855136,0.5765033,-0.36368322,-1.5833602,0.074720986,-0.02301407,0.92250186,0.15479222,-0.18371148,0.23163652,-0.22031751,-0.23000094,0.40428853,-0.07763864,0.29601592,0.6497276,-0.14351775,-0.03189276,-0.013087965,-0.20705315,-0.25882503,-0.5794151,-0.1109539,0.18323821,0.03470026,-0.07322409,-0.6456671,0.18061236,0.27308264,-0.41061518,-0.2425402,-0.12642707,-0.9079278,-0.3203402,0.0740167,0.3976682,-0.073498815,-0.42056412,0.061591666,-0.12831227,-0.184204,-0.2239077,-0.42849436,-0.11984618,0.13005082,-0.02082188,0.31519407,0.4099815
286,neutral,0.06340886,0.18481994,0.29290548,-0.2922095,0.19457713,0.14507104,-0.2757028,0.23746692,-0.089432225,0.17472577,-0.16756183,0.006741571,0.28144562,-0.02951862,-0.21624401,-0.33284524,0.025518756,-0.025728757,-0.26973817,0.17895807,0.12580766,0.3253106,0.08487344,0.03090911,0.012746243,-0.25562963,-0.21708104,-0.65515375,0.17461528,0.10663283,-0.21926783,0.35079512,0.0012736728,-0.007601347,0.24941,0.30023953,-0.07449372,0.23910351,0.05657554,-0.076754674,-0.4445656,-0.4028784,0.20270692,-0.23862036,-0.14393654,-0.2735367,0.13182941,0.058316916,0.031015022,-0.505954,-0.3758645,0.063144006,0.28074303,0.76986676,-0.015804037,-1.6570157,-0.40115643,-0.07140683,1.2769367,-0.024458168,-0.052626606,0.39315435,-0.055727083,-0.029744508,0.5425524,-0.042831283,0.06270221,0.14781876,0.04797053,-0.05279003,-0.23503244,-0.15806012,-0.31300795,-0.120487265,-0.05041649,-0.055197164,0.00020097996,-0.100024484,-0.4295945,-0.022537548,0.6715746,0.020606147,-0.274675,0.10945683,-0.75468785,-0.11096094,-0.17216437,0.13133684,-0.13081276,-0.50032705,-0.40037686,-0.1066014,0.37571967,-0.29005706,-0.45575115,0.09009461,-0.09964685,0.00846835,0.51267,-0.09481831
287,negative,0.061653912,0.44258922,0.3130414,-0.14037763,0.03638309,-0.83013767,-0.05156457,0.094012275,-0.046398036,0.29088038,0.07147645,-0.12946548,0.117440045,-0.06500852,0.07513866,-0.1631022,-0.5090733,-0.10644937,-0.08642106,-0.09297302,0.59013844,-0.23185395,0.30858797,0.2950854,0.18785438,-0.014114308,-0.48982033,-0.21433245,0.14383069,-0.07354361,-0.108514786,0.07941668,-0.31352565,-0.007015229,-0.09075408,0.13718192,0.26539633,-0.09934282,-0.14510013,-0.1310651,-0.36531308,-0.3280501,0.121421106,-0.12104979,0.47358575,-0.16375704,0.27201188,-0.70649064,0.17331983,-1.1197515,0.29100934,0.14333476,-0.11506521,1.083745,0.009485089,-2.0242975,-0.1076943,-0.22679755,1.7318773,0.14601275,-0.099544466,0.12614569,-0.13815661,0.13050827,0.55226386,0.2619288,0.224908,-0.2764213,0.19684082,-0.09450285,0.19572805,-0.21399093,-0.4574773,0.07876604,-0.121486366,0.0460507,0.18584044,0.12770142,-0.9671759,0.254854,0.8698841,0.046144426,-0.5231296,0.101228826,-0.69036144,-0.1692666,0.12218144,-0.20029348,-0.34392342,-0.39678586,-0.23829441,0.3155657,-0.47699893,0.04147974,-0.8085579,0.027522074,0.24356861,0.069999084,0.5811095,-0.14293762
288,negative,0.016555041,0.14776915,0.17299809,-0.035875708,-0.117252454,-0.27000713,-0.3968923,0.02230529,0.13321148,0.10126983,-0.010384965,0.134216,0.106101334,-0.0043385713,0.072526135,-0.025119988,0.0058299466,0.1279002,-0.18444283,0.008609397,0.29880926,-0.14692204,-0.049119808,-0.0009654028,0.010342373,-0.13379964,-0.13620938,-0.4263427,-0.12830523,-0.021302767,0.0044400794,0.15817706,-0.11234629,0.087104276,-0.09834658,0.24144989,0.10928461,-0.12305734,-0.0002834887,-0.19329065,-0.2813803,-0.15469599,0.04658777,-0.19809227,0.07095457,-0.07677629,0.19506824,-0.1780805,-0.08895318,-0.70858574,0.10462023,-0.043030873,-0.074481614,0.7466287,-0.01943395,-1.7005405,-0.027285092,-0.1796379,1.4380436,0.2785137,-0.14473058,0.31734616,-0.23561364,-0.10074036,0.43167806,0.14755727,0.16232024,0.073548414,0.32294923,-0.20506977,-0.023653444,-0.21617192,-0.12524168,-0.14824863,0.077267006,-0.098180935,-0.062395666,0.047255747,-0.65266055,-0.03583339,0.5162486,0.14872724,-0.2883148,-0.022709006,-0.89878875,-0.26132384,0.021762408,-0.10632668,-0.06644283,-0.35929206,-0.13526072,-0.014500663,-0.13414474,-0.07504915,-0.2947795,0.037015114,0.11051608,-0.19793259,0.47333726,-0.12203181
290,neutral,0.023177983,0.28428382,0.20420384,-0.16763242,-0.6152259,0.022957187,-0.26490518,-0.09444169,0.084389076,-0.14657737,0.008170608,-0.082952455,0.2937867,-0.04612224,-0.07888627,-0.035855237,-0.15668143,0.30009723,-0.55345297,0.6264586,0.087164834,0.20717785,-0.2508715,-0.41706756,-0.016897885,0.32318038,-0.17350677,-0.42560875,0.40325698,-0.5123338,-0.14031532,0.6810137,0.15371475,0.20393598,0.1120267,0.25518236,-0.13233045,0.116635196,0.22623008,-0.31355458,-0.17729904,0.09770471,0.1499256,-0.30492285,-0.23221186,-0.20535995,0.16993774,-0.154495,-0.28252193,-0.8978947,0.11836488,0.116275534,0.014995309,0.6101682,-0.13742058,-1.2476342,0.30607045,0.19875534,0.72442204,0.03064916,-0.13194971,0.5305074,-0.4094218,-0.22620606,0.48095933,0.32388976,0.48331702,0.5506675,-0.21755503,-0.38081023,0.34916276,-0.20328875,0.15207586,-0.4188069,0.19221102,0.11145543,-0.010898308,-0.26129216,-0.117966026,-0.1935273,0.4520611,0.0112387175,-0.435545,-0.045610312,-1.0250319,-0.043229472,-0.14994174,-0.06516918,-0.36496103,-0.39229643,0.087296076,-0.32811928,-0.023930676,-0.08343173,-0.4713293,-0.049820803,-0.18290973,-0.23121418,-0.060272213,0.626921
291,neutral,-0.0020706023,0.37233302,0.58433944,0.19750063,0.15761787,-0.5355007,-0.35737613,-0.032166876,0.10680115,0.5967662,0.11749614,0.09886717,0.2239531,0.4124485,-0.23758131,0.25428942,0.23796298,-0.35892135,-0.4548672,0.009341445,-0.015571168,0.031716045,0.09994281,0.06163589,-0.5440221,0.18882756,-0.24154639,0.33520335,0.24681142,0.14417699,0.099176735,0.18066636,-0.59281343,-0.3018598,0.0014995432,0.06373818,0.27502263,0.21932852,-0.27273026,-0.1660017,-0.32790625,-0.3675731,0.27066207,0.12184121,0.43778524,-0.34202492,0.06883,-0.09435862,-0.25681078,-0.48176265,0.28968358,0.36557534,0.11094225,1.0990268,-0.028527964,-1.6596283,0.27593908,-0.7840399,1.5764848,0.32671502,0.15761735,-0.14910579,-0.12063535,-0.018829752,0.405078,-0.021476956,-0.18836345,0.4598269,0.47516394,0.5580944,0.27072725,-0.60398364,-0.45921797,-0.31794626,0.26592085,-0.03639462,-0.20765604,0.3792619,-0.95274687,0.1928949,1.1004218,0.26553512,-0.018627068,-0.13647579,-1.1408987,0.19587106,0.2028123,0.09172961,-0.047718223,-0.6769734,-0.027589714,0.008109628,-0.053723525,-0.23766556,-0.36450967,0.26907465,0.14604798,-0.28235906,0.18232036,0.22936586
292,negative,-0.1015563,0.1291485,0.16864002,-0.20094436,-0.10462777,-0.20197362,-0.080644965,0.06591506,-0.04369488,0.13184722,-0.011249528,-0.028821068,0.34241197,0.060538113,0.031102613,-0.05746176,-0.084168896,-0.13472013,0.048394486,-0.051867347,0.21642311,0.015104607,-0.17346334,-0.14168161,0.10724889,0.26033866,-0.3102666,-0.1308438,0.04707638,-0.084657185,0.10149821,0.2919869,-0.11821396,-0.02133108,-0.117701925,0.12598266,-0.09369828,0.032391846,0.12618591,-0.045325242,-0.26938853,-0.38016367,-0.10455323,-0.15688519,-0.03672353,0.028180555,-0.013311157,-0.097251646,-0.023788663,-0.60317653,0.11974913,0.1693646,0.124013215,0.82978356,-0.11930346,-1.7088449,-0.038811106,-0.16424945,1.2830566,0.23549466,0.13073103,0.5720384,-0.11695777,0.12231402,0.48877126,0.11160968,0.32400194,0.12799269,-0.023278438,-0.299462,0.026613219,-0.09421985,0.04755115,-0.18831128,0.27542654,-0.012020926,-0.06888288,0.03130859,-0.43429264,0.18401386,0.49018043,0.04283026,-0.37549898,0.13027109,-0.9002494,-0.21357442,0.093907036,0.079373054,0.01665776,-0.23194793,-0.10526603,-0.05188539,-0.0022052536,-0.1751483,-0.24597086,0.19225554,-0.10730889,-0.15700789,0.3559764,-0.065893374
294,negative,-0.13580152,0.25478628,0.24740571,-0.10798231,-0.2730749,0.011873112,-0.23134781,0.18718414,0.027724693,-0.05127487,0.08295928,0.08140249,0.12975596,0.1006932,0.026362661,-0.1837442,0.00403105,0.16141903,-0.3587793,0.1994722,0.24659391,0.14057317,0.015416233,-0.12570465,0.05677377,0.14823024,-0.2743244,-0.38196173,0.13473828,-0.22068115,-0.28845313,0.4958987,-0.055501994,-0.055090614,0.17524336,0.20963022,-0.100951396,-0.026700912,0.03997641,-0.13758795,-0.23204836,-0.22343369,0.1271138,-0.35323083,-0.18421717,-0.064357094,0.040570274,-0.24259166,-0.0136390915,-0.8044163,-0.025224468,-0.04807349,-0.06075745,1.0321091,-0.038638618,-2.2565014,0.008465746,-0.07335825,1.513498,0.29005504,-0.09755051,0.5500616,-0.4430147,-0.13982034,0.82513714,0.05675138,0.24476568,0.26882282,-0.1700732,-0.40149257,0.1799708,-0.3148057,-0.1864724,-0.49611956,0.14056158,0.025158,-0.22588682,0.074272946,-0.48728,-0.10685903,0.51531214,-0.037657715,-0.50652254,0.0029396617,-1.172593,-0.10124444,0.12269667,0.042985402,-0.2568689,-0.38248935,-0.04664658,-0.012437724,-0.12228393,-0.027044201,-0.6015943,-0.028423153,0.083438106,-0.07405645,0.46367145,0.31605136
295,neutral,-0.040990785,0.13558748,0.24397244,-0.23622444,-0.1706288,0.13372745,-0.08560599,-0.042886227,-0.08572926,0.038330026,-0.09081084,0.009769501,0.2458824,0.0524639,0.0042698993,-0.12993062,0.19883011,0.0775182,-0.036545347,0.28066,0.31712487,-0.0320833,0.050304018,-0.10451597,0.22454654,0.027680451,-0.30261877,-0.16513865,0.10287986,-0.04984872,-0.13728927,0.45940694,-0.09281648,0.0940624,0.02924102,0.28832582,-0.07832113,0.10717211,0.10055094,-0.049722526,-0.17072374,-0.08059144,0.056584872,-0.2813756,-0.10807376,-0.0032530779,0.105846256,-0.15591033,0.03508712,-0.42281434,-0.072578974,-0.03209037,0.10475875,0.7650418,0.041790158,-1.4057201,-0.022069843,-0.1516782,0.80960304,0.20300518,0.021522088,0.5748558,-0.15499981,0.060205888,0.4698558,-0.11191627,0.14763573,0.14594847,-0.10644857,-0.05804154,-0.09868204,-0.21219212,-0.03553172,-0.20210907,0.19612241,0.11150982,-0.06339014,0.04075418,-0.48157483,0.0519166,0.26508263,-0.048068076,-0.30337092,-0.22560655,-0.9557826,-0.16754183,0.058865923,-0.08541869,-0.22182436,-0.09237012,-0.031191917,-0.20383072,0.115705386,0.015710592,-0.33013374,-0.13233824,-0.11752721,-0.150787,0.2177127,0.039463926
296,negative,-0.07564242,0.11541076,0.3082591,-0.054740977,-0.17012417,-0.27641752,-0.036641065,0.1094488,0.06143076,0.042282086,0.118714675,-0.16192459,0.13783701,-0.06196128,-0.059727255,-0.1360743,0.21947818,0.2543192,-0.19994397,0.33135945,0.15363349,-0.17310728,0.049427044,0.09231546,0.11068973,0.040941574,-0.12758297,-0.20941387,0.019056935,-0.20212686,-0.05560737,0.5072767,-0.046456296,-0.14091767,-0.10463769,0.19624965,-0.022385906,-0.095708,-0.07716065,-0.23885342,-0.059241116,-0.10647652,0.16339865,-0.3183023,-0.17924526,0.060362782,0.026327234,-0.21016239,-0.07896143,-0.51721436,-0.052603956,-0.027372072,-0.063409716,0.5634515,0.07332124,-1.3658675,-0.024158107,-0.015343406,1.0220771,0.30011594,0.12112813,0.23907156,-0.30091357,0.046843253,0.34615874,0.05918335,0.07579043,0.4426774,-0.104930714,-0.2458844,0.058148105,-0.10656029,-0.121302776,-0.20710638,0.16404797,-0.058990084,-0.13215789,0.03384263,-0.58727956,0.030148216,0.45880768,-0.038293928,-0.29300633,0.10407575,-0.90953726,-0.17848347,0.015928008,0.13150512,-0.12790611,-0.28346995,-0.02931065,0.028529936,0.05268666,-0.023259643,-0.232623,0.074640244,0.09845467,-0.1298185,0.50103116,-0.14564592
298,negative,-0.06542379,0.092216395,0.24522543,-0.19865239,0.05551573,0.23706655,-0.26038244,-0.077292584,0.07533937,-0.05643204,0.13045119,-0.006987023,0.1361871,0.008084893,-0.017611468,-0.14652914,0.17153855,0.13328336,-0.38618815,0.27425823,0.17947125,-0.012281014,0.13273989,-0.026333652,0.038909096,-0.05831707,-0.084680855,-0.3059385,0.09898278,-0.132073,0.124281794,0.41741264,-0.19887535,0.09865257,-0.051873963,0.1309502,-0.067275114,-0.08347971,0.12384952,-0.06293279,-0.30341244,-0.06140109,0.0004344395,-0.1886537,-0.14501365,-0.11484683,0.14854778,-0.14592977,-0.0057747047,-0.6133946,0.17865969,0.0038645111,0.034172285,0.7662243,-0.041411936,-1.7402909,-0.08819747,-0.11476218,1.3224044,0.23793553,-0.24453776,0.56801504,-0.13711786,-0.040735412,0.59379405,-0.04804057,0.29166985,0.26616088,0.038655024,-0.04224192,0.030823955,-0.10496644,-0.17204222,-0.45069116,0.08721238,0.0052737202,-0.12586714,0.001515935,-0.56446815,0.05184992,0.39574638,-0.02931585,-0.23387414,-0.09881597,-1.1387148,-0.18240991,-0.013323004,0.06602364,-0.15842412,-0.26378852,0.063057505,-0.061153594,-0.09493384,0.034649435,-0.27857682,-0.009204323,-0.039770164,-0.1708279,0.30971336,0.14661585
299,neutral,-0.109993525,0.21506506,0.3414096,0.07672453,0.2239212,-0.69552404,-0.29985046,0.08168736,0.021937424,0.16825788,-0.01292994,-0.2551794,0.30048096,0.27834558,-0.14829938,-0.048484646,0.30047426,-0.29888806,-0.5597473,-0.11544749,0.11152221,0.04490775,0.24308646,0.19545892,-0.110685356,-0.0752768,-0.10572068,0.16548766,0.3022214,0.060121328,-0.18819724,0.4949843,-0.14227687,0.13788787,-0.026252767,0.09851442,0.28047273,0.043887317,-0.1563104,-0.056628514,-0.5448001,-0.32249957,-0.056845404,-0.094628066,0.059729837,-0.30129188,0.24426726,-0.04514025,0.0040726815,-0.47784206,0.24476402,0.041700177,-0.009301168,0.80443317,-0.040382538,-1.8864055,0.08580222,-0.4055626,1.5508965,0.18718545,-0.031109545,0.21350616,-0.023604838,0.23954521,0.36142382,0.13933313,0.04714897,0.3928321,0.16690448,0.26159298,0.22218168,-0.08670291,-0.14415847,-0.2032959,0.3043918,0.2168329,0.0703649,0.19792393,-0.878047,0.09422644,0.7308265,0.15710138,-0.34679696,0.1811118,-1.0604626,0.09959628,0.19253361,0.04488421,0.068052985,-0.28127456,0.30605462,-0.1409315,-0.11267239,0.0809529,-0.4553182,0.13628556,-0.19587629,-0.5698045,0.43932575,0.044038642
300,negative,-0.065352835,0.043491676,0.2438418,-0.28028503,-0.14457922,0.0949494,-0.15142603,0.18605001,0.22372411,0.23492771,0.039389044,0.18233268,0.2654554,0.017092258,-0.005117719,-0.091042206,-0.062619396,0.03069253,-0.26050878,0.05591217,0.39507332,-0.27654117,0.092275895,-0.24439669,-0.07598281,0.019783862,-0.2965585,-0.26995978,0.059562642,0.03360035,0.08361362,0.2835291,-0.23531824,0.073621,0.06394837,0.07684138,0.019610355,0.008970249,0.33861777,-0.007671127,-0.22424771,-0.20270896,0.20532984,-0.24565697,-0.11052326,-0.090138115,0.14153531,-0.0025439619,-0.09698789,-0.7331319,0.22695349,-0.080638714,-0.023522727,0.943802,-0.049899433,-1.634278,-0.07304084,0.2554908,1.4018627,0.204068,-0.075105555,0.6093155,-0.15118629,0.26653287,0.47506067,-0.00095892703,0.17948338,0.024750933,0.032978155,0.041513674,0.003324876,-0.41115415,-0.03615301,-0.3604246,0.15315491,0.1721439,0.2451681,0.02186052,-0.7308986,-0.08613025,0.59943867,-0.08101175,-0.3586894,0.00978886,-0.9501413,-0.21865654,0.11377005,0.063892506,-0.17384793,-0.20760743,0.1471029,-0.04563777,-0.124303974,-0.06862797,-0.26076344,0.14224948,-0.07032241,-0.073162876,0.3537658,-0.043221343
301,neutral,-0.07763275,0.1916238,0.23647828,-0.19243416,-0.2423997,0.05516697,-0.22006185,0.11058317,-0.0048303315,-0.034780536,0.004630979,0.09284966,0.14789462,0.093372636,0.06086848,-0.18108995,0.051258937,0.15011515,-0.3243599,0.18810599,0.2562513,0.11206019,0.00035151446,-0.18165167,0.12238001,0.11037341,-0.28322935,-0.2950544,0.13719647,-0.18048894,-0.27209526,0.4747723,-0.0088431295,-0.078028835,0.07889328,0.20420037,-0.116878524,-0.039864134,0.09475883,-0.110023305,-0.18593197,-0.12169459,0.1412516,-0.33290315,-0.21973684,-0.06031462,0.08888069,-0.26470274,-0.010889315,-0.69106,-0.008067982,-0.048661545,0.022369243,0.9185543,-0.036137547,-2.007546,-0.0007914416,-0.10426474,1.2099183,0.21372259,0.029687058,0.5875695,-0.33737835,-0.11480716,0.77941227,-0.0017573728,0.28854203,0.25666082,-0.15410505,-0.33832547,0.14778773,-0.22605766,-0.123051554,-0.42156097,0.12876771,0.06642502,-0.17816883,0.065246254,-0.47970727,-0.09868078,0.41522697,-0.016049309,-0.3917439,-0.020424133,-1.1181567,-0.08299667,0.07039607,0.03950269,-0.2600918,-0.36349946,-0.02217007,-0.050448515,-0.015289663,-0.012037574,-0.5059182,-0.0478161,0.025980242,-0.14816082,0.3529835,0.3130516
302,neutral,-0.07521754,0.14185794,0.2847379,-0.092165686,-0.1630462,-0.09741387,-0.04678048,0.04193583,-0.024930209,0.056485217,0.03787956,-0.10025652,0.20440228,-0.017630983,-0.048712894,-0.14631166,0.2181654,0.15821664,-0.11464277,0.31385088,0.2369934,-0.11198489,0.08035199,0.04374634,0.14409077,0.024606565,-0.21664506,-0.22028255,0.08183062,-0.1393856,-0.08320699,0.49930304,-0.1140086,0.002562677,-0.0016579541,0.23929825,-0.03532797,0.024818841,-0.014175241,-0.14419359,-0.12901437,-0.14021035,0.10528579,-0.31981876,-0.08556122,0.028241359,0.047740895,-0.1512587,-0.024141734,-0.48933133,-0.07328385,-0.049329635,-0.002852209,0.69729394,0.075046025,-1.4459302,-0.0507973,-0.078624815,1.0449085,0.28831565,0.027139727,0.37352788,-0.22450528,0.056676652,0.3817631,-0.016234133,0.059412923,0.2948711,-0.0979045,-0.13034388,-0.055883717,-0.1744183,-0.092502855,-0.20172273,0.19973129,0.0057273256,-0.11371095,0.037821468,-0.5556964,0.062045973,0.38318765,-0.036610954,-0.32886973,-0.06052029,-0.9428944,-0.21192545,0.066886894,-0.011573647,-0.16972074,-0.18120338,-0.037041415,-0.11359447,0.056306127,0.010622838,-0.3197714,-0.015631653,-0.021803243,-0.1283268,0.4068213,-0.11341452
303,neutral,0.0776589,-0.034738414,0.15059812,-0.3789696,0.056574274,0.26411113,-0.16783386,0.20596,0.2221429,0.02047928,-0.05540273,-0.015114333,0.038744856,0.1979974,-0.011336859,-0.1854691,0.025996195,0.15595604,-0.20371659,0.25164548,0.08175988,0.032910876,0.0101360455,0.06296302,0.14347242,0.05039418,-0.15929094,-0.10161039,0.3970348,-0.11232371,0.023328787,0.3230928,0.08173445,0.07127855,0.3075476,0.060311362,-0.05466322,-0.009361206,0.09893881,-0.046862487,-0.30629614,0.06183901,-0.101899706,-0.18333249,0.019135633,0.019351052,0.2930839,-0.17845522,-0.0023153028,-0.5129194,-0.042099997,0.27483946,0.14567599,0.5849583,-0.13635729,-1.4743465,-0.051110312,-0.13058053,0.79143214,0.33975366,0.025185613,0.56167775,-0.30181316,-0.22318608,0.34119076,0.17000237,0.27949825,0.04982046,-0.15362443,-0.10095209,0.14722283,-0.20862539,0.13081188,-0.1446816,-0.019846192,0.33721024,0.11713064,-0.04071591,-0.40810034,-0.010222861,0.42681983,-0.26679668,-0.24356261,-0.0617242,-0.8883617,-0.22598897,0.051143974,0.12919423,0.12735684,-0.118045606,-0.010150854,0.20637107,-0.040401697,0.034690604,-0.284007,-0.10801274,-0.11068673,-0.06514432,0.21487974,0.021476822
305,neutral,-0.13420004,-0.22474666,0.17221345,-0.2871399,0.21637224,0.092778765,-0.20868933,0.15372773,0.27612668,0.050366398,0.18553446,-0.07114698,0.057492297,-0.015656125,0.065677226,-0.33044863,0.13584746,-0.14468484,-0.181848,-0.07643665,0.15259546,0.14252464,0.112201795,-0.0066018435,-0.0019240994,-0.12144375,-0.0693309,-0.16265388,0.29097688,-0.014852276,-0.07821991,0.3136094,-0.017707514,0.22764307,0.27176997,0.12388211,0.04226097,-0.040757198,0.009757797,-0.18824314,-0.10976679,-0.20357938,-0.14805625,-0.21480468,0.004235549,0.013361037,0.16389087,0.038282633,0.027531592,-0.46444497,0.0027640904,0.09643812,0.12833233,0.5572855,0.06871893,-1.315994,-0.07072375,-0.17961727,1.008369,0.28503352,-0.09987423,0.4100205,0.0552476,-0.009168289,0.3816055,0.15417515,0.08099081,-0.059533473,0.03388891,-0.12779853,-0.037482955,-0.32419497,0.044825245,-0.3412703,-0.0090175355,0.09451006,0.16963553,-0.020915957,-0.232541,0.020008398,0.5513409,-0.07329269,-0.2507424,0.049957007,-0.5123197,0.044471618,0.18273029,0.14701687,-0.013333187,-0.062011626,-0.07229658,0.2232886,-0.000438237,-0.10594176,-0.18068273,-0.099293046,-0.048039183,0.10969459,0.32041082,-0.04854814
306,neutral,-0.003812336,0.19945955,0.07902673,0.061656397,0.029148487,-0.30573535,-0.26432732,-0.52589494,-0.13950178,0.35754466,-0.03251889,-0.48701426,0.2096028,0.32578906,0.0069819894,0.4209006,0.16099611,-0.31368512,-0.405213,-0.36597446,0.09617302,-0.20470555,0.10589576,-0.10816494,-0.18472546,0.089200996,0.025186723,0.008379218,0.115273915,-0.017050901,0.20503306,0.2146649,-0.012524405,0.033729736,-0.0041002515,0.022308722,0.2778954,-0.16798122,-0.014195479,-0.087150395,-0.6645273,0.15037405,0.29195836,-0.0013338552,0.4355623,-0.18741818,0.40927076,-0.112448536,-0.38435397,-0.3462323,0.19635983,0.33333218,0.37399575,0.98991257,-0.013602354,-1.5199959,0.41777384,-0.27438614,1.2047027,0.20709948,-0.12521236,0.22502986,0.0037895911,-0.34052974,0.5974226,-0.077243485,-0.018661072,0.36802927,0.21020041,0.5137825,0.06339075,-0.62378544,-0.37149554,-0.2046744,-0.024906697,-0.38538,-0.07635203,0.20230457,-0.7130589,0.25515866,0.61574775,0.23080528,-0.20974118,0.27520263,-1.0677851,-0.03589065,0.05971311,0.32073247,0.19831358,-0.47795948,-0.19995229,0.10315732,0.20727767,0.30337313,0.027202535,0.046585836,0.18481404,-0.1970529,0.48456424,0.29684722
307,negative,-0.06507228,0.18787378,0.10473878,-0.1805779,-0.06752311,0.40774393,-0.1583227,0.20382129,-0.15411426,0.10930586,-0.021391552,0.071996875,0.2818567,0.10203375,-0.04755886,0.04126273,0.258519,0.076136924,-0.24665584,-0.02861499,0.14927605,-0.2851924,0.070833944,0.061246082,0.2710319,0.07428209,-0.22168086,-0.23608808,0.20594116,-0.021929061,0.13870637,0.0683348,-0.028208291,0.080530144,-0.044439357,-0.06733348,-0.01109642,0.09704638,0.06395216,0.0193035,-0.2515427,-0.25241557,0.13175903,-0.21133047,-0.07698826,-0.088442124,-0.010821369,-0.077322565,-0.10832893,-0.5011973,0.1064786,-0.070591494,0.1948844,0.8993654,-0.09223515,-1.6300356,-0.18491884,0.07387682,1.0447745,0.27291644,-0.041071396,0.5994959,-0.04695239,-0.03899187,0.45733252,-0.03297141,0.24874991,0.2217234,-0.11451173,-0.14921202,0.028176434,-0.056101266,-0.07558125,-0.17116478,0.19882837,0.25925913,-0.040982604,-0.13674866,-0.36731353,-0.081006825,0.39067963,-0.11641235,-0.06375228,0.007437351,-0.8582752,-0.3404249,0.02936745,0.0019308281,0.09078633,-0.081310675,0.03666033,-0.08839069,0.07277124,0.12083017,-0.30752534,-0.078764774,-0.04084462,-0.15353996,0.32934737,-0.014127008
308,negative,-0.0009369499,-0.046328444,0.39163738,-0.047089946,0.11781333,-0.2641693,-0.28844383,-0.025319766,0.014978269,0.20305915,0.15006472,-0.049148273,0.19765586,-0.13471375,-0.071902454,-0.06257892,0.079020634,0.0032644996,-0.38466284,-0.010356157,0.10767024,-0.18818156,0.15729134,-0.020564953,-0.2910244,-0.16169125,-0.12979168,-0.29523742,0.13608705,-0.1418371,0.06078421,0.43789822,-0.19678868,0.06446625,0.06890267,0.16373557,-0.028618813,0.094582744,-0.40907586,-0.16714083,-0.56972057,-0.106218204,0.5021649,-0.102611564,0.09226672,-0.306668,0.1663684,-0.28009272,-0.20358731,-0.67935467,0.25326654,-0.05384059,0.013723217,0.9390009,0.089700766,-1.8934252,-0.011227429,-0.10922161,1.2499458,0.2601753,-0.27465922,0.07652448,-0.17349821,-0.22268513,0.70651007,-0.033021197,0.061624095,0.4807446,-0.1141632,-0.030951008,0.15764435,-0.1958049,-0.2370856,-0.48863617,0.010960198,-0.14533459,-0.23419264,-0.03729536,-0.8094524,0.0497766,0.5483116,-0.08826144,-0.17981774,-0.08963745,-1.0962934,-0.12073908,-0.010011939,0.1814757,0.14887479,-0.28881106,-0.072595276,-0.07222728,-0.19975117,0.09361832,-0.5707008,-0.07673655,-0.065700226,-0.034839157,0.4046812,-0.06607098
309,neutral,-0.16876021,0.11530802,0.2750251,-0.06729564,0.13197282,-0.5332637,-0.18312915,-0.079618074,-0.045321412,0.64650714,0.30142048,-0.5227315,0.15835318,0.19029324,0.23215763,-0.10904172,0.16432898,-0.18841837,-0.10853105,0.16276322,0.11862766,-0.10516014,0.06078307,0.148885,0.1066876,-0.18466195,0.1536214,0.20445229,0.052898426,0.21071221,0.017678095,0.40855458,0.00351238,0.44685754,0.2957689,0.26765007,0.061992634,0.05695122,-0.09803644,-0.023151916,-0.260765,-0.21517609,0.26163936,0.14306532,0.24774227,-0.22358759,0.23076008,0.105648376,-0.037415385,-0.65736985,-0.060023427,0.51633114,0.17558329,0.9453471,-0.13188039,-1.7484981,-0.1001307,-0.17359255,1.475174,0.36400864,0.02142406,0.38007054,0.33978045,-0.08644315,0.30252525,0.28918245,-0.002918892,0.09263756,-0.3474661,0.26746058,0.19443345,-0.40391916,0.0124411555,-0.28779536,0.1347104,0.0015819197,0.33569977,0.22022122,-0.4636175,0.305084,0.71174204,0.09702958,-0.2374035,-0.06462169,-0.679299,0.112262204,0.3722089,0.1258677,0.09363852,-0.20883456,-0.07347612,0.16156979,-0.050803483,-0.2727369,-0.51978594,0.2853402,-0.149774,-0.18356754,0.3620252,-0.095647894
310,neutral,-0.009983753,-0.09862559,0.08884539,-0.11447867,0.16967757,0.34526548,-0.0348319,-0.12099436,0.11024345,0.1799741,0.22296007,-0.23894326,0.029704029,0.0021263282,-0.30714765,-0.2067861,0.13946746,-0.17863995,-0.0037638827,0.40542576,-0.13070607,-0.12991838,0.14945836,0.049443007,0.19863106,-0.2388218,0.05503107,-0.026604367,0.2035191,0.028132556,-0.20777261,0.25790343,-0.19570778,0.41621187,0.12902758,-0.11129173,0.12440424,0.18864922,0.046419255,-0.45890552,0.06892306,-0.09892163,-0.08974762,0.076920934,-0.010673402,-0.17400958,0.18043889,-0.12112206,0.23630467,-0.11287985,-0.096745506,0.30273297,0.23381358,0.37105516,-0.34805745,-1.3556608,-0.15980615,0.03727497,0.61817133,0.27081525,0.10129068,0.4435291,-0.2600137,-0.1916633,0.19444655,0.19917561,-0.14566137,0.08997961,0.017751819,0.06665814,-0.2061209,-0.062333014,0.0142512,-0.05529916,0.06376677,0.12091101,0.08226157,-0.09204969,-0.32955986,-0.20486467,0.13531268,-0.33090198,-0.07835243,-0.12218435,-0.44550025,0.119983524,-0.13961998,-0.165411,0.15767506,0.08615927,0.042268645,0.06283973,-0.015794048,0.021561503,-0.22671708,0.0926873,-0.24252771,-0.0023332387,0.39137825,-0.13913074
311,negative,-0.14294456,0.21705453,0.1179947,0.1083666,0.06706279,0.06530959,-0.35567227,-0.119649686,0.2940727,0.536431,-0.19480336,0.062484644,0.41266474,-0.0016891337,-0.06511617,0.12186615,-0.012829441,-0.30697235,-0.60856766,-0.05216086,0.4195288,-0.12909523,0.13611174,-0.10545166,-0.13904451,0.014417454,-0.22651847,-0.12559448,0.25978312,0.1331149,0.067828394,0.1621641,0.021477971,-0.066140875,0.35973567,0.009990992,0.20966856,0.053388253,-0.08207854,-0.015846994,-0.5156768,-0.020993065,0.25658825,0.049985193,0.22345586,-0.23733343,0.05835932,-0.12055636,-0.16146268,-0.36561647,-0.052683793,0.33941594,0.21506087,1.1219814,-0.102484636,-1.4848638,0.05002907,-0.3668119,1.479135,0.22246188,0.0062874435,0.09403621,0.13427645,-0.038588997,0.6852329,0.1547264,-0.09099155,0.23867944,-0.3185892,0.076948695,0.13050997,-0.45966977,-0.22905771,-0.47252294,0.0399268,0.044189893,-0.028568363,0.3131673,-0.895021,0.15062796,0.5268039,0.003037004,-0.21484898,0.13964349,-0.80156976,0.0069844504,0.27422845,0.21458048,0.1868078,-0.29381877,-0.14306414,0.053635087,-0.32704234,0.12880598,-0.6524419,0.088773064,-0.19495724,0.0014576084,0.40968052,0.12704505
312,negative,0.008029105,0.20270626,0.01963024,-0.34663633,0.009534633,-0.16813247,-0.21684268,-0.07555305,0.043102246,0.04106481,0.034356717,-0.32617602,0.3174799,-0.17280607,-0.20388137,-0.29723454,0.2306404,-0.24702747,-0.32641786,0.14612995,0.029754208,-0.11073651,0.11256831,0.12841855,-0.02594324,-0.27711332,-0.003463862,-0.14567353,0.23012854,0.0417081,0.053342335,0.41544145,-0.081834644,-0.25441387,0.22152594,0.21108727,-0.049917407,0.07471176,0.030095922,0.09755927,-0.4874794,0.03782773,0.03114022,-0.17982642,-0.113802664,-0.21968368,-0.12548971,-0.2719615,0.007915953,-0.718078,0.12464753,-0.027374225,0.1943545,0.81166655,-0.02356109,-1.6191101,0.05400795,-0.5873735,1.009329,0.2261266,-0.043911945,0.43012494,-0.1461507,-0.295056,0.45327958,0.09525531,0.20622653,0.46535155,0.066602215,0.07206487,0.17482208,-0.31277463,-0.49919945,-0.37859488,-0.10857076,-0.027381845,-0.07963569,0.025537463,-0.7823727,-0.070961356,0.84068453,0.2819778,-0.15327407,0.06580299,-0.8978977,-0.20323732,0.116983324,0.13700958,-0.029081484,-0.39519098,0.0674859,0.0424512,0.11780536,-0.27026156,-0.513728,0.09082526,0.16495778,0.16595091,0.25836617,0.093021415
313,neutral,-0.24518527,-0.057580695,0.37305987,-0.01660739,-0.32628655,-0.16114372,-0.18228677,0.08319386,-0.15136993,0.053047013,0.09424739,0.23719868,0.26154327,-0.06893278,-0.049799174,-0.22511947,0.13221478,0.12987806,-0.26657584,-0.036329433,0.053827863,0.0039116233,-0.023196997,-0.08793396,0.0118359625,-0.082944736,-0.24847236,-0.3561532,0.050832015,-0.27435377,-0.3292526,0.027220184,-0.1332499,0.021999437,-0.16190329,0.24233639,0.09624212,-0.09912515,0.119912654,-0.026941892,-0.4629394,-0.27353436,0.21761519,0.024782285,0.08769096,-0.22012179,0.093959734,-0.21147615,-0.17221726,-0.77409613,0.20105362,0.009532531,0.007840922,0.9314179,-0.080700226,-1.8362408,0.29493433,-0.20308462,1.4338202,0.3612707,-0.07758755,0.38157004,-0.020156672,-0.28897557,0.6833072,0.049504727,-0.07193247,0.2786202,-0.037257813,-0.34035778,0.09454059,-0.5129715,-0.31137404,-0.30346715,0.16326717,0.150356,-0.04268406,0.07663283,-0.5302863,-0.07235906,0.64163977,-0.14922188,-0.19359261,0.35028136,-1.1331799,0.18717761,0.33163133,-0.026949055,-0.045551527,-0.15723939,-0.13872771,0.09009967,-0.06123282,-0.1963482,-0.45431134,0.07452559,0.2747055,-0.038224895,0.27742547,0.3687084
314,neutral,0.041907296,0.14050975,-0.00015335779,-0.303933,0.18803012,0.04078538,-0.12801237,-0.100031555,-0.14127573,-0.06310267,0.036019295,-0.12772803,0.18267326,0.1769718,-0.06736316,-0.096178114,0.18603206,0.08057914,-0.30983043,0.22159012,0.14439055,-0.18743692,0.23684254,0.033273235,0.23725164,-0.0922438,0.04966466,-0.27121967,0.09119783,-0.1601969,0.02620006,0.31288347,-0.05500504,-0.03905563,-0.029589847,0.18041788,0.006639154,0.13491927,0.024342868,0.0024095618,-0.15794824,-0.15282695,-0.021815317,-0.12312477,-0.21606165,-0.15017489,0.15887909,-0.116801135,0.035466503,-0.4475241,-0.023466542,-0.0116105685,0.03245891,0.62669694,-0.10881158,-1.7036084,-0.08593536,0.040043958,0.98965883,0.40054598,-0.22985311,0.36369902,-0.14432192,-0.11245159,0.49607682,-0.022573145,0.21081729,0.4275377,0.2160412,0.10300416,0.055489473,-0.26971886,-0.27180785,-0.18866947,0.13958187,-0.04100788,-0.030279467,-0.06994982,-0.6396248,0.16684268,0.32921654,0.05218707,-0.124697454,0.15238248,-1.0204983,-0.32611328,-0.32415602,-0.09440352,-0.08454467,-0.1640249,0.0029486916,-0.13706768,0.19748937,-0.090126246,-0.28967685,-0.08684538,-0.11021496,-0.13672298,0.23356141,0.00019560389
315,negative,-0.26688015,0.122586094,0.15603484,-0.078812264,-0.14920078,-0.015616086,-0.06829178,0.0782927,0.0851635,0.3424412,0.24689803,-0.0587604,0.022531351,0.03888108,0.07228487,-0.019973753,0.16820684,-0.046509575,-0.25636366,0.20253366,0.31058505,-0.20877227,0.0038108034,-0.0953592,-0.0020927535,-0.030771663,-0.06699789,-0.058708906,-0.042085648,0.013163309,0.021054413,0.14807285,-0.16461062,0.05159914,-0.017838618,0.03200928,-0.027707445,-0.1108293,0.13800266,0.040764477,-0.17528488,-0.17373839,0.06643633,-0.104765065,0.09375969,-0.058582492,0.086338475,-0.022681875,-0.10768031,-0.545304,0.1788553,0.09221186,0.038922794,0.7780596,0.04711605,-1.3061229,0.010460089,0.03402775,1.1210836,0.12465698,-0.037531648,0.38894886,-0.008475447,0.20674343,0.3351909,0.05523417,0.05546414,0.054301064,0.14067192,0.053973567,0.11932007,-0.29637656,0.049508594,-0.26889884,0.13663405,0.0022340328,0.14298908,0.11748719,-0.63537896,-0.038970985,0.53944063,0.023622608,-0.22987676,-0.020936739,-0.7132336,-0.13578714,0.22759907,0.021788012,-0.12641409,-0.14126883,0.13043638,-0.0033607683,0.021235326,-0.12230534,-0.2890213,0.11046597,-0.05526194,-0.12196271,0.28131607,0.052732088
316,negative,-0.14450133,0.10640737,0.3082701,-0.045373674,-0.105850466,-0.17891942,-0.37185723,0.013004564,0.3926585,0.046143707,0.14757055,-0.039584924,0.19370963,-0.2772474,0.02594567,0.025464958,0.032376584,0.09034275,-0.19650336,0.011260151,0.04198259,-0.10827809,0.1199937,0.12593523,0.057648525,-0.2217624,0.14398725,-0.033523545,-0.13893121,0.022575533,0.14232378,0.4450525,-0.026315542,0.031627767,0.04422052,0.16060236,0.014325663,-0.0956191,0.2900029,-0.35990334,-0.13413818,-0.051394362,-0.124481775,-0.19417474,-0.08070594,0.043710787,0.12759744,-0.25683263,0.0023182584,-0.3267707,0.6113618,0.084431686,-0.1459782,0.61827624,-0.09110158,-1.2232704,-0.059508756,-0.22141343,1.4055632,0.1130844,0.020138388,0.019409692,-0.057418626,-0.13189231,0.5022409,-0.018551612,0.19074368,-0.07407244,0.353726,-0.049499054,-0.09502633,0.022629026,-0.011839173,-0.35633895,0.084998704,-0.033053163,0.0033649267,0.023638332,-0.7342058,0.103353776,0.4212957,-0.08758481,-0.37618795,-0.099470526,-1.1198853,-0.31016034,0.09019101,-0.07393042,-0.22625998,0.018242825,0.11330297,0.3139616,-0.14029466,-0.16393284,-0.10695404,0.20497368,0.21004096,-0.00046462804,0.36317098,0.18737337
317,neutral,-0.012106246,0.1548223,0.10209315,-0.011249273,-0.096591815,0.03624855,-0.2963848,-0.049562536,0.1021105,0.04544279,-0.15197021,-0.010465161,0.27676418,-0.05145211,0.00071273075,-0.1343682,0.025266005,0.026732726,-0.5265702,0.081890166,0.22546268,-0.04428415,0.25222158,0.0035016825,0.04377426,-0.05300323,-0.08583671,-0.2436389,-0.016650638,-0.014411686,-8.085751e-05,0.030205647,-0.12805338,0.19631578,-0.12658535,0.050342277,0.21461026,0.2607672,0.0012504624,-0.019008396,-0.687587,-0.110589206,0.08733606,-0.24188358,0.23978917,-0.12473745,0.10038475,-0.16053751,-0.28993523,-0.524053,0.39223912,-0.022323119,-0.068452045,0.90684074,-0.10815844,-1.727562,0.10146663,-0.37956333,1.6643983,0.3912696,-0.011656428,0.3438793,-0.19227387,-0.07286928,0.65653276,-0.0016906253,-0.15230426,0.14295788,0.1332448,0.076388165,0.08766382,-0.4172829,-0.24191178,-0.30016539,0.3361066,0.04889519,-0.15241116,0.12934561,-0.83306295,0.06881712,0.7098811,-0.0098585235,-0.1681842,0.12327774,-1.0608418,-0.08075682,0.16960795,0.05267374,-0.035066288,-0.42188245,-0.023117783,-0.14863239,-0.21686734,-0.05762622,-0.38168287,0.27023286,-0.002443269,-0.110163994,0.46774024,0.04041892
318,neutral,-0.12927713,0.2654652,0.42313448,-0.16008294,-0.32244048,-0.013662931,-0.5468867,-0.32912797,0.058652036,-0.050820656,-0.15930848,-0.07670619,0.45241508,0.15637904,0.030693606,-0.17605975,-0.026826626,0.34061316,-0.61893106,0.1975864,0.46830228,-0.1571987,0.039051678,-0.056775462,0.22526203,0.21871227,-0.50392896,-0.22250187,0.34498584,-0.06652356,-0.19747129,0.31618983,0.020127058,-0.06751552,0.13894033,0.2051665,-0.049296245,0.3634818,-0.24618363,-0.32142338,-0.24506588,0.08555054,0.2179818,-0.51371807,-0.3786162,-0.20164354,0.27411664,-0.23564962,-0.35201886,-0.72376084,0.14219207,0.32514516,-0.042914573,1.0842795,-0.19911197,-2.0510542,0.32544976,-0.08075205,1.4833853,0.50857735,-0.08249425,0.60629433,-0.25562745,-0.288872,0.8215195,0.035278067,0.51611334,0.12371271,-0.31539127,-0.23039196,0.15520911,-0.28828257,-0.26566955,-0.41201997,0.6345485,0.23772484,-0.40482312,0.019645113,-0.46565244,0.30162704,0.43323654,0.4286689,-0.3880392,0.10167462,-1.2195281,0.021869393,-0.045000073,0.035058044,-0.15128456,-0.64431703,-0.17668223,-0.3332041,-0.11511745,-0.08420969,-0.6550693,-0.076427355,0.03272438,-0.23863587,0.21406397,0.21775523
319,neutral,-0.17302819,0.11187248,0.3269631,-0.05570519,-0.09098624,0.081959724,0.19787449,0.004651819,0.07433674,-0.02069177,0.14534144,0.18142676,0.035242762,0.0008798765,-0.056277994,-0.044947755,0.30144873,0.1134533,-0.112195835,0.25435814,0.25941536,-0.29920912,0.21172357,-0.026097687,-0.053839937,-0.07381163,-0.25591275,-0.05989341,-0.18508522,0.042065382,0.047598843,-0.035043858,-0.045107678,0.029910017,-0.18683602,0.015441123,-0.07929774,-0.10404791,0.19091323,-0.019757379,-0.20050703,-0.16829047,-0.051789716,-0.35879567,-0.069086336,-0.107966475,0.10505606,-0.40661207,0.14942217,-0.65741676,0.3156573,-0.11274742,0.23165908,0.50481933,-0.10990481,-1.3382562,-0.026062535,0.015832575,0.898332,0.37340662,-0.15574872,0.4296015,-0.05331296,0.022299264,0.55501693,-0.2373813,0.14289518,0.16223626,0.13371839,-0.02100227,-0.1911377,0.15253522,-0.0862461,-0.13862278,0.39325443,0.10080848,0.031605348,0.023319513,-0.5005275,-0.29380065,0.4153382,0.22385345,-0.16634274,-0.14646365,-0.7133464,-0.23062481,-0.023659946,-0.11335217,-0.056187198,-0.21552645,-0.023906607,-0.07674584,-0.13854821,-0.07469379,0.04371757,0.14890562,0.26650637,-0.09807525,0.08460154,-0.06877725
320,neutral,-0.17302819,0.11187248,0.3269631,-0.05570519,-0.09098624,0.081959724,0.19787449,0.004651819,0.07433674,-0.02069177,0.14534144,0.18142676,0.035242762,0.0008798765,-0.056277994,-0.044947755,0.30144873,0.1134533,-0.112195835,0.25435814,0.25941536,-0.29920912,0.21172357,-0.026097687,-0.053839937,-0.07381163,-0.25591275,-0.05989341,-0.18508522,0.042065382,0.047598843,-0.035043858,-0.045107678,0.029910017,-0.18683602,0.015441123,-0.07929774,-0.10404791,0.19091323,-0.019757379,-0.20050703,-0.16829047,-0.051789716,-0.35879567,-0.069086336,-0.107966475,0.10505606,-0.40661207,0.14942217,-0.65741676,0.3156573,-0.11274742,0.23165908,0.50481933,-0.10990481,-1.3382562,-0.026062535,0.015832575,0.898332,0.37340662,-0.15574872,0.4296015,-0.05331296,0.022299264,0.55501693,-0.2373813,0.14289518,0.16223626,0.13371839,-0.02100227,-0.1911377,0.15253522,-0.0862461,-0.13862278,0.39325443,0.10080848,0.031605348,0.023319513,-0.5005275,-0.29380065,0.4153382,0.22385345,-0.16634274,-0.14646365,-0.7133464,-0.23062481,-0.023659946,-0.11335217,-0.056187198,-0.21552645,-0.023906607,-0.07674584,-0.13854821,-0.07469379,0.04371757,0.14890562,0.26650637,-0.09807525,0.08460154,-0.06877725
321,neutral,-0.13799448,0.18089871,0.37387335,0.31140682,0.07895681,-0.3552223,-0.08549764,-0.09249281,0.091581784,0.2687671,0.08548272,-0.11445841,0.3949345,0.11666875,-0.014544636,-0.010235827,0.12100811,-0.17335367,-0.33836254,-0.017742328,0.20470293,-0.24766552,0.11390887,-0.13989462,-0.18688631,-0.17179084,-0.102490455,-0.083932154,0.23846315,0.06575134,-0.05728445,0.23408154,-0.24616787,-0.0120405,0.1641081,0.09515542,0.22899869,-0.015506868,0.008086553,0.064713515,-0.3597867,-0.13520934,0.20802608,-0.048734263,0.13014716,-0.24999243,0.13585593,-0.18391079,-0.1060293,-0.418588,0.37911007,0.20628193,0.09809084,0.9334957,0.0074959216,-1.7778012,0.15674543,-0.34658542,1.5329454,0.36138308,-0.15835065,0.5524201,-0.02050232,-0.023858007,0.6204917,-0.03026912,-0.061681554,0.24754407,0.0629268,0.14564285,0.032772463,-0.4587693,-0.20404607,-0.36109027,0.25332692,0.0926129,0.057147663,0.03881704,-0.90990055,-0.08412585,0.52763844,-0.0029160955,-0.1209202,0.03300312,-1.1605084,-0.06615911,0.29820225,0.0364404,-0.102220416,-0.2481447,-0.040457882,-0.09049196,-0.11527988,-0.11131808,-0.40930912,0.156726,-0.20671247,-0.1825831,0.41702837,0.14378093
322,neutral,-0.10816975,-0.09024922,0.13972335,-0.16037348,0.15909596,0.004017123,-0.07020564,0.17041798,0.050421957,-0.020931588,0.09057715,-0.023471575,0.22452742,-0.021741496,0.14041308,-0.1331193,0.0804531,-0.2356545,-0.12647118,0.12726313,0.13540012,-0.09679403,0.1822598,-0.08497586,0.075411074,-0.106757216,-0.039245866,-0.029277872,0.2981853,0.12619223,-0.13888748,0.24283426,-0.08207883,0.28745684,0.24127401,0.043626353,0.036367174,0.09562618,0.018964028,-0.2283152,-0.36618507,-0.106500424,0.048564248,-0.22391345,-0.11736386,-0.20115092,0.09773255,-0.1426566,-0.098741494,-0.47844264,0.06100429,0.34596944,0.18678154,0.69936275,-0.35659465,-1.7552735,-0.10177228,-0.21917264,1.130739,0.082550384,0.019604338,0.47178087,-0.1346411,-0.33206433,0.46243462,0.2701706,0.09881385,0.098947234,-0.02875894,0.0053858254,0.15959382,-0.2493582,0.18598105,-0.23310454,0.101723105,0.074852,0.070464745,-0.03501031,-0.44782743,-0.03797727,0.49989554,-0.10184113,-0.32704556,0.14517124,-0.9605962,0.17506008,0.14650245,-0.0506505,0.28437224,-0.10148844,-0.11701133,0.056343064,-0.023116142,0.13635242,-0.38672984,0.025127633,-0.16786996,-0.17644496,0.3684707,0.060232397
323,neutral,-0.11439109,0.11018787,0.38895476,-0.19590934,0.14749771,0.049267363,-0.29971272,0.3240426,-0.11038976,0.005247636,0.10256519,-0.23103897,0.1234094,0.1107532,0.09097655,-0.27379242,-0.005126193,-0.3459854,-0.15576696,-0.05191867,0.1637249,0.21947338,0.36574787,0.030804163,0.23919575,-0.09782997,0.13959564,-0.15706284,0.2108604,-0.049666997,-0.22899222,0.27512747,-0.10114717,0.032119066,0.27279317,0.03317564,-0.007870601,0.17511295,-0.20274168,-0.025475815,-0.30014336,-0.19002585,-0.06640641,-0.20100375,0.116749495,0.10697698,0.4153695,-0.038265616,0.11250817,-0.26630986,-0.27862892,0.47332904,0.13965225,0.4884171,-0.28734866,-1.5862159,-0.24702589,-0.4346064,0.8452409,-0.07362674,-0.059377097,0.33593297,-0.27706853,-0.31325483,0.31834254,0.108545415,-0.15739848,0.059083477,0.20998815,0.037203774,-0.012701923,-0.17241292,0.27287066,-0.28851053,0.11810022,-0.013123287,0.02311053,0.07485404,-0.46925175,0.0668574,0.53992534,-0.12335787,-0.26107362,0.077864304,-0.58061564,-0.0006802489,-0.02691684,-0.045382086,0.21568699,-0.0076114917,-0.12648417,0.0933522,-0.047994807,0.032903038,-0.34519824,0.28353328,-0.23251452,0.0007054937,0.3123611,-0.038780525
325,neutral,-0.119884275,0.28121376,0.36673915,-0.46502838,0.1500576,-0.12472741,0.121628776,-0.07352545,-0.3833533,-0.24374369,0.29107392,0.038822103,-0.17191072,0.0705197,-0.132336,-0.2200302,0.08446863,0.07674224,-0.49867612,0.21664327,0.2552442,0.0794513,0.33344978,0.37783748,0.07981818,0.2089157,-0.13807936,-0.51545,0.33555573,-0.016205592,-0.26827413,0.16115195,0.05902863,0.074707136,0.118446134,0.20838971,-0.037324,0.29141176,-0.25647342,0.045824308,-0.19958879,-0.0787233,0.15376441,0.28257975,-0.082831524,-0.020882072,-0.17612931,-0.3138545,0.2970365,-0.2385356,0.04108245,-0.10907518,-0.10966436,0.2340837,-0.18297982,-1.9449383,-0.21142961,0.032234274,0.53561485,0.53730327,0.11535201,0.7510232,-0.15868632,0.19281076,0.2578179,-0.1459004,0.43849158,0.55132836,-0.07404944,0.13523152,0.020719405,0.015852548,-0.23507714,-0.2371831,0.15095225,-0.07834215,0.02789533,-0.17290264,-0.26850033,-0.109694436,0.38825917,0.11706125,-0.32924363,-0.001349233,-0.72659695,-0.17581862,-0.18748645,-0.092620164,-0.01778752,-0.35133147,-0.11437467,0.15665545,0.11335304,0.25995106,-0.33185768,0.009246333,-0.12633863,-0.2557795,0.091229714,0.08838165
326,negative,-0.28786394,-0.07155006,0.38875014,-0.29190907,-0.04223281,0.2211323,-0.079983,0.13133255,0.11578304,0.46625066,0.16723067,0.023764983,0.5771424,-0.062149554,0.020832883,-0.03759959,0.29714465,-0.26118857,-0.30850026,0.02266255,0.6808579,-0.31498182,-0.08373403,-0.11655768,0.039229643,0.35460883,-0.31385136,-0.10936484,0.14105533,0.098882996,0.07579011,0.0039220806,-0.28487405,-0.10963835,0.03799707,-0.27022165,-0.16603874,0.22359015,0.4990898,0.2563069,-0.47668326,-0.035196964,0.14166607,0.12873527,0.21170418,-0.006007805,-0.1035402,0.29902875,-0.33718863,-0.36144653,-0.043781176,0.09892407,0.13418104,0.9889048,0.16429967,-1.4171952,-0.3751965,-0.058743402,1.4930922,0.38349128,0.4060421,0.58389556,0.072394505,0.11103251,0.36881182,0.18695508,0.17388453,-0.07768292,-0.2800622,0.20037052,0.1550435,-0.4409305,0.045678042,-0.34907946,0.26551104,0.092481546,0.382901,0.118231736,-0.569792,-0.0015676353,0.7747702,0.1800678,-0.30332163,0.023501875,-0.67659456,-0.2343541,0.30229428,0.15912959,-0.00909177,-0.17999297,0.15084268,-0.28319335,0.13131821,-0.060007416,-0.5188135,0.110556714,-0.16302033,-0.07700454,0.42778704,-0.24590209
327,negative,-0.1478935,0.31876782,0.25597125,0.054002017,-0.023755353,-0.08790272,-0.25198168,-0.04587525,0.18224275,0.14349471,-0.09777523,-0.00886466,0.38696337,0.0148591865,-0.042630874,-0.16660747,-0.11479735,-0.12754513,-0.372024,0.03543934,0.3241739,-0.0035371743,0.2325605,-0.14555168,0.0721171,-0.11433922,-0.14137533,-0.18300834,0.18048918,-0.06775701,0.20538038,0.23997311,-0.15997377,-0.032970678,-0.07573207,-0.0070448425,0.03791577,0.06426493,-0.004082162,0.005885799,-0.569472,-0.09788274,0.16899714,-0.19546361,0.07378596,-0.13789196,0.3261735,-0.03849732,-0.16414127,-0.6054588,0.19147284,-0.0021599468,0.11639741,1.0271926,0.15009809,-1.9141686,0.10253235,-0.28694442,1.3082792,0.3383933,-0.036759764,0.45588326,-0.14091404,-0.21237938,0.7368837,0.07800566,0.21714208,0.052399453,0.05255347,-0.050661013,0.1747508,-0.27933848,-0.19373518,-0.1273715,0.18350853,-0.019527776,-0.044432964,0.016621888,-0.7002138,0.073735125,0.6206032,0.16710567,-0.23731789,0.09993567,-1.0607834,-0.055394042,-0.1731708,-0.016572125,-0.13876542,-0.38141456,-0.020413289,0.048660047,-0.10345096,-0.04025999,-0.48107976,0.09348804,-0.024607614,-0.12681745,0.4349878,0.17052776
328,neutral,-0.09872349,-0.0709014,0.24685612,-0.18407716,0.05888549,0.24314608,-0.11058208,0.15000173,-0.1014675,-0.030900659,0.34221664,-0.03184305,0.016720004,0.0075902785,0.15456326,-0.13722481,-0.15140028,-0.18334724,0.011366164,0.1694218,0.14799085,-0.02358726,-0.023200067,-0.12737091,0.03239003,-0.15891804,0.21460457,-0.05631245,0.28688037,0.15992098,0.05900551,0.272305,-0.08315313,0.33713427,0.08598616,0.04496187,0.01513856,0.021751883,0.27677214,-0.19429141,0.07815333,-0.010310632,0.036754,-0.06304163,-0.18067564,-0.24002363,0.3603312,-0.264945,-0.02995987,-0.4515954,0.0071179797,0.09538193,0.1369173,0.41883484,-0.062426087,-1.4555292,-0.06184202,-0.15325435,0.9009516,0.27681398,0.11340433,0.500627,-0.23059781,-0.104434505,0.43383178,-0.04491084,-0.036768727,-0.09680189,0.04433819,0.1421025,-0.049762312,-0.10464281,0.15921758,-0.28809094,0.15816215,0.12333006,0.22397628,-0.056928262,-0.44076908,-0.24971804,0.21288621,-0.32442868,-0.1820135,-0.15414022,-0.7295478,-0.04731364,0.13320576,0.08146726,0.033442218,0.09923408,-0.06682415,0.11496749,-0.32896626,-0.028419204,-0.1580862,0.11834209,-0.24459347,-0.09898771,0.2840353,0.16310899
329,negative,-0.003860809,0.27796492,0.2843357,-0.123364575,-0.19400607,0.036344163,-0.21502936,0.2447625,0.0077185277,-0.13030653,-0.082733735,0.22863296,0.1387896,0.03651702,0.15292817,-0.14048745,-0.21411939,0.1418401,-0.39863962,0.1808786,0.28447124,-0.17321652,-0.1613044,0.009946386,0.07686065,0.21867336,-0.28565195,-0.30799,0.28537357,-0.20114423,-0.011866111,0.20532773,-0.06858415,-0.03840416,-0.20017149,0.1392271,0.09235851,-0.12075083,0.03170826,-0.20342526,-0.37374783,0.048604883,0.13913064,-0.26615098,-0.046911012,-0.094173744,0.35355735,-0.14022942,-0.17187488,-0.85755074,0.20897245,-0.16023327,0.009768583,0.99860126,-0.022213137,-2.030954,0.07226082,-0.21755548,1.2872756,0.32518613,-0.040751964,0.6391089,-0.18718947,-0.299942,0.71732664,0.24376187,0.18930282,0.045793958,-0.09512289,-0.35410407,0.036470804,-0.35078126,-0.1894528,-0.25683096,0.1519993,0.008554152,-0.20439745,0.005520943,-0.6959468,-0.10822026,0.60659015,-0.11590488,-0.37673283,0.14911933,-1.2950493,-0.10867206,0.18067701,-0.19049962,-0.09130191,-0.15953386,0.04827169,0.048681773,-0.08284057,0.08417835,-0.43639356,-0.02711789,0.21876301,-0.07710944,0.3097092,0.04693407
331,negative,-0.09466519,0.22481932,0.31059623,-0.11008732,0.0736091,0.018829882,-0.20130703,0.16481914,0.21156344,-0.121331505,0.1083939,0.032852046,0.28601176,-0.11112118,0.09098784,-0.26060122,0.03470249,0.15085219,-0.11175687,0.15709831,-0.025206124,0.032413132,0.09918309,-0.21657334,0.08927595,-0.13798214,-0.09471442,-0.10383838,0.016991187,-0.21017511,0.049475092,0.3548609,-0.06798134,-0.1520279,0.051234175,0.23643498,0.004496664,0.033056386,-0.07533826,-0.02231566,-0.25362253,-0.21201806,0.03238077,-0.045904547,0.05008165,-0.08708904,0.25139323,-0.30002218,-0.04283258,-0.61611974,0.3465317,0.012952221,0.010745594,0.75198585,-0.08860109,-1.6287396,0.0019888924,-0.154974,1.6116948,0.3431226,-0.18234377,0.30228698,-0.06600707,-0.12443772,0.63956785,0.1800391,0.28143707,-0.106728345,0.46826503,-0.0807776,0.026931088,-0.29567838,0.031508215,-0.21944651,0.34889436,0.12454933,0.09831643,-0.11485108,-0.4575366,-0.015472008,0.53166866,-0.056902036,-0.27577677,0.0052154716,-1.2120451,-0.005524622,0.08147249,-0.124691494,-0.05265974,-0.13916214,-0.10153846,0.12539427,-0.09832489,-0.17871581,-0.37703708,-0.024815861,0.059323646,-0.082376115,0.48630235,0.23070002
332,negative,-0.113438174,0.081662364,0.41234517,-0.21600427,-0.1405015,-0.07645952,-0.119415626,0.1627073,-0.009831399,0.09686216,0.19257556,-0.06750364,0.121186644,0.08289748,-0.09497097,-0.07102376,0.1920068,0.15579063,-0.30639824,0.13170972,0.31439105,0.024817362,0.08336431,-0.20592248,-0.116650574,-0.025197286,-0.18910804,-0.28231645,0.04254417,-0.113194525,-0.16639988,0.38423193,0.004471882,0.026495129,0.115801215,0.23305938,-0.11550497,-0.026222885,0.090331726,-0.14210072,-0.22131896,-0.13157883,0.07764287,-0.18394963,0.0668065,-0.27361354,0.104345195,-0.26087457,-0.03462633,-0.7337987,0.27725238,-0.09486933,-0.012686149,0.84072286,-0.020119667,-1.8289083,0.051053986,0.005917544,1.343972,0.46285683,-0.08656883,0.5298281,-0.11471998,-0.055727027,0.6322715,-0.021017602,0.3164048,0.38800293,-0.008681379,0.12829675,0.1841935,-0.37370718,-0.157175,-0.32327443,0.09985104,0.10552832,-0.100241706,0.07518603,-0.5881389,0.0027618269,0.40816072,0.015223269,-0.33085215,-0.061029833,-1.1769844,-0.12006642,0.09739507,0.035059378,-0.15620653,-0.2525497,-0.06539822,-0.14555518,-0.25434437,0.05462061,-0.3723893,0.06481345,-0.06818017,-0.047923695,0.35046196,0.11759108
333,neutral,-0.094566904,-0.0064347787,0.24661529,0.21282808,-0.39086145,-0.10828891,-0.21681605,0.36228505,0.11513727,-0.10063729,-0.067838594,0.36009392,0.2930114,-0.14231679,0.14799666,-0.74958134,0.4464919,0.5801177,-0.33452168,0.1630824,0.16785464,-0.13416116,-0.2995057,-0.025386127,0.004143742,0.34451258,-0.3477645,-0.113573626,0.31942114,-0.3745055,0.13501416,0.17099671,-0.029285925,0.04663364,0.017001983,0.36732447,0.07316385,-0.08013111,-0.13767594,-0.31286275,-0.48835883,0.13196866,0.09317983,-0.2633309,-0.055732228,-0.118462496,-0.29821202,-0.24980816,-0.027048111,-0.61293375,0.10496519,-0.23364387,0.21332735,0.7148066,-0.18939632,-1.6659479,0.18471165,-0.030687662,1.3591596,0.20139831,0.023883373,0.4677228,-0.24668999,-0.43590888,0.4667882,0.1572216,0.24680331,0.5493723,-0.4453264,-0.18310903,0.11981452,-0.21062672,-0.4091452,-0.34217203,-0.04886263,-0.0008919086,-0.17381227,-0.024754513,-0.55848974,0.10757745,0.6364425,-0.23855358,-0.036991406,-0.064208366,-0.7657705,-0.18391855,0.06589305,-0.043661427,0.3980765,-0.18119146,-0.11976942,0.09343397,-0.013277626,-0.24477021,-0.4210579,-0.08761889,0.11781184,0.13436331,0.1751184,-0.3220283
334,negative,-0.18517953,0.37036648,-0.10566461,0.1338651,0.12891088,-0.024713479,-0.10928926,-0.05321485,0.28840896,0.5062653,-0.13993964,-0.26530588,0.2590962,-0.15088972,-0.060143854,-0.0722235,0.16560099,-0.1862178,-0.6058859,0.15388784,0.19126755,-0.07808991,0.17768003,0.15366556,0.21287307,-0.3890156,-0.15376176,-0.024934294,0.35699674,0.13886161,0.052915916,0.17627154,-0.14921166,0.11665597,0.0811688,-0.02358655,0.30875325,-0.074537955,-0.36383042,-0.066067845,-0.510729,-0.098146915,0.06247313,-0.12451565,0.055311702,-0.17017895,0.2948364,-0.08011179,-0.042802885,-0.24902293,0.2987826,0.20826481,0.08233432,0.9767225,-0.19468305,-1.7116598,-0.04480025,-0.00775636,1.6401129,0.29217046,-0.1391393,0.10979583,0.17645192,-0.3489818,0.94058216,0.23628111,-0.0940089,-0.0084906295,0.29160503,-0.05590874,0.38159424,-0.24210085,-0.24320291,-0.4885077,0.13886787,0.0074496744,0.12589914,0.14944902,-0.8916547,0.15307477,0.59485173,0.10017398,-0.27142784,0.24581568,-0.6564419,0.105262205,0.22288664,-0.07374209,0.08183734,-0.20449929,-0.04505462,0.17069425,0.19666441,0.1825477,-0.24974003,-0.14165656,-0.012685304,-0.26216996,0.65707237,0.28365844
335,negative,-0.013426881,0.26719296,0.31939647,-0.17957914,0.07140605,0.10010296,-0.19355318,0.014282236,-0.11464986,0.06552374,-0.028970087,0.1308195,0.11310184,-0.05379925,-0.016927911,-0.21841818,0.081995845,0.1336255,-0.20078121,0.120327994,0.25878957,0.014304915,0.054175828,-0.20158297,-0.040175118,-0.018228853,-0.19883385,-0.33875892,0.07001401,-0.25657135,0.1071699,0.33484396,0.11279696,0.020631252,-0.008686085,0.14036022,-0.0088706445,0.00943457,0.026762085,0.022602841,-0.33719483,-0.36450544,0.110469006,-0.20771587,-0.03583513,-0.17693453,0.21800391,-0.11243964,-0.17006224,-0.55665326,0.05400957,-0.062323138,0.10253721,0.69261926,-0.12747957,-1.916412,0.024818406,-0.060816657,1.2247568,0.30076638,-0.2407825,0.5533821,-0.15662055,0.06079878,0.49408787,-0.004529477,0.14338724,0.14917837,0.0012364658,-0.097910054,0.038558,-0.20976438,-0.16947332,-0.2627221,0.15196373,0.054397445,-0.025813268,0.049183022,-0.5906109,0.10725771,0.26838744,-0.035925735,-0.13848783,0.005972505,-0.7942906,-0.2549402,0.0461561,0.025953205,0.07012321,-0.25399798,-0.013992293,-0.19307671,-0.0012060034,0.0038166041,-0.51392686,-0.03232905,-0.11473774,-0.09302666,0.37215987,0.07783138
336,negative,-0.14246455,-0.019290924,0.085582316,-0.066338025,-0.10032678,0.32387093,-0.12440663,0.061167084,0.31424406,0.3807221,-0.10678371,0.14225833,0.33166492,0.12553278,0.14534509,-0.12979914,-0.04890175,-0.19773659,-0.99385124,0.29930747,0.529643,-0.42889512,0.26590466,0.21821724,-0.26159647,0.12254078,-0.06999723,-0.18446453,0.027926637,0.16152932,0.06050365,0.31480667,-0.15635778,0.0060473164,-0.44898218,-0.07490449,-0.2608556,0.2886294,-0.28267962,0.17178969,-0.41967505,0.0031480126,0.10428918,-0.14763361,0.38004333,-0.053270128,0.040984068,-0.22767319,-0.49314836,-0.777708,0.18417129,-0.14883007,-0.05445576,1.130323,-0.17214324,-1.6057304,-0.28417325,-0.10786629,1.5022833,0.62608516,-0.29215539,0.45376375,0.041948315,-0.12507069,0.24113218,0.46824637,0.012133598,0.41804874,0.35319632,-0.02683512,-0.06714014,-0.50643444,-0.13077757,-0.28763917,0.13319087,0.135385,0.06216099,0.30397767,-1.0020585,0.078397125,0.69146365,-0.016617598,-0.31899437,0.04850618,-0.94492483,-0.24905224,0.15965538,0.48803154,-0.20154116,-0.13871402,0.71782404,-0.21249428,0.034655467,0.14052485,-0.6801331,0.4520453,-0.012789472,-0.09241489,0.27294663,-0.36776784
337,neutral,-0.117323086,0.05640106,0.2742736,0.032837063,-0.09539089,-0.08338857,0.03387042,0.11198861,-0.07073356,-0.090721875,-0.034686588,-0.007574801,0.18700288,-0.025718471,0.033772837,-0.117202595,0.0808453,-0.17813258,-0.3436032,0.011470334,0.027078131,-0.09480984,0.03831591,-0.15917052,0.04811475,0.2025532,-0.19687852,-0.24332665,0.26338068,-0.11946652,-0.02776696,0.25823975,-0.046546943,-0.010338983,0.047858167,0.2845349,0.1241476,0.028401531,-0.24505258,-0.15270181,-0.33532888,0.035267692,0.3118973,-0.24739423,-0.18245634,-0.081897765,0.020499136,-0.20399345,-0.028945735,-0.6262087,0.04812202,0.027269166,0.011697285,0.7506039,-0.12047736,-1.6574469,-0.04608572,-0.25840566,1.2561902,0.15082884,-0.1494911,0.23360336,-0.22568089,-0.38908935,0.73290324,-0.06726968,0.29701102,0.28380805,-0.119642876,-0.32748288,0.13906439,-0.2894997,-0.34517998,-0.4859443,0.12585609,0.12413549,-0.31822982,-0.006000327,-0.62731564,-0.0947965,0.41564754,-0.114231616,0.003277912,0.07764786,-0.99982536,0.11635784,0.12275047,0.18631782,0.015849682,-0.30895174,-0.09814495,0.04142207,-0.36781707,0.25948098,-0.43844303,0.029267369,0.011819215,-0.12934084,0.47389933,0.22738507
338,negative,-0.1584794,0.16820233,0.25671428,-0.17559345,-0.18425867,0.20357995,-0.12724791,0.076385535,0.1226855,0.21539798,0.04249201,-0.01578789,0.11254914,-0.000108972534,-0.07718033,-0.16701186,-0.00090823387,0.08604897,-0.40541315,0.09972931,0.36039335,0.029093403,0.24553792,-0.31397647,0.09478208,0.03603031,-0.38061416,-0.20561881,0.17070983,-0.15070991,0.07320657,0.28795132,-0.08495421,0.02061926,0.073689915,0.08847779,0.1977741,-0.03895408,0.12956901,-0.09090349,-0.47145808,-0.08813231,0.092616335,-0.1392561,0.11241873,-0.13040015,0.2049723,-0.083513044,-0.34766918,-0.50852203,0.16667923,0.0007761434,0.060179617,0.73782086,-0.11979454,-1.3654109,0.04766711,-0.20643134,1.2328268,0.24157485,-0.18769592,0.33782014,-0.32094893,-0.106891565,0.38259983,0.11994872,0.17722091,0.2889337,-0.07448106,-0.06824219,0.20581463,-0.4866793,0.0419975,-0.10052377,0.13939814,0.005910673,-0.18406633,0.057141095,-0.50983965,-0.009714739,0.49050498,-0.058783084,-0.22100683,0.22454855,-0.9482906,-0.14267977,0.14310826,0.088845335,0.0009761498,-0.24220519,-0.1629941,-0.13237555,-0.0016960797,-0.13301264,-0.25044802,0.12919612,-0.2318421,-0.18207446,0.19930492,0.12814388
339,negative,-0.02592434,0.27247313,0.36316267,-0.40452415,-0.1712889,0.19703354,-0.1435476,-0.0044501307,0.12919264,-0.046273194,0.10185188,0.061557088,0.0921949,-0.09859311,0.0051113633,0.04276656,-0.023615535,0.18060447,-0.20727849,0.20686254,0.29657364,0.08450035,-0.032631554,-0.23956653,0.0043950314,0.08208198,-0.23109597,-0.19074379,0.35861835,-0.15589598,0.022253597,0.29721233,0.18123315,0.007209229,-0.025592243,0.16619769,-0.081805125,0.07797048,0.043065436,-0.2672864,-0.16853932,-0.22225685,-0.031891577,-0.27059335,-0.3046768,-0.13394591,0.14092565,-0.17964804,-0.11833716,-0.63532513,-0.035206757,-0.05287869,0.16160801,0.6411577,-0.21662289,-1.5630534,0.15063584,0.13065684,1.0694574,0.18517351,-0.04191557,0.49809104,-0.3235182,-0.061530806,0.64051545,0.19308725,0.23449896,0.07438728,-0.014796978,-0.18961091,0.18853198,-0.07941122,-0.26842192,-0.26585525,-0.04584731,0.0810254,-0.12951422,-0.05803645,-0.38177332,0.037420522,0.38745013,-0.06306517,-0.30818498,0.048073713,-0.90746415,-0.15385634,0.04050078,0.06934618,-0.11405382,-0.18674478,0.019360779,-0.21272421,-0.12365464,-0.03333931,-0.19935958,-0.17242165,-0.054101866,0.076414615,0.16667895,0.2961029
340,negative,-0.057040345,0.073948726,0.30837533,-0.39555752,-0.26604012,0.16937035,-0.15882093,0.04742621,0.0864434,-0.114034384,-0.0898258,-0.008507412,0.2547169,0.13135318,-0.009927743,0.13937259,-0.0073997565,0.18313158,-0.25728366,0.20503293,0.10627398,0.0355427,-0.12929933,-0.2159976,0.016118096,0.22291249,-0.1465933,-0.16480136,0.32826003,-0.19072175,0.021251477,0.2890356,0.0937604,-0.03202705,0.03949684,0.13958015,-0.04973198,0.014465579,0.17705923,-0.28517824,-0.103110306,0.030659154,0.13331006,-0.33059603,-0.12955911,-0.06049214,-0.027940715,-0.15760164,-0.15822037,-0.58409315,0.044894457,0.06997048,0.09096989,0.5623164,-0.084279045,-1.375757,0.098170675,0.11675549,0.8493349,0.26592615,0.11061638,0.44102833,-0.23407476,-0.12989824,0.5344015,0.068466276,0.2674658,0.23348346,-0.16672146,-0.12586547,0.07521001,-0.21037136,-0.24291094,-0.2568703,-0.04371947,0.16419655,-0.028873311,0.040822897,-0.38212046,0.10710226,0.33524403,-0.1436525,-0.31582728,0.141154,-0.94699943,-0.004660056,0.037802428,0.13232926,-0.14833452,-0.1825894,-0.08328569,-0.12074112,-0.10195763,0.12693562,-0.19399083,-0.1368553,0.031572036,-0.073855326,0.067519926,0.16674119
341,neutral,-0.20141298,0.26258144,0.32670748,-0.04858288,-0.29589194,-0.27052638,-0.024682438,0.06364348,-0.17463934,0.31450373,0.08332145,0.027095892,0.011068149,0.052815452,0.07264188,-0.16851671,-0.11897566,0.04326136,-0.18171906,-0.19092251,0.22724193,-0.24145085,-0.019863375,0.044199966,0.263318,0.004926907,-0.2680416,-0.10452827,-0.038176212,-0.014618976,-0.007041124,0.14476107,-0.16530168,-0.06351288,0.13674231,-0.007985406,0.17550431,-0.035427567,-0.05826221,0.05522801,-0.35689685,-0.19514737,0.042401392,-0.25126627,0.38877496,0.0019268834,0.35702112,-0.2090918,-0.3159886,-0.57871544,0.033018213,0.013900336,-0.048461676,0.8614319,0.16346069,-1.7325923,0.12916543,-0.27437186,1.2479078,0.48918343,-0.009561444,0.5541361,-0.02013575,0.15100928,0.46688628,0.19560768,0.14963123,-0.025178669,-0.035094023,-0.20744419,0.29060984,-0.3346529,0.008628793,-0.08754573,0.048593055,-0.035674043,-0.0513705,0.04048584,-0.62923294,0.111220665,0.5540631,0.11119028,-0.37288025,0.0022320687,-0.7800145,-0.019263424,0.19178702,0.022480238,0.026357133,-0.03373189,-0.08993532,0.16875891,-0.2188562,-0.08246012,-0.3281895,0.08091436,0.06771882,-0.052013393,0.35691822,0.095725864
342,negative,-0.11253655,0.05322421,0.2850024,0.21784908,0.1047422,0.0564071,0.05163226,0.20163865,-0.032407846,0.38965082,-0.08582869,-0.06993059,0.28825608,0.14545414,0.06732621,-0.14974074,-0.059607945,-0.22503811,-0.5232671,-0.11390205,0.4684448,0.018594187,0.28457755,0.029514866,0.17890634,-0.17588207,-0.06317297,-0.14738409,0.33456445,0.08628969,-0.3120325,0.03450092,0.13400641,0.018334461,-0.026918976,-0.038301196,-0.023972137,-0.086388074,-0.015990961,0.17398058,-0.471521,-0.14076157,0.22999474,-0.018822346,0.3549129,-0.03722159,0.25558975,-0.0024283652,0.012948552,-0.38137555,-0.012259134,0.034843676,0.087469496,0.8709963,-0.2765556,-1.9796599,-0.29901528,-0.1900255,1.5091319,0.4672035,-0.14250602,0.5567138,0.07790087,-0.27569947,0.5088494,0.09421864,-0.060528904,0.051770017,-0.28455427,-0.007559447,0.17904557,-0.3693515,-0.3865355,-0.4132344,0.09216131,0.1636278,0.06523495,0.047225274,-0.68644583,0.02649246,0.50790906,0.2743616,-0.37710792,0.1295267,-0.69390965,-0.040964577,-0.017219642,-0.19948663,0.2663586,-0.09164268,0.015539599,0.043577522,-0.2520781,0.2954903,-0.64719385,0.3284293,0.15776253,0.26208153,0.4541784,0.18054362
343,negative,-0.041125555,0.22335987,0.122392185,-0.17756402,-0.026627585,0.20877862,-0.079377614,0.17641948,-0.0805515,0.2680674,0.03170792,-0.009592642,0.24557054,0.31334636,-0.02699484,-0.16063115,0.10348503,0.0148855345,-0.41705325,0.24200873,0.37081498,-0.27924863,0.10049078,-0.031953797,-0.02493095,0.014485291,-0.29751593,-0.289846,0.16169092,0.06725465,-0.12498803,0.37726083,-0.043167505,0.01162681,0.10402329,0.06697437,-0.16066012,0.13805397,0.27092567,0.027150946,-0.31665885,0.029888986,-0.09262878,-0.24250549,0.2551515,-0.047801204,-0.103250906,-0.17265405,-0.14024,-0.4469301,-0.114305906,-0.08184316,-0.100575075,0.8474921,-0.10541514,-1.6909071,-0.18934837,-0.14525427,1.4022964,0.38952336,-0.028015377,0.45991126,0.0045616548,-0.10911382,0.4937104,0.027774386,0.19735982,0.18690133,0.007521839,0.05933409,-0.034439404,-0.27630314,-0.21442293,-0.28905568,0.10850359,0.2334478,0.012324283,-0.008118743,-0.53503305,-0.1400386,0.6048571,0.03941295,-0.3163919,-0.14741288,-1.0269408,-0.20243499,0.15855975,-0.07389231,-0.069224074,-0.13793686,0.010858194,-0.091964565,-0.012321479,-0.15910807,-0.43788737,0.065871656,-0.08997387,-0.1954909,0.17690852,-0.02321459
344,negative,0.16922496,0.14394453,0.22801758,-0.13102402,0.10574902,-0.6186073,-0.26017332,0.35438627,-0.088811375,-0.0042910315,0.12894872,-0.06848268,0.13868673,-0.06629079,-0.11918289,-0.13663262,-0.26387036,-0.0061909608,-0.038576312,-0.08727988,0.38420534,-0.06711591,0.2669264,0.17125121,0.18495587,0.09982858,-0.18894757,-0.20467071,0.26205292,-0.011891979,-0.18120742,0.11476968,-0.12736978,-0.12279435,0.014870574,0.26956832,0.18695645,0.18092223,-0.012684553,-0.14286216,-0.19302292,-0.22254524,-0.181017,-0.07702729,0.13761267,0.073432826,0.056502007,-0.22855051,-0.15291527,-0.8234441,-0.046867378,0.34088406,-0.032782868,0.87474835,-0.19927624,-1.7560335,-0.22956178,-0.29500073,1.388066,0.24338266,-0.039826058,0.24644744,-0.017789528,-0.10884893,0.39568025,0.2059309,0.041584816,0.027878353,0.04820427,-0.18737113,0.14478238,-0.22872569,-0.09921952,-0.11704811,0.024545241,-0.0016671302,0.17921162,-0.061922994,-0.5786429,0.3216393,0.6169048,-0.12666349,-0.46156344,0.22515701,-0.79112434,-0.26432016,0.22735743,-0.0037348522,0.23330875,-0.28336862,-0.04905052,-0.036825735,-0.25204027,-0.30211774,-0.5706093,0.16352502,0.028267076,-0.12220127,0.50667804,-0.0063783512
345,neutral,-0.1817253,0.4049771,-0.20736624,0.36991507,-0.03550494,-0.38036722,-0.1462706,-0.04862005,-0.10084625,0.36541224,-0.16628315,-0.37300506,0.015239109,-0.136928,0.09797261,-0.29294324,0.29935783,-0.07430244,-0.36563823,-0.025829526,0.11324459,0.060250204,0.30370784,-0.057450797,0.41320813,0.3082234,-0.0530734,-0.30547577,-0.04724763,0.16378386,-0.37414557,0.459436,-0.35788023,-0.11913041,-0.12153081,0.20857315,0.50649595,0.14173259,-0.37609586,-0.159297,-0.21024144,-0.41932893,-0.11738666,-0.076389045,0.30038607,-0.04107367,0.20386879,-0.09095165,0.065057926,-0.65024436,-0.14580421,0.18465348,-0.15104297,1.013444,0.0006725695,-2.0569026,-0.09024109,-0.27775714,1.8142978,0.16750458,-0.21722661,0.3548037,-0.33640382,-0.046031382,0.5918892,0.0034361144,-0.03558684,0.3833845,0.36120436,0.022318479,0.55686164,-0.39138323,-0.14377712,-0.51983523,0.07137678,-0.20319547,-0.45227933,0.17885458,-0.61612827,-0.13023685,0.812445,-0.10427468,-0.08292668,0.39002326,-0.9759047,0.114726506,-0.027918762,-0.13332278,0.30978996,-0.030618018,-0.32471198,0.3877471,-0.17162997,-0.3644437,-0.43818396,0.11780272,0.20284265,-0.090629466,0.5528748,0.27583537
346,neutral,-0.32675302,-0.10859914,0.21301286,-0.32961458,0.050515182,-0.065028325,-0.23169808,0.25641215,-0.21686646,0.12291057,0.30024037,-0.24046189,-0.09505981,-0.11408765,0.28170735,-0.25125253,-0.21709538,-0.24675213,0.15350991,0.11985613,0.016438302,-0.00022924124,0.18037026,-0.18863694,0.15319104,-0.04406523,0.17832035,0.12613997,0.052544497,0.39192283,0.08931658,0.44019747,-0.26684105,0.19224997,0.23621278,0.16209087,0.009335308,0.12032345,0.20118557,-0.24622828,0.15137655,-0.21226971,-0.1489814,-0.1930114,-0.20491694,0.010519284,0.4226418,-0.16659583,0.0078689,-0.5112509,-0.02763541,0.29006636,0.398782,0.48923823,-0.044086196,-1.296835,-0.05529352,-0.23258063,1.1143972,0.07404491,0.17976499,0.340559,-0.083406754,-0.24998401,0.53880423,0.13072477,0.0100519555,-0.19291157,0.18722571,0.07517592,-0.12863156,-0.27040872,0.41243434,-0.043707978,0.10397341,0.005383607,0.050353467,0.004681297,-0.35651228,-0.051891968,0.34243938,-0.38996157,-0.3387462,0.17754866,-0.81106925,0.15096524,0.37112015,0.021409981,-0.010407226,0.014859926,-0.28596538,0.27133378,-0.25940055,-0.06905993,-0.29108006,0.055774715,-0.2587938,-0.12341565,0.47505677,-0.079700604
347,neutral,0.006148909,0.34365097,0.3427296,0.043430604,0.35964227,-0.8056384,-0.29530454,0.007699091,0.06594176,-0.032046843,-0.1697328,0.12138899,0.05594266,-0.004779249,-0.060191475,-0.2512548,0.015416085,-0.08164654,-0.09303012,-0.19226007,0.26939285,-0.20329069,0.083865866,-0.12176397,-0.2089334,0.37052816,-0.27915955,-0.14533094,0.05069985,0.20598298,-0.20571163,-0.20804276,-0.20069507,-0.08061614,0.004944158,0.05865391,0.22545247,0.045426354,-0.12829942,0.033414803,-0.33025014,-0.48428687,0.147836,-0.18807231,0.5082776,0.029044243,0.05958606,-0.12124091,-0.17317732,-0.48289508,0.256958,0.43628812,0.0015930076,0.6930798,0.054802537,-1.6080773,0.07516651,-0.44744685,1.6446177,0.15733479,-0.16337156,-0.012739761,-0.17754515,-0.18002592,0.68156964,0.008876934,0.0999018,-0.18268402,0.3495456,-0.5802754,0.04024276,-0.3406339,-0.034688033,-0.14256537,0.31804255,-0.07954092,0.021837277,-0.11786503,-0.7969164,0.11357241,0.83435374,0.037612665,-0.47335058,0.3035061,-1.0762461,-0.18808058,0.39641356,-0.045649547,-0.17582911,-0.34836888,0.12304059,0.027531352,-0.17135018,-0.21532089,-0.46262258,0.15035813,0.2839393,0.07858801,0.43294242,0.06675433
348,negative,-0.023255555,0.27756712,0.16402544,-0.059443325,-0.06278298,0.072500736,-0.17084269,0.017962597,0.04411887,0.16608219,-0.19399172,-0.0073517016,0.37477592,0.014403016,-0.020097889,-0.20968121,0.087002665,0.007879946,-0.48190778,0.26559958,0.2237333,-0.073548436,0.21915968,-0.07157153,-0.0041575474,-0.11616082,-0.09761709,-0.43843278,0.001618099,0.16265148,-0.022815743,0.2346281,-0.044750083,0.120987445,-0.08046057,0.021012848,-0.05939556,0.149561,0.025768813,-0.10995686,-0.4668484,0.0016834293,0.11514414,-0.29131392,0.16275506,-0.12329842,0.13152374,-0.21300392,-0.16055916,-0.58304304,0.16301495,-0.112679824,0.085683055,0.9070044,-0.041430492,-1.8432603,-0.114111476,-0.28813195,1.4816505,0.26147822,0.06788693,0.47591323,-0.10210137,-0.2087377,0.70443344,-0.03515172,0.15208767,0.04563102,0.13521282,0.1186783,0.060724806,-0.26455763,-0.15797013,-0.11586166,0.19887829,0.10221255,0.08927677,-0.018429594,-0.7326507,-0.029681794,0.4067183,0.19881667,-0.1993138,-0.027917627,-1.2280246,-0.21053633,-0.013283296,0.015801255,-0.106691815,-0.44383377,0.10889126,-0.15745924,0.072850056,0.029163921,-0.42025185,0.24306747,0.07345764,-0.19478571,0.42522052,-0.044900686
350,neutral,0.06091824,0.038074065,0.2744303,0.013498319,-0.04324681,-0.021978317,-0.2915782,-0.043487083,-0.15487681,0.30661628,-0.041869354,-0.10438505,0.42515996,0.035540998,-0.09739206,-0.009840676,-0.4485914,-0.02345784,-0.31698972,-0.40707144,0.23690204,-0.052874215,0.07682784,-0.08365862,-0.016048323,-0.1793335,-0.101107724,-0.28965312,0.21144985,-0.22717248,0.1328654,0.07405118,-0.117048725,-0.07851079,-0.10400609,0.09685512,0.111938536,-0.26314762,-0.26353976,-0.2617596,-0.7351699,-0.19933692,0.32583252,-0.27490023,-0.038726423,-0.38020933,0.2814222,0.005632437,0.07122097,-0.46855712,0.14284986,-0.060036648,-0.11510161,1.1812677,0.25060794,-1.6859185,0.1282555,-0.12356944,1.1428221,0.15058137,-0.08263062,-0.029779145,-0.22682564,0.075907834,0.5938588,0.14947523,0.1724694,-0.19869484,-0.20309325,-0.09358732,0.3180186,-0.12505825,-0.3037649,-0.32284144,0.02258977,-0.16858186,-0.16626504,-0.024064552,-0.700224,0.14662601,0.7208248,0.07268086,-0.20829651,0.07152492,-0.8874819,0.19232461,0.20300144,0.12924983,0.06837583,-0.57210577,-0.023690777,0.1749714,-0.42373434,0.21522857,-0.28261992,0.0041139005,0.1641547,-0.15233007,0.37695915,0.1792097
351,neutral,-0.025601245,0.11559251,0.12882973,-0.15206483,0.16356511,0.30152425,-0.20972453,0.032654777,-0.01093504,0.18999258,0.018545553,-0.028650193,0.053381402,0.07261703,0.32791233,-0.29403704,-0.2598238,-0.2140755,0.22489186,0.09825708,-0.09866267,-0.03846311,0.045799073,-0.12974903,0.45983624,-0.14335375,0.14422469,-0.003009561,0.11322349,0.15030387,-0.013630636,0.39614463,-0.12938304,0.06273715,0.21739787,0.077556744,0.006791038,0.07849876,0.17312807,-0.13834578,-0.06560916,-0.09605764,-0.357537,0.0776262,-0.15667048,0.025013413,0.27218586,-0.25769755,-0.044493847,-0.46479598,-0.21623032,0.2942142,0.5331266,0.7140911,-0.13733865,-1.1802325,-0.056610744,-0.13231786,0.83561826,0.04145758,0.20754285,0.48989725,-0.1366923,-0.4025905,0.43078882,0.09390499,0.21476059,-0.23633195,-0.0025090023,-0.115038306,-0.19205251,-0.13008411,0.30576083,-0.22872971,0.23638672,0.091281794,-0.061040375,0.010868486,-0.2606251,-0.18923749,0.16888574,-0.48468006,-0.44353178,-0.121037245,-0.90266687,0.13678896,0.3124708,-0.074127525,0.036159247,0.0505421,-0.07945961,0.18246144,-0.07039722,0.08514638,-0.18568993,-0.027980095,-0.22857067,-0.35570976,0.22449067,0.05379354
352,neutral,-0.05764916,0.1897351,0.32629985,0.057810325,-0.21138252,-0.10686826,-0.08535002,0.010858189,-0.020472655,0.24874172,0.18703757,0.31654698,0.09384519,-0.07278304,-0.12707135,-0.33162808,0.12964821,-0.044513054,-0.41798627,-0.08510359,0.33823553,-0.028969998,0.11568003,-0.10531554,0.11964315,-0.010031385,-0.45006093,-0.17061989,0.079751894,-0.025209872,-0.07917222,0.095601164,-0.01644762,0.0064767543,0.03101545,0.053638306,0.04022831,-0.019410245,0.06077533,0.05878043,-0.5645855,-0.33246624,0.031905703,-0.257118,0.31896567,-0.10532162,0.0053141485,-0.19402857,-0.17757696,-0.44061828,0.26764366,0.11757308,0.2363467,0.8892024,-0.13544603,-1.5252775,0.035885483,-0.3924918,1.4858742,0.4294953,-0.24019742,0.3000452,-0.060891464,0.04869423,0.5487071,0.28331986,-0.0723498,0.2331815,-0.070316866,0.040917177,0.16517939,-0.12238885,0.10239485,-0.16313466,-0.061060414,0.096696965,-0.026355485,0.0857499,-0.70342225,0.1363332,0.550457,-0.18859552,-0.104088634,0.2084009,-0.68885213,-0.16919298,0.072890855,0.076407954,0.22484136,-0.24700028,-0.09075909,0.06200636,-0.18433456,-0.019909725,-0.13284661,0.15768884,-0.113391496,-0.042380165,0.39693433,0.13830039
353,neutral,-0.12052209,0.16540489,0.31152427,-0.21068516,0.035878815,-0.43209925,-0.03487938,0.20351876,-0.014705579,0.057112567,0.06993643,-0.1909771,0.17227124,0.032781526,-0.050805595,-0.16604288,-0.032090828,-0.11026306,-0.233715,-0.01983374,0.34266382,-0.15554771,0.16786095,0.052758396,0.07605593,0.1763771,-0.07246212,-0.12744212,0.1741237,0.059130207,-0.12841971,0.13772537,-0.18989716,-0.028030468,-0.05113935,0.13762353,0.13719974,0.05109439,0.09156482,-0.12273291,-0.12568963,-0.27758566,0.033332396,-0.20708196,0.10383564,0.11965636,-0.057518065,-0.13602737,-0.039489124,-0.6987961,-0.033866625,0.10723875,0.008684963,0.69062245,-0.18279593,-1.4718574,-0.19757314,-0.104704395,1.2808828,0.19718838,0.06337033,0.18604699,-0.21051012,-0.028133573,0.4629855,0.057886273,0.20785448,0.04031958,0.16041411,-0.05489406,0.0940788,-0.19281542,-0.08896215,-0.20353284,0.11892249,-0.066200495,0.06681001,-0.039511427,-0.5338823,0.116006225,0.63989145,0.027118934,-0.39619896,0.123171344,-0.6583587,-0.15173116,0.11481992,-0.020986201,0.046518613,-0.24336925,0.028256873,0.0066603324,-0.25916895,-0.116217025,-0.4255444,0.20996228,0.046104506,-0.13133895,0.42140067,-0.04713012
354,neutral,0.13727622,0.1492654,0.41552904,-0.19520739,-0.40186346,0.113916285,-0.007139309,-0.042356648,0.21196103,-0.0025931695,0.040780194,0.070091754,0.4309268,-0.048935656,-0.020133184,0.085531525,0.13491894,0.09973885,-0.19461171,0.401524,0.1969205,0.24470012,-0.19890285,-0.5028806,0.123453595,0.41357517,-0.13815734,-0.33708993,0.062538125,-0.007061233,0.05142361,0.44602847,0.095339015,-0.015355512,0.05639476,0.27802855,-0.21469358,0.17790157,0.3361113,-0.40584904,-0.034144256,0.109838404,-0.00650327,-0.4785785,-0.040777713,-0.08917403,-0.07787498,-0.1249134,-0.2742331,-0.5845772,-0.032382075,-0.12487281,0.0432923,0.69820833,-0.2229701,-1.3592932,-0.040543415,0.20937964,0.71467334,0.29181227,0.0113617955,0.53155875,-0.20234539,-0.15111217,0.66522443,0.013531531,0.25105837,0.09443527,-0.17658438,-0.116148226,0.047916587,-0.12174959,0.028684987,-0.039632685,0.21471293,0.18980625,0.010327356,-0.1414171,-0.24903315,0.073563084,0.38418925,-0.19161575,-0.192851,0.048909217,-0.91296405,-0.06461027,-0.10318358,-0.017448952,-0.22857554,-0.2551962,0.1784456,0.038168002,-0.027527258,-0.106973134,-0.33249497,-0.24108005,0.013425217,-0.33455792,0.24129292,0.1413759
355,neutral,-0.08493374,0.29757828,0.24716774,-0.029640524,0.017572716,0.04803327,-0.08963491,0.17152375,0.20417206,-0.00034941183,-0.17691319,-0.041986767,0.3968519,-0.053018615,0.037948456,-0.21584342,-0.005750249,-0.15534337,-0.41345105,-0.04412718,0.36605746,0.01967381,0.30761364,0.10453868,0.030688819,-0.14748554,0.02657323,-0.06991116,-0.027989566,-0.02134362,0.019221662,0.12133961,-0.09358573,0.17250997,-0.024693588,-0.12963186,0.24705674,0.2647423,-0.15826859,0.05012565,-0.5766195,-0.14422213,0.14532855,-0.20048235,0.33804893,0.097305804,0.23273095,-0.116159804,-0.1221605,-0.41063172,-0.027708545,-0.00045303957,-0.0015567966,0.66330457,-0.030306298,-1.7365122,-0.02312514,-0.3889748,1.4544042,0.4057532,-0.06699425,0.5314369,-0.046448097,-0.11807702,0.6278688,0.12371883,-0.014413848,0.094176576,0.3732263,-0.05683345,0.11490229,-0.27404222,-0.2806713,-0.18798879,0.4474314,0.026818711,-0.18446404,0.3175265,-0.6507397,0.070908636,0.5849332,0.054478366,-0.38896626,0.18417421,-0.86388266,0.11815023,0.017507164,-0.03385365,-0.15735841,-0.21924536,0.116926104,0.05995424,-0.20732304,-0.13606226,-0.51326454,0.22610134,0.0022540917,0.0378997,0.49845895,-0.054528814
356,negative,0.13434955,0.15341793,0.05651706,-0.1500671,0.04262574,0.11216879,-0.2878406,-0.13830753,0.16700362,0.14693941,-0.023029776,-0.010881758,0.14641948,-0.04759207,-0.3074229,-0.054690704,0.34053463,-0.2822703,-0.40968764,0.12603192,0.26095298,0.09265144,-0.25534523,-0.1955616,-0.11675665,-0.05555244,-0.123502254,0.028127361,0.24977025,-0.11655601,0.27845603,0.11549374,-0.16312504,-0.25313997,0.09038167,0.13954735,0.1706176,-0.21423694,-0.16852409,-0.21099992,-0.43155926,-0.07689969,0.06806557,-0.119257756,0.046692852,-0.53722876,0.10765238,-0.18845582,0.08365581,-0.30512276,-0.069469936,0.26701945,0.1244682,0.82632643,-0.16689269,-1.2927606,0.047245383,-0.16937697,1.2707897,0.1603201,-0.40859097,0.26730445,-0.21200992,-0.223909,0.58382666,0.039993417,0.4524774,0.1577967,0.1293605,-0.12416048,0.18213691,-0.37024108,-0.16850162,-0.11599694,-0.1302718,-0.055587348,-0.24795114,0.26133326,-0.658911,0.028254293,0.9169847,-0.10148091,-0.14164607,0.0010582298,-1.0023986,-0.2798983,-0.031109951,-0.022703638,-0.31137243,-0.5673398,0.0025108014,-0.1261888,0.012064398,0.01607611,-0.35276374,-0.20886958,-0.22822104,-0.13567583,0.28035653,0.2330995
357,negative,-0.04422634,0.25379136,0.21160488,-0.16714355,-0.07138685,-0.23150744,-0.32739666,-0.00020682566,-0.10556076,0.13438617,0.0049864557,-0.10980017,0.31259817,0.05283819,-0.1710528,-0.1418222,0.06771446,-0.10147609,-0.23130488,0.0557069,0.20133328,-0.004926828,0.060329653,-0.19382358,-0.11139229,0.13974266,-0.103056245,-0.11327417,0.13356173,-0.24111784,0.025610555,0.38599262,-0.22877239,-0.0978784,-0.095295735,0.2375798,0.053160682,0.18076724,-0.036539342,-0.0967896,-0.23983115,-0.122652754,-0.009772504,-0.26865268,0.012660413,-0.041425638,0.15630394,0.054242752,-0.07299584,-0.575909,-0.09359141,0.042369004,0.06126801,0.7367866,-0.15276864,-1.7026142,-0.035774674,-0.21950884,1.1656079,0.293814,0.14512318,0.23725834,-0.20966537,-0.113564156,0.49976707,0.15635593,0.26656815,0.22809032,0.1209977,-0.034178156,0.049374796,-0.060627136,-0.14947139,-0.3578981,-0.014731333,-0.10592958,-0.041836932,0.063493185,-0.6725266,0.12514605,0.5642714,0.04472959,-0.3459278,0.07993701,-0.74622643,-0.08174776,-0.046394803,0.018285405,-0.002781049,-0.42414483,-0.045285825,-0.19695939,-0.22297454,-0.20854196,-0.48174754,0.071785614,-0.0761691,-0.2835346,0.34873983,0.07809186
358,neutral,-0.23708,0.21259508,0.29405516,0.1923803,-0.06219672,-0.15361507,-0.23056461,-0.1242608,0.051211286,0.2142363,-0.0932538,-0.040960237,0.12594117,-0.13773784,-0.0632295,-0.08809527,-0.009132423,-0.14299749,-0.20593524,-0.10162452,0.2829542,-0.21214934,0.12689906,-0.10476395,0.016357781,0.0672819,-0.06220116,-0.2050121,0.1408241,-0.23528412,-0.0106325345,0.13031054,-0.1370641,-0.16269815,0.092021346,0.0641793,0.009278238,0.11032008,-0.19857442,-0.01093381,-0.3307381,-0.07241281,0.10021847,-0.20234647,-0.012933603,-0.19497862,0.37235972,-0.10402977,-0.1416637,-0.46390197,0.050972354,-0.017687928,-0.051007666,0.978776,0.27315634,-1.711611,0.22083902,-0.32326654,1.0017618,0.23292278,-0.11580722,0.3319169,-0.049745616,-0.17329249,0.61558324,0.087793976,0.033236153,-0.03009961,0.028668819,-0.03904315,0.19977787,-0.14152023,-0.26802182,-0.16842268,0.06085852,-0.1299632,-0.14206073,0.15866724,-0.66955066,0.094844125,0.40097696,-0.0141418865,-0.12954724,0.11477728,-0.9331987,0.051436666,0.037863962,-0.014835901,-0.22352181,-0.3781811,-0.11703163,0.06734669,-0.062956914,0.04249737,-0.26042774,-0.005059163,0.22032598,-0.15425868,0.38919917,0.2795066
359,neutral,-0.18234295,0.04395509,0.14672402,-0.1922686,-0.14561954,-0.071005486,-0.10951343,-0.050240513,0.11857807,0.022743613,0.03803399,0.043409813,0.14220737,0.0018304279,0.076999195,-0.011155971,-0.13984393,-0.07637481,-0.34984395,0.17882031,0.21155831,-0.11026386,-0.022113904,-0.2864807,-0.08897901,0.10160727,-0.093478866,-0.098070905,0.09942699,-0.07938471,-0.06555912,0.18031235,0.024404878,0.047004808,-0.1170342,0.22775888,0.011692119,0.06418982,0.01929984,-0.11534411,-0.38929677,0.06650119,0.17946357,-0.10304134,-0.08864661,-0.27827024,0.1401178,-0.051019274,-0.10934491,-0.5643902,0.019913133,0.06964012,0.22998273,0.61865556,-0.24367769,-1.4333616,0.12753949,-0.038244043,0.76562834,0.25758293,-0.15243962,0.4076007,-0.17829892,-0.30583563,0.40863973,-0.026286587,0.25955576,0.32866257,-0.2142467,-0.103152975,0.1381516,-0.26100862,-0.1576842,-0.53895605,0.05605754,0.17354327,0.019152276,-0.07288089,-0.5899807,-0.030651778,0.38190493,-0.25647485,-0.23446481,-0.14335153,-0.9163551,-0.17718734,0.06726896,0.046965815,-0.031231755,-0.27055955,-0.06705146,0.040001567,-0.10472228,0.009733728,-0.28969353,0.022860803,-0.17201604,-0.2945924,0.1057622,0.17213042
360,negative,-0.06289567,0.06389485,0.2897969,-0.11514248,-0.08606251,0.09002579,-0.17167002,0.008959317,-0.026951306,0.2661714,0.017415859,-0.08429404,0.044694487,0.030603766,-0.08766956,-0.0956607,0.19501927,-0.03525779,-0.3324964,0.03867628,0.17059979,-0.14986616,0.14521697,-0.10861655,0.0964227,0.024758164,-0.18213136,-0.13212398,0.128484,-0.12963247,0.038085226,0.26123446,-0.11496615,0.019360244,-0.022506157,0.07823566,-0.04963417,0.11248123,0.1997768,0.1026852,-0.20337568,-0.17731395,0.16182871,-0.21137135,0.020997228,-0.09627186,0.040204465,0.012862868,-0.09279759,-0.55001944,0.038282238,0.028368663,-0.010125016,0.9244346,-0.035516668,-1.5420038,0.024292244,-0.009823959,1.2249643,0.15068336,-0.12109845,0.31869996,-0.22511405,0.02022057,0.44301787,-0.0076757707,0.10630301,0.1093564,-0.037331115,-0.03223955,0.07473423,-0.30357862,-0.055332087,-0.30693755,0.15822315,0.103868954,-0.059034456,0.21359685,-0.54319555,0.1153146,0.5403448,0.02893518,-0.10938849,0.03449207,-0.8767354,-0.111864835,-0.061815135,0.13222948,-0.04577269,-0.27588448,0.15150283,-0.17068054,-0.2138401,-0.005858134,-0.36710867,0.040760525,-0.11017849,-0.072230056,0.27527124,0.08945079
361,neutral,-0.23948388,0.055542752,0.7237061,-0.16653773,0.21823964,-0.77447975,-0.049178377,-0.29871002,0.0105615705,-0.2799243,0.17439422,0.14133589,0.13172728,-0.086008064,0.07254955,0.3918684,-0.07286481,-0.20176415,-0.4512706,0.23838528,0.34522033,-0.7970551,-0.40179482,-0.039336596,-0.32332915,-0.15007433,0.3996397,0.24305841,-0.47854775,0.36226773,-0.22158411,0.23242432,-0.8671551,-0.13092643,-0.41431668,0.0770593,-0.0646638,0.7587772,0.04980748,-0.14849262,-0.6308565,-0.044959083,-0.548116,-0.12509944,-0.82529885,0.18807767,0.4111495,-0.57715523,-0.12300623,-0.741393,0.56138116,-0.41817263,0.07439943,0.24296235,0.23772565,-1.6956922,0.04807772,-0.27849174,0.868571,-0.08591322,0.11126944,0.37747565,-0.39896035,-0.3174826,0.33808222,-0.59924215,-0.11216219,-0.1554208,0.6331571,0.3274575,0.07691286,0.55244327,-0.38378686,-0.7519701,-0.031176955,0.27153203,0.3305206,-0.5321368,-1.0927324,-0.5941294,0.5544979,0.74974865,-0.22817756,-0.17077328,-0.67869216,-0.56617576,0.33000946,-0.11400702,-0.00038189895,-0.19094019,0.44940665,-0.2004513,0.25893775,-0.5585188,0.13907479,0.4074876,0.08163026,-0.96244913,0.2870996,0.8885296
362,neutral,-0.100250594,0.3858995,0.272376,-0.20902409,0.10646643,0.00657538,-0.06349017,0.2079023,-0.16360275,0.052858587,-0.093109965,-0.025996415,0.3693476,0.11338829,-0.060769122,-0.03583678,0.13658848,-0.16951981,0.022468448,-0.14539239,-0.05096482,0.018773459,0.026077984,0.26383927,0.3235304,0.010591359,-0.046563536,0.13316596,0.34558785,-0.06567468,-0.032979336,0.12782091,-0.06985931,-0.049204234,0.11270336,0.01484731,0.042935956,0.20726892,0.030843878,-0.089890815,-0.23180968,-0.17953347,-0.25734356,-0.023152754,0.05133502,-0.22816077,0.02675934,0.030857636,0.19935961,-0.26908404,0.08063808,0.024281248,0.05664485,0.6805789,-0.2667404,-1.7513523,-0.055922348,0.10787984,1.1104553,0.40985203,-0.13685593,0.42509726,-0.26399106,-0.13940056,0.59887934,0.26323047,0.15164077,-0.25090137,0.4060184,-0.1626977,-0.09263366,-0.040676627,-0.046856713,-0.1625818,0.109374575,-0.15717462,0.087488465,0.048140936,-0.18879385,-0.12316825,0.3420081,0.07769756,-0.3470687,0.0633438,-0.58949083,-0.07159902,-0.13762307,-0.21456844,0.18630072,0.082828745,-0.020794263,0.043683168,-0.12419589,-0.058555905,-0.31359065,-0.15041018,-0.020443507,-0.06825351,0.40596133,0.2169216
363,negative,-0.13196264,0.0034174805,0.35951126,-0.22288017,-0.23534532,0.16549017,-0.19968762,-0.11551998,-0.042974688,-0.0030069994,0.12675971,0.11075426,0.11822821,0.079255275,-0.12561522,-0.05523775,0.15383063,0.29987288,-0.33708832,0.42881715,0.3192911,-0.14992313,-0.05319512,-0.0337222,0.20883456,0.3905902,-0.19083637,-0.26180115,0.2462476,-0.09281285,0.054813508,0.32298356,-0.12120716,0.0069607566,-0.04573208,0.19432104,-0.17540231,0.1774512,0.105069175,-0.17113344,-0.06258324,0.030944115,-0.028432952,-0.19185132,-0.1959365,-0.074628755,0.010438183,-0.09060276,-0.11093888,-0.43346915,-0.06002731,-0.23903604,0.0315228,0.69568986,-0.1299416,-1.3006612,0.17281353,-0.0582079,0.72951823,0.2352047,0.11776975,0.36909574,-0.16726628,-0.02875405,0.42077535,-0.009227739,0.39123684,0.20425102,-0.105513625,-0.16694362,-0.103802584,-0.1020549,-0.2840777,-0.3599101,0.09661743,0.18881214,-0.09141201,-0.035744004,-0.44084886,0.1652746,0.39915818,0.1384366,-0.20223485,-0.095862135,-0.7417396,-0.0536822,-0.08705205,-0.045331735,-0.083001144,-0.23408003,-0.026321428,-0.28823835,0.03765812,0.030268554,-0.30458528,-0.25528616,0.08923205,-0.2564148,0.21612692,0.104207784
364,negative,0.30739123,0.46031547,-0.01656023,-0.15966502,-0.12728404,0.5422242,-0.6240259,-0.5342859,0.09792168,0.581205,-0.12060504,-0.14534576,0.5062074,-0.2696751,-0.1385148,0.09413986,0.04019167,-0.11748372,-0.5858981,0.18049338,0.3852348,-0.10871723,0.4342117,-0.07942757,0.16842075,-0.040058628,-0.13506074,-0.14365157,0.4206758,0.044220477,0.13618983,0.10780103,-0.18871577,-0.07286129,-0.17198141,0.17099833,0.18043885,0.15288107,-0.43383172,-0.061336413,-0.7350077,0.26897818,0.33880416,-0.13843212,0.25988457,-0.57345176,0.72883505,0.33466592,-0.05364482,-0.4599641,0.06353103,0.13155788,-0.14706495,0.6743869,0.096136376,-1.1186271,0.42428082,0.03381187,1.1867583,0.1662745,0.050142765,0.1512992,-0.081512496,-0.3927665,0.6291832,0.24006589,0.075934984,0.007213207,0.38440293,-0.25117052,0.27637595,-0.52931064,-0.2410821,-0.25226408,-0.24512689,-0.26488227,-0.022414686,-0.105975814,-0.44987884,0.36053762,0.56741375,-0.06537796,-0.14230233,0.3259578,-0.7540475,0.18491139,-0.40587878,0.3057747,0.16547416,-0.22408909,-0.101011634,-0.058059815,0.1437903,0.10743633,-0.41987336,-0.49486867,-0.1972372,-0.59283406,0.12875678,0.36492407
365,neutral,-0.08099068,0.51798856,0.51695305,-0.14165819,-0.15102251,-0.31715617,-0.07982403,0.13326131,0.064011864,0.19538754,0.15752372,-0.07274085,0.1118611,0.07110321,-0.09887848,-0.2991559,0.115841895,0.15960713,-0.58513486,0.07166583,0.21106125,-0.054869324,0.07912662,0.1639103,-0.029213814,0.061931264,-0.17815453,-0.16414501,0.27391514,0.07059464,-0.19964683,0.44057786,-0.050477944,-0.048149392,0.30216548,0.25694692,0.0222501,0.02078962,-0.005163125,-0.114541076,-0.3122954,-0.1433083,0.22263674,-0.39241028,0.110709496,-0.3100219,0.15196952,-0.33299062,-0.061123505,-0.7283708,0.268208,0.2853618,0.0027409198,0.9424173,-0.1061753,-1.9257903,0.15877034,-0.22829638,1.5075469,0.3255547,-0.079729035,0.50167215,-0.19273269,-0.01437709,0.61497015,0.292986,0.19559409,0.33216462,-0.040017057,-0.10712742,0.39346558,-0.44476438,-0.097893566,-0.1690378,0.0942025,0.011022193,-0.012618645,0.15360488,-0.87714195,0.10537296,0.77932936,-0.14951783,-0.42339304,0.05097188,-1.2556183,-0.08646208,0.027542599,0.15586007,-0.20264083,-0.20208575,0.01134203,-0.00931714,-0.09728732,-0.12539765,-0.6762825,0.12368577,-0.009711057,-0.04756378,0.41900027,0.18014203
366,neutral,-0.09849868,0.23953858,0.26733363,-0.03815429,0.06878807,-0.075803965,0.0028809335,0.269629,-0.33265874,-0.07793655,0.16147171,-0.063856974,-0.04976409,0.07843537,0.21110795,-0.3105511,-0.21393727,0.0010351059,-0.18894386,-0.010923928,0.4541231,0.1116106,0.2633009,0.19701588,0.31646794,-0.20737176,-0.044072576,-0.13475446,0.21405208,0.0438959,-0.14284144,0.32755536,-0.09582581,-0.10788281,0.1746247,0.12429217,0.10072603,0.02674939,-0.15869221,-0.15218173,-0.14663015,-0.37856698,0.104285076,-0.052065473,-0.033014316,-0.18499418,0.15217997,-0.32012942,0.14934976,-0.60305744,0.056932203,-0.11532684,0.028034795,0.7423219,-0.21087511,-1.8739779,-0.20569001,0.076796025,1.3740624,0.30560666,0.036895618,0.35235646,-0.27090865,0.20287167,0.3329839,0.087464415,-0.073050216,-0.07446653,0.17559873,-0.13147055,-0.07003657,-0.17316581,-0.016634654,-0.05904538,0.2052034,-0.08532097,-0.081949584,-0.1347174,-0.3923957,0.042787723,0.47269976,0.020191144,-0.36917832,-0.060815442,-0.7654983,-0.19079667,0.07651214,-0.048780277,-0.0774787,-0.18063821,-0.0011037335,0.045062862,-0.11204059,0.004580831,-0.51595765,-0.0006669676,-0.01846993,-0.06541298,0.50092494,-0.14279991
367,negative,0.00522862,0.14707908,0.47044712,-0.14730527,-0.33432573,0.257091,-0.19037795,0.08695004,-0.0012415374,-0.11540645,-0.0077070403,0.05764881,0.06328088,0.02047508,0.10278056,0.011950565,-0.1274387,0.16099669,-0.30731437,0.15541357,0.33897355,0.08142095,0.09068216,-0.35510385,0.06311878,0.12543896,-0.23962955,-0.38081133,0.17009333,-0.21586776,0.10795689,0.33267885,0.12329974,0.035332307,0.024229763,0.16334914,-0.1386501,0.033695705,0.24619488,-0.10226585,-0.4384175,-0.08783522,0.009874881,-0.4043269,-0.15663315,-0.22183175,0.13547465,-0.2318887,-0.028462976,-0.66499794,0.0040266677,-0.17860746,0.10711738,0.70704585,-0.20361385,-1.6116034,0.19655277,-0.042108107,1.0247693,0.29548407,-0.03547683,0.5222753,-0.21091764,-0.057219014,0.5354535,0.09130117,0.38980514,0.11264986,-0.010102709,-0.24631093,0.15150103,-0.28851995,-0.07163672,-0.18560317,-0.0258229,0.1447574,-0.1504133,-0.09546937,-0.46481612,-0.09638154,0.3496274,-0.07318056,-0.3314047,-0.14674608,-0.953513,-0.22266321,-0.026451198,-0.010305414,-0.08964525,-0.3241566,-0.14329961,-0.027780762,-0.11328694,0.010828403,-0.33150586,-0.073623694,0.016045127,-0.17110157,0.26302212,0.07688956
368,negative,-0.13472244,0.2766902,0.27536955,0.10797412,0.033829637,-0.16208434,-0.1586527,-0.011328819,0.109717004,0.08176413,0.017490406,-0.021437217,0.14393,0.05975538,-0.023511237,-0.18178551,0.15434904,-0.12674542,-0.38998348,0.07311891,0.17616616,0.06955658,0.14904061,0.030753206,-0.048337948,0.019267388,-0.14854947,-0.18701017,0.35021564,-0.122808434,-0.01937348,0.27716652,-0.11871651,0.017618533,0.019810338,0.23921375,0.18234125,-0.10521037,-0.1348748,-0.015611845,-0.43779102,-0.14390554,0.11344267,-0.15836349,0.24259779,-0.033064492,0.19607016,-0.008187375,-0.17696697,-0.42263016,0.048469964,0.20162006,0.08837672,0.6858877,-0.10169303,-1.6537861,0.004560551,-0.3690982,1.107809,0.27873337,-0.12193516,0.22393222,-0.10919585,-0.14111765,0.46907318,-0.0036988943,0.024334183,0.27781764,0.115411274,0.0016210806,0.09947167,-0.19563843,-0.23198481,-0.34096724,0.13692242,-0.06940542,-0.037501205,0.11113921,-0.5945267,0.08629514,0.5886997,-0.00046889033,-0.30378982,0.13142914,-0.83609986,-0.1666083,-0.049423646,0.2536855,0.12784797,-0.34165323,-0.14380296,-0.047697216,-0.111001424,0.025922934,-0.40143514,0.05526525,-0.08164779,-0.25173962,0.35430014,0.11297629
369,negative,-0.118697956,0.14702569,0.329209,-0.052376974,-0.03346177,-0.20998214,-0.18664,-0.054371446,0.12549183,0.06624055,-0.052354928,-0.07953359,0.2518889,-0.038693856,-0.09568591,-0.07688709,0.04899624,-0.042478118,-0.28784108,-0.0092582805,0.18336402,-0.21876255,-0.030827675,-0.20279144,0.160448,0.0004767679,-0.08044273,-0.1396206,0.14517224,-0.15060027,0.025602633,0.38911852,0.0031861672,-0.031391513,0.03087549,0.12540247,0.16903263,-0.026713278,-0.0752024,-0.15296158,-0.4533962,0.017689038,0.11605618,-0.12813665,-0.11205111,-0.076420866,0.3003577,-0.007792677,-0.17839238,-0.58695734,-0.15835612,0.080919184,0.05190935,0.72808224,-0.010047492,-1.6133802,0.061460864,-0.25838897,1.1268455,0.24931002,-0.056796864,0.40764868,-0.31509593,-0.24165754,0.52699816,0.07392083,0.1062583,0.137851,-0.0536453,-0.21999146,0.20641616,-0.20543051,-0.24297121,-0.34848273,0.11148847,-0.08156582,-0.09566892,-0.029108822,-0.6381794,0.05238759,0.42035365,-0.039711364,-0.27730775,0.042804234,-0.8736191,0.044817206,0.08334948,0.041991517,-0.13983952,-0.29171255,-0.09395275,0.050653003,-0.21882683,-0.11760974,-0.27678472,0.119063035,-0.036410846,-0.21895896,0.37455145,0.19354603
370,negative,-0.077535115,0.2172493,0.31887555,-0.32679355,-0.51483345,0.50532186,-0.27418396,0.21136121,0.14773189,-0.029649945,0.10248579,0.05040131,0.059647176,-0.011006562,0.12515397,-0.22342843,-0.20662777,0.34639305,-0.31739065,0.25490996,0.13349105,0.03900675,0.05551008,-0.12246061,0.05311971,0.19699731,-0.089729786,-0.33388674,0.33681762,-0.20646988,0.057318587,0.1870622,0.024907809,0.12568136,-0.18490902,0.17703494,-0.015777115,0.07481235,0.22810817,-0.25993234,-0.16503766,-0.04933994,-0.23248689,-0.38561845,-0.19531736,-0.07676953,0.13564584,0.09245427,-0.05815173,-0.84573346,-0.15787901,0.00013478399,-0.061067633,0.7293406,0.10440399,-1.491871,0.20139425,-0.022514889,0.99942404,0.114573926,0.1708513,0.5725392,-0.34906694,-0.112484455,0.46077693,0.29941347,0.382674,-0.03132746,0.022852544,-0.22928533,-0.0061765136,-0.17523997,-0.03161861,-0.21539323,0.098159716,0.10510731,-0.2185393,-0.034760747,-0.18717301,-0.08971951,0.31846526,-0.0002667499,-0.42312554,0.16376811,-1.1472769,-0.11368397,0.014426096,0.13987471,-0.2981633,-0.1794771,-0.015536324,0.006681909,0.12097536,-0.07562996,-0.23256911,-0.10977039,0.10513199,-0.09934883,0.28067246,0.10427679
371,neutral,-0.37551898,-0.031178711,0.3394566,0.2099241,-0.121042766,-0.117150396,-0.27147624,0.09246171,0.072510704,0.29619715,-0.20623606,0.0013111704,0.26024103,0.13813363,0.112232,-0.3299249,-0.11113067,-0.1973414,-0.5459797,0.038867064,0.32818326,-0.11321953,0.25978792,-0.08707498,-0.018997634,-0.034107808,-0.18875147,-0.14381213,0.27575272,-0.0032334705,0.04186135,-0.16366301,-0.019374065,0.047140203,-0.13348769,-0.13477267,0.20199917,0.14756006,-0.07169143,-0.033267695,-0.60036576,0.007196549,0.17258579,-0.2930106,0.20973542,0.057364956,0.33132732,0.043796893,-0.20111862,-0.25887778,-0.17975986,0.011163761,0.10842282,0.79886895,-0.035201717,-1.4840233,-0.16664198,-0.34391212,1.168274,0.22376183,0.003050552,0.22297023,-0.1012521,-0.21633318,0.66590196,0.07611371,0.12890519,0.0243117,-0.04069232,0.028270554,0.19466911,-0.36658308,-0.32625237,-0.4318258,0.1696375,0.08174396,-0.12367554,0.16160837,-0.5092331,0.15298894,0.51338744,0.18554024,-0.13797547,0.03892015,-0.5348876,-0.075305976,-0.07835082,-0.16973765,0.14613639,-0.29714823,-0.05161318,0.0817957,-0.21612142,0.19494358,-0.31160024,0.18988997,0.06991796,-0.1037676,0.50409657,-0.036523037
372,neutral,0.0027525001,0.079127744,0.18908356,-0.23577748,-0.05435423,0.0093850875,0.10754244,0.30034268,-0.018648148,-0.16382058,0.15833665,-0.09323244,0.050566796,0.18490526,0.10793046,0.0013778013,0.26549342,-0.009862844,-0.42471755,0.07524994,0.165496,-0.06080531,0.16170888,0.11560784,0.24084696,0.0073909117,-0.21723163,-0.3747939,0.36323276,-0.18932937,0.16318692,0.43823937,-0.046341885,0.1194783,-0.14121914,0.09165425,-0.15950733,0.062484533,0.09904952,-0.12201089,-0.3671862,-0.36487257,0.21746744,-0.027074115,-0.074945696,-0.21587363,0.073410705,-0.24042365,0.02686832,-0.7601211,0.21519251,-0.17449878,0.17879128,0.8913509,-0.27459887,-2.0684183,-0.22343493,-0.07653752,1.1549721,0.32762268,-0.16770409,0.6660013,-0.12953687,-0.24328643,0.5588239,0.11811809,0.24422054,0.37364733,0.024486657,-0.13679817,0.082241215,-0.14773118,-0.41485143,-0.2367061,-0.09336574,0.2970569,-0.048544336,-0.020681566,-0.7421999,0.034244504,0.28016832,-0.044668563,-0.21042101,-0.056221303,-0.81161827,-0.2544206,-0.01127091,-0.10899788,-0.0046570194,-0.29444537,0.053957034,-0.11713597,0.17617518,-0.019850442,-0.7787368,0.054535657,0.15557283,-0.036013927,0.20251615,0.10962335
373,neutral,-0.19893488,0.1816061,0.24853727,-0.21909958,-0.42990384,0.066259146,-0.2824693,-0.093553305,-0.027182221,0.19080392,-0.004742382,-0.0019611074,0.26431677,-0.029533768,-0.0050942968,-0.057194248,-0.09028148,0.07295658,-0.4569708,0.24685135,0.24367888,-0.047041688,0.00082406716,-0.13164712,-0.07684226,0.13337323,0.031296823,-0.22335516,0.274191,-0.19127545,-0.08063993,0.33837587,-0.13516264,0.011494421,0.0083612995,0.13211046,-0.12477893,-0.08982257,0.08436492,-0.030998345,-0.40470332,-0.051687572,0.17376727,-0.14271507,0.104863636,-0.2109973,0.13268676,-0.18756999,-0.28587016,-0.64990723,0.17577296,0.13108614,0.10248307,0.729179,-0.123634845,-1.2709048,0.11962977,-0.22572911,1.1397738,0.14110214,-0.03025037,0.4981592,-0.05141836,-0.21934307,0.49886203,0.04027928,0.044004895,0.3314083,-0.12177945,0.011033372,-0.04393853,-0.26230294,-0.22149524,-0.38324732,0.04624531,0.17954563,-0.03745436,0.011733276,-0.5846288,0.12191226,0.5446066,-0.17909244,-0.22743861,-0.03389311,-0.87468547,-0.24995287,0.07047401,0.14026897,-0.106400274,-0.2558013,-0.050865218,-0.06552583,0.003994531,-0.12829286,-0.30017868,0.20831102,0.18951765,-0.073752515,0.1942809,0.14213572
374,neutral,-0.0511493,-0.120413296,0.18294609,-0.058174934,0.09417413,-0.3735163,0.00024423312,0.28563857,-0.14005259,0.08464016,0.1599666,-0.043730382,0.29412585,0.021549698,0.15539308,-0.30416778,0.17756166,-0.36593372,-0.3590116,-0.17130333,0.57193923,-0.098969445,0.14727154,-0.0009074401,0.24283282,-0.15490466,-0.32033178,0.06503412,-0.008168576,-0.102768205,-0.40894514,0.18545982,-0.030099735,0.15054592,0.081653446,-0.0032390736,0.05443801,0.17503306,0.066567875,0.24387327,-0.38414297,-0.50497586,-0.059380636,0.02835625,0.3302554,0.19746065,-0.081727676,-0.33236006,0.0326781,-0.28197768,0.4650563,0.022733213,0.0535384,0.8169454,-0.18382765,-1.7913245,-0.050468124,-0.25603762,1.9515297,0.6510519,-0.4519881,0.36732653,-0.080817476,-0.11453603,-0.05644124,0.18994837,-0.0931635,0.13110954,0.32129258,0.0791319,-0.16158658,-0.1960731,0.36141428,-0.29693764,0.20074105,0.12545992,-0.057588294,0.022128882,-0.7676081,0.035000235,0.5394334,0.111003906,-0.1444909,0.2129208,-0.90697354,-0.28207204,0.26715904,-0.1025195,0.09035237,-0.17607221,0.12215379,0.15704699,-0.2905477,-0.11280493,-0.31262115,0.4411377,0.043761726,-0.23480272,0.4663462,-0.031441312
375,neutral,0.17695446,0.33101198,0.36146504,-0.35281104,-0.2851738,0.19877476,-0.20963854,-0.29710752,0.18790947,-0.32628465,0.11107633,0.29123393,0.34120917,0.06122071,-0.0720002,-0.18800928,-0.047395404,0.37176332,-0.3789118,0.2474824,0.31312576,-0.24798161,-0.16900013,-0.08515361,0.112041205,0.23664469,-0.06444655,-0.6271213,0.06778649,0.021014981,0.2844829,0.60774195,0.12832573,0.14391807,0.057370994,0.19069865,-0.081649296,0.1991942,0.26778087,-0.31237477,-0.48674384,0.15307489,0.4483002,-0.4989618,-0.44833535,-0.3058374,0.15436448,-0.19892085,-0.17040302,-0.47832426,0.34215346,0.28535667,0.09180653,0.7491645,-0.21845838,-1.7934388,0.18286686,-0.04371668,1.1074765,0.5072969,-0.08309355,0.6169436,-0.32727942,0.04571714,0.9522527,0.16265038,0.60608727,0.32088858,-0.4400907,-0.1220508,0.12599696,-0.09424223,0.017277982,-0.3627731,0.20884946,-0.15382357,-0.13769773,-0.2579038,-0.4545849,0.027153136,0.30660388,0.24258453,-0.740322,-0.13448934,-1.0890775,-0.39353797,-0.06037236,0.24953482,-0.0552473,-0.34408787,-0.27116984,-0.36143053,-0.011482588,0.1865621,-0.05801737,-0.044591658,0.0019845995,-0.2653168,0.16528064,-0.020228187
377,neutral,-0.093506396,0.28167176,0.43424305,0.3163318,0.12173596,-0.33302343,-0.22225024,-0.0013129615,0.008596199,0.48799855,0.19373967,-0.2658597,0.10457932,0.39850712,-0.28298768,0.12878977,0.086469084,-0.18791318,-0.48460275,0.18211907,0.06293023,-0.2657394,0.26357326,0.044119723,-0.3105708,-0.07810849,-0.3211254,0.049494755,0.35436475,0.14421569,-0.15826401,0.2629962,-0.303134,-0.06318474,0.04201704,0.07948965,0.14767759,0.15283349,0.09293382,-0.0625562,-0.28441203,-0.05940929,0.21015596,0.053939834,0.23933461,-0.4152069,0.18434851,-0.25128993,-0.18185508,-0.5115114,0.26248157,0.18706399,-0.030207468,0.942343,-0.17989941,-1.7891377,0.004389578,-0.37168312,1.3899294,0.49410057,0.059122596,0.2366651,-0.10386541,0.058574148,0.40680373,-0.13196251,-0.030735068,0.5111291,0.21953525,0.30589882,0.282774,-0.48432583,-0.0022175459,-0.31191808,0.1748781,0.029105578,-0.1203575,0.04652848,-0.75785214,-0.10628862,0.81798506,-0.10388074,-0.18590419,-0.18930864,-1.2420746,-0.010571587,0.24772021,0.19153963,-0.054372765,-0.17151177,-0.06459708,0.05400397,0.01833542,-0.20189452,-0.29156402,0.12972257,-0.3942087,-0.49881837,0.28990194,0.06157202
378,neutral,-0.038928352,0.13490888,0.5717935,-0.38743213,-0.021446789,-0.1024047,0.034658886,0.16393527,-0.17138942,0.08343434,0.32392013,0.070303746,0.10311777,0.20872407,0.007084834,-0.39611763,0.17070468,0.024500383,-0.03588601,0.40814555,0.4154902,0.009025636,0.20475444,-0.09433718,0.40063995,-0.017765949,-0.4303503,-0.20517962,0.38480026,-0.14327446,-0.20633037,0.19737104,-0.028294582,0.2523751,0.27408943,0.04861644,-0.004453204,0.3566647,0.17388673,-0.35790795,-0.26063314,0.0019420249,-0.12860519,0.040796585,0.18614396,0.0968318,-0.03532195,-0.0729441,0.30283654,-0.38204083,-0.2026075,0.060985956,0.23623304,0.49067152,-0.21863675,-1.8084805,-0.321263,-0.088594094,0.95859385,0.71946454,-0.22540803,0.7466252,-0.33865476,0.026263028,0.21049306,0.1419575,0.10063294,0.23949063,-0.051042575,-0.19407071,-0.056205355,-0.024953106,-0.13652982,-0.10237742,-0.15108897,0.10312264,0.0991717,-0.07798827,-0.3941257,-0.09143842,0.27342427,0.046842482,-0.013426029,0.23379955,-0.685421,-0.476745,-0.1708795,-0.086023785,-0.3398969,-0.10177739,-0.056946114,-0.010191468,-0.0017928493,-0.059744008,-0.34393495,0.09190033,-0.034266744,0.02646547,0.34573022,0.19171008
379,negative,-0.041125555,0.22335987,0.122392185,-0.17756402,-0.026627585,0.20877862,-0.079377614,0.17641948,-0.0805515,0.2680674,0.03170792,-0.009592642,0.24557054,0.31334636,-0.02699484,-0.16063115,0.10348503,0.0148855345,-0.41705325,0.24200873,0.37081498,-0.27924863,0.10049078,-0.031953797,-0.02493095,0.014485291,-0.29751593,-0.289846,0.16169092,0.06725465,-0.12498803,0.37726083,-0.043167505,0.01162681,0.10402329,0.06697437,-0.16066012,0.13805397,0.27092567,0.027150946,-0.31665885,0.029888986,-0.09262878,-0.24250549,0.2551515,-0.047801204,-0.103250906,-0.17265405,-0.14024,-0.4469301,-0.114305906,-0.08184316,-0.100575075,0.8474921,-0.10541514,-1.6909071,-0.18934837,-0.14525427,1.4022964,0.38952336,-0.028015377,0.45991126,0.0045616548,-0.10911382,0.4937104,0.027774386,0.19735982,0.18690133,0.007521839,0.05933409,-0.034439404,-0.27630314,-0.21442293,-0.28905568,0.10850359,0.2334478,0.012324283,-0.008118743,-0.53503305,-0.1400386,0.6048571,0.03941295,-0.3163919,-0.14741288,-1.0269408,-0.20243499,0.15855975,-0.07389231,-0.069224074,-0.13793686,0.010858194,-0.091964565,-0.012321479,-0.15910807,-0.43788737,0.065871656,-0.08997387,-0.1954909,0.17690852,-0.02321459
380,negative,-0.062449254,0.15412876,0.2983508,-0.11107512,0.09534715,0.027769713,-0.06475743,0.034373987,0.2002319,-0.01787019,-0.077708825,-0.096240506,0.23649155,0.21897322,0.08630082,-0.16253181,0.018959051,-0.09171006,-0.3579234,0.0068280036,0.2438585,0.05533437,0.07799082,-0.084641,0.25564376,-0.055263225,-0.122433946,-0.33618787,0.201672,-0.07892126,0.10346571,0.30634424,-0.00083975797,0.0047161323,-0.032293543,0.15653284,0.053091858,0.047481135,0.0026474346,-0.0037182695,-0.4764137,-0.11750274,0.25436634,-0.18364307,0.06567679,-0.1933035,0.15683071,-0.021284781,-0.08573598,-0.5511107,0.08425135,-0.05490688,0.14746861,0.9154116,-0.19469757,-1.896244,0.02345056,-0.21372898,1.2424492,0.31706446,-0.10067615,0.6232314,-0.09754123,-0.16516507,0.45857623,0.10937735,0.33677226,0.28027785,-0.102563545,-0.011886773,0.1486661,-0.37412128,-0.2602607,-0.2504651,0.007710605,-0.039167315,-0.105194315,0.1353562,-0.60979265,0.035662755,0.5895347,0.037094187,-0.27807328,0.114944786,-1.0610366,-0.10869354,0.09037219,0.097337954,-0.055320866,-0.23457736,0.01202025,-0.10392581,-0.13021088,-0.011913009,-0.45060694,0.09061866,-0.09223869,0.041050825,0.45214534,0.09179783
382,negative,-0.24013351,0.2738597,0.197499,0.049267374,0.08149125,0.028399643,-0.25909543,-0.027005546,0.1031663,0.19896668,-0.2846519,-0.07461964,0.2205268,0.043619797,-0.040525224,-0.108974285,-0.019380169,-0.11882568,-0.39249063,0.02245484,0.33743465,-0.09030584,0.25234684,-0.08324682,0.10524968,-0.16709904,-0.02486677,-0.3361166,0.09168955,-0.047016907,-0.026104612,0.32036126,-0.14134587,-0.0672857,-0.024213918,-0.0059291287,0.11421451,-0.08374314,-0.07203778,-0.056416493,-0.5066345,-0.100697346,-0.08035971,-0.2476285,0.13784012,-0.11412223,0.35628796,-0.14785032,-0.18911876,-0.6099897,0.07599236,-0.050562385,-0.122971915,1.0418718,0.15045272,-2.1244335,0.024614176,-0.26680166,1.4362026,0.40695298,-0.12600832,0.45634425,-0.10465984,-0.24043155,0.8073392,0.20111974,0.21785368,0.01673366,0.33952194,-0.086122006,0.14468789,-0.23581557,-0.30453488,-0.12948011,0.17857309,-0.17371199,-0.10025018,0.07707663,-0.7958905,0.049725026,0.6537347,0.053547133,-0.35807788,0.06477118,-1.1475719,0.08688391,-0.11495875,-0.08474702,-0.14440599,-0.3301747,-0.108277485,0.070646375,-0.2455971,-0.10148811,-0.44398406,0.04567487,-0.0051276432,-0.19261786,0.48325995,0.16402107
384,neutral,-0.04776087,0.17182499,0.23570135,-0.17901988,-0.22437766,0.14543955,-0.14197944,0.19561431,0.08422491,-0.19536366,-0.028248781,0.09772061,0.13786086,-0.002730782,0.15899806,-0.03006234,-0.15066686,0.1931971,-0.1477275,0.22989674,0.22910154,-0.081723735,-0.031122163,-0.12875357,0.013237238,0.15993825,-0.17162,-0.47776097,0.4141004,-0.11522202,0.0002362241,0.29716188,-0.07971349,0.18614615,-0.056275226,0.17723297,-0.10434334,0.16245255,0.010150695,-0.22608602,-0.18153974,-0.16765408,-0.13968572,-0.26181003,-0.1556097,0.010131134,0.13549705,-0.012206413,0.007823347,-0.73855966,-0.04367119,-0.05944827,0.13028845,0.6784505,0.08666915,-1.7670002,-0.09500739,-0.08717002,1.073075,0.4270231,-0.008149449,0.8533,-0.2276192,-0.12341626,0.51929843,0.22538358,0.29072762,0.08233548,-0.06258291,-0.3862825,0.06874156,-0.22395355,0.032198496,-0.2730449,-0.02768043,0.001923818,-0.04396247,-0.14412355,-0.23518574,-0.023842307,0.40447026,-0.061816547,-0.59451824,0.092278965,-1.1925584,-0.13960162,0.2612449,0.086252086,-0.26036334,-0.1790378,0.027477203,0.056869958,-0.027485419,-0.109917864,-0.430734,-0.10662592,0.059630968,-0.33715302,0.2998967,0.08056306
385,neutral,0.09561456,0.31595388,0.2739514,-0.28341025,-0.3731825,-0.117423825,0.07332005,0.13807559,-0.16074303,-0.30142945,-0.13953415,-0.091158465,0.15351689,0.16662438,-0.18432952,-0.20555942,0.32696766,0.17031306,-0.4520213,-0.052916326,0.21196248,0.09173758,0.10481997,-0.1345416,0.3587513,-0.19377275,-0.3520026,-0.5883846,0.5394716,-0.048275467,-0.27322146,0.69104654,-0.1930285,-0.28095508,0.106049545,0.10306726,0.14218736,0.11589619,-0.11010851,-0.25864023,-0.39833105,-0.1287557,0.29813394,-0.22865902,0.096895784,-0.12112752,0.10940844,-0.13049267,-0.029827883,-0.5706627,0.08112107,-0.027720239,-0.22502774,0.5338499,0.08049103,-1.7597467,-0.13086158,0.006704322,1.0855672,0.69590396,-0.023545798,0.11004832,-0.37648305,0.04995239,0.49940425,0.0071816226,0.056042068,0.53761685,-0.016102921,-0.23609896,0.11188572,-0.15517512,-0.36010802,-0.5529592,0.18351966,-0.11489576,-0.14639096,-0.10610103,-0.59910786,-0.007870868,0.3546836,-0.1458834,-0.31814396,0.044158977,-0.93366486,-0.07739779,0.0054871812,0.38487655,-0.021666946,-0.22286747,-0.25093254,-0.14871208,-0.21266878,0.05647976,-0.3893493,-0.025780898,0.0024415161,0.19793242,0.35205227,0.20705675
386,negative,-0.45196632,-0.113272324,0.35975918,0.30285582,-0.09799424,-0.42101026,-0.24996132,0.2941631,-0.16527015,0.40908566,0.007909326,-0.10568542,0.25394377,0.30879828,0.048463725,-0.23411843,-0.12363999,-0.17958772,-0.5463454,-0.23360944,0.29286608,-0.27045247,0.097311445,0.004701923,-0.0581504,0.12965997,0.1094227,0.41306067,0.33379766,0.07376278,-0.34006098,0.34648436,-0.031710178,0.14356688,-0.11817441,0.0037283725,0.22962111,-0.19261393,-0.1527483,0.14524363,-0.7157103,-0.014592423,0.3640244,-0.07980009,0.57101494,-0.35404155,0.18657327,-0.10422879,-0.1368263,-0.24976464,0.032683015,-0.077246085,0.13863719,0.8807347,-0.27700636,-1.7284452,-0.12051702,0.1373739,1.3919536,0.19648111,-0.29630873,0.226833,-0.1314462,-0.15313709,0.30842116,0.30620968,-0.23645443,0.07002737,0.090006635,0.013267812,0.24383798,-0.45290637,-0.46146962,-0.50563717,-0.12528808,-0.001173067,0.17291366,0.2742489,-1.046779,-0.08311882,0.65717673,-0.16801956,-0.028087316,-0.15432781,-0.55874264,-0.12802894,0.1461898,0.22360356,0.25718877,-0.15104161,0.23698442,0.25211728,-0.22987443,0.058548536,-0.37160835,0.2837037,0.14214808,0.09385588,0.46325314,-0.12103142
387,neutral,-0.17467389,-0.113739274,0.24830814,-0.021324376,-0.24676831,-0.03469956,-0.20355266,-0.039218966,0.06214935,0.04638116,-0.16723377,0.060178947,0.13134849,-0.0002806799,-0.006167346,-0.12518108,-0.057060104,-0.036711033,-0.45756605,0.14728235,0.4279363,-0.103159845,0.11941655,-0.06285318,0.047405437,-0.023029681,-0.17966376,-0.17679578,0.3115259,-0.17936112,-0.15505268,0.043411493,-0.045941263,-0.01591614,0.10358011,0.029803993,0.29092655,-0.10528874,-0.19765453,0.021878831,-0.427785,-0.11280249,0.04123486,-0.19049735,0.17445435,-0.17514154,0.28765962,-0.15808113,-0.18794931,-0.71049476,0.010838299,0.24079716,-0.055313084,0.8964637,-0.07529076,-1.9697026,0.03988288,-0.35038897,1.0663104,0.36502066,-0.17983443,0.31785002,-0.21089908,-0.31932074,0.64429253,0.18662582,0.045961104,0.09722717,0.022482099,0.008415217,0.29623032,-0.35956585,-0.2413443,-0.32653114,0.19324327,0.07632966,-0.025154911,0.15704556,-0.75877845,0.33677378,0.48521614,-0.13834539,-0.23081975,-0.019122174,-0.8359818,-0.118551515,-0.054571334,0.11973433,0.094757415,-0.5081629,-0.1936572,0.023293452,-0.33391804,0.1344906,-0.42531878,0.16357198,0.10776445,0.007569208,0.3093369,0.16354078
388,neutral,-0.3841175,0.33235833,0.081894875,0.028640706,-0.05032214,-0.022467779,0.04039268,0.08828651,-0.2597198,0.2629685,0.075029224,-0.20011897,-0.012326807,-0.0070402646,0.08283523,-0.16462785,0.2005987,0.03871577,-0.34356123,0.21770501,0.08386971,-0.27812734,0.28716454,-0.13200288,0.338515,0.49776268,-0.11957548,-0.25411677,-0.12441442,0.3209126,-0.4461638,0.52382874,-0.2820766,0.0034358418,-0.12437426,0.116919376,0.24323148,0.22378646,-0.0789294,-0.19114953,-0.4050289,-0.24555834,-0.09309961,-0.23527168,0.436606,-0.06634151,0.013629408,-0.16896077,-0.33570072,-0.49660444,-0.27555752,0.09233806,-0.14121178,1.076383,-0.14134042,-2.037167,-0.34056187,0.1452394,1.6216944,0.1951365,-0.18511139,0.53131336,-0.40105063,0.04021522,0.60766596,0.11882292,-0.09324358,0.48101085,0.34093496,-0.047155518,0.2047784,-0.49148867,0.013409443,-0.33826208,0.008950977,-0.025025694,-0.29848275,-0.18182176,-0.46311697,-0.08871965,0.981664,-0.17125732,-0.31505534,0.10306643,-0.9121008,-0.1110571,0.07599039,-0.026754307,0.42883432,-0.05178783,-0.14918642,0.2378979,0.10534795,-0.25246423,-0.5115942,0.29162127,0.16689877,-0.1226824,0.43179822,0.107102185
389,neutral,-0.121100284,0.25493735,0.40299258,-0.053514544,-0.2109165,0.03486172,-0.08502317,-0.17942283,0.12224392,0.0013193397,-0.1530981,-0.13982596,0.16622609,0.0727706,-0.095503554,-0.06049753,-0.14302956,-0.15432124,-0.37227076,-0.08667249,0.14952539,-0.023013469,0.17597754,0.06778596,0.12171116,-0.053239558,-0.13957228,-0.113789685,0.21171388,-0.06549306,-0.05755893,0.2572413,-0.16734336,-0.13042708,0.19438717,0.24483025,-0.057090994,-0.08142455,-0.1648926,-0.23198023,-0.45761257,-0.049785793,-0.01369082,-0.1943482,0.015859963,-0.13694194,0.3128554,-0.22172175,-0.13717371,-0.66892755,0.19108227,0.08984725,-0.07260572,0.8274266,-0.104540735,-1.7581846,0.04906409,-0.24497652,1.2159979,0.29854837,-0.12484215,0.5571424,-0.22825916,-0.27280682,0.572749,0.00088112406,0.13770509,0.30326787,0.08511624,-0.2411337,0.08812167,-0.3963514,-0.18204068,-0.35782152,0.07940816,0.04966832,-0.24879798,0.13913307,-0.6466514,-0.024630085,0.4447775,-0.07641087,-0.38136718,0.16825956,-0.9706198,-0.2060184,-0.15994194,0.029995486,-0.050847366,-0.3559391,-0.16619332,0.09468345,-0.010308594,0.01083242,-0.39877775,0.19058667,0.012315251,-0.00685402,0.4154429,0.43797946
393,neutral,-0.22487779,0.00097497576,-0.013263968,-0.04699157,0.09021273,-0.16607277,-0.06689497,0.19104746,-0.2557232,0.43282917,-0.06416769,-0.3012413,0.1927366,0.11673304,0.17579684,-0.09278784,0.08604198,-0.046716947,-0.63125885,0.10004106,0.40999034,-0.079837404,0.14440264,-0.15380342,-0.049938206,-0.016898138,-0.044987943,-0.121330515,-0.109612025,0.09012501,-0.06497758,0.25373933,-0.10539265,0.16011928,-0.011371627,-0.12906514,0.15341812,0.09368912,0.1181159,-0.067722954,-0.17867911,-0.23638505,0.17312485,0.09294842,0.43389046,0.07574898,0.08741091,-0.0067372182,-0.04114737,-0.3346758,0.12529182,0.062174127,-0.073633045,0.7550993,-0.050664514,-1.9667041,-0.062518835,-0.37470135,1.6083467,0.41518515,0.06525948,0.42066917,0.24373908,0.010348015,0.49948663,-0.031658486,-0.013563262,0.24969976,0.17822945,0.25546077,0.029796496,-0.37312585,-0.1657626,-0.43621892,0.11469989,-0.17696255,0.026624594,0.18792239,-0.6967346,0.11352655,0.53315455,-0.07251106,-0.3594832,0.03746147,-0.7981561,-0.08128672,0.258208,-0.031357482,0.15985104,-0.10732469,0.19947839,-0.030467428,-0.12942028,0.11787408,-0.40535808,0.3345378,0.079632945,-0.13142832,0.5798173,0.097652026
394,negative,-0.18740702,0.2302943,-0.03047926,0.11683606,0.039318006,-0.24787608,-0.4324416,-0.10243403,0.2569726,0.6882487,-0.15077846,-0.12830171,0.1859024,-0.08789123,0.0849781,0.20205991,-0.37382302,-0.08832962,-0.6026606,0.11265655,0.26254907,-0.19282237,0.11193806,-0.1526415,-0.069469884,0.09768038,-0.12610438,0.061084207,0.15256642,0.02388847,-0.044768065,0.11569455,-0.038385913,0.041875336,0.016590111,-0.060395796,0.38754058,-0.1150108,-0.055670496,0.18597619,-0.48361862,-0.054722518,0.16279703,0.03632999,0.25960404,-0.3074145,0.34425902,0.048820313,-0.1581911,-0.37309706,-0.00798481,0.13008939,0.1374854,0.93806475,-0.12840915,-1.5802088,0.069923386,-0.27555886,1.2195094,0.2205458,-0.100819536,0.166643,-0.046430033,-0.23267609,0.58024067,0.30577445,0.006567941,0.17966513,-0.1513952,-0.07971855,0.23485163,-0.42223927,-0.231974,-0.5147484,-0.041971013,-0.07782144,0.06850283,0.20793775,-0.64798224,0.023360832,0.8081607,-0.025172198,-0.27044654,-0.0038258878,-0.8047632,-0.061333388,0.025298428,0.2944637,0.028822316,-0.25752097,-0.043879896,0.12756762,-0.33776277,-0.14243363,-0.42009163,0.058308482,0.055701632,-0.014203763,0.47289136,0.20350917
395,negative,-0.3603446,0.2402993,0.1797263,-0.07639275,-0.06694767,-0.40283665,0.100866064,-0.28031462,0.095052235,1.1353166,0.40915024,0.08701512,0.52774745,0.44563478,-0.20979388,-0.20284052,0.23186651,-0.19880271,-0.119259454,0.0596014,0.7355466,-0.3936098,0.15420523,-0.38735247,0.08658149,0.3194059,-0.6357941,0.5505442,0.23132968,0.17677268,-0.28142208,0.34966338,-0.005965719,0.11209998,0.34373355,0.028977923,0.21410947,-0.051678568,0.5849853,0.15029307,-0.41016448,-0.03388317,0.29423854,0.36076584,0.87033737,0.03881207,0.04130742,-0.03792983,-0.045586012,0.060852498,0.124056645,0.89160234,0.20396203,0.9707034,-0.23802508,-1.2455627,-0.3362007,-0.1312211,1.7403538,0.49530396,0.16272897,0.4097003,0.35595053,0.13414754,-0.15671276,0.44105378,-0.26748002,0.24183008,-0.24290027,0.39488378,-0.114740774,-0.64266706,0.2565144,-0.19280624,0.0026836905,0.31007248,0.5817336,-0.098412745,-0.858787,0.15876345,0.43476737,-0.54118633,-0.11548362,0.30436862,-0.5475777,-0.50820017,0.6585191,-0.127072,-0.18570179,-0.20490779,-0.16818853,0.5272952,-0.030717405,-0.038800977,-0.20224439,0.32661027,-0.04600093,-0.08901525,0.2394189,-0.3935043
396,negative,0.071301825,-0.073747955,0.20824553,-0.1615554,0.052760888,0.02433224,-0.29118982,-0.02956039,0.17255886,-0.08731242,0.19701768,0.05682638,0.17184891,0.032596342,-0.16385795,-0.07837329,0.33425468,0.17188808,-0.49801117,0.2978621,0.20620869,-0.25084904,0.14341494,-0.08801776,-0.023246115,0.07989136,0.2178141,-0.43927276,0.15027188,-0.11026056,0.26681626,0.42163083,-0.26228046,0.1716176,-0.06907529,0.10024803,-0.13151455,0.04171486,0.25406954,-0.25911242,-0.24629179,-0.08138445,0.09107418,-0.26292858,-0.04974256,-0.27275354,0.049632665,-0.28971705,0.040322002,-0.5705205,0.48660445,-0.14424056,0.031134706,0.69911927,-0.1694136,-1.5282973,0.050332963,-0.118836,1.3234944,0.3989114,-0.21677625,0.41140425,-0.16824406,-0.3757324,0.84948176,-0.13298929,0.26860875,0.67389953,-0.10459751,0.041046273,0.13607249,0.18155915,-0.38297844,-0.5251558,0.04125317,0.22457874,-0.32925496,-0.0739616,-0.79892504,-0.016417619,0.35809264,-0.17898723,-0.18870784,-0.047331702,-0.94987184,-0.095785394,0.07885618,-0.04059352,-0.059988253,-0.13450901,0.10972263,-0.25939673,-0.19410597,0.01849484,-0.054356195,-0.046128616,0.1146462,-0.079670504,0.34548998,-0.072011225
397,neutral,-0.11247567,0.27655983,0.18574044,-0.023378355,0.008171704,-0.43308562,-0.2692631,0.037475865,0.18255903,-0.0014832504,-0.2905456,0.020563709,0.07736019,-0.008236091,0.033095967,-0.17122796,-0.12613387,0.06280816,-0.27925104,-0.068889745,0.185467,-0.08923432,0.20431356,-0.05578887,-0.0738345,0.15236107,-0.21636282,-0.17968361,-0.04630325,-0.10965571,-0.088644505,0.29366025,-0.25933048,-0.12617822,-0.026745193,0.12773587,0.2718278,0.0629934,-0.19956669,-0.09619185,-0.26045808,-0.22081552,-0.16464977,-0.26758292,0.28211606,0.0731687,0.2244517,-0.04419625,-0.29239565,-0.7211959,0.113547266,0.040000916,-0.06264885,0.80526304,0.058366846,-1.540446,0.07100881,-0.31840062,1.3878059,0.18983552,0.014702174,0.15849088,-0.22834155,-0.12562776,0.65276086,0.08613896,0.16654629,-0.18466581,0.3451496,-0.39075586,-0.061106127,-0.32919857,-0.027491365,-0.11533318,0.2144063,-0.05980328,0.02097107,0.02793112,-0.70123005,0.18438715,0.6320688,0.010922992,-0.43082976,0.08823239,-1.1365932,-0.10929771,0.16029668,-0.06002662,-0.21214303,-0.302602,-0.0127187725,0.057655346,-0.13073733,-0.2307119,-0.33532754,0.07676123,0.26295772,-0.22672932,0.5733791,0.13637142
398,neutral,-0.09433275,0.15543035,0.26765686,-0.106613226,0.115589,0.1325498,0.32037404,0.46751484,-0.3340219,0.09385342,0.28510252,-0.14937021,0.18837054,0.15596542,0.1602477,-0.27707484,0.09916681,0.058189202,-0.33459675,0.0319562,0.602681,-0.19570072,0.061413493,0.24533199,0.4774184,-0.13467845,-0.18934684,-0.10630359,0.24468502,0.1648558,-0.13058767,0.16144553,-0.020280069,0.09204693,0.11133859,0.09999128,-0.2082006,0.09044114,-0.11602803,0.013419887,-0.38103673,0.0111720655,0.43711033,0.046204563,0.26036745,-0.11055515,0.13283387,-0.5755136,0.06336756,-0.6469216,-0.12540789,-0.11387672,0.14350286,1.0778152,-0.21109356,-2.6320302,-0.13643563,0.0050662216,1.7578043,0.7404174,-0.45728308,0.7092989,-0.13456665,-0.015761357,0.52236104,0.10655254,0.13657308,0.2274738,-0.13200954,-0.14769258,-0.1281894,-0.21976362,-0.25146177,-0.26230508,-0.012683429,0.3709265,-0.28508124,-0.19558425,-1.0244831,-0.01874306,0.56943446,0.016336596,-0.21468343,0.22658892,-1.1817199,-0.1493077,0.21797699,0.038124632,0.114806734,-0.09236733,0.004499396,0.08649108,-0.13193649,0.10928717,-0.6933655,0.088778906,-0.0697318,0.18554781,0.4570131,-0.10570367
400,neutral,-0.07330218,-0.020721536,0.15088335,-0.039643522,0.31517076,-0.40901887,0.04782747,-0.008232265,0.2962942,-0.04665448,0.057511006,0.032122683,0.4925101,-0.06964864,0.03925804,-0.23628435,0.03605738,-0.110324025,-0.19995144,-0.23453298,0.5740132,-0.2753853,0.26003927,0.08694977,0.12241738,0.017574456,-0.4873786,0.08411773,0.2634594,-0.3798814,-0.25610518,0.043421302,0.12842885,0.12699653,0.1520045,-0.035945836,0.12991089,-0.105329975,-0.23405963,-0.15195867,-0.4697451,-0.34778932,-0.09896954,0.15188615,0.13549331,0.05211827,0.23063059,-0.13501742,0.04131055,-0.13814491,0.21452975,0.4222686,0.09343635,0.99018615,-0.20667124,-1.5051863,-0.03333033,-0.5424771,1.0702145,0.35126472,-0.5894338,0.5425115,0.022469098,-0.11762486,0.28521493,0.5241093,-0.111138366,0.13007806,0.050993893,0.023582349,0.12924577,-0.1344478,0.3368,-0.20132336,0.07503886,-0.10330562,0.07740746,0.25406134,-0.48514393,0.110144354,0.36250564,0.0059128148,-0.09790096,0.2144212,-0.50562805,-0.17071162,0.16910562,-0.13033938,-0.06405062,-0.31934217,-0.25670242,0.5906803,-0.19705458,0.0022509575,-0.34575233,0.16290863,0.072337866,-0.08429935,0.09335067,0.05417355
401,negative,-0.0375101,0.3448853,0.28009483,-0.20189466,-0.042466458,-0.49702483,-0.5288953,-0.43505314,0.060668305,0.2144834,-0.21272077,0.09710831,-0.11383999,-0.07617497,0.083691925,0.09178452,-0.6005236,0.024134398,-0.09523439,-0.2307384,0.36591783,-0.2997459,0.12668355,0.09529688,0.042523444,0.31947497,-0.33899832,0.10416655,0.17173265,-0.015047908,0.02344409,0.023249412,-0.45169884,0.14258936,-0.29105353,-0.23579536,0.33217674,-0.32286698,-0.0017081668,-0.14572187,-0.61806893,-0.100393474,-0.32797387,-0.20095068,0.554731,0.0012385575,0.5583008,0.012140751,-0.19289002,-0.8668351,-0.16491339,0.24451508,-0.12754966,0.8291983,0.26254356,-1.699721,0.25206548,-0.18831415,1.0035019,0.17067698,0.22287591,0.34385458,-0.35686132,-0.35760394,0.6873946,0.44972956,-0.051210973,-0.21686274,0.40760818,-0.4060973,0.4076233,-0.24978766,-0.35045764,-0.039723206,0.111433834,-0.21490966,0.1777948,-0.037273902,-0.6459688,0.11462013,1.0863612,-0.049808376,-0.57351047,0.20938148,-0.48696384,-0.5217698,0.12547182,0.13126777,0.1497245,-0.53391683,-0.017560842,0.25824252,-0.283884,-0.22230345,-0.29814014,-0.16089223,0.27194256,-0.07930451,0.41928953,-0.0954778
402,neutral,0.16879752,-0.06397907,0.24307448,-0.23664439,0.033453763,0.24451223,-0.38378635,0.38631353,0.35963216,0.6748368,0.045622528,-0.2424981,0.2622395,0.24092934,-0.03768848,0.09731894,-0.23166093,-0.1910453,-0.5075147,0.022845313,0.3907364,-0.45178398,0.07878215,-0.48718977,0.016557049,0.057775926,-0.17735642,-0.08120217,0.4307266,0.48171303,-0.04263498,0.14140587,-0.27890152,0.3227864,-0.03869146,0.071733445,0.25257945,-0.16136257,0.31651425,0.11911778,-0.43761563,-0.15253717,0.27971113,-0.18154126,0.05421217,-0.28171578,0.16508077,-0.09833292,0.18374239,-0.51369125,0.21809031,0.18130064,0.26083645,1.1766855,-0.18546735,-1.8385143,-0.28210142,0.055146538,1.3158935,-0.05899169,0.05229501,0.44114664,-0.19292796,0.054268267,0.36723268,0.015575803,0.26043618,0.17492618,-0.25770807,0.31116107,0.03722909,-0.407347,0.09846346,-0.6501102,0.34962875,0.29079053,0.58211106,-0.14633955,-0.7559631,-0.18953885,0.7849459,-0.09228053,-0.31726265,-0.16754307,-1.0913227,-0.23088475,0.20304269,0.34567466,-0.012925463,-0.2752656,0.25591245,-0.01851813,-0.17861456,-0.010744993,-0.52601373,0.40095013,-0.20514148,-0.11286285,0.5302063,0.1036365
403,negative,-4.8596714e-05,0.14904433,0.3148059,-0.16817026,0.061229657,0.2879431,-0.3922263,0.04765983,0.10493639,0.15074322,-0.122553624,0.15853165,0.16422561,0.09467624,-0.051967103,-0.014413763,0.21405862,-0.05436533,-0.6156594,0.2364412,0.05817915,-0.285996,0.29955623,-0.21921745,-0.043826055,-0.033662505,-0.15057386,-0.40716156,0.269874,0.16180773,0.260379,0.41626975,-0.08321628,-0.039583508,-0.0517909,0.05412906,-0.02733181,-0.06953405,0.0046166764,-0.058403708,-0.5635022,0.100910395,0.24781963,-0.11126108,0.07283651,-0.24776903,0.122142024,-0.3304368,-0.34951377,-0.5334328,0.15278211,-0.051255673,0.1752087,0.9373105,-0.11327831,-1.5694063,0.11373684,-0.19509156,1.3394141,0.30667287,-0.09468277,0.3108122,-0.17083204,-0.3291265,0.7221658,0.1440064,0.16670576,0.3121155,-0.00016238236,0.11087688,0.17702802,-0.31064707,-0.028307045,-0.2815314,0.09130266,0.116323285,-0.1457262,-0.03911713,-0.75426173,-0.12898882,0.56298727,-0.19845404,-0.088573955,0.002062042,-1.2037182,-0.109096356,0.07705209,-0.01848292,0.20774424,-0.29140604,0.16902214,-0.22272095,-0.086611845,0.14806929,-0.31520972,0.047539532,-0.07035934,-0.20730916,0.396728,-0.015213035
404,negative,-0.074967995,0.38113537,0.29061905,0.010855982,0.03879744,0.10706793,-0.13844198,0.010948546,0.08490266,0.15126264,-0.044959135,-0.080643505,0.2018018,0.021769466,-0.045206144,-0.24387293,0.07421094,-0.04911946,-0.32099813,0.09967292,0.4033241,-0.14746428,0.043957055,0.007944285,0.20272146,-0.049975637,-0.12714234,-0.120511614,0.16063981,-0.028207578,-0.058467146,0.2835152,-0.09048338,-0.12942581,-0.24845438,-0.004074974,0.017231245,-0.03780043,-0.029137108,0.08490473,-0.43482623,-0.1450232,-0.029023752,-0.14517747,0.2261191,-0.01718262,0.21730977,-0.15404953,-0.1544028,-0.48403963,0.0012786116,-0.048837576,0.010582974,0.8922113,-0.014264306,-1.7018982,-0.037593264,-0.20872623,1.273641,0.28779155,-0.048708305,0.5895747,-0.13704889,-0.2402077,0.5411357,0.020242898,0.13320169,0.11076402,0.12835258,-0.05711769,0.24990636,-0.24957764,-0.22622894,-0.20433341,0.24246709,-0.026462598,-0.03205034,0.12293602,-0.655473,0.09985241,0.49583513,0.12096925,-0.25902727,0.16750374,-0.9007719,0.08595485,0.010161741,-0.19052817,0.034982722,-0.17736758,0.06797708,0.111445874,-0.120909706,-0.087548055,-0.48061216,-0.029201059,0.026274862,-0.10487465,0.36015004,0.14490727
405,neutral,0.0053432775,0.15941986,0.19016756,-0.21315947,0.08171932,0.41113597,-0.10786379,0.21408275,0.18873578,0.10174266,0.0742684,0.03786351,0.30297208,0.11521834,0.02453315,0.08398684,0.058253463,0.035689637,-0.23770848,0.04492864,0.38635194,0.0518151,0.16124433,-0.1419062,0.23499236,-0.1510662,-0.24945363,-0.14284776,0.06458804,0.07613141,-0.050445005,0.059319057,0.038557068,0.09162297,0.10749163,0.00020686026,-0.07273498,0.012706276,0.13179079,0.00304675,-0.16579176,-0.23631331,0.15456495,-0.16951591,-0.026431324,0.14788544,-0.032516975,0.10759095,0.011461184,-0.341309,-0.084842384,-0.010110362,-0.008556915,0.8222789,0.018902266,-1.534202,-0.22793648,-0.07820741,1.1180357,0.30019847,-0.041620657,0.643207,0.04216785,0.14296561,0.42225742,-0.011244918,0.24782488,0.10083266,-0.12072393,-0.052050546,-0.11964799,-0.1611433,0.032396812,-0.23074982,0.050076842,0.1967932,0.02001875,-0.09493911,-0.43018812,-0.008177153,0.44241586,0.18059924,-0.20217374,0.004486372,-0.7364295,-0.31214744,0.11036992,-0.0415069,-0.18575726,-0.16621803,0.21313064,-0.047799263,0.12309396,-0.041427832,-0.43935496,0.16007683,-0.11751617,-0.010667216,0.40504313,-0.13496761
406,negative,-0.17946836,0.29035163,0.07693036,0.035914548,-0.071259186,0.14114638,-0.3235352,-0.11820721,0.051371757,0.116234936,-0.23058341,-0.020221792,0.28318042,-0.0016866568,-0.028678691,-0.11991212,-0.059944462,-0.06801075,-0.48993266,0.22793996,0.4955522,-0.12732059,0.1767411,-0.095775194,0.06855696,0.008885319,-0.12222892,-0.26831236,0.28087553,-0.033155855,-0.013543622,0.19525087,-0.16246918,-0.02957388,0.083334416,0.0024023193,0.17841363,-0.09516813,-0.033701055,0.0064944336,-0.478201,-0.053666692,0.11701272,-0.18347795,0.088171184,-0.24969773,0.23263134,-0.10924504,-0.1944188,-0.6234225,0.06817702,-0.094142556,0.033911806,1.0530158,0.1397612,-1.7605928,0.11588085,-0.24152783,1.3421336,0.2489156,-0.053176228,0.5430228,-0.22258593,-0.28855664,0.71427387,0.10920353,0.15898944,0.07717218,-0.009561636,-0.08289063,0.19761339,-0.3622022,-0.19971049,-0.19865118,0.15832575,-0.047921933,-0.09485696,0.059644524,-0.6535119,0.007019765,0.48810625,0.12576418,-0.3181802,0.119173884,-1.1006131,-0.11198397,-0.16382144,0.07190977,-0.09126658,-0.35891205,0.030373104,-0.059005227,-0.12405556,0.05264754,-0.37152922,0.083645724,-0.012888992,-0.10019513,0.3399421,0.1172879
407,neutral,-0.20153041,0.27188084,0.16194223,0.1257257,-0.10265091,-0.19532277,-0.30167237,0.08066072,0.059622042,0.34501496,-0.056395546,-0.11164846,0.055192728,0.0612704,-0.004506826,-0.1407224,0.12995273,0.042499192,-0.41620332,0.27595413,-0.09670838,-0.3235119,0.029125292,-0.023945544,-0.24313699,0.08073139,-0.12725261,-0.13808832,0.013404739,-0.08145405,-0.012782436,0.34306827,-0.13586794,0.05428196,0.16034889,0.213349,0.06908304,-0.19132262,-0.14275493,0.0021721264,-0.45984632,0.0669443,0.16542356,-0.13549428,0.22804794,-0.26937607,0.05586108,-0.1965469,-0.2858073,-0.565316,0.2582377,0.19551097,-0.02516742,0.72408324,0.07960333,-1.2307816,0.33207116,-0.52078557,1.5102849,0.14123856,0.049578544,0.2175035,0.022767555,0.06197503,0.54698807,-0.024511106,-0.12584613,0.25888208,0.012300057,-0.006077026,0.0801384,-0.4833428,0.019842956,-0.31912997,0.30331635,0.29598618,-0.048647407,0.11975167,-0.7218685,0.04559133,0.5234954,-0.2909361,-0.39297262,-0.101806186,-1.0656482,0.1327113,0.3926913,0.15110686,0.011257755,-0.14428739,-0.048474763,-0.029354604,-0.083302654,-0.14014012,-0.17820236,0.08758196,0.027971316,-0.095784515,0.29114085,0.007709083
408,neutral,-0.083346464,-0.13468726,0.095460884,-0.3043027,0.0796936,0.16828643,0.24601117,-0.07206428,-0.073875315,-0.16947004,-0.0077465405,-0.017423922,0.021123812,0.07407162,0.01851015,-0.22299504,0.16358617,-0.07032575,-0.31383303,0.2623138,0.30999234,-0.016065529,0.2548412,0.14812319,0.29087788,-0.006644835,0.18837225,-0.0876938,0.15252392,-0.056601427,-0.33662003,0.3601382,0.03420368,-0.07942992,0.16159749,-0.02547462,0.0005410548,0.46011984,-0.08091038,-0.26220787,-0.22877702,0.07568152,0.0018029178,0.28214064,0.007868064,-0.093843,-0.23131154,-0.4805325,0.18032919,-0.08742153,0.21567427,-0.2332675,0.045001097,0.21811838,-0.10929184,-1.4587549,-0.22502406,0.15747887,0.5487098,0.2447789,-0.0024535144,0.25089133,-0.085819215,0.03858501,0.46912205,-0.15190765,0.21161936,0.23705228,0.061142337,0.23515204,0.028947264,0.27090847,-0.10808726,-0.39827543,0.12912922,0.06867463,-0.26457405,-0.15222211,-0.49106377,0.007467428,0.108786,-0.10960688,0.019531019,-0.022348106,-0.5836713,-0.04045922,-0.17698559,0.004843328,0.07657431,-0.21096173,-0.13909064,0.017362315,-0.2141086,0.13695617,-0.2641862,-0.1123523,-0.03669413,-0.033742167,0.03414444,-0.18629694
409,negative,0.11648504,-0.13377412,0.1410249,-0.11176153,0.2098558,0.087934226,-0.20161127,0.019960659,0.04269411,0.20903254,0.05153166,0.08689161,0.07025698,0.016017957,0.042748105,0.00547727,0.047103036,-0.14048135,-0.5164174,0.20129666,0.44437042,-0.15739036,0.25642756,0.027424665,0.1755514,-0.004847777,-0.04838736,-0.25281683,0.07826535,0.09366831,0.053124484,0.14891912,-0.15833919,-0.0060673915,-0.0362107,0.013258896,0.18340294,-0.056739926,-0.018959058,-0.010541202,-0.38857645,-0.07886293,0.21393292,-0.0789758,0.11562479,-0.25836912,0.12824784,-0.30390155,-0.07029051,-0.28397572,0.20828083,-0.0051321886,0.15241808,0.91904205,-0.2007282,-1.4137504,-0.112480655,-0.16295783,1.32279,0.2862681,-0.06730465,0.18646076,-0.018366445,-0.1601729,0.37176692,0.046078276,0.2127188,0.17598379,-0.0025987807,0.13358778,-0.045150258,-0.23403695,-0.08798661,-0.12385126,-0.023361424,0.050874438,-0.04038113,-0.04143862,-0.4815185,0.015371417,0.777127,0.011616887,-0.33389214,-0.088434696,-0.93989044,-0.07052907,0.2750156,0.03623789,0.055386476,-0.21910705,0.13429037,0.07984614,-0.08689626,-0.031584825,-0.3584859,0.059099223,0.08263217,-0.15747331,0.27496168,-0.02969776
410,negative,0.030061616,-0.0050991117,0.16120738,-0.20710072,0.13412017,0.3000361,-0.06841347,0.1696284,-0.045211468,0.19706933,-0.03715761,0.08936384,0.025024585,0.13036469,0.15919535,-0.16770849,0.2579194,0.07623906,-0.08423665,-0.036470957,0.011086125,0.061361138,0.20439167,-0.109398164,0.06949668,0.110947624,-0.026400706,-0.13253814,0.089292884,0.08330582,0.1955953,0.25960174,0.1015258,0.22205661,0.052100074,0.16455859,-0.018769402,-0.03302505,0.11292113,-0.2386308,-0.27713168,-0.30000746,-0.08444905,-0.28382635,-0.033780314,-0.30230427,0.015683778,0.041585788,0.15747611,-0.056767747,-0.041623708,0.06257699,0.21704832,0.5869483,-0.31367978,-1.6330223,-0.05721506,0.05231321,0.9788835,0.2806681,-0.11491301,0.39154735,-0.022800764,0.19660975,0.54211533,0.0075152176,0.23278506,0.11395811,0.15892722,-0.046677217,-0.1861164,-0.13886715,0.01293171,-0.21377175,-0.009486118,0.10543944,-0.093983434,-0.0045859967,-0.32721055,0.059506472,0.18593438,-0.044946756,0.054098323,0.084337234,-0.6178123,-0.12408739,0.028392734,0.19003381,0.16518398,0.079584435,0.11512522,-0.19641097,0.07599828,0.1463189,-0.3492115,-0.2511064,-0.22629552,-0.18923445,0.23997389,-0.11233709
411,neutral,-0.5853665,0.31707296,0.06884691,0.13028635,-0.13864881,-0.018522572,-0.21613458,0.16538921,-0.3792102,0.2096421,0.14466782,0.16130841,0.67322916,0.42617944,-0.13087754,-0.36700737,0.11207503,-0.19281015,-0.39438778,0.49914506,0.52141774,-0.28969708,0.7746791,-0.0018772687,0.09264192,0.25623193,-0.4917305,-0.100105494,0.112391025,-0.119841926,-0.3892058,0.10809157,-0.45980927,0.12095989,0.2292195,-0.42160243,-0.16460182,0.17981824,-0.06379529,-0.20988855,-0.8275914,0.2058957,0.41049713,-0.4211656,0.6993539,0.23594709,-0.091898866,-0.0052250423,-0.026724301,-0.14010307,0.06799278,0.41095832,0.22592983,0.96592075,-0.202181,-1.3235251,-0.7548851,-0.4217875,1.2335777,0.11953625,-0.46889955,-0.031146033,-0.27953786,0.054444827,0.0802459,0.5829338,-0.3810261,0.30345675,0.036249284,0.13225693,0.30228347,-0.1977818,-0.17210755,-0.33100632,0.19311804,0.46009514,-0.39273378,0.173155,-0.5397549,0.060830817,0.3332742,-0.15621316,0.10276062,-0.042412426,-0.34068882,-0.06759448,-0.025635237,0.15307422,-0.10015058,-0.15908648,0.115762204,0.23395242,-0.047147583,-0.25649455,-0.22673053,0.365397,-0.19937587,0.28247428,0.25998303,-0.06575379
412,negative,-0.20078021,0.13559234,0.15447165,-0.0037796919,-0.0070880475,-0.11035978,0.014057629,0.14669685,-0.12833552,0.32254207,-0.0027401203,-0.103167154,0.19481976,0.13345137,0.043921296,-0.0743702,-0.18226086,-0.37337005,-0.40893295,0.1260379,0.4453598,0.011831601,0.2284647,0.08671398,0.26189724,0.010682764,-0.19541608,-0.124448396,0.2165927,0.23636419,-0.25948554,0.19820543,0.002200487,0.17507961,-0.045752123,0.026291652,0.082821585,0.018975362,-0.09083498,0.2070739,-0.3338092,-0.13032357,0.12174725,0.01867002,0.38576627,-0.12609613,0.110221796,-0.124515906,-0.01918791,-0.578444,0.007817238,0.110330686,0.2220254,0.8078139,-0.16621618,-1.9543042,-0.16859125,-0.1423324,1.4569635,0.3217465,-0.10247203,0.48525563,-0.08608652,-0.19269675,0.44216892,0.052411098,0.026951678,0.019570287,-0.12340359,-0.16490623,0.007315702,-0.37579736,-0.26713896,-0.29074538,0.1339437,0.07508748,-0.012607321,0.17165233,-0.5874159,-0.013431345,0.59296525,0.24170804,-0.34263393,0.083606645,-0.8006438,-0.046890177,-0.1216905,-0.11335758,0.23724608,-0.05608225,0.084230304,0.07914441,-0.27468422,0.13671704,-0.63821083,0.27630588,0.21087557,0.21737565,0.57313573,0.16454825
413,negative,-0.037016273,0.4721396,0.22149394,-0.22645088,0.10851876,0.22944236,-0.63228256,-0.28968975,0.034072474,0.3367285,-0.168947,-0.1503456,0.5996529,0.09863957,-0.08708845,-0.09507858,-0.32897726,-0.36757678,-0.57979065,0.05410351,0.53697425,-0.22322164,0.35742673,0.040084112,-0.052765053,0.2419227,0.06782071,0.14951886,0.35364586,-0.068142235,-0.123843245,0.3204341,-0.029521246,0.0816914,0.09056489,-0.02752778,0.5072121,0.24949968,-0.10693276,-0.17017376,-0.9473641,0.16585557,0.54900044,-0.41381788,0.2465326,-0.42512068,0.55281395,0.18951185,-0.0152422525,-0.44197953,-0.23717466,0.3414575,-0.06425824,0.8954661,-0.19292438,-1.6261381,-0.14798574,-0.100755595,1.4382715,0.24468383,0.02427052,0.15479724,0.16233997,-0.3273076,0.3573785,0.44153598,0.12414869,0.127128,0.100777864,0.040065564,0.31660125,-0.2516477,-0.36423513,-0.320093,-0.19759949,0.12274393,-0.33549523,0.061441604,-0.6056165,0.37138405,0.64793026,-0.15213339,0.04412885,0.00858527,-0.68968916,-0.2074923,-0.22113149,0.22113578,0.009186388,-0.12771164,0.19635935,0.04993653,-0.23065571,-0.046207894,-0.44424996,0.20497897,0.058201957,-0.038799994,0.26329157,0.094312645
414,neutral,0.0043556294,0.22939101,0.23567899,0.14736924,0.03096938,0.052995432,-0.27741596,-0.1958338,0.11338682,0.030039875,-0.1592758,-0.007156579,0.3095301,-0.20250565,-0.022515768,0.009257529,0.120743975,0.14446725,-0.13378854,0.02403456,0.13680077,-0.10427336,0.14107661,-0.23774149,-0.06438662,-0.248937,0.005984067,-0.15733384,0.05585886,-0.048358798,0.07473181,0.23125745,-0.15243629,-0.14804022,0.015958508,-0.019503206,0.06684734,0.037474547,-0.057111192,-0.19546984,-0.22505966,-0.0938033,0.05024768,-0.27643174,-0.15595174,-0.1485011,0.21529865,-0.014589582,-0.08519569,-0.4961361,0.019670218,0.18457115,0.18346184,0.6703292,0.05269181,-1.4345994,0.12538601,-0.15939644,1.2126862,0.23189987,-0.07553874,0.33350563,-0.1628886,-0.0053414423,0.56733495,0.028335486,0.15850136,0.057376493,0.17793334,-0.16322596,0.03522212,-0.26377618,0.02483904,-0.371392,0.13193794,-0.12538718,-0.1343604,-0.11023363,-0.6073486,-0.04476872,0.21593674,-0.019589717,-0.37985855,0.1804598,-0.84039974,0.034446914,0.02273984,0.035590976,-0.14404957,-0.33407092,-0.099632464,0.045598604,-0.18046464,-0.04160573,-0.19496037,-0.08290445,-0.14786434,-0.3945829,0.19350837,0.2676386
415,negative,-0.08474397,0.23379748,0.29693088,-0.043821502,-0.05935488,-0.3211054,-0.28660706,-0.21305522,0.17941694,0.22784382,-0.2374146,-0.04202107,0.30654785,-0.06415169,-0.13434002,0.048777938,-0.14272043,-0.2419774,-0.4111173,0.0027045473,0.23391813,0.0024043974,0.2649937,0.09049481,-0.008173789,0.0036078822,-0.27117103,-0.15506403,0.15132219,-0.020280905,-0.086601965,0.2503914,-0.03369355,0.028555797,-0.0383999,0.09168899,0.22875744,-0.0024583286,-0.17278348,0.010870169,-0.5519069,-0.24162233,0.23246855,-0.10240462,0.21632029,-0.18933162,0.2605389,-0.10447695,-0.17611034,-0.59627074,0.10014118,0.13716583,-0.034502283,0.947589,-0.029309748,-1.6178678,0.091277,-0.26968896,1.2107425,0.29544547,-0.13370216,0.37858465,-0.013416112,-0.23369117,0.5267478,0.21915011,0.06642904,0.22695321,0.011080197,-0.14103656,0.3155045,-0.25191835,-0.19799249,-0.15810968,0.09523744,0.050420463,-0.1272909,0.13403335,-0.6800215,0.18461056,0.64377654,-0.024146825,-0.23438191,-0.02779658,-0.7481036,-0.14388768,-0.027470894,0.124731235,-0.056467317,-0.5173825,-0.037668005,0.1997591,-0.33395055,-0.12666734,-0.63574225,0.09944084,0.106577,-0.10214817,0.370462,0.11007711
416,negative,-0.1061898,0.07709791,0.34688157,0.015624331,-0.15369558,0.0044931117,-0.22214398,-0.17319402,0.1182,0.23778586,0.16428226,0.56861126,0.036042828,0.14762959,-0.08717502,-0.23673655,0.09266986,-0.030876445,-0.47215348,0.041335385,0.25772062,-0.31595415,0.10680926,-0.07947802,0.07608877,0.2702542,-0.56366575,-0.18271977,0.310455,-0.34893766,0.18181841,0.1867772,-0.120197944,0.07386201,0.04123222,0.06128429,0.22152825,-0.3712726,0.07758359,-0.14971568,-0.4057015,-0.12486702,0.23933102,-0.23023562,0.4472085,0.022227574,0.14687464,-0.049336642,-0.22882655,-0.47480282,0.13749817,0.12197404,0.11682455,0.8822905,0.023046026,-1.2700412,0.107332505,-0.58307254,1.0129719,0.2400688,-0.19207796,0.17260045,-0.32021344,-0.187063,0.37592608,0.32410267,0.048884828,0.4307453,-0.3203946,-0.26424444,0.005794429,-0.1900338,-0.07935439,-0.2421924,0.063493736,0.166549,0.02132661,0.03619684,-0.6039353,0.03372463,0.77611226,-0.15453164,-0.0772995,0.13741572,-0.62622744,-0.36838028,0.09023772,0.10808683,0.024779946,-0.23113382,0.003297317,-0.08737944,0.12497819,0.04032259,-0.13263214,0.0062455744,0.07373759,-0.11169986,0.14351752,-0.060828395
417,negative,0.008138166,0.011073143,0.2611332,-0.060427308,-0.05742841,0.06282054,-0.35957417,0.0470084,0.12113512,0.22547434,0.06052708,-0.028840432,0.06028487,0.066382155,0.17469153,-0.30247673,-0.009817149,-0.09067534,-0.57453316,-0.15467314,0.085548244,-0.11752829,0.01827798,-0.026000185,-0.23342057,0.22888826,-0.113944285,0.11833771,-0.0788043,0.1461002,0.015968485,-0.1608056,-0.1726786,0.53382,0.04612602,0.13887465,0.066107675,-0.13489269,-0.042733263,0.08146718,-0.65283203,0.08941674,0.31844983,-0.41473287,0.7124453,0.06906843,0.0068343505,0.15788256,0.03445569,-0.534138,0.15157619,0.20281376,0.12557611,0.7148729,-0.018101523,-1.6053609,0.25269392,-0.49046764,1.6973407,0.27699456,-0.039670642,0.41729885,-0.0071507953,-0.18435341,0.6065177,0.08624256,-0.44776145,0.18033715,0.08021412,-0.10347811,-0.059151173,-0.5111514,-0.2692179,-0.5552765,0.40205398,0.45498046,0.117456384,0.22635975,-0.8530147,0.005902974,0.9134584,-0.27766138,-0.3519593,-0.011811209,-0.8550423,-0.00203396,0.37364623,0.3495412,-0.14265409,-0.22968613,0.19380951,0.07379407,0.1003066,-0.259895,-0.3354207,0.37093186,0.15723866,0.082941346,0.23796408,-0.18439734
418,negative,0.11108605,0.5417036,0.92107433,-0.62668467,-0.36157447,-0.16882111,-0.42946967,0.09735156,0.48880893,0.26685962,0.20901437,-0.25431713,-0.08510246,0.1644033,0.2621769,0.072598055,-0.40511551,0.18605512,-0.35968855,0.52112097,0.606595,0.24279734,0.28368625,-0.53227943,0.14522631,0.33050847,-0.30987033,-0.05515737,0.2057817,0.021593237,0.26273263,-0.075593226,0.011667889,-0.36755323,0.23731323,0.41977134,-0.27696103,-0.10220837,0.05445224,-0.020983666,-0.20080997,0.19597961,-0.07724286,-0.123193815,-0.27771348,-0.190211,0.19774649,-0.116864175,-0.14347939,-0.8361932,-0.08709976,-0.020842038,0.27006683,0.80941063,-0.30808297,-1.2483286,0.2296885,0.4048954,0.7217042,0.01156401,0.19756874,0.72034657,-0.14189617,-0.5436464,0.6075686,-0.18660675,0.38722154,0.4103291,-0.09511995,0.01190213,0.09041368,-0.4826033,-0.42825913,-0.0006308072,0.08694506,-0.050318684,-0.034349855,0.060263213,-0.50088936,0.17762832,0.41032308,0.14434129,-0.044074252,0.29531306,-0.97849405,-0.03684308,-0.035601553,-0.30847818,-0.33649233,-0.40566474,-0.20502165,0.17072485,-0.24061312,0.005975654,-0.5425085,-0.23239174,-0.15305582,0.05556931,0.05357863,0.15783945
419,neutral,-0.1774308,0.0191718,0.11384463,0.030616008,0.0081979,-0.0795415,-0.15844014,-0.030419448,0.05392523,0.22833066,-0.024840819,-0.08325915,0.3131759,0.05425721,-0.003922822,-0.12205813,0.023876524,-0.21089289,-0.4547502,0.0073574074,0.30240834,-0.16772963,0.10454918,-0.08100833,-0.020789273,0.03072965,-0.10313456,-0.17729063,0.2659855,0.017161954,-0.03199597,0.21467863,-0.018444614,0.044319462,0.09111962,0.023536477,0.1064668,0.042714287,-0.0145456,-0.021165855,-0.45531592,-0.031848613,0.27833593,-0.119787976,0.14780183,-0.17318389,0.21077873,-0.061900683,-0.18804672,-0.3814246,0.062033057,0.18103804,0.14040887,0.8846368,-0.104074895,-1.5978432,0.044323925,-0.26669106,1.264675,0.32043526,-0.113658085,0.27725142,-0.027608905,-0.1395344,0.5503125,0.12903532,-0.026172746,0.2100663,-0.06729585,0.035911474,0.22615544,-0.3601278,-0.1667947,-0.41937754,0.11075788,0.016500732,-0.06574296,0.0736884,-0.7072672,0.041252073,0.53200924,-0.022001265,-0.25041515,0.13179687,-0.8198277,-0.008131693,0.087379135,0.10892248,0.07065874,-0.25262284,-0.06371818,0.02877466,-0.20745228,0.12926199,-0.34362793,0.10739266,-0.044736475,-0.12583314,0.42287078,0.1703863
422,negative,-0.11393699,0.4694113,0.42338678,-0.31412765,-0.33493885,0.1791386,-0.04762411,-0.020150634,0.20484252,-0.38736162,0.016211325,0.18943273,0.068027295,-0.17782255,0.08170333,-0.2239439,0.08645861,0.09298157,-0.082721405,0.35997203,0.27343774,0.035899073,-0.038226116,0.07489207,0.16967313,0.2572032,-0.120020665,-0.23089723,0.34573436,-0.075490296,0.029319653,0.461715,0.2633622,0.05961882,0.19133279,0.09817854,-0.27172917,0.12677567,0.071038134,-0.21783301,-0.24356896,0.07950131,-0.0750473,-0.5720049,-0.16425303,-0.1694879,-0.023143984,-0.1699473,-0.51543623,-0.47962523,-0.2167953,-0.08593333,0.13906841,0.6192823,-0.12400276,-1.4033782,0.1800304,-0.04878565,1.1260736,0.23702022,0.039269146,0.5012969,-0.3888002,-0.1460831,0.5773804,0.17763439,0.28816986,0.31086323,0.012793883,-0.32055464,-0.097171225,-0.25236055,-0.06512792,-0.16737367,0.08715855,0.19474483,-0.2030466,0.017755315,-0.4184909,0.028147185,0.4319694,-0.09487322,-0.4796742,-0.11884744,-1.1035775,-0.39396015,-0.21925558,-0.03192289,-0.21251824,-0.25326842,0.04957911,-0.23141567,0.2557566,-0.011538303,-0.5058612,0.14820878,0.18587424,-0.030640872,0.2426905,-0.08993013
424,neutral,-0.18974827,-0.1560958,0.27751726,-0.15064014,0.052542474,-0.036561638,-0.16197702,-0.058631897,-0.14735056,0.2914598,-0.0503394,-0.2467831,0.33682323,0.108434156,-0.015316537,-0.19477051,0.21208714,-0.17687944,-0.69776946,0.0013470099,0.29745793,0.00022399971,0.09345961,-0.0014339201,-0.025797864,0.014218578,-0.118261606,-0.2579812,0.3113829,0.008831233,-0.14042445,0.29771322,-0.1090126,-0.25107354,0.064960375,-0.10649979,0.09055281,0.2253861,-0.0885465,-0.0140383085,-0.3044533,-0.110924385,0.24380204,-0.015750866,0.29915535,-0.14743617,0.09995613,-0.10548754,-0.19752932,-0.5926688,0.08304435,0.08251446,0.05844672,0.89264005,-0.038507115,-1.7592394,0.03266743,-0.49807602,1.6910734,0.5907442,0.01107884,0.3469546,0.04710438,-0.07373097,0.62999743,0.12980472,-0.1238823,0.38390177,-0.05844699,0.23715933,0.30789375,-0.45535588,-0.19225942,-0.34861797,0.085852005,0.030951018,-0.1160852,0.40734556,-0.79223394,0.1696333,0.74106187,0.20354106,-0.23683996,0.13562803,-0.97091097,-0.02685552,0.2973638,0.25785956,0.28524774,-0.42659044,0.015027555,-0.1954453,-0.2820819,0.14946835,-0.36056146,0.23877825,-0.040473018,-0.082695045,0.40356365,-0.048413724
425,negative,-0.0795807,0.28138387,-0.07541938,0.1098693,-0.10645091,0.029342234,-0.22566976,0.09857373,0.06943471,0.39279544,-0.14122726,-0.1796245,0.073927194,-0.17779157,-0.0069299154,-0.10719204,0.030699978,0.14319602,-0.46877766,0.07284264,0.22266206,-0.2272182,0.11407934,-0.17160973,-0.023713117,0.0751343,-0.08646069,-0.04901971,0.064989366,0.017852329,-0.14401606,0.09775852,-0.16898839,0.03313512,-0.031457108,-0.19165327,0.13373855,-0.0009242283,-0.12820186,0.04399722,-0.29603553,-0.12126618,-0.015190547,0.05942097,0.19429213,-0.2576291,0.31034184,-0.006472789,-0.22235891,-0.4010216,0.04657845,-0.05134904,0.11011375,0.8380689,0.07547801,-1.4687915,0.14503205,-0.28640115,1.1388369,0.20121293,-0.018227397,0.21549533,-0.06863453,-0.07912781,0.6218182,0.0062637567,0.11859646,-0.06764664,0.22564913,-0.12148285,0.08309332,-0.36875996,-0.15266694,-0.24432203,0.10034901,-0.05200489,0.029559052,0.10053074,-0.71655947,0.26932913,0.57132095,0.16666976,-0.3178216,0.16847938,-0.8194367,0.1462264,0.17223358,0.04405565,0.013612244,-0.17317913,0.019485634,-0.19115376,0.03534292,0.19004008,-0.39293116,-0.06504335,0.08115196,-0.2567889,0.42011553,0.11839762
426,neutral,0.068100244,0.2916832,0.111886725,-0.14412685,-0.1043619,-0.60256314,0.03342916,0.30751312,-0.18096928,0.0054504974,0.20455557,-0.24222212,-0.08646693,0.0017665199,-0.022807974,-0.3073785,0.025476469,-0.12070849,-0.29477644,0.12436191,0.6114075,-0.101887695,0.112398565,0.39085633,0.22955793,-0.27992946,-0.2050179,-0.23496532,0.15377644,0.11563461,-0.1266856,0.29923785,-0.41031712,-0.19032766,0.09599133,0.38771275,0.2957642,0.26228613,-0.013381534,0.07726642,-0.15854031,-0.18433695,-0.006687418,0.0070922384,0.13510872,0.05541847,0.19651952,-0.32140598,-0.094387725,-0.7290655,0.19488877,-0.09816418,-0.049550124,0.851493,-0.20914185,-1.5674192,-0.4374483,0.11346903,1.2496672,0.2127271,0.28943315,0.01749462,-0.2343655,0.2235286,0.21221982,0.1466144,-0.02537494,0.10220948,0.22017398,-0.22952084,-0.10551658,-0.082903266,-0.094696514,-0.040609293,0.041315082,0.16317898,0.29508418,-0.17095327,-0.79211146,-0.034758486,0.44369063,0.124674596,-0.33882022,-0.15283439,-0.6841142,-0.180513,-0.24207409,-0.19576895,0.0040216013,-0.097175434,-0.011498257,-0.04929872,-0.19238414,0.03230462,-0.3576345,0.19822702,0.052363887,-0.18072529,0.7843947,-0.4317371
427,negative,-0.097834796,0.3232374,0.3962758,0.018892815,-0.057682723,-0.06948726,-0.22150667,-0.09213379,0.12779295,0.083563924,-0.2155082,-0.06394397,0.14334632,0.070035376,-0.025496664,-0.19199729,0.16723144,0.015067748,-0.47092462,0.01823628,0.048754014,-0.15393199,0.07220396,0.07673872,-0.060566824,0.094556585,-0.43042406,-0.07896342,0.5236496,-0.09537053,-0.08168818,0.41872072,-0.022329928,0.06352417,0.16829485,0.27183607,0.04346068,-0.07113023,0.0069732727,-0.16890232,-0.40516004,-0.19876543,0.34772274,-0.6359022,-0.20213567,-0.27907866,0.013265717,-0.26716492,-0.20113918,-0.61951524,0.051716886,0.23120973,0.017269868,1.161593,0.06762381,-1.8557215,0.1158759,-0.14541338,1.0420789,-0.05361473,-0.17313504,0.33158216,-0.15924822,-0.021288417,0.6761167,0.16715792,0.266922,0.41223657,-0.24219279,-0.12817466,0.08817501,-0.32003444,-0.14903003,-0.33091813,0.1346577,-0.03446446,-0.26994547,0.15543556,-0.64640504,0.12435488,0.77145046,-0.20541942,-0.27080637,-0.15837815,-1.0812514,-0.16930935,-0.116970256,0.451929,-0.03571175,-0.43825594,-0.036502965,-0.13230489,0.16522877,-0.046943855,-0.39239696,-0.23401192,-0.10201273,-0.0041542086,0.15223217,0.07677726
428,neutral,-0.24065202,0.36007607,0.20257428,0.055461247,-0.012825064,0.07495156,-0.3289174,0.0367806,0.097358204,0.04366179,-0.26941556,-0.059331443,0.27444905,-0.008238545,-0.11598127,-0.22140837,-0.045910038,-0.11411159,-0.42163247,0.08263462,0.20062092,-0.117742784,0.12234034,-0.055533197,-0.021825427,-0.06555259,-0.105037786,-0.2509087,0.31590003,-0.15595388,0.06283335,0.27782917,-0.16121042,0.0014473513,-0.07506008,0.11286596,0.18370773,-0.0077096885,-0.15954998,0.019794546,-0.6335227,-0.08397341,0.13279867,-0.18963245,0.0871448,-0.17780633,0.30491516,-0.2995741,-0.15438801,-0.7063086,0.18028754,-0.082674794,0.104299985,0.9879163,0.16113654,-1.833638,0.19267689,-0.3709747,1.312063,0.2788806,-0.04483821,0.4464292,-0.2254785,-0.4146883,0.7756965,0.15454951,0.169142,0.069866374,0.19143145,-0.11187286,0.24540485,-0.32116255,-0.21439491,-0.15060458,0.17249368,0.056374803,-0.17742178,0.07387774,-0.8418994,0.081468396,0.64264053,0.0028558332,-0.26609236,0.12286596,-1.1928855,-0.008559438,-0.13744058,-0.0025273329,-0.12753491,-0.44171914,-0.0030494165,0.0137891285,-0.14953698,-0.046742283,-0.38700104,0.079635076,0.06790633,-0.14014019,0.40101704,0.20606004
429,neutral,-0.19365355,0.1692343,0.43641782,-0.04822475,0.1429146,-0.0019200497,-0.12301956,-0.050132003,-0.04003545,0.060785387,-0.20615044,0.030258512,0.36992586,-0.051263943,-0.11254595,-0.2876778,-0.04163065,0.03266165,-0.57981193,0.057078477,0.14999014,-0.12216847,0.2973248,-0.08789084,-0.17999126,-0.0011264457,-0.01602638,-0.2938479,0.26889074,-0.023991177,-0.020912291,0.34004351,-0.027309807,-0.083486184,0.018137926,0.20838338,0.13816546,-0.13545167,-0.110346384,-0.12299756,-0.4834132,-0.04854135,0.36200365,-0.36537462,-0.17155074,-0.20185727,0.21435663,-0.15902184,-0.101439305,-0.55614656,0.12158524,-0.038018074,-0.004222881,0.8165318,0.0046467637,-1.7292928,-0.06841424,-0.11485784,1.0450656,0.26494387,-0.16027936,0.47610733,0.09806542,-0.30430108,0.6263336,0.24674517,0.24955209,0.42044395,-0.07128788,0.021675628,0.22094575,-0.25263175,-0.34601578,-0.35731283,0.010559634,-0.086969644,-0.2431111,0.08193928,-0.51808286,0.14487702,0.46876457,-0.17290343,-0.24574147,-0.0865574,-0.7919611,-0.09552417,-0.13601594,0.04931171,0.14097676,-0.2850874,0.02180581,-0.014214305,-0.1778065,-0.068936095,-0.47154945,0.16094987,0.07122369,-0.108440526,0.3206081,0.09691767
430,negative,-0.038033776,0.078430325,0.40135658,-0.12650508,-0.2712712,-0.45533323,-0.103295386,0.015356349,-0.019874884,0.05107558,-0.10265842,0.17305876,0.02222249,0.21279074,0.07923958,-0.015152033,0.040716827,0.03489356,-0.2245819,0.18049602,0.079888426,-0.1939707,0.059951723,0.073066086,-0.08187244,0.12099783,-0.012619908,-0.35506997,0.092946626,-0.14685933,-0.25851357,0.30633757,-0.11665533,0.0045660315,-0.29973593,0.119649634,-0.27533337,0.15384784,-0.126085,-0.16783953,-0.627599,0.04830089,0.045896903,-0.45361865,0.018016405,-0.314988,0.3753966,-0.11909792,-0.2452104,-0.3471983,0.340759,-0.32020563,0.30046833,0.55951124,0.06972899,-1.3647283,-0.10202211,-0.0022445037,0.75455934,0.13510521,-0.16444135,0.043754052,-0.297028,-0.31170326,0.28103027,0.2819896,0.2035156,0.44434357,0.0070994366,0.0027827315,0.13027483,-0.032365937,-0.2241286,-0.293806,0.12577881,-0.04836681,-0.22310396,0.059399765,-0.53135747,-0.027867747,0.48849156,-0.097743884,-0.5536321,-0.058265075,-0.8566219,-0.25579718,0.15327808,-0.018731004,-0.10693938,-0.22679688,0.28798234,0.057535954,0.11067559,0.1151953,-0.02965518,0.09383556,0.016005326,-0.014235074,0.17758043,0.0661726
431,negative,-0.05660604,0.2573237,0.22672309,-0.041988596,-0.107954934,0.31976515,-0.3171873,-0.06106124,0.13919689,0.022404177,-0.16032465,0.007912747,0.17073798,0.0017142297,-0.09214512,-0.049500655,0.044877447,0.018688953,-0.4730217,0.19503415,0.20679818,-0.055884056,0.18866259,-0.00046967342,0.15740374,-0.024645275,-0.15399353,-0.22061622,0.20733167,0.0112854345,0.17225008,0.1443176,-0.16782713,0.101978905,-0.06652074,-0.028748153,0.10277493,0.037182886,-0.028258182,-0.0774213,-0.58110285,-0.0059712892,0.013817676,-0.19232555,0.16675511,-0.09668652,0.22878212,-0.06966352,-0.15839274,-0.6105865,0.21631038,0.0042141234,0.05106103,0.93963856,0.028023943,-1.774726,0.018120456,-0.25689337,1.2706982,0.23488753,-0.114364974,0.42737225,-0.09007025,-0.2103066,0.7010905,-8.933699e-05,0.13470222,0.12948018,0.041137718,0.006389114,0.09055875,-0.22277704,-0.21551712,-0.29586124,0.24752834,0.12901247,-0.07346684,-0.044612713,-0.752786,0.06845202,0.5312594,0.11306125,-0.19565883,0.18425141,-1.0266001,-0.18385606,-0.09840787,0.058563735,-0.07499607,-0.4220213,0.0067915577,-0.07466398,-0.0067856163,-0.0013687132,-0.3206925,0.092151,-0.04688743,-0.14855178,0.3287436,0.16210045
432,negative,-0.2924683,0.03258654,0.14626575,0.11655106,0.0024181423,-0.34748006,-0.14262441,0.031328246,0.07713246,0.45567298,-0.09674025,-0.034546897,0.39340308,0.24182667,-0.071790606,-0.03392615,-0.24240443,-0.28053343,-0.37967372,0.018826442,0.48175552,-0.18045811,0.17554988,0.07991306,0.009764568,0.20356366,-0.26360136,0.098000035,0.19240986,0.08651524,-0.1663918,0.13550726,-0.16746616,-0.009817902,-0.035191145,0.012324448,0.22628252,-0.18720435,0.09316242,0.049180493,-0.57519406,-0.03853611,0.269468,-0.046336617,0.43221965,-0.124799654,0.16931261,-0.08546644,-0.015892701,-0.45341864,0.17888814,0.08010629,0.012624372,1.0336848,-0.14020973,-1.7659237,-0.1344618,-0.27429932,1.3604872,0.40912354,-0.0009033545,0.3083314,0.055440146,-0.16561104,0.42003602,0.112401396,-0.06909847,0.18508634,-0.1626054,0.14337216,0.3469554,-0.58401304,-0.49756804,-0.43873814,0.16660798,0.029338436,0.012452982,0.25871685,-0.81326324,0.15813209,0.81721455,-0.19611979,-0.27939898,0.086465195,-0.729998,-0.14944237,0.18884495,0.14224254,0.13277934,-0.30692905,-0.074814655,0.24639225,-0.36411485,0.07352379,-0.4402341,0.31529963,0.18639477,0.16397922,0.32954067,0.2130014
433,neutral,-0.12705928,0.024018232,0.14869337,-0.1829905,-0.06558913,0.40421095,0.022408267,0.24023838,-0.039569538,-0.070384674,-2.532521e-06,-0.044839468,0.10372461,0.12273705,-0.08056224,0.05172689,0.01577386,0.17349291,-0.38676715,0.27230367,0.20291206,-0.07123189,0.09861948,0.11996379,0.3379011,0.08753232,-0.400044,-0.37286726,0.2396184,-0.13266206,-0.24279635,0.32576066,0.18120664,-0.05635583,-0.023035303,-0.21168229,-0.1333394,0.023806136,-0.1077836,-0.11091479,-0.14940009,0.14206827,-0.11343506,-0.24771284,0.06225812,0.1806565,-0.07881139,-0.486994,0.18470475,-0.31496945,0.15052494,0.32241225,0.26359683,0.50697446,0.033858463,-1.6205192,0.08338695,-0.040607046,0.671166,0.32585964,0.04613971,0.71312016,-0.35848546,0.02778551,0.4148272,0.08548023,0.33343053,0.4648725,-0.17174271,-0.30346692,-0.069608666,-0.057078734,0.2776154,-0.26397058,0.11711327,0.21425413,0.08529226,-0.0277029,-0.3561373,-0.14867522,0.06136468,-0.097862534,-0.2423494,-0.07679928,-0.6423402,-0.34211236,-0.014778371,0.0008202211,0.037158385,-0.012221668,0.09079075,-0.010420053,0.03042408,0.18916869,-0.32591847,0.058351826,-0.13759969,-0.070189744,0.11573906,0.2155935
434,neutral,0.019508157,0.18859574,0.25303674,-0.12549001,-0.007836618,0.15607473,-0.22384797,-0.10574928,0.0026341164,0.020479737,0.012169995,-0.06744309,0.07147143,-0.018886479,0.16407108,-0.1303925,0.08852436,-0.018554943,-0.18720007,0.35238376,0.0114219105,-0.027099753,0.18543276,-0.38144785,0.23933071,-0.068163805,0.05609976,-0.09335645,0.18856758,0.08028009,0.03511904,0.5051015,-0.08478215,-0.0017011303,0.18638174,0.13678046,-0.10293428,-0.110654026,0.04175917,-0.18601198,-0.28127277,0.021858552,-0.08283056,-0.07139629,-0.07857988,-0.22056495,0.25362077,-0.27318028,-0.044857055,-0.6050273,0.18422271,0.22524248,0.21020885,0.62660825,-0.091052696,-1.4875635,-0.06007936,-0.13323253,1.0923803,0.10509373,0.041620903,0.4598169,-0.21521212,-0.1958484,0.51533526,-0.012447804,0.26197883,0.25075588,0.025308443,0.031324826,0.006834455,-0.26105675,0.12950383,-0.26647538,0.016043026,0.02133208,0.06774212,0.009589164,-0.43838277,-0.13539502,0.45379677,-0.39311495,-0.17399561,0.11115017,-1.0772014,-0.060972136,-0.054444775,0.010088327,0.08936905,-0.1942196,-0.07996236,-0.0114858905,-0.067735344,-0.0271681,-0.17427194,-0.010361525,-0.31209305,-0.18971393,0.43540388,0.09486683
435,neutral,-0.24388161,-0.00093338074,0.21490632,-0.2095914,-0.1809598,0.5562601,-0.12564474,0.13382404,-0.045131333,0.03943962,0.03998262,0.014839811,0.051577013,0.20058404,-0.0018140302,0.04664742,0.049274433,0.05237238,-0.24055521,0.17096214,0.17103587,-0.091634504,0.029542709,-0.15739317,0.13040303,-0.05895637,-0.30319217,-0.26359737,0.16909222,-0.22148995,-0.37936786,0.44712326,-0.0620767,-0.05143176,0.011176928,-0.04070461,-0.20341891,-0.08438127,-0.12719117,-0.11162099,-0.112529434,0.042836413,-0.25877887,-0.3483231,-0.0049866135,-0.04127789,0.024415912,-0.37938136,0.20329332,-0.48621285,0.06989356,0.25753286,0.068080276,0.7287189,0.12247401,-1.7708863,0.035372425,-0.16514087,0.9749628,0.34075302,0.13061038,0.6827596,-0.45611852,-0.06676729,0.53652227,-0.04130127,0.26365635,0.47915548,-0.1657527,-0.3757626,-0.009811551,-0.14650185,0.29095832,-0.61129284,0.034341194,0.038837828,-0.15982492,0.036875326,-0.3364199,-0.18403304,0.2612834,-0.04898078,-0.38849822,0.07792744,-0.7019493,-0.36262238,0.19870624,0.10244616,-0.14698817,0.09001775,-0.0061077788,-0.08311595,-0.1735823,0.0022888188,-0.4074112,0.07697256,-0.17470431,0.06296116,0.51027894,0.27884918
436,negative,-0.16492932,0.36522424,0.36923587,-0.1656559,0.18286374,0.027765758,-0.062764704,-0.13062127,-0.2767542,0.20017712,-0.17846462,-0.15158144,0.4674751,0.19606093,-0.047425345,-0.061001193,0.31503075,-0.20095822,-0.36754608,0.27022848,0.602154,-0.20045058,0.116240144,-0.14828868,0.34469986,-0.013469452,-0.07444653,-0.20103498,0.37801695,0.0821479,0.113274045,0.18829365,-0.10746936,-0.4047366,0.0981032,-0.091811314,0.12679428,-0.04545062,0.10200121,0.13370064,-0.6376744,0.008979382,0.34092686,-0.010681666,0.45166346,-0.3201627,-0.06502744,-0.11920145,-0.14291525,-0.32184458,-0.29705608,0.08026901,0.03993489,1.1363827,0.027605819,-1.968604,-0.079820804,-0.18322095,1.1940875,0.52226865,0.03744269,0.6660156,-0.017834192,0.015528891,0.5283014,0.0679656,-0.057444934,0.35600096,-0.22568467,0.1747054,0.13611382,-0.28457427,-0.3855606,-0.18116558,0.051837184,0.05095161,0.049509324,0.13251603,-0.6990073,0.06475071,0.4967004,0.12213074,-0.03180677,0.07931021,-0.91435844,-0.2029363,0.07605257,0.19753785,0.29312032,-0.143675,0.19134498,-0.15722261,-0.13036136,0.21754819,-0.5459982,0.09599261,-0.071120545,0.045780253,0.34275496,0.035776302
437,neutral,-0.19493815,0.17141142,0.21089362,0.023283783,0.09508966,-0.116769366,-0.17345907,-0.07967629,0.042645544,0.14026952,-0.1986055,-0.14800425,0.27357566,0.1930362,-0.13085125,-0.08106183,0.13623165,-0.33937135,-0.36593938,-0.027611433,0.20365606,-0.13915733,0.15302442,0.011415538,-0.057243686,-0.122844175,-0.16169368,-0.09834353,0.20828491,0.05619395,-0.10187298,0.11471151,0.096901394,-0.23799412,0.09199372,0.18466003,0.21922524,0.07637542,-0.028201448,0.1953343,-0.5147438,-0.2338158,0.095073454,-0.16020048,0.09235246,-0.13115521,-0.039504915,-0.27573472,-0.07640474,-0.30046144,-0.03914689,-0.11763756,0.039729375,0.8150665,-0.10234122,-1.7471192,-0.10195827,-0.28461975,1.0449284,0.29028744,-0.024541898,0.58877015,-0.015751962,-0.24177927,0.5195718,-0.025823455,0.015255021,0.2616947,-0.24852403,0.16661847,0.19996746,-0.32862636,-0.29113495,-0.49091902,0.20339303,-0.10526749,0.00960239,0.085970074,-0.5949054,0.04789333,0.39041057,-0.018153168,-0.10959778,0.09649995,-0.78142506,-0.14664203,-0.14564025,0.14619844,0.08803645,-0.3697539,-0.043424696,-0.05826561,-0.16038482,0.094665095,-0.6254962,0.14966744,-0.066022806,0.06614429,0.3582923,0.2586399
438,neutral,-0.026824052,-0.036620766,0.16214895,-0.15876234,-0.042432956,-0.21726921,-0.32361153,0.18130492,0.0052692243,0.12694547,0.15736811,0.065624975,0.14879301,0.0317171,0.05115059,0.08276735,0.05367022,-0.16424964,-0.29197088,0.0108265625,0.34528932,0.018245796,-0.03680887,0.06492793,-0.02609053,0.30952927,-0.15939151,-0.1769152,0.23462872,-0.11500476,-0.1228798,0.22698884,-0.17164275,-0.029053673,-0.020257857,0.16847587,0.07743858,-0.13053714,-0.18985201,-0.11980618,-0.5052812,-0.13626413,0.2097999,-0.17369914,0.061427705,-0.27845886,0.2606529,-0.18710054,0.0058295415,-0.6049961,0.16602303,0.28483465,0.08030807,0.96673024,-0.06346627,-1.8985081,-0.13159767,-0.4264677,1.4514625,0.39084136,-0.39338583,0.5229063,-0.20972154,-0.38432795,0.481385,-0.06420886,-0.08332675,0.26652867,-0.19279075,0.21394901,0.13261513,-0.38822836,-0.4134635,-0.31726244,0.2561884,0.13840657,-0.13032216,0.18097335,-0.8470363,0.13992886,0.55862725,-0.37587863,-0.0954499,0.13390157,-0.9659707,-0.076824784,0.13679142,0.393701,0.19092141,-0.63089985,0.073670685,0.015478597,-0.1894299,0.058884244,-0.42476848,0.021850038,0.028133858,-0.32309535,0.3783356,0.28712732
439,neutral,-0.23826179,0.07955437,0.20796384,-0.08374763,-0.04760277,-0.14881589,-0.027546654,-0.1306852,0.13204539,0.17332427,-0.03945108,0.024352044,0.12367772,-0.16803251,0.046353795,-0.17930573,0.034305368,0.030282615,-0.16924201,0.11326707,0.2643331,-0.1245192,0.17687629,-0.20358843,-0.037840698,-0.08404311,-0.070354775,-0.20502645,0.0979313,-0.07923327,0.051926173,0.38109127,-0.20750225,-0.09326327,0.013343089,-0.05444073,0.16536771,0.112499654,-0.114540204,-0.12833102,-0.4046322,-0.017082492,0.14233175,-0.23245578,-0.05554431,-0.28313342,0.26742524,-0.123400375,-0.15445752,-0.47824228,0.15472852,-0.06457183,0.1313215,0.76515734,0.18615824,-1.7317518,0.16677491,-0.011443886,1.0208277,0.3660927,-0.06228728,0.31866518,-0.24401578,-0.1164264,0.6157064,0.19534428,0.268346,0.2208542,0.046149902,0.020025095,0.16369872,-0.14810155,-0.19663818,-0.24174552,0.026667267,-0.097454615,-0.15324757,-0.026509782,-0.6535092,0.089006834,0.45179924,-0.0018791988,-0.36075044,0.0472824,-0.944954,0.10763818,0.18209723,0.011831044,-0.031101845,-0.37596747,0.050282568,0.04072167,0.025598098,-0.03776787,-0.17941947,0.11697743,0.031141248,-0.21379255,0.31460536,0.19881792
440,neutral,-0.05133957,0.107708864,0.47306344,0.08955567,0.15467052,-0.37094805,0.013673314,0.22083218,-0.12743732,-0.085350536,-0.27722818,-0.11176759,0.29362333,0.11895109,0.16979167,-0.24039431,0.22203167,-0.23037055,-0.3262394,-0.32565498,0.3362588,-0.0080200415,0.4635387,-0.0061427513,0.16934304,0.0056473124,-0.04868565,-0.18143387,0.2818994,0.046086382,-0.2986873,0.25868103,-0.0064928858,-0.16992855,-0.013253807,-0.010866667,0.15727164,0.040503293,-0.2017041,0.061482985,-0.6099914,-0.46340886,0.09889201,-0.091819316,0.3025198,-0.0310039,0.2847274,-0.17496009,-0.0014616989,-0.34152806,-0.081316724,0.35582608,0.057551548,0.6639887,-0.1768225,-2.0903192,-0.28590325,-0.30575693,1.6157951,0.28460878,-0.43329704,0.29996288,-0.2542837,-0.33399934,0.4684365,0.08903713,-0.1556208,0.07106881,0.5219916,-0.095395476,0.060867105,-0.4287937,-0.105724655,-0.27392593,0.16591382,-0.3242803,0.036480773,0.18366347,-0.7170084,0.021265376,0.43492326,0.2182421,-0.26423576,0.18900362,-0.8298471,0.030238127,-0.12055145,-0.15975334,0.075233355,-0.16716088,0.00289035,0.058692195,-0.034001578,0.0489956,-0.30086094,0.25253657,-0.25852576,-0.10093339,0.520821,0.16087863
441,negative,-0.13933358,0.24677704,0.19240007,-0.042674962,-0.08593096,0.22124624,-0.10016603,0.099474445,0.1258079,0.13863131,-0.012336338,0.034234647,0.40959278,0.0051647234,-0.0071453024,-0.18683404,0.012854266,-0.1282849,-0.39410362,0.17500797,0.34824076,0.027230578,0.07858857,-0.024950624,0.20490155,-0.08996815,-0.0679779,-0.17539643,0.07729039,-0.045691345,-0.031839717,0.24594653,-0.12915167,-0.00322115,-0.00077297195,-0.009708862,-0.0107669635,0.0739578,0.058428656,-0.0038306778,-0.49051008,-0.14336859,0.032846507,-0.22905727,-0.028481409,-0.04915519,0.12556756,-0.10893134,-0.093336254,-0.5125806,0.10222392,-0.06271454,0.03786028,0.9118487,0.0009579232,-1.7706854,-0.083048604,-0.27403513,1.3079975,0.37182343,-0.07890447,0.65282995,-0.13978657,-0.17247589,0.55336237,0.11399668,0.16244553,0.10629375,0.120253325,-0.096736,0.09548776,-0.21652216,-0.09451016,-0.27457538,0.25391638,0.014290941,-0.06839496,0.08256172,-0.7388489,-0.06370646,0.46023223,0.23439887,-0.2668773,0.035173256,-1.0278622,0.0056825313,-0.06822485,-0.15485181,-0.075953,-0.18451196,0.0010847131,0.010014021,0.03365316,-0.08770263,-0.58320016,0.08175928,-0.09975399,-0.10433617,0.29875764,0.19027266
442,negative,-0.11099031,0.40831652,-0.08208579,-0.1429683,0.21083973,0.2983912,-0.2276055,-0.03521764,0.23413977,0.072373405,0.027023753,0.19584544,0.08098074,0.0083714565,0.081584215,-0.055840917,0.0014521753,0.2582799,-0.4791453,0.11747629,0.00018469294,-0.08791261,0.30012438,-0.1057061,0.058636617,-0.18722902,-0.1189828,-0.24347466,0.103225425,-0.3456673,0.20492896,0.30206186,-0.2164657,0.37938643,0.037990704,0.08404315,0.17430244,0.053184442,-0.20392314,-0.19354694,-0.4244686,0.25488973,0.35147497,-0.40846834,-0.15876941,-0.09476422,0.48504424,-0.4463479,-0.13151847,-0.79044837,-0.14058429,0.0014264343,0.34280965,0.8365971,-0.20590699,-1.1934801,0.15659367,-0.15459414,0.7845755,0.4864074,-0.088740766,0.48956236,-0.20062412,-0.118998736,0.5429057,0.046125717,0.4311244,0.4238435,-0.042514294,0.063953355,0.20635772,-0.54168963,-0.24240945,-0.08998198,0.14301981,-0.2667205,-0.17921501,0.17723985,-0.7336286,0.12162847,0.42583218,0.070651494,-0.340612,0.2712353,-1.0213355,-0.2005246,-0.058386154,-0.031979196,-0.31922668,-0.21934448,-0.24674392,-0.27120492,0.07402878,0.07027912,-0.14688246,-0.18245155,-0.21900171,-0.1107276,0.1862017,0.34421378
443,neutral,-0.22727336,0.19114424,0.19478656,0.28223228,-0.011598347,-0.060418624,-0.16053323,-0.09528278,0.20377336,0.11771459,-0.057033002,0.04681458,0.020667091,-0.10364374,0.058975387,-0.10598295,0.061391342,0.12314296,-0.17657635,0.03254198,0.18014121,-0.1781862,0.18037823,-0.069951914,0.22684067,-0.050526176,-0.11219047,-0.3539096,0.024692386,-0.23341937,-0.040337272,0.29176816,-0.12884553,-0.08426566,0.06314874,0.1286033,0.24575925,0.0034637998,0.15130202,-0.14165865,-0.2946978,-0.12523413,0.08716668,-0.23169003,-0.1752489,-0.06874016,0.24901251,0.081902586,-0.3413145,-0.42235136,0.089813165,-0.06297347,-0.095623516,0.9542893,0.10612201,-1.3279138,0.08254391,-0.20761426,0.9434203,0.32866353,-0.2363735,0.16677134,-0.1763408,-0.07772589,0.7109158,0.08147678,0.040910546,-0.012137807,0.1129457,-0.14832091,0.0024052095,-0.16468774,-0.024088666,-0.37281483,0.11961264,-0.22549947,-0.011396844,-0.072850525,-0.50412333,-0.037020817,0.25938806,-0.0916096,-0.275344,-0.09497772,-0.73624325,0.016310424,-0.0037444676,-0.12798414,-0.056677792,-0.2100736,-0.17989883,0.1458211,-0.27155384,0.012043947,-0.20127626,-0.13722107,-0.005956223,-0.17380996,0.27615064,0.26434797
444,negative,0.208765,0.29452586,0.2787678,-0.18146491,-0.05241574,-0.2104825,-0.07209721,0.11145687,-0.080372795,0.13845813,0.054596502,-0.104342125,-0.13963497,-0.028813893,0.18895894,-0.21615829,-0.24791671,0.22052851,-0.18555844,0.19533125,0.28233898,-0.13843967,0.2031759,0.094145514,0.305969,0.03809187,-0.2294785,-0.35636687,-0.13637137,-0.064963765,0.008465232,0.24072409,-0.0069764764,-0.048477717,-0.009676669,0.28921092,-0.048937954,0.09919746,0.20983775,-0.05320216,0.10649979,-0.252855,-0.09382815,-0.26849866,-0.05974473,0.059464093,-0.13110603,-0.368285,-0.03540179,-0.75670594,-0.08814934,-0.15341675,-0.02079862,0.7494415,-0.20221448,-1.2758616,-0.044396598,-0.2024876,1.1700153,0.027507005,0.14722347,0.21218798,-0.25979137,0.033403557,0.29843348,0.11460642,0.36217475,-0.15320933,0.2879575,-0.14397041,-0.17699282,-0.10973389,-0.041127976,0.07555028,0.024155783,0.10254865,0.1145641,-0.13763359,-0.54514897,0.09784063,0.34600568,0.14683664,-0.14824475,0.09781076,-0.67019707,-0.2802439,-0.05955242,0.065576114,-0.071176,-0.22410575,-0.008222843,-0.035085645,-0.07179667,-0.2871119,-0.50293666,-0.1335583,0.15885842,0.0031882252,0.19519117,-0.13245806
445,negative,0.23543741,0.42126313,0.34698477,-0.32760558,0.017987804,0.017822932,-0.6816644,-0.08199144,0.14397676,0.43316108,0.23572533,-0.37320343,0.28180206,-0.019621745,-0.2214161,-0.4450046,0.25620437,-0.45954663,-1.2162731,0.006924915,0.51103276,-0.21705434,0.21284553,-0.06681966,-0.14307067,0.55416244,-0.26205182,-0.023137765,0.66227317,0.32091346,0.19926503,-0.14695975,0.18466917,0.21373674,0.24959905,0.26069915,0.11523748,0.05650824,-0.22391132,-0.13925494,-0.7525293,0.48016736,0.43056592,-0.5600753,0.13362084,-0.48790336,0.18934377,-0.15898868,0.02820956,-0.37492448,-0.4440221,0.36276263,0.51290506,1.0918674,-0.26837355,-1.2147729,0.02466199,-0.10565779,0.8935326,0.17516926,0.040126562,0.116796814,-0.24553116,-0.42729864,0.34977794,0.37678674,0.41193178,0.09396456,-0.039656445,-0.056991488,0.6593529,-0.14543423,0.112289645,-0.40982777,0.23459876,0.07811537,-0.505794,-0.1725058,-0.86099356,0.24390247,0.8649185,-0.33521464,-0.31208384,-0.1677247,-0.7069292,0.15521504,-0.4587929,-0.26369345,0.15523404,-0.51904416,0.17136809,0.17922963,-0.17500897,0.46245238,-0.463069,-0.2292186,0.13273743,-0.27747446,0.2686647,0.14447601
446,neutral,0.17383221,-0.057036255,-0.11388212,-0.5187386,0.13283308,0.23477739,-0.030203339,0.21650079,-0.17181484,-0.43687713,0.20299332,0.06424924,0.18490596,0.2676047,0.15131892,0.101899095,0.07125885,0.3486727,-0.20022823,0.1569359,0.57431537,-0.30565104,-0.17409278,-0.23602211,0.62539226,0.19710168,-0.30270493,-0.29074982,0.10136533,0.2706718,0.07123147,0.18913089,-0.06186162,0.26265487,0.021283671,0.24604496,-0.24607494,0.36373907,0.14834678,-0.20456347,-0.27907655,0.04407213,0.18807878,-0.074032195,-0.6630591,0.16099882,0.053420547,-0.14537513,0.07917496,-0.11882921,-0.01245043,0.11048636,0.18404223,0.7239297,-0.0672185,-1.7104155,-0.37133276,0.39137003,0.6783904,0.19219302,0.3229305,0.71750915,0.11498018,-0.057660908,0.62870777,-0.06865194,0.21974285,0.18382199,-0.22593878,0.06045407,-0.010706374,0.051610827,-0.035934903,-0.088401675,0.113953695,0.11415043,0.1471374,0.0029981409,-0.17933872,-0.07312462,-0.2842477,-0.18384261,-0.26368552,0.021033801,-0.6548711,0.01181037,-0.19138655,-0.25053602,0.27911347,-0.29824746,-0.042884164,-0.085877664,0.2167815,-0.09089515,-0.20132053,-0.6301161,-0.16692828,-0.47776592,0.5798582,-0.07688606
447,negative,-0.16665287,0.19057316,0.3300354,-0.17269605,-0.005142969,-0.21568535,-0.20527217,0.0134584615,-0.062164806,0.26478586,0.0335046,-0.18056212,0.115151435,-0.19791566,-0.07863585,-0.1819677,0.15454409,0.059173055,-0.23790602,0.15510157,0.24043362,-0.2703895,0.17703813,-0.062449336,0.07285675,0.041574825,-0.3554268,-0.25795868,-0.077175915,0.09894016,0.009318813,0.4998591,-0.28432274,-0.13311067,0.056869537,0.14615943,-0.09211002,0.005121297,-0.017381705,-0.11027206,-0.4906641,-0.08288879,0.16373938,-0.29751846,-0.0712248,-0.09548721,0.15107343,-0.3158745,-0.18364662,-0.69113106,0.20890373,0.027570503,-0.056529634,1.0582134,0.09918526,-1.9288168,0.15852854,-0.13462485,1.7060176,0.2960073,-0.16174813,0.29268512,0.10272017,0.09646319,0.6547561,-0.074460536,-0.09677226,0.25636634,0.08611521,-0.17431644,0.23348053,-0.28548107,-0.09107585,-0.16417597,0.09840218,-0.097267866,-0.10904017,0.16938232,-0.7371868,0.11107927,0.6199275,0.025984675,-0.46053347,0.009695741,-1.3157727,0.008468553,0.27672747,-0.054488163,-0.38408974,-0.43384778,0.035707343,-0.012629489,-0.1323275,-0.03666498,-0.2341884,-0.06655642,0.0794719,-0.27932546,0.46274045,0.11719689
448,negative,-0.23814759,-0.27168435,0.030518668,0.12261061,0.052291714,-0.20587018,-0.24559899,0.16201237,0.09837339,0.206199,0.023798155,-0.20817018,0.22687364,0.3018888,-0.01744179,-0.13974003,-0.011611283,-0.2358165,-0.8220606,0.16146691,0.2820843,-0.3484509,0.38629907,-0.008215988,-0.05208674,-0.05568785,-0.013463878,-0.39779082,0.42363697,0.122981064,0.020310078,0.12827255,-0.126394,-0.034443207,-0.18581636,0.018856652,0.22129093,0.027186178,-0.2061945,-0.010350537,-0.51956886,0.042580742,0.46086687,-0.010392196,0.09346909,-0.40710378,-0.023426903,-0.009165822,-0.14634216,-0.39035222,0.3719781,0.045035917,0.26691177,1.1108344,-0.09012764,-1.5980085,-0.12134561,-0.13411064,1.1205046,0.33903706,0.008024219,0.17906918,-0.01707256,-0.19670783,0.6093512,0.19860385,0.15421338,0.54109246,-0.22860196,0.13547872,0.40006828,-0.47278613,-0.3674913,-0.4588937,-0.0031989736,0.069709994,-0.16086747,0.108688876,-0.6478048,0.07890557,0.6192394,-0.08685829,-0.13454096,-0.060818158,-0.7538846,-0.26873624,0.21542746,0.35232118,0.18664925,-0.25894797,0.18213263,0.004876413,-0.23890917,0.21885416,-0.46450958,0.2661024,0.060869064,0.02767769,0.29482284,0.10463147
449,neutral,-0.024444433,0.16639054,0.11183906,-0.23378734,-0.18090859,0.30892777,-0.43813083,0.18138498,-0.043555558,0.002724397,-0.1401853,0.11130908,0.13553493,0.056523588,-0.06426211,-0.14700742,0.033424128,0.1024416,-0.35615242,0.16352955,0.40395525,0.063446626,0.10049942,-0.20512766,0.14205635,-0.11726155,-0.17172386,-0.30013224,0.52917963,-0.1360937,-0.17379662,0.45818385,0.1891819,0.019529171,-0.036864564,-0.037909575,0.03504129,0.12968977,-0.22480766,-0.22609496,-0.5050703,-0.084660836,0.365145,-0.20549528,0.07958016,-0.10278132,0.37658677,-0.003028382,-0.109282166,-0.6608466,0.20939605,0.17826638,0.17756332,0.8624229,-0.21568152,-1.5796201,-0.110266544,-0.051212467,1.1680286,0.16842629,-0.16044673,0.33178446,-0.2416807,-0.17527334,0.662847,0.18318737,0.16622472,0.12279469,-0.006710087,-0.084901534,0.003638916,-0.24445613,-0.2532952,-0.35299653,0.08845142,0.22792508,0.19395824,-0.059587196,-0.69992894,0.07281432,0.26430503,-0.2379028,-0.1512617,-0.012699257,-0.9160932,-0.23683575,-0.0771116,0.01887482,0.059946712,-0.063073866,0.016476167,-0.30607975,-0.0031622697,0.09778534,-0.26592472,0.053663414,-0.16465092,0.09491226,0.38892633,0.19158223
450,negative,-0.13304298,0.3316539,0.1783864,-0.04689748,-0.12988192,0.16403951,-0.20969468,-0.08739819,0.07980017,0.12921795,-0.15530315,0.032732747,0.3136909,0.08045121,-0.03992727,-0.24406992,0.024038445,-0.057813704,-0.46860984,0.24017759,0.2984858,-0.09251386,0.16379161,-0.08769263,-0.00961625,0.0437752,-0.083845064,-0.21313226,0.24941292,-0.026038421,0.06901268,0.23717567,-0.06857398,0.06425338,-0.09777428,-0.051878504,0.08212941,-0.021029932,0.037911516,-0.035620127,-0.4921236,-0.04378325,0.031680137,-0.3180559,0.16844274,-0.116742924,0.26648304,-0.107255556,-0.26836318,-0.6179788,0.11579233,-0.15161985,0.07904603,1.0001945,0.034513626,-1.8101068,0.074017145,-0.1745745,1.1986275,0.21832901,-0.056054685,0.66867787,-0.16343953,-0.32394454,0.6878506,0.21141584,0.24248116,0.17494321,0.09514917,-0.13344392,0.19124673,-0.333299,-0.16526893,-0.25047585,0.23683429,-0.055755943,-0.021714015,0.091822,-0.72940373,0.13850123,0.5030016,0.14042926,-0.30619428,0.1933087,-1.0907722,0.046758167,-0.13824823,-0.08410363,-0.050873376,-0.2325063,0.04940226,-0.14457023,-0.042606384,-0.06352007,-0.5396902,0.02710557,0.026953552,-0.14487952,0.46844417,0.095794775
451,neutral,-0.2285036,0.28420755,0.24057716,-0.024549158,0.088826925,0.0002991896,-0.2138377,-0.04369032,0.05895809,0.07009556,-0.17046373,-0.100280344,0.27426955,0.12043826,-0.18943053,-0.24569212,0.17114182,-0.07489943,-0.45069402,0.035047486,0.25373897,-0.077075236,0.21748985,-0.16472651,-0.02101573,-0.0105033945,-0.13491842,-0.27477655,0.2511092,-0.15776144,0.0066484157,0.2861698,-0.15056308,0.06728197,-0.1832152,-0.0070813624,0.014300614,0.0027627936,-0.17342496,0.03756584,-0.5340757,-0.13877515,0.20609641,-0.22993569,0.0832192,-0.23254956,0.26065788,-0.15239105,-0.20269555,-0.6876965,0.2926431,-0.01622786,0.11756249,0.8951063,0.15422586,-1.9565965,0.19706985,-0.18588525,1.3434377,0.38354793,-0.1167444,0.4125355,-0.16984876,-0.33142138,0.7320893,0.027553411,0.17231332,0.27264687,0.062373143,-0.045584258,0.18902098,-0.3616451,-0.22848618,-0.20182568,0.15087585,0.027512882,-0.08317683,0.16094983,-0.89905393,0.050931457,0.5434143,0.07118039,-0.16810061,0.20197184,-1.1243584,0.06884402,-0.14299183,0.032633338,-0.015001303,-0.49494165,0.023128172,-0.051157072,-0.14689021,0.1359468,-0.4444636,0.020643715,0.07877048,-0.1591814,0.42679414,0.28824347
452,negative,-0.105916746,-0.07053569,0.3447138,-0.02876892,0.2169987,-0.12273775,-0.119267486,0.081642546,-0.13857174,0.1838115,-0.054591626,0.07118022,-0.052812926,0.04182534,0.047268473,0.018235987,-0.10911941,-0.048985522,-0.34489498,-0.22807017,0.46312997,-0.083138905,0.046017475,0.077276126,-0.008210646,0.08857402,-0.22969341,-0.3210621,0.2060256,-0.22986764,-0.1822675,0.24543394,0.049958076,0.06984422,-0.28265148,0.14992642,0.16694719,-0.02667121,-0.114222854,0.08004009,-0.38420537,-0.36483222,0.22395393,-0.016842572,0.18599623,-0.19362605,0.12570935,-0.18816671,-0.12273468,-0.5711248,0.1491059,-0.08417634,-0.025768293,0.85385644,0.07076587,-1.9131427,-0.07334124,-0.17686294,1.1372085,0.5529145,-0.27373156,0.1009559,-0.20060296,-0.11019641,0.38378674,0.043311227,0.14116065,0.19484362,0.10265842,-0.07292181,0.11883397,-0.22949165,-0.19843115,-0.32669196,0.033809368,0.09513297,-0.10734576,-0.00059916987,-0.71916664,0.1531443,0.4340466,-0.10411,-0.31488124,0.019604865,-0.87450147,-0.09374592,-0.02707735,0.20628077,0.023305964,-0.4663452,-0.11187466,0.08285746,-0.331474,-0.015610051,-0.44283134,-0.012676187,0.066687174,-0.1433711,0.35577208,0.27754787
453,neutral,-0.3077668,-0.21493648,0.23589316,-0.5148535,-0.33382583,-0.33403876,-0.118999146,-0.13177083,-0.16831258,-0.24465267,-0.14559922,0.15016286,0.01120934,-0.028172808,0.14168456,0.19310686,-0.09819509,0.15738313,-0.41025066,0.23042452,0.31767297,-0.1618988,0.33651966,-0.30491054,0.38654083,0.28374225,-0.4067176,-0.20407581,0.0858703,-0.16232474,-0.4161606,0.25559115,0.009805333,0.22227223,0.0016422262,-0.16484182,-0.106595464,0.08319852,0.16884263,0.043708343,-0.4683204,0.19996095,-0.18836336,-0.083036065,-0.11085592,-0.09274215,-0.03345594,-0.1514997,-0.36945963,-0.38285443,0.15950322,-0.052122544,-0.2530854,0.7662569,-0.055666275,-1.5485474,-0.37092832,0.054099653,0.7637864,0.36618528,-0.17510201,0.40983295,0.10206473,0.017326513,0.6796357,-0.0100654615,0.51057386,0.10811498,-0.0030770656,0.08809558,-0.08620832,-0.3322288,-0.059099007,-0.06427719,-0.0597605,0.07143407,-0.053810675,-0.11109194,-0.2354148,0.10473754,0.4720469,0.16936699,-0.36941922,-0.3279303,-0.8461524,-0.16375776,0.028834492,0.12266406,-0.06012953,-0.17430298,-0.07637066,0.17263164,0.033006698,-0.23000681,0.06377653,-0.0027405925,-0.07443739,-0.07512143,0.14432399,0.030552685
454,negative,-0.084354274,0.34148896,0.18964063,-0.0010726142,-0.052661672,0.25027475,-0.33454108,-0.042081635,0.20286982,0.14690077,-0.07054479,0.06944618,0.32036227,0.053176787,-0.08430931,-0.16556637,0.123772316,0.08999397,-0.4676853,0.32311967,0.2671286,-0.12015189,0.20514168,-0.11758096,0.088788636,0.03160551,-0.19742897,-0.20998873,0.27822644,-0.11860563,0.25513342,0.21464802,-0.14956222,0.09049613,-0.026060166,-0.03890171,0.08039202,0.06509283,-0.05692864,-0.024430342,-0.50774276,-0.04259992,0.099381864,-0.21163957,0.11515658,-0.041300178,0.255423,-0.04949092,-0.32139495,-0.58482003,0.08038017,-0.06667333,0.1783004,1.0097916,0.06214386,-1.734927,0.10088326,-0.21893363,1.3492917,0.32940713,-0.10110106,0.60636747,-0.16935064,-0.1411447,0.666847,0.107950695,0.24598692,0.21357279,-0.0022730583,-0.22613673,0.19898057,-0.32646364,-0.13726792,-0.3415197,0.30103856,0.03150868,-0.078448385,0.14833593,-0.7861604,0.23574883,0.6194847,0.23808281,-0.26565742,0.28981665,-1.0802884,0.04157965,-0.0091663515,0.025863677,-0.17926149,-0.26237014,0.06049266,-0.2276199,0.12669188,0.03215004,-0.42639557,-0.039699804,-0.06484987,-0.19787817,0.45865476,0.11915021
456,negative,-0.040728215,-0.013363486,0.367191,-0.1268329,-0.0069069057,0.01002901,-0.17743403,0.33200985,0.17262034,0.16890267,0.2621559,-0.058801994,0.06514283,0.070143804,0.12150309,-0.30760917,0.036583044,-0.076035514,-0.30975994,-0.119431466,0.44991407,0.060096145,-0.022985885,-0.32615262,0.07025132,-0.08284881,-0.28377822,-0.17530186,0.22853278,-0.12744588,-0.038291138,0.31378394,0.25568292,0.16461658,0.17748643,0.2677979,0.16273943,0.14184882,0.20965628,-0.14112084,-0.09730484,-0.26840332,0.21859002,-0.042489257,0.32895136,0.23497489,0.06457003,-0.0008816143,0.12695992,-0.24737234,-0.01788402,0.15043303,0.09988762,0.79327345,-0.18966623,-1.879494,-0.16758944,0.01503791,1.5248699,0.18455884,-0.22273488,0.471121,-0.0962249,-0.16035275,0.27293175,0.021498315,0.045599096,0.04643024,-0.09415755,0.07465101,-0.19179825,-0.32929328,-0.024093421,-0.40184927,0.14109018,-0.08880204,0.3517899,0.07167544,-0.57861865,0.12485423,0.4767248,-0.059661176,-0.23980579,0.10621847,-0.7461254,-0.13225602,-0.013533691,-0.0733289,-0.13606848,-0.2660571,0.079172686,0.021812707,-0.10581943,-0.17470892,-0.46258476,0.2914791,0.08701103,0.15518321,0.59943485,0.14588176
457,neutral,-0.24329656,-0.10362653,0.21901108,-0.2495022,0.18961984,0.00014890725,-0.0022722413,0.10558153,-0.24757494,-0.10069906,-0.002485308,-0.16254777,0.086457975,0.087086424,-0.038198933,-0.1883413,0.2409413,0.070782565,-0.5011229,0.05403043,0.24071261,-0.014601992,0.211417,-0.0033789263,-0.057007723,-0.03552122,-0.25773948,-0.33967412,0.21592192,0.027578032,0.0382517,0.41494763,0.13511793,-0.022928488,-0.16041471,-0.01617899,-0.10376755,0.02413978,-0.021085763,-0.0019093938,-0.3266663,-0.14244772,0.34660935,-0.020101989,-0.07540866,-0.0854615,-0.03383218,-0.27602738,-0.15250999,-0.42988107,0.1821106,0.17097317,0.2797842,0.5460541,-0.122164086,-1.7684036,-0.08614012,-0.21515097,1.1222267,0.42377937,-0.26988655,0.2675108,-0.06206293,-0.032890745,0.61384845,-0.003124508,0.17466922,0.29324853,0.06936914,0.033203457,-0.03384401,-0.05741284,-0.04160208,-0.1612637,0.061928514,0.065113746,-0.057883188,-0.0069098314,-0.57828337,-0.04405062,0.16971226,-0.110316105,-0.05142842,-0.04588953,-0.73443127,-0.22422232,0.108359575,0.014908425,0.15829545,-0.21459219,-0.046806876,-0.1446732,-0.07389896,0.39238757,-0.30558643,0.19479893,0.010746232,-0.06515814,0.24343868,-0.20279239
458,negative,0.11422886,0.13316385,0.33278522,-0.17039862,-0.16788593,-0.15149044,-0.23202424,-0.063646525,0.045617577,0.058482163,0.12904087,0.10780791,0.18723202,-0.20184787,-0.026408333,-0.238718,0.015252655,-0.09990419,-0.6070384,0.1994779,0.29987437,-0.1190378,-0.014938199,-0.10454058,0.103986725,0.123748526,-0.2552658,-0.35226053,0.25848085,-0.1815895,0.046309005,0.5954545,0.00019570273,0.095535375,0.11282583,0.25361836,0.0033573864,-0.14861277,0.12855874,-0.18287526,-0.3698366,0.036378887,0.18049896,-0.50232905,-0.25477862,-0.23602664,-0.07255828,-0.15575005,-0.019957371,-0.8213035,0.08609849,0.13546331,0.1642249,0.86660296,-0.05128721,-2.1208715,-0.15287977,-0.22031672,1.404524,0.31570977,-0.2765,0.37579775,-0.3748222,-0.5119099,0.57206494,0.050921034,0.28421623,0.6134156,-0.29708168,-0.2585471,0.091855384,-0.3420558,-0.5370043,-0.56254905,-0.13299163,-0.122871436,-0.27902398,-0.041195706,-0.99274176,0.28409013,0.66535324,-0.45564598,-0.086413756,-0.19322155,-1.1918681,-0.06744395,-0.098789394,0.22210728,-0.1541855,-0.32924804,0.069932364,-0.06107606,-0.3668341,-0.010827238,-0.55853736,0.017966384,-0.021943243,0.07392665,0.5202357,0.030623272
459,neutral,-0.3929202,0.26248872,0.41424087,0.07720716,0.0128881745,-0.27617767,-0.016890218,0.04091414,-0.40399373,0.28365275,0.2822607,-0.032730196,0.35713232,0.25895548,-0.102770835,-0.29682666,0.37653643,-0.2542405,-0.44968313,0.25858217,0.42192337,-0.05401218,0.5456764,-0.13295047,0.01898818,0.1907486,-0.47571775,-0.19375086,0.2417756,-0.16910891,-0.27846375,0.22975409,-0.21945502,0.14867873,0.2302698,-0.08885414,-0.20046276,0.20120221,0.04125429,-0.04742916,-0.54941946,-0.110439755,0.12157125,-0.22687878,0.7629927,0.1746233,0.09809001,-0.08731432,-0.074347734,-0.24372776,0.03776408,0.24805652,0.13847761,0.982304,-0.18180808,-1.903434,-0.3501013,-0.29675934,1.5571872,0.3324199,-0.40894365,0.28823212,-0.12050416,0.22585171,0.34114042,0.32465795,-0.028922522,0.40690327,0.14908834,0.26553366,0.2521827,-0.19011867,0.12928121,-0.16167316,0.15399547,0.24732633,-0.061509185,0.12765755,-0.7754084,0.115839094,0.67591953,-0.052320827,-0.15745494,0.19587776,-0.70911616,-0.1546874,0.03519173,0.00079020514,0.12932244,-0.22632784,0.038110826,0.009331147,-0.10956372,0.03506797,-0.40350986,0.30359748,-0.33396062,-0.0092165135,0.41887257,0.105820835
460,negative,-0.35210887,0.25772244,0.26034743,0.10545886,-0.14974831,-0.43226665,-0.02866521,-0.31743404,-0.17158876,0.6788067,0.04058493,-0.12882511,0.29877743,0.067060985,-0.041553345,-0.381962,0.1879345,-0.28247377,-0.12782547,-0.28054768,0.43150184,-0.38156864,0.20827155,-0.20095842,-0.009456907,0.16314763,-0.51275784,-0.014266671,0.24587035,-0.010887947,-0.23885445,0.12876898,-0.13395202,-0.21276107,0.30542216,0.056643415,0.08961978,-0.13758504,0.15961193,0.09990796,-0.3745553,-0.36407685,0.08300747,0.014345402,0.6176216,-0.09417615,0.2458266,0.06211899,-0.17944868,-0.10581881,0.32586655,0.45712772,0.10750658,0.79984725,0.062932186,-1.5204694,0.11431328,-0.49986303,1.3979813,0.3919825,-0.14902541,0.41425577,0.25008526,-0.030278664,0.29809874,0.22399159,-0.25292587,-0.0113202045,-0.17413174,0.23335966,0.26427686,-0.31030872,0.12437822,-0.14652611,-0.06468983,0.041232184,-0.024541931,0.23982157,-0.7440757,0.29397655,0.66429776,-0.34060177,-0.09887058,0.48249146,-0.74828696,-0.08596843,0.11355837,-0.037882753,0.08673987,-0.28746536,-0.22654203,0.04917301,-0.12611708,0.076257296,-0.2857891,0.12950419,-0.25683284,-0.14616317,0.24289207,0.1893815
461,negative,0.076819785,0.26247513,0.23553184,0.1476291,-0.054174483,-0.5839829,-0.33672205,-0.2224254,-0.023636322,-0.14695968,-0.02048243,0.020053672,0.16659652,-0.19630641,0.13248535,0.10918579,-0.35125166,-0.07496034,-0.07028692,-0.16875301,0.5185326,-0.11825804,0.07774325,0.34286168,0.16308883,-0.15874612,-0.22330947,-0.18122748,-0.064973354,0.060584094,-0.016218891,0.02456655,-0.11974512,0.086498275,-0.19569586,0.16243894,0.33110222,-0.0663832,0.014446108,0.028778289,-0.42908335,-0.38276532,-0.0764284,-0.06847179,0.25726283,0.08851414,0.34759498,-0.06065121,0.06712104,-0.8861311,-0.051014792,-0.043387696,-0.02568307,0.80065185,-0.0738688,-2.0970545,-0.048310045,-0.28131312,1.5899837,0.25384748,-0.2787614,0.33660823,-0.26368403,-0.0195796,0.40089393,0.111241095,0.25951526,-0.2465729,0.43614328,-0.104251966,-0.02716041,0.018656347,-0.45718515,-0.12878704,-0.049732585,-0.20702636,0.013375079,0.1638311,-0.6644073,-0.005110272,0.6688097,0.23549701,-0.39905953,0.022607543,-0.6955853,-0.50839084,-0.16214463,-0.33612287,0.17762649,-0.27665293,-0.09434899,0.14359948,-0.43955863,-0.014575592,-0.5302942,0.16564092,0.3288053,-0.12567155,0.49123183,0.13930619
462,neutral,-0.06046622,0.17201047,0.44946808,-0.45037493,-0.11293925,-0.21439339,-0.3389331,0.012490682,-0.044393625,-0.41587162,0.04430149,-0.06525041,-0.21486191,-0.35260266,-0.039327785,-0.39413458,-0.11900992,0.35151884,-0.3966524,0.39177555,0.16330057,0.1723784,-0.2146474,-0.09697449,0.19696961,0.05329933,-0.3127633,-0.62056375,-0.123479396,-0.47029302,-0.09034269,0.55355495,0.094248,0.040639646,0.06241045,0.47373676,-0.026773851,-0.105974086,-0.047069397,-0.09192239,-0.0055687637,-0.34362715,0.20103814,-0.007064783,-0.27209097,-0.27728882,-0.033417888,-0.200413,-0.0017803092,-0.9954801,0.07674216,-0.08115289,0.110417396,0.5294634,0.15095799,-2.043539,0.12608507,-0.078250535,1.1357605,0.06238062,-0.23599218,0.33096585,-0.30033872,-0.2089705,0.4153507,0.14115076,0.24127576,0.5682684,0.12965971,-0.31880778,0.14616333,-0.12573254,-0.38135305,-0.41326758,-0.009622779,0.14468941,-0.25065416,-0.13567226,-0.55684847,0.07339578,0.47917378,-0.26773927,-0.06041482,-0.47346634,-1.106904,-0.25608394,0.05588969,-0.12105137,-0.3039503,-0.38468668,0.1380968,-0.16766337,-0.18168126,-0.05754331,-0.53405005,-0.08177783,0.19543435,0.051747758,0.3326003,-0.24267246
463,negative,-0.020240229,0.33822888,0.07384605,-0.033412453,-0.20316514,0.06337521,0.089778826,0.26946566,0.14755258,0.39210883,0.08767291,0.060736068,0.39793792,0.2253042,0.18678859,-0.20234503,0.10690786,-0.04065567,-0.670037,0.32390273,0.47195283,-0.028857872,-0.015985196,0.10422551,-0.51907,0.0850878,-0.14044781,-0.38555494,-0.1759415,0.34572572,0.13694724,0.2855661,0.13508151,0.45838708,-0.18143968,0.12734951,-0.32977116,0.25911215,-0.14052498,0.12857313,-0.28228122,-0.024892058,0.093012504,-0.3528531,0.5630625,0.11662063,0.24430777,-0.034911506,-0.20354526,-0.41434705,0.11022331,-0.17382725,-0.123837344,0.8996565,-0.1346545,-2.209418,-0.16234876,-0.44520956,1.609458,0.65112734,-0.0038650876,0.45787105,0.10733778,-0.08652512,0.2827911,0.22790104,0.119538434,0.111108825,0.003536904,0.23092675,-0.12362003,-0.30203155,-0.1831435,-0.07918686,0.45662478,0.1162451,0.26305988,0.12672643,-0.8672808,0.033172444,0.7709085,0.12680782,-0.27578983,-0.028020833,-1.3097391,-0.013463619,0.40687138,0.14219995,-0.36352286,-0.047818895,0.55850613,-0.2022138,0.0312177,-0.040986236,-0.73028857,0.6502145,0.24658713,-0.08689416,0.653043,-0.18075894
464,neutral,-0.0042033335,0.082837954,0.23436022,-0.30492568,0.18114813,0.021678472,-0.056601536,0.14330795,-0.42671576,-0.25221127,-0.15024981,-0.23086494,-0.013301319,0.00022539211,0.02469635,-0.2003477,0.44961607,0.017769484,-0.49178562,-0.11466386,0.38187253,-0.120916575,0.10241325,-0.023969032,0.16829972,-0.074823506,-0.29462606,-0.20956647,0.23975866,0.023206836,-0.017244833,0.36601475,0.16191998,0.112244084,-0.3181163,0.2352299,-0.16285582,0.08053258,0.19562387,0.03347064,-0.30965883,-0.2202429,0.1344596,-0.1307856,-0.10783231,-0.19011426,0.21247831,-0.36699057,0.024034727,-0.42369628,-0.009655722,-0.18530309,0.4015689,0.4875868,-0.24249825,-1.9001602,-0.109814174,-0.09744814,1.068123,0.1968393,-0.10727213,0.5437094,-0.055739425,-0.20417066,0.315422,-0.040713906,0.30502054,0.42812,0.15202434,0.025640767,-0.1286569,0.009711063,-0.21790178,-0.26043606,0.0024491856,0.07023898,0.18975404,0.110261254,-0.6903234,0.03750056,0.22559373,-0.05016313,-0.2774087,-0.04205608,-0.6566903,-0.2703714,-0.2433333,-0.3510257,0.29347754,-0.16359614,0.09595306,-0.1534848,0.012169427,0.30106902,-0.5413037,0.039032664,0.14292973,-0.20878349,0.23700632,0.02666472
465,neutral,-0.07304879,0.027093042,0.52863365,-0.09971193,0.12311629,-0.06340922,-0.22194421,0.024856303,-0.25701463,-0.031590763,-0.15448442,-0.20831323,0.19783361,0.026581243,-0.11888045,-0.27833894,0.34089226,0.16573983,-0.52282053,0.23018318,0.07786322,-0.25530645,0.28865415,-0.07952447,-0.19788155,-0.029065676,-0.053662438,-0.4403742,0.4211731,0.08742077,0.0419048,0.6650754,-0.013257641,-0.07027428,0.034441564,0.27960423,0.040490508,0.09619895,-0.13668543,-0.19574302,-0.54665065,-0.028525513,0.6411562,-0.27801132,-0.10466335,-0.14980218,0.06704572,-0.26022205,-0.20886631,-0.6038234,-0.038113102,-0.13037118,0.13240609,1.0047786,-0.10493725,-2.103913,-0.03664127,-0.045086555,1.1638051,0.28831458,-0.29088655,0.2816885,0.019373601,-0.2111893,0.7306392,0.09300596,0.27890325,0.7259548,-0.18761899,0.15450414,0.20567165,-0.3870955,-0.36394835,-0.48928094,-0.08206731,-0.07136622,-0.31903064,-0.0949464,-0.51078796,-0.028117683,0.42122814,-0.25783113,-0.16335186,-0.07542517,-1.030246,-0.17262739,-0.08911304,0.20509732,0.23271048,-0.65430707,0.016391274,-0.032769036,-0.118713126,0.13008489,-0.5672106,0.082409546,0.10709877,-0.28737313,0.43309966,0.07110827
467,neutral,-0.25289965,-0.042329405,0.17164303,0.2117648,0.0009953046,-0.10927529,-0.2353753,0.05115102,0.07272287,0.011520827,-0.21504934,0.07410697,0.052397955,-0.02070972,-0.04942092,-0.11880002,-0.109893344,-0.2284414,-0.4340039,-0.13280305,0.19428274,-0.04941538,0.08244209,-0.03867795,-0.102166004,-0.24851474,-0.006796885,-0.010577401,0.15204716,0.095185205,0.07841207,0.22611795,-0.028747203,0.07848238,-0.1324936,0.19866426,0.07421882,0.07268849,-0.13145363,-0.057916097,-0.50810003,-0.22645305,0.29556566,-0.071038134,-0.021446101,-0.28627765,0.08892664,-0.09089771,-0.13518257,-0.61362475,0.2135625,-0.14259115,0.20149189,0.7712606,-0.07729158,-1.7571367,-0.06907078,-0.11623622,1.1882174,0.3613957,-0.17996055,0.15019862,-0.066502385,-0.15690361,0.48628688,0.114065275,0.119544655,0.44840613,0.17953424,-0.06736164,0.065000474,-0.12354734,-0.26028213,-0.46444452,-0.03810137,0.09246225,-0.18769006,0.16039306,-0.6401344,-0.05799083,0.30450997,-0.024975277,-0.11420401,-0.08622783,-0.67597127,-0.2564949,0.020517323,0.2406213,0.12551633,-0.3814471,0.005837903,-0.030334838,-0.17237963,0.14399536,-0.4613034,0.14102313,-0.036864832,-0.15089944,0.35610914,0.12043036
468,neutral,-0.12928134,0.15019086,0.18255237,-0.068207294,-0.02652262,-0.46826124,-0.018499967,0.0682307,0.06828987,0.07170952,-0.051969074,-0.05326564,0.15423928,-0.043453116,0.09227542,0.006503766,0.03759986,-0.11814537,-0.30672956,0.13374732,0.1836216,-0.21843353,0.027701855,0.09912275,-0.1194761,-0.12581818,0.024321377,-0.25061083,-0.059613645,-0.07740241,0.11599586,0.2096435,-0.036133308,-0.029785883,-0.09245618,0.37439018,0.06466537,0.046113,-0.013905823,0.059598316,-0.494664,-0.27004734,0.022594612,-0.1354892,0.039139267,-0.22776143,0.19933668,-0.2421518,-0.13478813,-0.84339714,0.19346082,-0.22883682,0.18663976,0.7688363,-0.22383921,-1.9463753,-0.19026397,-0.29399174,1.2938035,0.43170497,-0.31643608,0.4609932,-0.09253937,-0.09821038,0.56157464,0.1002043,0.12543193,0.3853448,0.2696163,-0.0745616,0.19704318,0.08075277,-0.35290644,-0.3695405,-0.18465233,-0.17108454,-0.033391327,0.15972681,-0.8838823,-0.015929157,0.40788862,-0.017052285,-0.09627363,-0.057880294,-0.99756277,-0.40164572,0.09088151,-0.07669121,0.009791942,-0.19346954,0.0823003,0.027833968,-0.15730354,-0.09345834,-0.3702147,0.065111406,-0.10980211,-0.1776113,0.31613714,-0.06540376
469,neutral,-0.12974994,0.15580533,0.52020365,-0.010876674,-0.30541578,-0.15552148,-0.24419384,-0.05030008,0.0054925904,0.12378403,0.18010879,0.06003752,0.22849068,-0.16019729,-0.013487503,-0.26222578,0.029590301,0.19068028,-0.12429431,0.13603655,0.24384817,-0.018527972,0.14141245,-0.20777671,-0.0051054885,0.026595948,-0.25352475,-0.20394866,0.18188693,-0.14920305,-0.11647016,0.38856822,-0.22677498,0.09115666,0.16934848,0.092473984,0.041230667,0.15615351,0.18547131,-0.037760265,-0.45864716,-0.12077641,-0.022760825,-0.101431884,0.097403936,0.07148021,0.15939918,-0.18675514,-0.24173927,-0.70716494,0.19994082,0.2323085,-0.042914987,1.0550659,0.10772856,-1.7730651,0.30353144,-0.031154925,1.3956714,0.26229018,0.024555393,0.65135056,-0.1733212,0.0024863814,0.536415,0.029739141,0.23713991,0.04045165,-0.112102725,0.053119738,0.015673395,-0.37271178,0.08250176,-0.25169027,0.14859068,0.1552055,0.18658668,-0.013392956,-0.4613368,0.09722253,0.34316102,-0.17009006,-0.53646964,-0.03680055,-1.1324894,-0.3764579,0.29547116,-0.019685756,-0.09097601,-0.20788416,-0.12742054,0.012785473,-0.044840124,-0.056340408,-0.07511818,0.1362459,-0.12327813,-0.19898741,0.31704375,0.004853163
470,neutral,-0.1144328,0.12136137,0.19960006,-0.23776841,0.11261089,0.12325502,-0.11529782,0.049256288,0.044571783,-0.04484728,0.04212946,-0.029593788,-0.036206644,-0.13472252,-0.10182538,-0.17507789,0.07462393,0.060892805,-0.38126954,0.15572703,0.34887502,-0.011872953,0.021905884,-0.024636619,0.018257929,0.07342135,-0.32923463,-0.2806498,0.4103721,-0.12506379,0.23498052,0.5265822,0.10682068,-0.012154479,-0.16496545,0.28157583,-0.056579392,-0.08265982,-0.24443349,-0.05907075,-0.3333579,-0.08120757,0.1343444,0.022484062,-0.38573655,-0.24457872,0.08591831,-0.24907123,-0.08749503,-0.6664414,0.070829146,-0.15471259,0.0715717,0.6622793,0.13299915,-1.6033111,0.052409057,-0.008645621,0.79775745,0.1761519,-0.23351179,0.3821659,-0.13881019,-0.21259174,0.6424651,-0.0015888887,0.20128192,0.31695902,-0.055725727,0.11850082,0.09216931,-0.065980494,-0.4336297,-0.2800002,-0.26490328,-0.18069834,-0.15597612,0.14110619,-0.5772403,0.0408887,0.3430049,-0.09060711,0.0014513263,-0.09420317,-0.7919893,0.038972057,-0.100886494,0.034690812,-0.14537182,-0.40727776,0.02700811,-0.030406175,0.07377069,0.015677381,-0.26491827,-0.14824301,-0.07709417,0.12472909,0.120944895,0.10467669
471,negative,-0.04305821,0.12073735,0.2343107,-0.16862062,-0.06425164,0.17259382,0.0012982411,0.30601913,-0.16091205,-0.15186252,0.02050581,-0.08180901,-0.0061566676,-0.0014830844,0.12288775,-0.16727088,0.07945422,0.12163645,-0.22747809,0.3532643,0.16745348,0.025943302,0.21266745,-0.3682977,0.3475214,-0.12177385,0.11434024,-0.25658113,0.036443062,0.020389006,-0.1699732,0.32035425,0.1482461,0.1885543,0.0037894652,0.14519729,-0.15632994,0.2960701,-0.022875281,-0.18512788,-0.15989177,0.078965515,-0.051197466,0.039312012,-0.20063312,-0.02435102,-0.064068295,-0.09916949,-0.024264235,-0.5659046,-0.0050960463,-0.29826784,0.18133032,0.5817131,-0.022450577,-1.931795,0.11457665,0.06848909,0.83262014,0.1733418,0.1404434,0.68907154,-0.30022767,-0.22003908,0.46304485,0.035865825,0.39386797,-0.016119504,0.04285658,-0.0564413,-0.029580578,-0.06620507,-0.19882219,-0.15179509,0.18942054,-0.04615811,0.1632797,0.12903538,-0.46617362,0.0959418,0.2716908,0.18462539,-0.2561678,0.033503007,-1.0272002,-0.14680187,-0.34757584,0.0056636943,-0.07694841,-0.24312536,0.088091336,-0.07914243,0.030505374,-0.0029682626,-0.55177087,0.00491902,-0.13652706,-0.125451,0.32018295,0.2304068
472,negative,0.03853377,0.50081885,0.25867712,-0.05183209,-0.0036948938,-0.024903597,-0.14777175,0.07097528,-0.13629836,-0.13829038,0.16881096,0.057001352,-0.085283644,-0.056932,0.02528543,-0.3771169,0.14390433,-0.03397129,-0.3540767,0.22670287,0.31540278,0.04650433,0.035397246,0.17372066,0.0802498,-0.019933337,-0.048156377,-0.26618457,-0.13810955,-0.15122628,0.058471076,0.5178769,-0.106394574,-0.0915869,-0.02794975,0.31303307,-0.08074335,0.20288582,-0.1624798,-0.08861196,-0.28979224,-0.16774341,0.020197796,-0.17368592,-0.02336587,0.106951565,-0.26411882,-0.20128915,-0.153495,-0.74111754,0.045967918,-0.20867467,0.14452592,0.82697093,-0.12584122,-1.8750143,-0.044831723,-0.19720776,1.5010715,0.23039518,0.1014549,0.27108476,-0.26164967,-0.13653962,0.33028084,0.168832,0.099268615,0.16253766,0.34129846,-0.17023428,0.038569443,-0.18440658,-0.2776034,-0.19860466,-0.022519965,0.030588577,-0.24835855,0.15526903,-0.674102,0.20205347,0.5064045,-0.0033493408,-0.20267281,-0.03881726,-1.1342565,-0.012270425,0.08882939,0.0006738122,-0.15797915,-0.2906413,0.15997939,-0.05113553,0.0892753,-0.18495232,-0.6553833,-0.026293533,0.25788593,-0.024462262,0.54876053,-0.024174813
474,negative,-0.021183467,0.14533287,0.32260397,-0.34222695,-0.2465665,-0.015519088,0.00062638393,0.14904943,-0.15784308,-0.33624208,-0.03427186,-0.07310745,0.01589677,0.09367026,0.039909568,-0.18264982,0.032764543,0.2337325,-0.36394694,0.52911246,0.13764052,-0.14459227,0.15979338,-0.20821658,0.35397837,-0.042190835,0.021509327,-0.34746838,0.050934352,0.0043204464,-0.21284886,0.39842054,-0.00693526,0.12090124,-0.032212973,0.18235841,-0.28296214,0.25247478,-0.049138386,-0.19332197,-0.23036985,0.14920056,-0.117805906,-0.06641551,-0.29321882,-0.032855924,-0.11361303,-0.16412532,-0.13747853,-0.73882437,-0.023258738,-0.27193007,0.11112148,0.58091253,0.015373392,-2.0179596,0.16696303,0.018718248,0.88495016,0.19197899,0.06264815,0.7121329,-0.26609212,-0.30401114,0.5945954,0.038883585,0.29660258,0.098489314,-0.05058664,-0.08452557,-0.019336006,-0.12376086,-0.22473016,-0.05571765,0.2615813,0.056893025,-0.04545006,0.016688257,-0.6143253,-0.023090348,0.24617255,0.3268426,-0.30794764,-0.040575724,-1.3084203,-0.21789528,-0.41335204,0.037998524,-0.2242931,-0.41837662,0.031529777,-0.16960064,0.1335194,0.031363416,-0.48024216,0.067198984,0.0077020423,-0.1971928,0.24236156,0.25177574
475,negative,0.006469363,0.38483432,0.27019492,-0.056834027,0.055672105,-0.13473773,-0.07814888,0.20950289,-0.17236714,0.23217985,0.19933304,0.076233834,-0.0008303921,-0.042269655,0.025820633,-0.45599106,-0.115481466,0.07224217,-0.30371284,0.23969522,0.39449346,-0.038407475,0.10395079,0.3948738,-0.025799697,-0.04893129,0.055931356,-0.16958189,-0.24708626,-0.23318373,-0.044031043,0.28990337,-0.095320255,-0.14501324,-0.04647075,0.2684225,-0.021175431,0.070934884,-0.033590596,0.07221106,-0.20866838,-0.35820842,-0.009370027,-0.02695061,0.123048276,-0.018577723,-0.079848,-0.3732117,-0.21324636,-0.8292,0.26640648,-0.17058322,0.17860544,0.98316073,-0.21493301,-1.858641,0.0693676,-0.41301456,1.5303445,0.102697715,0.06584659,0.2699348,-0.29511836,-0.048876345,0.2550228,0.25655407,0.06270984,-0.099493735,0.34579998,-0.23641795,0.026229665,-0.15969872,-0.30340725,-0.0064649754,0.05213336,0.094503365,-0.2154624,0.09978378,-0.7656406,0.119849116,0.59405833,0.2030436,-0.15727201,-0.0035794033,-1.1073548,-0.18640345,0.09359363,-0.10325433,0.027690839,-0.2488817,0.041671462,0.061035544,-0.10974679,-0.39734492,-0.62593246,0.0631346,0.28648734,0.0023950264,0.7555682,-0.1805356
476,neutral,-0.27705756,0.17273861,0.35972765,-0.38175157,0.0015527176,-0.15405743,-0.0768368,0.46419364,0.020873677,0.29775596,0.23604609,-0.028953657,0.3249095,-0.08703018,-0.11847027,-0.22645086,-0.23140042,-0.037671056,0.034265496,0.118339986,0.3067464,-0.01815727,0.5382391,0.010953256,0.05283899,0.19224557,-0.25147334,-0.06532733,0.23140316,0.04891947,0.025229797,-0.20012935,-0.1050582,-0.14518121,-0.2340554,0.007685095,0.035764128,0.056036197,0.07038191,-0.04956863,-0.25416258,-0.3253151,-0.081938416,-0.19876839,0.050725587,-0.045424215,-0.03733455,0.0461578,0.043167174,-0.5475127,-0.14651246,0.27106348,-0.007716614,0.6930453,-0.51599336,-1.2440032,-0.21035765,-0.29372254,0.99371696,0.25983447,-0.46213725,0.4846817,-0.18983416,-0.20481777,0.5480605,0.48500478,-0.043860193,-0.059198912,-0.28897202,-0.12517074,0.08642372,-0.13182347,0.22342432,-0.11068966,0.08162545,-0.047548637,0.5392441,-0.043572277,-0.4990537,-0.018036395,0.4046622,-0.22216904,-0.26214576,0.39780983,-0.17529835,-0.20809016,0.16814287,-0.06309921,0.090670295,-0.14055713,0.09217187,0.053777803,-0.12435501,-0.11388722,-0.42173502,0.23787703,-0.14869605,-0.25333747,0.27454048,-0.0922486
477,negative,-0.14147758,0.15099806,0.15464696,-0.069987856,-0.121871136,0.17792088,-0.07119714,0.16697188,0.11487505,0.012781713,-0.13996044,-0.018495101,0.1704826,0.041110836,0.15183915,-0.20348018,-0.025446318,-0.06936131,-0.39359337,0.12618645,0.22538939,0.13712986,0.008241646,0.015984012,-0.041263536,-0.09509385,0.05586066,-0.4208881,0.054653335,-0.15375885,-0.21765931,0.23967892,0.07647621,0.2840716,0.07469604,0.074945055,0.05770245,0.17350852,0.3357877,-0.20082535,-0.43874392,-0.0077814916,0.19883917,-0.21780911,0.3164088,-0.04355676,0.06595489,-0.050972514,-0.09978514,-0.4152438,0.16605562,-0.037999704,0.027654657,0.8019544,-0.013765819,-1.8062236,0.09297881,-0.3757957,1.3441427,0.27665576,-0.013371352,0.2723993,-0.1241349,-0.035683256,0.864956,0.15173821,0.047483474,0.081657365,0.113334395,-0.060380258,-0.27956542,-0.27812532,-0.13295595,-0.14840384,0.440065,0.17191042,0.13871418,-0.014819996,-0.62783873,-0.008399524,0.44463727,-0.14971307,-0.30745834,0.09756723,-0.96941566,-0.10838148,0.18822421,0.013646067,-0.0815657,-0.26803774,0.05700897,-0.10872083,0.11478241,-0.048204627,-0.35290796,0.14165516,-0.06436497,-0.12818387,0.34834692,-0.053707488
478,negative,0.1323292,0.32204962,0.19787158,0.0979523,-0.101438396,-0.61163765,-0.25698587,-0.2689875,-0.022143673,-0.18228032,-0.016329205,-0.05774837,0.13296105,-0.29562414,0.08192181,0.03297192,-0.20696174,0.032463983,0.017144632,0.12623057,0.48894903,-0.09326869,0.05582203,0.2517634,0.05332311,-0.1568878,-0.19900812,-0.20731884,-0.2724436,-0.02017545,-0.067246936,0.16042003,-0.2449925,-0.15294911,-0.120226525,0.16598547,0.3043143,-0.08640409,-0.011070064,-0.13019513,-0.26065114,-0.39449313,-0.18958864,-0.036694575,0.2033477,0.12931798,0.19900255,-0.038147274,0.10190596,-1.0000119,-0.1359092,0.005252986,-0.035357956,0.73703337,-0.01814918,-1.7220088,-0.1048644,-0.20707686,1.5075575,0.29703978,-0.010476618,0.17584597,-0.28199288,-0.0022972778,0.29553697,0.20632726,0.37279898,-0.1851328,0.590071,-0.053152584,0.023808287,0.028817626,-0.40683347,-0.053971384,-0.018512916,-0.123822376,-0.10030749,-0.016492452,-0.68066096,0.0603009,0.7600653,0.21032743,-0.49092552,0.05013261,-0.70198727,-0.43676117,-0.0042544603,-0.20448826,0.099312276,-0.25404233,0.049939353,0.14530101,-0.20755199,-0.20436266,-0.4658372,0.18547295,0.27035916,-0.20341359,0.4775726,0.14108
479,neutral,-0.077974476,0.2057927,0.38568416,0.091551624,-0.001827551,-0.012838213,-0.2850251,-0.021162221,0.002656101,0.0024657398,-0.16622594,-0.05996925,0.07305768,-0.116551556,-0.015202136,-0.07225088,-0.008280244,0.013971935,-0.31352383,-0.044103365,0.3269419,-0.10093494,0.14447303,-0.050381225,-0.033419885,-0.045415074,-0.18762597,-0.25626025,0.18507604,-0.09973093,0.12959097,0.3437407,-0.11482408,-0.05799775,-0.057452362,0.1389315,0.11781098,-0.17442809,-0.19252488,0.00683081,-0.48815635,-0.17005202,0.30797195,-0.13870083,-0.0072259107,-0.19259559,0.27689767,-0.04488032,-0.16173339,-0.55079126,0.1594476,-0.022590842,0.09825102,0.8763612,0.025167964,-1.7264344,0.16280511,-0.21758887,1.1393969,0.2518999,-0.20495895,0.21039823,-0.027766319,-0.035104297,0.49092138,0.14275236,0.045279346,0.3466891,-0.036002036,-0.1614088,0.12491906,-0.24562992,-0.35841197,-0.35265264,-0.051339917,0.019811234,-0.29536256,0.055573706,-0.7479718,0.004645614,0.3619871,-0.10601044,-0.10823577,-0.00924351,-0.9345365,-0.23936728,0.12113873,0.14987424,-0.05262145,-0.35731632,0.0014294618,0.014748662,-0.20756547,0.23358016,-0.45541632,0.064472795,0.12655404,-0.027461791,0.35246414,0.030188426
480,neutral,-0.19750956,-0.118852146,0.37884256,0.030346096,0.047243774,-0.37089193,-0.018917404,0.31541535,-0.08484609,-0.10586223,-0.1188338,0.038611513,0.019988861,0.15385866,0.0006236052,-0.08011064,-0.070500515,0.032587335,-0.33004853,-0.02218185,0.31739742,-0.26555362,-0.11123165,0.2107472,-0.052929014,-0.07916768,-0.057777606,-0.12483341,0.45468828,-0.12867147,-0.3044075,0.28940713,-0.13991639,-0.04412111,-0.03020512,0.10461801,-0.042501234,-0.12258778,-0.006552355,-0.17369612,-0.52362305,-0.26965937,0.41224462,-0.20163299,0.1712337,0.046719838,0.09107321,-0.033318058,-0.14671992,-0.5390761,0.2238786,-0.36779833,0.21300796,0.965312,-0.10940347,-2.206706,-0.19484974,-0.16349956,1.4369695,0.33346897,-0.14572942,0.3407522,0.09394021,-0.10528662,0.67032397,0.07467294,0.047126204,0.44377473,-0.1585631,-0.048010454,0.35219175,-0.54069215,-0.43536758,-0.55161977,0.1057193,-0.053117026,-0.30876794,-0.06462432,-0.631604,-0.03158286,0.66701734,-0.08368829,-0.38033187,0.1439778,-0.81802875,-0.17141816,0.1077632,-0.025579626,0.3823385,-0.3567402,0.016223393,0.13130912,-0.15793642,0.34221274,-0.3258503,0.195236,0.3612122,0.069442414,0.39008662,0.2872376
481,neutral,-0.41387072,-0.22670923,-0.012168627,0.09401645,-0.043903597,0.3428401,-0.11479704,0.31418237,0.28667876,0.61004275,-0.24612714,-0.1674602,0.28957745,0.16167566,-0.04134308,-0.17652982,-0.13423662,-0.4291111,-0.5702235,0.16250561,0.46326306,0.043980386,0.20199406,-0.14974314,0.1570245,-0.4687138,-0.21160561,-0.23950183,0.22984135,0.08887076,-0.14684694,-0.23955801,0.27957484,0.33799517,-0.3732843,0.05501096,0.4957106,-0.01400294,-0.18711482,0.02973472,-0.53686994,-0.089923374,0.25184947,-0.1191158,0.43149993,-0.041056536,0.24375884,0.10097782,-0.03267605,-0.17478175,0.11792836,0.18648787,0.21446879,0.7901964,-0.37341687,-1.5550109,-0.2552743,-0.28148663,1.5320348,0.2191285,-0.09249562,0.31549668,0.1838492,-0.52951396,0.5244063,-0.055853877,-0.41437304,0.08173642,-0.35449323,-0.025893731,-0.24832807,-0.65945596,-0.44144297,-0.4880724,0.10054927,0.20852853,0.4235367,0.33412564,-0.7092356,0.18612106,0.44401374,0.17530954,-0.3980727,0.22623159,-0.35289916,0.07289399,0.19731869,-0.11825148,0.1421712,-0.0062832423,0.23464072,-0.08707824,-0.23615582,0.27105695,-0.7648427,0.84090257,0.19329797,0.22530505,0.5767561,0.38572806
482,neutral,-0.26227513,0.2248636,0.12670085,-0.15269236,-0.04850868,0.01281517,-0.023415465,0.17418042,-0.022101061,0.20952679,0.18651035,-0.10572879,0.21098863,0.11780361,0.14927661,-0.11482094,0.17133468,0.056709018,-0.138538,0.26436162,0.28494292,-0.16215408,-0.0249369,0.06354688,0.010772103,-0.040070135,0.009882008,-0.15734412,0.0024301754,-0.11320668,0.021434285,0.3040532,-0.10174174,-0.04876935,0.053070884,0.16510764,-0.03815239,0.09487586,0.08447684,-0.07796034,-0.038012248,-0.18160537,-0.0671388,-0.14760043,0.032230627,-0.009225571,-0.096682094,-0.21200533,-0.22026,-0.47621375,0.14226615,0.019556114,0.036246948,0.69615984,-0.04216705,-1.4587227,0.010602708,-0.089234546,1.3392267,0.29904127,-0.028478935,0.36442652,-0.16033123,0.20572291,0.4240031,0.08647919,0.0060002063,0.018217156,0.37546185,-0.00284668,-0.0012077149,-0.15572941,0.106623046,-0.1937679,0.106340386,-0.03930765,0.06865122,0.046178065,-0.6861457,-0.09243892,0.368403,-0.019673139,-0.18805952,-0.04767694,-0.8909351,-0.014989801,0.09217001,-0.18360755,-0.04520966,0.03018351,-0.10349539,0.0996399,0.024824854,-0.017340107,-0.31326294,-0.03178883,0.056568176,-0.18127337,0.41164944,-0.09823899
483,positive,-0.040704425,0.37013453,0.28952274,-0.17371182,0.083459765,0.41098222,-0.16385813,0.018925741,0.021657063,-0.12965946,-0.025542576,-0.010088255,0.22230923,0.12537453,0.043310124,-0.21934003,-0.06488071,0.113800064,-0.39421365,0.2646624,0.09976157,-0.15631603,-0.07522418,-0.048338234,0.25124076,0.3942219,-0.09273985,-0.35306862,0.25901598,-0.28566664,0.24234793,0.38207507,0.049067885,-0.08528863,-0.023537327,0.13205759,-0.017879326,0.18404414,0.116502784,-0.17920588,-0.15872484,-0.22695087,0.08329289,-0.45424527,-0.1880117,0.023390913,0.021965474,-0.10738895,-0.093276985,-0.5791441,0.037051197,-0.05467139,0.30933654,0.73653007,-0.028857851,-1.3719094,0.081132255,-0.12998015,0.99041605,0.10469591,0.17061694,0.58126754,-0.39558777,-0.10797054,0.29523003,0.13782147,0.2470736,0.14018302,0.18444909,-0.500206,0.07503948,0.00257083,-0.050687224,-0.3633151,0.25223053,0.14645773,-0.021824492,-0.18905453,-0.27009672,0.03750788,0.23885517,0.093415186,-0.34291658,0.050027255,-0.91928446,-0.1333044,0.17487597,0.048850387,-0.25192913,-0.13008435,-0.13265848,0.040337283,0.14633699,-0.0029206623,-0.35715425,-0.13438216,-0.048793662,-0.3557744,0.34674963,0.1587199
484,neutral,0.10045594,0.5589776,0.0063441107,-0.06783406,-0.26047653,0.08699239,0.07103006,0.013735134,-0.15079807,0.32622036,-0.19079255,-0.14641616,0.24957725,0.12696236,0.27010682,-0.40348876,0.31288478,0.17631936,-0.20997307,0.512855,0.007995047,-0.3420378,0.16859896,0.12357025,-0.037836768,-0.21018869,0.0077468553,-0.531828,-0.0052009393,-0.026628658,0.07754454,0.7475167,0.22007234,-0.14593363,0.042617574,0.04182173,-0.050444312,-0.04669786,0.15191577,0.14684916,-0.26243576,-0.11017576,0.01498597,-0.33604306,0.17734815,0.0824079,0.047876645,-0.08601337,-0.29586038,-0.5959355,-0.13119566,0.0031326239,0.15420263,0.7852938,-0.12204834,-2.0789237,-0.21162519,-0.2388369,1.4580935,0.3034354,0.04783956,0.59473556,-0.04337025,0.17660011,0.80498606,0.0006570403,0.182119,-0.031317446,0.16386059,0.13653831,-0.4697701,-0.2082848,-0.0054163868,-0.0024844692,-0.1075898,0.06250329,-0.120613195,-0.08301013,-0.8919137,-0.34819385,0.1751586,-0.091903165,-0.26987988,-0.22708574,-1.1125172,-0.111190505,-0.07050851,-0.4574175,0.1838528,0.18429618,-0.29482877,0.033175744,0.23844026,0.34694088,-0.5793086,0.037261058,-0.2096752,-0.48103258,0.5878115,-0.07192235
485,positive,-0.114166334,0.2596008,0.38249707,-0.33098608,-0.25225377,0.4604163,-0.045030914,0.31850117,0.028072929,-0.11072091,0.18827607,0.07646313,-0.09005834,0.0013473125,0.08544098,0.06352721,-0.41935283,0.326315,-0.11657534,-0.4189443,0.38977286,0.3428468,-0.1568106,-0.4930395,0.3745758,0.026612176,-0.41668603,0.03096246,0.6449466,-0.30293778,-0.10857361,0.34734812,0.19674131,0.18730173,0.11152864,0.30430168,-0.09168374,-0.08219874,0.3951147,-0.24715935,0.25824273,-0.27250096,-0.45398185,-0.36274073,-0.120115094,0.021997193,-0.15823777,0.04371343,-0.12044917,-0.8566337,-0.07045883,-0.2655191,0.13508923,0.48294652,-0.21074216,-1.6380574,0.10525506,0.16991778,0.85586387,0.2039345,0.1162528,0.8520572,-0.0070735654,0.15077841,0.2744031,-0.20543668,0.9101177,0.2029351,-0.09380443,-0.45435157,0.04960581,0.10875107,0.1391459,-0.14134495,-0.07117064,0.36585072,-0.107339576,-0.20817825,0.20348231,-0.098952256,-0.18955688,-0.27883032,0.035703417,-0.14543062,-0.8988537,-0.45517725,0.13545828,-0.27270412,-0.13071996,0.05118883,0.2627599,-0.15882823,-0.12519845,0.128634,-0.099817194,-0.15352072,0.12173752,-0.1339314,0.49401528,0.24806719
488,neutral,-0.06036231,-0.12645207,0.107385784,-0.32534507,-0.07792046,0.34609902,0.1686066,0.34999338,-0.2297358,0.021572843,0.003948643,-0.056258444,0.12180251,0.22537413,0.080844186,-0.12172854,0.32799396,-0.0107427975,-0.31158018,0.32089043,0.15159428,-0.0007378607,0.07246395,-0.17573692,0.5429437,-0.13537002,0.1559579,-0.31387055,0.13522798,-0.056289822,-0.16296194,0.14752324,0.22431113,0.16430382,0.13326903,0.18498188,0.13009533,0.21085522,0.16619317,-0.032249488,0.027010145,-0.17136827,-0.031249529,0.12733755,0.021162618,0.015829138,-0.25207782,-0.18431802,0.26276,-0.46913803,0.0712903,-0.05929727,-0.020541407,0.7541428,0.08063638,-1.5248859,-0.23961508,0.028154036,0.7622129,0.10589097,0.052237406,0.44713503,-0.24074309,0.0031294592,0.46457332,-0.15479527,0.41528943,0.2377943,-0.12539436,0.1306763,-0.11379898,-0.18274307,-0.22619276,-0.31071728,0.31600764,-0.16543628,0.22294886,0.119760126,-0.16260749,0.2141425,0.29878688,-0.0009495837,-0.19514294,-0.025952477,-0.55589277,-0.2477084,0.17040947,0.23670256,0.041466326,-0.06594259,0.25512627,0.022861166,0.06611042,-0.018143684,-0.26279265,0.08391595,-0.26678595,0.11801228,0.1389561,0.08533168
489,negative,-0.1409178,0.39134967,0.25422966,-0.07001206,0.05918125,0.16092274,-0.23126872,-0.08392283,0.18448503,0.09443124,0.07004808,-0.012408634,0.24337143,-0.11100112,-0.06852444,-0.15557703,0.056696065,0.13654843,-0.28331912,-0.13940342,0.17932028,-0.118491665,0.24384491,-0.20963733,0.23343128,0.01852738,-0.050116908,-0.11444009,0.17047137,-0.22613515,0.015723994,0.14827754,-0.10671145,-0.29296157,-0.018892424,-0.013539951,-0.0055371993,0.0028026039,-0.05188679,-0.13161555,-0.38295344,-0.12790963,-0.14035997,-0.13047925,-0.032374103,0.044023454,0.34847984,0.1526134,-0.070753045,-0.41049743,-0.12299096,0.23923147,0.08999925,0.8159997,-0.02298173,-1.4246796,-0.112890884,-0.032851033,1.1640512,0.24951607,-0.098527595,0.5439643,-0.11902076,-0.21668468,0.53871334,0.12332377,0.30702084,-0.084691346,0.07326028,-0.33345798,0.23268196,-0.30312577,-0.13287248,-0.14217035,0.24363014,-0.11610749,-0.10909473,-0.010512946,-0.5599034,0.34447545,0.24104367,0.13434954,-0.31227538,0.33833072,-0.6355905,0.11185469,-0.13907474,-0.06823294,-0.07021306,-0.24619712,0.14376691,0.010765731,-0.11162086,-0.033766128,-0.2595869,-0.15448508,-0.058805846,-0.30198956,0.30361858,0.19639833
490,neutral,-0.15645275,0.15241486,0.25251213,-0.08644072,0.2485998,0.32210678,-0.065028146,0.15461582,-0.110162035,0.19795395,0.061340343,0.091071725,0.12865177,-0.047126874,-0.032355085,-0.097658865,0.2985465,-0.14659525,-0.34675384,0.044759084,0.27756557,0.25815073,0.24389029,-0.2359838,0.028400041,-0.21344669,-0.0145316245,-0.3407819,0.19055341,-0.015207643,-0.035467792,0.4634202,0.1678821,0.13650109,0.04985836,0.10935634,0.11549942,0.30048195,-0.13009104,-0.22790901,-0.47343007,-0.20311315,0.36274138,-0.033400677,0.064504534,-0.14078678,0.07907844,-0.12464836,-0.077962086,-0.4532344,0.08414001,-0.22468427,0.1508403,0.90697306,0.012491456,-2.0419834,-0.10962724,0.079542845,1.2609432,0.3506376,-0.19148068,0.35345024,-0.3437812,-0.1925377,0.59321123,0.036754288,0.3169382,0.2615257,-0.031477068,0.021302031,0.20395306,-0.207255,-0.26340866,-0.5385847,0.11993119,-0.1648555,0.16007033,0.2971038,-0.6090051,0.036191683,0.60246253,-0.13513348,-0.106695324,0.0494957,-0.92209923,0.06641441,-0.034692504,0.14707415,0.15540469,-0.26316217,0.2078166,-0.090712845,-0.26488778,0.21155764,-0.5671941,-0.17194377,-0.23018332,-0.030905569,0.35960457,0.258236
