row_id,ground_truth,glove_f0,glove_f1,glove_f2,glove_f3,glove_f4,glove_f5,glove_f6,glove_f7,glove_f8,glove_f9,glove_f10,glove_f11,glove_f12,glove_f13,glove_f14,glove_f15,glove_f16,glove_f17,glove_f18,glove_f19,glove_f20,glove_f21,glove_f22,glove_f23,glove_f24,glove_f25,glove_f26,glove_f27,glove_f28,glove_f29,glove_f30,glove_f31,glove_f32,glove_f33,glove_f34,glove_f35,glove_f36,glove_f37,glove_f38,glove_f39,glove_f40,glove_f41,glove_f42,glove_f43,glove_f44,glove_f45,glove_f46,glove_f47,glove_f48,glove_f49,glove_f50,glove_f51,glove_f52,glove_f53,glove_f54,glove_f55,glove_f56,glove_f57,glove_f58,glove_f59,glove_f60,glove_f61,glove_f62,glove_f63,glove_f64,glove_f65,glove_f66,glove_f67,glove_f68,glove_f69,glove_f70,glove_f71,glove_f72,glove_f73,glove_f74,glove_f75,glove_f76,glove_f77,glove_f78,glove_f79,glove_f80,glove_f81,glove_f82,glove_f83,glove_f84,glove_f85,glove_f86,glove_f87,glove_f88,glove_f89,glove_f90,glove_f91,glove_f92,glove_f93,glove_f94,glove_f95,glove_f96,glove_f97,glove_f98,glove_f99
0,negative,0.02517686,0.24385044,0.31644675,-0.038512725,0.024417542,0.027704824,-0.21312214,0.05127586,0.14397839,0.019590849,0.04348123,0.014922551,-0.054823942,0.24108714,-0.053992238,-0.017713502,0.038576484,-0.23158096,-0.4237661,0.2957289,0.2692349,0.19288209,0.24242148,0.09614395,0.052834824,-0.3237767,-0.0483591,-0.1930283,0.37878373,-0.09055622,-0.15665427,0.04655879,-0.103667654,-0.12383647,0.18635894,0.05879293,0.21576418,0.0072928974,-0.1512847,-0.21566987,-0.52749974,-0.14306065,0.29704657,-0.15162931,0.19693117,-0.14537811,0.4832844,-0.046669032,0.005536342,-0.49982277,0.060181748,0.20873213,-0.04133527,0.8159871,-0.25041416,-1.8109382,-0.041215654,-0.13773206,1.1879927,0.47708964,0.009394459,0.4351014,-0.03470285,-0.2918796,0.6436832,0.090926595,-0.23512302,0.39866835,0.05618512,-0.058106814,0.12947255,-0.45995042,-0.38100216,-0.19968475,0.17174488,0.058432613,-0.10143054,-0.016433723,-0.63242114,0.08729217,0.6526924,-0.08431253,-0.3397823,0.15409061,-0.94862604,-0.20342928,-0.19418287,0.03539709,-0.19566463,-0.27276638,-0.044360258,-0.06182562,-0.022979394,0.056784593,-0.43681753,0.17432773,-0.24011487,-0.03172873,0.3569504,0.0116991615
1,negative,-0.19257694,0.21316919,0.28140593,-0.33312142,0.06465358,-0.0713849,-0.25300664,-0.11430381,-0.07084163,0.10439483,0.059634104,0.104491726,-0.0050978586,-0.11718698,-0.044320848,0.028932849,-0.023046846,-0.02465311,0.045561224,-0.2138392,0.19948317,-0.15546574,0.036823492,-0.0081200255,0.16878684,0.045138173,-0.24677259,-0.26952967,0.04755444,-0.17371047,0.030782552,0.12804744,0.033207577,-0.044175174,-0.0036354272,0.13644668,-0.09283147,0.044525933,0.027965756,0.10501641,-0.26758522,-0.1563085,0.31523773,-0.2644007,-0.030232223,0.012892389,0.09093857,-0.0614236,-0.14038512,-0.4530283,0.14253879,-0.028884778,-0.0996836,0.92726064,0.14442213,-2.0272112,0.13636549,-0.04481843,1.2269764,0.49206716,-0.10232683,0.22869134,-0.18098623,0.0241776,0.57928747,-0.0678268,0.21056189,0.2581186,0.28094396,-0.19944847,0.1902184,-0.3065429,-0.45966914,0.030231668,-0.022510737,-0.023538068,-0.17325343,0.09397047,-0.6604736,0.18392901,0.7373058,-0.07646542,-0.15020928,-0.12760046,-0.87190425,-0.34987396,0.05895667,0.011069231,-0.14536868,-0.36996362,0.05380826,0.13429649,-0.24661906,0.098257266,-0.27281883,-0.10843426,0.2508874,0.0008830823,0.5516919,-0.17683409
2,negative,0.02022374,0.3674025,0.51264846,-0.045216788,-0.042521995,-0.016685283,-0.18667984,-0.14065675,0.18671213,0.23161906,0.008252795,0.022922011,0.19967793,-0.016608149,-0.048489433,-0.11856865,0.080091804,0.12984662,-0.45862153,0.3416034,0.3550234,-0.060238376,-0.004962983,0.015242331,0.14923297,0.23545097,-0.1550624,-0.18632266,0.29573178,-0.022271551,0.02817653,0.33994293,0.0082887765,-0.12478469,0.016532613,0.06130009,0.045011293,-0.024633475,0.05578667,-0.17089088,-0.4827152,-0.0317201,0.039151352,-0.24037763,0.039478887,-0.17039257,-0.0003090226,-0.12744121,-0.30170423,-0.4938487,0.03570464,0.06758923,0.10222396,0.9255288,-0.17562348,-1.6005523,0.18610893,-0.16300514,1.1011468,0.2762633,0.020752143,0.452593,-0.19845451,-0.17900902,0.6846385,0.20231071,0.24049152,0.28616986,0.006723608,-0.18736719,0.17653571,-0.32609785,-0.17168462,0.113867074,0.07663034,0.022841072,0.013252936,-0.06940695,-0.7535665,0.24030569,0.604154,0.14388107,-0.26302385,0.17220093,-1.0389923,-0.12360477,-0.07250316,-0.00800912,-0.041789144,-0.29089308,-0.06667455,-0.17349122,0.13107999,-0.017728547,-0.44106543,-0.0911607,-0.25924444,-0.2127754,0.21080866,-0.11458143
4,negative,0.048361916,0.016869972,0.5646499,-0.2535914,-0.32454,0.25348416,-0.1307384,0.04402181,0.17513537,-0.029988315,0.19680896,0.1078773,0.065608405,0.010591803,0.10474674,-0.011736114,-0.059638623,0.16387397,-0.21713707,0.36514744,0.30644062,0.16822784,-0.13164434,-0.28640684,0.097675934,0.22777964,-0.3528576,-0.26132214,0.018069966,-0.05493578,-0.06488586,0.4238157,0.02564217,-0.15502399,0.008495113,0.08135146,-0.2866993,-0.040752914,0.10245611,-0.19408013,-0.32281652,0.030870486,0.2532033,-0.21280913,-0.3777105,-0.063801326,0.16526647,-0.14693297,-0.2992249,-0.79064196,0.23237942,-0.02708016,0.06355175,0.90938485,-0.12807222,-2.0514703,0.09128551,0.1409603,1.3533078,0.23087855,-0.18466045,0.7131514,-0.41430807,-0.16421382,0.7137163,-0.027997587,0.56420517,0.29236642,-0.09306908,-0.28258336,-0.032623563,-0.3149908,-0.021509152,-0.24567014,0.11481121,0.2542924,-0.06885075,-0.042984366,-0.56320375,0.004770066,0.5024976,0.00016030055,-0.3315062,0.008796513,-1.329348,-0.111173175,-0.09781318,-0.12576632,-0.26883635,-0.4966422,-0.08021627,-0.10652409,-0.041442495,-0.04997065,-0.44279608,0.014597237,-0.1760628,-0.19886404,0.34932733,0.27596676
6,negative,-0.0033093542,0.07762417,0.3214918,-0.17343584,0.1011299,-0.09292087,-0.20200272,0.2540071,0.08102195,0.41612852,0.5428902,0.24977389,0.23283161,0.11221659,0.16384085,-0.11386039,-0.019100228,0.13054775,-0.31322995,0.32791868,0.3175318,-0.011671078,0.12608923,-0.015636673,0.3675271,0.12714763,-0.24203256,-0.039221298,-0.013996787,0.123395145,-0.11682901,0.020442337,0.24578717,0.36138013,-0.007951016,0.0106314225,-0.04126846,0.0032545547,0.43307832,-0.06528344,-0.357826,-0.11966844,-0.013564343,0.16509628,0.55133355,0.1985029,0.04613438,0.22286993,0.20349711,-0.21437117,-0.22512922,0.10907728,0.19819865,0.9021826,-0.07592127,-1.7466673,-0.3241799,0.20460825,1.1865679,0.4935781,-0.14227808,0.6994512,-0.022375563,0.2223508,0.134646,0.090715535,0.29478064,0.05399409,-0.23858753,-0.06988589,-0.20633823,-0.13136628,0.013374998,-0.11455583,0.081090316,-0.2747935,0.3510675,0.14638251,-0.40499142,0.26237854,0.5651637,0.007454073,-0.2388495,0.0029911187,-0.30877665,-0.40144473,0.06823671,-0.06478953,0.110318445,0.01619847,0.26334366,-0.008370851,0.052486025,-0.08239394,-0.23667336,0.21087441,-0.076610245,-0.17425378,0.22847185,-0.22814076
7,negative,0.21478601,0.17016125,-0.31373176,0.0313753,0.106933184,0.22617413,-0.61122245,0.41840896,-0.0843413,0.47635368,0.090133645,-0.0659331,0.31427717,0.37741336,-0.44925964,0.0656591,-0.20540138,-0.2668322,-0.5432539,-0.28483745,0.8395457,0.0057082525,0.2659986,-0.21368991,0.24600963,-0.36462602,0.06936406,0.08339691,0.5624879,0.15611869,-0.26314628,0.21205416,-0.004987053,0.15166393,-0.138564,0.27034897,0.26922724,-0.02276749,-0.19927342,-0.19298488,-0.5845094,-0.1403924,0.33828875,-0.014637494,0.7345502,-0.3090319,-0.078452066,-0.046523064,0.04879538,-0.2764214,0.4509117,-0.08557723,0.27240264,0.8611704,-0.56613326,-1.6991129,-0.44668606,-0.18597716,1.3414029,0.07148395,-0.31687748,0.33505788,-0.19456768,-0.32132906,0.16801566,-0.01241042,-0.12774423,0.11396486,0.104971506,-0.050418526,-0.28830007,-0.29366103,-0.41303462,-0.691348,0.19629166,0.21600552,0.89930165,0.036938325,-0.98618376,0.07812811,0.663462,-0.28090987,0.020369943,-0.067207165,-0.893541,-0.13556741,0.2155212,-0.017925365,0.11317021,-0.04272167,0.28624648,-0.18157679,0.0037528272,0.08699189,-0.54166496,0.2960571,0.012669272,0.4173955,0.30880198,0.00014366287
8,negative,-0.05894788,0.015387918,0.25246656,-0.118322656,-0.012325837,0.17908378,-0.17944361,0.13369589,0.10094362,0.085549146,-0.049460087,-0.006380691,0.024300683,0.0131085375,-0.05371884,-0.08511896,0.15964702,0.12377487,-0.2508444,-0.0059066033,0.25778612,0.05781448,0.06739927,0.0022573785,0.01752917,-0.018214472,-0.20933437,-0.32021305,0.031503074,-0.040195756,0.069510125,0.31754637,0.079478666,-0.0571815,0.040678088,0.14412048,-0.013645874,0.01276828,0.02985343,0.041954845,-0.15229264,-0.26576018,-0.065983176,-0.114666566,0.011689826,0.021437066,0.1101676,-0.15978898,-0.06646216,-0.53728336,-0.09554326,-0.14367577,-0.008103047,0.6223873,0.03427368,-1.3672973,-0.034051735,0.12484534,1.0477631,0.22494192,-0.16044845,0.31320155,-0.13721667,-0.065780535,0.3618992,0.060570706,0.26458064,0.053463127,0.06300399,0.033630192,0.12996075,-0.24251471,-0.12797678,-0.27768797,-0.0126212435,-0.06072329,0.028357644,0.05178612,-0.54609823,-0.12882599,0.26628295,0.06957676,-0.095786504,0.13149633,-0.71484727,-0.03394864,-0.07109945,-0.07600217,-0.0038356963,-0.36461398,0.14476016,-0.05729535,-0.07149794,0.014825062,-0.28209984,-0.02995771,-0.028598761,-0.16773674,0.37891302,0.13639617
9,neutral,0.0924448,0.28298855,0.30074978,-0.15486206,-0.24756628,0.30235842,-0.18657902,0.050596558,0.19531393,0.17010838,0.02124615,0.08258663,0.39099574,-0.059130155,-0.036167473,0.042641748,-0.1470572,0.036601067,-0.55025387,0.3689048,0.19556811,-0.117112026,-0.057495717,-0.061260577,-0.03042275,-0.16424355,-0.026963424,-0.37043515,0.4023562,0.14652723,-0.08390189,0.32815942,0.08114418,0.16874927,-0.005146386,0.0049156114,-0.03499853,0.047638007,0.065844,-0.34954345,-0.44743183,-0.04286093,0.2244817,-0.32904804,-0.25928918,-0.26547766,0.29059958,-0.26169908,-0.10776346,-0.5628244,0.048978087,-0.14536484,0.104574904,0.55056334,-0.3389495,-1.169234,-0.022360366,-0.07403158,1.0584714,0.20220844,-0.4846585,0.3885794,-0.2005418,-0.18765174,0.4026914,0.18349381,0.19170001,0.2790135,-0.28341296,0.3294659,-0.009480599,-0.31219143,-0.37929097,-0.143548,-0.20054558,0.2533044,0.2914609,0.18373579,-0.53964347,-0.016802471,0.5023013,-0.13036102,-0.0437756,0.03897061,-0.7155449,-0.20814349,-0.07811765,0.19483273,0.017489128,-0.215263,0.041464437,-0.20816968,-0.1854486,-0.10640776,-0.42813948,0.047364153,-0.058747567,0.061203558,0.13756312,0.26858297
10,negative,-0.021206422,0.18992765,0.44097507,-0.40882197,-0.1612685,0.23377468,-0.017675752,0.17180258,0.013085675,-0.22500391,0.16041344,0.023866111,0.32090393,-0.092909515,0.20716803,-0.19803709,-0.05678909,-0.03675647,-0.2254075,0.39267024,0.5496538,0.055930194,0.14041243,0.10313859,0.20483895,-0.0971025,-0.17829198,-0.24987563,0.22250324,-0.013763522,0.06356477,0.40556663,0.008192706,-0.24717392,-0.15610367,0.15862976,-0.08097521,0.21498962,0.0048707775,-0.10467131,-0.23978847,-0.15945458,0.07094017,-0.24220799,0.009207636,-0.1701759,0.28999892,-0.22587387,-0.005183779,-0.87851167,0.0044670496,-0.14144766,0.1751974,0.89763886,-0.2906572,-2.5700278,-0.09477084,0.047920108,1.5977932,0.5756377,-0.07191731,0.9429754,-0.57220215,-0.19825433,0.5354117,-0.016660465,0.52923256,0.23080662,0.080197625,0.011361182,-0.13395989,-0.21401414,-0.16055267,-0.031915236,0.115661606,0.19229144,-0.017397016,0.030955303,-0.76124036,-0.10652634,0.5327379,-0.063180506,-0.4085118,0.13092913,-1.2319454,-0.4125632,-0.062440723,-0.063377954,-0.22645785,-0.43235096,0.24491966,-0.048037183,-0.07980483,0.055220235,-0.57054,0.104354896,-0.06224834,-0.2376739,0.4309292,0.18821022
11,negative,0.060246937,0.14951144,0.5746396,0.1577133,-0.0648384,0.029472608,-0.11419759,-0.014456572,-0.121925764,0.34485552,-0.06489383,0.2808921,0.20748302,0.19872534,-0.20360713,-0.000345917,-0.04265357,-0.09773535,-0.35508892,0.32368,0.08755506,0.21139477,0.1497521,0.068024255,-0.10178915,-0.042052202,-0.14248596,-0.1777305,0.20380543,0.064284295,-0.2097424,0.33715722,-0.20636235,-0.35860595,0.06342698,0.042781357,0.015758915,-0.06258398,0.07186683,0.017305862,-0.22476985,-0.31183073,0.19738777,-0.24635309,0.11160148,-0.2801177,0.1862565,-0.098030105,0.055488363,-0.48096362,0.3038636,0.009655406,-0.025225746,0.8953111,-0.19010702,-1.970639,0.14953506,-0.045510717,1.3732764,0.40201166,-0.18096071,0.67314667,-0.32756376,0.052076012,0.6781863,0.021160439,0.18388452,0.22027515,0.07653917,0.047490854,-0.09404004,-0.3312516,-0.03648404,0.09652106,0.1254975,0.008874459,-0.029419944,0.3190002,-0.64737844,0.06293176,0.7347662,-0.053890027,-0.3126644,-0.019902078,-1.3720052,-0.18139786,-0.27851915,0.040811013,-0.1732694,-0.31975925,0.017481046,-0.076983266,-0.21469505,0.11220952,-0.23352543,0.18281467,-0.23408698,-0.13584638,0.34656537,0.10654892
12,neutral,-0.12814435,0.10320359,0.26359606,0.006637767,-0.1754586,-0.36665773,-0.48237124,-0.157058,0.030379144,0.096699655,-0.15289527,0.037780177,0.18002582,-0.06322954,-0.1484031,-0.26635197,-0.13598539,-0.10975362,-0.25976744,-0.10036931,0.06335301,-0.12627704,-0.13092807,0.13235955,-0.26744068,0.035970196,0.0011777021,-0.31863454,0.016167136,-0.057447523,-0.060790315,0.3844148,-0.22475654,-0.09133625,-0.24852537,0.09494758,0.173121,-0.038548596,-0.2713046,-0.031198435,-0.41987208,-0.28191206,0.100267425,-0.121952035,0.11828241,-0.01573861,0.23872581,-0.18422262,-0.3596555,-0.75220835,0.060153157,0.021971654,-0.017581057,0.8108044,0.10736598,-1.8232076,0.24184583,-0.50248355,1.3558733,0.33519378,-0.11764001,0.15558931,-0.21057726,-0.07927384,0.62237704,0.1336325,-0.07002839,0.21604586,0.23661703,-0.3017674,0.22357707,-0.32528305,-0.3623451,-0.2988689,0.12763421,0.03310358,-0.1942552,0.15661961,-0.67717385,0.111431815,0.7279637,0.06017706,-0.24542238,0.1468375,-0.95727146,-0.03431961,0.08567103,0.09706759,-0.27603352,-0.48416024,-0.2840891,0.0029409686,-0.22713785,-0.3108386,-0.37777153,0.30196455,0.29994243,-0.23151875,0.4968929,0.1064111
13,negative,-0.29141816,-0.0031589912,0.07259022,0.10537381,-0.12958576,-0.60456926,-0.21584687,-0.08631714,-0.039824784,0.21943828,0.121062286,-0.10768503,0.053966478,-0.2788557,0.121234305,-0.36518726,-0.15757072,-0.1183353,-0.31077427,0.08133021,0.4717843,0.028592793,0.1376467,0.2232999,-0.12531988,0.21223626,-0.22912055,-0.34397724,0.42603892,-0.13054949,0.049377132,0.37064236,-0.11233322,-0.0031355913,0.0030150458,0.29505515,0.2083461,-0.2169096,0.018472454,-0.017326364,-0.4920225,-0.3015386,-0.06179828,0.112987496,0.1836136,-0.105535835,0.6527063,-0.35441703,0.14131682,-0.9221957,0.20388532,0.15163551,0.18520325,0.9793887,0.12358306,-1.7313355,0.22183478,-0.052426413,1.4321333,0.16411161,0.045705613,0.37651867,-0.072837085,0.046734594,0.3074404,0.47746804,-0.0441663,-0.15415177,0.37712654,-0.18251316,0.44516468,-0.5396147,-0.12547381,-0.24658225,0.3000065,-0.059213758,-0.053273153,-0.09973184,-0.34240377,-0.047353435,0.5243444,-0.06622368,-0.45718503,-0.060673468,-0.7345329,-0.08892899,0.264243,0.10917845,0.15995055,-0.0657638,-0.0031901563,0.21037468,-0.302638,-0.002174274,-0.5163737,-0.13146338,0.12168001,0.10595938,0.47084025,0.11967966
14,neutral,0.06322355,0.46734175,0.46039248,-0.5846208,0.039563496,-0.081351124,-0.16786218,0.33823192,0.058538962,0.0068671596,0.49334303,0.07141797,0.41751948,0.10483638,-0.2866569,-0.07239115,-0.16200964,0.2581555,-0.5915477,0.4313964,0.51367974,0.4014007,0.20551617,-0.26923448,0.086385176,0.14128095,-0.6140283,-0.18295039,0.23607874,0.1386973,-0.3562976,0.66153,0.15516156,0.052049324,0.17448708,0.18223038,-0.33088294,0.070402086,-0.09006734,-0.017732356,-0.083214395,0.11076161,-0.10353412,-0.4346729,-0.3841277,-0.50883514,0.6578185,-0.40387157,0.11269373,-0.9463464,-0.15824096,0.12825185,0.18975528,0.9537375,-0.11841501,-2.480875,0.028994916,0.35161856,1.4027823,0.4532727,-0.3256432,0.21823817,-0.24163996,-0.061635826,0.88850194,0.4096969,0.6381802,0.15338038,-0.34720656,0.085834526,0.3707837,-0.14020114,-0.20475428,-0.37816092,0.28441885,0.16044503,-0.17769618,-0.0517141,-0.5071236,0.16942286,0.5429238,0.19501573,-0.70266694,-0.027071705,-1.4001436,-0.10814904,-0.00553626,0.19862904,-0.17148037,-0.51159185,-0.05677909,0.051484134,-0.20715755,-0.2600117,-0.5735467,0.10426264,0.01477846,-0.19225791,0.27342895,0.41522852
15,negative,0.026780915,0.19937508,0.3307065,-0.27622938,-0.19727854,0.34427276,-0.4213103,0.17335832,0.13686748,-0.18769613,-0.06717802,0.04713719,0.04727913,0.06724017,0.11502963,0.044698566,0.19551384,0.2350714,-0.46781254,0.33948678,0.13726552,0.038300302,0.089793384,-0.10325355,0.077626325,0.10372048,-0.11846867,-0.50419205,0.11455619,-0.0788535,-0.023838278,0.42902064,0.080614634,0.004903799,-0.12056689,0.11260251,-0.15299101,0.16524258,0.08088626,-0.2817725,-0.33333015,-0.043677773,-0.15084314,-0.40334606,-0.19804706,-0.01455998,0.010807687,-0.037202455,-0.2390914,-0.5275495,0.01766721,-0.027858676,0.1941749,0.82243437,-0.20728867,-1.534032,0.18905693,0.09178061,1.1994904,0.41521344,-0.04909741,0.5104299,-0.34840393,-0.18365707,0.6895494,0.26323155,0.2584777,0.2319062,0.16566627,-0.21844372,0.05469599,-0.24811698,-0.08368308,-0.3097376,0.063004844,0.083831236,-0.2886813,-0.02087191,-0.6192231,-0.16601714,0.33054435,0.08960861,-0.022413358,0.072197594,-1.2718604,-0.08482983,-0.006630115,0.01116777,-0.28290427,-0.44606677,0.11424089,-0.2307773,0.036799565,0.14222969,-0.2985617,0.012520531,-0.09912287,-0.42187485,0.29390407,-0.0026462453
16,neutral,-0.14933053,0.23885107,0.33093727,0.11065499,0.07490183,-0.18353197,-0.23407106,-0.0092151025,0.17125186,-0.12431739,-0.13215384,-0.16139065,0.11795173,-0.0038273248,0.08856852,-0.17102218,0.108827814,0.014418387,-0.31291687,-0.12201668,0.18487868,-0.11619166,-0.0092110885,0.108880095,0.009513409,-0.17791262,-0.039849143,-0.13863209,0.11554455,0.0065499153,-0.21516265,0.13712272,0.025124583,0.09561147,-0.04086306,0.115986444,0.20761335,0.2783843,-0.27401295,-0.14606628,-0.4829738,-0.2784812,0.22830556,-0.12963144,0.21374752,0.083087586,0.40437737,-0.13504983,-0.16812107,-0.5325522,-0.088958144,0.033168588,0.0046167946,0.82208383,-0.111799404,-1.856742,0.02497053,-0.16099644,1.3973746,0.30978018,-0.36713994,0.5151439,-0.20608172,-0.14305966,0.59194213,-0.121836476,-0.10855711,0.16702816,0.13403055,-0.06333812,0.0066555897,-0.35877293,-0.22199288,-0.36711907,0.0052084685,-0.12719475,0.012965539,-0.066256836,-0.63181895,-0.001202588,0.3138262,0.0829513,-0.41068926,0.2854017,-1.0771964,-0.060745295,-0.044715382,-0.15799968,-0.02521748,-0.43858522,0.026341112,0.099589534,-0.15393916,-0.045966603,-0.2800951,0.10921626,-0.07167602,-0.014196873,0.5773114,-0.010003855
17,neutral,-0.15758763,0.36569166,0.23825485,-0.036097948,-0.10881699,-0.14680783,-0.14598311,0.04805364,0.2447013,0.27771237,-0.10000943,-0.026645241,0.1688964,0.10071169,0.031919956,-0.21967502,-0.15659398,-0.03872252,-0.42587295,0.066910066,0.03505456,-0.05358192,0.21638453,-0.078418516,-0.027844736,0.023595644,-0.14087842,-0.13812324,0.07901103,0.14918005,-0.12209182,0.2538213,-0.11117819,0.075128436,0.06576736,0.09400341,0.012703397,-0.14097448,-0.06482795,-0.123125754,-0.49103615,-0.1252543,0.046899594,-0.28215227,0.38703275,-0.10868832,0.28911555,0.036676656,-0.26153678,-0.42112863,0.043306056,-0.08221388,0.14713907,0.8516353,-0.1202012,-1.5216161,-0.091400124,-0.31113872,1.2741446,0.08810564,-0.06527562,0.3185692,-0.08205902,0.0025828497,0.763279,0.07725203,0.23558198,-0.07127651,0.019577958,-0.3100401,0.08546572,-0.34289545,-0.1386518,-0.3152299,0.14723034,0.11375785,-0.03509751,0.13252038,-0.69112504,0.2512979,0.64159566,0.030476084,-0.41969743,0.21199383,-0.8972871,0.11412433,0.2627617,0.14948054,-0.008894657,-0.23264112,0.17405912,-0.22215372,0.007253351,-0.05117948,-0.44092155,0.1365882,-0.12315855,-0.27429384,0.50096256,0.095866226
18,neutral,-0.16721793,0.21872127,0.18669897,-0.10226554,0.042016126,0.06406349,-0.15993689,-0.08857846,0.12002566,0.005354785,0.09138843,-0.097676724,0.24245507,-0.06235708,0.09873182,-0.27984256,0.16413271,0.13076085,-0.22526768,0.19302756,0.10639045,0.04181434,-0.07267558,-0.06512591,0.09689153,0.06945082,-0.04353267,-0.22409149,0.02429079,-0.0477238,-0.088439874,0.31080604,-0.112589836,-0.012007195,0.051664814,0.20014048,-0.007036853,0.18339007,0.04001062,-0.23979552,-0.1864214,-0.08350533,-0.048794165,-0.2758912,-0.1540898,-0.11871848,0.042854358,0.010852488,0.012046419,-0.43733045,0.11590867,0.010913855,0.1540616,0.69551253,0.048176438,-1.6022253,0.08930885,0.041402563,1.1907485,0.3080903,-0.04536457,0.5469688,-0.20209916,-0.15401042,0.6040231,0.14605023,0.3527359,0.1275925,0.23109008,-0.036945034,0.13611,-0.14378653,-0.06686238,-0.31864014,-0.037515555,-0.013046295,-0.007363544,-0.06964767,-0.54683244,-0.036857255,0.35023525,-0.04004964,-0.27994964,0.050958537,-0.93073225,-0.004595117,-0.03128393,-0.021971077,-0.08745179,-0.23811768,0.053039227,0.12003435,0.17263164,-0.030224232,-0.30238003,-0.062017705,-0.110133655,-0.25106275,0.24245107,0.18770151
19,neutral,-0.2691859,-0.21097001,0.39858297,-0.3807053,-0.01618427,0.21043308,0.18539412,0.1530012,-0.1883445,-0.2775653,0.14086236,-0.22080469,-0.35767385,0.1418249,0.40013027,0.25923833,0.27794176,0.18502645,-0.1585626,0.5384669,0.34275112,-0.2597816,-0.114668705,0.14722818,0.4652624,-0.020081716,-0.0126055395,-0.16214204,0.28009796,0.41748738,-0.15548117,0.31830555,0.18280843,0.33973932,-0.21972415,0.015369314,-0.19349001,0.40326107,0.16877395,-0.36055574,0.17159814,0.20152827,-0.069013394,0.24431531,-0.18168722,-0.020376561,-0.37483466,-0.36964574,0.18213342,-0.7232926,0.09905917,-0.263537,0.28152242,0.29271206,0.118356265,-1.793083,-0.031413235,-0.24080615,0.16138668,0.59893817,-0.2126538,0.70361465,-0.24566042,-0.053871885,0.45516467,-0.3301213,0.44824275,0.29151165,-0.10792228,0.19499002,-0.34767157,0.1503799,-0.18183288,0.19276169,-0.025805732,0.3836342,0.043218207,0.060583264,-0.31000552,-0.26424584,-0.11694993,0.19096324,-0.16838905,-0.33109257,-0.8315721,-0.02087924,-0.15231927,-0.42623323,0.020302542,0.08110408,-0.44506317,-0.081504025,-0.24008797,-0.0016023327,-0.110889874,-0.0050779367,-0.10376405,-0.06395205,-0.112044506,0.14331254
21,neutral,-0.26509252,0.020268142,0.6055621,0.04191433,0.24280186,0.004347315,-0.04981698,0.41604045,-0.424204,-0.0003054665,-0.20869377,-0.20645976,0.16333,0.012786936,-0.1783242,-0.34943274,0.17262235,0.07394119,-0.7124219,-0.153929,0.17712016,-0.30212408,0.4397099,-0.20093168,-0.19641899,-0.30617312,-0.01242374,-0.25270107,0.38231888,0.1543688,-0.008714893,0.35616097,-0.14313607,-0.040622417,-0.12321905,0.20142263,0.096083134,-0.1093706,-0.081608266,-0.0490206,-0.70740664,-0.22884807,0.5259014,-0.42132404,-0.008915682,-0.3362682,0.033713978,-0.33380407,-0.26212806,-0.35324687,0.084268615,-0.27822107,0.13375774,0.8391629,-0.13118938,-1.9013308,-0.22165067,0.08018116,1.5165156,0.3206856,-0.13486637,0.23055749,0.096830994,-0.1472939,0.5489546,0.09675889,0.0281327,0.549412,-0.044604037,-0.052288495,0.26055014,-0.21091501,-0.32207575,-0.51030254,0.087657265,-0.05350065,-0.29012474,-0.29858902,-0.59724694,-0.27077267,0.36361095,-0.1458284,-0.1594025,-0.12108155,-1.0155641,-0.017902385,0.25010026,0.2888177,0.34074986,-0.41854033,0.34658554,-0.10214224,-0.34055158,0.37083817,-0.5672157,0.20734718,0.23435058,-0.35000405,0.57063633,-0.091898836
22,neutral,-0.10509338,0.31936726,0.18560754,-0.1664106,0.24340989,0.025767803,-0.22996402,-0.19917591,-0.1882833,0.18767707,-0.25167412,-0.17067891,0.18981239,-0.08018233,-0.36952457,0.2365685,0.14593028,-0.2574609,-0.4905589,-0.32657295,0.48272672,-0.06071983,0.34743977,-0.010575742,0.081859484,-0.027493568,-0.24160886,-0.2668399,0.4620962,0.11034237,-0.07320998,0.23817925,-0.11460202,0.29764155,-0.13793443,-0.016609402,0.15449858,0.14169374,-0.10954077,0.15798315,-0.8352785,-0.4906157,0.23725477,0.0797313,0.06320127,-0.7063906,0.1810135,-0.005490032,-0.03009088,-0.6057525,0.1378123,-0.08248332,0.24246028,0.8217533,-0.08319949,-1.9628572,-0.14124818,-0.085986584,1.4937853,0.20899731,-0.47139814,0.2544263,-0.1052733,-0.41442785,0.378799,0.10849435,0.022233555,0.23828007,0.0378256,0.19644395,0.24131785,-0.26751655,-0.66034734,-0.4610956,-0.055036396,0.23009518,0.2922071,0.12746654,-0.8755542,-0.004632066,0.7074714,0.09162776,-0.115764976,0.09540966,-0.6836712,-0.06714197,0.03755867,0.36587903,0.17477134,-0.46425822,0.15530111,-0.20756133,-0.176564,0.20377727,-0.7791454,0.0032324325,-0.040826216,-0.03192357,0.4709969,0.43401754
24,neutral,-0.18241486,0.04379351,0.14695248,-0.19228086,-0.14596678,-0.071041174,-0.10995809,-0.05050053,0.11871019,0.022632627,0.03808387,0.043481484,0.1420607,0.0014383631,0.07683998,-0.011348983,-0.13969171,-0.07580413,-0.35002258,0.17889501,0.21139383,-0.110179655,-0.022242289,-0.28663358,-0.08894516,0.10170919,-0.09366384,-0.0983779,0.09920237,-0.07969314,-0.065256834,0.18070354,0.024420457,0.047129534,-0.116941005,0.22779518,0.011728544,0.06413965,0.01966624,-0.11541471,-0.38947102,0.06654685,0.17923872,-0.103265524,-0.08874363,-0.27812645,0.14025481,-0.050858725,-0.109609045,-0.5645023,0.019934712,0.069513194,0.22964539,0.6185662,-0.24345142,-1.433406,0.12765978,-0.03820876,0.76545495,0.257399,-0.15265457,0.4077214,-0.17827655,-0.30576646,0.40847147,-0.025873026,0.25952634,0.32886413,-0.2142158,-0.103298575,0.1379355,-0.26088503,-0.15785578,-0.5390058,0.055723067,0.17325395,0.019468121,-0.07284115,-0.58991104,-0.030482396,0.38204893,-0.25676775,-0.23454902,-0.14329374,-0.9162879,-0.177473,0.06681842,0.04719105,-0.031213174,-0.27075076,-0.066953056,0.039885316,-0.10459754,0.009230643,-0.28965056,0.02291437,-0.17182806,-0.29443568,0.10587987,0.17212658
25,negative,-0.110241465,0.10976476,0.13271138,-0.13475637,0.055252373,-0.074550286,-0.00585503,0.049519718,0.111677825,0.2092267,0.11719065,0.098913506,0.1259904,0.07667082,-0.031660132,-0.035992805,0.0577414,0.0482028,-0.54445916,0.19105358,0.16064058,-0.18460305,0.09234137,-0.15730801,-0.0269578,0.26028797,-0.08457415,-0.2891857,0.19244592,-0.10979941,-0.07413775,0.30879322,-0.12628928,0.03603247,-0.08812926,0.056962203,0.026948078,-0.050250456,-0.1353494,-0.22028238,-0.2907899,0.045159124,0.11792888,-0.20710385,-0.045933705,-0.16176222,0.17918634,-0.17687213,-0.04753721,-0.64704597,-0.053172685,0.024429522,0.10957619,0.8241176,0.013734545,-1.6238661,-0.094274454,-0.0008773624,1.093489,0.10768851,-0.07328624,0.426852,-0.14466429,-0.20581503,0.58326536,0.10044555,0.12197711,0.27358654,-0.011238718,-0.18397032,0.16092081,-0.2631989,-0.34982106,-0.23361363,-0.049240485,0.07182165,-0.1069257,-0.121497005,-0.5548828,0.0015546464,0.4986111,-0.069419235,-0.36632043,0.08997201,-0.83209956,0.00014503357,0.22259803,0.14751527,-0.16685478,-0.072832614,-0.06272075,0.033622663,-0.23041807,-0.08633143,-0.41784072,-0.12346825,0.085459724,-0.08088361,0.11996184,0.13556987
26,negative,-0.13161555,0.05235466,0.24124303,0.093610406,0.024426276,-0.17199317,-0.035472315,-0.04919806,0.19360797,0.36279777,-0.09219128,-0.049489174,0.12378131,0.052610528,-0.10270853,-2.2967482e-05,0.038265325,-0.13683484,-0.3799877,-0.09715731,0.1336884,-0.13293526,-0.041494943,-0.12850016,0.078000076,-0.11325122,-0.067530975,-0.04579181,0.08583668,-0.06649713,-0.10714902,0.07674049,-0.23468843,0.011126136,-0.16748786,-0.09063902,0.21093835,-0.0208124,-0.033734534,-0.010841475,-0.4363375,-0.09422382,0.22288865,-0.12934877,-0.017866373,-0.12471505,0.36230266,0.013101493,-0.21065794,-0.4136062,0.009634809,0.10690276,-0.025671914,0.7692372,0.052768942,-1.4969741,0.095114134,-0.1983208,1.0095304,0.18065685,-0.10058366,0.28399855,-0.06106061,-0.19188021,0.5935275,-0.018457789,0.17200492,0.010820519,0.14616658,-0.10586867,0.16033028,-0.19466236,-0.15627801,-0.2196467,-0.07398424,-0.025402047,-0.07295773,-0.008387277,-0.6999793,0.16481858,0.52413934,0.1545439,-0.13676338,0.21407284,-0.6317857,0.11825604,-0.001309996,0.015786001,-0.0693681,-0.35879052,-0.09070939,0.12717704,-0.18297583,0.0047864546,-0.25249302,0.014677145,0.17014301,-0.115395814,0.2986083,0.35497034
27,neutral,-0.19445172,0.24029408,0.11024982,-0.0056728474,-0.0033921192,0.06687649,-0.0733769,-0.33060247,-0.033116773,0.4384051,-0.011202044,-0.12297886,0.18774813,0.08125593,-0.05027136,0.034591578,-0.10470962,-0.15383565,-0.24478449,0.012128546,0.38610503,-0.27057767,0.17058927,-0.18696763,-0.0485749,0.05658353,-0.1868952,-0.31300926,0.18687561,-0.018435765,0.013825189,0.23755792,-0.15123926,-0.11316176,0.22293343,-0.008763535,-0.037024524,-0.17696783,0.15101773,-0.07556612,-0.23906346,-0.017113917,0.09252826,-0.18935786,0.059812117,-0.18836355,0.19240525,0.07459996,-0.1754113,-0.36927804,0.060115755,0.09353453,0.08347317,0.89542407,0.15556328,-1.554854,0.04213284,-0.06448822,1.2120203,0.38713932,-0.039654557,0.42089334,-0.007316756,-0.23836698,0.6317731,0.14638391,0.19703694,0.11107184,0.09303091,0.11535223,0.14641897,-0.3483024,-0.2510365,-0.12063156,0.0008535396,-0.21780773,-0.06191248,0.035424992,-0.6436775,0.106619135,0.5401934,-0.06413121,-0.22026278,0.087056756,-0.9757862,0.18418254,0.027923418,0.014682393,-0.14566539,-0.24605635,0.022313936,-0.08380705,-0.11662816,0.20809327,-0.2756882,-0.19540997,-0.08908215,-0.25268623,0.39347735,0.1750231
28,neutral,-0.19942005,0.13350397,0.099722885,0.0031679997,0.012798003,0.018088304,-0.30545646,0.110813096,0.007595494,0.37776896,-0.09676478,-0.10430774,0.2855639,0.0013109759,-0.10340615,0.028060786,0.26904607,-0.09123612,-0.39105034,-0.112193115,0.13722672,-0.20886734,0.14829192,-0.1104717,-0.20763512,-0.12437356,-0.15128568,-0.21611315,0.061454147,-0.052516572,0.16520666,0.15905721,-0.13809812,-0.0876304,-0.10926547,0.13028136,-0.02482652,-0.047423527,-0.1188014,-0.02381963,-0.5814861,-0.08298325,0.17542946,-0.15847562,0.06850254,-0.23602974,0.284324,-0.10677131,-0.12627774,-0.57371914,0.13049915,-0.008540266,0.032533586,0.87262785,-0.06414463,-1.70676,0.1734932,-0.27269778,1.3617461,0.28121015,-0.14349848,0.25399143,-0.01918186,-0.055268712,0.50614333,-0.0018498005,-0.083011046,0.2699039,0.07120549,0.10726272,0.30152556,-0.2715293,-0.31138209,-0.33606693,0.022689618,-0.05499104,-0.16349451,0.1032723,-0.85123014,-0.040495235,0.5528851,-0.047900237,-0.14907867,0.011129432,-0.8485641,-0.10496138,0.16137144,0.22714528,0.091903284,-0.32013845,0.059062187,-0.06780223,-0.1453252,0.024600202,-0.35715476,-0.006791534,-0.04342806,-0.22316152,0.29321867,0.050705034
29,neutral,-0.23792382,0.07999312,0.2078381,-0.083932035,-0.048181325,-0.14884512,-0.028001161,-0.13001429,0.13148895,0.17263724,-0.039527267,0.025126705,0.12389676,-0.16770382,0.04626743,-0.1798279,0.03429117,0.030143615,-0.16892423,0.113260925,0.26469627,-0.123723745,0.1766304,-0.20322394,-0.037057474,-0.083674006,-0.07100157,-0.20562576,0.09826926,-0.07946954,0.05177064,0.38136867,-0.2070383,-0.09371739,0.013470179,-0.054297514,0.16520558,0.11283827,-0.11420016,-0.12762478,-0.40413707,-0.017874457,0.14259772,-0.23282811,-0.055479884,-0.2831463,0.2680323,-0.12357067,-0.15414923,-0.4783894,0.15465593,-0.06486293,0.13133094,0.7656382,0.18666233,-1.7326101,0.16701993,-0.011573161,1.0216068,0.3660906,-0.062421422,0.31903774,-0.24405992,-0.116471246,0.61575186,0.19534865,0.26870534,0.22103484,0.04597716,0.01968137,0.16374604,-0.14781453,-0.19646518,-0.24171317,0.026618123,-0.09773727,-0.15401988,-0.026669087,-0.6535117,0.0889261,0.45190793,-0.0020613433,-0.36101115,0.047308724,-0.94556564,0.10740231,0.18175142,0.0121080605,-0.031256694,-0.37540388,0.050053507,0.040946092,0.025638249,-0.038052198,-0.18009561,0.11674648,0.031049322,-0.21355924,0.31465653,0.19875968
30,neutral,-0.10014481,0.05826708,0.1698359,0.08054518,0.15807757,-0.026604444,-0.12087076,-0.068986066,-0.11690362,0.14869185,0.07394231,-0.06310094,0.044090353,0.05858505,0.005790718,-0.18385416,0.09698699,-0.17015396,-0.41759193,-0.010442181,0.12137687,-0.14072801,0.2553941,-0.0961507,-0.09170182,0.025329048,-0.16356288,-0.08649701,0.45257753,0.072599426,0.2126464,0.3911776,0.11001124,-0.11485697,-0.22260502,0.116926655,0.09505466,0.06720006,-0.3591402,-0.24771295,-0.36752877,-0.052531302,0.46217808,-0.1647749,0.20324723,-0.19716176,0.12604411,-0.11629272,-0.07076927,-0.15840578,-0.27424765,0.09162144,0.13938107,0.7561651,-0.08498516,-1.2924312,-0.20389146,0.20225239,0.9514128,0.23043638,-0.22179587,0.07578698,-0.082052395,-0.21077566,0.40581462,0.017318863,0.040039524,0.15734333,-0.06835547,0.13860998,0.16247977,-0.006959048,-0.3697946,-0.46123564,-0.24575457,-0.15983649,-0.012424677,0.23790324,-0.6811332,0.14304179,0.48954096,-0.11645118,-0.23018372,0.03647553,-0.5534674,-0.06286588,0.14990382,0.22749887,0.108068384,-0.7116466,0.25279015,-0.14788797,-0.27274004,0.2765971,-0.6188715,-0.16196358,-0.060410883,-0.32867038,0.05255315,-0.12433356
31,neutral,-0.19189255,0.08347061,0.2560318,-0.0735108,0.11180402,-0.13259195,-0.1770901,-0.0454829,-0.021778893,0.16775209,0.048566937,-0.08571852,0.21025613,-0.046768002,-0.07607165,0.045453813,0.27902043,-0.12109909,-0.40953255,0.03882265,0.06441086,-0.20832223,0.10390436,-0.101845406,-0.2550739,-0.23214121,-0.093632884,-0.17937541,0.14967357,0.04731916,0.14404808,0.26982796,-0.26530257,-0.1451865,-0.092465654,0.14676972,0.07771255,-0.01455862,-0.19056422,-0.06352539,-0.48270196,-0.069770455,0.13250223,-0.11670391,-0.0073025743,-0.38671914,0.20389669,-0.270067,-0.26930562,-0.5934393,0.31193876,0.016664447,0.19578363,0.84319144,0.021792023,-1.7084868,0.02249213,-0.22915763,1.3002096,0.29609025,-0.13450086,0.3506561,-0.13875337,-0.18924722,0.6025458,-0.0037651723,0.034716204,0.4051861,0.0040372983,-0.012854585,0.25481692,-0.12056009,-0.22175637,-0.41385594,0.058534697,-0.05597152,-0.22071627,0.0975186,-0.8703677,-0.06353191,0.5108092,0.011136527,-0.22229972,-0.12229525,-1.0269612,-0.07310203,0.25111958,0.1659348,0.039417267,-0.18741806,-0.033073712,-0.1017668,-0.20924364,0.007875375,-0.29846886,0.00035405706,-0.09863068,-0.32331705,0.29020983,0.11986118
32,negative,-0.035865445,0.25250393,0.2097207,0.0022125936,-0.14126511,0.26829404,-0.1589066,0.013578747,0.20960817,0.17758475,-0.0346578,0.07956789,0.2946724,0.111857235,0.08871127,-0.21286838,0.06815508,0.031321924,-0.40145096,0.33631346,0.2764763,-0.17659032,0.20538765,-0.08244553,-0.05575431,-0.06035084,-0.078905396,-0.3783799,0.013495215,0.020367473,-0.044578217,0.28829736,-0.018858174,-0.01887846,0.04446459,0.031628612,-0.12584074,0.15547577,-0.03279232,-0.08896592,-0.36808145,-0.04936552,0.024565367,-0.24651372,-0.0060049756,-0.019476151,0.24425459,-0.0204241,-0.12085369,-0.525927,0.11900246,-0.093690366,0.038951974,0.8450298,-0.1262501,-1.7294747,-0.0024331938,-0.22953166,1.2895792,0.3466557,-0.13888034,0.6704237,-0.105741285,-0.13948472,0.65178984,-0.030378185,0.31597766,0.10052663,0.0619766,-0.10428981,-0.073958874,-0.37819847,0.0052523473,-0.14370799,0.26716882,0.14416243,0.036000248,-0.101927966,-0.630902,-0.061288465,0.28417608,0.07465648,-0.16004033,0.028734805,-1.1804159,-0.09845825,-0.04235026,-0.106821254,-0.079866946,-0.29912257,-0.074098505,-0.02767829,-0.031609707,0.046166513,-0.3147376,0.040375452,-0.25656217,-0.23437558,0.27189004,0.0056483974
33,neutral,-0.11210422,0.22199139,0.77289987,0.14090617,0.023559423,-0.085806385,-0.013555639,0.25230682,-0.14072475,-0.22895487,-0.14665033,-0.21320114,0.24650525,-0.093317024,0.078161426,-0.052509956,-0.14784475,-0.0055316463,-0.26645446,-0.16679758,0.17540674,0.08811435,0.044518787,-0.099491045,-0.020916246,0.04596353,-0.0027041968,-0.15128973,0.35029078,-0.17063662,0.06012511,0.11825917,0.0055129984,-0.0025354044,0.08650403,0.20278786,-0.042486545,0.100416526,-0.29461545,0.024899583,-0.688845,-0.28587177,0.20276806,-0.19718541,-0.08668711,0.0473893,0.39036435,0.020351697,-0.13442563,-0.5092526,-0.16394079,0.06778733,-0.24648605,0.6575396,-0.12795563,-2.0562239,-0.22054617,-0.10273643,1.1742592,0.21503593,-0.36035103,0.799747,-0.13142297,-0.6026726,0.5100334,-0.019747917,-0.18172994,0.06597249,0.16306739,-0.27025717,0.13582335,-0.34263068,-0.29901004,-0.27972406,0.004321109,-0.22873285,-0.05333776,-0.106846236,-0.4855173,0.108605154,0.32446146,0.113411434,-0.22368819,-0.06321665,-0.68141043,-0.08188987,-0.21671127,0.050050788,0.18487056,-0.27439234,0.19521287,-0.010102739,-0.03986133,-0.16503006,-0.5403646,0.22354454,-0.2380509,-0.12907864,0.46754092,0.38122502
35,neutral,-0.22621498,0.1034453,0.040210124,-0.13900605,0.0701843,0.4276565,0.15341575,0.34363103,-0.05249292,-0.007643992,0.024181977,0.036443744,-0.1869981,-0.07197526,0.1966497,-0.08044902,0.08367986,0.15210298,0.0354213,0.25396317,0.17309344,0.15669149,0.21480925,-0.13434543,0.3353703,0.010826153,0.06697397,-0.1346259,-0.031017479,-0.06038882,-0.18153337,0.3309435,0.21453144,0.15607096,0.061995327,0.22930084,0.041882746,0.28432804,0.07613795,-0.26791373,-0.026494376,-0.25533468,-0.021106126,-0.046303857,0.059037633,0.100387186,0.012566079,-0.040765468,0.07438067,-0.5819863,-0.12556909,-0.21110721,0.052540064,0.6521424,-0.035766575,-1.6837332,-0.060407776,-0.090871185,0.71505076,0.09746997,0.014065001,0.5499032,-0.39055353,-0.09041484,0.39437798,-0.1724623,0.48614526,-0.29783514,0.0075830016,-0.12872207,-0.0611083,0.08545011,-0.008424844,-0.1766399,0.035381023,-0.014744047,0.24617323,0.020013496,0.12994011,0.3695605,0.3592624,-0.3121566,-0.147949,0.20706637,-0.6201824,-0.20428033,-0.083424315,0.07409737,0.2726302,-0.07005182,-0.07558746,0.036014725,-0.38815168,-0.17067762,-0.4563804,-0.27956152,-0.15210313,-0.004787075,0.49677664,0.16778626
36,neutral,-0.0734392,0.056205124,0.036532175,-0.22464176,0.049923107,0.055326015,-0.11247603,-0.14003606,0.29513538,0.18440446,0.043619324,-0.072158225,0.14800233,-0.3699532,0.19109233,0.06720405,-0.23984654,0.22964707,0.041235954,0.20269611,0.097067244,-0.16855967,-0.0070203207,-0.28232256,0.22398676,0.17551315,0.19738652,0.16333687,0.07129069,-0.1333041,0.17598492,0.16237485,0.058795325,0.025103213,0.22803444,0.05123587,-0.09124764,0.075375736,0.04842014,-0.18903923,0.061982937,0.12258255,-0.09493588,-0.027215749,-0.109143116,-0.22405873,0.31180117,0.04420419,0.02428109,-0.48823428,0.033676725,-0.121657655,0.06836909,0.6185028,0.10920836,-1.6624287,-0.19362065,-0.089840025,0.83940977,0.10824969,-0.037334494,0.7143411,0.049807616,-0.14007458,0.5270448,-0.07978714,0.40296033,-0.10035201,-0.080521196,0.076792724,0.273389,-0.3135333,-0.20982072,-0.11075864,-0.25013727,0.04096708,-0.025278253,0.0059494986,-0.4689673,0.14210981,0.4233849,-0.084119834,-0.10219282,0.07093329,-1.0243664,-0.15881352,-0.24800445,0.03984753,-0.21757577,-0.2352791,0.035395186,0.25024956,0.11278841,-0.16696694,-0.014873844,-0.1693859,0.006644194,-0.020488447,0.32760692,0.4875171
37,neutral,-0.025820855,0.13935576,0.32878637,0.05614109,-0.17342277,-0.32151523,-0.37610596,-0.0125358505,-0.13700856,-0.06952977,-0.12661326,0.089845285,-0.11197949,-0.08485064,0.25843143,-0.09595718,-0.3073479,0.08145186,-0.1549712,-0.071951225,0.39573103,-0.008167802,0.06978132,0.062013537,0.1596207,-0.13137285,-0.0986173,-0.43758228,-0.14398876,-0.04498868,-0.1726586,0.30548367,-0.06946337,0.021161381,-0.02855037,0.15308525,0.08994002,0.07512165,-0.13407588,-0.16525371,-0.35935655,-0.3491139,-0.042214114,-0.081416644,0.076241836,-0.16111508,0.24083559,-0.17973287,-0.2588212,-0.8457581,0.1766379,-0.11422244,-0.1428438,0.92223704,0.053937886,-2.1842766,0.0226162,-0.20183882,1.5194037,0.3033802,-0.016546005,0.3693216,-0.054246314,0.04516137,0.52959037,-0.05625867,0.17825529,-0.03351046,0.38136294,-0.09437046,0.14521974,-0.15757532,-0.16595294,-0.08458716,0.06076334,-0.109467015,-0.11627917,0.09448272,-0.45719784,-0.094302215,0.55288666,0.1834917,-0.37059087,-0.087481976,-0.96909034,-0.35627565,0.07359085,-0.1060189,-0.050184473,-0.41137144,-0.2143052,0.16906454,-0.22493446,-0.18269578,-0.4967402,0.0321858,0.12461421,-0.27791262,0.5248719,0.082938306
38,neutral,-0.2927618,0.13460115,0.07788281,-0.41085052,-0.15724334,0.25836152,0.23775783,0.10392442,0.01351585,-0.23300675,-0.064776875,0.11733666,-0.25194728,0.046539124,0.10020371,-0.057228364,0.008469525,0.35548896,-0.043654118,0.49038357,0.12672172,-0.053234212,0.12815161,0.2630942,0.33927345,0.21756297,-0.11389327,-0.21713977,-0.04483611,-0.13247034,-0.2592743,0.46661517,-0.006094937,0.02540296,0.034869663,0.33830026,-0.057187684,0.20528914,0.08812142,-0.3280383,-0.06866621,-0.3264324,-0.11488434,-0.27008975,0.051069055,0.15633158,-0.026709832,-0.11589169,-0.05832962,-0.8783618,-0.2234309,-0.11837547,-0.13647942,0.69037896,0.019604733,-1.6875538,-0.07166227,-0.26310283,0.735958,0.08581513,-0.18620583,0.5100407,-0.38457474,-0.15712929,0.57439905,-0.28448486,0.37635985,-0.26565537,-0.16750811,-0.21599653,-0.061796922,0.075008355,0.055487677,-0.030945614,0.06875236,0.17414431,-0.05410414,-0.22792149,0.21864866,0.32548165,0.36605582,-0.35492253,-0.173195,0.1814763,-0.85882664,-0.35470727,-0.044326313,0.16627371,0.22417806,-0.26403552,-0.2615294,-0.049605317,-0.45217168,-0.20784654,-0.28393123,-0.33588988,0.07881196,-0.05621239,0.46666992,0.16811523
39,negative,0.0554558,0.18706876,0.25179347,-0.3096584,-0.007851281,-0.10755306,-0.24241468,0.010891855,-0.16622676,0.13260655,0.05813254,-0.016061025,0.20118551,-0.058851708,0.0011891847,-0.039494503,0.15144083,0.10738845,-0.28592128,-0.04436596,0.1306253,-0.040448952,0.11069264,-0.121119395,0.039080616,0.11732881,-0.13972989,-0.28557986,-0.04630761,-0.07088969,0.069555745,0.24229077,-0.14968953,-0.09300771,-0.04446634,0.045674134,-0.11734578,0.09270765,0.048158485,-0.090968676,-0.21509665,-0.21563889,0.19617288,-0.08499283,0.018883461,-0.0974354,0.033627525,-0.07411269,-0.1698843,-0.53650683,-0.08696167,0.033337053,-0.02560222,0.86050874,-0.0031620143,-1.7359018,0.026320867,-0.23166914,1.1929203,0.3038631,-0.0124169,0.27960172,-0.19833401,-0.06373613,0.5684714,0.016166478,0.25953227,0.13001612,0.14627624,0.03452809,0.15426095,-0.17682044,-0.13899781,-0.26815915,0.003274864,-0.100321345,-0.2138937,0.03839333,-0.6181828,0.059363168,0.49201328,-0.010704258,-0.13725927,0.05279434,-0.77050316,-0.1516218,-0.016610965,0.077028476,0.10248313,-0.32029378,-0.017928766,-0.1775394,-0.025693966,-0.05954474,-0.29281306,-0.073523864,-0.10227261,-0.2988502,0.3999754,0.12619972
40,negative,0.31578067,-0.07022947,0.47574833,-0.19841658,-0.094377466,0.17101994,0.04757982,0.33467132,0.02318753,0.035737503,0.4211348,0.47195077,-0.19672832,-0.31412837,0.29559436,-0.53209776,-0.021011315,0.2961545,-0.34832636,0.11823648,0.53227735,0.07361526,-0.08532768,0.04319633,0.12169681,0.12455743,-0.028782569,-0.16875784,-0.23653436,-0.27115965,-0.07159026,0.39770827,-0.022645062,-0.15607947,-0.17707753,0.30778274,-0.074541986,-0.10884706,-0.0029056116,0.00074813067,-0.053694665,-0.19199711,0.014034276,-0.044705424,-0.0969877,0.004395188,-0.069744535,-0.24421738,-0.14994973,-0.60183704,-0.019580405,-0.14087333,0.44448686,0.519591,-0.22782509,-1.7624222,0.059992317,-0.12737226,1.4747974,0.11710382,0.11222857,0.26803237,-0.21052717,-0.016630502,-0.003078738,-0.056015603,0.097185634,0.10641229,0.070561685,-0.24027903,-0.23321502,-0.27837676,-0.12296581,0.014725396,0.019162305,-0.016591636,-0.21250954,0.15477721,-0.45182434,0.121357694,0.5606001,0.18033351,-0.27175555,-0.2659161,-0.94192296,-0.15337855,0.19985469,-0.089971684,-0.21944222,-0.2198721,0.044844035,0.03708524,-0.21339409,-0.18424465,-0.5792251,0.17550342,0.28654853,-0.055051297,0.59498304,-0.4453726
42,negative,-0.036348373,0.18683478,0.34632313,-0.13701493,0.014592575,-0.040966958,-0.19022274,0.06942289,0.008695059,0.15014443,0.030973,-0.00793257,0.17132896,-0.08147666,-0.0065099695,-0.06028077,0.037419997,-0.014033535,-0.33161423,-0.0467495,0.3362263,0.021234082,0.11320995,-0.06864387,0.11502662,0.1020357,-0.15279768,-0.1280563,0.2168034,-0.052432634,0.017111175,0.24854831,-0.004311865,-0.12256854,0.01484291,-0.003101269,-0.063271254,0.0077788397,-0.010304565,-0.092144966,-0.26431012,-0.15970385,0.09415266,-0.29044694,0.17386825,0.014791163,0.2017637,0.011118108,-0.14257541,-0.56306875,-0.071337804,0.10142183,-0.017445398,0.73021626,0.049289215,-1.7176435,0.03701099,-0.122655496,1.272747,0.29737344,-0.07206202,0.3311745,-0.15803437,-0.095757045,0.56210685,0.08381974,0.15758733,0.05995397,-0.07837612,-0.09211815,0.0960094,-0.11328942,-0.07777752,-0.20586456,0.111143075,-0.030914435,-0.093314335,0.05593809,-0.4226247,0.14089964,0.52815884,-0.0014846243,-0.3844999,0.24406524,-0.66451687,-0.18838833,-0.047392916,-0.04435142,0.027646832,-0.26662657,-0.051096983,-0.024959672,-0.059101883,-0.077602856,-0.52427775,0.00016279712,0.114565656,-0.1625306,0.37889832,0.16881248
44,negative,0.2024244,0.31688434,0.19475366,0.074416906,0.013127313,-0.6717179,-0.23598003,0.14925383,-0.094257295,0.031333324,-0.032166988,-0.1029704,0.084118254,-0.18779197,0.10829464,-0.110186875,-0.19756444,-0.043972027,-0.072493896,-0.11204836,0.4028425,-0.17394176,0.0010151932,0.20876622,0.1363169,0.034065075,-0.18568774,-0.26339003,0.16746247,-0.08772602,-0.1501678,0.15937987,-0.20677914,0.1407822,-0.07095633,0.1926879,0.32155958,-0.3034204,0.04268431,-0.08899927,-0.27687085,-0.28883034,-0.15091491,-0.20102884,0.36116886,0.019327333,0.043627493,-0.20002891,0.17792344,-0.97145784,0.1491571,0.046603624,-0.010092599,0.9958471,-0.0725396,-2.1015518,-0.12237633,-0.2540906,1.6107891,0.18448786,-0.09162374,0.25773653,-0.2975329,-0.1300132,0.50917923,0.2957381,0.34502727,-0.124979,0.2567917,-0.24611062,0.1355372,-0.23959334,-0.28454962,-0.2064919,0.16436173,-0.11790103,0.09117297,0.117713235,-0.62432617,0.005362442,0.8154521,-0.0033371372,-0.39562878,-0.12143096,-0.7508343,-0.58292043,0.22397198,-0.14739978,-0.030934412,-0.2590752,-0.073956214,0.054347504,-0.481388,-0.17618209,-0.70494074,-0.14368315,0.07363317,-0.13330153,0.4942275,0.027752563
45,neutral,-0.14713083,0.042367514,0.3449926,0.013225575,0.09738122,-0.21890296,-0.28806853,-0.14599612,-0.01643374,0.16121301,-0.06267564,0.029221926,0.18525837,-0.17650473,-0.14961241,0.0059474153,0.15112112,-0.110374704,-0.4554257,-0.043336194,0.087562166,-0.37921768,0.23509267,-0.2563363,-0.11532809,-0.14219683,-0.07760982,-0.30494758,0.20785595,0.09497423,0.134973,0.37314492,-0.19057417,-0.10050846,0.01649298,0.06471692,0.1378599,-0.06967026,-0.20687811,-0.20943877,-0.53480923,-0.016613584,0.24672703,-0.25334686,0.045254115,-0.3122876,0.25572202,-0.107197955,-0.30503562,-0.5255333,0.19291545,-0.06578019,0.11634945,0.9445536,0.19107279,-1.6915324,0.08773086,-0.092157036,1.1783525,0.30717212,-0.22990403,0.073189646,-0.15530086,-0.14239039,0.71237755,0.075079136,0.021567218,0.3205705,0.0075552175,-0.04075868,0.27429196,-0.30384967,-0.30989987,-0.46082264,0.055744488,-0.26624542,-0.18577227,0.0068476466,-0.75498843,0.05818103,0.52131087,-0.10384015,-0.21326014,0.012179999,-0.8868811,0.13869877,0.27627593,0.24196638,0.044391062,-0.30712566,0.0782626,-0.17339034,-0.2661325,0.17798357,-0.40616268,-0.049215548,-0.015594421,-0.36523667,0.30171412,0.1783444
46,neutral,0.17627798,0.42569584,0.5600287,0.20311397,0.23490734,-0.5422491,-0.37689012,-0.118577614,0.19565734,0.077274166,-0.35855716,-0.23934573,0.25399935,0.31502426,-0.15040308,0.120525755,-0.002279859,-0.26208878,-0.4638804,-0.24535367,-0.005392997,0.2028842,0.14461772,0.19392838,0.025785128,0.016113676,-0.08242201,0.15324041,0.28603977,-0.034074914,-0.25099847,0.3262445,-0.0431648,0.06878856,-0.082163244,0.032521248,0.43688825,0.12703858,-0.43272808,-0.2612407,-0.71459633,-0.27004603,0.13615987,-0.32503304,0.24491264,-0.2889299,0.55767226,-0.09804472,-0.061942697,-0.42243886,0.19562733,0.30541593,-0.009545072,0.8247667,-0.2781214,-1.8068486,0.21381578,-0.35259444,1.1775131,0.065958604,-0.07034107,0.29260284,-0.1783131,0.039177563,0.49678308,0.19291997,-0.23167063,0.262535,0.094416656,0.22243601,0.18990688,-0.30991837,-0.1765382,0.02488477,0.15117076,-0.21237175,-0.004771062,0.01118853,-0.8520518,0.3510583,0.6051942,0.05976438,-0.27520004,0.18825476,-0.7453068,0.045690034,-0.3334495,0.15257667,-0.09538541,-0.514758,0.09317926,-0.031926744,-0.17906865,-0.06226472,-0.5880146,0.09909436,-0.18515891,-0.34794682,0.35371187,0.24385154
47,neutral,-0.12171526,0.2549527,0.24150188,-0.38163066,0.2830161,0.37925458,0.2972487,0.15738876,-0.031338405,0.260897,-0.020684691,-0.24289474,-0.04729738,0.043592915,0.027785838,-0.081341125,0.41792127,-0.12774526,0.0450071,0.048037782,0.029038122,-0.016219478,0.21328528,-0.22238123,0.061359018,0.214183,0.104636095,-0.35165423,0.51942575,-0.030031014,-0.37707943,0.30341104,-0.10352883,0.07763013,-0.15542012,0.16867653,-0.08271389,0.34631056,-0.5756782,-0.75432616,0.014721549,-0.0064780093,-0.053775933,0.13221171,-0.04241374,-0.17039807,-0.007888451,-0.18432386,0.26627836,-0.44673756,-0.3102188,0.11500835,0.01641547,0.34699184,-0.27099723,-1.5677066,-0.12380457,0.17049313,0.87446934,0.5725041,0.108889185,0.5206296,-0.22570907,-0.11786433,0.5325116,-0.069221504,0.68082696,0.19851218,0.10917832,-0.24803022,0.042181667,0.14002506,-0.06830861,-0.007643478,-0.16082156,0.2025522,0.08382372,0.06344748,-0.09920351,-0.11188544,0.038943965,-0.17321889,0.053982846,-0.007506396,-0.79286397,0.053921048,-0.51603824,-0.49491903,0.05128741,-0.06541839,-0.0641007,-0.03690796,-0.11893307,0.19697616,0.10090103,-0.1755358,-0.6299711,-0.52896696,0.6456634,0.3723804
48,neutral,0.014273328,0.2329913,-0.06014248,0.12660617,-0.34787026,-0.017863007,-0.104005,0.05804868,0.058097888,0.11699912,0.3748635,0.25113234,0.1151805,0.12806109,-0.06448129,-0.4594598,-0.06866017,0.056949936,-0.33161914,0.19764607,0.5676562,-0.08119975,-0.06800132,-0.023720039,-0.075081415,0.09764711,-0.30789468,-0.27422968,0.12813844,-0.16251369,0.057930324,0.5907176,-0.15976831,0.09621012,0.30769545,0.26914355,0.13803446,-0.16498025,0.17049326,-0.018285818,-0.17177331,-0.09282502,0.12455661,-0.37807134,0.15545212,-0.0935481,-0.1831945,-0.28955054,-0.18868697,-0.67143816,-0.10055461,0.066839315,0.14351346,1.0542775,0.075786665,-1.5985346,0.10796531,-0.31589743,1.5400295,0.35976443,0.012062399,0.16893815,-0.71119577,0.17497033,0.32638437,0.20658693,0.16919273,0.5232549,0.059741654,-0.26826072,0.16044492,-0.41709223,0.124529146,-0.4432093,0.11673075,0.17413488,-0.15896842,0.16147606,-0.82004875,0.052841604,0.54539454,0.079722,-0.44408873,0.033565275,-0.93503827,-0.1298889,0.12511745,0.2906741,0.030950416,-0.39828512,0.084202394,-0.14425358,-0.22945726,-0.13594602,-0.5692663,0.15248246,-0.10091776,-0.18505673,0.43663257,0.04036153
50,neutral,-0.32967556,0.30930263,-0.078047365,-0.0010800156,-0.099107556,0.38549498,-0.056298718,-0.3992898,0.23852584,0.3855716,0.03593938,0.320597,0.29451498,0.008343468,0.3285202,0.10008927,-0.30508155,0.047904816,0.33580896,0.28224033,0.09743969,-0.009322567,-0.27299872,-0.39263314,0.15732604,0.22610196,-0.27056858,0.07394076,-0.27110642,-0.25084135,0.19696516,0.033741914,0.011082596,0.038052,-0.21381058,-0.18816881,0.19895165,-0.1365862,-0.22857966,0.06263092,0.047617696,-0.32538208,-0.015587052,-0.10827929,-0.07664617,-0.010750781,0.21094476,-0.23760492,-0.19722927,-0.4795564,0.18688701,0.13447541,0.2387368,0.38160488,-0.04310757,-1.3602381,0.20219927,-0.5356887,1.1613516,0.30620247,0.08672962,1.1236801,-0.3019562,0.31956327,0.7427263,-0.35024625,0.2224996,0.08110197,0.25475577,-0.6827945,-0.12160529,0.070477374,0.30141518,0.056312695,0.4704279,0.0034163909,-0.19631152,0.33468193,-0.2925485,0.13883904,0.52323353,0.2101769,-0.27788344,0.1607947,-0.8449103,-0.0145104835,0.029971493,0.19826743,-0.19264019,-0.33585286,-0.10206106,-0.34838578,0.11703109,-0.15061963,-0.08997826,0.34450012,0.36873117,-0.5383188,0.3518475,0.21888827
51,negative,-0.13231897,0.23330685,0.07018763,-0.26142213,-0.09821724,0.29941216,-0.3137745,-0.09461327,0.1497791,0.06744555,-0.035184383,0.06776394,0.23672152,-0.12493678,-0.13744405,-0.054582424,8.141491e-06,-0.047302336,-0.33134273,0.25901312,0.2593148,0.054174993,-0.03882378,-0.08609817,-0.016486363,-0.16090946,-0.044781305,-0.20625317,0.325303,-0.13539226,0.044495095,0.42737386,-0.07818053,0.111166686,-0.06031802,0.10732494,0.004768823,0.023282735,-0.017842216,-0.15501639,-0.4102892,-0.11009765,-0.024087075,-0.3502772,-0.1349104,-0.09204755,0.02092866,-0.04528019,-0.17422321,-0.615506,0.18496886,-0.029902373,-0.0052212216,0.65856063,-0.13454321,-1.620702,0.12753692,-0.06906677,1.3420314,0.13173011,-0.16748723,0.628852,-0.22639488,-0.05486838,0.5775366,0.20406342,0.47171506,0.09062274,0.1395887,-0.23966841,-0.15960337,-0.18655826,-0.058459584,-0.26553574,-0.025347691,0.09048419,-0.0037989595,-0.04146459,-0.59283113,-0.077566035,0.3708165,-0.052481405,-0.19351183,0.061574865,-1.0897897,-0.2271243,-0.0852802,0.06410421,-0.14537875,-0.20664178,0.14268972,-0.17831491,0.16841021,-0.10708041,-0.5180686,0.07644633,-0.012654104,-0.27640918,0.3420608,0.18376291
52,negative,-0.11522568,0.060035024,0.16463286,-0.11966371,-0.08159227,0.12908225,-0.18857962,0.087560676,0.14331809,0.14842209,0.034798667,0.034802783,0.23131344,-0.012193892,-0.00079115166,-0.03600028,0.06261192,-0.040377554,-0.4485186,0.21764302,0.44393095,-0.005587653,0.07467857,-0.028396122,0.050265525,0.11047781,-0.02056898,-0.22809671,0.28633323,0.05964212,-0.011291049,0.46388724,-0.11588471,0.041225236,0.103322394,0.10461243,0.09748066,-0.05726457,-0.017077712,-0.15140243,-0.525872,-0.1077962,0.19235073,-0.17354228,0.034799285,-0.08252791,0.18023983,-0.27977207,-0.08157961,-0.567318,0.14878476,0.1834836,0.014035203,0.8005701,-0.14654206,-1.6770192,-0.06354224,-0.21716252,1.6227987,0.25671306,-0.29721698,0.33303985,-0.053414408,-0.07967096,0.5881364,0.081477106,0.26220945,0.34377086,-0.03094153,-0.035964366,0.023010937,-0.3432338,-0.15609078,-0.37241745,0.14472175,0.07724657,0.024546882,0.21707189,-0.70317537,0.004554155,0.65328515,-0.18946023,-0.27696458,-0.028660586,-0.98311096,-0.24735835,0.22607793,0.15230972,-0.1058942,-0.32516977,0.07519223,0.0011898176,0.0043480378,-0.14235185,-0.27156937,0.024137722,-0.08057545,-0.036090102,0.36600465,0.12368198
53,neutral,-0.13891417,0.15776367,0.05548016,-0.23829877,0.01720991,0.13459265,-0.2177852,0.017202856,0.10293306,0.16543995,-0.010497539,0.0017930499,0.21723159,-0.01644651,-0.10606419,-0.038273204,0.09250845,-0.03197766,-0.26978073,0.2727651,0.34849325,-0.015356174,0.08993005,-0.058153022,-0.00536766,0.012918411,-0.079555534,-0.12397064,0.15848507,-0.06254086,-0.007347323,0.35684836,-0.09890881,0.09252454,-0.023953347,0.11009858,0.033054423,-0.028861966,-0.015881851,-0.10973096,-0.38429525,-0.109339446,-0.0045420686,-0.19321863,0.09527276,-0.14739758,0.068506874,-0.08283306,0.012380138,-0.56664795,0.11741258,0.0044962093,0.005803966,0.80214715,-0.11174138,-1.7013252,0.002661651,-0.05845121,1.3514895,0.22735803,-0.17783874,0.6660277,-0.09192252,-0.07769688,0.5794611,0.17356102,0.4419874,0.05443346,0.101233244,-0.086796135,-0.069116704,-0.21562338,-0.09483628,-0.21537443,-0.04104215,-0.049824707,0.047424883,0.07998048,-0.6416699,0.023385743,0.53452754,-0.11675999,-0.22540382,0.059573933,-1.0403968,-0.19258395,0.043255694,0.029881507,-0.14101967,-0.24830803,0.09221244,-0.12599649,0.02358722,-0.09655809,-0.34649903,0.15767832,-0.0016355935,-0.15099305,0.40544742,0.059185352
54,neutral,-0.27767003,0.035873257,0.13830301,-0.20754592,0.08910772,0.10615019,-0.26425478,0.033930074,0.11534619,0.07099475,-0.05934383,-0.035467494,0.34423417,0.018635653,0.21710242,-0.08257539,-0.019329432,-0.1982584,-0.32958323,0.06896909,0.25912216,-0.0184644,0.11565493,-0.13347581,0.19606887,0.3539616,-0.049638346,-0.15210772,0.11745522,-0.051254954,0.021074364,0.16155837,-0.008085674,-0.026831925,-0.007713843,0.17959177,0.116472825,0.18368664,0.07580735,0.027993854,-0.38475406,-0.18826817,0.2793212,-0.2813839,0.11268487,0.020755,0.09132631,0.11325574,-0.10903925,-0.38818637,0.013564124,-0.09735898,0.11694482,0.9720747,-0.06811966,-1.3240705,-0.0008920746,-0.2876842,1.139834,0.10364778,0.06527198,0.5796876,-0.10906636,-0.1527064,0.5907676,-0.12859355,0.10008119,0.06800866,0.053389236,-0.18922015,-0.034408603,-0.34477365,0.061049197,-0.2720309,-0.0045774747,-0.009691574,-0.21902616,-0.07386821,-0.5172567,0.13742957,0.50425166,-0.010047442,-0.33530465,0.11492756,-0.8239142,-0.27109548,-0.032844372,0.0974484,-0.122877546,-0.15953799,-0.02796218,0.0059552384,-0.013907138,0.042115666,-0.38395044,-0.07738362,-0.19135511,-0.16659304,0.35706455,0.0026890913
55,neutral,-0.074164696,0.43727896,0.23295596,-0.42283922,0.38832602,0.5773009,-0.4375733,-0.26322237,-0.33694577,0.051439952,-0.3027144,-0.3027854,-0.41467795,0.25005904,-0.21362288,0.052521344,0.5802047,0.08279201,0.16935441,0.91997397,0.43458897,-0.19287698,0.18870318,-0.6020493,0.2351675,-0.0903414,0.13461989,-0.20429908,0.18041041,0.054384504,-0.90614736,0.47995982,-0.01901316,-0.20631401,0.02948871,-0.02238962,0.23081502,-0.0391494,-0.18719384,-0.69539165,0.16741489,0.40270504,-0.8379977,0.21260215,-0.12903675,-0.47063673,-0.5017941,-0.54974705,0.33409306,-0.4989047,-0.43127754,0.12893674,0.6242516,0.059184257,-0.0733136,-1.8428074,-0.04489831,0.35243353,0.8067813,0.6020816,0.5300669,1.2412912,-0.45835498,-0.38045597,0.7115177,-0.5724333,0.60788774,0.070592426,0.01787373,-0.14200065,-0.4096928,0.3500909,-0.12605631,0.24180803,-0.26613608,0.006164995,-0.07669095,0.18516788,-0.20964849,-0.45884597,-0.5777108,0.24208474,0.4933351,-0.34513143,-1.3102602,0.1699917,-0.4260719,-0.27509317,-0.41155067,0.025676338,0.02710715,-0.15296538,-0.17023718,-0.028510438,-0.3632797,-0.037053384,-0.32499507,-0.40937376,0.3858813,0.30169672
56,neutral,-0.1415943,0.17325094,0.33391052,-0.22986723,-0.07473209,0.13537289,-0.1015823,0.26485482,0.09217246,-0.06451804,0.15175977,-0.061550107,0.073827915,0.103681535,0.040795974,-0.3839913,0.02268283,0.035011422,-0.05359042,-0.12636341,0.16780569,0.18935142,0.20443946,-0.18864168,0.18149707,-0.1412199,-0.21266271,-0.15497322,0.2518339,-0.013582743,0.020486975,0.3167957,-0.2458515,0.26875016,0.15250231,0.24794053,0.12188164,0.1343128,0.19648795,-0.07220349,-0.23070373,-0.11802169,-0.13916065,-0.07757038,-0.034375075,0.028288336,0.19895944,-0.21576077,-0.0063007195,-0.5940248,0.06688585,-0.027641252,0.032167334,0.8548443,-0.15063785,-1.8184134,-0.037910894,-0.03455658,1.337996,0.3206432,0.0018080911,0.54839504,0.008342233,0.18573725,0.4604033,0.055511493,0.48197255,0.04858332,0.031976674,0.042495944,0.18653065,-0.36975473,0.23051564,-0.2507253,0.04911413,0.07924536,0.04573349,0.041985065,-0.50569886,0.025493542,0.53679883,-0.21281715,-0.17160149,0.12613991,-1.0658405,-0.19672105,0.023582151,0.044810876,0.009596527,-0.06958338,-0.0003024053,-0.06728916,-0.16350515,-0.13372536,-0.37256432,0.027790792,-0.19765884,-0.18118857,0.55877095,0.21272236
57,neutral,-0.062262613,0.12221262,0.3160407,-0.47400564,-0.43265995,0.14080998,-0.20241368,-0.019045776,0.06847084,-0.15511908,0.11474072,-0.104700655,-0.0022954752,0.17344774,0.115781665,-0.05331424,0.12757103,0.1522247,-0.08704578,0.3823816,0.09606026,-0.03944828,-0.13749109,-0.32685536,0.018047607,-0.04579279,0.015996657,-0.34451172,-0.013295948,0.013076125,-0.13773769,0.2504605,0.03163287,0.22766137,-0.24409875,0.024753869,-0.37311172,0.058526702,0.467539,-0.22779523,-0.34549028,0.16066757,0.06567918,-0.2379984,-0.49652725,-0.10625875,-0.063494,-0.14745684,-0.0024944984,-0.49514058,-0.12964503,0.06913918,0.24579078,0.46387985,-0.18941459,-1.0889579,0.14889856,0.05517722,0.66978014,0.48750383,0.2141707,0.50765365,-0.26607338,-0.084771425,0.3465823,0.07598361,0.5343589,0.022616899,-0.0025371942,0.15408638,0.09560963,-0.114547186,-0.11901841,-0.17960407,0.07245495,0.0721411,0.1982182,-0.4314711,-0.35225782,-0.13102429,0.28661725,0.0004775271,-0.25877768,0.07135424,-1.1178226,-0.34150037,0.006482975,0.046454757,-0.12818025,0.0046931123,0.07853182,0.1304268,0.038872134,-0.10862074,-0.061772607,0.03600488,0.05539855,-0.24301516,0.11059894,0.26186234
58,neutral,-0.0068690386,0.044941846,0.3721378,-0.12239372,-0.027231732,0.3463389,0.3364274,0.44438618,0.07424317,-0.19807337,0.40972525,-0.3813577,-0.10384774,-0.2183304,0.33276346,-0.13365643,0.3279515,0.101202495,-0.16237439,0.34053367,-0.20683421,-0.0062127234,0.023082584,0.1357612,0.1808907,0.26429743,0.011236287,-0.4260969,-0.04584577,-0.24017102,0.122496754,0.23041832,0.16442846,-0.47744325,-0.15210988,0.20118827,-0.04161633,0.43758723,-0.1363515,-0.08637779,-0.20132792,0.050947856,-0.38008752,-0.26942196,-0.27229577,-0.11005625,0.123934016,-0.37423688,-0.21699879,-0.02218341,-0.12958544,-0.34245998,-0.030278055,0.41376927,-0.39683723,-0.9581737,0.02765509,-0.073447935,0.54795104,0.3930469,0.50409245,0.540097,-0.37793228,0.015903434,0.4182093,0.22076456,0.18299805,0.41455606,0.2903435,0.013714813,-0.08546123,0.05177256,0.23135383,0.19550432,-0.37182683,-0.19902447,-0.12841885,0.03181024,-0.4871287,-0.13842623,0.2783473,-0.049639497,0.2160843,0.054041527,-0.27936283,-0.1618001,-0.12584189,-0.65819275,-0.43464684,-0.03187647,0.09458874,0.14789115,0.6236302,-0.13240002,-0.54451317,-0.0130704595,-0.2422691,-0.7574551,0.040890392,-0.16756624
59,negative,-0.111850515,0.25183207,0.30905613,-0.039056383,-0.03937679,-0.081090346,-0.3083893,-0.02560673,0.15784721,0.24398921,0.11345929,-0.10338826,-0.050757945,0.07367625,0.02966796,-0.066360846,0.1362388,0.033164427,-0.44030443,0.006610771,0.183776,-0.090413354,0.13926895,0.15021159,-0.14300478,-0.03230962,-0.10086476,-0.11871615,-0.28714904,0.047233514,0.049475797,0.2228475,-0.10439016,0.08515734,-0.21045922,0.31907418,-0.09381811,0.034478657,-0.17531863,-0.00087090826,-0.28490245,-0.07661357,0.05718699,-0.0065867235,0.0066437954,-0.061497767,0.20831174,0.15765463,-0.31824335,-0.53528893,-0.017506983,-0.07630344,0.03425602,0.710257,0.020670427,-1.502012,0.19068164,-0.2822081,1.0749942,0.20915277,0.022163562,0.34502208,-0.020877393,-0.4793581,0.4053699,0.051719356,0.002114064,-0.0034250168,0.15258244,-0.24200259,0.06261025,-0.19955914,-0.30602965,-0.0025619464,0.07491597,0.1002208,-0.005565309,0.12477897,-0.70363367,0.11878521,0.36849082,0.06752952,0.051497534,-0.031324167,-0.9650749,-0.1152554,-0.17396925,0.1351808,-0.19956496,-0.42945257,0.15923771,0.06402129,0.07192797,-0.17885669,-0.44117522,0.015153964,0.13148227,-0.055130973,0.5078451,0.036109082
60,negative,-0.1351042,0.41324624,0.21027383,-0.14658228,-0.10557036,0.27616087,-0.36118844,0.07314649,0.14061472,-0.12813307,0.052448194,0.24142352,0.23043574,0.07421715,-0.096844405,-0.23661861,0.009882998,0.21422075,-0.4407916,0.09954189,0.16358195,0.020637946,-0.007606912,-0.0013970939,0.15283668,-0.015088514,-0.18430358,-0.2814901,0.2837282,-0.19974245,0.111595504,0.20846769,-0.054640688,0.14333938,-0.031551894,0.15726937,0.04260462,-0.017056903,0.21273841,-0.23062697,-0.25049558,-0.14198196,0.13059595,-0.46440333,-0.19039176,-0.012536328,0.050579634,-0.009182436,-0.04208167,-0.76421225,0.008578107,-0.1541391,0.19290528,0.9711389,0.11494857,-1.7579234,-0.060104687,-0.086691804,1.0959737,0.23287608,-0.096952505,0.6283595,-0.29203427,-0.06375386,0.3832796,0.19842185,0.3409432,0.26046577,-0.1387481,-0.39686286,0.06320612,-0.14229664,-0.06826399,-0.35183665,0.18649523,0.1814849,-0.1533368,0.009628678,-0.44766727,0.023424353,0.2819727,0.1369579,-0.38931862,0.13298652,-0.8363154,-0.14183807,0.007266659,0.07390115,-0.21961695,0.0029596717,-0.021897206,0.01866153,0.12949537,0.051133294,-0.54418695,-0.14380376,0.070686206,-0.20970978,0.33381537,0.24770826
61,negative,-0.010871896,-0.046425205,0.07507462,-0.1688367,0.034319762,0.26547718,-0.20091431,-0.058511667,-0.04871309,0.050294645,-0.124706306,0.07035445,-0.07003951,-0.086470336,-0.13385932,0.029253341,0.034792367,-0.18906142,-0.33064517,0.07525023,0.39041534,-0.46828714,0.22250304,-0.027100723,-0.0032857908,0.057177056,-0.2404976,-0.15545471,0.5414503,0.008439314,-0.05839636,0.09840756,-0.059730146,-0.055767898,-0.16157614,-0.058723927,-0.0333097,-0.1098642,0.17774172,0.16260622,-0.4597154,-0.03887813,0.56873333,-0.24850959,0.21367261,-0.15950373,0.20510337,-0.08430264,-0.028935285,-0.48294556,0.3654802,-0.17312205,0.18408757,0.8222726,-0.104153834,-1.4151753,-0.10937198,-0.16618909,1.1405318,0.35876846,-0.30754548,0.44712323,0.064343244,-0.2257591,0.63593155,-0.0876482,0.255387,0.29177594,-0.12474516,0.27671754,0.21079794,-0.4159984,-0.35966018,-0.3687304,0.011064405,0.2328196,-0.020488936,-0.011017448,-0.7497967,0.11752998,0.4922284,-0.25159556,-0.031985097,-0.056492742,-1.0470726,-0.0048246207,0.14353909,0.24344005,-0.08216726,-0.40586194,0.19540893,-0.24745348,-0.059983168,0.41186863,-0.02629451,-0.04303622,0.2520305,0.09894673,0.14223114,0.014997383
62,neutral,0.004293811,0.35595787,0.35098952,-0.20302184,-0.31616756,0.028805858,-0.23392002,0.09630666,0.10788836,-0.054833975,0.10102309,0.088895746,0.23114648,-0.18674524,-0.0888306,-0.3793932,0.025253471,0.41410336,-0.2191278,0.39279896,0.12152027,-0.098584294,-0.13229862,-0.3500231,-0.10448478,0.108361535,-0.21404149,-0.49404785,0.3027278,-0.23902299,-0.08623758,0.53322726,0.05849621,-0.019720731,0.090023085,0.24269308,0.07120217,0.041853275,0.046235263,-0.2094564,-0.12852314,0.0038107086,0.08548283,-0.45542386,-0.3757903,-0.03921112,0.055781282,0.08468401,-0.13843189,-0.86894643,-0.09219523,0.019020265,0.19719863,0.7327953,0.18535273,-1.6776075,0.28084826,-0.10729071,0.87251973,0.32589814,0.14604144,0.7796509,-0.47107854,-0.15268223,0.69053835,0.15699361,0.21310622,0.31003332,0.054204967,-0.41182718,0.32571277,-0.30083233,-0.028384397,-0.2602878,0.35785022,0.090034924,-0.23053737,-0.21546131,-0.31012478,0.1383792,0.27185008,0.11280074,-0.38401398,-0.08163832,-1.1101129,-0.11056354,0.09906658,-0.22255407,-0.32489607,-0.31237,-0.10972476,-0.038019687,0.13792194,-0.23577362,-0.34644273,-0.24618645,-0.06602861,-0.41632247,0.39724758,0.2281683
63,neutral,-0.057804264,0.32294342,0.39410543,-0.004028627,-0.0141873155,0.16932678,-0.14429386,-0.07739933,0.23363581,-0.013137511,0.053448163,0.05186125,0.221387,-0.12486821,0.099235944,-0.1844176,0.15670687,0.18203942,-0.24952564,0.27345887,0.16153716,0.027343486,0.06422782,-0.27516425,0.027884413,0.0826084,0.02000509,-0.08754382,0.0842851,-0.08988076,-0.017193586,0.3840577,-0.018678032,-0.055750757,0.19477837,0.12664367,-0.087468356,0.17474054,0.083542846,-0.19604361,-0.21538073,-0.07193192,0.0052635465,-0.19084048,-0.20815337,-0.1307282,0.13353926,-0.066934645,-0.0069466163,-0.50579417,0.042587522,0.044176973,0.24660341,0.75062996,-0.015189124,-1.7350688,0.14090611,-0.07151747,1.2125167,0.21470101,-0.006092412,0.6234771,-0.26428944,-0.22464575,0.7474818,0.0026060464,0.38317353,0.15759963,0.07561503,-0.15605402,0.08883368,-0.18153344,0.07634763,-0.22317521,0.15135597,0.0049769725,-0.018785492,-0.13632244,-0.46197775,0.0027260752,0.36578557,0.0210909,-0.30534315,0.05425985,-1.1743491,-0.024459796,0.081355855,0.10477238,-0.13013025,-0.305635,-0.014906064,0.076685265,0.035166357,-0.08894044,-0.3670432,-0.09120688,-0.17059445,-0.2744704,0.22949292,0.29504395
64,neutral,0.041896224,-0.09700386,0.18929572,-0.18286297,0.028962204,0.22458598,0.25086161,0.09738711,0.17051618,-0.061835606,0.17083076,0.16598608,-2.8150453e-06,0.088822156,0.06599743,-0.26188117,0.13251725,0.04693052,-0.17157127,0.20622584,0.37728614,-0.028849872,-0.010297594,-0.14847808,0.2561327,0.046681665,-0.07034524,-0.37299237,0.15613717,-0.25654668,-0.049403254,0.05769867,0.06948814,-0.053101104,0.1744007,0.18376581,0.20197852,0.12452805,0.14253607,-0.12971388,0.067704625,-0.17848907,-0.09594223,-0.3281893,0.017771654,0.07307934,-0.2887065,-0.18120365,-0.42836204,-0.34037578,-0.2614457,0.24921371,0.082225345,0.3810447,-0.055749312,-1.4986258,0.0006479864,0.1429851,0.9534182,0.14234522,0.014211418,0.39558765,-0.32721153,-0.2651112,0.34339166,-0.1615351,0.20535208,-0.09266487,-0.10778639,0.24007258,0.19215553,0.18341176,-0.08111786,-0.2959704,-0.019102663,0.016386598,0.025240442,-0.111139715,-0.39181662,0.14125748,0.2384752,-0.10199184,-0.18713196,0.072776,-0.6062599,-0.07547141,0.023475658,-0.09264852,0.104442656,-0.21864016,-0.15096864,-0.100235365,0.059129585,0.04093477,-0.29745218,0.019855533,-0.27538228,-0.39897162,0.15099494,0.16323958
65,neutral,-0.1324676,0.16596949,0.240811,-0.07789136,0.069650315,-0.50754297,-0.15853854,-0.07033729,0.065846905,0.1244348,0.045983106,0.04493091,0.06973249,-0.028952261,-0.07512277,-0.30341437,-0.07331653,-0.11872994,-0.09850824,-0.08347468,0.19164132,-0.1919415,0.106642,-0.0032043385,0.04534203,0.10109405,-0.13507323,-0.028491318,-0.035991695,0.008735792,-0.09583251,0.320092,-0.07785004,-0.055818804,-0.07108164,0.061558627,0.112966985,0.1648,-0.08477653,-0.04159649,-0.32237634,-0.377351,0.013481225,-0.0023468237,0.0897352,0.0170862,0.14435974,-0.1644515,-0.134074,-0.556233,0.09575047,0.29188627,0.03747551,0.7309922,-0.138199,-1.6583456,0.066669226,-0.19189781,1.2439251,0.27387,-0.033437777,0.24654397,-0.06998423,-0.059612483,0.47379494,0.08258958,0.17591712,-0.02041899,0.1772414,-0.20305368,0.23633613,-0.17530558,0.0022806241,-0.14773922,0.05760475,-0.14484271,0.009957126,-0.032250587,-0.569056,0.19538581,0.66707176,0.017992117,-0.32748422,0.033895373,-0.7353917,-0.18382576,0.121703126,-0.07944106,-0.04161555,-0.3117899,-0.06961633,0.041458327,-0.18878831,-0.18934223,-0.3004889,0.23265737,0.10011823,-0.2495725,0.35896924,0.12553997
66,neutral,0.053417467,0.3309487,0.48635992,0.073140964,-0.06084369,-0.3503074,-0.07809435,0.4096419,-0.34777924,0.061773174,0.26031533,-0.0710916,-0.08770234,-0.11480544,-0.18621258,0.33460402,0.21687704,0.030061156,-0.1878203,-0.29367137,0.26445174,-0.3046472,0.28091723,0.31148353,0.22374956,-0.33386585,0.17680769,-0.12180701,0.44127792,0.055349406,-0.62683904,-0.14649957,-0.12426182,0.042014636,0.3543622,0.13035133,0.0010614191,0.3964862,-0.56825787,0.118360944,-0.63520294,0.054680966,-0.19204749,0.12224228,0.3609889,0.06048969,0.010889383,-0.42571563,-0.24485958,-0.8387185,0.0373834,-0.097781695,0.12404858,0.99652976,-0.11468048,-2.783196,-0.41750592,0.31119546,1.2321421,0.5133125,-0.20302323,0.7250474,0.0034909886,-0.18632405,0.71085924,-0.14082128,0.01869384,0.19937347,0.08193514,-0.15720274,0.245328,-0.0690717,-0.54195535,-0.14378378,0.099882886,-0.03162679,-0.09719625,-0.26773286,-0.8136424,-0.47307637,0.5726743,0.104486145,-0.2667834,0.37852636,-1.4052434,-0.31957513,-0.21643206,-0.12528308,0.039349616,-0.084952764,0.15064949,-0.11909088,0.1845697,0.2568541,0.039462335,0.35639292,-0.253268,-0.22664212,0.7425215,0.24945906
67,neutral,-0.053702876,0.32270253,0.33303693,-0.6707854,-0.7042943,0.07304912,0.14820084,-0.30409953,-0.22618225,0.11924638,0.20968859,-0.13448684,-0.03136725,0.1434087,0.22023602,0.03130438,-0.2013237,0.13309982,-0.5631278,0.37014222,0.17909463,-0.35671216,-0.24352384,-0.5156518,0.15314318,-0.06420064,-0.24423082,-0.14760545,0.41608113,0.1022966,-0.267496,0.28019202,0.11129186,0.056936406,-0.03747333,-0.16899997,-0.41653892,0.097201474,0.59235126,0.043895964,-0.116121106,-0.01256937,0.6619513,0.003558297,-0.036259785,-0.12807877,0.31702405,-0.029795025,-0.24227437,-0.9035212,0.031189352,0.27171275,-0.16674978,0.70659775,0.0050613186,-1.7818487,0.17169802,-0.06289846,1.092787,0.31903228,0.0838612,0.78504974,-0.10923734,0.01981187,0.3893562,-0.16748232,0.5573326,0.48914653,-0.6935964,0.42810667,0.15033524,-0.7629193,0.090830974,-0.52616346,-0.002170677,0.118551694,0.20595488,0.16005908,0.16927302,-0.12488253,0.3666429,-0.2058882,-0.5078671,-0.051424604,-1.1574417,-0.36284742,0.1901637,-0.23479263,-0.14463186,-0.063174866,0.20732819,-0.2350736,-0.22479345,-0.023524223,-0.35662618,0.39153364,-0.2838808,-0.010040044,0.335089,0.27023292
68,neutral,-0.089050435,-0.003039525,0.254648,-0.1681444,0.20945267,-0.0099589825,-0.25722206,0.15565982,-0.04917587,0.08375289,0.034527045,-0.17524421,0.052147333,0.18658279,0.15373537,-0.25000206,0.22323093,-0.2079391,-0.107427835,-0.052616224,-0.031820025,0.08671563,0.16430245,0.023707088,0.20868056,-0.3728033,0.07819485,0.22474074,0.25215936,0.15060082,0.052690003,0.36789092,-0.09533196,0.06247057,0.21929944,0.17928672,0.03798487,-0.12031308,0.02637741,-0.22033136,-0.20815955,-0.07441351,0.095969915,-0.07467443,0.030975802,-0.18629025,0.3386104,-0.19196533,0.17467462,-0.33484164,0.06600599,0.273273,0.085005425,0.5399936,-0.21424565,-1.457541,-0.059231296,-0.26616484,1.1051062,0.23062874,0.11347017,0.3217119,-0.009976223,-0.082563825,0.40482286,0.10956176,-0.2946144,0.07617128,0.19705224,-0.03646232,0.06290877,-0.16502777,0.15840475,-0.18426056,0.27257597,0.072973475,0.09268778,0.17197388,-0.4860409,0.038183384,0.30531055,-0.32715058,-0.23848505,0.079138026,-0.7715437,0.10746173,0.2403436,-0.1870228,0.13223484,0.045290615,-0.089849226,0.06905096,-0.034499995,0.10990284,-0.36427838,0.0541635,-0.011667958,-0.02449296,0.32416332,-0.23019557
69,negative,-0.12675488,0.13734414,-0.005244369,-0.22925042,0.007856177,0.3555168,-0.1877844,0.13443623,-0.033472862,0.10446797,0.010502792,-0.027715212,0.26715666,-0.15392394,-0.10467653,-0.16529688,0.112040736,0.059759352,-0.5235738,0.121608846,0.17588085,-0.09896704,0.11211097,-0.15135528,-0.112530835,0.050403494,-0.14211126,-0.23540933,0.11497008,-0.033032466,-0.0019220698,0.4024676,0.013877064,0.10059384,0.085755564,0.036433775,-0.077161126,0.047821388,0.058114015,-0.15393779,-0.33816385,-0.06250229,0.16424954,-0.28520095,-0.070876144,-0.19836996,-0.1866476,-0.18447354,-0.20085727,-0.56619257,0.10869294,0.020757,0.040195104,0.72391564,-0.15668796,-1.4206367,0.10986631,-0.16426691,1.4040551,0.25481138,-0.13882893,0.35217464,-0.0923776,-0.0535551,0.55124134,0.09919236,0.10919187,0.18445061,0.14835054,-0.11772293,0.08224476,-0.29247308,-0.13667725,-0.3460365,0.013073668,0.14790297,0.006859069,0.05928782,-0.58832043,-0.035097703,0.5412391,-0.07933403,-0.088963926,-0.04520467,-0.9753372,-0.10582533,0.10600528,0.1382599,-0.019260895,-0.24180566,0.048535593,-0.23756431,0.12052811,-0.07152973,-0.22581564,0.07575438,0.04113697,-0.17667876,0.42060205,0.20197773
70,neutral,-0.00962627,0.30759007,0.27569103,0.08430811,-0.18224846,-0.12539211,-0.37412745,-0.014016982,0.112468034,0.27695444,-0.36128002,0.036694296,0.14046331,0.24460019,-0.04499698,-0.25774324,0.06522315,0.00764112,-0.07392479,0.06959203,0.24618007,-0.19577861,0.23251481,-0.076540686,0.12801817,-0.06632378,-0.2459476,-0.33916068,0.44449732,0.117940806,-0.11104688,0.23266199,-0.24104467,-0.1103115,0.0039822254,0.30733475,0.20353669,0.098527804,-0.23341107,0.10293082,-0.64169997,-0.20567206,-0.085240066,-0.019711409,0.28074333,-0.24604894,0.30834833,-0.11047529,0.055706747,-0.442119,0.009037729,0.25539577,0.041694973,0.78523135,-0.019560223,-1.6030198,-0.10297625,-0.13814491,1.5028265,0.18136631,-0.15798248,0.38443404,-0.0425837,-0.011139574,0.6272026,0.092594445,0.14781505,0.11599843,0.10029129,-0.19562115,-0.035173863,-0.37989292,-0.050311342,-0.2767177,0.09201755,-0.11116936,-0.15841496,-0.09987869,-0.4676632,-0.0576041,0.23268448,-0.052359246,-0.32480234,0.07035358,-0.79252654,-0.21877782,-0.09745817,-0.18801053,-0.17214641,-0.26697382,-0.38582584,-0.23163539,-0.01758912,-0.12524274,-0.18552615,0.12505195,0.04013337,-0.2189749,0.41577342,-0.043874864
72,negative,0.26428303,0.4239553,0.33683214,-0.24709646,-0.22517042,-0.016210772,-0.12314785,0.38617054,0.08717797,0.079863094,0.08259597,0.24082205,0.0818134,-0.010863607,0.09992484,-0.3830686,-0.14034502,0.074528895,-0.30376,0.28229475,0.48394978,0.15227792,0.016928107,0.19001712,0.23205625,-0.0766299,-0.36745456,-0.6004864,0.2171352,0.07774181,0.10015698,0.55891097,0.10720811,0.028342206,0.058269795,0.20032094,-0.11651777,-0.0060981154,0.28980088,-0.20282114,-0.09691888,-0.3479869,0.028787708,-0.3439975,-0.08452901,0.1529349,-0.3247453,-0.22598848,-0.027592866,-0.9457911,0.000514758,-0.18724743,0.15012778,0.820886,-0.18557982,-1.6849103,-0.035951722,-0.09622651,1.3839856,0.1913214,0.13101986,0.3343801,-0.44725102,-0.14965378,0.28088012,0.15366924,0.54802775,0.08199287,-0.050774284,-0.17319167,0.07650507,-0.18721516,-0.071930155,-0.026784623,-0.07672351,0.13854611,0.23478216,-0.08641133,-0.77129865,0.02521775,0.61148846,-0.0975694,-0.2190314,-0.12713706,-0.86710393,-0.20572688,-0.3174311,0.05367651,-0.09899133,-0.3117805,0.103270166,-0.101779856,-0.20646523,-0.45242676,-0.6332096,-0.09177651,0.10451361,0.18304063,0.3297597,0.049102314
73,negative,-0.12153965,0.2112872,0.08933444,-0.24445024,-0.20957813,0.012416578,-0.071453735,0.0039061613,-0.14760768,0.08138137,0.041343614,-0.10542645,0.0667527,0.057001326,-0.070221364,-0.05030712,0.16668063,0.111242704,0.06979124,-0.016535576,0.39917228,0.07030399,-0.042389717,-0.08009198,0.3298045,-0.07183167,-0.05085641,-0.29902825,0.050841004,-0.016424429,-0.04666241,0.17282702,-0.11073369,-0.2644053,-0.018431427,0.051807184,-0.02942052,-0.023088269,0.08306923,-0.040610947,-0.29846367,-0.24744758,0.076768085,-0.18085541,-0.06908851,-0.09750217,0.113580436,0.10262362,-0.17989668,-0.3287736,0.004467058,0.031666648,0.06870057,0.890444,0.0259067,-1.4666033,0.040193766,-0.16061316,1.2892711,0.2512858,-0.11093828,0.51088583,-0.24548511,-0.03326508,0.6183609,-0.02021699,0.4942797,0.28650466,0.07588693,-0.096314065,0.16069508,-0.1734961,-0.055938765,-0.0425682,0.12055689,0.07753125,-0.22169955,0.23878358,-0.35164398,0.11904194,0.39926967,0.17047198,-0.315047,0.07230173,-0.93589985,-0.38709345,-0.07043669,-0.13548958,-0.030671716,-0.21048228,-0.2517368,-0.0866262,-0.04669467,0.12002659,-0.06459403,-0.04991996,-0.121758595,-0.2116214,0.3127207,0.13050455
74,neutral,-0.18034528,0.19641751,0.26666453,-0.23023906,-0.21602611,-0.08223012,-0.21389803,-0.058335055,-0.049195983,0.20372441,0.09377471,0.06333156,0.28071016,-0.06083894,-0.10774568,-0.030080466,0.038373478,0.10234498,-0.3727318,0.13681504,0.25145718,-0.036155075,0.1297995,-0.14528872,0.062113557,-0.024749607,-0.23713827,-0.39960986,0.10469739,-0.09959178,0.14567038,0.32468706,-0.09980413,-0.0885781,0.025256962,0.1459144,0.080157965,0.03923287,0.028485682,-0.17463316,-0.45322132,-0.08232287,0.18740049,-0.34849328,-0.12548536,-0.15474693,0.29839683,-0.13834658,-0.14614128,-0.6815381,0.072373405,-0.11630229,0.06004132,0.89089596,0.13575222,-1.9458169,0.032011747,-0.09153936,1.338632,0.2787375,-0.15780033,0.3422198,-0.2711247,0.0072216517,0.63214535,0.07156014,0.28118086,0.31678027,-0.06868056,-0.04133872,0.17716353,-0.17893624,-0.2187443,-0.33042425,0.13557503,-0.14531733,-0.15601932,0.04712293,-0.56883955,0.091116175,0.7378332,-0.085947424,-0.44026944,0.01968591,-1.0838119,-0.123454936,0.11790028,0.14563668,-0.09155356,-0.34611273,0.08738935,-0.07858728,-0.12591264,-0.063639686,-0.3817355,-0.013238179,-0.060549263,-0.32622725,0.4198794,0.21094012
75,negative,0.21549483,0.26045612,0.17572415,-0.028862113,0.1554155,-0.8072145,-0.19721536,0.14340396,-0.16882582,0.16028023,-0.1320841,-0.2662289,0.013756232,-0.19331864,0.12150513,-0.12685284,-0.21437794,-0.22385657,-0.098832525,-0.12048185,0.4050309,-0.12036299,-0.0006826876,0.2200725,0.10827961,0.037387103,-0.0996582,-0.15566018,0.037215557,0.08420113,-0.089772925,0.2501762,-0.25552693,0.17320344,-0.1918938,0.050497152,0.33345288,-0.35425475,0.040251955,-0.05504674,-0.1931234,-0.4404512,-0.23473671,-0.19924296,0.42710304,-0.03912407,0.009954107,-0.35220417,0.21993284,-0.90149325,0.14568202,0.17100754,0.024574734,0.8210444,-0.15527473,-2.1166897,-0.030590344,-0.34375367,1.681325,0.15210299,-0.17756477,0.1374773,-0.18473285,-0.09623799,0.49074256,0.104666345,0.2946744,-0.14747049,0.2856547,-0.10420004,0.17344238,-0.26130104,-0.29184034,-0.207397,0.21662667,-0.16339526,0.16237512,0.16750929,-0.8651536,0.0129537275,0.8810697,-0.00087531336,-0.24992555,-0.018993843,-0.70865464,-0.510296,0.17184693,-0.12128369,-0.04333312,-0.374635,0.014584859,-0.006442227,-0.40859807,-0.2832962,-0.7880375,-0.012850317,0.13874334,-0.11027999,0.57649696,0.13263398
76,neutral,-0.084964424,0.102084234,0.24352993,-0.16011785,0.10202425,0.057111025,-0.465021,0.08215471,-0.0007068391,-0.118936636,-0.0064131,-0.15345584,0.21437012,-0.10917621,-0.08089042,-0.12327044,0.100309275,0.10354122,-0.30580848,-0.034616753,0.18439306,-0.17473438,0.021962395,0.00018705984,-0.07882376,-0.15226255,-0.15633878,-0.43010995,0.2871384,-0.12568033,0.25566965,0.5530439,0.021693017,0.12345247,-0.16651057,0.2462442,0.04719806,-0.106622554,-0.14531943,-0.118385956,-0.6105392,-0.113337405,0.42291692,-0.42846885,-0.07832067,-0.27809557,0.02097581,-0.30149332,-0.07161391,-0.5670521,0.12343589,-0.09357163,0.0838856,0.8948609,-0.001398536,-1.9676498,-0.10766486,-0.28374943,1.5011413,0.3435689,-0.21247233,0.33207476,-0.19316182,-0.0039349115,0.6367235,0.09527803,0.19605352,0.37398633,0.07569868,-0.42319962,0.18550175,-0.19984801,-0.30781794,-0.6164839,0.07569883,0.2087899,-0.2283972,0.10335641,-0.85815585,-0.09307742,0.5687226,-0.23968996,-0.34317023,-0.20249547,-1.073033,-0.20973238,0.18284176,0.15104997,0.08978858,-0.45497078,0.035507906,-0.16777878,-0.44289133,0.088273495,-0.38467833,0.09918539,0.06573539,-0.06932717,0.49842393,0.024813429
77,neutral,-0.57993364,-0.11168101,0.29478335,0.27339324,-0.31506768,0.013280326,0.28048456,-0.125894,-0.048470967,-0.09201882,0.23570158,0.14508313,0.34956554,0.08784774,0.14469077,-0.25599834,0.37810057,-0.420754,0.39619163,-0.12565039,0.3483862,-0.18945247,0.3230537,0.250367,0.3340497,-0.029871646,-0.21420461,0.07992438,-0.075027436,-0.4347564,-0.14448285,-0.44013473,-0.18896806,0.12561797,-0.42892405,0.010513766,-0.06785721,0.2133173,0.2877495,0.13189267,-0.39039168,0.0571046,-0.11231868,-0.022928432,0.48586395,-0.010283571,0.46867207,-0.2677259,0.33692935,-0.63722277,0.0034765708,0.1803657,0.020219436,0.95530325,0.31539658,-1.738043,0.1606392,0.2148932,1.2868367,0.7179097,-0.0453322,0.7046881,-0.12261639,0.25554103,0.48567408,-0.36399385,-0.2102634,-0.009565135,-0.12787077,-0.056446355,-0.59217745,-0.58433306,-0.0029399323,0.17100917,0.40644723,0.16676416,0.25711486,0.03399883,-0.52273417,-0.11394177,0.62065965,0.011983303,-0.2410518,0.34047505,-0.9075893,-0.34034258,-0.14887932,-0.29437268,0.23007604,0.14304347,0.23219852,-0.19422786,-0.3510992,0.36570597,-0.26462835,0.1428577,0.36310366,0.18431659,0.11475085,-0.24291265
78,neutral,-0.1705576,0.038441565,0.18743514,0.35486764,-0.19255506,-0.33714092,-0.18853077,-0.113596804,0.049131177,0.26672688,-0.12743607,-0.000856668,0.26008072,0.000870909,0.03797315,-0.07752485,-0.06173319,0.019792013,-0.39549676,0.02300705,0.155493,-0.14825988,-0.101768844,-0.19947192,-0.1785511,0.14288692,-0.032852948,-0.0638656,0.056604248,-0.11379825,-0.17099941,0.21884833,-0.3426362,0.055465013,0.0073533715,0.00688866,0.25475374,-0.025666548,-0.22580181,-0.0016746162,-0.48124278,-0.067324065,0.14982624,-0.16338718,0.19898757,-0.18404798,0.42247254,-0.11635811,-0.4256976,-0.59210676,0.21675427,0.16863415,-0.10635306,0.9956688,0.02778559,-1.8373375,0.095115,-0.23650533,1.2526094,0.118252516,-0.263669,0.20781346,-0.11742546,-0.21739733,0.69980985,0.20649827,0.0009853158,0.07769328,0.18770425,0.049410973,0.19463737,-0.14068444,-0.19047274,-0.3701469,0.20353676,0.18855627,0.0039678426,-0.031724207,-0.8324113,0.082785435,0.5564516,0.0005018749,-0.25943917,-0.028897181,-1.1158643,0.02644414,-0.05070853,-0.008603604,-0.16129105,-0.35740337,-0.34062985,0.078932054,-0.22735365,0.07016182,-0.3872379,0.18171377,-0.04038445,-0.31306666,0.37380996,0.28746447
79,neutral,-0.22280988,0.07871884,0.30938315,-0.09844226,0.07380024,0.12556577,-0.36813334,0.16702634,0.2623229,-0.105659835,0.12025085,-0.08465786,0.22111097,-0.049233288,-0.04202232,-0.14975683,0.38064092,0.05267758,-0.48825708,0.11253918,-0.02469143,-0.20504215,0.1902513,-0.23160559,-0.30577567,-0.28476113,-0.01201577,-0.30652902,0.27162468,-0.073604845,0.14689937,0.5911117,-0.024633555,0.11512312,0.12675303,0.1752614,-0.06839844,-0.055061217,-0.07059092,-0.0006137098,-0.4976739,-0.18402933,0.13497539,-0.31436098,-0.19315411,-0.2835171,-0.21766646,-0.31970322,-0.15757428,-0.6631666,0.24780194,0.10600342,0.085965596,0.7923606,-0.060864277,-1.8697411,0.014712443,-0.27787563,1.722911,0.19144839,-0.36880898,0.32977998,-0.12623712,-0.18565643,0.7111003,0.12301823,0.27311307,0.3572996,0.20303044,-0.2688925,0.024313603,-0.2404391,-0.16085665,-0.6544977,0.123455726,0.14793311,-0.21058415,-0.032030445,-0.8778955,-0.11378666,0.49373448,-0.21744397,-0.27216926,-0.15987487,-1.1666795,-0.10497432,0.26739728,0.32718226,-0.030963417,-0.23830354,0.007459284,0.108940616,0.027756253,-0.038449448,-0.29154196,-0.083232224,0.07891196,-0.14874287,0.42058367,0.0730344
80,neutral,0.03133286,0.033344183,0.15526354,-0.018614873,0.10894121,-0.57778096,-0.20013897,-0.003828144,0.22505367,-0.04332464,0.025169775,0.114589855,0.11670774,-0.13287124,-0.041481905,-0.11668021,0.037330415,-0.08631267,-0.22651368,-0.10954472,0.25523672,-0.09029781,0.08966057,0.0139991725,0.016111635,0.12266576,-0.28656366,0.0018744163,0.046788637,-0.07835118,-0.20152628,0.3489811,-0.10279456,0.07745559,-0.17922774,0.015603678,0.17032638,-0.056181908,-0.2274851,0.043207783,-0.38381764,-0.35319608,0.01692006,0.03449092,0.06923347,0.072867125,0.097292244,-0.1628224,-0.1261054,-0.5215964,0.30019125,0.17243485,-0.015932214,0.6903406,-0.013723286,-1.5448575,0.026025288,-0.20409706,1.3639292,0.2824221,-0.1994089,0.16611877,-0.13299313,-0.19497687,0.35807517,0.15967143,0.054746922,0.18715702,0.13979162,-0.18457295,0.071252026,-0.18464014,-0.19652995,-0.37357986,0.13584177,-0.101511806,-0.091573074,0.05819393,-0.627315,0.078095846,0.51510185,-0.038892675,-0.2030248,0.16468304,-0.8848864,-0.14553386,0.05824993,-0.04612691,-0.0076358113,-0.43694767,0.0025668754,0.17369658,-0.30897173,-0.13324949,-0.22867164,0.27023935,0.20389651,-0.16026025,0.451891,0.020011477
81,neutral,0.070296444,0.01455405,-0.06468773,0.11843409,-0.011565967,0.10197652,0.16570345,0.23173653,-0.17011634,-0.18138427,-0.16250718,-0.08916973,-0.28494373,0.27316177,0.08035171,0.064330816,0.352412,-0.058349874,-0.15303873,-0.076946534,0.124848105,0.22078061,0.3491533,-0.21962011,0.29712495,-0.010628644,0.05953363,-0.032813247,0.12646995,0.072074376,0.044499427,0.146096,0.3468283,-0.019928524,0.008962275,0.21466693,0.15453729,0.2808874,0.2517082,-0.29299283,0.009035354,-0.16476633,-0.13499087,0.05896302,0.03903471,-0.095750354,-0.20566663,-0.19593148,0.13815819,-0.27656606,-0.100349225,-0.11512922,-0.085427195,0.3034253,-0.21096498,-1.1789131,-0.38893628,0.06978434,0.49376574,0.14235435,0.09728392,0.27976388,-0.077943675,-0.06862828,0.12603448,-0.35846007,0.39418048,0.16262099,0.24127148,-0.13049664,0.0813747,0.17890202,0.11500539,-0.24347132,0.041546408,-0.17756997,0.15222447,-0.005348456,-0.2584438,0.28635973,0.18902403,-0.13368312,-0.34416553,0.073844224,-0.40521467,-0.012238116,-0.12107327,-0.2572477,0.21835175,-0.056701872,0.35384092,-0.1372279,-0.20604527,0.12932485,-0.35805175,-0.19179866,-0.046197005,-0.18194447,0.090109415,0.3385516
82,neutral,-0.1518623,0.11388252,0.12434199,0.006625067,-0.08941109,0.091874234,-0.12341796,0.046027713,-0.024258262,0.12504,-0.017611142,-0.03919426,0.13200018,-0.05400426,-0.03181988,-0.139439,-0.11396738,-0.04624328,-0.19486979,0.0025461686,0.42419362,-0.16626297,0.07069366,-0.07057753,0.09085013,0.021759247,-0.2506258,-0.18755995,0.13169809,-0.06506704,-0.009848967,0.18376112,-0.14647484,0.009723472,0.1285079,0.053406723,0.050656654,-0.062270723,0.13169278,0.059226677,-0.26083234,-0.21228027,0.18785061,-0.2753263,-0.026757294,-0.032162677,0.23569377,0.0253177,0.068932846,-0.65355474,0.19612713,-0.08902241,0.022263005,0.93020284,0.17981999,-1.7805564,-0.0708386,-0.055079333,1.1760377,0.22568984,-0.101855054,0.38192233,-0.21196975,0.059413984,0.50944936,0.12683144,0.10223575,0.13497025,-0.006872537,-0.012043528,0.09709473,-0.31977627,-0.09072298,-0.34170303,0.1585352,0.011316573,0.033273026,-0.006894563,-0.52569497,-0.03779319,0.55613315,-0.109881975,-0.26698887,0.076081105,-0.9016046,-0.1040433,0.0151962945,0.01998631,-0.14989525,-0.3692963,-0.08973684,-0.037196092,-0.1965707,0.013153292,-0.43095344,0.09388121,-0.057770867,-0.13329495,0.35100657,0.18739341
83,negative,0.053214654,0.08256657,0.302082,-0.06940928,-0.07204549,0.15054445,-0.20528726,-0.322148,-0.020560883,0.11759933,0.07724774,0.045487195,0.17502391,0.030325072,-0.10177484,-0.1973483,0.037863318,0.18111886,-0.17120723,0.30089572,0.15490732,0.13239628,-0.07079845,-0.14190036,-0.08503963,0.13421558,-0.16022041,-0.17908354,-0.08064516,-0.07132045,0.1325591,0.55269736,-0.1666528,-0.21131562,-0.072188325,0.25351205,-0.04831863,0.00024924945,0.04271892,-0.21350588,-0.24883965,-0.30671084,-0.010226894,-0.14300694,-0.10139924,-0.15741825,0.15985094,-0.15710214,-0.12829168,-0.75901747,-0.020378664,-0.028485587,0.10389284,0.7653082,-0.01010693,-1.7546217,0.0066065155,-0.031972032,1.5110139,0.15437576,-0.14244503,0.26183885,-0.26752093,-0.06278762,0.6405941,-0.08574119,0.3268487,0.29443538,0.22234693,-0.11320145,0.034344733,-0.30179802,-0.27798292,-0.37677968,-0.033868052,0.11036785,-0.13694611,0.006325581,-0.4740384,-0.030270502,0.62814367,-0.113140665,-0.18166915,0.07834836,-1.0517302,-0.21445762,-0.04870729,-0.076496534,0.040222418,-0.3485792,-0.058580976,0.02316375,0.09669416,-0.16635844,-0.3500416,0.032590058,0.030243639,-0.12896404,0.3850015,0.19892864
85,neutral,-0.19189255,0.08347061,0.2560318,-0.0735108,0.11180402,-0.13259195,-0.1770901,-0.0454829,-0.021778893,0.16775209,0.048566937,-0.08571852,0.21025613,-0.046768002,-0.07607165,0.045453813,0.27902043,-0.12109909,-0.40953255,0.03882265,0.06441086,-0.20832223,0.10390436,-0.101845406,-0.2550739,-0.23214121,-0.093632884,-0.17937541,0.14967357,0.04731916,0.14404808,0.26982796,-0.26530257,-0.1451865,-0.092465654,0.14676972,0.07771255,-0.01455862,-0.19056422,-0.06352539,-0.48270196,-0.069770455,0.13250223,-0.11670391,-0.0073025743,-0.38671914,0.20389669,-0.270067,-0.26930562,-0.5934393,0.31193876,0.016664447,0.19578363,0.84319144,0.021792023,-1.7084868,0.02249213,-0.22915763,1.3002096,0.29609025,-0.13450086,0.3506561,-0.13875337,-0.18924722,0.6025458,-0.0037651723,0.034716204,0.4051861,0.0040372983,-0.012854585,0.25481692,-0.12056009,-0.22175637,-0.41385594,0.058534697,-0.05597152,-0.22071627,0.0975186,-0.8703677,-0.06353191,0.5108092,0.011136527,-0.22229972,-0.12229525,-1.0269612,-0.07310203,0.25111958,0.1659348,0.039417267,-0.18741806,-0.033073712,-0.1017668,-0.20924364,0.007875375,-0.29846886,0.00035405706,-0.09863068,-0.32331705,0.29020983,0.11986118
86,neutral,-0.04368214,0.0010487522,0.24028088,-0.16437033,-0.020462979,0.03256387,-0.1646837,0.063189216,0.09321123,0.1859987,0.12884077,0.011170133,0.11465965,0.11122178,0.031882208,-0.05001648,-0.023899242,-0.18113694,-0.29998162,-0.065177664,0.46413454,-0.20879151,0.12982452,-0.12118224,0.059015244,-0.007680548,-0.16226105,-0.1705642,0.19551827,-0.035374705,-0.031157557,0.1938306,-0.22240861,0.027870143,-0.011626953,0.11691684,0.18341129,0.019344574,0.02345966,0.023473294,-0.3127072,-0.27799642,0.21738699,-0.13413505,0.07724877,-0.0068301875,0.12637585,-0.014615796,0.0023040825,-0.5914192,0.008748016,0.08108487,-0.052848592,0.9857189,0.03910805,-1.6594793,-0.079624996,0.07935188,1.2821444,0.20749214,-0.050374467,0.43415606,-0.15531853,0.048443682,0.48767972,0.045389812,0.052643925,0.08468394,0.076517016,0.05669097,0.0152981905,-0.35945034,-0.10003121,-0.36399725,0.06631986,0.068271756,0.17618291,0.02618099,-0.6798075,0.05893403,0.6038517,-0.046439715,-0.22757655,0.06540057,-0.7416409,-0.11098596,-0.0996073,-0.056962933,-0.07408918,-0.32208034,0.010416107,-0.096356794,-0.08917731,0.0678064,-0.36992043,0.10082337,-0.06944243,-0.13429631,0.39926684,-0.05328886
87,neutral,-0.13127226,0.05221437,0.005646124,-0.15529153,0.07096699,-0.11550924,0.0028094586,-0.23689723,-0.18937312,0.17920624,0.0314378,-0.18866947,0.08138447,0.23613597,-0.032289498,-0.16032349,0.16157733,-0.0469122,-0.40236366,0.15782806,0.12174593,-0.08582511,0.11886015,-0.26364198,-0.034399547,-0.0014544092,-0.028033815,-0.29186174,0.114077784,0.05591438,-0.25301006,0.34466124,-0.07508648,0.013100708,-0.24998435,-0.0060094004,-0.12658355,0.19732524,0.11313294,-0.035419367,-0.30329224,-0.032488745,0.1937847,-0.092634745,0.012313262,-0.120785065,0.15967062,-0.17603157,-0.16707826,-0.47308117,0.2872119,-0.18851253,0.122694515,0.63107747,0.030775914,-1.4759706,0.17657319,-0.32963556,0.978926,0.09962851,-0.051416174,0.37038237,-0.018781785,-0.29376733,0.59422034,-0.18100485,0.2319662,0.4447191,0.054157253,0.38884312,0.15842147,-0.06251572,-0.13972284,-0.38323689,0.045930743,0.024081692,0.043505862,0.040321853,-0.6171476,-0.118932456,0.32002854,-0.012182567,-0.1567649,-0.11487092,-0.8391255,-0.05558559,-0.0012821346,-0.054046396,-0.044758134,-0.45408416,0.024238145,-0.09753001,0.008359621,0.27010438,-0.21722285,0.111556545,0.050864752,-0.22187032,0.107828535,0.2576797
88,negative,0.083731085,0.23489027,0.1531771,-0.087287724,-0.04481766,0.06248525,0.11496777,0.30903664,-0.14230117,0.23951808,0.12367243,-0.1099764,0.1631673,0.22768621,0.17246094,-0.04265185,0.2565679,0.107123315,-0.43432316,0.2750196,0.13242264,-0.19196609,0.18208852,0.093364336,0.10987153,-0.15293248,-0.064796224,-0.27661553,0.0032658696,0.10615347,-0.108386196,0.28330514,0.046538074,0.05911669,-0.009877798,0.09769306,-0.1790272,0.055319324,-0.07187735,0.053976554,-0.4896802,-0.05441282,0.061186716,-0.08289172,0.17203683,-0.07332832,0.10654886,-0.2895928,0.085377164,-0.50043905,0.030346228,-0.17121701,0.13290189,0.8297279,-0.14181516,-2.1134937,-0.124823384,-0.18269525,1.5129379,0.5226368,-0.13596345,0.618506,-0.012539517,-0.018127507,0.5174576,-0.008316722,0.12268693,0.25974312,0.02003352,0.17438602,-0.033627868,-0.16067314,-0.056806944,-0.21107064,-0.09185364,0.19407247,0.083371356,0.005639928,-0.8549658,-0.26702443,0.4348508,0.0725809,-0.13961211,-0.02992494,-1.1420655,-0.18563703,0.06685293,-0.06782151,0.08481993,-0.06904487,-0.089926794,0.09947832,-0.013173245,0.2178091,-0.4762776,0.1220016,-0.14965285,-0.119761504,0.3208173,-0.010127768
89,negative,0.31199896,0.25266266,0.4479401,-0.076378316,0.058335077,0.35865647,-0.40941244,-0.3506705,-0.08252675,0.19909965,-0.19864196,0.027636891,0.15348488,-0.14793071,-0.04053271,-0.16124488,0.18641153,-0.13105871,-0.6243568,0.18327579,0.4663267,-0.036113173,0.2606253,-0.2778129,0.21565191,0.09726159,-0.12945168,-0.43254817,0.3515571,-0.060310446,0.12081056,0.49515983,-0.18315525,0.14923905,-0.14766046,0.035526518,0.093702756,0.5581885,-0.164832,-0.1655168,-0.82342184,-0.07714083,0.13020691,-0.12267467,-0.15838309,-0.55930126,0.3558705,0.0765119,-0.1308305,-0.28813478,0.08178949,0.14691944,-0.033323117,0.88078123,-0.005602329,-1.5896876,0.49956644,-0.077534296,1.6194605,-0.0062780203,-0.121728666,0.053275716,-0.37309155,-0.2939358,0.8148161,0.1601026,0.23731716,-0.14257583,0.3534912,-0.05804804,-0.12052259,-0.15215482,-0.018751698,-0.17225401,0.08209045,0.0290185,-0.090556666,0.01065554,-0.71770877,-0.14179626,0.14989896,0.030099778,-0.10756472,0.18532912,-1.0900853,0.14966077,-0.07419612,0.0009943851,0.07049275,-0.35829705,-0.08596123,-0.38385525,0.046990693,0.114606306,-0.58995306,-0.14751908,-0.09872417,-0.39308572,0.38632196,0.3118822
90,neutral,-0.14697094,0.22520937,0.20708433,-0.0330564,0.12502183,-0.010158239,-0.14841919,-0.014803395,-0.13447642,0.028598329,0.083118215,0.025027819,0.15138282,-0.037720293,-0.042621493,-0.03164573,0.016275711,-0.113108255,-0.46302003,0.12565534,0.027703514,0.011978299,0.00826185,-1.0216057e-05,0.12346784,0.05904169,-0.112557426,-0.26793745,0.17102541,0.011298389,-0.14846665,0.34189314,-0.047920913,0.052671406,-0.10552611,0.20696136,0.074475884,0.112485684,-0.12829208,-0.019237932,-0.43331137,-0.045641374,0.13366276,-0.006934347,-0.14656465,-0.1408659,0.05840213,-0.25711745,-0.06319234,-0.3607315,0.15611045,-0.026248485,0.17609982,0.6476848,-0.028838998,-1.4340854,-0.06864628,-0.13522108,0.89215267,0.08819076,-0.0012785004,0.43757203,-0.18307297,-0.22977471,0.59021497,-0.09006039,0.28123042,0.38621098,-0.11500399,-0.049344614,0.055581883,0.03212193,-0.15758593,-0.21360299,-0.0086119175,0.008931308,-0.045297492,0.06329189,-0.47231966,-0.13086887,0.31684914,0.055623166,-0.03432334,-0.066414855,-0.73930323,-0.020966293,-0.051483832,0.13303034,0.025478909,-0.261109,0.046889838,0.006945543,0.017510803,-0.030660259,-0.35560057,0.086778775,-0.12131461,-0.30007327,0.13658975,0.29136166
91,neutral,-0.1324676,0.16596949,0.240811,-0.07789136,0.069650315,-0.50754297,-0.15853854,-0.07033729,0.065846905,0.1244348,0.045983106,0.04493091,0.06973249,-0.028952261,-0.07512277,-0.30341437,-0.07331653,-0.11872994,-0.09850824,-0.08347468,0.19164132,-0.1919415,0.106642,-0.0032043385,0.04534203,0.10109405,-0.13507323,-0.028491318,-0.035991695,0.008735792,-0.09583251,0.320092,-0.07785004,-0.055818804,-0.07108164,0.061558627,0.112966985,0.1648,-0.08477653,-0.04159649,-0.32237634,-0.377351,0.013481225,-0.0023468237,0.0897352,0.0170862,0.14435974,-0.1644515,-0.134074,-0.556233,0.09575047,0.29188627,0.03747551,0.7309922,-0.138199,-1.6583456,0.066669226,-0.19189781,1.2439251,0.27387,-0.033437777,0.24654397,-0.06998423,-0.059612483,0.47379494,0.08258958,0.17591712,-0.02041899,0.1772414,-0.20305368,0.23633613,-0.17530558,0.0022806241,-0.14773922,0.05760475,-0.14484271,0.009957126,-0.032250587,-0.569056,0.19538581,0.66707176,0.017992117,-0.32748422,0.033895373,-0.7353917,-0.18382576,0.121703126,-0.07944106,-0.04161555,-0.3117899,-0.06961633,0.041458327,-0.18878831,-0.18934223,-0.3004889,0.23265737,0.10011823,-0.2495725,0.35896924,0.12553997
92,negative,0.057514273,0.18057089,-0.02389427,-0.25780365,0.10274379,0.35156268,0.030496145,-0.15111049,-0.054342266,0.30146363,0.04376366,-0.3012191,0.062379807,-0.13957521,0.10509982,0.12916242,0.06883909,0.023394847,-0.14341289,-0.019876273,0.4095483,-0.059752204,0.1477375,-0.18518795,0.099643454,0.018495644,-0.14617184,-0.2339917,-0.20887688,-0.12982345,0.10868943,0.48979512,-0.06340234,-0.20287485,0.22359207,0.13362093,-0.28821307,-0.017470956,0.06632909,0.09150888,-0.24868868,-0.09956418,-0.099919364,0.15882908,-0.12658797,-0.32382894,0.0111689875,-0.0885817,0.08230825,-0.5196784,0.09623226,-0.14630406,0.08823058,0.7959888,0.07172789,-1.8208988,0.14945012,-0.14923042,1.2781475,0.16816935,-0.04353075,0.3874819,-0.04273927,-0.07235204,0.7451549,-0.113631904,0.5291745,0.17336933,0.1704141,-0.06842716,0.15519667,-0.27686274,-0.24238257,-0.15320781,-0.0941799,0.113006234,-0.04714811,0.13188635,-0.58201057,-0.15998392,0.45891565,0.029409358,-0.08867735,-0.04577231,-1.2411761,-0.38665965,-0.03678999,0.04037939,-0.006042256,-0.3296765,-0.005798675,-0.05628977,0.18857211,0.07462457,-0.2370044,-0.3031033,-0.43694875,-0.13005422,0.5048279,0.19580357
93,negative,-0.15270574,-0.04990817,0.23540477,-0.22021699,0.11417355,0.005369596,-0.3704749,-0.0327914,0.06308179,0.30175236,0.09145916,-0.08979173,0.15050532,0.15117088,-0.07915604,0.12654988,0.18334995,-0.18056594,-0.50897,-0.014113319,0.1234571,-0.11018671,0.16628964,-0.11395712,-0.12867506,0.063766845,0.0018174701,-0.24055275,-0.11297232,-0.103985265,0.32384735,0.25232062,-0.025116729,-0.004757451,0.06249564,0.15864527,0.0060171527,-0.0339637,0.12231016,0.2504117,-0.48606795,-0.3472761,-0.03331783,-0.011312819,0.19569035,-0.19748016,0.051780477,-0.15193501,-0.104317695,-0.5708643,0.37858686,-0.014907602,0.124687925,0.9338295,-0.08278589,-1.8383721,-0.015647288,-0.16390093,1.5983837,0.33489132,-0.25420076,0.39451805,-0.0011909604,-0.25401187,0.64700365,0.08961299,0.23318903,0.3624984,0.38593847,0.06902425,0.05974275,-0.22222812,-0.19349545,-0.36590368,0.18743151,0.054538667,-0.10211457,0.050775126,-0.7742717,0.14716543,0.55320126,-0.12203079,-0.18286578,-0.06480697,-0.9359313,-0.17285648,0.2318506,0.046830785,-0.007746129,-0.14449972,-0.024704318,-0.11338214,-0.018693145,0.021291759,-0.33349556,0.06581342,0.0120376265,-0.18343186,0.41304404,-0.056095388
94,negative,-0.11256653,0.15299611,0.26206994,-0.062843636,-0.014006689,0.086052634,-0.2696758,-0.14703356,0.22759065,0.0991681,-0.046684574,-0.044448428,0.0963487,0.088364765,-0.008826104,-0.016562521,-0.036500074,0.059046812,-0.35316455,0.12585077,0.20841971,-0.113732636,-0.0636018,-0.32256994,0.0038604352,0.021696104,-0.20593993,-0.18714619,0.06389739,-0.10096793,0.13165812,0.38545278,-0.12596452,-0.102260396,-0.057264157,0.111220464,-0.02796262,-0.0051275976,5.174667e-05,-0.07806166,-0.31225634,-0.097040184,0.083187185,-0.085382216,-0.097374596,-0.2106037,0.13902327,-0.049112085,-0.18077874,-0.43314105,0.09917812,0.09508113,0.12020467,0.8542109,0.012100734,-1.4641147,0.1764812,-0.24117145,1.140661,0.15803017,0.00797709,0.3176447,-0.070960015,-0.027431767,0.6288538,-0.12232672,0.21806876,0.18794574,0.06451277,0.0015328979,0.12973975,-0.25560376,0.0016160663,-0.1570551,0.09981245,0.08475965,-0.16968448,-0.049648214,-0.5703056,0.13850963,0.3890276,0.009168138,-0.27277365,0.058156792,-1.0007079,-0.0021989555,0.02668072,0.077602826,-0.06277858,-0.38226265,-0.123408675,-0.059490044,-0.022963254,-0.13136663,-0.1726678,-0.07216461,-0.032045204,-0.31193894,0.2943459,0.3467419
96,negative,0.08254703,0.34815076,0.41721255,-0.09675953,-0.15096268,0.25015965,-0.29952702,-0.1700928,0.25593048,0.06182676,-0.03014028,0.15503824,0.053713046,0.071876675,-0.008213818,-0.045610256,0.0022778802,0.18331821,-0.47038576,0.22855155,0.2719767,0.057654724,0.045623366,-0.31194273,0.09121565,0.038680494,-0.14407347,-0.28494957,0.25145215,-0.11017884,0.20907505,0.16400425,0.04857446,-0.12516293,-0.022733193,0.118586965,-0.0012253056,0.015689801,0.0327252,-0.19038215,-0.3862736,0.1253849,0.04562026,-0.34166542,-0.23764619,-0.21699436,0.45110828,-0.15261576,-0.35838693,-0.7738715,0.0055778027,0.034087062,0.18784834,0.8914786,-0.20816492,-1.5325735,0.07898091,-0.002698475,1.1207873,0.10488893,-0.080385506,0.5018003,-0.27792582,-0.27393457,0.7117471,-0.039359204,0.35660747,0.2459702,-0.013383137,-0.10466366,0.12996037,-0.25686204,-0.32845026,-0.15630509,0.10498601,0.0042652152,-0.19102077,0.03937658,-0.59810567,0.21078034,0.41838145,0.060132492,-0.26092336,0.054295164,-1.0011073,-0.1216604,-0.14921108,-0.0028199677,-0.107676186,-0.22815695,-0.10085211,-0.09780067,0.02535778,-0.10137946,-0.29404822,-0.2185492,-0.26039624,-0.20559552,0.19230767,0.1462028
97,negative,-0.085828185,-0.06703048,0.13158551,-0.15061168,-0.14215729,-0.029033575,-0.15288381,0.015314467,0.020552108,-0.0043861563,0.16281602,-0.03747383,0.064177886,-0.09830234,-0.015764842,0.048785724,0.038972262,-0.047745805,-0.32565054,0.092061356,0.25666285,-0.1498374,-0.11663876,-0.029853268,0.034036208,0.03318788,-0.05522854,-0.14482194,0.035605315,-0.060918268,0.052389953,0.23243459,-0.15577541,0.12587821,-0.021326346,0.09374941,0.08931357,0.016651094,0.16728075,-0.039371997,-0.26325816,-0.14291568,0.11141884,-0.08397044,-0.06696273,-0.05513464,0.08070125,-0.002397879,-0.012828398,-0.52673465,0.078698516,-0.0545375,0.08241206,0.6164992,-0.0066806697,-1.3735274,-0.09043091,0.06641217,0.856375,0.103628695,-0.1164366,0.3081476,-0.1251899,-0.003742776,0.31352693,-0.028068108,0.21316259,0.2375721,0.082037926,0.06831427,0.05137094,-0.19451788,-0.1867825,-0.31431863,-0.01348396,0.0011367471,0.122348756,0.03402258,-0.46856004,0.04200865,0.41670084,-0.10613182,-0.11683586,-0.048527673,-0.6486393,-0.13125063,-0.15910028,0.013588585,-0.03533447,-0.29699105,0.12309328,0.039875515,-0.06314,-0.017216535,-0.1943371,-0.059135437,0.012497118,-0.113586485,0.22369131,0.05571809
98,negative,0.017709196,0.21432616,0.1306066,-0.17233627,-0.06080537,0.21071957,-0.11212697,0.17388542,-0.04127545,0.27779865,0.026207333,-0.07431335,0.2757602,0.31988502,-0.06964144,-0.19487005,0.08561443,-0.02025066,-0.3840451,0.29068884,0.25464374,-0.23091935,0.1131769,0.027459431,0.015743705,-0.004720881,-0.26076126,-0.23154682,0.12737909,0.1125789,-0.11635736,0.4042182,0.009217564,-0.02344738,0.0809939,0.0775445,-0.105310544,0.13594982,0.27258354,-0.047689836,-0.27426973,0.071610324,-0.115036935,-0.23932111,0.22800042,-0.02617893,-0.09793716,-0.09559356,-0.09966318,-0.41502172,-0.14307684,-0.07421866,-0.12660003,0.8226618,-0.09377685,-1.5687106,-0.16847153,-0.15125956,1.2634267,0.38407925,0.030653857,0.39861548,-0.03629017,-0.120218955,0.4697315,0.04495533,0.16135567,0.199293,0.077038094,0.08375825,-0.046976976,-0.23029955,-0.16879657,-0.30092224,0.083288394,0.21691608,0.034715034,-0.07068898,-0.53500247,-0.16476801,0.51039773,0.03994106,-0.24117705,-0.119776316,-1.0159855,-0.15588135,0.0954943,-0.062217116,-0.030945357,-0.14916663,-0.009757068,-0.07009735,0.03196292,-0.13646258,-0.44025669,0.102676004,-0.073363826,-0.19398917,0.17408945,-0.024553552
99,negative,0.025007082,0.025888858,0.20507531,-0.45652053,-0.060301345,0.08234082,0.034398504,0.08584869,-0.23586036,-0.32940546,0.05861596,-0.013022671,-0.14817983,0.064530626,0.054620374,-0.0820669,0.21591593,0.01433481,-0.37719437,0.22546895,0.08489303,-0.026519258,0.14618522,-0.02682274,0.23745288,0.06556615,-0.18000744,-0.23086561,0.15672097,0.018070612,0.12998593,0.16087833,0.09624944,0.077270076,0.0068859556,0.19115087,-0.068599105,0.026698798,0.13468069,0.1858753,-0.11057623,0.05101046,0.21523565,-0.14358231,-0.13607393,-0.060397334,-0.2598293,-0.37994856,-0.025396204,-0.29044867,-0.018092604,-0.12111006,-0.12316007,0.30193648,-0.051117003,-1.3569075,-0.16313541,0.06298814,0.34894252,0.16800366,-0.08703438,0.2346449,-0.04191947,-0.025799025,0.33399063,-0.2774899,0.24290392,0.47913012,-0.051097654,-8.2147475e-05,-0.06832631,0.12992908,-0.20078637,-0.21294884,0.0248177,-0.09411104,-0.07618396,-0.0003998794,-0.34672764,0.07325527,0.3755565,-0.056253523,-0.23691377,-0.09982656,-0.40486315,-0.09050812,0.03761393,-0.11191712,-0.05275742,-0.4342192,0.04888123,-0.19404402,-0.14743537,0.35097787,-0.14119802,-0.0036827645,0.07490271,-0.22545828,0.03439311,-0.16463175
100,neutral,-0.10014481,0.05826708,0.1698359,0.08054518,0.15807757,-0.026604444,-0.12087076,-0.068986066,-0.11690362,0.14869185,0.07394231,-0.06310094,0.044090353,0.05858505,0.005790718,-0.18385416,0.09698699,-0.17015396,-0.41759193,-0.010442181,0.12137687,-0.14072801,0.2553941,-0.0961507,-0.09170182,0.025329048,-0.16356288,-0.08649701,0.45257753,0.072599426,0.2126464,0.3911776,0.11001124,-0.11485697,-0.22260502,0.116926655,0.09505466,0.06720006,-0.3591402,-0.24771295,-0.36752877,-0.052531302,0.46217808,-0.1647749,0.20324723,-0.19716176,0.12604411,-0.11629272,-0.07076927,-0.15840578,-0.27424765,0.09162144,0.13938107,0.7561651,-0.08498516,-1.2924312,-0.20389146,0.20225239,0.9514128,0.23043638,-0.22179587,0.07578698,-0.082052395,-0.21077566,0.40581462,0.017318863,0.040039524,0.15734333,-0.06835547,0.13860998,0.16247977,-0.006959048,-0.3697946,-0.46123564,-0.24575457,-0.15983649,-0.012424677,0.23790324,-0.6811332,0.14304179,0.48954096,-0.11645118,-0.23018372,0.03647553,-0.5534674,-0.06286588,0.14990382,0.22749887,0.108068384,-0.7116466,0.25279015,-0.14788797,-0.27274004,0.2765971,-0.6188715,-0.16196358,-0.060410883,-0.32867038,0.05255315,-0.12433356
101,negative,0.076853916,0.25264513,0.55144006,0.006222504,-0.044781458,-0.018118396,-0.15120278,0.07776123,0.14230639,0.012237576,-0.086867884,0.07295125,0.16448866,0.11984645,-0.053100053,0.01082193,0.11583184,-0.13071138,-0.21644606,-0.022815885,0.30472565,-0.06598465,-0.01830852,-0.063218944,0.19907899,0.23911321,-0.16565022,-0.22011256,0.34489396,-0.04646334,-0.018586645,0.14326318,-0.05121719,0.00626193,-0.047227442,0.20355247,0.029732656,-0.03410944,-0.1810853,-0.119438,-0.353114,0.119102634,0.3153635,-0.18333554,0.07018859,-0.1543213,0.16800997,-0.09108601,0.016318759,-0.41728622,0.06315726,0.12168089,0.23653992,0.6604541,-0.21263716,-1.1695229,0.1636506,-0.21749938,0.99756044,0.16104917,-0.061792463,0.32390344,-0.103159145,-0.37478778,0.512848,0.012405223,0.21840665,0.19145185,-0.25516593,-0.26502016,0.07162838,-0.10288262,-0.13729705,-0.301034,0.090931065,0.4448203,-0.2031226,-0.16418044,-0.5470082,0.043491114,0.3645018,-0.040080097,-0.0396742,0.103986315,-0.73730314,-0.05942305,0.0791488,0.039374787,0.19482131,-0.1925082,-0.023551177,-0.025379842,-0.22584875,0.15870231,-0.40019137,0.035166185,0.055821132,-0.056681857,0.27471352,0.054880004
102,neutral,-0.09738294,0.21190737,0.28493282,-0.24363154,-0.076928854,0.09068686,-0.2009276,-0.08905116,-0.08715764,-0.103284545,0.31097588,-0.07855307,0.044986803,0.011102043,0.0284587,0.101664506,-0.21142092,-0.14359897,-0.11531582,-0.06388743,0.24915253,-0.011819207,0.05933703,0.016647696,0.14667317,-0.04277889,-0.09681885,-0.12095009,0.0999069,-0.018435227,0.03746252,0.3412103,-0.15115528,0.07830952,0.038836922,0.042766284,-0.15956827,-0.07409931,0.0393936,-0.25217685,-0.06795917,-0.27164307,-0.2223984,-0.34055606,-0.0692002,-0.27704233,0.17827559,0.009441137,0.07994377,-0.5849532,0.077899426,0.029303126,0.03185905,0.57216775,-0.06593099,-1.5716892,-0.012866637,0.16204582,0.76833165,0.24490057,-0.08802631,0.52163446,-0.31364915,-0.055775102,0.36367908,-0.03427413,0.19574934,0.048706055,-0.014710729,-0.20698428,-0.17503007,0.032833442,0.053023223,-0.079162315,0.031774808,0.109917186,0.067804195,-0.109182715,-0.2521151,-0.2739162,0.3155775,-0.18873563,-0.32192132,-0.28943345,-0.6714063,-0.13862006,0.041445877,-0.093435824,-0.050013397,0.032128286,0.049855754,0.22466944,-0.24197832,-0.1394789,-0.3512441,-0.018774189,-0.24748613,0.062923715,0.32609758,0.024942895
103,neutral,-0.03834012,0.14073247,0.42548043,-0.16471577,-0.23711489,-0.041996412,-0.07181707,-0.115242675,-0.037642166,-0.030472087,0.09578526,0.08204304,0.15734269,0.0073816977,-0.067694254,-0.1445258,0.031021928,0.05547905,-0.39216745,0.41605216,0.17826657,-0.14195706,0.1863499,-0.05949736,0.0769286,0.03802985,-0.1103969,-0.3613766,0.28587297,-0.071304075,-0.041956257,0.48850843,-0.052501254,0.03185963,0.10712987,0.1489276,-0.13348016,0.14828835,0.10563846,-0.096201874,-0.27930596,0.046777032,0.0945299,-0.3433224,-0.21629605,-0.12061367,-0.07531544,-0.072213665,-0.14058985,-0.6033282,-0.019257817,-0.24211812,0.13276169,0.63648915,-0.10005116,-1.3967266,-0.06973557,0.01968286,0.71442264,0.1573888,-0.11445834,0.2952744,-0.20446649,-0.013801268,0.507355,-0.05228918,0.28226897,0.42017862,-0.079297625,0.01404562,-0.031963598,-0.027364613,-0.21734509,-0.31826302,0.025695294,0.0857973,-0.11352411,-0.09736989,-0.35624853,-0.1850199,0.3612049,-0.09355543,-0.17294665,-0.20533971,-0.73613334,-0.10088048,-0.077732615,-0.006928528,-0.0108369645,-0.33793676,-0.02530117,-0.10962795,0.011455334,-0.06566365,-0.3153823,0.1876117,0.11133373,-0.2525021,0.030228069,0.07966526
104,negative,-0.23490046,0.34779668,0.13013582,0.0027842652,-0.1383919,-0.03291745,-0.0041786833,0.071741074,-0.08753903,-0.17128316,0.35834664,0.04550069,0.029204007,0.013435315,0.08071355,-0.021055212,0.056804977,0.11391051,-0.12550633,0.046332333,0.1583812,-0.16183788,-0.27664876,-0.29230484,0.28510603,-0.041028176,0.088718526,-0.05391338,0.12216248,0.05258744,-0.058047116,0.025921388,0.014526614,0.07787416,-0.07278968,0.12446561,-0.084049806,-0.05599793,-0.067605235,-0.21548004,-0.20106904,-0.0992403,0.037709907,-0.107215025,-0.155031,-0.38782397,-0.112837344,-0.06237529,-0.06190415,-0.5040675,9.089194e-05,-0.14603227,0.23703662,0.6270248,-0.36549282,-1.4455966,0.014299928,-0.09062699,1.1596872,0.089953974,-0.41750985,0.8636167,-0.50845027,-0.04113987,0.50243175,-0.00913828,0.19321929,0.13997008,-0.10993695,-0.24861108,0.18389945,0.059686203,-0.044314638,-0.1080741,0.30947694,0.24176037,-0.09912779,-0.06941523,-0.3911933,0.12471602,0.42635953,0.052319296,-0.02797149,-0.012682915,-0.6992549,-0.08973563,-0.11675683,-0.076956145,-0.023191785,0.13066441,0.08339643,-0.20453897,-0.17913714,0.23807971,-0.22485438,-0.14071831,-0.1057571,-0.1598041,0.45220578,0.3174254
105,neutral,-0.0837626,0.26943186,0.44378418,0.0100044655,0.18622918,-0.13153288,0.12565252,-0.03551312,-0.111862,0.00041166105,0.25845274,-0.016280267,0.10549714,0.0024746445,-0.19934385,-0.19454049,0.09602692,-0.22424161,-0.1772801,0.20379356,0.3590603,-0.070173964,0.048009343,-0.0337058,0.21319708,-0.068500616,0.08847816,-0.3251862,-0.09744927,-0.07337756,0.16057917,0.247048,-0.26186487,-0.110680416,0.13627923,0.12063439,0.2088387,0.11923876,-0.1870027,-0.018022452,-0.31758603,-0.26370546,0.08050165,-0.18015125,-0.026645321,-0.26597446,0.13378315,-0.106693186,-0.09091815,-0.5318395,0.017087655,-0.10680457,0.16833559,0.5919932,-0.1700317,-1.894308,-0.17883205,-0.11250327,1.3970326,0.30873412,-0.1349077,0.28820893,-0.34560236,-0.12407364,0.5240647,0.018089687,-0.056748446,0.38772172,0.10679473,-0.22573473,0.100994654,-0.011885261,-0.2363125,-0.33251095,0.040745646,-0.0935001,-0.14420661,-0.101605624,-0.74926656,-0.191901,0.4930726,0.04384896,-0.10163425,-0.015195097,-0.79861236,-0.02725349,-0.096447445,-0.16728015,0.0798705,-0.16905478,0.07225918,-0.15298247,-0.32585004,-0.08540341,-0.5727108,0.24818487,-0.15491869,-0.004936429,0.6246902,0.2699691
106,neutral,-0.18645345,0.08060239,0.33576664,-0.10855848,0.13531806,0.113456175,-0.435998,-0.032664474,-0.1218251,0.5697313,0.10231105,-0.18025027,0.44168478,0.37941745,-0.15039858,-0.02718818,-0.21783207,-0.52171344,-0.6682124,0.363371,0.3394258,-0.26801834,0.29605243,0.0041140607,-0.24241854,0.13391809,-0.08410346,-0.0006110564,0.5304726,-0.010458307,-0.07691611,0.09679088,-0.005308625,0.0059273704,0.0051203687,-0.044378053,-0.071567215,0.04637289,-0.032757133,0.17145863,-0.6230014,0.2070134,0.42531428,-0.4149424,0.21563765,-0.4304782,0.17516068,-0.14215253,-0.15524909,-0.67467207,0.066749565,0.47103184,0.33521765,1.1917748,-0.3489699,-1.6578296,-0.46071586,-0.3135979,1.4181658,0.19803117,-0.24462478,-0.01539604,0.18915245,-0.3420163,0.47331622,0.44983307,-0.12175044,0.4886602,-0.2486217,0.12691352,0.18583824,-0.645564,0.008144675,-0.5506003,0.13472207,0.31957498,0.14378414,-0.016034765,-0.72525805,0.35859862,1.0253186,0.21629778,-0.37886587,-0.06013616,-1.002805,-0.15076077,0.016760712,0.057289425,-0.16595605,-0.35164332,-0.09564731,-0.035933547,-0.09233927,-0.30723745,-0.58162683,0.11725103,0.026685968,0.01071225,0.34064353,-0.17283045
107,neutral,0.13964415,0.022362126,-0.058737315,0.041900463,-0.16183099,-0.08657099,0.17708638,0.041170068,-0.18833312,-0.40524533,-0.27497905,-0.17726204,-0.3347439,0.48618338,-0.020078901,0.09632323,0.3826319,-0.035218824,-0.19413556,-0.0027343761,0.05815513,0.19323309,0.34544152,-0.038270835,0.2423552,0.122987285,-0.09431792,-0.15831724,0.17056888,0.14769451,0.08613719,0.16634998,0.24902171,-0.19714041,-0.012296919,0.2505612,0.11354445,0.23006137,0.34106487,-0.32773885,-0.007926447,-0.14323433,-0.13370055,-0.040673118,0.05876203,-0.08934796,-0.28850156,-0.30393022,0.084985256,-0.39850703,-0.15730432,-0.051667564,-0.29327124,0.23434296,-0.265789,-1.011959,-0.4975671,0.013795668,0.3547015,0.23707227,0.035817795,0.19099948,-0.0028506515,-0.05856829,0.06961302,-0.4803351,0.36675942,0.34088597,0.22188054,-0.13301364,0.119560026,0.20972152,0.18676451,-0.13242225,0.027094012,-0.082185514,-0.061150346,-0.16564737,-0.32900542,0.21274593,0.17086531,-0.11060396,-0.3724735,0.009076847,-0.47963378,-0.03864767,-0.1512968,-0.3281093,0.084942915,-0.1682357,0.31834456,-0.23820357,-0.15810968,0.23236327,-0.17169017,-0.21868025,0.055989,-0.24959637,-0.039249007,0.38855362
108,neutral,-0.4928028,0.023721894,-0.090435416,0.02426379,-0.02014858,0.017502721,0.20111693,0.084775716,-0.13421077,0.49644375,0.26277772,-0.14578743,0.33590466,0.26295817,-0.01643269,0.033606227,0.05424477,-0.3242374,-0.4737623,0.11897759,0.44992855,-0.30939615,0.1057543,-0.09393754,-0.15504342,-0.029147128,-0.1480208,0.09679277,0.28452945,0.0550096,-0.12654705,-0.03889926,-0.21452692,-0.03367902,0.25283858,0.10028743,0.07013912,0.19306068,0.16458923,0.055766396,-0.33612236,-0.02861369,0.36881647,-0.058502316,0.4545429,-0.0761505,-0.08475285,-0.06312728,-0.054350857,-0.28959697,-0.12735079,0.19195913,0.01450945,0.9722856,-0.16626073,-1.375514,0.08049249,-0.26464906,1.4718399,0.45716527,-0.06372435,0.6218439,0.105538994,0.05202557,0.5241182,-0.019480405,-0.29588476,0.19351792,-0.069421224,0.46373144,0.18194811,-0.7754607,-0.3080686,-0.24074943,0.17413764,0.24044615,-0.18695986,0.25875947,-0.74046165,0.1012364,0.5877884,-0.22120923,-0.07174347,0.20009659,-0.7678171,0.06677887,0.3360918,-0.12351721,0.07272894,-0.06751085,0.05256651,-0.005963912,-0.13030179,0.16693424,-0.46676907,0.11457736,0.020228276,-0.030978572,0.21806303,-0.020974752
109,neutral,0.16828604,0.004023008,0.33759582,-0.3746236,0.04177852,0.073006034,0.044943377,-0.020042595,-0.26598376,-0.15239507,0.024285067,0.092126265,-0.1711574,0.0894556,0.16434623,-0.28349516,0.27185592,0.29514828,-0.119513296,0.22337356,0.27292967,0.10175178,-0.045592774,0.2021425,0.48477075,0.36037898,-0.4418227,-0.43145669,0.60151064,-0.1841835,0.16747089,0.5587905,0.29926535,0.22394747,0.19162102,-0.02462771,-0.08617803,0.06454486,0.19576266,-0.07660523,-0.14416087,-0.120024346,0.25098646,-0.17504992,-0.09707775,-0.070436366,0.27478358,-0.13091592,-0.43991855,0.19330195,-0.19651751,0.41626498,-0.30921987,0.42277437,-0.23364231,-1.6522777,-0.32097113,0.20611773,1.1604118,0.4590044,0.043695007,0.72889376,-0.22500916,-0.045920763,0.32792884,-0.058851015,-0.008196197,0.13337742,0.10426181,0.23535158,0.3164823,0.10581482,-0.17026573,-0.77496874,0.15329774,-0.17580318,-0.37513047,0.3051108,-0.51599705,0.11971666,0.11918666,-0.046324,-0.6752331,0.19928887,-0.3677612,-0.10378019,-0.22623423,-0.07674468,0.1394557,-0.544123,-0.25013515,-0.48711753,-0.0060734265,0.18014309,-0.3776521,0.29155573,-0.4009174,-0.3029699,0.29146853,-0.033563938
110,neutral,-0.18535273,0.2544553,0.32200095,0.0047170883,-0.075080976,-0.18572444,-0.079549685,-0.08969025,-0.09472911,0.023442892,-0.046535917,-0.05015102,0.0595553,-0.09679077,0.11480129,-0.19035132,0.07978501,0.015012383,-0.20990299,-0.024085699,0.13162379,0.09073578,0.0005892984,-0.1485731,-0.07477079,-0.029329043,-0.16152737,-0.19218467,-0.052567292,-0.09260528,-0.062270585,0.2258255,-0.19992642,-0.065851055,-0.12814525,0.009195746,-0.04939838,0.0062051904,-0.06288664,-0.25070438,-0.3707976,-0.16423301,0.06536919,-0.16012806,-0.064322725,-0.0578747,0.2665516,-0.05991883,-0.2376127,-0.65408325,0.036868844,-0.068431854,0.017571995,0.7959145,0.0004680898,-1.739089,0.12828504,-0.07580889,1.2946453,0.3556131,-0.1879816,0.53274274,-0.269643,-0.08241031,0.5211681,0.023847343,0.028329054,0.09411258,0.28482664,-0.10767323,0.04593578,-0.007829874,-0.12932901,-0.2650595,-0.028173717,-0.017805057,-0.19096377,0.08283991,-0.6518816,0.0856608,0.42703438,0.05751939,-0.38086334,0.065058134,-0.9756413,0.019938724,-0.008619674,-0.13120227,-0.17216451,-0.27934745,0.26688048,-0.035912257,-0.1612348,0.027738359,-0.27686268,-0.020985872,-0.036062405,-0.21007144,0.2841674,0.09508598
111,neutral,-0.23792382,0.07999312,0.2078381,-0.083932035,-0.048181325,-0.14884512,-0.028001161,-0.13001429,0.13148895,0.17263724,-0.039527267,0.025126705,0.12389676,-0.16770382,0.04626743,-0.1798279,0.03429117,0.030143615,-0.16892423,0.113260925,0.26469627,-0.123723745,0.1766304,-0.20322394,-0.037057474,-0.083674006,-0.07100157,-0.20562576,0.09826926,-0.07946954,0.05177064,0.38136867,-0.2070383,-0.09371739,0.013470179,-0.054297514,0.16520558,0.11283827,-0.11420016,-0.12762478,-0.40413707,-0.017874457,0.14259772,-0.23282811,-0.055479884,-0.2831463,0.2680323,-0.12357067,-0.15414923,-0.4783894,0.15465593,-0.06486293,0.13133094,0.7656382,0.18666233,-1.7326101,0.16701993,-0.011573161,1.0216068,0.3660906,-0.062421422,0.31903774,-0.24405992,-0.116471246,0.61575186,0.19534865,0.26870534,0.22103484,0.04597716,0.01968137,0.16374604,-0.14781453,-0.19646518,-0.24171317,0.026618123,-0.09773727,-0.15401988,-0.026669087,-0.6535117,0.0889261,0.45190793,-0.0020613433,-0.36101115,0.047308724,-0.94556564,0.10740231,0.18175142,0.0121080605,-0.031256694,-0.37540388,0.050053507,0.040946092,0.025638249,-0.038052198,-0.18009561,0.11674648,0.031049322,-0.21355924,0.31465653,0.19875968
112,neutral,-0.19445172,0.24029408,0.11024982,-0.0056728474,-0.0033921192,0.06687649,-0.0733769,-0.33060247,-0.033116773,0.4384051,-0.011202044,-0.12297886,0.18774813,0.08125593,-0.05027136,0.034591578,-0.10470962,-0.15383565,-0.24478449,0.012128546,0.38610503,-0.27057767,0.17058927,-0.18696763,-0.0485749,0.05658353,-0.1868952,-0.31300926,0.18687561,-0.018435765,0.013825189,0.23755792,-0.15123926,-0.11316176,0.22293343,-0.008763535,-0.037024524,-0.17696783,0.15101773,-0.07556612,-0.23906346,-0.017113917,0.09252826,-0.18935786,0.059812117,-0.18836355,0.19240525,0.07459996,-0.1754113,-0.36927804,0.060115755,0.09353453,0.08347317,0.89542407,0.15556328,-1.554854,0.04213284,-0.06448822,1.2120203,0.38713932,-0.039654557,0.42089334,-0.007316756,-0.23836698,0.6317731,0.14638391,0.19703694,0.11107184,0.09303091,0.11535223,0.14641897,-0.3483024,-0.2510365,-0.12063156,0.0008535396,-0.21780773,-0.06191248,0.035424992,-0.6436775,0.106619135,0.5401934,-0.06413121,-0.22026278,0.087056756,-0.9757862,0.18418254,0.027923418,0.014682393,-0.14566539,-0.24605635,0.022313936,-0.08380705,-0.11662816,0.20809327,-0.2756882,-0.19540997,-0.08908215,-0.25268623,0.39347735,0.1750231
113,negative,-0.041014135,0.22334377,0.12245563,-0.17754807,-0.026575582,0.2086931,-0.0794808,0.17630863,-0.0805051,0.26828173,0.031722818,-0.00963072,0.2457309,0.31332436,-0.027079675,-0.1605272,0.103412844,0.014775026,-0.41710514,0.24195595,0.37076488,-0.27921093,0.100520484,-0.03196407,-0.025041949,0.014473288,-0.29753673,-0.28977045,0.16182733,0.06738285,-0.12500519,0.3771922,-0.043247934,0.011578441,0.10401491,0.06694375,-0.16061896,0.13807568,0.2708533,0.027183555,-0.3167725,0.029899431,-0.09259401,-0.24243343,0.2552389,-0.04798433,-0.10321596,-0.17265439,-0.14024405,-0.446799,-0.11422682,-0.08176465,-0.10041916,0.8475204,-0.105492845,-1.6907805,-0.18938887,-0.14522444,1.4023083,0.38947588,-0.028026257,0.4598373,0.0045444528,-0.10920503,0.49369147,0.027846182,0.19737345,0.18689741,0.0074004987,0.059378468,-0.034324903,-0.27628124,-0.2143142,-0.28906217,0.10848841,0.23353823,0.012415635,-0.008090491,-0.535081,-0.14002748,0.60494614,0.0393943,-0.31629837,-0.14741184,-1.0269238,-0.20240662,0.15859415,-0.07378812,-0.069112495,-0.13811558,0.0108296685,-0.09187244,-0.012417032,-0.1591197,-0.4379684,0.06586999,-0.090058506,-0.1954258,0.17696716,-0.023178006
114,negative,-0.029490966,0.098338135,0.34497723,-0.2337153,0.17073515,0.33939216,-0.08750111,0.06260397,0.13859932,-0.017874725,0.14116913,-0.09312103,0.08450984,0.027487991,0.17384253,0.15790872,0.16297968,-0.054803204,-0.20541228,0.21922924,0.29785848,-0.06313591,0.07251233,-0.13390198,0.19017102,-0.028755577,-0.14723566,-0.23510757,0.1685973,-0.15660632,0.24472341,0.347652,-0.062678695,0.15987472,0.11074077,0.19985835,-0.15098882,0.017916191,0.06594569,-0.1539611,-0.1712012,0.022819862,-0.041050155,-0.016463622,-0.038069807,-0.011325786,0.0036596814,-0.35075128,0.09487867,-0.5751648,0.13727194,-0.08447246,0.1139122,0.69783604,-0.072562136,-1.9816271,-0.16310504,0.030680168,1.2318316,0.18878314,-0.16893928,0.7486974,-0.10540452,-0.18264997,0.6758274,-0.091415614,0.5528186,0.2140762,-0.07111783,0.025803639,0.03414233,-0.11469434,-0.17920393,-0.108368136,-0.021460216,0.02531283,-0.12175254,-0.00067110854,-0.44376934,-0.042861726,0.38350764,-0.05942573,-0.066943966,0.11475533,-1.1584808,-0.09215585,0.0585132,-0.20607872,-0.026503665,-0.19010796,-0.04763878,0.065024115,0.059877623,0.003238732,-0.1882977,-0.1735458,-0.06567017,-0.1551187,0.37450933,0.0650949
116,negative,-0.20189479,0.2464417,0.14072765,0.18410422,0.11083551,-0.264098,-0.2540801,-0.051715203,0.012376886,0.49288806,-0.0832718,-0.1334078,0.2981708,-0.106032275,0.13883366,0.059695866,-0.3412523,-0.2691974,-0.42404845,0.11186739,0.3350425,-0.13069558,0.17751761,-0.19725947,-0.043801807,-0.121281035,-0.061674826,-0.015178547,0.22569112,-0.098008245,0.123930685,0.09875841,-0.055040646,0.08461668,-0.022552084,0.08852972,0.17811185,0.0061803223,-0.25869432,0.18604998,-0.4224496,-0.087118976,0.3284098,-0.063234106,0.2435379,-0.28772387,0.44308388,0.1328743,-0.041114952,-0.30606136,0.34446102,0.12581718,0.16302156,1.0378926,-0.116418466,-1.8061031,0.036609594,-0.27297425,1.424894,0.23779503,-0.12253537,0.38047066,-0.06761449,-0.14950243,0.49713728,0.0959045,-0.17964184,0.096999325,0.017244423,0.13411056,0.28129673,-0.4331864,-0.24598962,-0.34528455,0.20588745,-0.114824176,0.005431899,0.04584934,-0.77109104,0.030611614,0.7771674,0.10606836,-0.19882469,-0.15774031,-0.96265787,0.046165388,0.093442075,-0.02061588,-0.009344187,-0.10682492,0.119788125,0.16210966,-0.31171587,-0.12548198,-0.5405294,0.1288377,0.10116964,-0.120115906,0.68047184,0.28667018
117,neutral,-0.12643915,0.13900143,0.3260186,-0.20993142,-0.03655633,-0.12850562,0.0014819929,0.1793076,0.009384768,0.07799448,0.15611623,-0.08789364,-0.016443683,-0.11582307,-0.044871707,-0.24634077,0.002874378,0.12051469,0.030819628,0.13427591,0.35916862,-0.027064294,-0.06832823,-0.04709341,0.20379083,-0.020216608,-0.219774,-0.3364733,0.25237936,0.052815225,0.040629156,0.28893816,-0.009689033,0.1193686,-0.040722378,0.30548012,0.078600354,0.036685638,0.12769616,-0.24865365,0.16152728,-0.19868535,-0.09734725,-0.20568043,-0.06752882,0.10920243,-0.056004643,-0.20909607,-0.16797623,-0.674665,-0.014964783,-0.023694247,-0.10627437,0.710832,-0.09388846,-1.3573084,-0.14159994,0.14396173,1.0375233,0.24433002,0.13528194,0.3183279,-0.20857704,0.122911215,0.4344242,0.1727657,0.36403248,-0.16731252,0.27946678,-0.08705953,0.05598119,-0.15648612,0.008645503,0.0059085423,0.00047594603,0.1436017,0.22643927,-0.14375079,-0.39175865,-0.121418566,0.28529528,0.019134423,-0.14619924,-0.1307576,-0.567037,-0.30364454,0.04236612,-0.33900046,-0.22898681,-0.15638223,-0.068882465,0.067461446,-0.030648997,-0.030497959,-0.35783967,-0.022673942,-0.025857724,-0.14749616,0.49882182,-0.1277721
118,neutral,-0.23415819,0.054753773,0.19314232,0.11252825,-0.029112598,0.044344194,-0.136181,0.06161455,0.15010658,-0.07623718,-0.11283409,0.09503534,0.033534825,0.15674783,-0.05040693,0.049676184,-0.02534114,-0.21249503,-0.19935614,-0.03440474,0.13261159,-0.1470605,-0.0670214,0.030269688,0.028829567,-0.055729408,0.08647389,-0.124950975,0.268035,-0.20015721,-0.27228725,0.08770853,-0.004730373,0.031407367,-0.029668288,0.21156359,0.18025202,0.0022223725,-0.11254142,-0.17708178,-0.3753618,0.047670208,0.09146145,-0.14849976,-0.11672401,-0.12223882,-0.12024433,-0.0026673975,-0.11215637,-0.3347087,-0.0739551,0.06012068,-0.04862772,0.50404155,-0.18447866,-1.0149777,0.0011408044,-0.15905912,0.64044774,0.015293931,-0.17321302,0.12907554,-0.14383142,-0.3823099,0.4562534,0.048114955,0.036736235,0.31663966,-0.17921011,0.0005664187,0.16724932,-0.168296,-0.33652496,-0.5997604,-0.06732058,0.097369775,-0.094507255,0.07921329,-0.412225,-0.17249046,0.14789003,-0.2437657,0.176132,0.027271168,-0.7819375,0.093078434,-0.051445458,0.120420866,-0.063309684,-0.30726525,0.07761784,0.068857886,-0.2171125,0.20221359,-0.0075596226,-0.02066695,0.09029818,-0.11355347,0.2564439,0.2245647
119,neutral,-0.1817253,0.4049771,-0.20736624,0.36991507,-0.03550494,-0.38036722,-0.1462706,-0.04862005,-0.10084625,0.36541224,-0.16628315,-0.37300506,0.015239109,-0.136928,0.09797261,-0.29294324,0.29935783,-0.07430244,-0.36563823,-0.025829526,0.11324459,0.060250204,0.30370784,-0.057450797,0.41320813,0.3082234,-0.0530734,-0.30547577,-0.04724763,0.16378386,-0.37414557,0.459436,-0.35788023,-0.11913041,-0.12153081,0.20857315,0.50649595,0.14173259,-0.37609586,-0.159297,-0.21024144,-0.41932893,-0.11738666,-0.076389045,0.30038607,-0.04107367,0.20386879,-0.09095165,0.065057926,-0.65024436,-0.14580421,0.18465348,-0.15104297,1.013444,0.0006725695,-2.0569026,-0.09024109,-0.27775714,1.8142978,0.16750458,-0.21722661,0.3548037,-0.33640382,-0.046031382,0.5918892,0.0034361144,-0.03558684,0.3833845,0.36120436,0.022318479,0.55686164,-0.39138323,-0.14377712,-0.51983523,0.07137678,-0.20319547,-0.45227933,0.17885458,-0.61612827,-0.13023685,0.812445,-0.10427468,-0.08292668,0.39002326,-0.9759047,0.114726506,-0.027918762,-0.13332278,0.30978996,-0.030618018,-0.32471198,0.3877471,-0.17162997,-0.3644437,-0.43818396,0.11780272,0.20284265,-0.090629466,0.5528748,0.27583537
120,negative,-0.108163275,0.31013924,0.26854327,-0.14905033,-0.008492591,-0.0074689803,-0.06311736,-0.018348802,-0.030082557,-0.021226652,-0.01124802,0.047788005,-0.022362001,0.053536016,0.08414344,-0.021034392,0.20534919,0.016411506,-0.17545916,0.007229678,0.09903456,-0.095310025,0.078794114,0.037152894,-0.054400615,-0.0264097,-0.20182012,-0.17688905,0.1250628,-0.10881175,-0.003339625,0.13700683,0.010505433,-0.034541946,-0.040857006,0.1618874,-0.036402337,0.038919415,-0.0039868597,0.0757492,-0.38430452,-0.28752407,-0.13589504,-0.1084322,-0.07896385,-0.13615747,0.082975045,-0.03922429,-0.22860458,-0.40854833,-0.06422873,-0.07907941,0.12833281,0.62352335,-0.090415664,-1.6239622,0.021245783,-0.049202733,1.0961723,0.27098548,-0.13400261,0.2422246,-0.10702226,-0.12481864,0.704373,0.15519767,0.09444984,0.02164974,0.15618321,-0.15606944,0.08946094,-0.057014626,-0.32328963,-0.32175958,-0.15121458,0.0015515256,-0.020905936,0.11427998,-0.5275657,0.08196353,0.2552756,-0.006615047,-0.012466148,-0.06742266,-0.65633714,-0.06952144,-0.2366533,-0.1385298,0.16917245,-0.27106476,0.018309806,-0.04441868,-0.015502962,0.0645618,-0.09507875,0.06488677,-0.046182994,-0.04963362,0.47240445,0.11140707
121,neutral,-0.09729244,-0.008925829,0.2917796,-0.34352076,0.06325672,-0.07054368,-0.061882894,-0.069113895,-0.14919226,0.055647697,0.09308041,0.009319891,-0.0600187,0.010192758,0.03497369,-0.07294207,0.041154478,-0.23309857,-0.38738474,0.07945909,0.2691948,-0.13533936,0.18373995,0.025166402,0.05956307,0.10359334,0.049603958,-0.20865639,0.14700584,0.0816343,-0.04464917,0.18915544,-0.09769858,0.26072606,-0.039726354,0.0443486,-0.043989275,0.03133327,-0.02488008,-0.14121827,-0.6840317,0.043436542,0.14445835,0.07006918,0.20475808,-0.1267482,-0.0075477636,-0.2882841,0.042893533,-0.2137331,0.27321494,0.044404864,0.03281575,0.6141879,-0.098255455,-1.7333525,-0.09494044,-0.18626077,1.1817943,0.35326764,-0.18575764,0.44815683,-0.107970014,-0.31765172,0.58710396,-0.11624684,0.087548405,0.2831413,-0.21397458,0.09229798,0.052306183,-0.0323542,-0.27788815,-0.291955,-0.009984903,0.018209735,0.16337115,0.07596138,-0.6888717,0.0994814,0.5457864,-0.14482391,-0.08397276,0.03969232,-0.86607283,-0.06299197,0.043715604,-0.049513187,-0.16211824,-0.40191194,0.07088865,0.022225555,-0.07427271,0.117258795,-0.23340203,0.39626575,0.059443884,-0.070949964,0.2965401,-0.05141299
123,negative,-0.16732569,-0.0272576,0.28787503,-0.20756038,-0.13728835,-0.30808046,-0.21179225,0.055931892,-0.08599122,0.024541963,-0.012796885,-0.048915155,0.04457374,0.020724177,0.13757195,-0.06852442,-0.023860527,0.010074741,-0.24472323,-0.12022352,0.17148635,-0.04662631,-0.21149628,-0.07072854,-0.074084334,0.20046538,-0.1169871,-0.096411906,0.13387059,0.011137679,0.07840229,0.3624067,-0.23332433,-0.04788113,-0.24643765,0.21121414,0.0432887,-0.02371709,0.09440242,-0.1475635,-0.15380497,-0.36893496,0.058559567,-0.16405246,0.019964501,0.12588023,-0.014494923,-0.03328628,-0.16652855,-0.53849125,0.12455316,0.123521954,0.07452449,0.6710265,0.0033909765,-1.5060458,0.12794116,-0.24225059,0.75163925,0.15550734,0.12487841,0.20793618,0.039351743,0.015860083,0.48166975,0.030701237,0.34036022,0.25577572,-0.015351067,-0.10852692,0.17347272,-0.02720887,-0.03862873,-0.28324,-0.06877978,0.026661117,-0.072052695,0.22466034,-0.4023651,0.0419196,0.6063846,-0.071916535,-0.2541249,-0.022400334,-0.51153255,-0.37952903,0.0025393313,0.21956253,0.04473398,-0.36888844,0.008169075,0.04238965,-0.19901274,-0.07187316,-0.349612,0.13750553,0.23750044,-0.07375184,0.1348542,0.13814531
124,negative,-0.28033233,0.25792155,0.31626433,-0.13865463,-0.20310129,0.21202973,-0.2961814,-0.06498086,-0.014826273,-0.11886398,0.066819936,-0.04890711,0.14847352,0.21767007,-0.045952633,-0.25811228,0.2718573,0.21368958,-0.47785324,0.106354766,0.058896918,-0.07470223,0.17910025,-0.18044081,-0.13477165,-0.035788547,-0.15409417,-0.42046183,0.110144764,-0.2338813,0.015671328,0.5440144,-0.10757778,-0.1174037,-0.031233266,0.3704569,-0.060391337,0.1279998,0.080658466,-0.06123815,-0.3431396,-0.09882228,0.010443063,-0.32391414,-0.4153969,-0.2085457,0.03525285,-0.12739782,-0.11258141,-0.52719444,0.28322232,-0.12518951,0.05988035,0.7139717,0.007027402,-1.5448182,0.06798294,-0.041434728,1.042664,0.46349338,-0.06723774,0.5117557,-0.054933093,-0.19946682,0.663012,-0.07538253,0.61737657,0.40730295,0.05360375,-0.018722769,-0.13049215,-0.036234207,-0.04751808,-0.32185432,-0.008738809,-0.038899407,-0.2375517,0.124080926,-0.48799956,0.12154588,0.35165426,-0.026622357,-0.2973091,-0.26731122,-1.2172834,-0.19244768,-0.23789279,-0.017462436,-0.022955732,-0.47562146,0.07344952,-0.20408468,-0.050149083,-0.059605464,-0.20161992,0.09215936,-0.19504815,-0.42825207,0.17882122,0.17572778
126,negative,-0.24085401,0.20939171,0.30040717,0.0036215072,-0.06340914,-0.1072243,-0.14352416,-0.17461587,0.09765213,0.00021026954,-0.051010124,0.033859823,-0.054825727,0.030978044,-0.034527734,-0.32830688,0.029185275,0.080448136,-0.33418134,0.13599324,0.13193156,-0.08098389,0.06390049,-0.042934835,0.09883901,-0.015657766,-0.1350725,-0.29323184,0.101831734,-0.15856804,0.10862836,0.25153488,-0.15688686,-0.05747741,-0.10546912,0.17004192,0.11032894,0.114235684,-0.11265541,-0.057726216,-0.23002197,-0.071831256,0.029244883,-0.025343573,0.027223947,-0.051528364,0.14454871,-0.070542336,-0.18636766,-0.4329531,0.052667655,-0.08187298,0.12718906,0.6951811,0.0142952325,-1.3925031,0.022823168,0.0077948654,0.83431494,0.1224624,-0.061859664,0.30546257,-0.11963887,-0.040576946,0.35614657,0.11041958,0.2798709,0.2623971,0.04657547,-0.23965515,0.07519082,-0.25126705,-0.29412904,-0.17656575,0.03459159,-0.0037561231,-0.15785724,0.21846715,-0.54275554,0.040346373,0.35971197,0.09678916,-0.2116806,0.058051683,-0.72410333,-0.076006815,-0.02717177,0.031637773,-0.074725494,-0.63171995,0.06479988,-0.09821232,0.03796852,-0.06794602,-0.3111374,-0.044817343,0.12047524,-0.29007128,0.25029945,-0.015391801
128,neutral,-0.19020145,0.25707573,0.2762841,0.18285531,0.107433625,-0.46887907,-0.02789081,0.011652527,0.057398945,0.42833617,0.06713466,-0.28089848,0.26769045,-0.0126991,0.014396997,-0.02970013,0.18657519,0.14387599,-0.05899512,0.010911117,0.35157353,-0.11391223,0.25629124,-0.023548469,0.15804951,-0.12494458,-0.14947592,0.16531931,0.037698455,0.03644087,-0.2006409,0.1927938,-0.15437597,-0.064581364,0.103538185,0.094856314,0.15169697,-0.1580871,0.11911705,-0.056920495,-0.2542118,-0.26375777,0.018631538,-0.010245628,0.39453852,-0.17757076,0.16254638,-0.15669583,-0.12804125,-0.34698084,0.07473493,0.3837611,-0.009834069,0.8439167,0.07280308,-1.4175781,-0.08372445,-0.105247505,1.4117575,0.09130907,0.075001866,0.22300066,0.07316951,0.35270622,0.29608208,0.031924877,0.015540212,0.0007744157,0.12541474,0.04002423,0.2015535,-0.3509014,0.17452954,-0.109831445,0.10280415,0.07702387,0.12873447,0.20968081,-0.7564837,0.11051448,0.71480495,0.076066285,-0.23885196,0.16096678,-0.7627962,-0.23895933,0.18605135,-0.017573174,-0.035776272,-0.09944945,-0.027345603,0.027704101,-0.19646066,-0.027921043,-0.2115673,0.09252711,-0.20450196,-0.07468489,0.37942427,-0.107570596
129,negative,-0.07458446,0.17475286,0.07936618,0.12920122,-0.04181876,-0.43364516,-0.13951609,0.105942555,-0.0935157,0.35807404,-0.14208768,-0.072162256,0.110471085,-0.03742195,0.084488094,0.0054622227,-0.30155712,-0.051702954,-0.3787609,-0.11854584,0.48286542,-0.15053083,0.21750167,-0.037688516,0.23826768,0.05352419,-0.22553825,-0.026734887,0.10852963,0.024732415,-0.18715252,0.011751583,-0.09531761,0.09098167,-0.1030013,-0.05629122,0.2712062,-0.19746985,-0.136736,0.100021295,-0.41079554,-0.17039242,0.09237048,-0.080154866,0.3742494,-0.13820828,0.28676826,-0.11821398,0.07494047,-0.6133103,0.111342974,0.12276023,0.017479206,0.8696422,-0.15227358,-2.0682068,-0.027937733,-0.2330598,1.4965284,0.37730432,-0.1571737,0.32641336,-0.16899568,-0.17389219,0.59464157,0.12989925,0.011833009,0.012039426,0.027292028,-0.14596179,0.04900142,-0.29001632,-0.38186926,-0.4128392,0.14438158,0.03911797,0.02758022,0.03910363,-0.79814404,0.10157536,0.7898871,-0.011835071,-0.39793935,0.014549272,-0.83115065,-0.2843791,0.07802415,0.017399173,0.094739586,-0.2495443,0.0359843,0.13828322,-0.4007047,-0.008521093,-0.5877341,0.22569719,0.2431605,0.08676596,0.49762183,0.13772923
130,neutral,-0.080670275,0.15038529,0.30721012,0.029234847,0.00076993665,-0.33487353,-0.19974929,-0.09815529,-0.080490015,0.100117065,0.06126681,-0.07491913,0.046374436,-0.041944988,-0.049476363,-0.11776737,-0.027227618,-0.03308024,-0.15916081,-0.030108338,0.2212665,-0.22782828,0.0846594,0.016796246,0.051828023,0.21173507,-0.17172456,0.029322706,-0.047623385,-0.12610503,-0.045915995,0.29199055,-0.14503753,-0.11367265,-0.042335775,0.00451343,0.020280765,0.14157069,-0.10183771,-0.097129874,-0.16200322,-0.29198915,-0.08635879,-0.01566096,-0.02200545,-0.039909784,0.17730962,-0.05614337,-0.084352784,-0.5345599,0.26921022,0.1443232,0.022273753,0.6967933,-0.07040635,-1.6101264,0.033085942,-0.2725236,1.1504236,0.2023752,-0.019918127,0.21306786,-0.055541266,-0.05550186,0.46840292,0.04998583,0.15961018,-0.043326516,0.2641416,-0.124260455,0.087889455,-0.122100584,-0.034542874,-0.18441023,0.03671349,-0.19937712,-0.027948748,0.0055473093,-0.5863859,0.15345144,0.6167222,0.014866871,-0.1455675,0.060164183,-0.79010564,-0.14275476,0.08718858,-0.17426766,-0.022581115,-0.44310856,-0.08833383,-0.052435216,-0.12355034,-0.092977144,-0.3374652,0.11799993,0.02393712,-0.35747552,0.30750993,0.2337852
131,negative,0.05284412,0.015077212,0.20567353,-0.21420863,-0.16020639,0.16272132,-0.06892295,-0.062595256,0.2063836,-0.27520284,-0.0110715125,-0.021715054,0.17032835,-0.088011235,0.15803446,0.027978962,-0.21830694,0.16582547,-0.028663987,0.3483165,0.4150072,0.10699782,-0.17002285,-0.021592772,0.15826607,0.22428736,-0.05594667,-0.11842834,0.08103515,0.0034099885,-0.15467595,0.3393415,-0.11884277,-0.0786713,-0.033059873,0.25311053,-0.11926281,0.04380855,-0.035726313,-0.2457343,-0.03815603,0.092307575,-0.20190537,-0.19605193,-0.060200885,-0.13258561,-0.006296359,-0.050643485,0.248532,-0.32653943,0.015380624,0.03160884,0.17483613,0.48897249,-0.2529982,-1.1848673,0.035132058,-0.014737083,0.38310537,0.11308194,0.023779094,0.41787845,-0.5154931,0.056976125,0.5645,0.048461255,0.4090665,0.05452378,-0.23567808,-0.16482896,-0.06947705,0.10918047,-0.031452578,-0.022363462,0.051931076,0.3600079,-0.17479768,0.0013652077,-0.22439422,-0.15914486,0.124232225,-0.18433702,-0.52324647,0.00987904,-0.7860413,-0.32906955,0.03273153,-0.03839372,0.064830095,-0.20632815,-0.11834213,-0.029158222,-0.082538314,-0.13819097,0.079283826,-0.2325829,-0.032878377,-0.23730668,0.018731404,0.23694682
132,neutral,-0.29558674,-0.022559104,0.20087595,0.08435991,-0.19521664,0.23370624,-0.19354652,0.09983724,0.22804198,0.47641155,-0.11490712,-0.039136488,0.31267387,0.009691864,0.013286221,-0.2474795,0.027346533,-0.24692014,-0.51411265,0.24678838,0.5095789,-0.15570432,0.26464662,0.028400058,-0.17451288,-0.31595105,-0.23906979,-0.23749496,0.11807672,-0.11916007,0.008363713,-0.12374028,-0.11369433,0.18894586,-0.043238647,-0.09742544,0.23142643,0.15702166,0.15590276,0.006677453,-0.664829,-0.15039083,0.03889558,-0.061418824,0.64873666,0.07668262,0.1121416,-0.11015825,-0.07948324,-0.4323388,0.045323357,0.011068068,0.014984877,0.8015044,-0.013176178,-1.3255566,-0.100678705,-0.47591072,1.523041,0.30270806,-0.04078659,0.30335107,0.14800902,-0.16949491,0.5147771,0.0015821137,-0.213974,0.13048342,-0.120732196,0.06230524,-0.038772497,-0.48561725,-0.37851816,-0.44967988,0.33552027,0.16328989,0.17439875,0.43561143,-0.5359789,0.11308086,0.7523665,0.109966286,-0.47132206,0.18822664,-0.68258214,-0.13536115,0.16702153,0.11843603,0.075431824,-0.107205756,0.31455728,-0.11166848,-0.10996128,-0.05158971,-0.7408072,0.337113,-0.076852225,0.2743022,0.40121663,-0.0072155073
133,neutral,-0.07821537,0.06451172,0.25807816,-0.3586987,-0.25382587,0.28299066,-0.016431356,0.20333906,-0.1261573,-0.21436648,0.06520971,-0.124992706,0.024168981,-0.13519096,0.1304928,-0.14581668,0.06962894,0.21141239,-0.23309624,-0.032005347,0.027767163,-0.13451289,0.08491401,-0.18622091,0.11623052,-0.16749774,-0.18133989,-0.21217781,0.2731761,-0.06381317,-0.26056737,0.30076453,0.009275642,0.09495604,-0.10564542,0.2504474,-0.18694864,0.066234276,0.24724671,-0.13330387,-0.29091716,-0.17288648,-0.044619463,-0.1504708,-0.18084231,-0.021305107,-0.08684105,-0.28002074,0.08323052,-0.5694301,0.07109019,-0.07505033,0.08875553,0.35342515,0.06194014,-1.6824656,-0.02450014,0.073590875,0.7151097,0.15427275,-0.26139072,0.54774064,-0.07623624,-0.031069381,0.32544982,-0.20078006,0.2727046,0.32646114,-0.32841322,-0.22546409,-0.031770416,-0.05481294,-0.28776577,-0.32842854,0.052405395,0.08127945,-0.15097997,-0.2261529,-0.1673574,-0.19035828,0.10044254,-0.3418528,-0.0029247822,-0.06457739,-0.5837203,-0.099925265,-0.05054053,-0.061362676,-0.22405472,-0.19893049,0.103804894,-0.047578,-0.082710735,-0.014238957,-0.2580961,0.031780295,-0.06468409,-0.13632019,0.2449966,0.26578873
134,negative,0.0063819,-0.04711237,0.23129754,0.15158354,-0.016606526,-0.20095605,-0.12999052,0.18475279,0.12217381,0.4529626,0.057814673,-0.21532361,0.30515495,0.21619228,-0.051240996,-0.1567488,0.025138866,-0.2962076,-0.77987707,-0.08166706,0.41808262,-0.23507208,0.06989704,-0.034282394,0.03485503,0.07788529,-0.320229,-0.09051946,0.638092,0.016038788,0.11271434,0.14462447,-0.30405095,0.24202572,-0.08512909,0.12278141,0.31149915,-0.22941399,-0.31302485,-0.0040568598,-0.56941086,0.10641434,0.32010266,-0.022806203,0.26708677,-0.34590465,0.20150861,-0.021204058,-0.12977155,-0.5545094,0.2797247,0.1388739,0.22769342,0.8417476,-0.22863662,-1.4964334,0.086860724,-0.26639822,1.2594935,0.23299955,-0.033433314,0.15941231,-0.09226915,-0.20546433,0.39247826,0.028483376,0.11973994,0.5223807,-0.36736158,-0.03457484,0.08280824,-0.45760998,-0.19387978,-0.5306078,0.023721278,0.25536063,0.025864724,0.13272473,-0.8645005,0.118118286,0.7105187,-0.12626654,-0.2933225,0.052917905,-0.4905183,-0.07295523,0.1816203,0.23231587,0.20489195,-0.28826344,-0.030767363,-0.038439713,-0.28634357,0.27935508,-0.7316182,0.17264353,-0.03551329,0.13135193,0.47862706,0.118644126
135,neutral,-0.36402115,-0.11942192,0.10694838,-0.0077598356,-0.024131848,0.031822428,0.10712056,0.1648295,0.062361483,0.19781445,0.12058595,0.08560947,0.2691873,0.16041319,-0.009452878,-0.11255302,0.34011418,-0.2764734,-0.5424935,0.36342338,0.39680624,0.0125542125,0.14905162,-0.028123226,-0.064553104,-0.18487178,-0.18114945,-0.060281035,0.20141116,-0.15790887,-0.080797605,-0.039956428,-0.10511562,0.14716697,0.10710627,-0.07462031,0.20115659,0.2099918,0.4255307,0.0741714,-0.42301348,-0.15183404,0.24734116,-0.04231956,0.21410593,0.053371083,-0.0784537,-4.6850375e-05,-0.09933065,-0.27160993,0.018042307,0.19377957,0.12361786,0.9236374,-0.053099062,-1.4152842,-0.15455605,-0.18178748,1.4661946,0.33158788,0.048345707,0.5793849,0.15734035,-0.11314999,0.5964746,-0.05077681,0.07855322,0.2466513,-0.16991624,0.31291953,0.030838948,-0.6054552,-0.0960653,-0.39433408,0.09204025,0.046737585,0.13048875,0.2878165,-0.6827068,0.13387614,0.415886,0.21853077,-0.23024566,-0.051659897,-0.61767566,0.016317176,0.24584861,0.06940132,0.14425157,-0.16585572,0.12387854,-0.070204556,-0.007076431,0.23249494,-0.42265573,0.14781131,-0.09964189,-0.0064119273,0.30448246,-0.0074957157
136,neutral,0.06148932,0.12129537,0.02948759,-0.25073627,0.26814598,-0.35431507,-0.19937219,0.14807837,0.1610265,0.07238981,0.061201863,0.10338769,0.36558166,-0.0789939,-0.103628054,-0.1724034,0.20139684,-0.12194404,-0.053021558,-0.20972095,0.4062092,-0.03579368,0.118303776,-0.056558255,0.007199361,0.0477761,-0.52288526,0.13103928,0.18083586,0.02536926,-0.250192,0.07036389,-0.12762628,-0.01140662,0.050329894,-0.012881829,0.027867906,0.07716089,-0.032725334,0.17780845,-0.34547305,-0.35233736,-0.024382407,-0.0063385568,0.27502146,0.18257318,0.06784969,-0.13252221,-0.0960024,-0.17107275,0.17224552,0.35034224,0.14428435,0.65850663,-0.40011516,-1.1980994,-0.0035538517,-0.22034778,1.3097076,0.41568032,-0.4404974,0.23430863,0.114373624,-0.047573112,0.10134047,0.1289225,0.20317046,0.07637456,0.09806065,-0.29169485,0.056417584,-0.25348687,0.35251087,-0.04764887,0.040380348,0.07190055,0.062936515,-0.10490203,-0.5484944,0.13321984,0.5816011,-0.04361914,-0.09066691,0.3095456,-0.48050836,-0.16359837,0.12779912,0.1391458,0.0025705684,-0.2751764,-0.07448392,0.20294763,-0.443021,-0.29866788,-0.26071858,0.29657796,-0.060120188,-0.0712405,0.28308585,0.058338076
137,neutral,0.053022496,0.33276224,0.26973054,-0.084741235,0.11547279,-0.70806813,-0.19263807,0.26450935,-0.05767389,0.114099376,-0.06436558,-0.07496367,0.2224427,-0.022653064,-0.02473808,-0.28085175,-0.24390002,-0.083759636,-0.20988046,-0.067612454,0.3907114,-0.20611659,0.2464703,0.21583685,0.2044093,0.08505544,-0.21578974,-0.25007266,0.20153973,0.05262327,-0.1686701,0.089531764,-0.25131884,-0.1700675,-0.1551849,0.2813162,0.11117359,-0.031271473,-0.19376424,-0.1772328,-0.28587097,-0.35980645,0.12372548,-0.1899021,0.21151122,-0.0010460117,0.0064484333,-0.29428062,-0.015056542,-0.8610717,0.0018438095,0.0288734,0.0736756,0.9672909,-0.17711379,-1.9808553,-0.34000883,-0.25743824,1.6194257,0.40559363,-0.02621567,0.16657999,-0.26848054,-0.2901119,0.5271147,0.15343094,0.20955585,-0.003878474,0.16712111,-0.2982756,0.20476128,-0.18204695,-0.22292742,-0.18634151,0.08756751,-0.04281286,-0.112575725,0.0015658491,-0.7570357,0.096174344,0.6706898,0.11589043,-0.453784,0.2416395,-0.9258129,-0.16979104,0.15912832,0.045231223,0.0020212308,-0.4161099,-0.045990057,0.18009597,-0.23600432,-0.13281839,-0.64534247,0.07855691,0.1928665,-0.05939303,0.47115344,-0.045079857
138,neutral,0.03738639,0.19461666,0.29044574,-0.06721336,0.1859697,-0.5801994,-0.44775084,0.0501227,0.053836916,-0.005445053,-0.048762612,0.18579632,-0.039377693,0.029315881,0.06939046,-0.23707946,-0.02481136,-0.0073305713,-0.107404076,-0.12234446,-0.014448747,-0.15021443,0.09547317,0.16823599,-0.13131759,-0.17117094,0.06457204,-0.3299049,-0.20514242,0.054456044,0.057185568,0.33449027,-0.32019228,-0.09917851,0.037562877,0.16945891,0.133448,-0.10747466,-0.2037853,-0.2090629,-0.20770963,-0.33998287,-0.019552339,-0.013803366,0.24024455,-0.09171514,0.09636422,-0.15335771,-0.248555,-0.6598979,-0.008957574,0.15001938,0.04437658,0.73194444,0.08816561,-1.5463611,0.048585355,-0.44126815,1.6153185,0.27777764,-0.0019368704,-0.17480901,-0.4134776,-0.07778287,0.54362226,0.0713265,-0.08119706,-0.01619726,0.5915352,-0.29641122,0.1505136,-0.27521563,-0.10972794,-0.08887135,0.07462579,-0.010789922,-0.23238441,0.063698605,-0.7858893,-0.14627269,0.7731132,0.021008886,-0.048140984,-0.0013885653,-0.83544195,-0.1035917,0.05545144,-0.052815627,0.11057917,-0.41617414,-0.052432884,0.22977693,-0.17714605,-0.44621027,-0.28898588,0.21881028,0.27660543,-0.19338125,0.60315734,0.12764646
143,neutral,-0.024344344,0.010764405,0.5544622,-0.07900252,-0.33216825,0.07340002,-0.09728704,0.06721995,-0.08991183,0.008706698,0.15924603,0.06756649,0.18844785,-0.05571963,0.22308253,-0.074549966,-0.1141026,0.11784863,0.049354073,0.27731693,0.26291692,0.20516835,0.05861706,-0.14472921,0.13272105,0.100044005,-0.066577695,-0.1403782,0.09670974,-0.1994631,-0.25202003,0.23008,-0.12759574,0.10086186,0.06685658,0.1071947,0.01129901,0.16606835,0.33638105,-0.14043207,-0.35331985,-0.20163116,-0.12769803,-0.13807312,0.02656509,-0.032907244,0.22574802,-0.030380277,-0.011217725,-0.46734378,0.09545192,0.25286153,0.20072757,0.77216834,0.15711312,-1.658954,0.108900614,0.10339327,1.2503097,0.23733556,-0.022633126,0.6117947,-0.17858408,-0.17967407,0.37878585,0.06355019,0.11476226,-0.028092766,-0.029262392,-0.12781183,-0.19317369,-0.26374352,0.09285314,-0.19016255,0.2031393,0.0023255544,0.18301046,0.013830271,-0.4004444,0.01063808,0.24070956,-0.037681133,-0.27570507,-0.025447374,-0.85625607,-0.22262858,0.14737618,-0.12666197,-0.1532296,-0.11168716,-0.15027937,0.18952687,-0.031116562,0.05437167,-0.23224512,0.014773384,-0.048332885,-0.24522567,0.21631053,-0.03292868
144,positive,-0.31493288,-0.04187704,0.2851403,-0.29273036,-0.21907957,0.46925783,-0.09353049,0.5260206,-0.20694843,-0.073796466,-0.015590132,0.11618409,0.44003806,-0.33673397,-0.019777361,-0.072088264,0.17812233,-0.33738354,-0.28457665,-0.17311843,0.25107047,-0.10062135,-0.17835537,0.10498262,0.12007867,0.104332745,0.012648816,0.3166775,-0.016830109,0.19684009,-0.16230302,0.15087278,-0.27397287,0.08643323,0.16448037,0.2427512,-0.10185401,-0.054475196,-0.12233384,-0.16596854,-0.24102877,-0.27042255,-0.04506453,-0.012121605,-0.0749149,-0.36786368,0.06389161,-0.120399214,0.27452084,-0.7754168,0.21353205,-0.37715316,0.3165155,0.7425423,0.0036489638,-1.7737392,-0.14689681,0.2141678,1.1571797,0.3183278,-0.30566153,0.33926997,-0.67799616,-0.49635243,0.3191976,0.07778661,0.26281568,0.4822512,-0.07388094,-0.21683058,-0.0746794,-0.46162105,-0.029878795,-0.6418608,0.33009255,0.5362101,-0.07198929,-0.012446668,-0.72368634,-0.44209126,0.4799693,-0.23285063,-0.11655393,-0.015411844,-0.8655093,-0.5884136,-0.11004524,0.38916713,-0.22142068,-0.26518738,0.4366779,0.00827899,0.14119525,0.24359255,-0.8522633,0.34434158,-0.03533443,-0.32800522,0.32998717,0.4612981
145,neutral,-0.080839254,-0.055411,0.29658863,-0.15412717,-0.14576258,0.3007088,0.0055412655,0.1455754,0.020218527,-0.06656737,0.17591952,-0.070943214,0.036711607,0.11460674,0.1339567,-0.082303025,0.07170307,-0.010799103,-0.20561099,-0.03930023,-0.016735801,0.09354798,-0.024323164,-0.062385898,0.2630099,-0.03478504,-0.0561301,-0.20361851,0.1900225,-0.065823235,-0.009718986,0.1626977,-0.033770304,0.13931563,0.16909622,0.022747857,-0.03349015,0.08223908,0.2313703,0.008902856,-0.11738954,-0.034317173,-0.12970962,-0.14614895,0.011840453,0.106320545,0.11470841,-0.08464693,0.01282323,-0.44569686,-0.05210435,0.07677695,0.16699325,0.4879912,-0.11542476,-1.3804476,-0.07503732,-0.026484074,0.89564705,0.27237883,0.04955644,0.49940577,-0.33348346,-0.082914494,0.35827225,-0.0023995005,0.305497,-0.021871235,-0.04017768,0.04357668,-0.039496224,-0.12004511,0.1493606,-0.3306419,0.026633069,0.10480367,0.04766714,-0.107327186,-0.3780589,-0.12148426,0.32831225,-0.31991923,-0.21449019,-0.02055411,-0.62485117,-0.22621647,-0.0007162762,0.1899452,0.15032257,-0.017993096,-0.07624198,0.22035074,-0.14043857,-0.058960088,-0.18856627,0.13278066,-0.10140316,-0.19166106,0.34082502,0.17153318
146,neutral,-0.07516026,0.086192675,0.42226523,0.059515543,-0.01849142,-0.06639847,-0.34159955,-0.05839813,0.042292785,0.28773448,-0.20178579,-0.20979612,0.3279227,0.08674306,-0.15342474,-0.124378964,-0.056513008,-0.22296661,-0.5342673,0.049902763,0.29725748,-0.020427885,0.06536824,-0.006860343,-0.04513502,0.1446561,-0.29838535,-0.11064279,0.55539924,0.070376374,0.08669421,0.34107816,-0.13456942,0.13958307,-0.13526788,0.28812397,0.19113426,-0.09240828,-0.19448507,0.007284216,-0.72742385,0.004134867,0.12109293,0.067028336,0.11281377,-0.16410841,0.33441335,-0.07430791,-0.09561345,-0.7046277,0.11655344,0.20102198,0.11675294,0.87770915,-0.10732551,-1.572693,0.04388418,-0.20698933,1.3974448,0.23721066,-0.07675514,0.21164055,0.02535816,-0.23932065,0.5182824,0.10602878,0.08234992,0.43567714,-0.08560476,0.023592774,0.17236851,-0.3554545,-0.22642937,-0.6370323,0.04925653,0.10639927,-0.023906128,0.121095665,-0.752758,0.19356489,0.51690406,-0.12369082,-0.18293113,0.045538295,-0.78932345,-0.21027164,-0.07664801,0.19958103,0.1270661,-0.4825336,-0.03290958,0.08143052,-0.23893203,-0.039945967,-0.52668256,0.11270999,-0.1659435,-0.01855208,0.34828633,0.18937337
147,negative,-0.13161555,0.05235466,0.24124303,0.093610406,0.024426276,-0.17199317,-0.035472315,-0.04919806,0.19360797,0.36279777,-0.09219128,-0.049489174,0.12378131,0.052610528,-0.10270853,-2.2967482e-05,0.038265325,-0.13683484,-0.3799877,-0.09715731,0.1336884,-0.13293526,-0.041494943,-0.12850016,0.078000076,-0.11325122,-0.067530975,-0.04579181,0.08583668,-0.06649713,-0.10714902,0.07674049,-0.23468843,0.011126136,-0.16748786,-0.09063902,0.21093835,-0.0208124,-0.033734534,-0.010841475,-0.4363375,-0.09422382,0.22288865,-0.12934877,-0.017866373,-0.12471505,0.36230266,0.013101493,-0.21065794,-0.4136062,0.009634809,0.10690276,-0.025671914,0.7692372,0.052768942,-1.4969741,0.095114134,-0.1983208,1.0095304,0.18065685,-0.10058366,0.28399855,-0.06106061,-0.19188021,0.5935275,-0.018457789,0.17200492,0.010820519,0.14616658,-0.10586867,0.16033028,-0.19466236,-0.15627801,-0.2196467,-0.07398424,-0.025402047,-0.07295773,-0.008387277,-0.6999793,0.16481858,0.52413934,0.1545439,-0.13676338,0.21407284,-0.6317857,0.11825604,-0.001309996,0.015786001,-0.0693681,-0.35879052,-0.09070939,0.12717704,-0.18297583,0.0047864546,-0.25249302,0.014677145,0.17014301,-0.115395814,0.2986083,0.35497034
148,neutral,-0.04625221,0.24657777,0.29966104,0.033460654,-0.19430016,-0.14318494,-0.22496966,-0.07239279,-0.038301233,0.111482635,0.081231594,0.06881428,0.06741048,0.12140793,0.0444456,0.16479295,-0.18421015,-0.19217192,-0.017175186,0.07422459,0.28802592,-0.25496805,0.1261362,0.1172216,-0.008157286,0.15105973,0.0344696,-0.23961915,0.1519332,-0.34914663,0.059325118,0.28134724,-0.0945812,-0.15015914,-0.16764683,-0.06335274,-0.0031955107,-0.031503614,-0.34111112,0.025513362,-0.5105069,-0.20564996,0.16523767,-0.33674186,-0.07369264,-0.118516535,0.17711718,-0.08838237,-0.11959635,-0.6676203,0.04631882,0.05324879,0.081710935,1.0931616,0.07139587,-1.7745426,-0.034187384,-0.28150252,1.3390917,0.25705308,-0.28061864,0.110814825,-0.39811996,-0.06850449,0.62063575,0.23610857,-0.19651765,0.017298391,0.04346173,-0.101987466,0.11521667,-0.06301134,-0.38423887,-0.21800995,0.013747038,-0.21777442,-0.32339323,0.15226792,-0.81983984,0.19903521,0.53794366,-0.042363763,-0.20025682,-0.062067334,-0.9654375,-0.1528384,0.08918144,-0.005834546,-0.12968604,-0.30706388,-0.13620174,-0.089414045,-0.26913267,0.19818598,0.002015787,0.053642772,0.25066856,-0.12121065,0.43372193,-0.027462436
149,negative,-0.02420632,0.18708017,0.115340635,-0.092244856,-0.03477122,0.4166781,-0.14954858,0.13217305,0.197505,0.01144721,-0.055158556,0.20308453,0.4271142,0.20048521,0.10259423,-0.20067541,-0.0033335162,-0.11780986,-0.44046044,0.3254065,0.15782428,-0.12095116,-0.027722647,0.14465392,0.22234648,0.05055736,-0.20995754,-0.54455644,0.25022176,0.010409503,0.23675786,0.40556777,0.08899202,0.060755555,-0.045447897,-0.036849495,0.06004271,0.2081999,0.037154693,-0.0029857312,-0.22052154,-0.03966111,0.1498354,-0.32888964,-0.061098628,-0.008383715,-0.12717985,0.03273619,-0.003188256,-0.51127595,-0.030813722,-0.022614613,0.41398224,0.8222143,0.088997744,-1.6643507,-0.16770636,-0.24356055,1.112353,0.36283782,0.114400335,0.53485876,-0.18161915,-0.10364017,0.47014937,0.26696074,0.27376863,0.14409438,0.11703611,-0.26289952,-0.03636527,-0.12480961,-0.1008658,-0.24706073,0.33386427,0.3028798,-0.096047916,-0.007776812,-0.5539234,-0.052887868,0.44515118,0.31360978,-0.068396285,0.18484117,-0.9930848,-0.104368016,0.05529941,-0.046174694,-0.25584644,-0.068545945,0.007082041,-0.0465846,0.21394804,-0.024321254,-0.6106228,0.06788854,0.11158137,-0.113219164,0.3729809,-0.05784528
150,negative,0.030777201,0.17558362,0.31452554,-0.108595654,0.0099052675,-0.4137332,-0.20081146,-0.081271544,0.08407533,0.18910794,0.24988511,0.07832622,0.24686056,0.2621507,-0.00070909347,0.1225609,-0.02022537,0.19318643,-0.575392,0.0085995,0.45614195,-0.20127279,0.006415395,-0.27540296,0.15864667,0.3848078,-0.25223002,-0.1170755,0.16752075,-0.08318964,0.009864725,0.091702834,-0.18733913,0.06506311,0.10645147,0.16982223,0.3463675,-0.24612631,-0.043662053,-0.13750087,-0.14997058,0.08197977,0.5119899,-0.15938671,0.08487287,-0.29569972,0.059739366,-0.08002727,-0.051812705,-0.5010529,0.0021508697,0.003320299,0.16767038,0.61032903,0.019589636,-1.6517448,-0.03000828,-0.20868789,1.0495844,0.07166668,0.09482089,0.36316627,-0.33139515,-0.02704631,0.5009185,-0.21505935,0.20489271,0.5009403,-0.23317601,-0.12814908,-0.07604428,-0.24214248,-0.32617795,-0.36747342,-0.10473195,0.31544703,-0.15137507,-0.11966202,-0.6154305,0.11541448,0.6950865,-0.18865548,-0.14643136,-0.1595704,-0.7071235,-0.19184418,0.15415023,0.10831357,-0.00037823527,-0.23707588,0.06078735,-0.030138757,-0.1279055,0.046008866,-0.45031115,-0.06818754,0.04653276,-0.0430164,0.4155789,0.111199446
151,negative,-0.08985839,0.10516266,0.35249043,-0.07019882,-0.028163489,-0.057988692,-0.03842137,0.27920333,0.13587256,0.19619584,-0.054794785,-0.017732514,0.23086822,0.23404783,0.018701872,-0.07418107,0.25836155,-0.2139801,-0.38376746,0.008495764,0.37972668,-0.12304195,0.10909291,0.124470405,0.00015922864,0.087958805,-0.17679206,-0.29435715,0.48330802,-0.011181551,-0.13473563,0.27074885,-0.018719405,0.27396768,-0.0997265,0.15465866,0.13497859,-0.034096543,-0.16033888,-0.09865051,-0.4580019,-0.059382495,0.3259529,-0.108508386,0.13138114,-0.15548503,0.0941866,-0.14566052,0.11223759,-0.52801055,-0.032520305,0.10819022,0.18250327,0.7664709,-0.2842162,-1.514358,-0.03418897,-0.16449486,1.0817366,0.20600839,-0.1602928,0.3056111,-0.18097544,-0.3130376,0.28574258,0.094051376,0.049161624,0.26807484,-0.24425021,0.01647109,-0.006821265,-0.2518598,-0.22619548,-0.4594825,0.14631717,0.10175061,-0.07400037,-0.00953013,-0.5896079,0.009585685,0.7250268,-0.10729507,-0.21920876,0.015546086,-0.86541295,-0.020317974,0.01627931,0.11528928,0.11859378,-0.08845467,0.013644536,0.08632862,-0.2083547,0.18174922,-0.47365272,0.076910146,0.045006197,-0.12624034,0.35799292,-0.006771993
152,neutral,0.033773858,0.11821083,0.24895988,0.121351704,-0.004925575,-0.2294219,0.05409156,-0.037218615,0.0022365116,-0.21151008,-0.014291452,0.09714795,-0.047508266,-0.016328612,0.2629835,0.06770079,-0.05801987,-0.1904268,-0.061049774,0.04805076,0.024785021,-0.2339458,0.02729889,0.09982077,0.49242774,-0.24482092,-0.15686353,-0.116162464,0.0059105363,-0.2430595,-0.055078402,0.108715676,-0.10887536,0.1620978,0.04972263,0.13793452,0.215703,0.061002262,-0.057585504,-0.113192566,-0.2533918,-0.10376296,-0.044496678,-0.1294915,-0.15600522,0.044793557,-0.09057629,-0.15787242,-0.031106338,-0.54310846,0.039664216,0.06619928,-0.17280443,0.6843096,-0.08563221,-1.5970311,0.16240261,-0.075112306,1.2287322,0.42906636,0.0025228101,0.27204844,-0.24865936,-0.009463422,0.41031262,0.027263798,-0.07140405,0.15667649,0.23756023,0.09630897,-0.023395728,0.026787637,-0.012878693,-0.24193113,-0.15275183,-0.06176341,-0.13165873,-0.026862197,-0.3772749,-0.15648822,0.47374403,0.17097582,-0.35049,-0.19923586,-0.9444679,-0.27637696,0.107515864,0.04638558,0.07460397,-0.31745484,-0.13838458,0.18535638,-0.11955687,0.120447084,-0.25269276,0.18507692,0.15492983,-0.18541794,-0.00806355,0.18905292
153,negative,-0.092279464,0.2399277,-0.10486618,0.09498423,0.054787025,-0.024313085,0.10110791,0.098602824,-0.010365713,0.0057036895,-0.16882154,0.21998698,0.043785796,0.14477311,0.2552358,0.047492616,0.103077844,-0.46523574,-0.5194135,0.2243584,0.44466186,0.09218687,-0.020725366,0.28845546,-0.19674844,-0.08218817,-0.06312676,0.0008012392,0.26248217,-0.24277811,0.14558804,-0.07913565,0.04201565,-0.29577723,0.04823483,-0.099420995,0.27678883,-0.24115022,0.31011972,0.06488857,-0.42905515,-0.11440999,-0.21658792,-0.08079549,0.43817025,-0.114566475,0.20083009,-0.21485098,0.22190657,-0.43337765,-0.16887656,0.16574861,0.027566288,0.77614504,-0.23542099,-1.1890365,-0.13672996,-0.09942327,1.2908458,0.19485718,0.015710352,0.53296524,0.09566009,-0.10944846,0.6649993,0.17052114,0.16936715,0.048961714,0.11636093,0.035917457,0.072567865,-0.70629346,-0.2467135,-0.2888618,-0.21399453,-0.18519871,0.005731629,0.19223663,-0.50324464,0.13341928,0.50150126,0.14672199,-0.4264542,0.1555223,-0.531485,0.14066786,0.0135839945,0.042213965,0.17678322,0.16808,0.26017138,-0.12701307,-0.0072160014,0.4129647,-0.39213753,-0.1328512,-0.033220492,0.10813789,0.26276237,0.15974663
154,negative,0.08576637,0.333863,0.2476395,-0.29058754,-0.115955785,0.09716995,-0.28705707,-0.010936072,0.10097957,0.51976615,0.033397723,0.21178293,0.0696258,0.12863372,0.0974105,0.05047539,-0.105157025,-0.021728583,-0.65905726,0.14113899,0.47122198,-0.09558037,0.17927274,-0.0138556585,-0.022255026,-0.053219512,-0.21652445,-0.30734983,0.37355864,-0.08717577,0.03022265,0.2787861,0.010122781,-0.026817394,-0.0737147,0.13958293,0.2514731,-0.1375012,-0.12875667,-0.19030455,-0.604419,-0.019056072,0.21237214,-0.24950944,0.10478907,-0.15117021,0.19104375,-0.07731076,-0.25598738,-0.69123596,-0.05912923,0.033547554,-0.0058275294,1.1167002,-0.13914187,-1.6396694,-0.1259661,-0.012755123,1.4545864,0.22598132,-0.047022633,0.45112944,-0.15959294,-0.31163892,0.8019892,0.24133669,0.06856798,0.1266185,-0.047848705,-0.114845455,0.053061828,-0.45820493,-0.25965512,-0.3086671,-0.04691762,-0.09379757,-0.045550533,0.06427834,-0.580292,0.34008813,0.67625076,0.09931464,-0.37871408,0.037788305,-0.9228417,-0.09453529,0.17134888,-0.027757183,-0.10205952,-0.34085426,-0.011479941,-0.056080557,0.076352105,-0.024563236,-0.34935737,-0.34895244,-0.016637638,-0.059408095,0.38868168,0.070006646
155,neutral,-0.20675996,0.15559962,0.28067344,-0.049994193,-0.10983595,-0.08064629,0.019028325,-0.15217881,-0.14215575,0.39278004,0.0349585,-0.13481428,0.123857334,0.11712998,-0.012472326,-0.12039074,0.35046396,-0.19279943,-0.37319636,0.023073275,0.31772906,-0.11439853,0.10428024,0.031669583,0.07191843,-0.07191241,-0.21447189,-0.083531775,0.27274817,0.12521346,-0.28068793,0.35509813,-0.25098696,0.03331772,0.12417367,0.0860309,-0.123486854,-0.019651769,0.06983545,-0.0053209737,-0.39451933,-0.01772446,0.13885507,0.13141401,0.3096567,-0.23435973,0.0417758,-0.30767664,-0.04766832,-0.45312846,0.16904494,0.20061743,0.039672866,0.9206092,-0.17037365,-1.6498355,0.08811899,-0.11616707,1.4592597,0.4651394,-0.034408648,0.39876595,0.09478132,0.03291551,0.45385846,0.021228986,0.05490824,0.16615848,0.08757288,0.27271006,0.19899544,-0.44528285,0.028828068,-0.20444055,0.014918321,-0.089613825,0.042126518,0.19071263,-0.8150706,0.05214209,0.68452245,-0.11622644,-0.16217856,0.06580116,-1.0267628,-0.065739624,0.11570102,0.09967678,-0.058413267,-0.25789845,0.029921882,0.054229196,-0.07168015,0.16513257,-0.3400406,0.016069332,-0.13856266,-0.18141592,0.2663073,-0.019835176
156,negative,0.062751465,0.11902106,0.4238302,0.14084709,0.06625121,-0.18574496,-0.2317459,-0.01117337,0.07793691,-0.0034250924,-0.14370123,0.22435963,0.19193414,-0.025645912,0.07791067,-0.042848688,-0.19559866,-0.07260559,-0.33369857,-0.17044878,0.3296824,-0.19539914,0.09282716,0.21073669,0.23891117,0.015807167,-0.08750127,-0.18241014,0.36539418,-0.14490226,-0.17091724,-0.023612594,-0.24568906,-0.010318948,-0.02193682,0.24109037,0.30993378,-0.24822222,-0.16542538,-0.03007555,-0.53319514,-0.14242949,0.45223194,-0.0840318,0.2682902,-0.2603569,0.23797509,-0.09659767,0.2441329,-0.7701234,0.12094951,-0.061350536,0.066314,0.86137426,-0.032183547,-1.9065784,-0.027873153,-0.5526361,1.2528764,0.1962958,-0.14924231,0.2067153,-0.17344745,-0.21301042,0.41657794,0.11096922,0.16606455,0.058099482,-0.1360825,-0.10829397,0.07002377,-0.2283193,-0.50537676,-0.4035812,-0.038008396,0.37804383,-0.2764186,-0.07547843,-0.9424228,0.0089673605,0.6879066,0.02853249,-0.25250253,0.24991697,-0.74356717,-0.20052625,-0.059239004,0.078800105,0.22702256,-0.32106286,-0.15345323,0.20018303,-0.4117398,0.2879318,-0.3791728,0.021074666,0.23944625,0.18129478,0.33370495,0.15501133
158,neutral,-0.12427275,0.23908836,0.20432618,-0.1089522,-0.0793974,0.29012212,-0.23781261,-0.18584463,0.16181658,0.15751478,-0.14470659,-0.026583847,0.22527026,0.016608259,0.06313752,-0.020473903,0.06431106,-0.040188808,-0.36852148,0.16861969,0.23594779,-0.03887403,0.046635717,-0.117625274,0.03262036,-0.040126596,-0.05008352,-0.1692266,0.06387946,-0.060528632,-0.14325234,0.4098516,-0.07390201,-0.05741066,0.061676405,0.09697464,0.015553125,0.06489158,-0.07834001,-0.17751342,-0.48324612,-0.082253635,-0.0029298938,-0.22843656,-0.03189043,-0.13868888,0.12772834,-0.05788835,-0.077282585,-0.6223119,0.12671044,-0.012030854,0.06657494,0.6955849,-0.058219984,-1.4916388,0.18062922,0.0026026198,1.1627314,0.14128263,-0.13278177,0.4728693,-0.26351103,-0.21570192,0.6023084,0.121199325,0.31405163,0.06588529,0.073185325,-0.21059021,0.045843206,-0.111491114,0.028737029,-0.29314274,0.005205481,0.17900957,-0.03920288,0.021454545,-0.47203773,-0.09084352,0.32728142,-0.07673761,-0.19360666,0.09145321,-1.0016379,-0.08812025,-0.15547973,-0.037581682,-0.040520664,-0.23588872,0.013862817,-0.054460935,-0.020372393,-0.043211132,-0.26214063,-0.13444749,-0.19612351,-0.3088997,0.1927672,0.20489144
159,neutral,-0.31196725,0.2750666,0.021596378,0.33744672,-0.11661699,-0.21223652,-0.18428704,0.0071009966,0.033029895,0.21929649,-0.043225862,-0.10729945,0.16077906,-0.013710786,-0.008415193,-0.14794461,-0.024471419,0.09110127,-0.18977349,0.056755587,0.19068846,-0.07731928,-0.07373723,-0.19450024,-0.14870532,0.025632087,-0.082497396,-0.04974385,-0.057608332,-0.009348552,-0.057578977,0.23625097,-0.10014689,-0.05706053,0.1410094,0.21182345,0.17939502,0.06426818,-0.032139324,-0.023801882,-0.2817543,-0.18003881,0.10211767,0.04291324,0.037715748,-0.14266331,0.11170546,-0.13873328,-0.18916424,-0.61377954,0.18382649,0.06190366,0.09699161,0.822222,-0.03754709,-1.8084811,0.069143005,-0.4605736,1.5248337,0.30800477,-0.021493075,0.45086232,0.043211024,0.039488204,0.85773045,-0.17302293,0.085710905,0.13139626,0.18367103,0.06832812,0.13723752,-0.3856366,-0.10282396,-0.44075686,0.0684866,0.07375134,0.022470204,0.07621047,-0.70056623,0.15450552,0.5604534,-0.11203033,-0.12590477,-0.02507769,-1.0452644,-0.16410081,0.16990584,-0.0370247,-0.04120757,-0.34596488,-0.27129108,-0.047300793,-0.09376177,-0.0828531,-0.4735942,0.020726454,-0.14508519,-0.26917204,0.61427087,0.21681936
160,negative,-0.08303896,0.3052463,0.20541072,0.42599386,0.03674175,-0.35795316,-0.36082497,0.06664496,0.2700128,0.08043018,0.07172594,0.017340528,0.3646327,0.27958816,-0.1637917,0.059049733,0.078520015,-0.38349184,-0.2747811,-0.21909612,0.5116918,-0.13261656,0.14127561,0.080457866,-0.008267129,0.16176847,-0.13750926,0.08949007,0.6958359,-0.20938285,0.13643643,0.3424869,-0.04840046,-0.061427485,-0.021500494,0.20135653,0.39526567,-0.1660189,-0.16004357,0.043178435,-0.54088646,0.13923767,0.08888164,-0.29193017,0.22383521,-0.09262172,0.63448673,-0.2108903,-0.36989704,-0.48218533,0.124090016,0.19828986,0.062864244,0.98138213,0.15579998,-1.6371535,0.14257741,-0.15983187,1.455398,0.2631413,-0.43941513,0.21728884,0.09560354,-0.21239711,0.4802599,0.162786,-0.2042028,0.22102119,-0.15714386,0.17545618,0.096822254,-0.037605885,-0.25348032,-0.036990143,0.20520875,0.039989322,-0.045137063,0.4408788,-0.6949427,0.1873681,0.63329506,0.3726251,-0.17273486,0.23159093,-1.2242951,0.32635832,-0.08947854,-0.22725473,-0.04952594,-0.2933561,-0.08322493,0.2524431,-0.3259657,0.48889098,-0.095566034,0.04368735,0.036689714,-0.39403048,0.31096208,-0.3299626
161,neutral,-0.07756477,0.00041306007,0.24175423,-0.05044535,0.09067502,0.005217716,-0.17533956,0.05543219,0.054796588,0.18205462,-0.10615612,-0.05236017,0.32529044,0.098697014,-0.085778676,0.015415225,0.017042654,-0.17905231,-0.53164726,0.013166672,0.33867493,-0.22488432,0.14998667,0.0015608985,-0.18867722,0.027526697,-0.10004,-0.09577961,0.27811506,0.09538685,0.09990964,0.2676438,-0.075864,0.015719987,0.10207555,0.03036301,0.13292117,-0.00044318492,-0.12976436,-0.10773384,-0.51493984,-0.016409887,0.35591674,-0.12886755,0.06362093,-0.11685161,0.16096905,-0.1269213,-0.17192213,-0.49126527,0.07568029,0.07812589,0.101285785,0.8185702,-0.02341089,-1.7357166,-0.008638723,-0.28192225,1.309775,0.35117272,-0.052261196,0.16066198,0.011319215,-0.06807994,0.6356429,0.07643953,0.021282762,0.42986462,0.046183754,0.082229696,-0.01457633,-0.33942088,-0.18501598,-0.41040033,0.12505476,-0.013362615,-0.13090222,0.1332909,-0.6862961,-0.0004431138,0.5198762,-0.19073342,-0.23466739,0.0477079,-0.89270014,-0.094045825,0.09131974,0.14216651,0.14044732,-0.2769203,-0.055739768,-0.022492416,-0.14137657,0.20405748,-0.4671056,0.10851901,0.009067541,-0.03789238,0.38901806,0.0791958
162,neutral,-0.27706766,0.2805505,0.3741302,-0.20050718,-0.068256505,0.4811279,-0.114744775,0.11252232,-0.08332219,-0.18214901,0.021074379,0.111535825,0.30104086,-0.08933099,-0.07381723,-0.15418528,-0.15957902,0.22965829,-0.33241192,-0.21275905,0.13891494,0.011076702,0.07311571,-0.4423302,-0.13113643,-0.18902147,-0.2858056,-0.23772666,0.5293028,-0.10006673,0.1547831,0.5715847,0.14822419,0.14799984,0.0743031,0.21910127,-0.069626175,0.007622864,0.1398167,-0.33287987,-0.29189622,-0.23477189,0.25701022,-0.36432183,-0.3783492,-0.0742238,-0.08944819,-0.21650322,-0.34051877,-0.7866535,-0.19052261,-0.21278763,0.0149347875,0.7290519,-0.21482942,-1.6520325,0.052441344,0.23940843,1.0763073,0.22456011,0.028151363,0.50801146,-0.034684125,-0.07643574,0.5981233,0.036812533,0.67555964,0.43757915,-0.067053996,-0.17607377,0.23276667,-0.2050048,-0.21693867,-0.36948124,0.02550049,0.10705347,-0.2671939,-0.12626235,-0.21814592,-0.25593126,0.123679675,-0.11468887,-0.17831306,-0.0063058184,-1.0144166,-0.32182303,0.18927704,-0.0058314507,-0.061050523,-0.32401887,0.19239579,-0.1907847,-0.10842919,0.19611646,-0.4854743,-0.031895276,0.08848263,-0.22939219,0.3322786,0.0815707
163,neutral,-0.020426793,-0.03417995,0.30389547,-0.04596213,-0.054461267,-0.028160812,-0.026535565,-0.09484419,0.03510438,-0.07533121,0.059215873,0.024691178,0.18244344,-0.07569973,-0.07953337,-0.121181644,0.044719297,0.082992285,-0.27677864,0.26524568,0.15797874,-0.12166613,0.06422058,0.008875372,0.032168515,-0.07677833,-0.038475987,-0.34289846,0.028777327,-0.07268173,-0.019346964,0.37150514,-0.016746102,-0.007990882,-0.03412083,0.22616914,0.07470082,0.07303271,0.018436776,-0.17805694,-0.23210312,-0.16548787,0.32009184,-0.16138704,-0.040115654,-0.22236279,-0.058097698,-0.013851223,-0.062042993,-0.46896076,-0.11736869,-0.09914846,0.0266698,0.6586864,-0.0381076,-1.6623111,-0.15230061,-0.009128966,0.9295684,0.30747086,-0.24528319,0.38725013,-0.25847903,-0.14613922,0.37532234,0.09627025,0.31773603,0.3636352,0.04506983,-0.09240154,0.04592249,-0.1358008,-0.2118758,-0.33699962,-0.10028932,-0.0128977215,0.0041555166,-0.029572785,-0.5525755,0.010281783,0.4489686,-0.13307576,-0.11484545,0.020658104,-0.8394121,-0.21973576,-0.23327373,0.058739856,0.09358135,-0.39429757,0.049021453,-0.00090912974,-0.028951144,0.0620704,-0.3353969,0.13521673,0.14064804,-0.18273938,0.46997258,0.10015487
164,negative,0.14225584,0.11085212,0.5306654,-0.22194636,-0.12619893,0.045685902,-0.35959658,0.06088949,0.047871042,0.17473231,0.071412124,-0.03526736,0.11660456,0.22307344,0.13306212,-0.051420107,0.35380605,-0.23170666,-0.5106756,-0.26410115,0.45006087,-0.13151711,-0.102738686,-0.07614521,7.385477e-05,0.31833994,-0.3364485,-0.09570483,0.41054562,-0.1763107,0.25213423,0.22685148,-0.082666,-0.041658435,0.021661116,0.12935281,0.082941584,-0.102063276,-0.122418515,-0.17500958,-0.23582934,-0.12731302,0.30075893,-0.16642284,-0.17276879,-0.19838801,0.44598016,-0.099986725,0.12180056,-0.44540086,0.066298574,0.3522641,0.40252683,0.90468943,-0.06866707,-1.6557177,0.10277405,-0.30291784,1.3944927,0.23575415,0.12157973,0.18567874,-0.26736978,-0.22442164,0.549483,-0.14998056,0.25955617,0.28437212,-0.34336907,-0.101114966,-0.086776,-0.081575185,0.021205923,-0.30040786,0.23796268,0.31729114,-0.07149692,0.3157349,-0.48236936,0.21928263,0.5267436,-0.06441545,-0.18495715,0.04872502,-0.93481386,-0.036337204,-0.041529022,0.14190514,0.18615599,-0.2017728,0.04195871,-0.14959319,-0.27944562,0.08355155,-0.33018246,-0.07453418,-0.12304985,-0.021406766,0.3787249,-0.021837033
165,negative,-0.13942224,0.10591561,0.45225224,-0.09493287,-0.2879845,-0.12952961,-0.2580238,0.07898566,0.2636954,-0.03300536,0.22163467,-0.0041171606,0.1545783,0.008352563,-0.23581895,-0.059576336,-0.13531932,0.15719642,-0.46649784,0.14728726,0.08591965,-0.09451805,-0.053174146,-0.096052304,-0.20056328,0.059131246,-0.07136123,-0.16838229,0.043686196,0.15020506,-0.04441676,0.44339317,-0.10959182,-0.07553827,-0.038685415,0.2767865,-0.110481076,0.01256672,0.15677738,-0.08726291,-0.48392963,-0.08882107,0.11112188,-0.20461895,-0.27856395,-0.30218858,0.045608886,-0.1768463,-0.24619497,-0.72442555,0.442921,-0.1164637,0.082663216,0.6577536,-0.18073086,-1.3664727,0.13799356,-0.09719954,1.0512394,0.21133848,-0.1863967,0.24118997,-0.19228904,-0.07287464,0.59129995,-0.23679484,0.2915049,0.5624277,0.0441441,0.19688901,0.1679318,-0.23898946,-0.16223173,-0.35949412,0.21660204,0.11380639,-0.13436644,0.10464616,-0.66172516,0.04751856,0.43962777,-0.20388949,-0.20034218,-0.1475596,-1.0014455,-0.19794993,0.032711346,0.06783638,-0.038264588,-0.4112747,0.19878516,-0.009948547,-0.10876715,-0.10068255,-0.14717832,0.11983087,-0.08820842,-0.14283332,0.14883327,0.31266063
166,negative,-0.18499023,0.20844172,0.16649987,-0.11526377,0.25598738,0.17050228,0.017017275,-0.25185314,0.12289673,0.45825288,-0.15295404,-0.08670891,0.16749555,-0.027808957,0.2547193,0.08169506,0.12752634,-0.20124272,-0.26727363,0.025838532,0.2621163,-0.10430494,0.33716926,-0.12847586,-0.04818274,0.021154908,0.09259515,0.19472553,0.18260495,0.16074976,-0.036032595,0.2805648,-0.38197663,0.11841629,-0.050781548,0.064411856,0.12603357,-0.105398215,-0.10595911,0.05738792,-0.39706382,0.046463903,-0.15164007,0.036691334,0.34698847,-0.21045926,0.15583132,-0.25996494,-0.19439662,-0.56883943,0.20038013,0.28003538,0.24187374,0.94226676,-0.01961574,-1.5858338,-0.14528412,-0.057166487,1.0603805,0.09804225,0.11069123,0.7005671,0.095812716,0.020166311,0.5495574,0.0826553,0.2832215,-0.07578421,0.044441946,0.10528287,0.17281397,-0.3555364,0.040880244,-0.11197163,0.049296606,0.1175715,0.27198762,0.15152268,-0.72453403,0.077270515,0.5410808,-0.13026008,-0.26264396,-0.06137986,-0.9871086,-0.07034953,0.20351113,0.055772223,-0.04472344,-0.3260972,-0.042154398,-0.029098418,-0.28297836,-0.051777042,-0.20234208,0.16577528,0.03225727,-0.26208895,0.48260793,0.1232255
167,negative,-0.09766406,0.11828988,0.13817698,-0.14372094,0.058901623,-0.08338959,0.008004841,0.06473879,0.099716835,0.20791437,0.11385498,0.09636839,0.12871492,0.07432526,-0.030933106,-0.044537306,0.060247384,0.044955514,-0.5411081,0.19253367,0.16589385,-0.18365453,0.09375163,-0.12753162,-0.014566641,0.24474464,-0.08446708,-0.3001542,0.18985212,-0.11852175,-0.0758244,0.30548984,-0.11806021,0.0278789,-0.097643465,0.07122387,0.017304653,-0.038162872,-0.14572148,-0.21966662,-0.290685,0.040423222,0.1263642,-0.2015378,-0.043994498,-0.15749195,0.18586434,-0.20366953,-0.045843042,-0.66062427,-0.054986015,0.0015515615,0.116146296,0.8320245,0.0022671064,-1.6515718,-0.09601854,-0.005828431,1.1141473,0.11879739,-0.07992714,0.43502438,-0.15177207,-0.19951516,0.5742923,0.10325874,0.12056851,0.26850364,0.007843112,-0.18547258,0.16773985,-0.25977975,-0.36669573,-0.22499888,-0.06711419,0.07302113,-0.11059037,-0.11810156,-0.57610345,-0.0026050692,0.5074331,-0.06904689,-0.3693238,0.09511009,-0.8395538,-0.0041330475,0.22116596,0.13113345,-0.16414045,-0.0784769,-0.06289566,0.04126628,-0.23488253,-0.08618921,-0.42826626,-0.114155546,0.08577596,-0.07033575,0.12803292,0.11767798
169,positive,0.17452995,0.4061762,0.61089236,0.045240663,0.017715089,0.14514942,-0.25045896,0.16796277,0.08429551,-0.14260842,-0.013421687,0.21521081,0.3749193,-0.095286146,0.010151743,-0.37826285,-0.038049333,0.5452592,-0.49798778,0.50795376,0.5698225,-0.02010154,-0.06506896,-0.4171229,0.11415721,0.07320708,0.018605912,-0.33127344,0.33109537,-0.5263511,-0.06108633,0.2990813,-0.23263192,-0.18375005,0.07462954,0.3977383,0.119001836,0.1558453,-0.13388258,-0.15693776,-0.15961087,-0.023337992,-0.019736346,-0.2488758,-0.14841408,-0.24376467,0.10881913,-0.089872904,-0.15849037,-0.84030885,0.08065327,-0.14675216,0.12552267,0.8840484,-0.1553957,-2.1097934,0.27976766,-0.22320412,1.2991339,0.4016554,0.18218955,0.45831275,-0.3899471,-0.23306438,0.63257784,0.10687853,0.2984562,0.26491815,-0.124081664,-0.4184933,0.10487349,-0.18979561,-0.05999371,-0.2035356,0.083922915,0.080956094,-0.29500064,-0.25941107,-0.557399,-0.050915457,0.22687314,0.14654322,-0.3906967,0.041366145,-1.1661781,0.005843499,0.18158166,-0.22552231,-0.039302565,-0.017106233,0.026187738,0.0029613401,-0.16764955,-0.16139014,-0.5238452,-0.2685902,-0.05924374,-0.3222389,0.3374649,0.18146622
170,neutral,-0.19810612,-0.012478873,0.41698566,0.04388706,-0.17701343,-0.02527235,-0.36690035,0.04383132,-0.14572278,0.2841824,0.15422891,-0.10505282,0.37402505,0.1003344,-0.28237632,-0.30256355,0.13696967,-0.21075444,-0.06014709,0.098271005,0.37533352,0.008462337,0.18881938,-0.33296835,0.12882818,-0.20654117,0.12469437,-0.29089412,0.16632634,-0.014232132,-0.46070814,0.099131845,-0.18487613,-0.09640228,0.14996864,0.30197194,0.016574498,0.4772129,0.11527383,-0.024711495,-0.55874497,-0.2349497,0.18142208,-0.10561953,0.40544444,0.21140301,0.08338364,-0.008109032,0.19890784,-0.32423484,-0.29203188,0.24197377,0.089842565,0.87471217,0.056392286,-1.5239037,-0.08395609,-0.16612855,1.6133099,0.32908022,0.1156632,0.35141054,0.12357918,-0.29120746,0.20250762,-0.020590661,-0.4062438,0.12464141,0.046911836,0.022908047,-0.2415688,-0.4167051,-0.3469801,-0.19975114,0.15965328,-0.019750727,0.24201547,0.06506561,-0.8582909,0.16693188,0.512349,-0.26108164,0.09729236,0.36922216,-0.5563737,-0.49076444,0.06994296,0.122661404,-0.2149378,0.01572189,-0.0743621,0.0040349383,0.10017822,-0.12211421,-0.28613126,0.46453115,0.18794693,0.15552469,0.25908118,-0.026232522
171,neutral,-0.044276595,0.17555365,0.2597574,-0.14421636,-0.1497989,0.013679236,-0.19679397,-0.027085641,-0.16381983,0.13319865,-0.04083367,0.07397302,0.28574568,0.29217312,0.26512563,-0.05069577,0.31816056,0.23505254,-0.020831432,-0.010835232,0.12946875,-0.070533946,0.029836062,-0.25257146,0.16265488,0.025642876,-0.2324224,-0.2077368,0.14412615,-0.277364,-0.16991542,0.15160617,0.145768,0.16925739,0.35295314,0.12503625,0.014021301,0.0034367023,-0.031284284,-0.12627009,-0.3539888,-0.15640348,0.13696127,-0.2834387,-0.09466644,-0.15346868,0.2933613,-0.19240277,-0.28239095,-0.79181004,0.30250442,0.028227342,0.009979453,0.9461495,-0.1470086,-1.803276,0.0312544,0.17519157,1.6449386,0.2508346,-0.20940772,0.7252692,-0.14223444,0.077731416,0.43030018,0.004849607,0.23446676,0.04830155,-0.24295196,-0.31262112,-0.011796498,-0.3515096,-0.12804475,-0.14640157,0.35250518,0.31485173,0.16492225,-0.094137385,-0.45327914,0.1957161,0.3151898,-0.13218877,-0.31573465,-0.22048965,-1.0151483,-0.27738258,0.32891163,-0.2099352,0.09572151,-0.114064544,-0.21388364,-0.038711965,-0.06535356,-0.13477989,-0.43696007,-0.23274636,-0.17957968,-0.27322197,0.2855141,0.09456478
172,negative,-0.04419589,0.16611718,0.54511213,-0.03005896,-0.17553262,0.23458195,-0.26150253,0.032211382,0.09270649,0.03532596,0.05609356,0.24869929,0.036701944,0.012597211,-0.037162483,-0.00082023605,-0.061039597,0.13428453,-0.27520663,0.16021542,0.28266445,-0.14394963,0.19670409,-0.21449366,-0.16174601,0.15656942,-0.20955165,-0.47072077,0.3896802,-0.04835906,0.17389882,0.4305226,0.004706328,-0.18174519,-0.12398674,0.0947696,-0.07782011,-0.054759435,-0.01633971,-0.06439051,-0.5224708,0.0036586619,0.009947769,-0.3529316,-0.2940914,-0.52854604,0.30229843,-0.28739485,-0.19644293,-0.79519856,0.19537531,-0.009260356,0.25011745,0.8174575,-0.14231843,-1.5804434,0.19481651,-0.08619567,1.2162223,0.2274766,-0.2765676,0.27152804,-0.19699788,-0.11658486,0.6369943,0.22376442,0.2723046,0.25759885,-0.2414188,-0.16939707,0.050911885,-0.1303312,-0.207375,-0.21704276,-0.05524568,0.11606722,-0.15617393,0.119783215,-0.6048815,-0.23403096,0.08086871,-0.043644145,-0.2515595,-0.05040136,-1.1020542,-0.2667761,-0.116767146,0.07858998,-0.1116459,-0.37581402,-0.097648986,-0.011264359,-0.13553607,0.06539945,-0.28408766,-0.06693006,0.13719726,-0.12968387,0.18959801,0.08391565
173,negative,-0.30203232,0.008273241,0.08085932,0.08398878,-0.07397715,0.3061178,-0.102120794,0.26855958,0.1507511,0.4165064,-0.19917859,-0.022266075,0.49839675,0.23735754,0.043763913,-0.29074347,-0.051928286,-0.54783726,-0.8651117,0.4364223,0.70491594,0.045030948,0.23328824,0.12189008,-0.5417797,-0.13711965,-0.016684813,-0.22757643,-0.08170385,0.14511667,0.02730532,-0.13171658,-0.055883657,0.08411894,-0.16589312,-0.28280368,-0.07029038,0.29823703,0.17285459,0.16700394,-0.32686505,-0.11500042,0.15361136,-0.20800376,0.6397724,-0.12932347,-0.06265511,-0.12673138,-0.18108091,-0.32466224,-0.15543991,0.054466113,0.025925413,0.82441324,-0.33650374,-1.4488668,-0.106608145,-0.3713563,1.4311635,0.3962862,-0.047722932,0.52456486,0.1930261,-0.026742695,0.21542828,0.09036793,-0.05342507,0.034028195,0.08987668,0.17363507,-0.16359684,-0.55935854,-0.026999807,-0.23852593,0.3053475,0.081925996,0.10289093,0.31198138,-0.8541591,-0.039523702,0.47440198,0.25761738,-0.42247352,-0.21987094,-0.7489244,-0.027870458,-0.13774183,0.14708623,0.063326456,0.23772098,0.8082019,-0.23532294,-0.16417462,0.24804445,-0.78017884,0.6082166,0.28948483,0.15488015,0.4096149,0.010982479
174,neutral,-0.27088875,-0.17671081,0.27001184,0.062226847,-0.10862034,-0.14979291,-0.4710645,-0.22461122,0.06926854,0.22978412,-0.26025426,0.06784037,0.24871983,0.065913096,-0.13245964,-0.035815444,-0.1416182,-0.11567736,-0.6151543,-0.04273572,0.13579495,-0.26530737,-0.015761178,-0.23748718,-0.12253754,0.21648286,-0.1348447,-0.16610101,-0.0056707147,-0.07736971,-0.12823457,0.24663632,-0.25735736,-0.17611945,0.07589809,-0.0686381,0.17124382,0.062015653,-0.22450668,-0.009033061,-0.5687293,-0.11073796,0.32165265,-0.17518286,0.17997682,-0.2670633,0.24096419,-0.13699615,-0.43600705,-0.60060036,0.17086075,0.07503042,-0.13658214,1.0508649,0.17589924,-1.6472548,0.32197866,-0.25734964,1.1490806,0.2470821,-0.23386437,0.19805193,-0.126254,-0.10577551,0.40463856,0.12010846,-0.086994804,0.21133995,0.011855937,-0.190837,0.2777579,-0.3856964,-0.010121427,-0.48623255,0.096639894,0.17547879,-0.21106698,0.36630905,-0.74146676,0.2676055,0.562234,0.14790294,-0.08037913,0.07903289,-0.8930134,0.009885251,0.011947427,0.38894266,0.064530596,-0.59186125,-0.055953838,-0.12829204,-0.25288153,0.15830092,-0.29410028,0.2263639,0.19506201,-0.28474876,0.44328848,0.29828718
175,neutral,-0.16455351,0.1374111,0.18693237,0.047257427,-0.1565978,-0.08107851,-0.20177555,0.14649792,0.11727434,0.041944023,-0.105133474,0.040617958,0.20135392,0.04977833,0.04336527,-0.13751592,0.055269774,-0.10029115,-0.36469048,-0.00013411607,0.21238795,-0.10824185,-0.08000242,0.031213999,-0.054967042,0.3336839,-0.21512732,-0.207124,0.32013693,0.06383425,-0.031389356,0.18119861,-0.21118282,0.13685572,-0.14391667,0.11016674,0.1718518,0.02151212,-0.17814922,-0.122920975,-0.46246845,-0.097117625,0.21381396,-0.1584082,0.08685601,-0.077787414,-0.00901033,-0.10071853,-0.0030433168,-0.5998433,0.04838577,0.01361998,0.16830239,0.87103087,-0.08283607,-1.4770436,0.08240144,-0.18898633,1.2426375,0.17254984,-0.08091203,0.3481064,-0.27203494,-0.36834195,0.55515367,0.043002542,0.22999267,0.13879906,-0.085145034,-0.19215189,0.051873446,-0.35992485,-0.17208533,-0.47831127,0.15354113,0.2898611,-0.13908298,0.08312888,-0.5341688,0.01589752,0.57711756,-0.02823032,-0.17240322,0.19106582,-0.81902045,-0.26982957,0.06119717,0.22450599,0.0089763515,-0.21710356,0.0829199,-0.024491044,-0.108334504,0.20578776,-0.5152429,0.11710232,0.06356655,-0.27471644,0.4533442,0.11781591
176,neutral,-0.119884275,0.28121376,0.36673915,-0.46502838,0.1500576,-0.12472741,0.121628776,-0.07352545,-0.3833533,-0.24374369,0.29107392,0.038822103,-0.17191072,0.0705197,-0.132336,-0.2200302,0.08446863,0.07674224,-0.49867612,0.21664327,0.2552442,0.0794513,0.33344978,0.37783748,0.07981818,0.2089157,-0.13807936,-0.51545,0.33555573,-0.016205592,-0.26827413,0.16115195,0.05902863,0.074707136,0.118446134,0.20838971,-0.037324,0.29141176,-0.25647342,0.045824308,-0.19958879,-0.0787233,0.15376441,0.28257975,-0.082831524,-0.020882072,-0.17612931,-0.3138545,0.2970365,-0.2385356,0.04108245,-0.10907518,-0.10966436,0.2340837,-0.18297982,-1.9449383,-0.21142961,0.032234274,0.53561485,0.53730327,0.11535201,0.7510232,-0.15868632,0.19281076,0.2578179,-0.1459004,0.43849158,0.55132836,-0.07404944,0.13523152,0.020719405,0.015852548,-0.23507714,-0.2371831,0.15095225,-0.07834215,0.02789533,-0.17290264,-0.26850033,-0.109694436,0.38825917,0.11706125,-0.32924363,-0.001349233,-0.72659695,-0.17581862,-0.18748645,-0.092620164,-0.01778752,-0.35133147,-0.11437467,0.15665545,0.11335304,0.25995106,-0.33185768,0.009246333,-0.12633863,-0.2557795,0.091229714,0.08838165
177,neutral,-0.26809812,0.022544036,0.34351733,-0.041743938,-0.12364899,-0.10111362,-0.1559604,-0.09071286,-0.15598047,0.40084165,0.22107448,-0.19311708,0.079627916,0.016669322,-0.092702776,-0.18084054,0.32467237,-0.16896787,-0.36283398,0.00046005513,0.28784248,-0.110737704,0.058696464,-0.101795346,-0.080959514,0.12662032,-0.2945247,-0.2406137,0.1165489,-0.024831256,-0.281465,0.26416147,-0.18674156,-0.075963266,0.08300589,0.27397284,-0.30389288,0.069181174,0.22667158,0.053346306,-0.43741533,-0.07574304,0.26351294,0.14082451,0.18100773,-0.084577516,0.10647471,-0.19497025,0.06914193,-0.51457727,0.33316922,-0.13262792,0.14753932,1.0373634,0.037674528,-1.5766546,0.112613,-0.22601792,1.3518715,0.5043518,-0.20431627,0.38600713,0.18751976,-0.032994363,0.44577256,-0.13400246,0.08216191,0.27070573,-0.046275638,0.53803146,0.13818435,-0.3665033,-0.088839255,-0.3007638,-0.043366525,0.030749802,-0.1150387,0.16305363,-0.8571285,0.2531713,0.53391856,-0.22160172,-0.08278155,0.09819675,-0.9087111,-0.116413474,0.06744118,0.088172406,-0.043157846,-0.32970622,0.08635307,0.015102586,-0.056223404,0.08651854,-0.44339877,0.11067604,-0.0915208,-0.14525339,0.2597861,0.17715888
178,neutral,-0.19002731,-0.11286582,0.27047923,-0.0012450739,0.09630073,-0.11770333,-0.17851526,-0.1761284,0.12917955,0.22963367,0.14577185,0.002908568,0.38257706,0.06985728,-0.13579659,-0.1249034,0.028859684,-0.252266,-0.4966324,0.10778693,0.2879568,-0.22210622,0.24209498,-0.120353475,-0.1471778,-0.084866785,-0.017923903,-0.2595887,0.2190916,0.0615664,0.25413388,0.14434652,-0.18183465,-0.108134106,0.04687848,0.113054015,0.1743075,-0.039439876,-0.075433984,-0.068915755,-0.39804935,-0.05266295,0.3869599,-0.079574175,0.24782677,-0.32271287,0.089783296,-0.03853671,-0.16280209,-0.5270543,0.20919645,0.02890655,0.15183346,1.0271053,0.14175849,-1.6332909,-0.06276119,-0.21962695,1.3630216,0.4027839,-0.17938805,0.16112737,-0.06693594,-0.06181478,0.516269,0.086504884,0.073708415,0.30846396,-0.026668424,0.10924792,0.25636604,-0.4347711,-0.15794678,-0.41327274,0.087383814,-0.16172177,-0.22042198,0.15223938,-0.76326036,0.13340415,0.5533401,-0.083036676,-0.32336202,0.05676697,-0.85946417,0.024740854,0.22551283,0.15542164,0.011934871,-0.17794892,0.22650225,-0.10497683,-0.12903734,0.28113022,-0.35661894,0.09906507,0.04665178,-0.26467144,0.30795953,0.20036948
179,neutral,-0.07787125,0.1872607,0.11471223,-0.09642803,9.464473e-05,0.122377716,0.21727642,0.2629557,0.08431228,0.028167887,0.20704924,-0.020532392,-0.056160223,0.046456795,0.19241007,-0.24686413,0.18667637,-0.06683573,-0.16921797,-0.03720155,0.27747554,0.11289595,0.070158355,-0.15496217,0.00983932,-0.12545282,-0.018254887,-0.14576192,-0.09146782,-0.10025047,0.065928936,0.4284768,0.039381623,0.13930085,0.034730658,0.26122692,-0.14048326,0.020869011,-0.28979567,-0.41653368,-0.038602132,-0.13319942,-0.08655928,-0.038403105,-0.106470585,-0.17471486,0.081135914,-0.33008155,0.026650809,-0.49357906,-0.09649635,0.08661059,0.122069724,0.54330933,0.034146644,-1.496094,-0.24761726,0.052907716,1.0299882,0.31801826,-0.18230408,0.4432173,-0.050772116,0.0012925111,0.38754898,0.06666879,0.009378065,0.11923912,-0.11240168,0.06516539,0.008264118,-0.25487566,-0.17625421,-0.1530367,0.19441515,0.12887898,-0.21195388,0.038674954,-0.3866691,-0.018248625,0.11413701,-0.36180136,-0.13347325,-0.040850695,-0.7793305,0.25598082,-0.16864282,-0.10705566,0.06136721,-0.18375936,-0.06681515,0.027322503,0.15034817,0.018646253,-0.21280184,-0.20060328,-0.3523268,-0.19455181,0.6307,0.08555266
180,neutral,-0.44525298,-0.015205009,0.042883955,-0.4111172,0.09668186,-0.013646775,0.14192088,0.3013936,0.020780401,0.060612425,0.30796853,-0.13941923,-0.117883176,-0.05789039,0.19313695,-0.28799838,0.15174024,-0.026950698,-0.06263012,-0.0888965,-0.050921123,-0.06756616,-0.035535194,0.019965203,-0.07401537,-0.16459803,-0.0057101147,-0.15053132,-0.17345583,0.03023341,-0.10766923,0.33488253,-0.02999985,0.21904118,0.09686885,0.30169147,-0.057034854,0.1297419,0.0128115285,-0.25836435,-0.09123943,-0.22863159,0.103349596,-0.14104326,-0.22879641,0.06026811,-0.17619026,-0.13659468,0.17075165,-0.3807536,-0.045508604,0.1568655,0.16871715,0.5119168,-0.11394917,-1.4357758,-0.37128985,-0.10963286,1.07344,0.3011102,0.12547544,0.23289835,-0.0021982125,0.10506991,0.26297987,0.086001985,0.07894573,0.22145846,0.18697567,0.065912925,0.109959595,-0.133039,-0.084337555,-0.4194402,0.16213092,0.33773714,0.003945603,0.034223307,-0.5480572,-0.029342813,0.26101333,-0.22279836,-0.1017312,-0.13001208,-0.8403097,0.15858068,-0.030990824,-0.0014936791,0.053244404,0.28992388,0.03576928,0.15783507,0.11668577,0.05920044,-0.085788704,-0.10749908,-0.0903198,0.0021394205,0.47741592,-0.08644862
182,neutral,-0.23266791,0.16323128,0.26637223,0.0046406602,-0.08911119,-0.36255166,-0.1546523,0.26560858,-0.021351036,0.35317907,-0.018399827,-0.25418976,0.22975138,-0.029359784,0.120408215,-0.5028734,-0.016618032,-0.123709306,0.24696262,-0.3146208,0.4121137,-0.3559907,0.23140894,-0.09276383,0.12551369,0.29584795,-0.24206173,0.08026051,-0.14171056,0.059283875,-0.10823111,-0.05300868,-0.19815174,0.09693273,-0.15673243,0.16655223,0.17579098,-0.036993146,-0.026493566,0.063439324,-0.3390357,-0.23959094,-0.073985726,-0.403716,0.67094904,-0.07467875,0.22139467,0.29438987,0.10628345,-0.4347146,0.2332584,0.09290148,0.2863344,0.748848,-0.047788996,-1.3311397,-0.015012858,-0.11408784,1.0316797,0.09208353,-0.47523344,0.80397695,-0.25335822,0.063119695,0.04424136,0.3440048,0.0754639,0.027318602,-0.28869483,-0.08193506,0.41564998,-0.5304096,0.21816607,-0.5200582,0.039458204,0.030380143,0.23651305,0.04558436,-0.55029714,-0.033737317,0.5726798,-0.05033406,-0.3983258,0.12682775,-0.6772988,0.08314707,0.08117677,0.08148767,0.24256662,-0.1089729,0.14772993,0.16440974,-0.3112244,-0.05805377,-0.5512165,0.61832005,0.13418512,-0.031726327,0.23323599,-0.030981613
183,negative,-0.38540018,0.06984904,0.5088689,-0.120315395,-0.3787595,-0.5226122,0.17538083,-0.16876942,-0.13074152,0.85371995,0.3075408,-0.38314974,-0.06739337,-0.048009485,0.33801928,-0.29342666,0.18294251,0.04640395,0.00095734705,-0.112320304,0.37759346,0.022742357,0.04002749,-0.14224166,0.18469758,0.2287518,-0.46905932,0.38381046,0.20853092,0.054441478,-0.17202082,0.3858364,0.08438726,0.2361996,0.29440507,-0.01748664,0.24232024,-0.25498605,0.14461567,0.08283466,-0.25410324,-0.1358296,-0.04003293,0.16678566,0.56545216,-0.033743255,0.28782383,-0.240266,-0.036818907,-0.44717246,0.1938097,0.38383344,-0.1261089,0.5933379,0.031528678,-1.1231704,0.34095028,-0.15374444,1.4484272,0.55295223,0.13659295,0.65312225,0.2808049,0.38777795,0.018114476,0.23458944,0.015605059,0.16922085,-0.2630178,0.4598425,0.3017135,-0.5291145,0.18750829,-0.4193693,0.017552566,-0.023815759,0.35250843,0.46304938,-0.39218897,0.14010222,0.58478034,-0.2354449,-0.29850528,0.02757266,-0.5748713,0.21164416,0.53107095,0.16281211,0.09202517,-0.08590316,-0.09394221,0.2709545,-0.2857412,0.024906596,0.0913519,0.46391317,-0.04487944,-0.08298349,0.10612213,-0.03841971
184,negative,0.018089883,0.3026186,-0.3298913,0.13118346,-0.048658404,0.52480114,-0.43040386,-0.38616064,0.38869655,0.4412181,-0.07408916,0.29530936,0.3776349,0.054164357,-0.023585102,0.23265539,-0.028667029,-0.53200954,-0.605934,-0.09365065,0.7227509,-0.3104901,0.76996875,0.025945548,-0.15513948,-0.44390234,-0.1867337,-0.052077994,0.57469004,-0.3214787,0.32062507,0.30588594,0.26148298,-0.0067338,-0.2531838,-0.2432212,0.27940854,0.14627334,-0.102011345,-0.37226903,-0.8115688,0.03164851,0.52652454,-0.25320458,0.32423845,-0.42056346,0.61232084,-0.37212586,0.021232544,-0.36979064,-0.41454703,-0.35455596,0.4244799,1.5606996,-0.30031598,-1.427834,0.08916469,-0.25221342,1.7283468,0.38288346,-0.12851787,0.504845,-0.36635357,-0.35442606,0.8753574,0.32319278,-0.06347226,-0.22661164,0.30108505,0.16917387,0.3452784,-0.53340346,-1.0887638,-0.4147136,-0.14348738,0.32684398,0.03324606,0.77350056,-1.5882583,0.12617196,0.88954544,0.17005453,-0.283106,0.32922235,-0.9804699,0.37973514,0.08875406,0.08710932,0.14021558,-0.40164554,0.5460094,-0.52400506,-0.6231838,0.41887677,-0.9110374,-0.12695812,0.014578497,-0.044095833,-0.12796363,-0.2549897
185,negative,-0.08087319,0.34614074,0.20210353,-0.1965468,-0.20019628,0.082130544,-0.028594574,0.028006166,0.00690615,0.19931707,0.14902414,-0.06547022,0.305467,0.031992964,-0.05483046,-0.042134855,0.04554873,-0.11357806,-0.42277247,0.15861629,0.41034886,-0.038766615,0.055041365,-0.033912472,0.004249467,0.09948618,-0.23214962,-0.22597036,0.37505347,-0.036593415,-0.07308475,0.17293614,-0.046152197,-0.045690205,0.090176076,0.028462864,-0.1275614,0.0794442,0.089015976,-0.10828452,-0.23293342,0.04578338,0.080821685,-0.29523876,0.018216796,-0.06437723,0.10194659,-0.10192087,-0.08667591,-0.5699787,0.015306488,-0.059457283,0.09331737,0.8924965,-0.07801675,-1.7358671,0.09092967,-0.10918442,1.1609399,0.36407056,0.03821938,0.6754536,-0.15821677,-0.045409586,0.6089443,0.17041598,0.22185993,0.1330895,-0.11512092,0.029247638,0.18745512,-0.3274619,-0.23390798,-0.20100781,0.15775616,0.16932462,0.018954607,-0.013552016,-0.621748,0.045640077,0.6151527,-0.04473082,-0.24008375,0.16449682,-1.0475043,-0.17831895,-0.039107073,-0.11084754,-0.026889244,-0.22723596,-0.040158153,-0.08235939,0.00331276,0.0560467,-0.5423105,-0.092071526,0.012697579,-0.044517487,0.32437617,0.059548214
186,negative,0.17511229,0.17449005,0.2225864,-0.59917736,0.032586295,0.24375816,-0.12568212,-0.026915038,-0.026018303,0.12991808,-0.04746785,0.041206818,-0.136273,0.31754923,0.076232605,-0.25208804,0.231247,-0.15014443,-0.56990016,0.054503355,0.18612848,-0.08398211,0.06515177,0.10086387,0.14664462,0.12748384,-0.05948407,-0.7023938,0.053114146,0.2393167,-0.008628742,-0.12386772,-0.0031306879,0.06530364,0.037984278,0.37452728,-0.2906899,-0.18364465,0.42136943,-0.09354155,-0.1999574,0.09991887,0.1542305,-0.06612716,0.017509878,0.035223737,-0.17947474,-0.29376277,0.015308756,-0.19196473,0.03571335,-0.43369776,0.2125274,0.7440498,0.0024343773,-1.2329429,0.2482294,-0.03489359,0.52330905,0.34688115,-0.017340641,0.26499417,-0.3664799,-0.42680985,0.40911502,-0.067691855,0.44000456,0.3877147,0.058155317,0.2563663,0.12072561,-0.19913739,-0.23272395,-0.029542858,0.019587185,0.1252985,0.10171294,-0.11374806,-0.25332794,0.38110378,0.3415339,-0.017437045,-0.007645935,0.01220967,-0.8526098,0.123892054,-0.27938685,-0.09397191,-0.056723554,-0.050193712,0.14075716,-0.28681287,-0.013419544,-0.05623705,0.10768884,-0.07839128,0.034640055,-0.081623554,0.11260853,-0.41617835
187,negative,0.17511229,0.17449005,0.2225864,-0.59917736,0.032586295,0.24375816,-0.12568212,-0.026915038,-0.026018303,0.12991808,-0.04746785,0.041206818,-0.136273,0.31754923,0.076232605,-0.25208804,0.231247,-0.15014443,-0.56990016,0.054503355,0.18612848,-0.08398211,0.06515177,0.10086387,0.14664462,0.12748384,-0.05948407,-0.7023938,0.053114146,0.2393167,-0.008628742,-0.12386772,-0.0031306879,0.06530364,0.037984278,0.37452728,-0.2906899,-0.18364465,0.42136943,-0.09354155,-0.1999574,0.09991887,0.1542305,-0.06612716,0.017509878,0.035223737,-0.17947474,-0.29376277,0.015308756,-0.19196473,0.03571335,-0.43369776,0.2125274,0.7440498,0.0024343773,-1.2329429,0.2482294,-0.03489359,0.52330905,0.34688115,-0.017340641,0.26499417,-0.3664799,-0.42680985,0.40911502,-0.067691855,0.44000456,0.3877147,0.058155317,0.2563663,0.12072561,-0.19913739,-0.23272395,-0.029542858,0.019587185,0.1252985,0.10171294,-0.11374806,-0.25332794,0.38110378,0.3415339,-0.017437045,-0.007645935,0.01220967,-0.8526098,0.123892054,-0.27938685,-0.09397191,-0.056723554,-0.050193712,0.14075716,-0.28681287,-0.013419544,-0.05623705,0.10768884,-0.07839128,0.034640055,-0.081623554,0.11260853,-0.41617835
188,neutral,-0.28562373,-0.106024705,0.18610752,0.203193,0.06191219,-0.17214935,0.03888203,0.12122661,0.018207144,0.17174593,-0.11924045,0.11209799,0.82480466,0.12795936,0.064999506,0.087601416,-0.37573856,-0.11167841,-0.6046123,-0.38132644,0.24564253,-0.35514382,0.29200634,-0.11557834,0.17502491,0.077465005,-0.45436347,-0.252059,-0.099736705,-0.31368667,0.12161783,0.045304947,0.14437036,-0.1324038,-0.08711531,0.006289604,0.33448273,-0.24935497,-0.3518553,-0.13639894,-0.42496577,0.25637665,0.6860244,0.015374418,-0.09528463,-0.4906702,-0.08492845,-0.12532894,-0.28056723,-0.4595997,0.40825814,0.11411907,0.023229277,0.8726283,-0.25461447,-1.7242453,0.23761967,-0.35043073,1.4159571,0.47662967,-0.16635005,-0.10617919,-0.7848994,-0.5202506,0.7260435,0.27385667,-0.28034213,0.19885562,-0.0066277403,-0.540479,0.38269442,-0.4875842,-0.36271998,-0.5473314,-0.014759543,-0.22729984,-0.28230044,0.19892947,-0.9283031,-0.10505783,0.44257182,-0.33370718,0.028258702,0.0015326269,-0.6590481,0.29644674,0.34297693,0.16231117,-0.21842605,-0.33377072,-0.34849027,0.044094723,-0.5471981,0.058330305,-0.6742289,0.38574836,0.044421233,0.2291712,0.5179818,0.34772226
189,negative,-0.22847594,-0.13848707,0.15817791,0.10367906,-0.063539736,-0.29705063,0.10614945,-0.029232522,0.050926536,0.6820346,0.052929994,-0.14607891,0.2050797,0.12183912,0.10825337,0.026440179,-0.15248054,-0.29189134,-0.4743087,-0.059028853,0.39882058,-0.21739665,0.13950624,0.02372871,0.17559889,0.1822127,-0.3807971,0.1542693,0.33696827,0.08573415,-0.16142076,0.116260156,-0.17804752,0.29337835,0.06631433,-0.09085548,0.20386611,-0.19445781,-0.03528807,0.059540074,-0.62249917,0.07433903,0.16000544,0.18195437,0.33399412,-0.32547086,0.29251412,0.013211575,-0.09369028,-0.3609088,0.2370012,0.41960126,0.2913963,0.9161407,-0.22945891,-1.6525142,-0.17765391,-0.07413618,1.160694,0.33217332,-0.10264228,0.5334812,0.16768718,-0.1779939,0.31076735,0.25684407,-0.0477317,0.28091085,-0.28322172,0.010856436,0.1668289,-0.52935225,-0.17512031,-0.35888943,-0.17476606,-0.0489765,0.2173274,0.17233604,-0.77700734,0.08212309,0.87219095,0.01740721,-0.21318656,0.09339237,-0.5734127,0.05376632,0.3375797,0.24360196,0.115506224,-0.1870053,-0.084164806,0.44584566,-0.19915698,0.051243354,-0.5323239,0.26182207,-0.118582115,0.1270828,0.38981578,-0.035112627
190,neutral,-0.18241486,0.04379351,0.14695248,-0.19228086,-0.14596678,-0.071041174,-0.10995809,-0.05050053,0.11871019,0.022632627,0.03808387,0.043481484,0.1420607,0.0014383631,0.07683998,-0.011348983,-0.13969171,-0.07580413,-0.35002258,0.17889501,0.21139383,-0.110179655,-0.022242289,-0.28663358,-0.08894516,0.10170919,-0.09366384,-0.0983779,0.09920237,-0.07969314,-0.065256834,0.18070354,0.024420457,0.047129534,-0.116941005,0.22779518,0.011728544,0.06413965,0.01966624,-0.11541471,-0.38947102,0.06654685,0.17923872,-0.103265524,-0.08874363,-0.27812645,0.14025481,-0.050858725,-0.109609045,-0.5645023,0.019934712,0.069513194,0.22964539,0.6185662,-0.24345142,-1.433406,0.12765978,-0.03820876,0.76545495,0.257399,-0.15265457,0.4077214,-0.17827655,-0.30576646,0.40847147,-0.025873026,0.25952634,0.32886413,-0.2142158,-0.103298575,0.1379355,-0.26088503,-0.15785578,-0.5390058,0.055723067,0.17325395,0.019468121,-0.07284115,-0.58991104,-0.030482396,0.38204893,-0.25676775,-0.23454902,-0.14329374,-0.9162879,-0.177473,0.06681842,0.04719105,-0.031213174,-0.27075076,-0.066953056,0.039885316,-0.10459754,0.009230643,-0.28965056,0.02291437,-0.17182806,-0.29443568,0.10587987,0.17212658
191,negative,0.16580938,0.13095923,0.17301056,-0.21006435,-0.06976077,0.22584733,-0.024823932,0.03704871,0.061624385,0.39700672,0.14559993,0.10673083,0.24690472,0.33172616,-0.21075122,0.06763347,0.16522631,-0.022539075,-0.74969083,0.35132235,0.18744296,-0.1878826,0.19243056,-0.11920669,-0.09674164,-0.074168645,-0.17793848,-0.4247824,-0.026722353,0.09164785,-0.060366075,0.2013996,-0.030423809,0.19366576,-0.08332193,-0.115193196,0.0015068797,0.085588515,0.29309386,0.10502124,-0.68507206,-0.00078568456,0.24685664,-0.23409417,0.09477387,-0.105602145,0.072020985,0.022892471,-0.101987995,-0.46723202,0.15605286,-0.19540294,0.035370454,1.0097305,-0.21770261,-1.8490255,-0.28580707,-0.20213374,1.4496564,0.3726298,-0.14472346,0.5178104,0.10358577,-0.105585136,0.5905864,-0.08766628,0.19447218,0.34661877,-0.10048629,0.39227545,0.07143835,-0.3577531,-0.19689322,-0.12765503,-0.10857016,0.19265746,0.22433436,0.07054015,-0.81310976,-0.114864744,0.4998741,0.26398164,-0.24848609,-0.16945031,-1.0606893,-0.3436545,0.06795886,0.051233217,-0.054489966,-0.29858893,0.024700405,-0.19596818,-0.107300535,0.12671228,-0.28571996,0.086398825,-0.22981627,-0.134857,0.30505946,-0.040738344
192,neutral,-0.090961315,0.27549657,0.5205322,0.07757201,0.083439946,-0.27467707,0.11874524,0.23962992,-0.11895956,0.31904405,0.15544471,-0.110671304,0.3472876,0.022045847,0.05573646,0.1039565,-0.010790078,-0.14533797,-0.45606196,0.022422256,0.37027583,-0.0874171,0.24268039,0.21604702,0.3423336,-0.14006974,-0.15977839,-0.12067653,0.083848275,-0.029630924,-0.10127034,-0.0195837,-0.030657034,0.026426287,-0.15335143,0.00915848,-0.14036517,-0.032400697,-0.33189404,0.044235613,-0.6068699,0.06506425,0.35649738,0.05259301,0.2220767,-0.17151216,0.45608893,-0.31953526,0.07679608,-0.5771945,0.1114106,0.02403453,0.123101726,0.96420324,-0.15544349,-2.1285954,-0.22309768,-0.29949352,1.3768537,0.54651326,-0.39371994,0.61642194,0.015032184,-0.30437243,0.81455374,0.03961783,0.0031603433,0.27975205,-0.036930017,-0.11002111,0.03748855,-0.17844385,-0.39176854,-0.3393366,0.080993846,-0.06308693,0.065954074,0.07962079,-0.93924135,0.028173821,0.609586,0.10538549,-0.37758553,0.24249072,-0.8862006,0.1207701,0.10928198,-0.21290855,0.18053149,-0.19751371,-0.13751668,0.15296112,-0.19722374,0.3037275,-0.6527577,0.05903832,0.18904103,0.035415597,0.41122168,0.06366079
193,neutral,-0.17119418,0.25895268,0.28870672,-0.29236108,-0.12674522,0.31568715,-0.100996,0.10517884,-0.051558156,-0.12876827,-0.08321289,-0.017689154,0.32098654,0.08109276,0.041841168,-0.2529766,0.14302997,-0.01811298,-0.069208406,0.20069584,0.17913556,-0.068730496,-0.022477336,-0.1313857,0.3480911,0.06671957,-0.1504323,-0.32471797,0.19651073,0.019118078,0.0487618,0.3235004,0.07713558,-0.023636086,0.23310214,0.19056961,-0.18210183,0.25954917,0.16098562,-0.091570385,-0.2052877,-0.089830026,0.17008138,-0.3585272,-0.11145189,-0.027093345,0.01726924,-0.004402948,-0.077628575,-0.50077224,-0.11742147,-0.19857745,0.124395326,0.75106454,-0.13820091,-1.7896056,-0.18300675,-0.011598861,1.0533682,0.39169976,-0.14046909,0.5569815,-0.15761898,0.12523848,0.62342453,-0.03981467,0.31737202,0.17668422,0.083242565,-0.0689313,-0.03630539,-0.24913633,-0.054930504,-0.25473034,0.12095576,0.22678621,-0.15084586,-0.18162024,-0.36076176,-0.1321384,0.22331165,-0.15550558,-0.2002638,-0.06967336,-0.99396604,-0.24053022,0.055156052,-0.0041915504,0.1322168,-0.19130144,-0.056247033,-0.1985455,0.079489656,0.06165816,-0.52663356,-0.08191408,-0.33158767,-0.21317638,0.3025766,0.0045559835
194,neutral,0.04319642,0.06121815,0.046700835,-0.43827534,-0.043442637,0.017561762,-0.16508994,0.082002744,-0.39611468,-0.24429706,0.11576796,-0.03305404,-0.09346199,0.11319431,0.09637587,-0.12092004,0.20711158,-0.018138966,-0.46858346,0.32832623,0.038224418,0.14353283,0.16660479,-0.08422266,0.33158952,0.0027451636,0.11295964,-0.4352333,0.100271285,0.3065519,0.12590139,0.45733348,0.09222151,0.2574784,-0.31036672,0.12764558,-0.19670428,0.22632831,-0.15500633,-0.31291884,-0.00059589354,0.101889774,0.14385508,0.0542346,0.012906727,-0.12527494,-0.040206816,-0.28948197,-0.04026499,-0.3820364,0.16175137,-0.21103767,0.3703392,0.55489004,-0.049820416,-1.2014626,-0.14714272,0.24151936,0.15794899,0.2903135,-0.004647401,0.38296825,0.24524477,-0.12465112,0.33276862,0.052138466,0.40303728,0.5004312,-0.1595361,0.17700481,-0.039059952,-0.05700308,-0.050307255,-0.14079052,-0.116007246,0.07778775,-0.017171469,-0.03907721,-0.038877614,-0.23395275,0.2906905,-0.06363131,-0.15402241,-0.09470469,-0.3741074,0.018998357,-0.07443307,-0.14428331,0.1732117,-0.12637542,0.3467772,0.06735705,-0.124843806,0.10881904,-0.087174706,-0.04321166,0.10191573,-0.18634672,0.05853925,-0.014894596
195,negative,-0.009071142,0.17484874,0.31021854,-0.06860522,0.014694451,0.13180558,-0.123417936,-0.012767292,0.07189248,0.13989699,-0.012225537,0.066921435,0.1394884,-0.10600678,0.010241977,-0.14328882,-0.048371058,-0.038173083,-0.3486083,0.12036892,0.27656373,-0.052029155,0.093092054,-0.05804807,0.013811384,-0.026245687,-0.19942959,-0.2597743,0.25845584,-0.06067326,0.12709725,0.37136912,-0.073164314,-0.044363327,0.014855053,0.19739974,0.030949866,-0.061641824,-0.008689672,-0.15918736,-0.45385897,-0.09789436,0.22674102,-0.2673507,-0.09139818,-0.13390699,0.09308199,-0.12227761,-0.1251162,-0.5230887,0.13120246,0.02105149,0.19352219,0.81075186,-0.14238563,-1.5670538,0.087398805,-0.09685069,1.1295784,0.22303662,-0.07918271,0.36083883,-0.07578635,-0.17680301,0.48857096,0.042043082,0.2594024,0.247682,-0.1075926,-0.032341223,0.10083214,-0.20049568,-0.25319287,-0.3184688,-0.022290813,0.02161707,0.040878706,-0.000229559,-0.62990177,0.11788374,0.47068247,-0.16108507,-0.21519288,-0.09035587,-0.8710221,-0.10908096,-0.008254102,0.22442362,0.05437631,-0.46430352,0.04474764,-0.11860687,-0.1657324,-0.080125034,-0.4484941,-0.03784945,-0.09941795,-0.09081097,0.3021891,0.14336172
196,negative,-0.04926719,0.056906406,0.30629843,-0.3685446,-0.060566287,0.0828683,0.030081322,-0.1178779,0.18728958,0.12917984,0.067035876,0.021612253,0.028097302,-0.06444036,0.1021696,-0.093864284,-0.08268568,0.1079741,-0.18909335,0.13302422,0.3166468,0.054448668,0.062811725,-0.1692151,0.060362685,0.08571372,-0.16568398,-0.052439407,0.19226898,-0.062613524,-0.01601114,0.49507803,0.1302031,0.087660246,0.09594991,0.049599905,-0.25458968,-0.04073704,0.10180722,-0.16091275,-0.05142264,0.0026899315,-0.037128255,-0.26035652,-0.19217263,-0.2937521,-0.008955964,-0.20135896,-0.042351242,-0.6733817,0.06213519,0.28692305,-0.011608245,0.59177506,-0.23658513,-1.4895484,0.01340401,0.06948793,0.94687676,0.28726748,0.038014892,0.45575795,-0.04796922,0.13756917,0.48822325,-0.14070924,0.4984794,-0.073602706,-0.17694035,-0.1634057,0.06347939,-0.24311581,0.16647123,-0.042994842,0.047436606,0.056737933,0.007389921,-0.013131965,-0.006765329,0.16180022,0.2798418,-0.070238106,-0.55641073,-0.0970067,-0.9005567,-0.097175024,0.19872494,-0.23659937,0.0031185716,-0.1825756,-0.074021354,0.10225846,-0.25984204,-0.28074515,0.007304698,-0.24427962,-0.06778093,0.062453423,0.35248762,0.0073706205
197,neutral,-0.13551834,-0.012382709,0.42708918,-0.25664073,-0.09088866,0.01475584,-0.13132645,0.28805044,0.17738259,-0.07932616,0.1410062,0.09923503,0.17583668,-0.056736782,0.04949707,-0.1617839,0.026171876,0.17026556,-0.24014749,0.058214378,0.121990725,-0.16845995,0.122935295,0.029205503,0.094133504,0.079276055,0.042241354,-0.12222845,0.19558053,-0.014857487,-0.16345887,0.12920357,-0.034905232,0.26835963,-0.03193186,0.19859229,-0.10163728,0.004890417,0.04785443,-0.18309051,-0.23214027,-0.13202003,0.05470673,-0.17521073,0.07863232,-0.07375418,0.106919855,-0.1296497,0.024328794,-0.62831324,-0.0382611,-0.053006742,0.019732336,0.7188091,-0.20445728,-1.3881643,-0.18945512,0.03119182,1.010191,0.2588842,-0.25916377,0.42755097,-0.20463984,-0.15275784,0.30775672,0.12617716,-0.13071455,0.13843021,-0.01886238,-0.003762182,-0.06289348,-0.32938543,-0.14655393,-0.13296549,0.09955255,0.019536799,0.15032713,0.06763785,-0.49542102,-0.108828604,0.37796858,-0.23798415,-0.051883917,0.16251378,-0.7825673,-0.05094611,-0.059488203,-0.040526044,-0.09327315,-0.019881202,-0.09875279,0.03340087,-0.10418207,-0.17773691,-0.26814383,0.24176703,0.21704453,-0.056844797,0.3498438,0.056015447
198,neutral,-0.095661916,0.027911372,0.2541085,0.058485977,0.18846692,-0.18883303,-0.10802927,0.035831593,-0.119546294,0.1422144,0.09276001,-0.07272024,0.21258152,-0.07279673,-0.038888056,-0.015943693,0.1995211,-0.06890149,-0.075300775,0.05389156,0.25170794,-0.11343375,0.095623724,0.1609446,-0.06547753,-0.06518539,0.007092322,0.018658737,0.1000291,0.00864924,-0.019551298,0.34055996,-0.21510857,0.10868604,0.045213707,0.07921159,0.015616765,0.10519644,-0.07338611,-0.10028216,-0.21312359,-0.23081955,0.10951886,0.0098140715,-0.00027354798,-0.0805353,0.1308533,-0.15188901,-0.01715922,-0.61180323,0.009831662,0.093375966,0.13258514,0.91991675,-0.14452727,-2.1558077,-0.24676925,-0.22181837,1.5222409,0.44589487,-0.13330482,0.45479268,0.04944609,0.023431214,0.43546975,0.021214383,0.14632839,0.26642457,-0.00071503635,0.03816623,-0.015837654,-0.1280111,-0.113992035,-0.31181052,0.11981943,0.058309488,0.0023904103,-0.101546474,-0.7211275,-0.019814009,0.5311931,-0.06953764,-0.2650541,0.21392831,-0.9307375,-0.28055406,0.19247364,0.07938985,0.18217495,-0.12631056,0.054580715,0.08208906,-0.051784486,-0.07717061,-0.3112395,0.082960635,-0.029447902,-0.19991866,0.43763372,0.1632042
199,negative,-0.03510832,0.34406373,0.2401492,-0.06320334,-0.20666821,0.022479983,-0.14856172,-0.014470698,0.03573991,0.0043750377,-0.034032464,0.074779294,0.1326723,0.08975924,0.023943456,-0.0630583,-0.023887053,0.054210287,-0.24292918,0.1936632,0.34529883,0.07998512,0.09384212,0.015287858,0.12636265,0.07808249,-0.22115222,-0.194358,0.0812547,-0.05313438,-0.042749226,0.15221307,-0.073649116,0.040006485,0.08723443,0.14704032,-0.027704027,0.00859803,-0.007163821,-0.13548951,-0.34827247,-0.025692236,0.034306392,-0.25093326,0.03202967,-0.08481212,0.19007683,-0.13125159,-0.0025222562,-0.57374924,0.0009140704,-0.05958862,0.10332446,0.80363375,-0.06576469,-1.7510267,0.03089532,-0.18045652,1.107917,0.30617887,-0.0013539828,0.52701384,-0.13785039,-0.14509258,0.52021223,0.072048135,0.21577574,0.11342303,-0.029572371,-0.07897752,0.044449594,-0.24065521,-0.22941053,-0.22256267,-0.041080106,0.10569179,-0.07636515,0.067734905,-0.5434575,0.09388306,0.56076765,-0.031071885,-0.2402,0.07264553,-0.9432292,-0.07849523,-0.026217652,-0.039412625,-0.19236201,-0.34021264,-0.08606322,0.016676335,-0.08539178,-0.11543001,-0.34844458,-0.08333153,-0.06272153,-0.044983737,0.46260393,0.065993614
200,neutral,-0.2443911,0.3641296,0.21498533,-0.27493444,0.06268713,0.3708751,-0.11453248,0.32533866,-0.23359288,0.03383011,0.025408074,-0.017134795,0.14741665,0.0828968,0.057859413,-0.21130653,0.32280815,0.35969657,-0.3451697,-0.09040552,0.27037203,0.20894927,0.06595243,-0.30967742,0.2540006,-0.1253796,-0.14258723,-0.17919892,0.08589017,-0.17611717,0.17025696,0.39308307,0.093735844,-0.1524646,0.13800797,0.19580455,0.1815349,0.15186487,0.12131988,-0.0005017929,-0.16326156,-0.4031904,-0.076548606,-0.14426689,-0.12890522,-0.18623698,-0.019224897,0.0149748335,0.09238682,-0.2891043,-0.030833045,-0.10302749,0.100048885,0.89763445,-0.1966844,-2.1829956,-0.030999465,0.10401039,1.4569373,0.30981618,-0.22084643,0.87121624,-0.10505,0.126764,0.54277426,0.045579433,0.36852595,0.122649305,-0.0013116087,-0.26926562,-0.11487557,-0.22604266,-0.13792206,-0.39322284,-0.03504839,-0.23678719,0.09556526,0.046505578,-0.29102132,-0.05173608,0.46813676,0.10444624,-0.48075217,-0.14951053,-1.0836477,-0.09798513,0.17588244,-0.1897249,-0.15029508,-0.11956262,0.059452415,0.071939,-0.059118804,-0.30545118,-0.4410249,-0.23204088,-0.08536777,-0.18833497,0.6176689,0.43732917
201,neutral,-0.117281005,0.09074027,0.38578615,-0.15527204,-0.1855456,0.020258756,0.013939725,0.07207722,0.23654057,0.054876886,0.2673573,0.13297194,0.22318436,0.032195054,0.258319,-0.42730018,0.028508019,0.22178766,-0.06718734,0.091873646,0.35278076,0.16029403,0.028059816,-0.15883645,0.06081665,0.0012931277,-0.21933933,-0.20528412,0.22161432,-0.15838958,-0.09646753,0.28542328,0.0627347,0.1674417,0.09125466,0.1888993,-0.009930705,-0.011474327,0.20884079,-0.058388036,-0.2940416,-0.25059864,0.043202274,-0.20958737,-0.0253744,-0.04447803,0.09548004,0.050287362,-0.10623705,-0.5778498,0.053276192,0.2506842,0.121809624,0.8804071,-0.0057127234,-1.7078385,-0.13921274,0.11954271,1.4682074,0.19091547,-0.03625596,0.7303139,-0.09555655,-0.013165225,0.58058715,-0.018453289,0.36462975,-0.08619974,-0.10099152,-0.12032759,-0.10521224,-0.41426742,0.15153952,-0.3083738,0.22658652,-0.217727,0.07244172,0.08935934,-0.53421015,0.23163958,0.3302695,-0.10769315,-0.28411168,0.03244439,-0.8727122,-0.14556499,0.08425751,-0.18834688,-0.120558284,-0.21621276,-0.038215242,-0.1412782,-0.05998806,-0.074397005,-0.43314523,0.13771118,-0.19913584,-0.003165406,0.31995764,-0.008619985
202,neutral,-0.30935016,0.16257387,0.2941936,-0.362879,-0.1261576,0.202793,0.001974753,0.048454706,0.28854677,0.014472541,0.26113105,0.109817944,0.18081988,-0.16298692,0.13396099,0.014018675,0.122306146,0.0066298773,-0.06645929,0.15332313,0.27385134,0.14085475,0.044689547,-0.39074624,0.11198637,0.33178866,-0.1478128,0.0071946243,-0.04829785,-0.013013575,-0.08607195,0.14544499,-0.24296494,0.30640447,0.033133157,0.08618882,-0.022556128,-0.01375535,0.018010655,-0.14050348,-0.4848814,-0.24481161,-0.14688332,-0.27816236,-0.12379608,0.06359751,-0.1262937,0.121009246,0.1911965,-0.5324898,0.2682681,-0.14686163,0.07415289,0.71261334,0.011958806,-1.5010215,-0.18052071,0.14130308,0.9011212,0.51142424,-0.0077924193,0.96933275,-0.22506641,-0.00027220216,0.55973804,-0.08013183,0.47179106,0.21207553,-0.07522945,-0.45591202,0.11016129,-0.1310035,-0.09548067,-0.03567757,-0.160227,0.34658167,0.035791878,0.31626713,-0.4149416,-0.06716169,0.19416384,-0.0581121,-0.066651925,-0.10786888,-0.7983252,-0.133205,-0.11761569,-0.0016796968,-0.32441962,-0.06746556,0.13992098,-0.05219969,-0.14177845,-0.2741495,-0.015126376,-0.09269205,-0.33522937,-0.1771999,0.5686411,0.20224613
203,negative,0.092003636,0.26537624,0.31971532,-0.13333905,-0.014877098,-0.18666317,-0.029997911,0.1687321,-0.014308281,0.4341447,0.120643504,-0.12180063,0.05065251,0.09873829,0.1255935,0.068819396,0.15593794,0.12312621,-0.135704,0.012932343,0.19861944,-0.24158637,0.06299955,-0.26817593,0.34134543,0.06574667,-0.111312754,0.18269037,0.06312943,0.013670766,0.020632323,0.16754451,-0.24671714,0.16094339,0.07902506,-0.1296415,0.02931343,-0.15540165,0.02778202,-0.083707176,-0.095923774,0.026049828,-0.08267606,-0.1413457,0.15215471,-0.16750328,0.25230634,-0.07865965,0.009726093,-0.35631248,0.104564324,-0.011641307,0.08583356,0.6938035,0.022064261,-1.4651117,-0.11975501,0.013704365,1.0359321,0.24873398,0.06819073,0.44229707,-0.04796325,0.17458609,0.58671176,0.024836205,0.14295231,0.04117353,0.13887146,-0.07738763,0.05938823,-0.10045062,0.1160753,-0.019285139,0.04026164,-0.027045785,0.24092567,-0.10272352,-0.6566707,0.103802085,0.5585644,0.13884646,-0.30010006,0.0661016,-0.8078878,0.2647338,0.3100999,-0.018188113,-0.109030925,-0.22002378,-0.133904,0.22967848,-0.14547473,0.116927125,-0.22212498,-0.20953365,0.07723326,-0.2956274,0.38185218,-0.09490708
204,negative,-0.02095349,0.2647704,0.23214827,-0.21663184,-0.10413023,0.08660639,-0.110586576,-0.2614483,-0.12088002,0.0062131127,0.1486047,0.08335528,0.08634733,-0.07082226,-0.03518298,0.0637783,-0.031600174,0.10523127,-0.26146445,0.3423077,0.17412357,0.050024588,-0.18234551,-0.23681292,0.097205885,0.4872382,-0.17907037,0.021883179,0.014720705,-0.12744637,-0.025838383,0.25139055,-0.10504047,-0.077710874,-0.024618763,0.13738443,-0.13908932,0.22867997,0.079983294,-0.12857671,-0.3356794,-0.031935398,-0.13610524,-0.20368062,-0.049455464,-0.2575562,0.4403251,0.039691187,-0.11087058,-0.234671,0.1520745,-0.1038574,0.34962323,0.6031091,-0.15500712,-1.5243738,0.37152213,-0.17161143,0.63965416,0.21138503,0.18452431,0.44146842,-0.16379516,0.011244101,0.55069876,-0.1552292,0.1251541,0.14104508,-0.069643945,-0.23173264,0.15699302,0.15381967,-0.04288387,-0.18006219,-0.08059316,-0.10909962,0.067542166,0.18182032,-0.5373679,0.13322799,0.19939265,0.27769896,-0.08407641,0.1386224,-0.7831503,0.076507404,-0.18034697,-0.16851164,-0.10578494,-0.38549286,-0.12095758,-0.08023384,-0.15999825,0.09004387,-0.038511455,-0.027395321,-0.20357515,-0.55282104,0.07729735,0.23158942
205,neutral,-0.25465918,0.07699374,-0.07535638,-0.29640985,0.26907054,0.06181177,-0.25047967,0.08136646,-0.05603601,0.092630364,0.333516,-0.17009673,0.14521338,-0.41669944,0.17340147,0.29904225,-0.15047891,0.0026805764,0.06551907,0.12779234,0.108526014,-0.06262214,0.09021105,-0.021655498,-0.19586903,-0.027498674,-0.037858002,0.22488229,0.22788356,-0.19795342,-0.0004576965,0.11801044,-0.2375572,0.3487006,0.18888082,-0.004506214,-0.09932631,-0.3763263,-0.0085464455,-0.21110596,-0.14483492,-0.014410545,-0.24513397,-0.15258794,-0.16706324,-0.36490297,0.06906374,-0.375084,0.14858656,-0.9430406,0.3315083,0.0638689,-0.061162706,0.79107404,0.12919717,-1.5249063,0.058159128,-0.14581043,1.2050718,-0.16317058,-0.19707873,0.8473617,-0.0029806618,-0.21605635,0.57589334,0.35152945,0.31328005,0.1058731,0.20147449,0.019152572,0.28972307,-0.038776353,0.12807374,-0.08882989,0.091822356,0.37699044,0.17766374,0.123965584,-0.41512707,-0.0010882412,0.64388037,-0.101786196,-0.13895527,-0.13843383,-0.99151856,-0.2119132,0.12797575,-0.10895915,-0.009272137,-0.25875446,0.023997298,0.12645307,0.21705292,-0.58649045,-0.22132011,-0.22764044,-0.008641762,-0.30383426,0.4166426,0.1485103
206,negative,-0.06914985,0.22100876,0.26935795,0.042797074,0.03481788,-0.09370881,-0.38217232,0.14370443,0.05744733,0.08774988,-0.09932792,0.2308274,0.07190148,0.01923968,-0.15667948,-0.2720143,-0.061654538,-0.023065792,-0.18294623,-0.17871398,0.13180828,-0.01622319,0.030770991,-0.07144328,-0.16369905,-0.102254346,-0.25451005,-0.4090914,-0.072364844,-0.09391359,0.04619089,0.1818472,-0.17278877,-0.057393346,0.062529,0.0050031506,0.17505066,-0.0031545155,-0.18763728,-0.036826726,-0.33743006,-0.42176652,0.005662763,-0.08087259,0.15539525,-0.14614117,0.18159437,-0.06934178,-0.11171812,-0.9123964,-0.20960777,0.10742345,0.07174563,0.7552845,0.13646276,-1.9286376,0.13115229,-0.34895906,1.4957935,0.3960913,-0.028609566,0.38577014,-0.23424104,0.030550893,0.58946306,0.11517148,-0.011056786,0.15584375,0.3339823,-0.23134916,0.34716317,-0.36507735,-0.23393063,-0.3497329,0.08361175,-0.07762431,-0.1700585,0.16180834,-0.576401,0.0027435364,0.73915064,0.08682087,-0.32980707,-0.0755493,-0.7535596,0.01826852,-0.10027894,0.004878054,-0.18756516,-0.15274388,-0.034811035,0.06891288,-0.18653779,-0.2149474,-0.45771238,0.08564744,0.13371658,0.026188686,0.43832916,0.18089776
207,negative,-0.25514516,0.29590598,0.2558152,0.032967504,-0.1315265,-0.28170744,-0.35770825,-0.04948556,0.15304953,0.045633238,-0.070524536,-0.010633212,0.30738384,0.015063504,-0.06700384,0.011783173,-0.13135955,-0.18961559,-0.3262946,-0.19297226,0.42216906,-0.13046406,0.093042225,0.10104351,0.058057025,-0.049170777,-0.3004351,-0.02155293,0.2659421,-0.016676519,0.012489075,0.011638164,-0.18056001,0.099338055,-0.21263084,0.07908704,0.104822606,-0.26293302,-0.07663958,-0.08267229,-0.41551352,-0.20231397,-0.14883627,-0.15586933,0.3135551,-0.08553238,0.42931792,-0.07666289,-0.06303511,-0.77464306,0.100126125,0.03294788,0.03450805,0.8219826,-0.025148798,-1.6370225,-0.08000108,-0.25739923,1.1452956,0.39014512,-0.0805967,0.51357067,-0.0014867962,-0.16729414,0.4767163,0.3420495,0.0921003,-0.04319659,0.14132437,-0.12969586,0.3242046,-0.30108625,-0.27719033,-0.26658502,-0.053892717,-0.021111075,0.15247077,-0.030975742,-0.66610813,0.08402437,0.726826,-0.11070161,-0.4631592,0.21247655,-0.6571624,-0.176184,0.09371859,0.08566806,0.013360272,-0.38108557,0.016402967,0.20811129,-0.2509155,-0.022372607,-0.37192988,0.228392,0.18329,0.046785824,0.36376372,0.21352893
208,negative,-0.019259166,0.14816652,0.49505952,-0.43499467,-0.08370646,0.16938429,0.0775718,0.032933656,-0.2074081,-0.058185596,0.093969695,-0.17004558,0.061133385,0.1829831,0.16165991,-0.10637595,0.22657117,0.1551722,-0.5120181,0.30388865,0.24337243,0.09047816,0.085857235,0.0930518,0.28715208,-0.006277482,-0.21831734,-0.5307485,0.24738714,0.11463107,-0.1806974,0.59071064,0.016673932,0.124196984,-0.025302159,0.2188051,-0.3719464,0.20453618,0.02472686,-0.16552928,-0.24138336,-0.24916697,0.27392417,-0.3294946,-0.06761696,-0.09675289,0.017686093,-0.3611915,0.20722133,-0.75608414,-0.073316805,-0.055063106,0.20238729,0.9105261,0.13536642,-2.3529978,-0.23214653,0.09671914,1.2199798,0.60650516,-0.13364728,0.5934752,-0.25069475,-0.098634064,0.59960234,-0.06182924,0.5652115,0.57251185,-0.11644129,0.21808027,0.18477812,-0.20497462,-0.11294914,-0.41027555,-0.09572633,0.21276751,-0.21099366,0.07362176,-0.64124745,0.093667194,0.650761,-0.08162432,-0.35603917,0.038087938,-1.4423199,-0.26002696,-0.21322936,-0.036113333,-0.11318833,-0.43292966,0.038429156,-0.17714913,-0.088467844,0.12110107,-0.5345162,-0.21370265,-0.25802338,-0.06973757,0.35749403,-0.021550927
209,negative,-0.10516904,0.16381821,0.4270947,-0.057963558,-0.2989912,-0.09499361,-0.16610168,-0.07479883,-0.00044081098,0.036896862,-0.030666789,-0.009859041,0.38661644,0.05554784,0.0814844,-0.15117556,-0.12089391,0.021159142,-0.3729992,0.27968132,0.29230988,0.20427327,0.18878165,-0.08942858,-0.024002116,-0.0928338,-0.18142839,-0.3813925,0.31562415,-0.13631211,-0.05862385,0.40609908,0.008062443,-0.044453803,0.041295085,0.22037585,-0.14469658,0.1191613,-0.094813585,-0.09087663,-0.37300164,-0.09892109,0.084826656,-0.31247076,-0.16626337,-0.13705029,0.5450558,0.047365118,-0.07263194,-0.6109281,0.08693827,-0.05560272,0.032891843,0.9253835,-0.03878479,-2.100021,0.16637339,0.00095531845,1.406377,0.2641415,-0.15543547,0.6819976,-0.24941048,-0.0947595,0.76865894,0.11038261,0.3686082,0.34707668,-0.02901113,-0.31464657,0.22275302,-0.33293936,-0.2672432,-0.39095572,0.17520861,-0.18691926,-0.26113823,0.14344436,-0.5036002,-0.1043293,0.3833035,0.18601081,-0.4997498,0.048590057,-1.1094579,-0.07202865,-0.024279967,-0.05658461,-0.09785776,-0.37920862,-0.17420813,-0.03778996,-0.17455092,0.07464112,-0.44077206,0.09638852,-0.079194784,-0.12220581,0.37198386,0.396129
210,negative,-0.041014135,0.22334377,0.12245563,-0.17754807,-0.026575582,0.2086931,-0.0794808,0.17630863,-0.0805051,0.26828173,0.031722818,-0.00963072,0.2457309,0.31332436,-0.027079675,-0.1605272,0.103412844,0.014775026,-0.41710514,0.24195595,0.37076488,-0.27921093,0.100520484,-0.03196407,-0.025041949,0.014473288,-0.29753673,-0.28977045,0.16182733,0.06738285,-0.12500519,0.3771922,-0.043247934,0.011578441,0.10401491,0.06694375,-0.16061896,0.13807568,0.2708533,0.027183555,-0.3167725,0.029899431,-0.09259401,-0.24243343,0.2552389,-0.04798433,-0.10321596,-0.17265439,-0.14024405,-0.446799,-0.11422682,-0.08176465,-0.10041916,0.8475204,-0.105492845,-1.6907805,-0.18938887,-0.14522444,1.4023083,0.38947588,-0.028026257,0.4598373,0.0045444528,-0.10920503,0.49369147,0.027846182,0.19737345,0.18689741,0.0074004987,0.059378468,-0.034324903,-0.27628124,-0.2143142,-0.28906217,0.10848841,0.23353823,0.012415635,-0.008090491,-0.535081,-0.14002748,0.60494614,0.0393943,-0.31629837,-0.14741184,-1.0269238,-0.20240662,0.15859415,-0.07378812,-0.069112495,-0.13811558,0.0108296685,-0.09187244,-0.012417032,-0.1591197,-0.4379684,0.06586999,-0.090058506,-0.1954258,0.17696716,-0.023178006
211,negative,-0.038600877,0.29892832,0.26476622,-0.25245565,-0.0018143255,0.2818742,-0.19584402,0.1490887,0.12692672,-0.020880308,0.030289108,0.10827058,0.24401574,0.13922238,-0.008396526,-0.18193047,-0.05974163,0.107826956,-0.28024286,0.32269555,0.09568437,0.029689753,-0.10052242,-0.14785454,0.19198032,0.3466956,-0.12567633,-0.45953882,0.2524399,-0.34906235,0.1920766,0.27986446,0.038626816,-0.01583921,-0.122907594,0.1447442,0.055253718,0.23816305,-0.028406164,-0.1921103,-0.092510745,-0.12934206,0.007852082,-0.47778592,-0.18910219,-0.058228504,-0.034824118,-0.09639623,0.028965915,-0.5911738,-0.009132943,0.02139116,0.16909604,0.67398536,-0.021904077,-1.7460762,0.020943346,-0.020552551,1.0624446,0.16506429,0.11279404,0.64053166,-0.39738882,0.068583585,0.3150073,0.22746193,0.32280043,0.07791936,0.16013792,-0.40424177,0.17848934,-0.08700647,-0.032844104,-0.21082345,0.2829914,0.38865936,-0.07652802,-0.056125417,-0.45372343,-0.00834214,0.2747832,0.1275363,-0.16767013,0.11200725,-1.0819906,-0.07439664,0.14516112,0.030592527,-0.2728233,-0.19941275,0.009801902,-0.07625124,0.04843286,-0.09022682,-0.40539473,-0.21402179,-0.042357273,-0.19950067,0.22792292,0.230464
212,neutral,-0.0816521,0.03202612,0.06521286,0.46946135,0.0015252811,-0.3465709,-0.15715507,-0.24298002,0.1556123,0.26460522,0.057840057,0.00788949,0.1769705,-0.1819732,-0.0019976138,-0.15244217,-0.15117975,0.14592211,-0.36980176,-0.07194724,0.35946304,-0.2642411,-0.107522875,-0.21497108,-0.15072738,0.2677632,-0.18491293,-0.19913913,-0.08058347,-0.19728336,-0.20420116,0.1334169,-0.34509084,-0.11916602,0.12206256,0.20943974,0.16314651,-0.25418139,-0.102773495,-0.40604043,-0.10703277,0.16921724,0.5042328,0.021675402,-0.11370545,-0.35256618,0.032273144,-0.020579739,-0.27634886,-0.31122792,0.036908608,0.06959902,-0.17153747,0.73459256,0.23189378,-1.0282066,0.51776713,-0.47647303,0.9787339,-0.2177832,0.10594708,-0.0031881595,-0.4664986,-0.24067621,0.6908154,-0.19878064,-0.14504702,0.13845904,-0.18705717,-0.3288576,0.1852326,-0.2634239,-0.16180849,-0.5380113,-0.32102087,0.1477127,-0.25020286,0.123421505,-0.5313906,-0.13180315,0.38677233,0.03152651,-0.066285245,0.069756195,-0.73080325,0.06304017,0.25389647,0.035645828,0.044860885,-0.27462596,-0.16976453,0.061375026,0.08025767,0.13572623,-0.25607795,-0.14560033,-0.12555744,-0.18110213,0.3909114,0.65259194
213,negative,-0.048050422,0.05969887,0.2586242,-0.3178248,0.08120818,0.024521891,-0.20702018,-0.009545894,0.15686084,0.10177232,-0.13890721,0.0051416466,-0.029133687,-0.018010492,-0.08888731,-0.0137534505,-0.028320758,-0.028743604,-0.5202733,0.10646804,0.67141134,-0.13602507,0.2521984,-0.34706354,-0.17111665,0.081444785,-0.40250787,-0.2587113,0.2602669,-0.14996813,0.33981723,0.25290045,-0.00969745,-0.012384855,-0.08630083,0.1381103,0.1659307,-0.30509582,0.09503225,0.14958462,-0.55634874,-0.07332348,0.29867727,-0.08048402,-0.09213749,-0.284417,-0.027899489,-0.41330907,-0.3144558,-0.5258383,0.18068898,0.19068325,0.1943269,0.6501223,-0.04732723,-1.5840307,0.27734223,-0.25292552,1.1219722,0.21192232,-0.050249606,0.020435372,-0.016560605,-0.13475598,0.7345855,0.02820056,0.3671885,0.5428295,-0.09356683,-0.15415798,0.2706625,-0.50738853,-0.31452817,-0.18344967,-0.060716417,-0.17799088,-0.18136391,0.16484877,-0.80232984,0.024492707,0.3508138,-0.4016674,-0.054760955,-0.02931036,-1.0018511,-0.06727464,0.3730794,0.084905684,-0.031070028,-0.44805247,-0.080060326,-0.1701996,-0.32766056,0.5826698,-0.42358708,-0.16600387,0.111759126,0.22088341,0.37664726,-0.06924618
214,negative,-0.17783482,0.27895164,0.25050983,-0.13405767,-0.081382275,0.43309814,-0.30974615,0.021863835,-0.030377427,-0.07911667,-0.0021195165,0.011330123,0.15777235,0.04163438,-0.009159355,-0.19818394,-0.13103165,0.048677027,-0.43170196,0.08642695,0.09255993,-0.015348888,-0.12200163,-0.036871627,0.20446043,0.25575405,-0.26223537,-0.25805843,0.3370857,-0.309047,0.1337741,0.36572173,-0.02843199,0.068462856,-0.08906128,0.11668616,0.113383934,0.13731416,0.08909535,-0.17051528,-0.1727836,-0.18248829,0.07420685,-0.46537858,-0.2087442,0.09117462,-0.07419305,0.03978864,-0.053372387,-0.6190195,-0.029577281,-0.025839845,0.1397064,0.83125037,0.09598008,-1.5866951,-0.023567017,-0.21664232,1.0861408,0.22051199,0.07992378,0.4943478,-0.37604135,-0.10617591,0.4418521,0.09087016,0.13493629,0.2667628,0.07058429,-0.41014022,0.08348607,-0.14818746,-0.056822676,-0.4264596,0.46648157,0.31102934,-0.21838059,-0.013064374,-0.3313065,0.068982534,0.34650275,0.15038718,-0.22007334,0.112920605,-1.0998333,-0.12822656,0.04550907,0.09235875,-0.43336287,-0.16782676,-0.11857394,-0.0805805,0.09563495,-0.10858195,-0.39473844,-0.17239986,0.045370217,-0.15944941,0.32523397,0.12931935
215,neutral,0.0824231,0.42728812,0.39738736,-0.2706287,0.33365497,0.08422337,-0.10004057,0.32155025,-0.4192738,-0.20935713,-0.42920855,-0.37993208,0.38837057,0.44648242,-0.012284994,-0.0273498,0.71518505,-0.014241714,0.047352012,-0.2894297,0.32437405,0.047362845,-0.05010083,0.03476821,0.10575487,0.42486617,0.10060253,-0.64645654,0.17052047,-0.21018139,0.40757734,0.44111624,0.062424555,0.09184175,-0.10978386,0.063126735,-0.11908905,0.3798776,0.17412478,0.0015130548,-0.31173766,-0.52080894,-0.026537828,-0.18357834,0.06441007,0.112121955,0.2902586,0.23307683,-0.042022206,-0.5453853,-0.012101526,0.1235508,0.2909643,0.6741267,-0.23661308,-2.6018865,0.08697861,-0.029286627,1.5601557,0.37592342,0.028037867,0.4008289,-0.06779536,0.033914186,0.35985896,0.18320802,0.20376825,0.4338983,0.25799325,0.10712494,-0.002883994,-0.14476699,-0.23736967,-0.041075446,0.25761276,0.27089944,0.23308603,0.16346304,-0.5940956,-0.13461052,0.69352657,0.0642629,-0.30574533,0.28786382,-0.9600644,-0.18369152,-0.039779853,-0.04029598,0.21939698,0.040660486,-0.15374337,-0.5535464,-0.39045313,0.4175157,-0.9133015,0.29661816,-0.3418668,-0.22672665,0.20031969,-0.26160032
216,neutral,-0.28909534,0.10635058,0.012402394,-0.039113197,0.12633221,0.042978756,-0.09299013,-0.109642096,-0.034408543,0.39367926,0.2775534,-0.111530855,0.38594243,0.12758929,0.097315714,-0.057424597,0.05374562,-0.2315434,-0.3684594,0.00983742,0.16686575,-0.24967311,0.10973984,-0.10477316,-0.03756883,-0.09141148,-0.09522172,-0.32738322,0.2594831,0.088631175,0.08184978,0.16111305,-0.06056399,-0.10607448,0.04755945,0.038565714,-0.030451989,0.079600446,0.12408407,-0.021940475,-0.2259685,0.009919445,0.19937019,-0.15073067,0.21081725,-0.04139639,0.0604044,0.15604821,-0.20652984,-0.2519861,0.047787573,0.10282203,0.14418365,0.8858779,-0.073342,-1.4910794,0.023326011,-0.27763033,1.2293214,0.58473635,-0.059760172,0.52788246,0.11385305,0.035488546,0.53501076,0.10914071,0.17145425,0.18085247,0.028822072,0.12506138,0.2793872,-0.3154533,0.023805687,-0.25068814,0.0964879,-0.024547603,0.057894133,-0.11639318,-0.4127144,0.104396395,0.47394666,-0.0115798395,-0.46755317,0.18901499,-0.74566597,0.1801685,0.25861415,-0.074419,0.18233128,-0.12777281,0.05590784,-0.08750429,-0.1870525,0.17445132,-0.24998704,-0.10859204,-0.009271354,-0.4137971,0.19173811,0.10442455
217,neutral,-0.01676774,0.25712597,-0.052409727,-0.08564628,-0.27562994,0.19899078,-0.24980445,-0.04038378,0.09734473,0.16612853,0.101796985,-0.0028546418,0.21315612,-0.0053049447,0.07960243,-0.22197859,0.21374406,-0.15235785,-0.2647128,-0.024830373,0.0022473878,-0.08652069,-0.09506954,-0.04887362,0.004507082,0.01750204,-0.036651846,-0.09364399,-0.025130387,-0.087929174,0.031504825,0.30787507,0.11473739,0.14985897,-0.07093109,0.088047296,-0.2232263,0.035536185,-0.0026918876,-0.37257424,-0.25410247,0.17102246,0.13046117,-0.41871834,0.029577421,-0.3158298,0.071553424,-0.23649907,-0.17290103,-0.41701835,0.27800053,-0.050070062,-0.1565803,0.82152414,-0.123621285,-0.76129055,0.4987703,-0.62295526,1.3781894,0.33518833,0.11023179,0.044151127,-0.1207615,0.045446847,0.6795713,-0.12279242,0.17760034,-0.0016819407,0.19863985,-0.027010472,0.0071316347,-0.0656688,0.18042506,-0.2876438,0.18436559,0.45301205,0.022223063,0.029459937,-0.5162437,-0.25406942,0.4109579,0.15922534,-0.1270556,0.13536416,-0.96185327,0.012587826,0.2060399,0.0762006,-0.09087799,-0.36384597,-0.082079895,-0.1432296,-0.13557637,0.031932835,0.13727205,0.24518816,0.0947348,-0.26772347,0.08389601,0.33304733
218,neutral,-0.10771913,0.025663087,0.21023016,-0.068571545,0.011476446,0.06768416,-0.18841118,-0.118223764,0.18705103,0.06057402,0.036894083,0.22554897,-0.06350497,0.07258535,-0.073106214,0.04022432,0.020928055,0.07502199,-0.49596033,0.14141648,0.118500404,-0.058145396,0.019095352,-0.08469497,0.054812685,0.04900515,-0.12312098,-0.11426542,0.19029008,-0.10507481,0.10056164,0.36715347,-0.11094899,0.07072619,0.04508587,0.1328309,0.087161765,-0.08213367,0.00080390315,-0.078928806,-0.31622782,-0.092957884,0.06748472,-0.2734245,-0.18167438,-0.0060044085,0.1767164,-0.052883822,-0.037758157,-0.51349103,0.12480983,0.012087245,0.050415903,0.8440398,-0.05651932,-1.4779999,-0.07304345,-0.18658073,0.9816156,0.15897106,-0.21427481,0.51513255,-0.12247454,-0.055599283,0.5671824,0.010006622,0.30175275,0.23679067,-0.0650494,-0.0043911845,0.039190028,-0.2507786,-0.1509802,-0.30312368,-0.04960599,-0.044112187,-0.042320434,0.010685873,-0.6031086,0.20202355,0.3757908,0.029392675,-0.1584638,-0.15016286,-0.95862454,-0.091846354,-0.0067569236,0.27721387,-0.0735422,-0.19164462,-0.0985583,0.05772906,-0.06322382,-0.056335937,-0.12138761,-0.10187453,-0.049996644,-0.09319567,0.3046495,0.15107594
219,negative,-0.19581464,0.22915219,0.0952495,0.0044186204,0.002500021,0.11100067,-0.030214,-0.30680352,-0.04272147,0.47734478,-0.0007687213,-0.10716649,0.25799406,0.056398243,-0.049950466,0.01760549,-0.15568171,-0.14786057,-0.26394343,0.018933188,0.39424247,-0.24621823,0.17775148,-0.2086467,-0.054155555,0.063950986,-0.20401558,-0.27442375,0.20092626,-0.027663464,-0.0016528441,0.2322291,-0.15777999,-0.111036055,0.19983888,-0.010185698,-0.018772732,-0.18013255,0.15888967,-0.08317165,-0.23405987,-0.022754991,0.1175434,-0.19153453,0.06328389,-0.17513783,0.22270598,0.06725922,-0.19785231,-0.35813433,0.071988806,0.104699045,0.097995184,0.93083066,0.13280866,-1.5298539,0.049093362,-0.0647605,1.2093049,0.37827036,-0.051860053,0.3979569,0.013137223,-0.235514,0.6043483,0.12683417,0.18531834,0.102416426,0.09350785,0.13065617,0.10737456,-0.3668432,-0.22986333,-0.115945324,0.024219409,-0.23507069,-0.049610272,0.050289366,-0.678826,0.15377097,0.5566342,-0.049454194,-0.23097865,0.09881266,-0.9189064,0.2136137,0.037427332,0.0039694505,-0.15518649,-0.23976238,0.07284944,-0.124196954,-0.13102694,0.22905709,-0.24075429,-0.19099762,-0.096290365,-0.2666877,0.3905419,0.17128468
220,neutral,-0.23792382,0.07999312,0.2078381,-0.083932035,-0.048181325,-0.14884512,-0.028001161,-0.13001429,0.13148895,0.17263724,-0.039527267,0.025126705,0.12389676,-0.16770382,0.04626743,-0.1798279,0.03429117,0.030143615,-0.16892423,0.113260925,0.26469627,-0.123723745,0.1766304,-0.20322394,-0.037057474,-0.083674006,-0.07100157,-0.20562576,0.09826926,-0.07946954,0.05177064,0.38136867,-0.2070383,-0.09371739,0.013470179,-0.054297514,0.16520558,0.11283827,-0.11420016,-0.12762478,-0.40413707,-0.017874457,0.14259772,-0.23282811,-0.055479884,-0.2831463,0.2680323,-0.12357067,-0.15414923,-0.4783894,0.15465593,-0.06486293,0.13133094,0.7656382,0.18666233,-1.7326101,0.16701993,-0.011573161,1.0216068,0.3660906,-0.062421422,0.31903774,-0.24405992,-0.116471246,0.61575186,0.19534865,0.26870534,0.22103484,0.04597716,0.01968137,0.16374604,-0.14781453,-0.19646518,-0.24171317,0.026618123,-0.09773727,-0.15401988,-0.026669087,-0.6535117,0.0889261,0.45190793,-0.0020613433,-0.36101115,0.047308724,-0.94556564,0.10740231,0.18175142,0.0121080605,-0.031256694,-0.37540388,0.050053507,0.040946092,0.025638249,-0.038052198,-0.18009561,0.11674648,0.031049322,-0.21355924,0.31465653,0.19875968
221,negative,-0.008133804,0.19449748,0.15107979,-0.009603632,-0.1526658,0.16725716,-0.15832032,0.037175875,0.027237417,-0.008706903,-0.1587339,-0.07069697,0.3433611,0.033357922,0.0011345702,0.047739297,-0.009538968,0.022530109,-0.49589473,0.12380243,0.36052322,0.13087656,0.32753906,-0.24286346,-0.032465953,0.08591953,-0.16243693,-0.46474084,0.034086514,-0.098999955,0.04168694,0.40404862,-0.15121022,0.04946534,0.1021998,0.14010607,0.10751673,-0.09273904,-0.19345416,-0.24847126,-0.43130505,0.0047188294,0.20146257,-0.22108462,-0.0649288,-0.11864516,0.16558836,-0.018927278,-0.30948797,-0.4975437,0.36838162,-0.031829827,0.043595646,0.8302846,-0.121185526,-1.6867754,0.01140144,-0.24403025,1.0839806,0.26899064,-0.120771796,0.16616288,-0.23442562,-0.14637588,0.67525893,0.099333346,0.2001489,0.40207037,-0.170063,-0.32322198,0.054011073,-0.27221555,-0.090718344,-0.30410254,0.1484979,-0.12102142,-0.25573492,0.109648325,-0.609943,-0.05693408,0.4186219,0.13836901,-0.18697402,0.096430875,-1.0951781,-0.047882017,0.20586936,0.13260126,-0.20095877,-0.30131662,-0.16005425,-0.25991675,-0.06542439,0.21390565,-0.3736951,0.121999726,-0.19151665,-0.04778027,0.3772394,0.14538792
222,negative,-0.19928248,0.143095,0.50366956,-0.14777714,-0.09545283,-0.1607482,-0.28269383,-0.066805765,0.09470433,0.096370876,-0.028729277,-0.08113234,0.041594457,-0.09436254,-0.07394445,-0.070344895,0.031855118,-0.01360362,-0.39619082,0.20431876,0.14893137,-0.08541357,0.0374665,-0.1483946,-0.16133513,-0.034986533,-0.17479615,-0.23716493,0.22243811,-0.09691743,0.09066126,0.34522817,-0.15441318,3.799453e-05,-0.0558434,0.1726854,-0.0038916396,0.043087255,-0.0786628,-0.056488648,-0.47593144,-0.12665883,0.07981927,-0.241226,-0.18486102,-0.35998195,0.020799164,-0.2893676,-0.16880248,-0.717007,0.21036467,0.124527715,0.05025637,0.7558378,-0.058163173,-1.8750341,0.20099248,-0.33316252,1.451664,0.26680598,-0.054954745,0.31272885,-0.10248152,0.012553368,0.7714349,-0.08168802,0.23811388,0.3691287,0.002288367,-0.08156081,0.07238066,-0.41194454,-0.26413375,-0.3779734,0.15202405,0.22127682,-0.08491617,0.008413757,-0.8288555,0.04232112,0.5687131,-0.10608839,-0.19437614,-0.032487296,-1.2180419,-0.14371456,0.1403814,0.23885357,-0.19613734,-0.43101045,-0.06925082,-0.16492891,-0.074329,-0.110963136,-0.5898589,-0.11072411,0.050386004,-0.22667827,0.36209863,0.1482156
223,neutral,-0.18241486,0.04379351,0.14695248,-0.19228086,-0.14596678,-0.071041174,-0.10995809,-0.05050053,0.11871019,0.022632627,0.03808387,0.043481484,0.1420607,0.0014383631,0.07683998,-0.011348983,-0.13969171,-0.07580413,-0.35002258,0.17889501,0.21139383,-0.110179655,-0.022242289,-0.28663358,-0.08894516,0.10170919,-0.09366384,-0.0983779,0.09920237,-0.07969314,-0.065256834,0.18070354,0.024420457,0.047129534,-0.116941005,0.22779518,0.011728544,0.06413965,0.01966624,-0.11541471,-0.38947102,0.06654685,0.17923872,-0.103265524,-0.08874363,-0.27812645,0.14025481,-0.050858725,-0.109609045,-0.5645023,0.019934712,0.069513194,0.22964539,0.6185662,-0.24345142,-1.433406,0.12765978,-0.03820876,0.76545495,0.257399,-0.15265457,0.4077214,-0.17827655,-0.30576646,0.40847147,-0.025873026,0.25952634,0.32886413,-0.2142158,-0.103298575,0.1379355,-0.26088503,-0.15785578,-0.5390058,0.055723067,0.17325395,0.019468121,-0.07284115,-0.58991104,-0.030482396,0.38204893,-0.25676775,-0.23454902,-0.14329374,-0.9162879,-0.177473,0.06681842,0.04719105,-0.031213174,-0.27075076,-0.066953056,0.039885316,-0.10459754,0.009230643,-0.28965056,0.02291437,-0.17182806,-0.29443568,0.10587987,0.17212658
224,neutral,-0.21072601,0.17713538,0.101547465,-0.4013473,-0.18558353,0.11184835,0.1366133,0.24057676,0.045354377,0.38304934,-0.08590147,-0.4172158,-0.05359519,0.09171001,-0.42001578,-0.18601944,0.13068967,0.015299547,-0.59769607,-0.23960084,0.8028528,-0.3145973,-0.07264669,0.31079254,0.48216346,0.159947,-0.09234509,-0.0073252725,0.30013353,0.040914312,-0.31181914,-0.07187993,-0.5122215,0.19759844,0.2822605,-0.44149998,-0.28693178,0.14692567,0.087280214,-0.26873833,-0.017506704,-0.20622839,0.16108395,-0.3978171,0.15017475,0.2675633,0.19596153,0.046555877,-0.22209102,-0.49799812,-0.31992483,0.67211705,-0.13206398,0.8944517,-0.07726293,-1.5249304,-0.28930056,-0.17905545,1.0097741,0.19484577,-0.051879395,0.34475648,0.098305866,0.14409608,0.13273987,0.20203789,-0.2452002,0.0049036467,-0.067703746,-0.12581655,0.044043425,-0.5100446,-0.0326578,0.14645183,-0.049373437,-0.24098666,0.21199532,0.010295253,-0.7253636,0.27513027,1.4875628,-0.15544093,-0.33816397,0.48517185,-0.73757726,-0.15892105,0.11242346,0.17985232,-0.07061349,0.0987258,0.09681183,0.0428976,0.13281201,0.19739546,0.06356773,-0.1639259,-0.2349731,0.09562252,0.16337702,0.1719194
225,neutral,-0.08720412,0.31531715,0.37089384,-0.08783692,0.010860795,-0.3692443,-0.47604337,-0.02210204,-0.040753976,-0.25736928,0.074020185,0.01790837,0.098165095,-0.015268992,-0.09973108,-0.20738858,-0.0095888255,0.16687377,-0.35140193,0.14727932,0.11172027,0.1895484,0.038452964,0.022926796,-0.2479605,-0.031310566,-0.06399393,-0.41982028,-0.046647985,-0.021368738,-0.09140084,0.44015318,-0.21540488,-0.09603383,0.03640247,0.345355,0.15294681,0.2442636,-0.1537821,-0.16641684,-0.3034127,-0.31147152,0.009904745,-0.16579251,-0.021733385,-0.13330755,0.16929138,-0.018840637,-0.29064825,-0.96418023,0.11144378,-0.15074694,-0.05872181,0.69272316,0.11817027,-2.0592277,-0.03487171,-0.052194435,1.5610677,0.3459652,-0.11278544,0.31650183,-0.34075412,-0.22821602,0.5634084,0.21831697,0.3144276,0.260917,0.4438123,-0.27324605,0.08299789,-0.27029756,-0.2622339,-0.34644997,0.09731341,-0.07647542,-0.18225068,0.030632766,-0.78514653,-0.19514212,0.8097221,0.017842729,-0.3506196,0.09520476,-1.1995368,-0.3265025,-0.21280865,-0.15894148,-0.11651144,-0.39447412,0.17812292,-0.06750256,0.08345971,-0.2700573,-0.3152777,0.23256978,0.013012605,-0.305982,0.6360714,0.23502742
226,neutral,-0.09463716,-0.023937155,0.08478013,-0.18984261,0.0022238297,0.2104092,0.073419824,0.3083077,-0.16769242,0.0066708657,-0.041473605,-0.06457777,-0.045033295,-0.015226983,0.13012667,-0.17839012,-0.10343332,0.1354966,-0.22417086,0.17697848,0.1468267,0.042580195,0.14724264,-0.17279434,0.46271032,-0.057657782,0.07145081,-0.1769646,0.23928821,0.047914468,-0.27164245,0.2041636,0.17486204,0.06353677,-0.0059573967,0.11194413,-0.03689859,0.13289976,-0.048081283,-0.09690115,-0.14399227,-0.0039061664,-0.09226554,0.0796964,0.060609244,-0.033122722,0.12752195,-0.13818234,0.019011917,-0.5739986,0.10521356,-0.32096288,0.06473689,0.6521171,-0.021674464,-1.7202952,-0.13148491,-0.006283742,0.5568248,0.25471306,0.10095388,0.5971055,-0.13489443,0.06692755,0.36031425,-0.025010161,0.46116787,-0.016725069,0.046432972,0.07019008,-0.020788562,-0.01645093,-0.14380701,-0.46463943,-0.03375694,-0.024569908,0.09718506,0.15182853,-0.3096993,0.2933017,0.4408937,0.063694924,-0.36750892,-0.0118687665,-0.5483487,-0.20428577,-0.08251265,0.10637426,-0.0079519525,-0.13511162,-0.027356962,0.021513648,-0.09456469,-0.02430441,-0.36287317,-0.101507805,-0.15294518,0.032013655,0.44099876,0.16733466
227,negative,0.026881896,0.33068073,0.26619816,-0.11579402,-0.095691584,-0.06679443,-0.2561375,0.16284285,0.011814754,0.025109237,0.18528855,0.1083982,0.018438086,0.044361234,0.013023379,-0.3213065,-0.025967116,0.1346033,-0.23583746,0.2675503,0.29362074,0.1430655,0.062291652,0.16531569,0.08127079,-0.15175162,-0.21023725,-0.4323922,-0.0019565446,-0.19257934,0.044564668,0.423817,-0.05210544,0.026249511,-0.038906384,0.27365112,-0.023581719,0.11019832,-0.026083644,-0.058510862,-0.11978707,-0.25088912,0.051417943,-0.18264331,0.013865358,0.010887553,0.13626587,-0.27243182,-0.101906344,-0.7463636,-0.03340488,-0.08246963,0.0062618135,0.85317636,-0.035950895,-1.8502539,0.012568547,-0.21135996,1.4373953,0.36714137,0.00848253,0.30463895,-0.1768613,-0.101140864,0.48256287,0.15473287,0.20475757,0.20274696,0.17877932,-0.25122353,0.047624975,-0.188088,-0.21489437,-0.17793411,0.074477404,0.05643607,-0.08995033,0.1053773,-0.7232654,0.09650031,0.5851253,0.09525967,-0.311093,-0.042742763,-1.0059623,-0.1841916,-0.038812943,-0.03558349,-0.19336027,-0.2771296,-0.021831382,-0.019290326,-0.029053511,-0.3252452,-0.52966726,0.039601754,0.21091889,0.009039613,0.5439043,-0.024497693
229,negative,0.14486077,0.22585766,0.35582757,-0.10128977,-0.056744356,-0.5174185,-0.08184458,-0.03991904,-0.08962424,0.036144942,-0.0878618,-0.018332161,0.01715303,-0.1295862,0.2157669,-0.13122009,-0.30151325,-0.032602947,-0.0026716532,0.014626051,0.43332204,-0.16394031,0.026404185,0.12982684,0.1458634,-0.054796506,-0.13059565,-0.2612386,0.11719808,-0.09165917,-0.03724395,0.12534091,-0.32242048,-0.04956581,-0.1975841,0.08002399,0.12116985,-0.036487915,0.096500665,-0.16414362,-0.12169983,-0.40481943,0.023914544,-0.19738632,0.27551475,-0.060071107,0.17733632,-0.2566932,0.060748514,-0.8728049,-0.025436826,0.04386019,0.030372672,0.70117503,-0.057257358,-1.6993688,0.02401397,-0.4296953,1.1890802,0.1489305,-0.14439665,0.13910162,-0.32359612,-0.15391734,0.33909425,0.08149451,0.20808327,-0.25679234,0.2104174,-0.18805078,0.019521326,-0.12061118,-0.35710463,-0.10406059,0.056339495,0.01708613,-0.01866048,0.010137938,-0.6446677,0.084423706,0.56815946,0.14922068,-0.3636905,0.10803857,-0.6530344,-0.3739552,0.037876554,-0.051419523,0.049895026,-0.26888388,-0.04036802,0.05657318,-0.17663741,-0.070624515,-0.5320176,-0.0018308058,0.29572624,0.009129451,0.42402053,0.029843906
230,neutral,-0.37953496,0.052025255,0.30673224,-0.1238456,-0.07613929,-0.083242476,0.033899076,0.14970732,-0.2499965,0.28163704,0.15120666,-0.38635945,0.009218561,0.10248914,0.293101,-0.29788643,0.24216896,-0.14692624,-0.17611222,-0.3360435,0.35534692,-0.20061113,0.29591188,-0.07006626,0.09676254,-0.033570632,-0.18352254,0.022241006,0.11983693,0.099563085,-0.07492361,0.42738912,-0.18803762,-0.12448056,0.18503726,0.05258765,-0.064059556,-0.0035555519,-0.085378066,-0.08725767,-0.21291806,-0.29559907,0.01641999,-0.27601913,0.34270498,-0.029776188,-0.024614612,-0.29584432,0.080504686,-0.43195066,0.14936481,0.25712714,0.16738676,0.94888884,0.07724619,-1.63021,0.117434174,-0.10111506,1.5715322,0.36048406,-0.04129541,0.36799252,-0.09300553,0.14009464,0.31802362,0.010183726,-0.03875426,0.054982062,0.04348171,0.25830925,0.19738592,-0.20913772,0.06287036,-0.45567566,0.29566038,0.031386573,-0.051902115,0.39871302,-0.5961494,0.017220296,0.55922747,-0.18631141,-0.10064138,0.053810094,-1.2693484,0.026187448,0.30507672,0.052167173,0.055626653,-0.03344943,0.12623578,0.17359126,-0.16274965,0.08098323,-0.17667666,0.20980398,0.02239899,-0.1889143,0.1784446,0.031304207
231,negative,-0.24839734,0.09031172,0.29652062,0.08845063,-0.15699658,0.06532008,-0.15070699,-0.17897479,0.270425,0.26359096,-0.32723418,0.08215414,0.23711997,0.09875896,-0.07890596,-0.15900825,-0.04798828,-0.16796182,-0.5954432,0.20501205,0.34180027,-0.11494597,0.05835639,-0.15564892,0.09085396,-0.3746852,-0.2310191,-0.39410144,0.18629876,0.020062165,0.13327886,0.319975,-0.15714921,-0.12074357,0.1176875,-0.106244065,0.19316763,0.012155174,-0.03762132,-0.206337,-0.42161438,-0.23693308,0.1282695,-0.035425518,0.10065212,-0.29934874,0.3091709,0.17189641,-0.12368792,-0.5634119,-0.04932841,0.13209178,0.22537473,0.9397768,-0.1948983,-1.438543,0.12082519,-0.1850737,1.0481144,0.281974,-0.009799623,0.39347893,-0.194156,-0.1058816,0.7861239,0.17577703,0.20356755,0.15641859,0.03786391,-0.2924269,0.17949206,-0.47435915,-0.22544108,-0.07570975,0.1397169,-0.04852431,-0.16101933,0.101378456,-0.7403171,0.0076548685,0.50962347,0.23838638,-0.18970688,0.31464922,-0.90078104,-0.1205434,-0.039400287,0.016178016,0.10758864,-0.2988606,-0.010798388,-0.07966133,-0.088429645,-0.076030985,-0.47711977,-0.10191118,0.049913947,-0.08464602,0.2026866,0.12051958
232,negative,0.07274249,0.25610924,0.17164852,-0.0034781806,-0.04833553,-0.59897566,-0.24300674,-0.14610045,0.022186581,0.013493221,0.05722219,0.15156643,0.06587345,-0.06966041,0.09595366,-0.16321385,-0.23855326,-0.18726261,-0.018724618,-0.056040175,0.33837792,-0.1159605,0.032196257,0.100445166,0.08702213,0.12392367,-0.08735806,-0.2724236,-0.06567598,-0.11365346,0.01240654,0.2560648,-0.04702638,-0.13960949,-0.1980694,0.18095334,0.22040114,0.006340161,-0.17623112,-0.12532501,-0.32002681,-0.33440837,-0.07405764,-0.0070836553,0.19807954,0.017980952,0.07329396,-0.30850604,-0.2281248,-0.88158274,-0.10703776,0.039023932,0.19521032,0.7746333,-0.19900905,-1.7964046,5.8234375e-05,-0.12672135,1.2441474,0.15406652,-0.19109274,0.21790561,-0.20563984,0.020144297,0.2942702,0.16827792,0.01787892,-0.11290741,0.32626012,-0.24287422,0.264676,-0.26696527,-0.2791042,-0.05191955,0.12223565,-0.34208435,0.008631384,0.08421619,-0.6052981,0.15832803,0.64304376,0.025058508,-0.41801897,-0.077207044,-0.7998706,-0.02028635,-0.07695048,-0.2089709,-0.022521144,-0.479113,-0.11517335,0.06620991,-0.18555829,-0.20431751,-0.3882899,0.0036677185,0.24375111,-0.288443,0.47171047,-0.02963671
233,neutral,-0.06749082,0.1494644,0.4755479,-0.41921124,-0.027095562,-0.045625895,0.1343922,-0.04889422,-0.33713758,-0.06853432,0.3628279,-0.03482661,-0.1571523,-0.019265262,0.008728914,-0.0010819469,0.112939,0.068595275,-0.20489237,0.07580212,0.36847478,-0.09488627,0.08653895,-0.0096060475,0.39331415,0.03198061,-0.031030932,-0.19983993,-0.002183767,0.035707794,-0.006176954,0.24073748,-0.05526799,0.033899415,-0.0024951424,0.086896606,-0.1842574,0.18891351,0.047541223,-0.046786223,0.0917686,0.0889021,0.011993731,0.015533766,-0.1371119,0.03946926,-0.1026897,-0.12551399,0.20123681,-0.3466225,-0.18734463,-0.069240525,0.15871763,0.36540493,-0.0051170816,-1.8144264,-0.366083,0.13140209,0.847461,0.43159035,-0.058165487,0.69857526,-0.17573622,-0.14999692,0.42664522,-0.22907802,0.38758373,0.63074917,0.0985288,-0.06630458,-0.07203819,0.08154327,-0.21589966,-0.205681,-0.0012901694,0.232992,-0.15799186,-0.25346807,-0.4137571,-0.007937476,0.3072573,-0.15192392,-0.13905948,-0.17413159,-0.8307449,-0.15543531,-0.1865784,-0.35336214,0.013240526,-0.13354555,0.12837657,0.10439111,-0.050297137,0.055517204,-0.28746927,-0.10142066,-0.021115102,-0.2695281,0.3520719,0.024687069
234,negative,-0.31813726,0.24387534,0.31981665,-0.51209193,-0.0010465794,0.11387838,-0.14598075,-0.1482644,0.1943195,0.06818413,0.0051797694,-0.0087208785,0.037766643,0.07102538,0.09434902,0.04339036,0.27747357,0.17134036,-0.149789,0.5662047,0.42463064,0.11511323,0.22615752,-0.67211246,-0.019182656,0.14757615,-0.27338314,-0.48435915,0.19671163,-0.189166,-0.03247398,0.7218873,0.23957913,-0.22368059,0.14217588,0.12871428,-0.084925495,0.1213508,-0.0261806,-0.25590897,-0.33619773,-0.21279863,0.23171617,-0.216478,-0.2104549,-0.26226002,0.074282125,0.011062115,-0.19947697,-0.58312047,-0.07455737,-0.060801324,0.08472338,0.8995245,0.04597579,-2.026675,0.19632477,0.51451933,1.1179034,0.12540723,-0.15296698,0.3960578,-0.49869445,0.048805226,0.97895473,0.16748504,0.3018827,0.19413976,-0.052280888,-0.3352933,0.30613044,-0.10876317,-0.3736554,-0.29432014,0.014095266,0.13753273,-0.30098438,0.042826362,-0.37812522,0.120792925,0.124170974,0.051074672,-0.31856623,0.05298518,-1.1343786,-0.15643288,0.05007722,0.14751375,-0.09275417,-0.07735179,0.24895823,-0.34773716,0.0134752765,0.0942117,-0.36603522,-0.19688906,-0.08821016,-0.06303375,0.20588131,0.2151284
235,neutral,-0.1458365,-0.0854595,0.20876047,-0.047983244,0.13098025,0.10702598,-0.1367878,0.34476805,-0.044884086,-0.10794095,0.120798886,-0.19662495,0.010589839,0.088751964,0.0926836,-0.30526182,0.21779723,-0.049159482,-0.46677366,0.20194742,0.09158499,0.10867679,0.104091495,-0.14178467,-0.17057382,-0.37772897,0.111265235,-0.2411361,0.42434663,0.17846574,-0.15428202,0.25293988,-0.19826697,0.23213854,0.33108884,0.21240899,0.004586742,0.13010707,0.06475925,-0.26772746,-0.33182952,0.08044801,-0.146797,-0.123009175,-0.16287951,0.072469465,0.22567733,-0.2834665,-0.043902002,-0.3850641,0.0900577,0.23285255,0.1524758,0.6471087,-0.22033097,-1.7322172,-0.21372297,-0.14524263,1.3989749,0.30756077,-0.13872868,0.61374414,-0.25149557,-0.19140954,0.5630052,-0.014562479,-0.08333085,-0.009507123,0.4325704,0.2781805,-0.055404365,-0.29055244,0.1061867,-0.47774902,0.3437284,-0.004915719,0.067574486,-0.15965925,-0.67629933,-0.025050065,0.6243479,-0.15438183,-0.020061236,0.02069997,-0.7797274,0.09167625,-0.053744182,0.26880378,0.16003227,-0.14316009,-0.21060735,0.005803635,-0.19819954,-0.06962838,-0.24524741,0.08743497,-0.17362262,-0.055455927,0.6405635,0.2982678
236,negative,-0.39189258,0.16260608,0.30401734,0.12889613,-0.115373895,0.22238702,-0.094385296,0.34638858,-0.026499333,0.20716369,0.24686791,0.03434401,0.20039223,0.18055372,0.08982008,-0.40468496,0.24688596,0.038865887,-0.8051514,-0.12973419,0.24264242,-0.0001063727,0.060371786,0.11385152,-0.16184166,0.039333105,-0.11773839,-0.3041924,0.33232787,-0.04237266,0.07134617,0.1709665,0.056232184,-0.24221656,0.3573463,0.23284091,-0.06468614,0.15977393,0.029258804,0.16498865,-0.33106762,0.09916417,0.07284625,-0.28062344,-0.025915192,-0.1208073,-0.12399943,-0.0035077876,0.01887361,-0.5635965,0.033422135,-0.0031382355,0.12023341,0.91573703,-0.13441858,-1.5526251,0.05126688,-0.1748507,1.230477,0.375884,0.19725217,0.5272464,0.038798973,-0.3148149,0.5923427,0.14533901,0.22753339,0.42398375,-0.07941566,0.30658472,0.18268912,-0.3825771,-0.21484607,-0.4190005,0.32345262,0.023345565,-0.04387536,0.21088326,-0.5492787,0.020255327,0.83383524,-0.16284277,-0.18214439,-0.015998144,-0.7784315,-0.24091668,0.3136685,0.20695758,-0.1963895,-0.21508135,0.026586816,-0.31127208,0.069620825,0.16388404,-0.5693602,0.07253584,0.086273104,0.07312085,0.105417386,0.037642267
237,neutral,-0.35740325,0.13515025,-0.17503673,-0.35382563,0.13312618,0.25300407,-0.24768656,0.04395521,0.056414127,-0.15364599,0.25071302,-0.10345047,0.12243121,0.02132237,-0.01911272,-0.07222679,0.46379852,0.2752991,-0.1431426,-0.22061397,0.07912441,-0.06785679,-0.024403786,-0.18215853,0.3069137,0.019462463,-0.09286171,-0.29695702,-0.0646293,-0.2267661,0.08875796,0.37006253,0.21007274,-0.16209318,0.08296953,0.37842605,-0.05425466,0.09512802,0.006599538,-0.012304806,-0.15111177,-0.056093913,0.15530013,-0.23624906,-0.43846932,-0.29507515,0.0758824,-0.064627424,-0.308393,-0.4270352,0.09721973,0.13744582,0.100223765,0.616706,-0.10962703,-1.5107745,-0.1578997,0.13307661,1.0958399,0.047926143,-0.014090575,0.64027685,-0.22099218,-0.11119603,0.57041675,-0.023179779,0.26372463,0.4946625,0.12808101,-0.08606826,0.25314477,0.00054912426,0.016370736,-0.3179217,0.15949453,0.18869062,-0.069156565,0.12401944,-0.4777529,0.022396313,0.12159351,-0.41211152,0.0217565,-0.27493206,-0.84075475,-0.22107491,0.003178635,-0.4346737,0.24703194,-0.11309513,-0.061758716,-0.1659614,0.21337327,-0.11487461,-0.3675091,-0.09303141,-0.07243402,-0.43716812,0.2123636,0.026394486
238,negative,0.036809396,-0.08837164,0.027004471,-0.2634003,-0.015331534,0.08731205,-0.18638189,-0.1361559,0.19262992,-0.03474854,0.0970633,0.09661863,0.02537999,0.15937778,-0.088501416,-0.22170724,0.17197026,-0.14214666,-0.67890567,0.14067769,0.2515447,-0.024276042,-0.05808205,-0.14641148,-0.10843572,-0.06400312,-0.07867221,-0.25949863,0.21734446,-0.05743641,0.14080347,0.37704077,0.056239113,-0.024725316,0.034967043,0.10159602,-0.10800441,0.113268554,0.127849,-0.016280213,-0.360093,0.023732929,0.15645881,-0.38689917,-0.19727999,-0.075727284,-0.030562174,-0.5376765,-0.043328393,-0.60132426,0.21461545,0.04832045,0.116881765,0.5883407,-0.060942736,-1.2762079,0.114922196,0.04367156,0.70878726,0.19722657,-0.16392356,0.08063453,0.007628782,-0.11649072,0.370283,-0.14251706,0.60122913,0.5660807,-0.12137094,0.23982868,-0.019296268,-0.010922293,-0.24652267,-0.17806743,-0.029369136,-0.034380894,-0.07197312,0.031122863,-0.69203776,0.097578965,0.29733515,-0.1007347,-0.17102525,-0.2826793,-0.86529726,-0.04934166,-0.052078135,0.05154498,-0.035373125,-0.23726729,-0.004008314,-0.23846349,-0.044714507,0.15665212,0.024173776,-0.06817368,-0.32663682,-0.16868259,0.06465613,-0.26437092
239,neutral,-0.058499515,0.2667486,0.14477624,-0.08916235,0.1337715,0.0906044,-0.20336218,0.113341816,-0.10608384,0.018489704,0.23850265,-0.2507136,0.22027466,-0.10711171,0.0017902355,-0.13139883,0.121444374,-0.01749055,-0.24249065,0.073093444,0.18134327,0.042893864,0.07543546,-0.0044074757,0.10191522,-0.21817678,-0.03616963,-0.2513624,0.06887673,0.10680404,-0.104141764,0.46077403,-0.16792981,-0.017788896,0.05240661,0.12765352,0.055224586,0.10133225,-0.1075222,-0.12542932,-0.39083812,-0.13303922,0.13998973,-0.190468,0.2051794,-0.021212567,0.16333483,-0.22857898,0.028065817,-0.62384784,0.08049436,0.0096633015,-0.0517823,0.72620183,-0.118046895,-2.0386407,-0.06824833,-0.20205246,1.4668816,0.39962575,-0.10116443,0.62026274,-0.21360897,0.04737207,0.6360531,0.034948673,0.1333249,0.09684936,0.33933383,-0.023414966,0.11529446,-0.090641014,-0.031988487,-0.25809067,0.094379716,-0.02287633,-0.027252797,-0.14977628,-0.7019542,-0.15566535,0.6113041,-0.01706866,-0.2733389,0.02337947,-1.0150181,-0.06433359,0.09826817,-0.17424507,0.0469183,-0.2529968,-0.02317283,0.20946147,-0.080878705,-0.17511496,-0.2760309,0.16923691,-0.17157304,-0.19795844,0.58470094,0.17919524
240,neutral,-0.073712766,0.24230768,0.25079826,-0.020833887,0.06345354,-0.24833846,-0.13556515,-0.07661695,0.048947368,0.083234586,-0.07320063,-0.019452043,0.087325424,0.040119138,-0.028981432,-0.15594797,0.058130126,-0.107070975,-0.20926382,0.017651865,0.15689564,0.044112157,0.037673462,0.1583416,-0.07817552,-0.15161054,-0.108343855,-0.18195587,0.19982296,-0.069715396,0.07747651,0.22405575,-0.039080217,-0.009591138,-0.03807201,0.11296621,0.10045551,0.20594248,-0.15901123,-0.05597786,-0.16420624,-0.20030674,0.12505852,-0.09915785,0.09180699,-0.1743498,0.1539597,-0.042136285,-0.10181136,-0.5711418,0.038562134,0.13356511,-0.07255039,0.7791949,-0.035020627,-1.5771793,0.05907986,-0.41265225,1.1308923,0.33133996,-0.1335579,0.19457084,-0.14682531,0.073088415,0.5203096,0.2092849,0.14047687,0.19778198,0.20216474,0.0081147235,0.18613663,-0.23760828,-0.21646915,-0.19451141,0.17341097,-0.030443434,-0.12419541,-0.03538213,-0.5457397,0.14879726,0.5042694,0.06755837,-0.26717257,-0.02172401,-0.7979313,-0.20751072,-0.00606693,0.013570928,-0.0022729228,-0.3223726,0.017943505,-0.11656053,-0.04927404,-0.107709564,-0.27606723,0.06839293,0.1359963,-0.018278899,0.31641406,0.09036115
241,neutral,-0.07250312,0.30804443,0.34130862,-0.18377428,-0.08996513,0.19082823,-0.18427971,0.13194539,0.10081804,-0.21358453,0.14244212,0.023803767,0.23112142,-0.005571369,0.023144249,-0.15155266,-0.08387068,-0.033050884,-0.23829018,0.14615713,0.16565603,0.16636144,0.113829754,-0.17693704,0.17470379,-0.07570831,-0.014172445,-0.31692192,0.2976747,0.0674993,-0.016781013,0.33262518,0.014479694,0.061910186,0.23278713,0.24027869,-0.027437147,0.01564647,0.19238573,-0.24133651,-0.286685,-0.042087357,-0.033903178,-0.19734518,-0.15667187,-0.12642169,0.17609586,-0.21778373,-0.06227402,-0.6829023,0.040141527,0.021947248,0.07929652,0.5539606,-0.20911153,-1.5824696,0.09783561,-0.26224443,0.95369464,0.20153673,-0.07784588,0.6509952,-0.18252143,-0.27169207,0.49679658,0.117345974,0.2862531,0.10625726,0.04629175,-0.019116083,0.14335783,-0.15119876,0.1244057,-0.26007196,-0.015417678,-0.09220668,0.058603324,0.059294943,-0.35673788,-0.022915266,0.432628,-0.19154565,-0.3235556,0.047506038,-0.99101466,-0.09721278,0.013384217,-0.04314776,-0.022318682,0.0066788723,0.08021947,0.061525505,0.025135301,-0.068641074,-0.40832463,0.12882076,-0.20110705,-0.13506992,0.2921179,0.25403902
242,negative,-0.08957439,-0.051684387,0.12784429,-0.39612997,-0.18016858,0.010344126,0.100476444,0.13007417,-0.16680618,-0.14256316,-0.12789038,-0.04800102,-0.03486629,0.088049285,0.038233813,-0.20022845,-0.22726524,0.2687552,-0.37861803,0.30962887,0.104850024,-0.14559785,0.06166884,0.08529433,0.5145162,0.05788839,-0.051023528,-0.24996036,0.33407822,0.040197648,-0.3597896,0.2484198,0.008054297,-0.06189096,-0.050799552,0.1415198,-0.13532266,0.020205384,-0.08777387,-0.072215006,-0.21828032,0.044267826,-0.18411505,-0.025368523,0.05574352,-0.04621155,0.14489919,-0.22735325,-0.09348048,-0.77443796,0.12704386,-0.29966447,-0.06035738,0.67836434,0.02178546,-1.737024,-0.16663367,-0.091922745,0.51014084,0.3073714,-0.003051792,0.5879417,-0.03216002,0.08181475,0.47079346,-0.045051534,0.37614247,0.11382015,-0.05881436,0.08699562,-0.005706786,-0.06293292,-0.1521464,-0.47569644,-0.037513085,0.10134898,-0.16649236,0.03242365,-0.4183884,0.23361342,0.47705072,0.17932458,-0.46954775,-0.113902844,-0.68451345,-0.30758595,-0.055312365,0.18212357,-0.14946775,-0.2934191,-0.13643669,-0.042875856,-0.025266401,0.006639978,-0.20837897,-0.07149846,0.0052992315,0.010896994,0.39880627,0.16738637
243,neutral,-0.16420193,-0.0838324,0.3178342,0.073268645,0.04916484,0.089650206,-0.16713355,0.4096568,-0.03348063,-0.02695195,0.062146354,0.10384635,0.23579222,-0.010779953,0.043175954,-0.35543135,0.11877974,-0.113133125,-0.21096222,-0.014825847,0.2771318,0.1104587,0.2940763,0.0042512934,0.123546965,-0.08063818,-0.058459595,-0.043299012,0.21332635,-0.1479005,-0.27438205,0.123828,-0.15418063,0.04249625,-0.10919625,0.16674624,0.017943017,0.14812423,-0.039137974,0.14177485,-0.5971195,-0.18151365,0.0056529497,0.034105152,0.20060039,0.14717822,0.16303508,-0.05790108,-0.00647549,-0.07418903,0.1275231,0.12461293,0.040928032,0.7532756,-0.006493037,-1.4236188,-0.031187262,-0.13932633,1.3569589,0.4220251,-0.25823718,0.42817155,0.19172502,-0.40452993,0.28532284,0.12607305,-0.060933493,0.117869794,0.14704871,-0.08748514,-0.06339028,-0.2517653,-0.15377803,-0.31179538,0.31387612,0.23533624,-0.021465337,0.20449589,-0.6467035,-0.029402317,0.4445486,0.06868344,-0.20470126,0.07086515,-0.8000922,-0.011544449,0.009232368,0.03067262,-0.14978783,-0.28675213,0.039701127,0.10084113,-0.16227095,-0.13264655,-0.4945864,0.19355446,0.07848528,-0.023547983,0.25116545,0.00019171917
244,negative,-0.0009365521,0.03917046,0.4002939,0.1482292,0.060978647,-0.37526542,-0.24762195,0.14068814,0.014108118,0.10088532,-0.0075690616,0.002782991,0.26679394,0.08707433,0.015513689,-0.12957709,0.18503854,0.034233462,-0.6608601,0.0587703,0.36430833,-0.15154009,0.14931719,-0.06793113,0.04995031,0.29223594,-0.13700628,-0.18202505,0.42782652,-0.09775301,0.054207962,0.2568526,-0.26731804,0.09450818,0.03891137,0.33983687,0.38924247,-0.1192285,-0.31086525,-0.22154267,-0.44557542,0.038935646,0.60274863,-0.074319035,0.20367399,-0.3799063,0.2093668,-0.2129808,0.05901365,-0.61037636,0.03246828,0.00731039,0.20486487,0.7705844,-0.021431996,-1.7351521,0.17460407,-0.43519866,1.3813608,0.092174195,-0.0031717378,0.12820227,-0.20627506,-0.33342907,0.60463727,-0.02092931,0.18509707,0.5363481,-0.11808566,-0.118728116,0.10125248,-0.33088896,-0.36516944,-0.53947395,-0.029412214,0.26944467,-0.2050005,0.12741728,-0.9166048,0.057878204,0.84438866,-0.16283824,-0.16672713,0.17357992,-0.7497084,-0.046776995,0.12354608,0.15114258,0.2068554,-0.4627415,-0.009531844,-0.04915966,-0.18141639,0.11355645,-0.66739136,-0.05911777,0.10487987,-0.0619368,0.39719126,0.19770317
245,positive,-0.1910564,0.30081552,0.13556828,0.3016073,0.051859792,-0.17091328,0.035068247,0.007884657,0.022858804,-0.15153778,-0.0056168647,-0.121249996,0.12707211,-0.16896106,0.019948393,0.007973444,0.09529855,-0.11306683,-0.33990696,0.32902437,-0.17720164,-0.23277782,-0.072904244,0.07583945,-0.14734212,-0.15607499,-0.041885354,0.06741696,-0.027688365,-0.12707663,-0.21426979,0.23430352,-0.2932803,-0.029921917,0.04642456,-0.011101965,-0.16484855,0.012463869,-0.27894083,0.061265897,-0.2929439,0.16434531,-0.047485076,-0.11528065,-0.20225736,-0.08384217,0.3224767,-0.18226527,-0.06416736,-0.60382766,0.30968013,0.06116603,0.14287479,0.58066934,0.20871775,-1.293394,0.45561188,-0.5689563,1.1896561,-0.09416032,-0.18685263,0.37093082,-0.17404754,-0.2676371,0.65592253,-0.08097558,0.0532248,-0.00077119126,0.2856785,-0.17191358,0.25144956,-0.069367185,0.002504778,-0.36206153,0.08732558,0.051227894,-0.22476514,-0.038775366,-0.55872047,-0.36719525,0.47912252,0.19642544,-0.042372018,-0.09545408,-0.9495504,0.031114176,0.04733845,0.052067887,-0.2395712,-0.19750611,-0.08214124,0.103237405,-0.17931743,-0.28755298,-0.12185524,0.014899221,-0.009167381,-0.2886799,0.26675838,0.5690134
246,neutral,-0.21775346,0.07419016,0.20132731,-0.18194087,0.041968476,0.26731855,-0.12285579,0.20495628,0.0064521115,0.09214221,0.08399243,-0.041333728,0.024837663,-0.004606766,0.35705185,-0.39388084,-0.017622055,-0.091830514,-0.091901705,0.15263583,0.038671363,0.037936233,0.12581398,-0.10587892,0.22231148,-0.116577886,0.16012734,-0.09040324,0.2661853,-0.061763275,-0.07489679,0.34145072,0.007336003,0.19324578,0.12688011,-0.0040876972,0.1459653,-0.110147536,0.2578057,-0.32305837,-0.14899735,-0.19170189,-0.17608021,-0.11430244,-0.11031663,-0.08873316,0.097727604,-0.15080132,0.049821727,-0.5717109,0.13064513,0.1027653,-0.03424894,0.59258664,-0.09991998,-1.4738755,0.010975228,-0.015249611,1.1010326,0.3337684,-0.04573808,0.5404895,-0.08490417,-0.086441465,0.43023124,0.036903627,0.21780293,-0.1565018,0.15442039,-0.04368254,-0.17022695,-0.25616103,0.10722081,-0.25163668,0.101190604,-0.0284348,0.21066211,-0.14848447,-0.3411559,-0.15904224,0.35995793,-0.4321661,-0.35386992,-0.0037655644,-0.7359528,0.08892545,0.25058275,-0.15431252,-0.102476776,0.08668364,-0.09082927,0.0496953,-0.17828548,-0.037298165,-0.26758933,-0.10455746,-0.21567266,-0.10303381,0.4566793,0.032015264
247,negative,-0.0714567,0.17940132,-0.11595609,0.044959486,0.051740598,0.12544131,-0.0027135673,0.1467829,-0.045694236,0.4930014,-0.0135747325,-0.13255146,0.26646626,0.15222512,0.11966625,0.09508274,0.26430848,-0.15708221,-0.44298756,0.19363707,0.22666386,-0.21278083,-0.041774787,0.037688173,-0.023169592,-0.071750045,-0.08544248,-0.16312942,0.119153045,-0.033230517,-0.1441225,0.22551592,0.03887983,0.18571495,-0.0486129,-0.013367801,0.29949376,0.034852117,0.041066606,-0.034921464,-0.25993162,-0.060527284,0.4158642,0.041711148,0.38812113,0.06905417,0.1421106,0.14304778,-0.045639377,-0.19667411,0.07367302,0.04325282,-0.09100295,0.6320091,-0.2734863,-1.642154,-0.1174706,-0.28166118,1.280216,0.25710565,-0.24185126,0.59288996,0.14392771,-0.10276561,0.23510198,-0.004916248,-0.09939325,0.010162398,-0.039093524,0.14402191,-0.08647735,-0.5900352,-0.17737284,-0.42685044,-0.0050721746,-0.034981195,0.3621898,0.15083562,-0.7159675,0.028144812,0.36862108,0.09738614,0.06509365,0.07542681,-0.7742455,0.043196373,0.19204867,-0.17591026,-0.06523968,-0.03195831,0.24735717,-0.17055857,0.043485746,0.23193714,-0.39617515,0.09985103,0.0024732277,-0.09756513,0.46126062,0.07372291
248,neutral,-0.19838332,-0.07363675,0.17765045,-0.13649431,-0.054018535,0.117361255,-0.05601732,0.259548,0.091387644,0.14123291,0.043261036,0.03942017,0.19923241,0.219709,0.06439228,-0.03325256,0.1460323,-0.09261427,-0.26573694,0.17111562,0.29794315,-0.032566294,0.031225437,0.02540561,0.22735277,0.182347,-0.11133435,-0.25340292,0.1841103,-0.03866269,-0.1385365,0.096749425,-0.037312903,0.107558,-0.04197133,-0.027920052,0.07936785,0.07590386,0.09398976,0.012844623,-0.25149122,-0.12332385,0.053250305,-0.16884355,0.03692554,-0.09946116,-0.091349885,0.03763783,0.07299096,-0.3348721,0.010751894,0.09873064,0.09933259,0.6890571,-0.008413645,-1.5689201,-0.057022333,0.06299801,0.96497494,0.305449,-0.0482025,0.52546865,-0.020366749,-0.1052735,0.4905599,0.14155945,0.09885644,0.117987916,0.026649106,0.025147572,0.046545077,-0.12903784,-0.017230934,-0.3159594,0.16897003,0.062301338,0.06636502,0.081183694,-0.44665682,-0.063085265,0.3747651,-0.08652515,-0.18003832,-0.014010736,-0.78382456,0.0964899,-0.02139125,-0.022927659,0.0063326177,-0.065740734,0.12660535,0.0051250523,-0.07219333,0.089603744,-0.32158756,0.07802449,-0.08449907,-0.18313858,0.24920788,0.010795172
250,neutral,-0.24195309,-0.01071631,-0.10096586,-0.19913891,0.05129074,0.38428953,-0.2548458,-0.13049252,0.15908065,0.5305318,-0.03148325,-0.073715694,0.27791828,0.11460252,0.1499943,0.16142182,0.07325594,-0.123674646,-0.56887877,0.09495485,0.24976145,-0.19254808,0.11867219,-0.15778342,-0.005452589,0.044874676,0.055812497,0.042263813,0.2487843,0.11223171,-0.03311788,0.095089704,-0.12237862,0.437479,0.10552411,-0.1688407,-0.07180956,-0.07347623,0.3132733,0.07820742,-0.4250341,0.01762698,0.17191012,0.050464734,0.506835,-0.12947696,-0.035882518,-0.014549171,-0.07750764,-0.27115634,0.07015178,0.103993,0.08230201,0.87112534,-0.087517,-1.1509631,-0.0775946,-0.056659628,1.4169655,0.080211155,-0.07965677,0.4395711,0.15605508,-0.08518049,0.45344067,0.13439746,0.105177775,0.061037797,-0.2739189,0.23013751,0.018541057,-0.614602,0.02466034,-0.19184823,0.0047020973,0.3500354,0.31081262,0.22693777,-0.69988,-0.17124163,0.77513015,-0.103098854,-0.20228879,0.11066801,-0.57069623,-0.0390155,0.35015798,0.31014943,0.041154772,-0.05895061,0.24273539,0.17793097,0.03997086,-0.0915789,-0.22111835,0.16901024,0.04368141,0.17838798,0.114777304,-0.00647842
251,neutral,0.24462964,0.5174239,0.48462415,-0.032294825,-0.19813599,-0.14120096,-0.0030553727,-0.1273995,0.051642433,-0.024310494,0.107558884,0.13687426,0.3730277,-0.18931341,-0.086933374,-0.020814812,-0.08128015,0.38850707,-0.22467348,0.3124957,0.26475474,0.13939431,-0.12394806,-0.06996345,0.11464354,-0.23707218,-0.15273307,-0.40847906,0.33739612,-0.22197534,-0.14005543,0.121712714,0.13179882,-0.16765839,0.1441468,0.11269591,-0.3470244,0.3412132,0.02320549,-0.28833067,-0.31453025,0.067638695,0.3260525,-0.17979647,-0.065207,-0.03697249,0.5621699,-0.64093715,-0.06984744,-1.134818,0.47936988,-0.17461936,0.38569498,1.1015798,0.019940717,-2.2297258,-0.27482018,0.19020237,1.2918913,0.58934236,-0.21092172,0.46858075,-0.45139956,-0.07066812,0.8134778,-0.07735415,0.16140011,0.13856296,0.023507506,-0.13753729,0.22696476,-0.31415182,-0.5272494,0.027789965,-0.1406049,0.009743343,-0.0728145,-0.2557014,-0.4393783,-0.18543637,0.30879545,0.1413459,-0.44811824,-0.23765938,-1.3465877,-0.41852933,-0.067858376,-0.08256515,0.0059921043,-0.34970668,-0.0167053,-0.07552028,-0.14467695,-0.245494,-0.45749852,-0.1203602,-0.2689806,-0.17558149,0.44550037,-0.011535448
252,neutral,-0.20395248,0.09417076,0.40620017,-0.13532332,-0.18646653,0.14945397,-0.120893806,0.093530945,0.062141143,0.18406723,0.13535191,0.01210727,0.15376376,-0.041890275,0.057376314,-0.07455583,0.106229864,0.16396748,-0.31478065,0.034305222,0.1048675,-0.11535655,-0.032316096,-0.0999623,0.15735695,-0.0555595,-0.11402134,-0.0908902,0.30163985,-0.07392429,-0.10675655,0.3085697,0.012700469,-0.08204348,0.047686353,0.1826245,-0.19611843,-0.06938777,0.11452968,-0.2916159,-0.21770418,-0.18796612,0.1622573,-0.16589789,-0.10081283,-0.10704119,0.07973159,-0.06290147,0.05595526,-0.44536585,0.09395445,0.087463886,0.16802657,0.81182986,-0.1052792,-1.4760844,0.03533,-0.0034134067,1.1414207,0.36499143,-0.1798496,0.5145825,-0.05694684,0.048879426,0.3247158,0.1218525,0.1287598,0.30185345,-0.011529798,-0.07408036,0.19904138,-0.24484213,-0.1575934,-0.34759626,-0.003711351,0.24312603,-0.07094209,0.10960808,-0.5785718,0.17824227,0.48092157,-0.15391955,-0.23500115,-0.10869978,-0.8226368,-0.23565535,0.082172886,-0.11271777,-0.023462962,-0.19743732,0.071051314,0.106244124,0.015359249,-0.000558301,-0.16100068,0.009724225,-0.19588833,0.030299218,0.33723396,-0.04900583
253,neutral,-0.20395248,0.09417076,0.40620017,-0.13532332,-0.18646653,0.14945397,-0.120893806,0.093530945,0.062141143,0.18406723,0.13535191,0.01210727,0.15376376,-0.041890275,0.057376314,-0.07455583,0.106229864,0.16396748,-0.31478065,0.034305222,0.1048675,-0.11535655,-0.032316096,-0.0999623,0.15735695,-0.0555595,-0.11402134,-0.0908902,0.30163985,-0.07392429,-0.10675655,0.3085697,0.012700469,-0.08204348,0.047686353,0.1826245,-0.19611843,-0.06938777,0.11452968,-0.2916159,-0.21770418,-0.18796612,0.1622573,-0.16589789,-0.10081283,-0.10704119,0.07973159,-0.06290147,0.05595526,-0.44536585,0.09395445,0.087463886,0.16802657,0.81182986,-0.1052792,-1.4760844,0.03533,-0.0034134067,1.1414207,0.36499143,-0.1798496,0.5145825,-0.05694684,0.048879426,0.3247158,0.1218525,0.1287598,0.30185345,-0.011529798,-0.07408036,0.19904138,-0.24484213,-0.1575934,-0.34759626,-0.003711351,0.24312603,-0.07094209,0.10960808,-0.5785718,0.17824227,0.48092157,-0.15391955,-0.23500115,-0.10869978,-0.8226368,-0.23565535,0.082172886,-0.11271777,-0.023462962,-0.19743732,0.071051314,0.106244124,0.015359249,-0.000558301,-0.16100068,0.009724225,-0.19588833,0.030299218,0.33723396,-0.04900583
254,neutral,-0.22392665,0.12055889,0.22657046,-0.12267505,0.118539885,-0.4428521,-0.04973781,-0.14839967,-0.0155681325,0.5226349,0.2296189,-0.4771163,0.11347352,0.19796014,0.22781596,-0.104624785,0.15860748,-0.21080476,-0.10124188,0.14395751,0.08911015,-0.092848256,0.07196814,0.072539404,0.07083933,-0.20636176,0.05956388,0.14983037,0.10451828,0.13829848,0.015047933,0.44974586,0.032556817,0.4270124,0.22555874,0.29902595,0.13596119,0.07101389,-0.1499794,-0.06968584,-0.35984507,-0.18701713,0.30652913,0.12622292,0.15830939,-0.24517517,0.17387962,0.074541256,-0.051269427,-0.52462965,-0.018626142,0.41277793,0.1760842,0.8792309,-0.18248671,-1.6081198,-0.017296659,-0.06323746,1.3370755,0.38238698,0.03487709,0.3287457,0.24644108,0.018655535,0.3458523,0.25477847,0.018382207,0.09648009,-0.27922195,0.20285037,0.17378381,-0.3695882,-0.04601012,-0.27935666,0.0021364104,-0.0672809,0.25175944,0.09940664,-0.47476548,0.31699705,0.59481543,0.10213592,-0.17164141,-0.08827362,-0.6522198,0.060279433,0.28938213,0.14778115,0.0996829,-0.20471138,0.0014925222,0.08820751,-0.045266684,-0.16929285,-0.41378525,0.21564007,-0.13626431,-0.1824034,0.3967059,-0.092343
255,neutral,0.010558024,-0.054095697,0.38611898,-0.22831568,0.20818543,-0.1475227,0.06264054,0.048616897,-0.41142026,-0.11896969,-0.2850837,-0.22154151,0.085638955,0.1584269,-0.26258573,-0.076436006,0.47284114,-0.11352477,-0.74937916,0.17450747,0.1303713,0.06363183,0.26736942,-0.1219161,-0.15660718,0.13755248,-0.022055484,-0.59782845,0.17467552,-0.12662306,0.094832465,0.49213818,0.060726386,0.23803252,-0.21862029,0.0030863234,0.11638741,0.24165694,0.13637623,-0.19954294,-0.6360195,-0.060998827,0.1484974,-0.23508254,-0.13218585,-0.34759295,0.20294195,-0.015001451,-0.03442853,-0.30116546,0.18701471,-0.29953784,0.30126086,0.46932337,-0.031233113,-1.8847299,0.1075905,-0.095874615,1.2298064,0.4166529,0.0022866956,0.2729993,0.097761795,-0.1485759,0.6557232,0.09395899,0.33247498,0.5848206,0.059709158,0.4477135,0.16430159,-0.18392323,-0.38576314,-0.055334646,-0.042190336,-0.03139245,-0.040175688,-0.08918659,-0.68012846,-0.003511715,0.10810531,-0.041003816,-0.30749977,-0.16875617,-0.77939194,-0.097860575,0.25632843,0.023649111,0.14199938,-0.5351478,0.47407058,-0.40572327,-0.2525169,0.3905678,-0.60386235,0.10187783,-0.014878691,-0.25523326,0.315663,0.13707045
256,neutral,0.46828154,0.5839589,0.3881978,0.1216814,0.43036374,-0.5681357,-0.6092427,0.13997024,-0.25695732,0.4785779,0.056737203,-0.73256946,0.4753852,-0.0960935,-0.44364136,0.37303117,0.4199296,-0.21598387,-0.79786205,-0.22312805,-0.201119,0.18487498,0.7061593,-0.18318994,0.20085242,0.36797184,-0.18213749,-0.26018578,0.529767,0.38034773,-0.59725124,0.19187479,-0.88111734,0.60781294,-0.1339693,0.16287364,0.76439524,0.5522691,-0.8308538,-0.083339356,-1.0079014,0.17006709,0.21123634,-0.16908485,0.54637533,-0.21234575,0.28421655,-0.01687715,-0.18986313,-0.46478418,0.1885239,0.39518774,-0.20491242,0.84176123,-0.46307468,-2.2623832,-0.14220469,-0.032896124,1.7791362,-0.076086864,-0.25792548,-0.04884977,-0.5336022,-0.19146846,0.23115396,-0.19659245,-0.5654286,0.6713441,0.5367074,0.34743673,0.19103748,-0.3377084,0.06953538,-0.50941646,0.26470542,-0.3143589,-0.046301406,-0.30758643,-1.6284466,0.016427392,1.5834444,0.0075672586,0.26223066,0.09946944,-1.1883237,0.11604016,-0.2469701,0.40254745,0.51429754,-0.6286216,-0.40124464,0.43915355,-0.4139475,-0.28056753,-0.19254893,0.9388342,-0.087219596,-0.014513134,0.96014434,0.4868355
257,negative,-0.43176696,0.10915096,-0.08540655,0.16724533,-0.19177581,-0.09170075,-0.04826806,-0.022115814,0.19372942,0.3677747,0.06253249,-0.060866147,0.34078762,0.08262209,0.089597866,0.0057169045,-0.1497466,-0.346253,-0.4775659,-0.014053952,0.4917135,-0.13470924,0.13981482,0.007347726,0.00700202,-0.07036994,-0.30709878,-0.16626859,0.25541922,-0.096864015,-0.051673613,-0.12562048,-0.00070324563,0.14202161,0.27998504,-0.15605351,0.30120668,-0.14327876,0.06754917,0.00037901485,-0.3850835,-0.024550866,0.23945262,-0.106523804,0.20340423,-0.2039,0.19105569,-0.007389153,-0.18802345,-0.45718253,0.18052666,0.2771424,0.24360166,1.0645984,-0.11876099,-1.7345688,0.14668225,-0.44002482,1.3371683,0.27642345,0.15799028,0.41933957,0.16539478,-0.08924269,0.6429596,0.20074943,0.02853958,0.09451273,-0.098861575,0.10781899,0.38835558,-0.5655589,-0.38332728,-0.43760625,-0.06281282,0.07204836,0.15287508,0.31966308,-0.7950022,0.2712887,0.9148976,0.06587605,-0.16477111,0.102948755,-0.6078155,-0.12268654,0.34133616,0.03569981,0.31461322,-0.21733373,-0.10760732,0.07101097,-0.28446102,0.35469538,-0.5559897,0.067466155,0.105910994,0.20297328,0.49431682,0.2984217
258,neutral,-0.039800793,0.12160026,0.2903556,-0.023605525,-0.062219836,-0.4632415,-0.1332547,0.050475422,0.006483343,0.22725073,0.006078439,-0.13417074,0.15740915,-0.023114022,-0.08976438,0.005597631,0.029119354,0.08951595,-0.19297057,-0.04353758,0.23214507,-0.31210214,0.008828111,0.13981597,0.14077957,-0.03253973,-0.024351701,-0.1246177,0.032671843,0.10426236,-0.2894135,0.18041281,-0.18107074,-0.09899056,0.0070798695,0.20820394,0.16406469,-0.0065914914,-0.1796421,-0.06387895,-0.18639058,-0.027772326,0.019888308,-0.100319855,0.16730388,-0.13338262,-0.0010391178,-0.2845936,-0.1030933,-0.5347648,0.03673795,0.101369485,-0.020599473,0.6985888,0.13000593,-1.4573925,0.010452143,-0.17901002,1.0855353,0.09976301,0.016288932,0.3218138,-0.154111,-0.10649276,0.45568487,-0.018923461,0.1701848,0.25856486,-0.02664384,-0.054276973,0.24112764,-0.07679635,-0.081326,-0.19293243,0.08105439,0.14126897,-0.15999947,0.04588316,-0.6169371,0.14361615,0.38674766,0.02645321,-0.2955765,-0.015918141,-0.932587,-0.18601803,0.01271683,-0.115714334,-0.076460935,-0.28556338,-0.036059547,0.06559377,-0.12089237,-0.011986383,-0.23592591,0.00981031,-0.035155233,-0.320153,0.47385523,0.104189985
259,negative,-0.13354662,0.34983888,0.35876277,-0.07654119,-0.0015925637,-0.09245499,-0.17702504,0.13436662,0.029747864,-0.039015587,0.03722391,0.029544748,0.13984989,-0.19916606,0.0136041725,-0.1804302,-0.1495205,0.16276112,-0.14821598,0.11476783,0.32328612,0.04035811,0.062025264,-0.24698132,0.21636531,0.1741072,-0.23526411,-0.331889,0.20462313,0.03577314,-0.10490773,0.48026043,0.0107548665,0.06651947,0.042010713,0.1734765,-0.056205675,0.10693712,0.1004876,-0.14632314,-0.18151607,-0.19383855,0.17770283,-0.11614407,-0.28659734,-0.080998324,0.0048194234,-0.14889601,-0.08869982,-0.77634597,0.029423803,0.025938567,0.05889896,0.6767274,-0.06944682,-1.9141527,0.036914464,0.017160019,1.3919955,0.2515711,0.041269626,0.5102501,-0.345589,-0.12810285,0.57251805,0.026772356,0.3187998,0.06378066,0.11267352,-0.31614017,0.12553667,-0.063000984,0.056444157,-0.14401439,0.10770194,0.13647856,0.015017423,-0.085363,-0.39960125,-0.15220736,0.2870071,0.124011315,-0.34910518,-0.0033172313,-1.0196218,-0.08636183,-0.018205067,-0.10880149,-0.19594118,-0.24579857,-0.0940339,0.0056018448,-0.16079758,-0.19652961,-0.46036795,-0.05704778,-0.1051247,-0.1251302,0.41904613,0.2577942
260,neutral,-0.18926756,0.45794708,-0.0056625716,-0.027787378,-0.12948577,-0.02093255,-0.1128837,0.021933101,0.20680195,0.17542239,-0.08258912,-0.08751576,0.13198613,-0.011794305,-0.14835194,-0.09465457,-0.074818365,-0.1564838,-0.47992563,-0.19784366,0.25600237,0.05007002,0.3407379,-0.22574112,0.028476471,0.26194748,-0.23121008,-0.06720971,-0.05391499,0.05559686,-0.3509156,0.085107125,-0.08547133,0.10623849,-0.14430766,0.18737727,0.24824414,0.13995962,-0.36130467,-0.15197176,-0.4043686,-0.011636005,-0.31127524,-0.28668046,0.30590066,-0.05026191,-0.029339148,-0.014863715,-0.17805775,-0.47371134,-0.16888319,0.12705845,-0.19983692,0.801779,-0.06318454,-1.5513318,-0.023213314,-0.2545776,1.3438189,0.11955491,0.0005114768,0.2554712,-0.08371609,-0.39366096,0.72891146,0.1329688,0.056019023,0.18058522,0.42236954,-0.28427386,0.2804609,-0.42702702,-0.3669702,-0.22485337,0.17115594,0.1210822,-0.32141268,0.21571577,-0.46776417,0.10252123,0.29780832,0.074934885,-0.2294419,0.15513134,-0.7836052,0.04983589,-0.09825711,0.068434544,-0.10257713,-0.20589373,-0.106552035,0.14028175,-0.010923828,-0.14377639,-0.4591551,-0.17313464,0.16083668,-0.0635454,0.6194622,0.43075973
262,negative,-0.15600346,0.11034065,0.27500978,-0.14292516,0.016926033,-0.22999051,-0.18407372,-0.11426632,0.038181916,0.16751729,0.076658525,-0.12981468,0.104421124,-0.19371054,0.11875709,-0.057202112,-0.014448905,0.0690818,-0.23996684,0.103089996,0.21636303,0.011959625,-0.0007433648,-0.06264816,-0.26191527,0.014083136,-0.16577384,-0.027799355,0.018530712,-0.15282713,0.08080982,0.24759462,-0.106973164,-0.010295037,0.1123348,0.35481706,-0.059256375,-0.16395527,-0.34884745,-0.08803456,-0.24599132,-0.21156697,-0.18395935,-0.1980939,0.028264059,-0.2631129,0.20766792,-0.30811477,-0.032329004,-0.77773225,0.19641064,-0.0411236,-0.052996673,0.9314244,-0.08586975,-1.8274419,0.06786996,-0.27653497,1.6093283,0.15339257,-0.017859604,0.40692937,-0.34175682,-0.0858313,0.532445,0.34036586,0.11276237,0.1596961,0.21893682,-0.3667607,0.2616961,-0.42189535,0.106795706,-0.23903996,0.073379226,0.23513143,-0.073186174,0.055920623,-0.6027967,-0.052927252,0.54785216,-0.26742747,-0.37303662,-0.12613854,-1.3015634,0.012169705,0.12882167,0.109331295,0.09713231,-0.20388749,-0.18180019,0.018882643,-0.24884215,-0.027584039,-0.24853382,-0.13528599,0.015671995,-0.22998655,0.55271477,0.2337576
264,neutral,-0.17854078,-0.09705293,0.07094632,-0.06229338,0.14834167,-0.0100293895,-0.086324476,0.06085979,-0.077968046,0.04314263,0.22154574,-0.0645074,0.0628041,-0.09182872,0.23390324,-0.22633125,-0.011690494,-0.19475093,-0.0018288743,0.14233762,-0.15524763,0.070268415,-0.027646348,-0.147771,-0.05244153,-0.18084925,0.07987658,0.025911493,0.09924311,0.07441942,-0.1264718,0.46276787,-0.30755752,0.06850706,0.04978121,0.14508615,-0.06785939,-0.03512008,-0.020690434,-0.1297528,-0.13081269,-0.13284206,-0.18230018,-0.037445687,-0.08541438,-0.045215398,-0.0064451527,-0.3111282,-0.011463972,-0.38859367,-0.04128685,0.1802459,0.22444618,0.5762331,0.05583385,-1.4589555,-0.03329863,-0.1659913,1.1788516,0.048295293,-0.08837412,0.5851839,-0.1261139,-0.22947602,0.4907019,-0.00023679083,0.24512596,0.056760233,0.107489035,-0.08276704,-0.030876089,-0.030139348,0.3401709,-0.2849334,0.012490415,0.12738512,-0.078131154,-0.045098677,-0.49629784,-0.13750748,0.3353551,-0.24113724,-0.18937016,0.020460738,-1.0129476,0.11379788,0.116381906,0.033655934,-0.08710099,-0.09581284,-0.09027488,0.16450934,-0.0074776234,-0.1608833,-0.21315736,-0.10252691,-0.20470342,-0.3675871,0.48130858,0.24990214
266,neutral,0.053957183,0.045502093,0.1929011,0.14227936,-0.03220262,0.23497134,-0.09339243,0.120910145,0.05296731,0.10220789,-0.16830902,0.0036254262,0.30791798,-0.06041034,0.06692223,-0.18991603,-0.05583453,-0.10182737,-0.65530425,0.115685195,0.40239123,-0.09236442,0.128472,-0.042501036,-0.0026662874,-0.24940458,-0.08677276,-0.27933407,0.2562062,0.007551422,-0.037943367,0.13595094,0.02371152,-0.118076496,-0.16192083,-0.01437902,0.104095384,0.102714315,-0.17339893,-0.048277892,-0.5332064,-0.23458579,0.28225493,-0.011915326,0.13458076,-0.18350248,0.16178474,-0.1714325,-0.20061079,-0.4946462,-0.087690435,-0.061029717,0.21785688,0.98299176,-0.1650042,-1.624276,0.040304583,-0.39455858,1.4852512,0.2712624,0.05052354,0.3373216,-0.18565477,-0.30921006,0.7126494,0.08353082,0.03550705,0.12823741,0.0060669496,-0.21790676,0.16422419,-0.30207554,-0.22990865,-0.16886555,0.0124091,0.06608152,-0.23002166,0.12376313,-0.83898765,0.039442454,0.5137046,0.23265347,-0.16038159,0.29049337,-0.8519198,-0.004975928,0.07676803,-0.12346583,0.21362484,-0.12653649,-0.09677797,0.030367443,-0.2532324,0.023218581,-0.53518504,0.094115905,-0.10874952,0.12321757,0.3678848,0.06825964
267,negative,-0.030747894,0.20512973,0.113789886,-0.23464067,0.14734721,0.2311902,-0.052239366,-0.037082378,-0.022642685,-0.088475205,-0.02644221,0.13997972,-0.23199528,0.03230879,-0.096750796,0.26732454,0.30474558,0.07061669,-0.12022385,0.26327318,0.108434685,-0.20298608,0.10547518,-0.149869,0.35248563,0.0112205045,-0.19074772,-0.36013773,0.40330485,-0.23243745,-0.014820119,0.089751095,-0.15223818,0.12823886,0.018807733,0.06770355,-0.0067052217,0.29173356,0.0271058,-0.11031376,-0.2483652,-0.12930784,-0.04035516,-0.44619045,-0.09813814,-0.16772078,-0.015741406,-0.21312472,-0.31136006,-0.2756135,0.013313049,-0.2553323,0.19897084,0.8003281,-0.35226768,-1.1736554,-0.15584621,0.19712287,0.8709118,0.050727736,-0.15618923,0.62820476,-0.63119084,-0.10173016,0.547999,-0.047211017,0.1942468,0.35132423,0.034202993,0.076212674,0.1401406,-0.3050596,-0.2032941,-0.008915295,-0.058196343,-0.0034484593,-0.16562803,-0.23089013,-0.3781114,-0.054074284,0.48182753,0.2755627,-0.12443764,-0.019128447,-0.85580856,-0.016583942,-0.17068757,-0.08457462,-0.04465663,-0.19772382,-0.12614588,-0.17655449,0.0729869,-0.026528649,0.045430165,-0.1280909,0.13809451,-0.023576532,0.4240835,0.09837356
268,neutral,-0.13009885,0.08519299,0.17958295,0.0026707018,0.07824932,-0.6385305,-0.27894965,0.089946136,0.05393796,0.07781066,-0.2647514,-0.23169288,0.28900263,0.008862835,0.022491546,-0.07813406,-0.06618389,-0.3204087,-0.3650693,0.045447163,0.5344133,0.13544703,0.0712296,0.020555547,-0.045498073,0.058209255,-0.15033229,-0.16808715,-0.06852687,-0.3048477,-0.3232628,0.1378459,-0.027505375,-0.010962127,-0.07216978,-0.105619304,0.052602697,0.009375647,-0.1611498,-0.094904654,-0.48350853,-0.2651947,0.13736255,0.11149743,0.41502592,-0.176141,0.6030817,-0.019103887,0.08895076,-0.61717576,-0.062187653,0.13173245,0.16519777,0.8847119,0.024306957,-1.8483618,-0.12505648,-0.2297231,1.5013833,0.3596355,-0.2247195,0.47984168,0.053629804,-0.38074234,0.41104284,0.38460755,0.10236139,0.012598943,0.36357325,-0.18577012,0.32448098,-0.21672465,-0.16059016,-0.3434026,0.118836224,-0.05476909,-0.11586797,0.22616506,-0.68878543,0.09376655,0.69565517,0.20203766,-0.23665039,0.1980998,-0.7089665,-0.062482435,-0.04808328,-0.29818863,0.017027175,-0.49114642,-0.03145978,0.15487382,-0.43542525,-0.13372162,-0.51517814,0.17145641,-0.02936854,-0.04980807,0.5587022,0.045998406
269,negative,-0.010949102,0.244566,0.42283002,-0.08913739,-0.049667552,-0.03278213,-0.2956904,-0.04188883,0.21797644,-0.1358718,0.013060338,0.16041966,0.24385281,-0.03094658,-0.18691023,-0.13871536,0.05476291,0.22922549,-0.31660816,0.094105825,0.29766908,0.04696553,0.03399366,-0.042327613,0.10562237,0.13789369,-0.13656999,-0.35517547,0.035015862,-0.24003057,-0.07645356,0.31891438,0.091833524,-0.059734132,0.09711995,0.09893975,-0.070592776,0.031314854,-0.16207108,-0.18585329,-0.3901046,-0.16235793,0.08191721,-0.30856112,-0.012485241,-0.25337684,0.28272602,-0.08544034,-0.13593188,-0.77001303,0.22384715,-0.1607597,0.011950666,0.7873099,-0.013212992,-1.8295869,0.10500011,-0.11847421,1.4394265,0.25849673,-0.32865572,0.45216644,-0.3062508,0.008776058,0.51374614,0.08819211,0.17122924,0.3466212,0.044736218,-0.14583401,0.13250348,-0.2585565,-0.14195687,-0.2671308,0.062221922,-0.004045131,-0.18168683,-0.082246736,-0.64072883,-0.065931454,0.59673387,-0.020167114,-0.3038532,0.055396147,-1.2456602,-0.14295055,0.03474814,0.10431355,-0.16229649,-0.30738905,0.13974607,-0.014784526,-0.09047953,-0.092540756,-0.39626253,0.06868817,-0.07554159,-0.3406542,0.37443584,0.06723919
270,neutral,-0.008299289,-0.058067948,0.10245751,-0.19850351,0.18680617,0.15627751,0.018389672,0.3147916,-0.032534193,-0.13002205,-0.00963558,0.07679324,0.1714999,0.1069163,0.20516758,-0.2008919,0.1653915,-0.09211617,0.044799425,0.0592868,-0.08660203,-0.05730841,0.105046965,-0.04457088,0.45288602,0.05837274,0.13724881,-0.14152572,0.21224865,0.15135048,0.024260433,0.37974676,-0.028481646,0.23214456,0.19187926,0.011465992,-0.051416457,-0.17448747,0.017932415,-0.1297591,-0.18677518,-0.21316056,-0.23804414,0.16866806,-0.077927545,-0.21321332,0.14983475,-0.18774904,0.103821106,-0.5829492,-0.02025559,0.076874144,0.16569671,0.7152138,-0.03068988,-1.6369181,-0.00040543117,-0.08313829,1.2188866,0.3299557,0.10557856,0.4889119,-0.26607388,-0.14624654,0.46050844,0.17946808,0.06638966,0.09252957,0.13115622,-0.08773344,-0.10385878,-0.24739517,-0.005289072,-0.33896092,0.2208065,0.06561196,0.054407638,0.17190894,-0.4561177,-0.28905618,0.40333852,-0.3349182,-0.30537492,0.024341723,-0.95529324,-0.13061681,0.19185178,0.15312473,0.11869404,0.054891046,0.1595619,0.122491404,-0.15032862,0.23987065,-0.40152732,0.08065147,-0.041519042,-0.10856641,0.3802577,0.050437044
271,neutral,-0.3272737,-0.025823666,0.18457338,-0.07332717,-0.269138,-0.12901455,0.44901863,-0.009535727,-0.24840806,0.5691926,0.3595618,-0.03800334,0.29428327,0.13642377,0.48573673,-0.119883895,0.08257615,0.14394179,-0.34334615,0.30841318,0.89743316,-0.0133780055,0.027336782,-0.059535407,0.36565554,0.6389928,-0.36121094,-0.12662698,0.18836117,0.016021846,-0.15297307,0.35964108,0.2252552,0.32023895,0.19042498,-0.06009366,0.19047181,-0.18398745,0.113326326,0.5701527,-0.34989855,-0.28793463,0.32944152,-0.046497233,0.37394664,-0.068638325,0.2877279,-0.056204017,-0.12708582,-0.47675195,-0.10530027,0.3330612,0.13203754,0.73347896,-0.02979955,-1.3711011,-0.14251952,0.033229623,1.4330292,0.5277811,0.2210047,0.7976894,0.10926226,0.4233577,0.14781979,0.3016166,0.1341566,-0.01598974,0.098746754,-0.17560652,-0.04925658,-0.2793669,0.23482247,-0.16265184,0.33254024,-0.047762476,0.030737173,0.17633802,-0.2928994,0.23700286,0.415221,0.08388496,-0.51574814,-0.015707899,-0.58283114,0.04633859,0.43995547,-0.27374384,-0.024880627,0.2165577,0.0037555841,0.1043219,-0.010855713,-0.1239717,-0.3319323,0.16394305,0.13912332,-0.17325677,0.6106103,-0.40101114
272,neutral,-0.052347828,0.30258596,0.14410573,-0.33434138,0.2113541,-0.49210864,0.048573937,0.2139014,0.13896629,0.3529181,0.4805914,0.27603477,0.21608867,-0.05265703,-0.062485,-0.41741142,0.018625941,-0.08421613,-0.14770828,-0.037388273,0.5422559,-0.12644635,0.09718509,-0.016203223,0.20764193,-0.009070661,-0.47696432,0.2567313,0.006487488,0.07259209,-0.10093576,0.08620869,-0.20714998,0.050988253,0.090379156,-0.042230096,0.2523872,0.12487797,0.054077912,0.2092865,-0.21923378,-0.5140809,0.0021273876,-0.017672122,0.47945696,0.29146993,-0.19105065,-0.2774313,-0.3649604,-0.3173958,0.06803507,0.27184996,0.07307556,0.98570126,-0.2635782,-1.4259932,-0.17315118,-0.34054914,1.3619181,0.35182506,-0.08503041,0.23375612,-0.10188761,0.07789582,0.32580945,0.26824018,-0.037826788,-0.041234348,0.058747947,-0.16920415,0.017893529,-0.101338714,0.33988056,0.01601424,0.11152103,0.10924473,0.16325456,-0.10390521,-0.7108301,0.20704955,0.47574148,-0.06730762,-0.36233056,0.31240648,-0.32574877,-0.24623357,0.26560536,-0.23081149,-0.05524506,-0.30372828,-0.035879247,0.16260569,-0.29975826,-0.4394463,-0.25635254,0.32260233,-0.13306515,-0.08431129,0.44504708,-0.038507227
273,neutral,-0.21131396,-0.11938868,0.30277655,0.052639477,0.066007376,-0.07107731,-0.1339537,0.043107998,0.04046164,0.22065414,0.1586045,-0.0091554625,0.1194734,0.09692083,-0.10458499,0.2199853,0.19830795,-0.27976644,-0.5576594,-0.12161435,0.10351092,-0.3500388,0.09543125,-0.21926872,-0.29334143,-0.43518636,0.047152698,-0.14293763,0.11214247,0.009396903,-0.11263683,0.24233589,-0.35345796,-0.17200416,-0.14893816,0.0010645635,-0.032145526,0.19077036,-0.2547104,0.13478778,-0.4800262,-0.25060642,0.27191138,0.16338304,0.02154046,-0.15544496,0.02077624,-0.1547636,-0.056494474,-0.53160846,0.39679745,0.062061466,0.23175177,0.919923,-0.13146165,-1.4976808,0.053025346,-0.22955069,1.3420476,0.35932934,-0.01611147,0.18927133,-0.17845483,-0.038767688,0.7155396,0.06355944,-0.044670273,0.30210805,0.34808066,0.07350593,0.16612013,-0.20118062,-0.13913529,-0.53580815,-0.0359207,0.20342903,0.07049438,0.017489413,-1.0406318,0.016366476,0.61834663,0.12582304,0.12942368,0.07906744,-0.97802633,-0.25132987,0.1705362,0.33735985,0.22195068,-0.22560984,0.13144173,-0.23954815,-0.13534535,0.12766014,-0.134479,0.1265469,0.005721405,-0.18323985,0.43622777,0.13344304
274,neutral,0.006960329,-0.034540556,0.2689868,-0.45703468,-0.11070673,0.20516379,0.01048825,0.00091525284,0.1413353,0.023060398,0.18208435,-0.04114501,0.08615603,0.13560385,-0.024511045,-0.10625194,-0.011331769,-0.032359723,0.013579966,-0.25973353,0.23165232,0.20312758,-0.10692991,-0.2817303,0.2489316,-0.026383372,-0.25389993,-0.11720904,0.3201353,0.04351241,0.01645685,0.29798874,0.0738419,0.3102113,0.11906656,0.06683757,-0.09229261,0.10020496,0.2557104,-0.30156255,-0.05290937,-0.11301781,-0.09664691,-0.16034651,-0.09372588,-0.123738915,0.13187587,-0.050621,-0.08591817,-0.41613513,0.05324804,0.07762923,0.09799761,0.62712276,-0.08591886,-1.5767249,-0.17463402,-0.026901126,1.1351306,0.6164415,0.24218422,0.47261027,-0.05458502,0.16057315,0.38977525,0.059229847,0.49757063,-0.072489545,-0.031841423,-0.052221928,0.15803963,-0.016486056,0.14558722,-0.21464676,0.12615298,0.073786676,-0.016531073,0.02059247,-0.20857714,-0.077104874,0.2537637,-0.06835667,-0.047580056,-0.043165896,-0.6683636,-0.19454065,0.13161227,0.07662412,0.054287925,-0.09757033,-0.013230143,0.034393907,-0.17221463,0.10536322,-0.109511726,-0.086733475,0.007164128,-0.19495864,0.3863944,0.13126516
275,neutral,-0.03456277,0.100172415,0.33249485,0.06432117,-0.047924347,-0.14326712,-0.2983821,-0.08884665,0.13784419,0.04136692,-0.2015574,0.0043943804,0.23603313,-0.07129271,-0.08730879,-0.1995727,-0.14582098,0.06944621,-0.42742908,0.06272838,0.30071402,0.051722664,0.106301524,0.0001653799,-0.09814915,0.12581138,-0.07135665,-0.30702382,0.18563722,-0.045840833,0.06394788,0.13375878,-0.059513874,-0.048556987,0.04947542,0.041486558,0.065289885,0.06543065,-0.1062542,0.051171076,-0.5467622,-0.122639745,0.16639905,-0.17990105,0.16027522,0.030519295,0.37478873,-0.034437045,-0.2918707,-0.6143259,0.11367394,-0.02618602,-0.18136272,0.8312102,0.11083696,-1.8308489,0.10006321,-0.32457352,1.4085346,0.3031722,-0.20840909,0.46645063,-0.18733566,-0.16947138,0.51066494,0.085770264,0.22840379,0.039323796,0.22889748,-0.11238015,0.12716614,-0.35313758,-0.108567074,-0.24363211,0.30893928,-0.04971824,-0.19434996,0.10887135,-0.70603734,0.132425,0.61498606,0.07432106,-0.33726126,0.19284527,-1.0012277,-0.17864197,-0.050874062,0.019420354,-0.08106338,-0.47084698,-0.09244467,-0.039582957,-0.06658173,0.007179118,-0.30248997,0.239979,0.07309502,-0.2513486,0.36418343,0.005076636
276,negative,-0.040348582,0.004118242,0.26010597,-0.16896538,-0.393467,0.115234435,-0.0140382135,-0.007264243,0.09491269,0.24468122,0.13723932,0.15826948,0.058682572,0.07500246,0.17403829,0.03726968,-0.00812616,0.22004679,-0.28517583,0.08081182,0.46138307,-0.042438798,-0.044867504,-0.29150608,0.033543967,0.34735754,-0.37659,-0.155366,0.22464038,-0.052495647,-0.022431428,0.2162026,-0.040744483,0.011224447,0.27362758,-0.005156523,-0.04901056,-0.16340926,0.30612165,0.0038796044,-0.22771142,0.0027924604,0.019288806,-0.2316587,0.17007339,0.007941702,0.16381939,-0.058830034,-0.23837914,-0.36336553,0.1291764,0.10510329,-0.060979575,0.7314756,0.035022337,-1.312741,0.016250342,-0.011049779,0.8777522,0.11081283,-0.06656281,0.38306624,-0.23850049,0.04625423,0.4352909,0.23477224,0.30694866,0.03933161,-0.16139644,-0.08533975,-0.010898606,-0.4056609,0.07306424,-0.14365782,-0.06744333,0.13490085,0.009168873,-0.0020352246,-0.4059656,0.16002949,0.46136832,0.048312787,-0.2785641,0.11633726,-0.79824364,-0.07892229,0.13153902,-0.09206083,-0.017185256,-0.17533937,-0.25806242,0.04849394,0.06912277,-0.019967569,-0.11073757,-0.06444525,-0.03997509,-0.16761325,0.24569112,0.04907872
277,neutral,-0.06368989,0.2774032,0.1563427,-0.34162158,0.1536534,-0.45705527,0.046855036,0.16659045,0.1710239,0.3707241,0.5215222,0.30682862,0.22727628,-0.063646175,-0.068110116,-0.39134005,0.03784631,-0.15911089,-0.1310475,-0.015558117,0.520271,-0.123383135,0.09796686,0.062255137,0.24003118,0.043032564,-0.51535404,0.24567413,0.034532323,0.053052325,-0.07317277,0.0764622,-0.18761067,0.10154532,0.111672014,-0.081341505,0.18913954,0.13295303,0.083590455,0.1717114,-0.17284864,-0.5447292,-0.07060771,-0.0346514,0.4658921,0.26795954,-0.18327107,-0.26532862,-0.41779116,-0.27505413,0.00857881,0.29400468,0.042470876,0.988725,-0.25477257,-1.3140587,-0.18554758,-0.24996416,1.2492533,0.33354837,-0.04072188,0.25460267,-0.097206876,0.10605641,0.33175817,0.2701648,-0.046507224,-0.06202423,0.011234361,-0.19703652,-0.0028454142,-0.13186277,0.36393556,-0.015497267,0.10191666,0.0955925,0.18591581,-0.13136426,-0.72496504,0.14590982,0.45632407,-0.09066402,-0.29524067,0.32208782,-0.2761947,-0.18696366,0.24545464,-0.20467998,-0.06141651,-0.27618274,-0.03736376,0.22120427,-0.2761502,-0.39445367,-0.16736951,0.3217556,-0.11799646,-0.073658705,0.39581385,-0.07605096
278,negative,-0.06996766,0.25507122,0.23096023,-0.122997075,-0.09729842,0.068709604,-0.20035586,0.087304525,0.30987483,0.25809753,0.022820031,0.010783593,0.18678686,0.18676293,0.14395833,-0.037796933,-0.10490371,0.0035583884,-0.3936635,0.11600102,0.21697016,-0.07416269,-0.08013423,-0.33145127,-0.06404401,0.024619,-0.11204077,-0.12751989,-0.07357464,0.12578657,-0.012361112,0.16625632,0.03218554,0.12550667,-0.088968486,0.09524902,-0.033618715,0.09130631,-0.032629743,-0.22736993,-0.026301192,-0.084328085,-0.05285544,-0.26707083,0.046859894,-0.19170715,-0.04488863,0.092867404,-0.099556245,-0.48603427,0.10459393,0.09807752,0.13912141,0.602,-0.21028708,-1.5457448,0.11522023,-0.08513365,1.1263912,0.018294767,-0.09711059,0.4946961,-0.116832815,-0.105948664,0.6372001,0.1100849,0.16301063,-0.034603283,-0.07198483,-0.17963605,-0.13458599,-0.24034733,-0.0061046095,-0.321519,0.26225203,0.079381675,0.16757374,-0.086037554,-0.42777422,-0.052061472,0.34238815,0.006932063,-0.45919973,0.015480715,-0.90550286,0.07159714,0.0778716,-0.18181787,-0.2916303,-0.23523992,0.105085105,-0.046651594,0.09945389,-0.08344185,-0.4509349,-0.01942915,0.13209435,0.018950976,0.4311665,0.31890473
279,neutral,0.049566846,-0.18945192,-0.14112732,-0.5802689,0.53610253,-0.05099404,-0.35665122,0.019192204,-0.36256462,-0.2518735,0.011804685,-0.22369145,-0.10333745,0.17824613,0.15985419,0.3630759,-0.042482328,0.002752545,-0.25259227,-0.13006864,0.22474249,0.075986564,0.2520298,-0.5515642,0.51498455,-0.30589965,0.17871633,-0.20359524,0.082768746,0.39242253,-0.049572546,0.4042468,-0.09198566,0.3330863,-0.2904947,0.098334454,-0.051222764,0.31821087,-0.33126646,-0.16454439,-0.11143695,-0.21657777,-0.19307804,0.20849417,-0.00020679447,-0.06643736,-0.04701694,-0.32537466,0.33367544,-0.10817962,-0.053901773,-0.22818603,0.40274927,0.4442731,-0.27328587,-1.9823834,-0.35129938,0.014418042,0.2961275,0.286207,0.09976998,0.6675797,-0.19857506,-0.14237066,0.8237172,-0.118448235,0.4537291,0.47369745,0.0808586,0.20202792,-0.19191426,-0.01972293,-0.36879647,-0.3396233,-0.13511322,-0.13875715,0.40639502,0.06936975,-0.51940036,-0.15464371,0.005531711,0.0077203247,0.33249667,-0.15933135,-0.5434258,-0.18158168,-0.2508199,-0.060012896,0.32784945,-0.12774305,0.3518263,-0.23183034,0.49873942,0.115633145,-0.36223295,0.03897203,0.1490253,-0.20003082,0.31873745,0.13380408
280,neutral,-0.102183945,0.39820924,0.24002628,-0.16123107,-0.15485792,0.34325817,-0.4171313,-0.056714073,0.026761303,-0.20377596,-0.17495994,-0.16234651,0.15769024,0.0013362259,0.0006999141,-0.032158326,-0.117194764,0.31070903,-0.33850452,0.09852767,0.1303249,-0.11525039,-0.13801129,-0.12179225,0.07029096,0.19822405,-0.19036672,-0.027365295,0.29257536,-0.28735262,-0.11532579,0.29979947,-0.0008808379,-0.078878604,-0.16975328,0.21466741,0.16068268,0.01459735,-0.03391433,-0.30485812,-0.24990332,-0.06567844,-0.021663917,-0.3443958,-0.06359534,-0.10621628,0.26449543,0.0052100546,-0.04866645,-0.69249564,0.16290414,-0.0065340754,-0.117090724,0.7143479,0.14435066,-1.6501611,0.23823972,-0.026909597,1.2082077,0.09188043,-0.106428936,0.5446659,-0.22399758,-0.32653728,0.71447146,0.21380804,0.3060538,-0.1678031,0.18737036,-0.43551144,0.11374072,-0.11175996,-0.06580162,-0.11302681,-0.03286416,0.16819519,-0.081808604,-0.19439587,-0.5992475,0.10595404,0.5943532,-0.11156957,-0.42685032,0.16516836,-1.0403218,-0.10506093,0.030346306,-0.03299827,-0.23135741,-0.52001214,-0.020793807,0.050855804,0.0001665523,-0.09588128,-0.48795754,-0.27382573,0.112838194,-0.25280857,0.2117591,0.2401786
281,neutral,0.15042524,0.09193374,0.06330101,0.055768114,-0.1501244,0.40768266,-0.17572111,0.050223418,0.5142857,-0.1268717,0.16620979,0.3992467,-0.1480404,0.07886152,-0.0044423533,-0.41323805,0.031355947,0.19311632,-0.4104677,0.39672446,0.4998358,0.2578864,0.05041623,-0.24642073,0.11327398,-0.24287291,-0.37875918,-0.46332726,0.025685128,-0.09074883,-0.13890181,0.2552819,-0.11703273,0.03929314,0.11732534,0.34798384,0.045299806,0.23621309,0.25273496,-0.23673113,-0.60449505,-0.08181563,-0.11899174,-0.18442973,0.066532336,-0.04146246,0.13186307,0.30391943,0.075658076,-0.67878485,0.029131327,-0.103723064,0.12843454,0.80458623,0.16482304,-2.0683696,0.10478727,-0.5179594,1.6589304,0.18732712,-0.26728567,0.6189525,-0.024446387,0.03948007,0.54481024,0.033958916,0.34460282,0.103659466,0.06703658,0.054739367,-0.17919907,-0.38169512,-0.06630217,-0.597442,0.11137455,0.023795458,0.044931635,-0.07171699,-0.6387321,0.08781013,0.67408943,0.23474003,-0.42016762,-0.12777476,-0.9798305,-0.11270959,-0.08842011,0.15893231,-0.010435522,-0.44836336,-0.08026498,-0.16159987,0.12612358,-0.21815397,-0.5809377,-0.15251648,-0.042278033,-0.03642407,0.14379914,-0.044142216
282,negative,-0.09633034,0.07344831,0.1751933,-0.09288721,-0.103169985,0.26649854,-0.071521424,0.37832886,0.051157054,0.0148006,0.2731628,0.03179554,0.10634855,-0.17366487,0.14808257,-0.18674019,-0.25783134,0.20577475,-0.026512064,0.053783964,0.15484546,0.16652815,0.014652236,-0.1272743,0.3500976,0.1768505,-0.13346124,-0.087573364,0.08569149,-0.024226949,-0.10445714,0.27759826,-0.005604129,-0.0120957205,-0.0008241285,0.040073823,-0.11790615,-0.17225462,0.16447702,-0.047132883,-0.14719605,-0.07353293,0.04141134,-0.06691815,-0.07594177,-0.12656198,0.2979205,-0.17659156,-0.056523047,-0.66953063,0.048126224,-0.014124953,0.07719909,0.5729629,-0.11468979,-1.4659694,0.07078572,-0.16833317,0.89900714,0.2406183,0.047550485,0.5458938,-0.22558473,-0.12671953,0.32384938,-0.0022503757,0.10378853,-0.098261856,-0.040343966,-0.07971649,0.092468865,-0.40481955,0.27760977,-0.006690277,0.12039967,0.0026078336,0.06384157,-0.10637359,-0.21254396,-0.11160219,0.18574633,-0.25631556,-0.26156414,0.017941715,-0.93465585,-0.102966785,0.058617514,0.22933292,-0.05113167,-0.025107348,-0.117254786,0.11105257,-0.03697515,-0.08507925,-0.3540155,0.05577993,0.0046131006,-0.02470044,0.12529464,0.072319984
283,negative,-0.058453385,0.2719809,0.26831034,-0.057002738,-0.012352544,-0.1678863,-0.09317984,-0.02671728,-0.036299676,0.06731031,-0.07576558,0.014901292,0.085785314,-0.09625149,-0.0074325777,0.014882349,0.03870741,0.064675935,-0.37986243,0.3067015,0.11376344,0.017174475,0.11457078,0.08710883,-0.08976136,0.21556437,-0.23256618,-0.042484015,-0.117587484,-0.0052169925,0.01672784,0.3859434,0.03198858,0.057682708,0.12708561,0.42804024,0.06495814,-0.07618605,-0.08292015,-0.24189739,-0.088734284,-0.19622284,0.09946582,-0.31395403,-0.019718261,-0.051887233,0.0023480535,-0.1270617,0.016905965,-0.5271722,-0.07936485,-0.103947096,-0.05890163,0.63147324,-0.18082269,-1.4399469,-0.092825785,-0.22305122,1.0813855,0.13695563,0.025390146,0.28893402,-0.023385078,0.1488242,0.33180073,-0.0461225,0.035724405,0.31393984,-0.16233374,0.106856555,0.036733888,-0.24576794,-0.1162641,-0.2604568,0.10555026,0.21655525,-0.19248152,0.10207754,-0.5030768,0.2051821,0.5828389,-0.037123635,-0.38159132,-0.031551518,-1.0034201,0.03019356,0.14628147,0.33098564,-0.20135275,-0.17348734,0.039706882,-0.023394981,-0.03434037,-0.16065189,-0.47989637,-0.1331494,-0.016840357,-0.08847394,0.21651481,0.08421906
284,negative,-0.058453385,0.2719809,0.26831034,-0.057002738,-0.012352544,-0.1678863,-0.09317984,-0.02671728,-0.036299676,0.06731031,-0.07576558,0.014901292,0.085785314,-0.09625149,-0.0074325777,0.014882349,0.03870741,0.064675935,-0.37986243,0.3067015,0.11376344,0.017174475,0.11457078,0.08710883,-0.08976136,0.21556437,-0.23256618,-0.042484015,-0.117587484,-0.0052169925,0.01672784,0.3859434,0.03198858,0.057682708,0.12708561,0.42804024,0.06495814,-0.07618605,-0.08292015,-0.24189739,-0.088734284,-0.19622284,0.09946582,-0.31395403,-0.019718261,-0.051887233,0.0023480535,-0.1270617,0.016905965,-0.5271722,-0.07936485,-0.103947096,-0.05890163,0.63147324,-0.18082269,-1.4399469,-0.092825785,-0.22305122,1.0813855,0.13695563,0.025390146,0.28893402,-0.023385078,0.1488242,0.33180073,-0.0461225,0.035724405,0.31393984,-0.16233374,0.106856555,0.036733888,-0.24576794,-0.1162641,-0.2604568,0.10555026,0.21655525,-0.19248152,0.10207754,-0.5030768,0.2051821,0.5828389,-0.037123635,-0.38159132,-0.031551518,-1.0034201,0.03019356,0.14628147,0.33098564,-0.20135275,-0.17348734,0.039706882,-0.023394981,-0.03434037,-0.16065189,-0.47989637,-0.1331494,-0.016840357,-0.08847394,0.21651481,0.08421906
285,neutral,-0.078116365,-0.07934265,0.41787568,-0.23867832,-0.19635513,0.072114706,-0.27204207,0.09575361,0.2074003,0.08680287,-0.1329602,0.2310756,0.029705945,-0.16571668,0.010152009,-0.2375104,0.056612093,0.21577719,-0.52585214,0.20728922,0.15746075,-0.119034104,-0.083662264,-0.18337859,-0.07597958,-0.025045916,-0.16586469,-0.11992902,0.2972468,-0.1906673,0.05574591,0.41790733,-0.13350716,0.04160294,0.10759303,0.33078375,0.08096366,-0.03540262,-0.10748049,-0.27222803,-0.40109533,-0.035202608,0.063646,-0.3579516,-0.17273293,0.0971631,0.118578315,-0.00717422,-0.1464044,-0.7168693,0.1423776,-0.062172662,0.25444385,0.5767609,-0.36230928,-1.5777832,0.0816594,-0.024889156,0.9182698,0.14325075,-0.18779738,0.23245542,-0.21787031,-0.22604479,0.4028515,-0.07806571,0.29152524,0.6442197,-0.14523898,-0.03711429,-0.016522327,-0.20679195,-0.26390538,-0.57485056,-0.12053198,0.17959167,0.033987794,-0.07555078,-0.6386401,0.18210423,0.266593,-0.411291,-0.24472661,-0.12276556,-0.9049988,-0.3156865,0.078035764,0.39542007,-0.068383,-0.42037326,0.051612057,-0.120858304,-0.19042635,-0.22774157,-0.42641097,-0.12579527,0.13010779,-0.022084728,0.31665984,0.40755066
286,neutral,0.06340886,0.18481994,0.29290548,-0.2922095,0.19457713,0.14507104,-0.2757028,0.23746692,-0.089432225,0.17472577,-0.16756183,0.006741571,0.28144562,-0.02951862,-0.21624401,-0.33284524,0.025518756,-0.025728757,-0.26973817,0.17895807,0.12580766,0.3253106,0.08487344,0.03090911,0.012746243,-0.25562963,-0.21708104,-0.65515375,0.17461528,0.10663283,-0.21926783,0.35079512,0.0012736728,-0.007601347,0.24941,0.30023953,-0.07449372,0.23910351,0.05657554,-0.076754674,-0.4445656,-0.4028784,0.20270692,-0.23862036,-0.14393654,-0.2735367,0.13182941,0.058316916,0.031015022,-0.505954,-0.3758645,0.063144006,0.28074303,0.76986676,-0.015804037,-1.6570157,-0.40115643,-0.07140683,1.2769367,-0.024458168,-0.052626606,0.39315435,-0.055727083,-0.029744508,0.5425524,-0.042831283,0.06270221,0.14781876,0.04797053,-0.05279003,-0.23503244,-0.15806012,-0.31300795,-0.120487265,-0.05041649,-0.055197164,0.00020097996,-0.100024484,-0.4295945,-0.022537548,0.6715746,0.020606147,-0.274675,0.10945683,-0.75468785,-0.11096094,-0.17216437,0.13133684,-0.13081276,-0.50032705,-0.40037686,-0.1066014,0.37571967,-0.29005706,-0.45575115,0.09009461,-0.09964685,0.00846835,0.51267,-0.09481831
287,negative,0.057141688,0.44493166,0.31523234,-0.14363374,0.03796532,-0.83450234,-0.051267266,0.09687377,-0.0441731,0.2966902,0.07016239,-0.12724273,0.1146773,-0.06407644,0.07223981,-0.1669994,-0.5078329,-0.10510613,-0.08351809,-0.094055824,0.5905627,-0.23355739,0.30908716,0.29284695,0.18777946,-0.013127467,-0.4944164,-0.21199909,0.14332621,-0.068905465,-0.11044693,0.07888653,-0.31879225,-0.007461657,-0.091227904,0.14005433,0.26956728,-0.09878199,-0.14508744,-0.12820148,-0.36552054,-0.3320551,0.11902697,-0.12160459,0.47667572,-0.16284756,0.2696235,-0.7064563,0.16979773,-1.1175481,0.29181677,0.14544292,-0.119136214,1.0843292,0.0118642645,-2.0214427,-0.108373515,-0.22570336,1.7339482,0.14358816,-0.09587264,0.12307906,-0.13737375,0.13358149,0.5531985,0.26199535,0.22748636,-0.28085336,0.19594789,-0.09710511,0.19453615,-0.21516304,-0.4532398,0.08078282,-0.121335156,0.04842159,0.19081998,0.12508343,-0.968574,0.2555939,0.86947155,0.046854503,-0.52599794,0.10190813,-0.68924856,-0.16708952,0.1255652,-0.19849762,-0.34764,-0.3967933,-0.23885983,0.3150398,-0.47867766,0.039754543,-0.80901843,0.027890727,0.24453385,0.07001341,0.5845244,-0.14327796
288,negative,0.02919542,0.16550992,0.1971092,-0.034086797,-0.10411544,-0.27316746,-0.40137425,0.027028136,0.12148288,0.09597541,-0.011914683,0.13024908,0.096644424,0.008892633,0.06831094,-0.0016474755,-0.011569077,0.113847375,-0.15948431,0.02331565,0.2906738,-0.14508478,-0.04815043,0.0033173114,0.026562171,-0.11792338,-0.14446236,-0.41353115,-0.14412943,-0.032236982,-0.006768983,0.18513498,-0.107663505,0.083404504,-0.104579054,0.23177634,0.105122894,-0.13317068,-0.0030154986,-0.19738612,-0.28172272,-0.14969192,0.06854424,-0.20148307,0.07848726,-0.073151655,0.18115261,-0.1678586,-0.08380172,-0.6901434,0.10399652,-0.053573046,-0.09006417,0.7415714,-0.045370784,-1.6889882,-0.020698719,-0.17743218,1.4271715,0.27007166,-0.13553184,0.30358002,-0.2254975,-0.111174755,0.42002678,0.15759325,0.15036435,0.05630435,0.3232593,-0.19471855,0.0076660407,-0.21113665,-0.1425607,-0.12243614,0.07809206,-0.093536794,-0.056856267,0.049124483,-0.6520475,-0.03634872,0.52065414,0.15148714,-0.292527,-0.010448392,-0.871908,-0.26206335,0.01308654,-0.1252517,-0.057070892,-0.35926384,-0.13417381,-0.0056947977,-0.12681736,-0.06689391,-0.28376466,0.043533728,0.11608183,-0.21156678,0.46377113,-0.108852364
290,neutral,0.023177983,0.28428382,0.20420384,-0.16763242,-0.6152259,0.022957187,-0.26490518,-0.09444169,0.084389076,-0.14657737,0.008170608,-0.082952455,0.2937867,-0.04612224,-0.07888627,-0.035855237,-0.15668143,0.30009723,-0.55345297,0.6264586,0.087164834,0.20717785,-0.2508715,-0.41706756,-0.016897885,0.32318038,-0.17350677,-0.42560875,0.40325698,-0.5123338,-0.14031532,0.6810137,0.15371475,0.20393598,0.1120267,0.25518236,-0.13233045,0.116635196,0.22623008,-0.31355458,-0.17729904,0.09770471,0.1499256,-0.30492285,-0.23221186,-0.20535995,0.16993774,-0.154495,-0.28252193,-0.8978947,0.11836488,0.116275534,0.014995309,0.6101682,-0.13742058,-1.2476342,0.30607045,0.19875534,0.72442204,0.03064916,-0.13194971,0.5305074,-0.4094218,-0.22620606,0.48095933,0.32388976,0.48331702,0.5506675,-0.21755503,-0.38081023,0.34916276,-0.20328875,0.15207586,-0.4188069,0.19221102,0.11145543,-0.010898308,-0.26129216,-0.117966026,-0.1935273,0.4520611,0.0112387175,-0.435545,-0.045610312,-1.0250319,-0.043229472,-0.14994174,-0.06516918,-0.36496103,-0.39229643,0.087296076,-0.32811928,-0.023930676,-0.08343173,-0.4713293,-0.049820803,-0.18290973,-0.23121418,-0.060272213,0.626921
291,neutral,-0.0020706023,0.37233302,0.58433944,0.19750063,0.15761787,-0.5355007,-0.35737613,-0.032166876,0.10680115,0.5967662,0.11749614,0.09886717,0.2239531,0.4124485,-0.23758131,0.25428942,0.23796298,-0.35892135,-0.4548672,0.009341445,-0.015571168,0.031716045,0.09994281,0.06163589,-0.5440221,0.18882756,-0.24154639,0.33520335,0.24681142,0.14417699,0.099176735,0.18066636,-0.59281343,-0.3018598,0.0014995432,0.06373818,0.27502263,0.21932852,-0.27273026,-0.1660017,-0.32790625,-0.3675731,0.27066207,0.12184121,0.43778524,-0.34202492,0.06883,-0.09435862,-0.25681078,-0.48176265,0.28968358,0.36557534,0.11094225,1.0990268,-0.028527964,-1.6596283,0.27593908,-0.7840399,1.5764848,0.32671502,0.15761735,-0.14910579,-0.12063535,-0.018829752,0.405078,-0.021476956,-0.18836345,0.4598269,0.47516394,0.5580944,0.27072725,-0.60398364,-0.45921797,-0.31794626,0.26592085,-0.03639462,-0.20765604,0.3792619,-0.95274687,0.1928949,1.1004218,0.26553512,-0.018627068,-0.13647579,-1.1408987,0.19587106,0.2028123,0.09172961,-0.047718223,-0.6769734,-0.027589714,0.008109628,-0.053723525,-0.23766556,-0.36450967,0.26907465,0.14604798,-0.28235906,0.18232036,0.22936586
292,negative,-0.09076467,0.12671335,0.16421598,-0.17642055,-0.096219674,-0.18862526,-0.08948254,0.0811602,-0.04662161,0.12088424,-0.012853004,-0.038788565,0.34732404,0.058420565,0.024507042,-0.05352999,-0.094394825,-0.14273053,0.07530413,-0.06101322,0.20345195,0.02700945,-0.15976506,-0.15219505,0.12472242,0.27325642,-0.3114614,-0.14014551,0.025478309,-0.061428934,0.09845264,0.2906831,-0.112754315,-0.045578238,-0.10506128,0.098875865,-0.09397076,0.017834717,0.12848257,-0.044772178,-0.28026736,-0.3770014,-0.080938935,-0.15445638,-0.039750814,0.024228863,-0.020199995,-0.106773555,-0.0186224,-0.599346,0.13604844,0.16513105,0.12735407,0.8457093,-0.1252884,-1.691301,-0.045623858,-0.16242577,1.268021,0.24427491,0.13156827,0.5796068,-0.09785866,0.12538832,0.4737718,0.10952313,0.33006302,0.09640848,-0.012373398,-0.2943896,0.018110562,-0.10670472,0.060095757,-0.16766538,0.2834405,0.0027908718,-0.062680095,0.02375953,-0.42721322,0.18508032,0.4823686,0.0630631,-0.39331487,0.14498211,-0.88794225,-0.21478419,0.091212004,0.0609281,0.017829755,-0.24373296,-0.10477543,-0.046022482,0.0068937954,-0.15186116,-0.24825473,0.1914884,-0.109139256,-0.15975294,0.372092,-0.050711364
294,negative,-0.13558017,0.2548327,0.247617,-0.10805161,-0.27327746,0.011860088,-0.2314006,0.18719894,0.027790105,-0.051502552,0.082854435,0.08154214,0.12962367,0.10054799,0.026190784,-0.18401125,0.0039018565,0.16156912,-0.35854927,0.19983265,0.24672899,0.14055385,0.015404666,-0.12564337,0.05680428,0.14806204,-0.2742153,-0.3821323,0.13509226,-0.22090532,-0.28828624,0.49611738,-0.055589955,-0.05530473,0.17507452,0.20944396,-0.101172194,-0.026498705,0.039877083,-0.13742995,-0.23189197,-0.22363454,0.12716083,-0.35353035,-0.18420176,-0.06434487,0.040804792,-0.24249549,-0.0137050925,-0.80460626,-0.025262767,-0.048011556,-0.060882565,1.0320935,-0.038283687,-2.256245,0.008666586,-0.07338099,1.5133522,0.29004586,-0.09757363,0.5499403,-0.4431736,-0.1398053,0.8250684,0.05695428,0.2448147,0.26900268,-0.17002915,-0.40144563,0.17993711,-0.31468153,-0.18639275,-0.49591616,0.14051579,0.0251027,-0.22614747,0.074097775,-0.48720846,-0.1066136,0.5152153,-0.037738495,-0.50666696,0.0029166108,-1.1724901,-0.10139634,0.12270533,0.04314733,-0.25685164,-0.3822064,-0.04663721,-0.012412439,-0.12193153,-0.027067875,-0.6016432,-0.028416725,0.083680086,-0.07385312,0.46369195,0.31594503
295,neutral,-0.040990785,0.13558748,0.24397244,-0.23622444,-0.1706288,0.13372745,-0.08560599,-0.042886227,-0.08572926,0.038330026,-0.09081084,0.009769501,0.2458824,0.0524639,0.0042698993,-0.12993062,0.19883011,0.0775182,-0.036545347,0.28066,0.31712487,-0.0320833,0.050304018,-0.10451597,0.22454654,0.027680451,-0.30261877,-0.16513865,0.10287986,-0.04984872,-0.13728927,0.45940694,-0.09281648,0.0940624,0.02924102,0.28832582,-0.07832113,0.10717211,0.10055094,-0.049722526,-0.17072374,-0.08059144,0.056584872,-0.2813756,-0.10807376,-0.0032530779,0.105846256,-0.15591033,0.03508712,-0.42281434,-0.072578974,-0.03209037,0.10475875,0.7650418,0.041790158,-1.4057201,-0.022069843,-0.1516782,0.80960304,0.20300518,0.021522088,0.5748558,-0.15499981,0.060205888,0.4698558,-0.11191627,0.14763573,0.14594847,-0.10644857,-0.05804154,-0.09868204,-0.21219212,-0.03553172,-0.20210907,0.19612241,0.11150982,-0.06339014,0.04075418,-0.48157483,0.0519166,0.26508263,-0.048068076,-0.30337092,-0.22560655,-0.9557826,-0.16754183,0.058865923,-0.08541869,-0.22182436,-0.09237012,-0.031191917,-0.20383072,0.115705386,0.015710592,-0.33013374,-0.13233824,-0.11752721,-0.150787,0.2177127,0.039463926
296,negative,-0.07554524,0.11517744,0.30878207,-0.055089276,-0.1709712,-0.2757471,-0.037131038,0.109489694,0.061780836,0.04170909,0.118991084,-0.16139048,0.13775133,-0.062051065,-0.059855524,-0.13648279,0.21925958,0.2549067,-0.20044535,0.33192196,0.15350807,-0.17297702,0.048924655,0.09150959,0.11061299,0.040910944,-0.12760404,-0.21019088,0.019693637,-0.20250116,-0.055244267,0.50763196,-0.046213616,-0.1407796,-0.1046879,0.19638951,-0.02262945,-0.09558083,-0.076420054,-0.23867765,-0.059366442,-0.106487006,0.16320148,-0.318909,-0.17976967,0.06017715,0.026417634,-0.20988166,-0.07912704,-0.5177834,-0.05268836,-0.027368844,-0.06307546,0.56357116,0.073525354,-1.3661842,-0.023807412,-0.015250933,1.021757,0.2998777,0.120777056,0.23987728,-0.3010168,0.04612003,0.34649992,0.059588138,0.07649239,0.44321993,-0.10520912,-0.2458059,0.058064103,-0.10613362,-0.12123814,-0.20753197,0.16374183,-0.058866832,-0.132199,0.03335571,-0.58708847,0.030653113,0.45842996,-0.038776312,-0.2929546,0.10348762,-0.909733,-0.17883985,0.015307111,0.13165247,-0.12780009,-0.28327233,-0.029082006,0.028463332,0.05329769,-0.023908364,-0.23285104,0.074467726,0.098557316,-0.12968759,0.5006176,-0.14511155
298,negative,-0.06544523,0.092018746,0.24525419,-0.19865027,0.05546337,0.23695725,-0.2603746,-0.07734497,0.07537866,-0.056274477,0.13055839,-0.006974278,0.13614248,0.007919216,-0.017555846,-0.14665645,0.17161381,0.13358553,-0.38615727,0.274241,0.17936832,-0.01226575,0.13269764,-0.026432455,0.039027512,-0.05830689,-0.08466473,-0.30600992,0.09874516,-0.13221781,0.12440408,0.41757035,-0.19881667,0.098707356,-0.0518373,0.13105848,-0.06725404,-0.0835468,0.12389004,-0.06297336,-0.30332312,-0.061410863,0.0005180542,-0.18867722,-0.14502622,-0.11476661,0.14849882,-0.1457648,-0.005777352,-0.6133282,0.1784351,0.0037484223,0.034245834,0.76608366,-0.04141655,-1.7401906,-0.08808556,-0.11470648,1.3220474,0.23783696,-0.24461178,0.56801254,-0.13708305,-0.04085316,0.5935823,-0.048006035,0.2916754,0.26627323,0.038534652,-0.04227484,0.030663678,-0.10484685,-0.17207372,-0.4506963,0.087018915,0.005167568,-0.12585603,0.0013927019,-0.5645012,0.052147426,0.39571542,-0.029521298,-0.23360582,-0.0989134,-1.138402,-0.18242663,-0.013613046,0.066055536,-0.15817232,-0.2638613,0.063007556,-0.061197262,-0.09482613,0.034515403,-0.2784686,-0.009142192,-0.03967039,-0.17091437,0.30979934,0.14654142
299,neutral,-0.07918622,0.24217096,0.37216666,0.10432789,0.23474613,-0.75944704,-0.3330148,0.04007574,0.10924674,0.18166165,-0.025928872,-0.22423059,0.25195825,0.27397698,-0.10970187,-0.05537398,0.2557355,-0.30313486,-0.55478656,-0.080308504,0.12492002,0.035607874,0.23206371,0.21163385,-0.15789935,-0.08219177,-0.10829759,0.11820398,0.28870773,0.082891725,-0.19395648,0.45087028,-0.18170762,0.114313975,0.013734014,0.119209714,0.26262748,-0.01788184,-0.18430714,-0.055581085,-0.57476205,-0.30881494,-0.09626711,-0.06690542,-0.009341499,-0.24715972,0.25344324,-0.041011274,-0.0081741875,-0.5040903,0.25132284,0.030967968,-0.04604938,0.8125608,-0.051751714,-1.819513,0.08763182,-0.42715904,1.5305009,0.19628258,-0.031330336,0.22113666,-0.08335258,0.22918366,0.3789062,0.13364,-0.013750088,0.38069338,0.1619465,0.2770995,0.25031745,-0.12257957,-0.15616576,-0.22039026,0.30651712,0.1911264,0.05577762,0.16139826,-0.8816189,0.064352185,0.6719981,0.18794397,-0.34838426,0.1378457,-1.0511528,0.11240613,0.19572875,0.026733004,0.053029135,-0.26892704,0.34819123,-0.12561353,-0.109281674,0.022943985,-0.4198491,0.106865086,-0.1607295,-0.49426827,0.43638748,0.090743504
300,negative,-0.065270945,0.044261698,0.24419732,-0.28048503,-0.14557508,0.094651744,-0.15277195,0.18495333,0.22423099,0.23399907,0.03872246,0.18260533,0.2651841,0.016778335,-0.005605902,-0.09128318,-0.06335462,0.031232977,-0.26012185,0.056115262,0.39436582,-0.27532253,0.09167407,-0.24446784,-0.0763462,0.020132853,-0.29639083,-0.270156,0.059945483,0.033396322,0.083362326,0.28335416,-0.2348584,0.07332644,0.06342421,0.07690541,0.019565148,0.009352607,0.33897728,-0.007969129,-0.22469124,-0.20261468,0.20511335,-0.24619095,-0.11027706,-0.090557344,0.14227967,-0.002499974,-0.097303756,-0.73383343,0.22737321,-0.08055349,-0.024395877,0.9432234,-0.049458336,-1.6340876,-0.0724897,0.25486308,1.4008034,0.20408286,-0.07510222,0.60940456,-0.15113251,0.26599488,0.47519508,3.150796e-06,0.17994347,0.024800722,0.032945763,0.041221708,0.0034283793,-0.41082615,-0.03662628,-0.36043003,0.15252036,0.17244565,0.24508627,0.021902448,-0.7306019,-0.08571603,0.599357,-0.081568286,-0.3590361,0.0095482385,-0.9507152,-0.21894895,0.113128915,0.06424024,-0.17455955,-0.20775662,0.14684567,-0.04545703,-0.12426967,-0.06937894,-0.2613181,0.14225632,-0.069804564,-0.07326982,0.3536234,-0.042779494
301,neutral,-0.07748448,0.19168054,0.23664239,-0.19245811,-0.24256389,0.05514238,-0.22010578,0.11062041,-0.0047696214,-0.03495897,0.004577999,0.0929518,0.14778802,0.0932649,0.06072629,-0.18129358,0.05114483,0.15023291,-0.32419696,0.18838345,0.25635058,0.11205521,0.00034784852,-0.18158615,0.12238091,0.11025857,-0.28314352,-0.29521343,0.13746434,-0.18067276,-0.27197412,0.47494552,-0.008925754,-0.07818358,0.07879785,0.20406084,-0.11704072,-0.03970618,0.09466483,-0.109912716,-0.18582894,-0.121881634,0.1412825,-0.33313742,-0.21971309,-0.06030672,0.0890423,-0.2646222,-0.01094035,-0.69124264,-0.008102883,-0.048614338,0.022246046,0.9185811,-0.03586898,-2.0074358,-0.0006358447,-0.10427152,1.2099108,0.21374154,0.029626295,0.5874647,-0.33753484,-0.114804246,0.7793757,-0.0015834846,0.28856438,0.25680152,-0.15407702,-0.3383113,0.14777309,-0.22599359,-0.12301265,-0.42143193,0.12873699,0.06636903,-0.1783829,0.06511635,-0.47965556,-0.09849727,0.41518745,-0.016117968,-0.39189252,-0.020433707,-1.1180971,-0.08311816,0.070420414,0.039626792,-0.26007763,-0.36329114,-0.02217127,-0.050416406,-0.015058508,-0.012060643,-0.5059878,-0.04780464,0.026183434,-0.14798132,0.35303667,0.31297198
302,neutral,-0.07516679,0.14171457,0.28503123,-0.09231939,-0.16349693,-0.09720191,-0.047030035,0.042010278,-0.024678491,0.05617294,0.038088217,-0.100024186,0.20430505,-0.017712943,-0.048788946,-0.1465183,0.21805155,0.15860079,-0.11497319,0.31416023,0.23686212,-0.11196437,0.08006371,0.043360908,0.14402424,0.02460328,-0.21658629,-0.2206824,0.082116015,-0.13963152,-0.08299451,0.499496,-0.11382808,0.0025227114,-0.0017651075,0.239338,-0.035445817,0.024791144,-0.013835423,-0.14417547,-0.12902552,-0.1401894,0.10522775,-0.32013643,-0.08591029,0.028168997,0.047771618,-0.15115736,-0.024271766,-0.4896523,-0.07331199,-0.049310718,-0.0027240347,0.6972519,0.07515194,-1.446034,-0.0505921,-0.07852659,1.0447224,0.28819972,0.02702894,0.37384588,-0.22461946,0.056288842,0.3819145,-0.015962247,0.059794687,0.2952721,-0.09805634,-0.13039325,-0.055838432,-0.17414084,-0.09249147,-0.20195061,0.1995424,0.0057413424,-0.11374703,0.03756245,-0.5556208,0.06228631,0.38304847,-0.036865797,-0.32881442,-0.060700305,-0.9429711,-0.21208653,0.06652062,-0.011383985,-0.16963224,-0.18117973,-0.036915187,-0.11351801,0.056624427,0.010255326,-0.31982288,-0.015651518,-0.02165498,-0.12825918,0.4066779,-0.113158956
303,neutral,0.07779172,-0.034709357,0.15068163,-0.37890688,0.05663071,0.26397985,-0.1679612,0.20579827,0.22214752,0.020830149,-0.05536435,-0.015166739,0.039011627,0.19798954,-0.011459226,-0.18531804,0.025910268,0.15577249,-0.20383218,0.2515694,0.081747316,0.032901414,0.010195888,0.06292958,0.1432827,0.05037013,-0.15934783,-0.101541825,0.39717942,-0.11210757,0.023274966,0.32300723,0.081596404,0.07119863,0.3074951,0.060269658,-0.05462659,-0.009301177,0.09887151,-0.046801843,-0.30645788,0.061847303,-0.10184899,-0.18324307,0.019305691,0.019080225,0.29305366,-0.17845455,-0.0023486344,-0.5127221,-0.042003315,0.2748784,0.14584583,0.58505064,-0.13646032,-1.474212,-0.051194925,-0.13054153,0.7915709,0.33969697,0.025159677,0.56155336,-0.301776,-0.22329141,0.34119463,0.17007479,0.27950093,0.0498424,-0.15376271,-0.10085764,0.14734739,-0.20860812,0.13089558,-0.14471962,-0.019841842,0.33731657,0.11723805,-0.040669683,-0.40819308,-0.010233233,0.42698056,-0.26676163,-0.24344574,-0.061739888,-0.88836557,-0.22594436,0.051213797,0.1293,0.12747431,-0.11830079,-0.010186745,0.20644085,-0.04053037,0.034635462,-0.28415173,-0.107980296,-0.11080153,-0.06507892,0.21495458,0.021519285
305,neutral,-0.13457213,-0.22498487,0.1721155,-0.28791773,0.21723945,0.09304267,-0.20737767,0.1538968,0.27632686,0.049911216,0.18582731,-0.07214907,0.057518966,-0.014846606,0.06570607,-0.32986018,0.13661358,-0.14544784,-0.18158723,-0.07590796,0.15355174,0.14241265,0.1133391,-0.007485695,-0.0021193854,-0.119066514,-0.06880436,-0.16121769,0.29222116,-0.014765007,-0.07864039,0.31343704,-0.016465155,0.22829047,0.27108145,0.123735584,0.042676162,-0.039881323,0.0112209,-0.19019748,-0.10948969,-0.20295699,-0.14797638,-0.21508148,0.004769066,0.011641676,0.1627422,0.03793687,0.029428668,-0.46426654,0.001740768,0.095959194,0.12710391,0.5561892,0.06814872,-1.3160702,-0.070726745,-0.1775903,1.0084202,0.28613445,-0.09996402,0.41073093,0.05601619,-0.008962344,0.38130048,0.15172535,0.08220624,-0.06022528,0.034060996,-0.12869361,-0.03806056,-0.323592,0.044816226,-0.34122226,-0.008466312,0.095414184,0.17000946,-0.022099843,-0.23056872,0.020979498,0.5508011,-0.07354899,-0.2511558,0.0502809,-0.5129439,0.046241377,0.18206371,0.14615746,-0.013564571,-0.060182285,-0.0719792,0.2239345,-0.0025837093,-0.10649115,-0.17958166,-0.10097303,-0.047541346,0.110099524,0.32125765,-0.049139004
306,neutral,-0.003812336,0.19945955,0.07902673,0.061656397,0.029148487,-0.30573535,-0.26432732,-0.52589494,-0.13950178,0.35754466,-0.03251889,-0.48701426,0.2096028,0.32578906,0.0069819894,0.4209006,0.16099611,-0.31368512,-0.405213,-0.36597446,0.09617302,-0.20470555,0.10589576,-0.10816494,-0.18472546,0.089200996,0.025186723,0.008379218,0.115273915,-0.017050901,0.20503306,0.2146649,-0.012524405,0.033729736,-0.0041002515,0.022308722,0.2778954,-0.16798122,-0.014195479,-0.087150395,-0.6645273,0.15037405,0.29195836,-0.0013338552,0.4355623,-0.18741818,0.40927076,-0.112448536,-0.38435397,-0.3462323,0.19635983,0.33333218,0.37399575,0.98991257,-0.013602354,-1.5199959,0.41777384,-0.27438614,1.2047027,0.20709948,-0.12521236,0.22502986,0.0037895911,-0.34052974,0.5974226,-0.077243485,-0.018661072,0.36802927,0.21020041,0.5137825,0.06339075,-0.62378544,-0.37149554,-0.2046744,-0.024906697,-0.38538,-0.07635203,0.20230457,-0.7130589,0.25515866,0.61574775,0.23080528,-0.20974118,0.27520263,-1.0677851,-0.03589065,0.05971311,0.32073247,0.19831358,-0.47795948,-0.19995229,0.10315732,0.20727767,0.30337313,0.027202535,0.046585836,0.18481404,-0.1970529,0.48456424,0.29684722
307,negative,-0.07356157,0.20063479,0.098274425,-0.1949583,-0.03998339,0.43071494,-0.1481465,0.22392371,-0.17752953,0.14418155,-0.01746163,0.07001766,0.30074608,0.114573926,-0.037905626,0.02299492,0.268632,0.06565142,-0.22141133,-0.071429096,0.13740051,-0.28221697,0.06930019,0.059659965,0.29595134,0.07309918,-0.22098339,-0.24443975,0.21264048,-0.033030808,0.16421087,0.046213035,-0.019649373,0.08833085,-0.01727872,-0.07251354,-0.009921177,0.09090092,0.038371306,0.024479302,-0.25149742,-0.27017513,0.17536046,-0.2027884,-0.06979022,-0.091101944,-0.012361843,-0.06020087,-0.12500079,-0.49014854,0.12822242,-0.06735748,0.21156783,0.9087972,-0.10178034,-1.6132295,-0.21741633,0.074679956,1.0738609,0.2791412,-0.048324183,0.5992638,-0.047864717,-0.031375546,0.41570368,-0.044210933,0.25383568,0.2096356,-0.121663906,-0.15722683,0.042830344,-0.05842922,-0.057314098,-0.19187552,0.21893854,0.30391285,-0.0008110143,-0.12066428,-0.3597167,-0.095321916,0.39940485,-0.103744775,-0.054200128,0.008867162,-0.864451,-0.36440542,0.028849846,-0.017955504,0.08415756,-0.10342149,0.023726024,-0.09459116,0.06722621,0.14178288,-0.32419884,-0.092447236,-0.048794724,-0.1722158,0.34764764,-0.01653016
308,negative,-0.0011134021,-0.04712816,0.39161113,-0.047250737,0.11748972,-0.26413247,-0.28837398,-0.025631811,0.015236386,0.20352843,0.1505611,-0.049039055,0.19737056,-0.13535401,-0.07157212,-0.06328953,0.07948912,0.004872757,-0.3845149,-0.010118439,0.10725319,-0.1879092,0.15705921,-0.021049336,-0.29007933,-0.16152531,-0.12966274,-0.29559484,0.13489573,-0.14252652,0.061447322,0.43863788,-0.19650716,0.064769775,0.06894377,0.1642224,-0.028560445,0.0940573,-0.40827852,-0.16721946,-0.56898785,-0.10621487,0.50200313,-0.10282226,0.09193826,-0.3060634,0.16611134,-0.27914327,-0.20337686,-0.6789589,0.25209585,-0.054336987,0.01410204,0.93812495,0.08953052,-1.8927674,-0.010772956,-0.10895842,1.2482997,0.2596732,-0.27498326,0.07706658,-0.17328875,-0.22304931,0.7053584,-0.03287109,0.061910503,0.4810457,-0.114573,-0.031122945,0.15672594,-0.1951239,-0.23716447,-0.48861793,0.010110432,-0.14567812,-0.23401646,-0.03784765,-0.809336,0.05121796,0.5479896,-0.08918869,-0.1785808,-0.09011904,-1.0948274,-0.12088945,-0.0114186155,0.18149965,0.14974612,-0.28913483,-0.072683804,-0.07242596,-0.19911192,0.09290347,-0.56984764,-0.0763598,-0.065188326,-0.03541073,0.40498978,-0.066191085
309,neutral,-0.1690295,0.1153604,0.27534986,-0.06697839,0.13137925,-0.53385425,-0.18240696,-0.07990142,-0.045195945,0.64737463,0.30148324,-0.52273214,0.1581362,0.19024278,0.23223633,-0.10901739,0.16448893,-0.18795553,-0.10888634,0.16233143,0.11888626,-0.10544096,0.060554747,0.14892645,0.10679139,-0.18393704,0.15275458,0.20500945,0.0527234,0.21109161,0.017086353,0.40879473,0.003510731,0.44666845,0.29623306,0.26751468,0.06240052,0.056192387,-0.09816644,-0.022847082,-0.26111156,-0.21512882,0.2616757,0.14332548,0.24845241,-0.22393101,0.2309599,0.10565836,-0.03780456,-0.6572756,-0.059445452,0.5166724,0.17548487,0.945297,-0.13167815,-1.748143,-0.09969655,-0.17362797,1.4752438,0.36403546,0.02173639,0.38063407,0.34030777,-0.08604927,0.30217746,0.2894279,-0.0027198931,0.09299924,-0.347867,0.2677313,0.19491582,-0.40405005,0.01265474,-0.28807923,0.13422848,0.0014596579,0.33585063,0.22044748,-0.4641262,0.30526397,0.71204954,0.096835926,-0.2370765,-0.06469336,-0.67939353,0.11248614,0.37242517,0.12608281,0.09387248,-0.20855641,-0.073845886,0.16191857,-0.05077514,-0.27257442,-0.5195533,0.28572884,-0.14972705,-0.1835503,0.36217815,-0.095823824
310,neutral,-0.009983753,-0.09862559,0.08884539,-0.11447867,0.16967757,0.34526548,-0.0348319,-0.12099436,0.11024345,0.1799741,0.22296007,-0.23894326,0.029704029,0.0021263282,-0.30714765,-0.2067861,0.13946746,-0.17863995,-0.0037638827,0.40542576,-0.13070607,-0.12991838,0.14945836,0.049443007,0.19863106,-0.2388218,0.05503107,-0.026604367,0.2035191,0.028132556,-0.20777261,0.25790343,-0.19570778,0.41621187,0.12902758,-0.11129173,0.12440424,0.18864922,0.046419255,-0.45890552,0.06892306,-0.09892163,-0.08974762,0.076920934,-0.010673402,-0.17400958,0.18043889,-0.12112206,0.23630467,-0.11287985,-0.096745506,0.30273297,0.23381358,0.37105516,-0.34805745,-1.3556608,-0.15980615,0.03727497,0.61817133,0.27081525,0.10129068,0.4435291,-0.2600137,-0.1916633,0.19444655,0.19917561,-0.14566137,0.08997961,0.017751819,0.06665814,-0.2061209,-0.062333014,0.0142512,-0.05529916,0.06376677,0.12091101,0.08226157,-0.09204969,-0.32955986,-0.20486467,0.13531268,-0.33090198,-0.07835243,-0.12218435,-0.44550025,0.119983524,-0.13961998,-0.165411,0.15767506,0.08615927,0.042268645,0.06283973,-0.015794048,0.021561503,-0.22671708,0.0926873,-0.24252771,-0.0023332387,0.39137825,-0.13913074
311,negative,-0.14197855,0.21761873,0.119980134,0.108817935,0.06640694,0.06419267,-0.3556794,-0.11891146,0.29478866,0.53632396,-0.19543427,0.06213777,0.41207072,-0.0002346465,-0.065428495,0.121869564,-0.013917865,-0.30808187,-0.60776794,-0.051240314,0.41948915,-0.1277654,0.13581547,-0.10456716,-0.13674557,0.014774849,-0.2273305,-0.12487807,0.2597484,0.13342562,0.0687504,0.16170332,0.02366741,-0.06681106,0.3596856,0.009732638,0.21039124,0.053022046,-0.08146911,-0.017318282,-0.5161708,-0.020753613,0.25687087,0.04955248,0.22275044,-0.23598509,0.059278395,-0.119803704,-0.16044253,-0.36463004,-0.05254,0.33947483,0.21490847,1.1217359,-0.10217087,-1.4848124,0.049030796,-0.3674074,1.4768751,0.22197068,0.006668291,0.0927763,0.13339297,-0.037863955,0.68483275,0.15499586,-0.0913481,0.23935156,-0.31698078,0.077474155,0.12995195,-0.45881194,-0.22746354,-0.47268584,0.03964231,0.043973185,-0.028135173,0.3122275,-0.89318264,0.15197253,0.5263742,0.004459167,-0.21491931,0.13908845,-0.80047375,0.0077865957,0.27296448,0.2149154,0.18692666,-0.2949027,-0.1436339,0.055008497,-0.3259739,0.12868746,-0.65268767,0.088708684,-0.19574341,0.001621689,0.40843204,0.12765642
312,negative,0.029822037,0.16994812,-0.01152317,-0.35908946,0.060376313,-0.17189468,-0.120344914,-0.10762883,0.011588281,0.09040481,0.08548979,-0.35724974,0.31785202,-0.13706966,-0.17861809,-0.2844715,0.26001677,-0.28325105,-0.3072069,0.08690168,0.026996223,-0.05957362,0.1372418,0.1443771,0.025386719,-0.30531493,-0.006116248,-0.14884558,0.2148235,0.07593938,0.090635225,0.39912775,-0.08615697,-0.22766185,0.17880493,0.16462563,-0.065847635,0.12423301,0.02063269,0.10617366,-0.54430115,0.03482446,0.09483189,-0.15880662,-0.038636737,-0.21001285,-0.11039892,-0.2917772,0.05962843,-0.6974269,0.14705184,-0.046277583,0.20695123,0.82380193,-0.039917685,-1.6301144,0.00796879,-0.6054401,0.95963806,0.30331135,-0.019155234,0.4476333,-0.14017029,-0.2828524,0.44668248,0.025154142,0.23924038,0.4538347,0.072134934,0.15772259,0.16012204,-0.2448707,-0.50185317,-0.34498414,-0.113166474,-0.030080348,-0.05748666,0.032841768,-0.85028124,-0.07466455,0.8429624,0.3205177,-0.12862857,0.11247142,-0.9134309,-0.17881902,0.12035029,0.111569226,-0.064619586,-0.39470428,0.032616645,0.02229001,0.07228182,-0.16703412,-0.5023189,0.09948596,0.13346134,0.19525456,0.2575224,0.07475818
313,neutral,-0.24518527,-0.057580695,0.37305987,-0.01660739,-0.32628655,-0.16114372,-0.18228677,0.08319386,-0.15136993,0.053047013,0.09424739,0.23719868,0.26154327,-0.06893278,-0.049799174,-0.22511947,0.13221478,0.12987806,-0.26657584,-0.036329433,0.053827863,0.0039116233,-0.023196997,-0.08793396,0.0118359625,-0.082944736,-0.24847236,-0.3561532,0.050832015,-0.27435377,-0.3292526,0.027220184,-0.1332499,0.021999437,-0.16190329,0.24233639,0.09624212,-0.09912515,0.119912654,-0.026941892,-0.4629394,-0.27353436,0.21761519,0.024782285,0.08769096,-0.22012179,0.093959734,-0.21147615,-0.17221726,-0.77409613,0.20105362,0.009532531,0.007840922,0.9314179,-0.080700226,-1.8362408,0.29493433,-0.20308462,1.4338202,0.3612707,-0.07758755,0.38157004,-0.020156672,-0.28897557,0.6833072,0.049504727,-0.07193247,0.2786202,-0.037257813,-0.34035778,0.09454059,-0.5129715,-0.31137404,-0.30346715,0.16326717,0.150356,-0.04268406,0.07663283,-0.5302863,-0.07235906,0.64163977,-0.14922188,-0.19359261,0.35028136,-1.1331799,0.18717761,0.33163133,-0.026949055,-0.045551527,-0.15723939,-0.13872771,0.09009967,-0.06123282,-0.1963482,-0.45431134,0.07452559,0.2747055,-0.038224895,0.27742547,0.3687084
314,neutral,0.041907296,0.14050975,-0.00015335779,-0.303933,0.18803012,0.04078538,-0.12801237,-0.100031555,-0.14127573,-0.06310267,0.036019295,-0.12772803,0.18267326,0.1769718,-0.06736316,-0.096178114,0.18603206,0.08057914,-0.30983043,0.22159012,0.14439055,-0.18743692,0.23684254,0.033273235,0.23725164,-0.0922438,0.04966466,-0.27121967,0.09119783,-0.1601969,0.02620006,0.31288347,-0.05500504,-0.03905563,-0.029589847,0.18041788,0.006639154,0.13491927,0.024342868,0.0024095618,-0.15794824,-0.15282695,-0.021815317,-0.12312477,-0.21606165,-0.15017489,0.15887909,-0.116801135,0.035466503,-0.4475241,-0.023466542,-0.0116105685,0.03245891,0.62669694,-0.10881158,-1.7036084,-0.08593536,0.040043958,0.98965883,0.40054598,-0.22985311,0.36369902,-0.14432192,-0.11245159,0.49607682,-0.022573145,0.21081729,0.4275377,0.2160412,0.10300416,0.055489473,-0.26971886,-0.27180785,-0.18866947,0.13958187,-0.04100788,-0.030279467,-0.06994982,-0.6396248,0.16684268,0.32921654,0.05218707,-0.124697454,0.15238248,-1.0204983,-0.32611328,-0.32415602,-0.09440352,-0.08454467,-0.1640249,0.0029486916,-0.13706768,0.19748937,-0.090126246,-0.28967685,-0.08684538,-0.11021496,-0.13672298,0.23356141,0.00019560389
315,negative,-0.30292115,0.12205633,0.15155888,-0.068869814,-0.15432368,-0.016119897,-0.072353296,0.11324089,0.10098159,0.33954805,0.23591423,-0.038270578,0.015247303,0.042617053,0.093801394,-0.03404872,0.1531433,-0.050039575,-0.2596137,0.18913646,0.29441163,-0.21287684,-0.009607026,-0.06724982,0.028283007,-0.04291414,-0.06920058,-0.053286325,-0.003879647,0.013060807,0.018771514,0.1303603,-0.15999053,0.048514426,-0.020502623,0.019771246,-0.012250168,-0.14467396,0.16122432,0.03406803,-0.18968421,-0.16926298,0.071462974,-0.10228176,0.094234735,-0.056410674,0.100747555,-0.042879444,-0.12779711,-0.54140645,0.17684862,0.07956114,0.05224281,0.7773515,0.04283392,-1.28425,-0.014646819,0.032372173,1.1189514,0.10909893,-0.007872805,0.41478577,-0.008073492,0.17655179,0.3083792,0.03745751,0.034036912,0.06696373,0.117288716,0.034177147,0.10524487,-0.3190326,0.057294417,-0.26476395,0.12874144,0.027389964,0.15477902,0.1007587,-0.6554919,-0.045836013,0.5421363,0.021656714,-0.24493665,0.011971667,-0.7039028,-0.1422531,0.19709592,0.040488705,-0.12177837,-0.122942016,0.13017035,0.014162886,0.026241368,-0.104854144,-0.31724754,0.12495283,-0.063616894,-0.113307245,0.2715828,0.07442788
316,negative,-0.14450133,0.10640737,0.3082701,-0.045373674,-0.105850466,-0.17891942,-0.37185723,0.013004564,0.3926585,0.046143707,0.14757055,-0.039584924,0.19370963,-0.2772474,0.02594567,0.025464958,0.032376584,0.09034275,-0.19650336,0.011260151,0.04198259,-0.10827809,0.1199937,0.12593523,0.057648525,-0.2217624,0.14398725,-0.033523545,-0.13893121,0.022575533,0.14232378,0.4450525,-0.026315542,0.031627767,0.04422052,0.16060236,0.014325663,-0.0956191,0.2900029,-0.35990334,-0.13413818,-0.051394362,-0.124481775,-0.19417474,-0.08070594,0.043710787,0.12759744,-0.25683263,0.0023182584,-0.3267707,0.6113618,0.084431686,-0.1459782,0.61827624,-0.09110158,-1.2232704,-0.059508756,-0.22141343,1.4055632,0.1130844,0.020138388,0.019409692,-0.057418626,-0.13189231,0.5022409,-0.018551612,0.19074368,-0.07407244,0.353726,-0.049499054,-0.09502633,0.022629026,-0.011839173,-0.35633895,0.084998704,-0.033053163,0.0033649267,0.023638332,-0.7342058,0.103353776,0.4212957,-0.08758481,-0.37618795,-0.099470526,-1.1198853,-0.31016034,0.09019101,-0.07393042,-0.22625998,0.018242825,0.11330297,0.3139616,-0.14029466,-0.16393284,-0.10695404,0.20497368,0.21004096,-0.00046462804,0.36317098,0.18737337
317,neutral,-0.012106246,0.1548223,0.10209315,-0.011249273,-0.096591815,0.03624855,-0.2963848,-0.049562536,0.1021105,0.04544279,-0.15197021,-0.010465161,0.27676418,-0.05145211,0.00071273075,-0.1343682,0.025266005,0.026732726,-0.5265702,0.081890166,0.22546268,-0.04428415,0.25222158,0.0035016825,0.04377426,-0.05300323,-0.08583671,-0.2436389,-0.016650638,-0.014411686,-8.085751e-05,0.030205647,-0.12805338,0.19631578,-0.12658535,0.050342277,0.21461026,0.2607672,0.0012504624,-0.019008396,-0.687587,-0.110589206,0.08733606,-0.24188358,0.23978917,-0.12473745,0.10038475,-0.16053751,-0.28993523,-0.524053,0.39223912,-0.022323119,-0.068452045,0.90684074,-0.10815844,-1.727562,0.10146663,-0.37956333,1.6643983,0.3912696,-0.011656428,0.3438793,-0.19227387,-0.07286928,0.65653276,-0.0016906253,-0.15230426,0.14295788,0.1332448,0.076388165,0.08766382,-0.4172829,-0.24191178,-0.30016539,0.3361066,0.04889519,-0.15241116,0.12934561,-0.83306295,0.06881712,0.7098811,-0.0098585235,-0.1681842,0.12327774,-1.0608418,-0.08075682,0.16960795,0.05267374,-0.035066288,-0.42188245,-0.023117783,-0.14863239,-0.21686734,-0.05762622,-0.38168287,0.27023286,-0.002443269,-0.110163994,0.46774024,0.04041892
318,neutral,-0.12927713,0.2654652,0.42313448,-0.16008294,-0.32244048,-0.013662931,-0.5468867,-0.32912797,0.058652036,-0.050820656,-0.15930848,-0.07670619,0.45241508,0.15637904,0.030693606,-0.17605975,-0.026826626,0.34061316,-0.61893106,0.1975864,0.46830228,-0.1571987,0.039051678,-0.056775462,0.22526203,0.21871227,-0.50392896,-0.22250187,0.34498584,-0.06652356,-0.19747129,0.31618983,0.020127058,-0.06751552,0.13894033,0.2051665,-0.049296245,0.3634818,-0.24618363,-0.32142338,-0.24506588,0.08555054,0.2179818,-0.51371807,-0.3786162,-0.20164354,0.27411664,-0.23564962,-0.35201886,-0.72376084,0.14219207,0.32514516,-0.042914573,1.0842795,-0.19911197,-2.0510542,0.32544976,-0.08075205,1.4833853,0.50857735,-0.08249425,0.60629433,-0.25562745,-0.288872,0.8215195,0.035278067,0.51611334,0.12371271,-0.31539127,-0.23039196,0.15520911,-0.28828257,-0.26566955,-0.41201997,0.6345485,0.23772484,-0.40482312,0.019645113,-0.46565244,0.30162704,0.43323654,0.4286689,-0.3880392,0.10167462,-1.2195281,0.021869393,-0.045000073,0.035058044,-0.15128456,-0.64431703,-0.17668223,-0.3332041,-0.11511745,-0.08420969,-0.6550693,-0.076427355,0.03272438,-0.23863587,0.21406397,0.21775523
319,neutral,-0.17302819,0.11187248,0.3269631,-0.05570519,-0.09098624,0.081959724,0.19787449,0.004651819,0.07433674,-0.02069177,0.14534144,0.18142676,0.035242762,0.0008798765,-0.056277994,-0.044947755,0.30144873,0.1134533,-0.112195835,0.25435814,0.25941536,-0.29920912,0.21172357,-0.026097687,-0.053839937,-0.07381163,-0.25591275,-0.05989341,-0.18508522,0.042065382,0.047598843,-0.035043858,-0.045107678,0.029910017,-0.18683602,0.015441123,-0.07929774,-0.10404791,0.19091323,-0.019757379,-0.20050703,-0.16829047,-0.051789716,-0.35879567,-0.069086336,-0.107966475,0.10505606,-0.40661207,0.14942217,-0.65741676,0.3156573,-0.11274742,0.23165908,0.50481933,-0.10990481,-1.3382562,-0.026062535,0.015832575,0.898332,0.37340662,-0.15574872,0.4296015,-0.05331296,0.022299264,0.55501693,-0.2373813,0.14289518,0.16223626,0.13371839,-0.02100227,-0.1911377,0.15253522,-0.0862461,-0.13862278,0.39325443,0.10080848,0.031605348,0.023319513,-0.5005275,-0.29380065,0.4153382,0.22385345,-0.16634274,-0.14646365,-0.7133464,-0.23062481,-0.023659946,-0.11335217,-0.056187198,-0.21552645,-0.023906607,-0.07674584,-0.13854821,-0.07469379,0.04371757,0.14890562,0.26650637,-0.09807525,0.08460154,-0.06877725
320,neutral,-0.17302819,0.11187248,0.3269631,-0.05570519,-0.09098624,0.081959724,0.19787449,0.004651819,0.07433674,-0.02069177,0.14534144,0.18142676,0.035242762,0.0008798765,-0.056277994,-0.044947755,0.30144873,0.1134533,-0.112195835,0.25435814,0.25941536,-0.29920912,0.21172357,-0.026097687,-0.053839937,-0.07381163,-0.25591275,-0.05989341,-0.18508522,0.042065382,0.047598843,-0.035043858,-0.045107678,0.029910017,-0.18683602,0.015441123,-0.07929774,-0.10404791,0.19091323,-0.019757379,-0.20050703,-0.16829047,-0.051789716,-0.35879567,-0.069086336,-0.107966475,0.10505606,-0.40661207,0.14942217,-0.65741676,0.3156573,-0.11274742,0.23165908,0.50481933,-0.10990481,-1.3382562,-0.026062535,0.015832575,0.898332,0.37340662,-0.15574872,0.4296015,-0.05331296,0.022299264,0.55501693,-0.2373813,0.14289518,0.16223626,0.13371839,-0.02100227,-0.1911377,0.15253522,-0.0862461,-0.13862278,0.39325443,0.10080848,0.031605348,0.023319513,-0.5005275,-0.29380065,0.4153382,0.22385345,-0.16634274,-0.14646365,-0.7133464,-0.23062481,-0.023659946,-0.11335217,-0.056187198,-0.21552645,-0.023906607,-0.07674584,-0.13854821,-0.07469379,0.04371757,0.14890562,0.26650637,-0.09807525,0.08460154,-0.06877725
321,neutral,-0.13799448,0.18089871,0.37387335,0.31140682,0.07895681,-0.3552223,-0.08549764,-0.09249281,0.091581784,0.2687671,0.08548272,-0.11445841,0.3949345,0.11666875,-0.014544636,-0.010235827,0.12100811,-0.17335367,-0.33836254,-0.017742328,0.20470293,-0.24766552,0.11390887,-0.13989462,-0.18688631,-0.17179084,-0.102490455,-0.083932154,0.23846315,0.06575134,-0.05728445,0.23408154,-0.24616787,-0.0120405,0.1641081,0.09515542,0.22899869,-0.015506868,0.008086553,0.064713515,-0.3597867,-0.13520934,0.20802608,-0.048734263,0.13014716,-0.24999243,0.13585593,-0.18391079,-0.1060293,-0.418588,0.37911007,0.20628193,0.09809084,0.9334957,0.0074959216,-1.7778012,0.15674543,-0.34658542,1.5329454,0.36138308,-0.15835065,0.5524201,-0.02050232,-0.023858007,0.6204917,-0.03026912,-0.061681554,0.24754407,0.0629268,0.14564285,0.032772463,-0.4587693,-0.20404607,-0.36109027,0.25332692,0.0926129,0.057147663,0.03881704,-0.90990055,-0.08412585,0.52763844,-0.0029160955,-0.1209202,0.03300312,-1.1605084,-0.06615911,0.29820225,0.0364404,-0.102220416,-0.2481447,-0.040457882,-0.09049196,-0.11527988,-0.11131808,-0.40930912,0.156726,-0.20671247,-0.1825831,0.41702837,0.14378093
322,neutral,-0.108137935,-0.089988634,0.13990189,-0.1604909,0.15879916,0.0039523854,-0.07026024,0.17036012,0.050438028,-0.021009322,0.090602905,-0.023408758,0.22448257,-0.021828014,0.14033096,-0.13312817,0.080309406,-0.23543513,-0.12663233,0.1274299,0.1354436,-0.09661701,0.18207245,-0.085190125,0.07535401,-0.10665184,-0.03927837,-0.02954448,0.29817587,0.12605485,-0.13891704,0.24307737,-0.081994906,0.2873376,0.24127771,0.043672755,0.036281794,0.095771566,0.019087065,-0.22842655,-0.36626494,-0.10648258,0.04850931,-0.22402605,-0.117606744,-0.20124243,0.09783762,-0.14269994,-0.09892189,-0.47873536,0.061075058,0.34584045,0.18666723,0.69932455,-0.35656562,-1.7555085,-0.10160456,-0.2189987,1.1307387,0.08267075,0.019492595,0.47193748,-0.13481335,-0.33200446,0.46254894,0.27018714,0.09898809,0.09910898,-0.028850297,0.005393691,0.15969291,-0.24936065,0.18591069,-0.23315601,0.10169309,0.07480556,0.070516,-0.03501992,-0.44782257,-0.038018,0.49986902,-0.1018425,-0.32717818,0.14516355,-0.96079344,0.17487158,0.14634171,-0.0506401,0.2841591,-0.10166633,-0.116938695,0.056199472,-0.023112677,0.13621032,-0.38678506,0.025165066,-0.16783692,-0.17647043,0.36839852,0.060468648
323,neutral,-0.11439109,0.11018787,0.38895476,-0.19590934,0.14749771,0.049267363,-0.29971272,0.3240426,-0.11038976,0.005247636,0.10256519,-0.23103897,0.1234094,0.1107532,0.09097655,-0.27379242,-0.005126193,-0.3459854,-0.15576696,-0.05191867,0.1637249,0.21947338,0.36574787,0.030804163,0.23919575,-0.09782997,0.13959564,-0.15706284,0.2108604,-0.049666997,-0.22899222,0.27512747,-0.10114717,0.032119066,0.27279317,0.03317564,-0.007870601,0.17511295,-0.20274168,-0.025475815,-0.30014336,-0.19002585,-0.06640641,-0.20100375,0.116749495,0.10697698,0.4153695,-0.038265616,0.11250817,-0.26630986,-0.27862892,0.47332904,0.13965225,0.4884171,-0.28734866,-1.5862159,-0.24702589,-0.4346064,0.8452409,-0.07362674,-0.059377097,0.33593297,-0.27706853,-0.31325483,0.31834254,0.108545415,-0.15739848,0.059083477,0.20998815,0.037203774,-0.012701923,-0.17241292,0.27287066,-0.28851053,0.11810022,-0.013123287,0.02311053,0.07485404,-0.46925175,0.0668574,0.53992534,-0.12335787,-0.26107362,0.077864304,-0.58061564,-0.0006802489,-0.02691684,-0.045382086,0.21568699,-0.0076114917,-0.12648417,0.0933522,-0.047994807,0.032903038,-0.34519824,0.28353328,-0.23251452,0.0007054937,0.3123611,-0.038780525
325,neutral,-0.119884275,0.28121376,0.36673915,-0.46502838,0.1500576,-0.12472741,0.121628776,-0.07352545,-0.3833533,-0.24374369,0.29107392,0.038822103,-0.17191072,0.0705197,-0.132336,-0.2200302,0.08446863,0.07674224,-0.49867612,0.21664327,0.2552442,0.0794513,0.33344978,0.37783748,0.07981818,0.2089157,-0.13807936,-0.51545,0.33555573,-0.016205592,-0.26827413,0.16115195,0.05902863,0.074707136,0.118446134,0.20838971,-0.037324,0.29141176,-0.25647342,0.045824308,-0.19958879,-0.0787233,0.15376441,0.28257975,-0.082831524,-0.020882072,-0.17612931,-0.3138545,0.2970365,-0.2385356,0.04108245,-0.10907518,-0.10966436,0.2340837,-0.18297982,-1.9449383,-0.21142961,0.032234274,0.53561485,0.53730327,0.11535201,0.7510232,-0.15868632,0.19281076,0.2578179,-0.1459004,0.43849158,0.55132836,-0.07404944,0.13523152,0.020719405,0.015852548,-0.23507714,-0.2371831,0.15095225,-0.07834215,0.02789533,-0.17290264,-0.26850033,-0.109694436,0.38825917,0.11706125,-0.32924363,-0.001349233,-0.72659695,-0.17581862,-0.18748645,-0.092620164,-0.01778752,-0.35133147,-0.11437467,0.15665545,0.11335304,0.25995106,-0.33185768,0.009246333,-0.12633863,-0.2557795,0.091229714,0.08838165
326,negative,-0.28814384,-0.07185399,0.38856095,-0.2915522,-0.042890474,0.22094837,-0.08123755,0.13049266,0.11611559,0.46513408,0.16666764,0.02389824,0.57641536,-0.062494434,0.020427264,-0.03749354,0.2968274,-0.2608934,-0.30894703,0.022651525,0.68015766,-0.3151077,-0.08371516,-0.11668134,0.038679708,0.3546381,-0.31422868,-0.10924523,0.14102904,0.098475665,0.076135516,0.003901054,-0.2846501,-0.10917412,0.037652217,-0.26985377,-0.16552588,0.22321291,0.4991798,0.25615796,-0.477357,-0.034706686,0.14107418,0.12830873,0.21182534,-0.006092023,-0.1029044,0.29882425,-0.33739737,-0.36151823,-0.0431728,0.09909676,0.13343184,0.9886396,0.16443524,-1.4165859,-0.37475258,-0.05907166,1.4922863,0.38294986,0.40524977,0.58349603,0.072454475,0.11086296,0.36858425,0.1876777,0.17349361,-0.07719872,-0.27956274,0.19953002,0.15472566,-0.44090834,0.04495141,-0.3496039,0.2649281,0.092369266,0.38342923,0.118535444,-0.5696114,-0.002101111,0.7748861,0.17908524,-0.30407903,0.023623893,-0.6770399,-0.23491602,0.30208197,0.15964824,-0.009544979,-0.18010391,0.15083736,-0.28259543,0.13098589,-0.06080412,-0.51860756,0.110330924,-0.16299374,-0.07654836,0.4273139,-0.24570453
327,negative,-0.1480289,0.31875563,0.25585434,0.05404568,-0.024146784,-0.08777173,-0.25214857,-0.046046015,0.18251759,0.14336567,-0.097788505,-0.0080884155,0.3868595,0.014703226,-0.04266012,-0.166688,-0.11492245,-0.12734808,-0.3719847,0.036021207,0.32381916,-0.0037445677,0.23219846,-0.14594659,0.07205844,-0.11447858,-0.14162222,-0.18316667,0.18031207,-0.06793994,0.20530792,0.23972285,-0.16006051,-0.032946043,-0.075476415,-0.0070777507,0.037611187,0.06406912,-0.003593299,0.0057793413,-0.56911784,-0.097858906,0.16869774,-0.19601335,0.073254414,-0.13761118,0.32563353,-0.038307644,-0.1640506,-0.6053169,0.19135678,-0.0023657125,0.11644161,1.0272474,0.150157,-1.9141781,0.10231463,-0.28672227,1.3083316,0.338289,-0.03699615,0.45641705,-0.1410458,-0.21226905,0.7372281,0.07801131,0.21767071,0.052076086,0.052451357,-0.05103141,0.17463036,-0.2793683,-0.19363268,-0.12751101,0.1834249,-0.019404912,-0.04461727,0.016513158,-0.69980776,0.07366183,0.6202684,0.16733214,-0.237538,0.099504136,-1.061026,-0.0555356,-0.17281991,-0.016518911,-0.13935235,-0.38117036,-0.020011127,0.048987143,-0.103042856,-0.04052987,-0.48096308,0.09327177,-0.02473544,-0.1269708,0.43489656,0.1708644
328,neutral,-0.09872349,-0.0709014,0.24685612,-0.18407716,0.05888549,0.24314608,-0.11058208,0.15000173,-0.1014675,-0.030900659,0.34221664,-0.03184305,0.016720004,0.0075902785,0.15456326,-0.13722481,-0.15140028,-0.18334724,0.011366164,0.1694218,0.14799085,-0.02358726,-0.023200067,-0.12737091,0.03239003,-0.15891804,0.21460457,-0.05631245,0.28688037,0.15992098,0.05900551,0.272305,-0.08315313,0.33713427,0.08598616,0.04496187,0.01513856,0.021751883,0.27677214,-0.19429141,0.07815333,-0.010310632,0.036754,-0.06304163,-0.18067564,-0.24002363,0.3603312,-0.264945,-0.02995987,-0.4515954,0.0071179797,0.09538193,0.1369173,0.41883484,-0.062426087,-1.4555292,-0.06184202,-0.15325435,0.9009516,0.27681398,0.11340433,0.500627,-0.23059781,-0.104434505,0.43383178,-0.04491084,-0.036768727,-0.09680189,0.04433819,0.1421025,-0.049762312,-0.10464281,0.15921758,-0.28809094,0.15816215,0.12333006,0.22397628,-0.056928262,-0.44076908,-0.24971804,0.21288621,-0.32442868,-0.1820135,-0.15414022,-0.7295478,-0.04731364,0.13320576,0.08146726,0.033442218,0.09923408,-0.06682415,0.11496749,-0.32896626,-0.028419204,-0.1580862,0.11834209,-0.24459347,-0.09898771,0.2840353,0.16310899
329,negative,-0.003860809,0.27796492,0.2843357,-0.123364575,-0.19400607,0.036344163,-0.21502936,0.2447625,0.0077185277,-0.13030653,-0.082733735,0.22863296,0.1387896,0.03651702,0.15292817,-0.14048745,-0.21411939,0.1418401,-0.39863962,0.1808786,0.28447124,-0.17321652,-0.1613044,0.009946386,0.07686065,0.21867336,-0.28565195,-0.30799,0.28537357,-0.20114423,-0.011866111,0.20532773,-0.06858415,-0.03840416,-0.20017149,0.1392271,0.09235851,-0.12075083,0.03170826,-0.20342526,-0.37374783,0.048604883,0.13913064,-0.26615098,-0.046911012,-0.094173744,0.35355735,-0.14022942,-0.17187488,-0.85755074,0.20897245,-0.16023327,0.009768583,0.99860126,-0.022213137,-2.030954,0.07226082,-0.21755548,1.2872756,0.32518613,-0.040751964,0.6391089,-0.18718947,-0.299942,0.71732664,0.24376187,0.18930282,0.045793958,-0.09512289,-0.35410407,0.036470804,-0.35078126,-0.1894528,-0.25683096,0.1519993,0.008554152,-0.20439745,0.005520943,-0.6959468,-0.10822026,0.60659015,-0.11590488,-0.37673283,0.14911933,-1.2950493,-0.10867206,0.18067701,-0.19049962,-0.09130191,-0.15953386,0.04827169,0.048681773,-0.08284057,0.08417835,-0.43639356,-0.02711789,0.21876301,-0.07710944,0.3097092,0.04693407
331,negative,-0.09466519,0.22481932,0.31059623,-0.11008732,0.0736091,0.018829882,-0.20130703,0.16481914,0.21156344,-0.121331505,0.1083939,0.032852046,0.28601176,-0.11112118,0.09098784,-0.26060122,0.03470249,0.15085219,-0.11175687,0.15709831,-0.025206124,0.032413132,0.09918309,-0.21657334,0.08927595,-0.13798214,-0.09471442,-0.10383838,0.016991187,-0.21017511,0.049475092,0.3548609,-0.06798134,-0.1520279,0.051234175,0.23643498,0.004496664,0.033056386,-0.07533826,-0.02231566,-0.25362253,-0.21201806,0.03238077,-0.045904547,0.05008165,-0.08708904,0.25139323,-0.30002218,-0.04283258,-0.61611974,0.3465317,0.012952221,0.010745594,0.75198585,-0.08860109,-1.6287396,0.0019888924,-0.154974,1.6116948,0.3431226,-0.18234377,0.30228698,-0.06600707,-0.12443772,0.63956785,0.1800391,0.28143707,-0.106728345,0.46826503,-0.0807776,0.026931088,-0.29567838,0.031508215,-0.21944651,0.34889436,0.12454933,0.09831643,-0.11485108,-0.4575366,-0.015472008,0.53166866,-0.056902036,-0.27577677,0.0052154716,-1.2120451,-0.005524622,0.08147249,-0.124691494,-0.05265974,-0.13916214,-0.10153846,0.12539427,-0.09832489,-0.17871581,-0.37703708,-0.024815861,0.059323646,-0.082376115,0.48630235,0.23070002
332,negative,-0.113607906,0.08170401,0.41247293,-0.21577282,-0.14072691,-0.07695819,-0.11904043,0.16245931,-0.009775417,0.097548984,0.1926513,-0.06767563,0.12108071,0.082910076,-0.094804145,-0.07102465,0.19208482,0.15591669,-0.30652007,0.13148274,0.31446022,0.024613116,0.08322958,-0.20576581,-0.116509,-0.02485666,-0.18945803,-0.28182492,0.04245133,-0.11286267,-0.16665761,0.3843739,0.004470603,0.02654907,0.11612569,0.23299761,-0.11521256,-0.026611028,0.09018884,-0.14188735,-0.22152546,-0.13158424,0.07773233,-0.18368256,0.067267306,-0.27378455,0.10450333,-0.26073086,-0.034842536,-0.7337178,0.27744472,-0.09445028,-0.012669572,0.84073466,-0.020050002,-1.8286818,0.051236995,0.005830282,1.3440602,0.46283442,-0.086355455,0.5300831,-0.11425711,-0.055520862,0.631955,-0.02076495,0.31639442,0.3880915,-0.009030738,0.12849891,0.18446404,-0.37379092,-0.156993,-0.323418,0.09959777,0.105421536,-0.09999395,0.0753658,-0.5883732,0.00297532,0.40844518,0.015147054,-0.33063617,-0.06107082,-1.176849,-0.11985503,0.09761827,0.035212543,-0.155983,-0.25237948,-0.06560568,-0.14524658,-0.254252,0.05458702,-0.37231627,0.06511145,-0.06818497,-0.047965307,0.35055086,0.117413424
333,neutral,-0.092685774,-0.010258687,0.24628769,0.21466684,-0.39074582,-0.10725076,-0.21922818,0.36166838,0.11736868,-0.09805693,-0.07033829,0.36137372,0.29260862,-0.14435758,0.14617161,-0.7469736,0.45040122,0.5820619,-0.337939,0.16350724,0.16666244,-0.13505779,-0.29595232,-0.027589062,0.0025103847,0.34410283,-0.34552813,-0.111955725,0.31885082,-0.3744573,0.13735843,0.17177111,-0.029635543,0.04708514,0.015897235,0.36370692,0.07471725,-0.08628898,-0.1412077,-0.31239823,-0.487446,0.13518994,0.097110525,-0.26663795,-0.055844188,-0.1189461,-0.29504856,-0.24808136,-0.032840434,-0.6141613,0.1026165,-0.23112862,0.21601048,0.7103284,-0.18953158,-1.6618711,0.18732944,-0.03277404,1.3563198,0.20248817,0.02256296,0.4641857,-0.24690135,-0.43659782,0.46695083,0.15834647,0.24704896,0.5505308,-0.4470376,-0.18331915,0.11886186,-0.20925838,-0.41139746,-0.34382084,-0.04908866,-0.0015861181,-0.17672618,-0.02529206,-0.5593927,0.10730809,0.63380295,-0.24483971,-0.039243173,-0.06332998,-0.7603079,-0.1851366,0.06611954,-0.040032882,0.39684033,-0.18151,-0.120291576,0.09357834,-0.013252722,-0.241988,-0.42258313,-0.08756269,0.11928795,0.1331999,0.17485493,-0.3219055
334,negative,-0.18517953,0.37036648,-0.10566461,0.1338651,0.12891088,-0.024713479,-0.10928926,-0.05321485,0.28840896,0.5062653,-0.13993964,-0.26530588,0.2590962,-0.15088972,-0.060143854,-0.0722235,0.16560099,-0.1862178,-0.6058859,0.15388784,0.19126755,-0.07808991,0.17768003,0.15366556,0.21287307,-0.3890156,-0.15376176,-0.024934294,0.35699674,0.13886161,0.052915916,0.17627154,-0.14921166,0.11665597,0.0811688,-0.02358655,0.30875325,-0.074537955,-0.36383042,-0.066067845,-0.510729,-0.098146915,0.06247313,-0.12451565,0.055311702,-0.17017895,0.2948364,-0.08011179,-0.042802885,-0.24902293,0.2987826,0.20826481,0.08233432,0.9767225,-0.19468305,-1.7116598,-0.04480025,-0.00775636,1.6401129,0.29217046,-0.1391393,0.10979583,0.17645192,-0.3489818,0.94058216,0.23628111,-0.0940089,-0.0084906295,0.29160503,-0.05590874,0.38159424,-0.24210085,-0.24320291,-0.4885077,0.13886787,0.0074496744,0.12589914,0.14944902,-0.8916547,0.15307477,0.59485173,0.10017398,-0.27142784,0.24581568,-0.6564419,0.105262205,0.22288664,-0.07374209,0.08183734,-0.20449929,-0.04505462,0.17069425,0.19666441,0.1825477,-0.24974003,-0.14165656,-0.012685304,-0.26216996,0.65707237,0.28365844
335,negative,-0.01345299,0.26708612,0.31948608,-0.17965148,0.07118695,0.09997808,-0.19357187,0.014210364,-0.11453775,0.06557082,-0.028807586,0.13081436,0.11305988,-0.05397846,-0.016903177,-0.21850383,0.081988335,0.13395762,-0.20087968,0.12045015,0.25868964,0.014403908,0.054060545,-0.20174657,-0.040071882,-0.018177902,-0.19878854,-0.33892554,0.06984987,-0.25668857,0.10721596,0.335133,0.11280239,0.020667542,-0.00861565,0.14046356,-0.008909687,0.009464805,0.026892547,0.022435296,-0.33716628,-0.36439496,0.110473365,-0.207806,-0.036035303,-0.17691457,0.2179919,-0.11233657,-0.17013189,-0.5567771,0.053886384,-0.062417407,0.10253036,0.6924897,-0.12748933,-1.9164084,0.024974825,-0.060698714,1.2244508,0.30070475,-0.2408704,0.55346656,-0.15669079,0.060643286,0.4939911,-0.0044484152,0.14352335,0.14939152,0.0010772086,-0.09790368,0.03850211,-0.20964867,-0.16948107,-0.26279137,0.15175562,0.05427035,-0.025774227,0.04904572,-0.5906054,0.10745173,0.2684115,-0.03611464,-0.13839264,0.005887539,-0.7942435,-0.2549808,0.0458107,0.025981538,0.07019945,-0.25414705,-0.013992883,-0.19313303,-0.0011336375,0.0036417034,-0.51379764,-0.032236826,-0.114625275,-0.093148075,0.37217548,0.077926196
336,negative,-0.09062668,0.056031164,0.035641782,-0.19935118,-0.19890693,0.2853868,-0.04197088,0.15931824,0.17428257,0.2857689,-0.007981996,0.14771225,0.47090942,0.13162787,0.13130768,-0.21338987,-0.08333007,-0.3486442,-1.0145363,0.18973356,0.57556593,-0.25428024,0.17967136,0.31267264,-0.21116973,0.011053716,-0.021203203,-0.18646285,0.033441555,0.29697934,-0.03893184,0.22471985,-0.26410052,0.19370718,-0.29156482,-0.12608132,-0.27693263,0.42797154,-0.26744217,0.21416673,-0.5138633,-0.03829853,0.37110963,-0.1694157,0.44861478,0.048859745,-0.1581372,-0.14211121,-0.29655367,-0.6604137,0.32276392,-0.23533256,-0.023643443,1.0980113,-0.19481769,-1.9410315,-0.3549251,-0.09597338,1.6997663,0.7987543,-0.19702394,0.50259966,0.056588985,-0.10627279,0.31780505,0.3585201,-0.003540304,0.3760378,0.28543276,0.07057035,-0.11939465,-0.5001043,-0.1820461,-0.30798844,0.24372163,0.26025674,0.0442963,0.39984772,-1.1478995,-0.057566192,0.8044521,-0.006146565,-0.331861,-0.03627664,-1.081334,-0.30564967,0.09283622,0.39971355,-0.35590142,-0.18351732,0.7901476,-0.26313108,-0.12623726,0.25057557,-0.86524296,0.58437306,0.025480222,-0.04073104,0.3528173,-0.4709444
337,neutral,-0.117323086,0.05640106,0.2742736,0.032837063,-0.09539089,-0.08338857,0.03387042,0.11198861,-0.07073356,-0.090721875,-0.034686588,-0.007574801,0.18700288,-0.025718471,0.033772837,-0.117202595,0.0808453,-0.17813258,-0.3436032,0.011470334,0.027078131,-0.09480984,0.03831591,-0.15917052,0.04811475,0.2025532,-0.19687852,-0.24332665,0.26338068,-0.11946652,-0.02776696,0.25823975,-0.046546943,-0.010338983,0.047858167,0.2845349,0.1241476,0.028401531,-0.24505258,-0.15270181,-0.33532888,0.035267692,0.3118973,-0.24739423,-0.18245634,-0.081897765,0.020499136,-0.20399345,-0.028945735,-0.6262087,0.04812202,0.027269166,0.011697285,0.7506039,-0.12047736,-1.6574469,-0.04608572,-0.25840566,1.2561902,0.15082884,-0.1494911,0.23360336,-0.22568089,-0.38908935,0.73290324,-0.06726968,0.29701102,0.28380805,-0.119642876,-0.32748288,0.13906439,-0.2894997,-0.34517998,-0.4859443,0.12585609,0.12413549,-0.31822982,-0.006000327,-0.62731564,-0.0947965,0.41564754,-0.114231616,0.003277912,0.07764786,-0.99982536,0.11635784,0.12275047,0.18631782,0.015849682,-0.30895174,-0.09814495,0.04142207,-0.36781707,0.25948098,-0.43844303,0.029267369,0.011819215,-0.12934084,0.47389933,0.22738507
338,negative,-0.15986337,0.1687058,0.2576271,-0.17481472,-0.18496493,0.20156202,-0.12516513,0.07462771,0.12382943,0.2179555,0.044072285,-0.0145403035,0.112448566,0.0005149451,-0.07827265,-0.16647236,-0.00097131036,0.08449966,-0.4047624,0.099626265,0.361219,0.028611941,0.24579103,-0.31432435,0.094102226,0.036314122,-0.38403502,-0.20311032,0.17141001,-0.15149824,0.071330585,0.2879762,-0.08425195,0.021022532,0.074457,0.08785927,0.19755672,-0.040855784,0.1308428,-0.08967407,-0.47265154,-0.08859147,0.092846215,-0.137398,0.11631053,-0.1290117,0.20371115,-0.08360527,-0.34629443,-0.5065025,0.16792962,0.0023267895,0.06125951,0.73661935,-0.12037274,-1.3635311,0.04593229,-0.20874485,1.2322744,0.24195984,-0.18899812,0.33707228,-0.3193528,-0.10525677,0.37960136,0.12161461,0.1750928,0.2895631,-0.07619546,-0.067353435,0.20634998,-0.4855671,0.041595835,-0.10040611,0.13829872,0.0074686143,-0.1821386,0.058419194,-0.51051843,-0.0100180125,0.4910609,-0.059151005,-0.21900803,0.22692801,-0.94467884,-0.1448844,0.14360785,0.08839466,0.00023485103,-0.24335502,-0.16443513,-0.13176902,-0.0018217929,-0.13249016,-0.24804468,0.13020149,-0.23264222,-0.18393525,0.19834886,0.12872237
339,negative,-0.026074637,0.27053598,0.36413977,-0.40633267,-0.17108311,0.19373822,-0.14079535,-0.003972472,0.1326445,-0.043707173,0.10401223,0.06582254,0.09103558,-0.09664089,0.0019451898,0.042250462,-0.023403244,0.17969161,-0.20622009,0.204909,0.29463306,0.08343517,-0.034211263,-0.2383367,0.0035943615,0.08224966,-0.23256385,-0.18677966,0.35877833,-0.15423545,0.02335543,0.29497138,0.18018642,0.008303874,-0.027444715,0.1647499,-0.08272713,0.07595881,0.04490654,-0.2623399,-0.16885996,-0.22303297,-0.033262894,-0.26981702,-0.30289322,-0.13146542,0.14082721,-0.18069081,-0.11779427,-0.63572663,-0.03119965,-0.05151668,0.1607823,0.64153916,-0.21864532,-1.5618029,0.1493728,0.12786227,1.0690385,0.18724313,-0.04380444,0.49923033,-0.32073584,-0.060163938,0.643888,0.19303669,0.23677804,0.071550064,-0.015047473,-0.18954244,0.18766004,-0.07785317,-0.2668946,-0.26446265,-0.04556756,0.08075408,-0.12504047,-0.059837297,-0.38124013,0.039078284,0.38811174,-0.06315423,-0.309248,0.04872395,-0.9057052,-0.15336575,0.044377364,0.07206062,-0.11497531,-0.18780991,0.02083962,-0.21160856,-0.12629512,-0.033723578,-0.19508332,-0.17047516,-0.052829567,0.07583606,0.16516961,0.29315552
340,negative,-0.057139024,0.07393326,0.3087745,-0.39551872,-0.26670495,0.16964996,-0.15907016,0.04764648,0.08671729,-0.114525124,-0.089351445,-0.008372101,0.25475603,0.13143288,-0.010087564,0.1392122,-0.0073126853,0.18329112,-0.25802818,0.20553069,0.10612078,0.03527613,-0.12969193,-0.21645221,0.015912347,0.22288486,-0.14670368,-0.16533177,0.32868296,-0.19067776,0.021258138,0.2891581,0.09400887,-0.031938612,0.03927122,0.13985446,-0.04971684,0.014358777,0.1776536,-0.2851686,-0.10338342,0.030833792,0.13297038,-0.33096611,-0.13026273,-0.060635064,-0.028037896,-0.1577279,-0.15833779,-0.5844324,0.04504748,0.07002317,0.09122499,0.5623994,-0.08420208,-1.3759918,0.09805792,0.11675423,0.8495233,0.2658836,0.11062851,0.44169462,-0.2341232,-0.13030523,0.53476316,0.06869698,0.2679149,0.23408742,-0.16687255,-0.12587254,0.07536975,-0.21000655,-0.24270603,-0.257333,-0.043461617,0.16434139,-0.028668182,0.040642686,-0.3821554,0.10688367,0.3350544,-0.14368905,-0.31596497,0.14073835,-0.9476661,-0.005080498,0.037484866,0.13233165,-0.14858255,-0.1826,-0.082903884,-0.1205828,-0.10153104,0.12624806,-0.19422477,-0.13691267,0.031347193,-0.07384574,0.06730763,0.167019
341,neutral,-0.20156941,0.26255098,0.32689083,-0.04839004,-0.29608306,-0.2710138,-0.024293507,0.06340214,-0.174504,0.31519654,0.08345538,0.02685801,0.010994349,0.052842867,0.0727606,-0.1684756,-0.11875198,0.043454412,-0.18191244,-0.1910432,0.22735879,-0.2415698,-0.019973142,0.044271436,0.26331607,0.0053041205,-0.26840845,-0.10404194,-0.038247716,-0.0142813735,-0.007405208,0.1450271,-0.1652298,-0.063412204,0.13710496,-0.007952087,0.1757136,-0.035868246,-0.058361735,0.055387203,-0.3570748,-0.19512609,0.042519085,-0.25093117,0.3891638,0.0016119704,0.35709313,-0.2089495,-0.31611475,-0.57868975,0.033344068,0.01433343,-0.04842723,0.8614363,0.1634612,-1.7323742,0.12934132,-0.27435073,1.2480501,0.48914635,-0.009350267,0.5544178,-0.01964632,0.15115616,0.46659502,0.19580354,0.14969136,-0.024898726,-0.035482842,-0.20706758,0.29087374,-0.33476567,0.008765701,-0.08781198,0.048325036,-0.03573539,-0.051107753,0.04070677,-0.6294835,0.111418396,0.5543259,0.111061506,-0.37261462,0.0021577976,-0.7800309,-0.01906479,0.19200192,0.022661135,0.026534354,-0.033631362,-0.090162374,0.16897671,-0.21876565,-0.08243939,-0.3281249,0.08124879,0.06765461,-0.052059293,0.35701722,0.095531784
342,negative,-0.11254752,0.053460363,0.28493235,0.21745147,0.10479481,0.056420363,0.051590797,0.20142516,-0.032099787,0.39051265,-0.08545688,-0.069919385,0.2884254,0.14585917,0.067211114,-0.1492379,-0.059667286,-0.22502834,-0.5234694,-0.113843426,0.4685254,0.018315582,0.28458548,0.029176021,0.17867495,-0.17573181,-0.063353084,-0.14699095,0.33450118,0.086673886,-0.31202665,0.03435194,0.13385782,0.018454377,-0.026845284,-0.038462408,-0.02380234,-0.08646793,-0.015763115,0.17413703,-0.4714987,-0.14064915,0.2303078,-0.018907445,0.35511118,-0.03738862,0.25562632,-0.0023759918,0.012605509,-0.38129705,-0.012244101,0.03508539,0.08751522,0.87114125,-0.2767882,-1.9794418,-0.29934612,-0.18973081,1.5092196,0.4670006,-0.14241207,0.5569686,0.07804051,-0.27554336,0.5086178,0.09419685,-0.060592555,0.051712174,-0.2846711,-0.0074164825,0.17887719,-0.36941788,-0.38614574,-0.41316724,0.09201635,0.16384286,0.06582734,0.047074612,-0.68670946,0.026661567,0.5081281,0.27422428,-0.37709165,0.12926978,-0.69386,-0.041079495,-0.016900633,-0.19917558,0.26606107,-0.091778085,0.015677026,0.04383316,-0.252042,0.29536656,-0.64718914,0.32847282,0.15782668,0.26194963,0.45418382,0.18036094
343,negative,-0.041014135,0.22334377,0.12245563,-0.17754807,-0.026575582,0.2086931,-0.0794808,0.17630863,-0.0805051,0.26828173,0.031722818,-0.00963072,0.2457309,0.31332436,-0.027079675,-0.1605272,0.103412844,0.014775026,-0.41710514,0.24195595,0.37076488,-0.27921093,0.100520484,-0.03196407,-0.025041949,0.014473288,-0.29753673,-0.28977045,0.16182733,0.06738285,-0.12500519,0.3771922,-0.043247934,0.011578441,0.10401491,0.06694375,-0.16061896,0.13807568,0.2708533,0.027183555,-0.3167725,0.029899431,-0.09259401,-0.24243343,0.2552389,-0.04798433,-0.10321596,-0.17265439,-0.14024405,-0.446799,-0.11422682,-0.08176465,-0.10041916,0.8475204,-0.105492845,-1.6907805,-0.18938887,-0.14522444,1.4023083,0.38947588,-0.028026257,0.4598373,0.0045444528,-0.10920503,0.49369147,0.027846182,0.19737345,0.18689741,0.0074004987,0.059378468,-0.034324903,-0.27628124,-0.2143142,-0.28906217,0.10848841,0.23353823,0.012415635,-0.008090491,-0.535081,-0.14002748,0.60494614,0.0393943,-0.31629837,-0.14741184,-1.0269238,-0.20240662,0.15859415,-0.07378812,-0.069112495,-0.13811558,0.0108296685,-0.09187244,-0.012417032,-0.1591197,-0.4379684,0.06586999,-0.090058506,-0.1954258,0.17696716,-0.023178006
344,negative,0.16851547,0.1434542,0.2280064,-0.13086103,0.105005436,-0.6179366,-0.2611306,0.35340267,-0.08830597,-0.0048337528,0.12847663,-0.06826993,0.138465,-0.066599205,-0.11941087,-0.13643777,-0.2635984,-0.0061777513,-0.039250344,-0.08718024,0.38386652,-0.06747714,0.2665938,0.17085212,0.18431216,0.100109175,-0.18941407,-0.20446727,0.26190847,-0.012150674,-0.18063809,0.11464009,-0.12732387,-0.12236052,0.01458111,0.26936346,0.1870692,0.18062289,-0.012092622,-0.14259906,-0.1939163,-0.2219141,-0.18123162,-0.07720867,0.13779636,0.07327728,0.056918614,-0.22820975,-0.15328819,-0.82304835,-0.046312973,0.34079927,-0.03329534,0.87462187,-0.19879082,-1.7551433,-0.22930472,-0.2950626,1.3874403,0.24303173,-0.040099505,0.24642184,-0.017645253,-0.10878332,0.39544722,0.2065669,0.041362472,0.028211886,0.048329566,-0.18774623,0.14450456,-0.2289172,-0.09973356,-0.11775475,0.024257256,-0.0016750013,0.17989342,-0.0614681,-0.57847047,0.32083356,0.6171672,-0.1272481,-0.46209207,0.22506651,-0.7914137,-0.26479954,0.22723974,-0.0031023975,0.23265627,-0.28336605,-0.04885599,-0.036529515,-0.25195917,-0.30259836,-0.570371,0.16326757,0.028100414,-0.121742785,0.5061706,-0.0064381757
345,neutral,-0.1817253,0.4049771,-0.20736624,0.36991507,-0.03550494,-0.38036722,-0.1462706,-0.04862005,-0.10084625,0.36541224,-0.16628315,-0.37300506,0.015239109,-0.136928,0.09797261,-0.29294324,0.29935783,-0.07430244,-0.36563823,-0.025829526,0.11324459,0.060250204,0.30370784,-0.057450797,0.41320813,0.3082234,-0.0530734,-0.30547577,-0.04724763,0.16378386,-0.37414557,0.459436,-0.35788023,-0.11913041,-0.12153081,0.20857315,0.50649595,0.14173259,-0.37609586,-0.159297,-0.21024144,-0.41932893,-0.11738666,-0.076389045,0.30038607,-0.04107367,0.20386879,-0.09095165,0.065057926,-0.65024436,-0.14580421,0.18465348,-0.15104297,1.013444,0.0006725695,-2.0569026,-0.09024109,-0.27775714,1.8142978,0.16750458,-0.21722661,0.3548037,-0.33640382,-0.046031382,0.5918892,0.0034361144,-0.03558684,0.3833845,0.36120436,0.022318479,0.55686164,-0.39138323,-0.14377712,-0.51983523,0.07137678,-0.20319547,-0.45227933,0.17885458,-0.61612827,-0.13023685,0.812445,-0.10427468,-0.08292668,0.39002326,-0.9759047,0.114726506,-0.027918762,-0.13332278,0.30978996,-0.030618018,-0.32471198,0.3877471,-0.17162997,-0.3644437,-0.43818396,0.11780272,0.20284265,-0.090629466,0.5528748,0.27583537
346,neutral,-0.32675302,-0.10859914,0.21301286,-0.32961458,0.050515182,-0.065028325,-0.23169808,0.25641215,-0.21686646,0.12291057,0.30024037,-0.24046189,-0.09505981,-0.11408765,0.28170735,-0.25125253,-0.21709538,-0.24675213,0.15350991,0.11985613,0.016438302,-0.00022924124,0.18037026,-0.18863694,0.15319104,-0.04406523,0.17832035,0.12613997,0.052544497,0.39192283,0.08931658,0.44019747,-0.26684105,0.19224997,0.23621278,0.16209087,0.009335308,0.12032345,0.20118557,-0.24622828,0.15137655,-0.21226971,-0.1489814,-0.1930114,-0.20491694,0.010519284,0.4226418,-0.16659583,0.0078689,-0.5112509,-0.02763541,0.29006636,0.398782,0.48923823,-0.044086196,-1.296835,-0.05529352,-0.23258063,1.1143972,0.07404491,0.17976499,0.340559,-0.083406754,-0.24998401,0.53880423,0.13072477,0.0100519555,-0.19291157,0.18722571,0.07517592,-0.12863156,-0.27040872,0.41243434,-0.043707978,0.10397341,0.005383607,0.050353467,0.004681297,-0.35651228,-0.051891968,0.34243938,-0.38996157,-0.3387462,0.17754866,-0.81106925,0.15096524,0.37112015,0.021409981,-0.010407226,0.014859926,-0.28596538,0.27133378,-0.25940055,-0.06905993,-0.29108006,0.055774715,-0.2587938,-0.12341565,0.47505677,-0.079700604
347,neutral,0.006148909,0.34365097,0.3427296,0.043430604,0.35964227,-0.8056384,-0.29530454,0.007699091,0.06594176,-0.032046843,-0.1697328,0.12138899,0.05594266,-0.004779249,-0.060191475,-0.2512548,0.015416085,-0.08164654,-0.09303012,-0.19226007,0.26939285,-0.20329069,0.083865866,-0.12176397,-0.2089334,0.37052816,-0.27915955,-0.14533094,0.05069985,0.20598298,-0.20571163,-0.20804276,-0.20069507,-0.08061614,0.004944158,0.05865391,0.22545247,0.045426354,-0.12829942,0.033414803,-0.33025014,-0.48428687,0.147836,-0.18807231,0.5082776,0.029044243,0.05958606,-0.12124091,-0.17317732,-0.48289508,0.256958,0.43628812,0.0015930076,0.6930798,0.054802537,-1.6080773,0.07516651,-0.44744685,1.6446177,0.15733479,-0.16337156,-0.012739761,-0.17754515,-0.18002592,0.68156964,0.008876934,0.0999018,-0.18268402,0.3495456,-0.5802754,0.04024276,-0.3406339,-0.034688033,-0.14256537,0.31804255,-0.07954092,0.021837277,-0.11786503,-0.7969164,0.11357241,0.83435374,0.037612665,-0.47335058,0.3035061,-1.0762461,-0.18808058,0.39641356,-0.045649547,-0.17582911,-0.34836888,0.12304059,0.027531352,-0.17135018,-0.21532089,-0.46262258,0.15035813,0.2839393,0.07858801,0.43294242,0.06675433
348,negative,-0.023362333,0.27765194,0.16398358,-0.0595901,-0.06273805,0.07254758,-0.17073777,0.017953137,0.044256955,0.16650549,-0.19377099,-0.007338995,0.37475392,0.014668008,-0.02008113,-0.20944113,0.08696874,0.007886243,-0.4820111,0.26555344,0.22387618,-0.07368906,0.21917614,-0.07173606,-0.0041606002,-0.11609553,-0.097679354,-0.4381758,0.0015784596,0.16277707,-0.022881132,0.23451053,-0.04472834,0.12106858,-0.08041256,0.020915737,-0.059302617,0.14942732,0.025914632,-0.10981139,-0.46677533,0.0016955198,0.11536034,-0.29133186,0.16286428,-0.12325491,0.13158283,-0.21291126,-0.16070594,-0.5830344,0.1629429,-0.112547204,0.085624255,0.90706515,-0.041582398,-1.8432734,-0.11432918,-0.28796178,1.4817102,0.26144248,0.06789304,0.47613892,-0.10196201,-0.20861551,0.70426923,-0.035178095,0.15197079,0.045588154,0.13510661,0.11869909,0.06059541,-0.26464272,-0.15787938,-0.115893915,0.19877864,0.10228527,0.089563735,-0.018517489,-0.73277795,-0.029561918,0.40680036,0.19878705,-0.19941075,-0.028008942,-1.2278597,-0.2105708,-0.013136331,0.015856102,-0.1068285,-0.4437137,0.10897128,-0.15731417,0.072841965,0.02919969,-0.42026392,0.24313754,0.07359348,-0.1947644,0.42521727,-0.044964295
350,neutral,0.06091824,0.038074065,0.2744303,0.013498319,-0.04324681,-0.021978317,-0.2915782,-0.043487083,-0.15487681,0.30661628,-0.041869354,-0.10438505,0.42515996,0.035540998,-0.09739206,-0.009840676,-0.4485914,-0.02345784,-0.31698972,-0.40707144,0.23690204,-0.052874215,0.07682784,-0.08365862,-0.016048323,-0.1793335,-0.101107724,-0.28965312,0.21144985,-0.22717248,0.1328654,0.07405118,-0.117048725,-0.07851079,-0.10400609,0.09685512,0.111938536,-0.26314762,-0.26353976,-0.2617596,-0.7351699,-0.19933692,0.32583252,-0.27490023,-0.038726423,-0.38020933,0.2814222,0.005632437,0.07122097,-0.46855712,0.14284986,-0.060036648,-0.11510161,1.1812677,0.25060794,-1.6859185,0.1282555,-0.12356944,1.1428221,0.15058137,-0.08263062,-0.029779145,-0.22682564,0.075907834,0.5938588,0.14947523,0.1724694,-0.19869484,-0.20309325,-0.09358732,0.3180186,-0.12505825,-0.3037649,-0.32284144,0.02258977,-0.16858186,-0.16626504,-0.024064552,-0.700224,0.14662601,0.7208248,0.07268086,-0.20829651,0.07152492,-0.8874819,0.19232461,0.20300144,0.12924983,0.06837583,-0.57210577,-0.023690777,0.1749714,-0.42373434,0.21522857,-0.28261992,0.0041139005,0.1641547,-0.15233007,0.37695915,0.1792097
351,neutral,-0.025726829,0.115994275,0.12903082,-0.1519019,0.16304463,0.3010992,-0.20994195,0.03263851,-0.0102524245,0.18926087,0.018580083,-0.028179083,0.05336557,0.07249073,0.32746112,-0.2940286,-0.25904024,-0.21349445,0.22385049,0.09908527,-0.098638944,-0.038606275,0.045752656,-0.1303807,0.45917848,-0.14340927,0.14394829,-0.0038577707,0.11325981,0.14976048,-0.013666764,0.39591748,-0.12965271,0.062788256,0.21777351,0.07779642,0.006292914,0.07821221,0.17364912,-0.13862403,-0.06610572,-0.09594001,-0.3574351,0.07636944,-0.15698898,0.025285453,0.2715158,-0.2571494,-0.044295583,-0.46482897,-0.21585955,0.29371297,0.53253204,0.7145804,-0.13705091,-1.181688,-0.056844927,-0.13250999,0.8364196,0.041540496,0.20689306,0.49047068,-0.13681161,-0.4021616,0.4315175,0.09371538,0.21528468,-0.23553802,-0.0026160206,-0.11568812,-0.19191349,-0.13044682,0.3052815,-0.2292373,0.23645367,0.09151691,-0.061228942,0.010366246,-0.26091498,-0.18895394,0.16898133,-0.48354363,-0.44378617,-0.121219955,-0.903202,0.13615887,0.31269476,-0.0736903,0.03495944,0.05033158,-0.0793354,0.18277277,-0.06977795,0.08451234,-0.18615842,-0.028235247,-0.22867602,-0.3556697,0.22449903,0.054218963
352,neutral,-0.05962643,0.19007334,0.3270703,0.058074515,-0.21186823,-0.10820928,-0.0829951,0.00885685,-0.018530622,0.25216106,0.18844186,0.3167975,0.09399042,-0.0716341,-0.12830052,-0.3302679,0.12917228,-0.0462179,-0.41711098,-0.08479121,0.33930254,-0.029511524,0.11668057,-0.106298625,0.11864827,-0.009601648,-0.45410606,-0.16735965,0.08105195,-0.026398646,-0.080892876,0.09601472,-0.015994506,0.007016368,0.03205319,0.052929576,0.040650044,-0.02196698,0.06243776,0.05997326,-0.5657683,-0.33214658,0.032485157,-0.2542047,0.3234638,-0.103763476,0.0043836855,-0.19369884,-0.17634733,-0.4379252,0.268823,0.11916918,0.2372724,0.88728184,-0.13614115,-1.5219421,0.03358052,-0.3948182,1.484362,0.429194,-0.24154691,0.29899278,-0.059695195,0.05006259,0.5442743,0.28478914,-0.074225396,0.23402269,-0.072476536,0.04165868,0.16597757,-0.12233032,0.10179188,-0.16270752,-0.061678573,0.09845048,-0.024547866,0.08728045,-0.7036476,0.13548346,0.5510648,-0.18857706,-0.10178636,0.2113667,-0.68510914,-0.1716906,0.07396339,0.07601391,0.22337751,-0.24842738,-0.09288581,0.062259097,-0.18393883,-0.019616717,-0.13031903,0.15880656,-0.11492092,-0.04507765,0.3951366,0.1387639
353,neutral,-0.12033359,0.16508517,0.3114436,-0.21024173,0.03563193,-0.43181917,-0.0351865,0.20364387,-0.014458992,0.057153035,0.069548704,-0.1905286,0.1723496,0.032590006,-0.05087204,-0.16612917,-0.03150077,-0.10984982,-0.23408097,-0.01970518,0.34252852,-0.15564243,0.16789135,0.05258422,0.07579592,0.17648144,-0.072458155,-0.12722042,0.17432866,0.05896023,-0.12814815,0.13767824,-0.18985507,-0.02799263,-0.051213477,0.13739309,0.13731006,0.05052448,0.09106999,-0.12280322,-0.12588234,-0.2770519,0.03367203,-0.2073993,0.10376223,0.11943806,-0.057400394,-0.13605212,-0.039994396,-0.6988999,-0.03387222,0.10731805,0.009009724,0.6903201,-0.18282981,-1.4716519,-0.19717062,-0.10487148,1.2808999,0.19734228,0.06331756,0.18587105,-0.21058513,-0.028393608,0.46311435,0.058046035,0.20788679,0.040661626,0.15994841,-0.054980174,0.09412027,-0.19279337,-0.08934424,-0.20373248,0.11891396,-0.066162534,0.06641254,-0.03947868,-0.53395355,0.1158023,0.63971084,0.026521634,-0.3963453,0.12321507,-0.6580736,-0.15184537,0.11500465,-0.02071393,0.046519764,-0.24330766,0.028137289,0.0067680706,-0.2590918,-0.11599714,-0.42576385,0.20976056,0.04623348,-0.13120393,0.42117503,-0.04728586
354,neutral,0.1371121,0.14934927,0.4160803,-0.19553643,-0.40228206,0.112962954,-0.0076342705,-0.042456247,0.2122702,-0.0026759212,0.04132601,0.0708706,0.4308606,-0.04935518,-0.020298878,0.08467005,0.13373452,0.10147408,-0.19562878,0.40170085,0.19659413,0.24414478,-0.19898213,-0.5027654,0.12289762,0.41263515,-0.13818185,-0.33761376,0.062818274,-0.007728576,0.051060144,0.44648513,0.095473245,-0.015824659,0.056080215,0.278021,-0.21465933,0.17748475,0.3359097,-0.40627903,-0.034794975,0.10991158,-0.0067146216,-0.4784043,-0.041800037,-0.08984331,-0.076554276,-0.124815114,-0.27465713,-0.5856551,-0.032044366,-0.12502208,0.04348318,0.69762605,-0.22240622,-1.3601635,-0.04029054,0.2098707,0.7149607,0.29186967,0.009854339,0.5326468,-0.20284773,-0.15205069,0.6650996,0.01479268,0.25142512,0.095390424,-0.17706142,-0.11624103,0.048183512,-0.1223862,0.02848622,-0.04036671,0.21477444,0.1889973,0.010729964,-0.14181656,-0.24942821,0.07440419,0.38435182,-0.19224474,-0.19270529,0.04843263,-0.9128739,-0.06481603,-0.10359091,-0.01727348,-0.22795592,-0.25625673,0.1779875,0.037731744,-0.027578797,-0.10719927,-0.33265468,-0.23984511,0.0137762735,-0.3333886,0.24112625,0.14194444
355,neutral,-0.09511252,0.31099406,0.25876796,-0.031534456,0.031003581,0.05958411,-0.0973185,0.16627643,0.21021172,-0.00503678,-0.1798589,-0.044790983,0.39184105,-0.039512247,0.0364427,-0.19545853,-0.004605887,-0.16055275,-0.39916733,-0.038826145,0.36400664,0.021308381,0.30605835,0.10839367,0.045083545,-0.13064584,0.01578336,-0.07259013,-0.035640005,-0.026926557,0.009494812,0.13904852,-0.09083783,0.17616893,-0.02844358,-0.13123806,0.24216425,0.2587124,-0.1541489,0.049194567,-0.57370037,-0.13395308,0.15416057,-0.19611613,0.33010972,0.10124364,0.21770844,-0.11355922,-0.114009015,-0.39333013,-0.022226378,-0.0063186064,0.0063964874,0.6657295,-0.03788128,-1.7268251,-0.020344695,-0.38073653,1.433936,0.40335244,-0.06304267,0.521779,-0.03770482,-0.127889,0.61864865,0.13034305,-0.01514588,0.08457295,0.36666292,-0.041642826,0.13099606,-0.27356383,-0.2779559,-0.17888801,0.4609665,0.027450107,-0.17379926,0.3117236,-0.6517289,0.0679715,0.577219,0.04441582,-0.38848844,0.1948498,-0.84625363,0.114261985,0.0078326715,-0.043672714,-0.14467433,-0.21651578,0.1309935,0.061083753,-0.19543786,-0.12595144,-0.5016969,0.23333101,-0.0015387103,0.034512945,0.47824925,-0.04037691
356,negative,0.15510143,0.2324546,0.18928684,-0.15203737,0.026264194,0.06832053,-0.31594738,-0.1568923,0.1555798,0.12133645,0.047243334,-0.02858315,0.14849944,-0.029879365,-0.28315663,-0.026826046,0.29934722,-0.29308966,-0.4357555,0.18591043,0.33403802,0.07373361,-0.21826987,-0.16460006,-0.104129285,-0.037584245,-0.1020207,-0.039668094,0.31095207,-0.13182871,0.25498763,0.14153527,-0.1853453,-0.2426711,0.07797721,0.18714742,0.1055417,-0.2038326,-0.121095635,-0.15502885,-0.4718945,-0.14798501,0.060666554,-0.0804694,0.0764836,-0.5122638,0.041642163,-0.2140695,0.01618007,-0.443992,-0.0438593,0.23556115,0.17834738,0.8672824,-0.20275584,-1.4124596,0.076763116,-0.2034153,1.3521149,0.15210003,-0.32238892,0.29335067,-0.20390633,-0.22023441,0.48147532,0.03510652,0.40260148,0.23356439,0.12894712,-0.08420262,0.19613579,-0.38878128,-0.2302377,-0.13066499,-0.103160255,-0.061907656,-0.17884098,0.27128425,-0.74547666,0.044766605,0.9440466,-0.08580033,-0.13594007,0.05276212,-1.0148779,-0.24326733,-0.012963267,0.024749555,-0.28548837,-0.5960482,0.0073943245,-0.104268596,-0.018964684,-0.067680225,-0.37271154,-0.17865433,-0.18941486,-0.11235414,0.30995694,0.26235485
357,negative,-0.04396686,0.2540288,0.21119355,-0.1669288,-0.071812905,-0.23188724,-0.32820433,-0.0010227378,-0.10587844,0.13088024,0.0041150213,-0.10731603,0.31418872,0.05320711,-0.17009656,-0.14002465,0.06951119,-0.101349,-0.23255393,0.0559543,0.20052004,-0.00464273,0.059139937,-0.19265231,-0.110912174,0.14135426,-0.106507115,-0.112700805,0.13265505,-0.24043922,0.027079215,0.38413435,-0.22787283,-0.09760653,-0.09506487,0.23597169,0.054452203,0.18107885,-0.03469238,-0.097322546,-0.23821181,-0.12292218,-0.0108200675,-0.26815343,0.012711578,-0.040815923,0.15711425,0.055265892,-0.07481714,-0.5754385,-0.094032936,0.0412127,0.061778087,0.73739886,-0.15152796,-1.7038803,-0.03563664,-0.21979035,1.1650327,0.29314482,0.14631423,0.23999362,-0.20971483,-0.11250988,0.50097007,0.15603256,0.26660097,0.22833927,0.120672226,-0.033687383,0.047188926,-0.06145724,-0.1500872,-0.3565925,-0.014742483,-0.10553477,-0.044221744,0.062818386,-0.6733389,0.12425286,0.56415427,0.044033606,-0.34569088,0.0789222,-0.7459451,-0.082438156,-0.04729156,0.016743764,-0.000623566,-0.42182857,-0.045008615,-0.19728549,-0.22092204,-0.21010545,-0.4815689,0.07204211,-0.07798826,-0.2824898,0.3487587,0.07853226
358,neutral,-0.23693176,0.21240808,0.29407042,0.19202055,-0.062049214,-0.15318675,-0.23067594,-0.12402819,0.05144652,0.21378787,-0.09310279,-0.04053946,0.12599853,-0.13757594,-0.06294796,-0.08815888,-0.009064096,-0.14259326,-0.20585947,-0.10136363,0.28317043,-0.21212463,0.12688078,-0.1050277,0.016312942,0.067276634,-0.06258102,-0.20498991,0.1413117,-0.23549752,-0.010463342,0.13100472,-0.13706084,-0.16268909,0.091577806,0.06428059,0.009356687,0.10992372,-0.19825947,-0.010901151,-0.33114606,-0.0728813,0.09995199,-0.20275368,-0.013096796,-0.1947828,0.37203398,-0.103766404,-0.14131732,-0.46432212,0.050626725,-0.017683947,-0.05107146,0.9789426,0.27308667,-1.712266,0.22021182,-0.32271698,1.0022186,0.23257665,-0.11568267,0.33239773,-0.04970829,-0.17315839,0.6158722,0.08764018,0.033302646,-0.029940326,0.02825485,-0.039374184,0.19971639,-0.14170344,-0.26799688,-0.16860113,0.06087429,-0.13005437,-0.14232504,0.15844154,-0.6688182,0.09489008,0.4012275,-0.013938803,-0.13030228,0.11463287,-0.93350416,0.050972734,0.03803966,-0.014834551,-0.22318265,-0.37813798,-0.11713937,0.067391895,-0.06312692,0.04214887,-0.2605956,-0.005157232,0.220256,-0.15434492,0.38927832,0.27946237
359,neutral,-0.18241486,0.04379351,0.14695248,-0.19228086,-0.14596678,-0.071041174,-0.10995809,-0.05050053,0.11871019,0.022632627,0.03808387,0.043481484,0.1420607,0.0014383631,0.07683998,-0.011348983,-0.13969171,-0.07580413,-0.35002258,0.17889501,0.21139383,-0.110179655,-0.022242289,-0.28663358,-0.08894516,0.10170919,-0.09366384,-0.0983779,0.09920237,-0.07969314,-0.065256834,0.18070354,0.024420457,0.047129534,-0.116941005,0.22779518,0.011728544,0.06413965,0.01966624,-0.11541471,-0.38947102,0.06654685,0.17923872,-0.103265524,-0.08874363,-0.27812645,0.14025481,-0.050858725,-0.109609045,-0.5645023,0.019934712,0.069513194,0.22964539,0.6185662,-0.24345142,-1.433406,0.12765978,-0.03820876,0.76545495,0.257399,-0.15265457,0.4077214,-0.17827655,-0.30576646,0.40847147,-0.025873026,0.25952634,0.32886413,-0.2142158,-0.103298575,0.1379355,-0.26088503,-0.15785578,-0.5390058,0.055723067,0.17325395,0.019468121,-0.07284115,-0.58991104,-0.030482396,0.38204893,-0.25676775,-0.23454902,-0.14329374,-0.9162879,-0.177473,0.06681842,0.04719105,-0.031213174,-0.27075076,-0.066953056,0.039885316,-0.10459754,0.009230643,-0.28965056,0.02291437,-0.17182806,-0.29443568,0.10587987,0.17212658
360,negative,-0.062961,0.06332828,0.28985128,-0.115193985,-0.08611986,0.08980329,-0.171708,0.0087442715,-0.02676404,0.26641545,0.01781196,-0.084202774,0.044625398,0.030096838,-0.087456115,-0.0960735,0.19522624,-0.034245092,-0.33244187,0.03878811,0.17030056,-0.1497257,0.14508303,-0.10885262,0.09673405,0.024730906,-0.18201612,-0.13245596,0.12775886,-0.13006362,0.0385075,0.26181018,-0.11485016,0.019577546,-0.022417732,0.0785933,-0.049583845,0.1121467,0.19984439,0.1024503,-0.20317996,-0.17726272,0.16196503,-0.21142529,0.020845149,-0.09604677,0.040134143,0.013242284,-0.09274524,-0.5498663,0.03771322,0.028007442,-0.009876236,0.92390764,-0.035534415,-1.5418438,0.024546305,-0.009731371,1.2239724,0.1504513,-0.12140339,0.31886482,-0.22494991,0.019829206,0.44249406,-0.0076012793,0.106447704,0.109797955,-0.037635524,-0.03234407,0.0742285,-0.30308655,-0.05550618,-0.30705208,0.15760024,0.10348592,-0.05904766,0.2130847,-0.5433085,0.11615297,0.54015297,0.02828559,-0.108678855,0.03411092,-0.87598854,-0.111963175,-0.06264175,0.13227826,-0.045103792,-0.27609193,0.1512935,-0.17073423,-0.2134384,-0.006227594,-0.36672652,0.04091022,-0.10983386,-0.07255463,0.27554998,0.08926955
361,neutral,-0.23082353,0.064884886,0.7270628,-0.15256523,0.22586998,-0.7751015,-0.043518346,-0.3186858,0.0030548626,-0.28877524,0.16644761,0.14230089,0.12728032,-0.09447355,0.07705825,0.38274726,-0.07570966,-0.19236329,-0.44967788,0.24759631,0.34764844,-0.79995227,-0.4055218,-0.061645776,-0.3156092,-0.13854592,0.40042448,0.253924,-0.47786972,0.35832933,-0.23391846,0.24085103,-0.8767931,-0.14043997,-0.41311592,0.07224274,-0.067877755,0.76954585,0.05651039,-0.15281262,-0.6133759,-0.050740473,-0.5453583,-0.13322377,-0.85140526,0.20091313,0.42574346,-0.5697348,-0.114716314,-0.72654873,0.54486966,-0.42639458,0.07257773,0.23169352,0.255877,-1.6828117,0.054146722,-0.27715048,0.8458248,-0.08962727,0.12610428,0.3859964,-0.40130207,-0.3105558,0.33545366,-0.60337275,-0.11265567,-0.17327099,0.63431996,0.3241056,0.07594782,0.5569056,-0.3855167,-0.76160026,-0.039265707,0.26945585,0.33750728,-0.5464238,-1.0727496,-0.6062786,0.5534049,0.75320655,-0.21795698,-0.16536522,-0.66618156,-0.54735965,0.32477358,-0.1086178,0.004665052,-0.19508588,0.4448409,-0.19532548,0.268244,-0.5649366,0.14325519,0.39720494,0.083770834,-0.9746467,0.2813978,0.9061989
362,neutral,-0.100250594,0.3858995,0.272376,-0.20902409,0.10646643,0.00657538,-0.06349017,0.2079023,-0.16360275,0.052858587,-0.093109965,-0.025996415,0.3693476,0.11338829,-0.060769122,-0.03583678,0.13658848,-0.16951981,0.022468448,-0.14539239,-0.05096482,0.018773459,0.026077984,0.26383927,0.3235304,0.010591359,-0.046563536,0.13316596,0.34558785,-0.06567468,-0.032979336,0.12782091,-0.06985931,-0.049204234,0.11270336,0.01484731,0.042935956,0.20726892,0.030843878,-0.089890815,-0.23180968,-0.17953347,-0.25734356,-0.023152754,0.05133502,-0.22816077,0.02675934,0.030857636,0.19935961,-0.26908404,0.08063808,0.024281248,0.05664485,0.6805789,-0.2667404,-1.7513523,-0.055922348,0.10787984,1.1104553,0.40985203,-0.13685593,0.42509726,-0.26399106,-0.13940056,0.59887934,0.26323047,0.15164077,-0.25090137,0.4060184,-0.1626977,-0.09263366,-0.040676627,-0.046856713,-0.1625818,0.109374575,-0.15717462,0.087488465,0.048140936,-0.18879385,-0.12316825,0.3420081,0.07769756,-0.3470687,0.0633438,-0.58949083,-0.07159902,-0.13762307,-0.21456844,0.18630072,0.082828745,-0.020794263,0.043683168,-0.12419589,-0.058555905,-0.31359065,-0.15041018,-0.020443507,-0.06825351,0.40596133,0.2169216
363,negative,-0.13197279,0.0031133941,0.35951483,-0.2228668,-0.23531869,0.16533096,-0.19969837,-0.11559469,-0.04285974,-0.0027576464,0.1269454,0.11072896,0.11815869,0.078942,-0.12547633,-0.05549318,0.15396708,0.30032536,-0.33705485,0.4287255,0.31905806,-0.14984171,-0.053193204,-0.03388903,0.20896992,0.3904277,-0.19076608,-0.26194155,0.24578017,-0.09307746,0.055051498,0.32329246,-0.12113745,0.007091655,-0.045671504,0.19448173,-0.17532273,0.17723127,0.10514631,-0.17115979,-0.06252623,0.030890314,-0.028277675,-0.19189039,-0.19593762,-0.074507,0.0104093645,-0.090341404,-0.11090127,-0.4334271,-0.060317643,-0.23913817,0.031650268,0.6954761,-0.129914,-1.3006651,0.17290123,-0.05813485,0.72914207,0.23503634,0.11749728,0.36917105,-0.16719437,-0.028961208,0.42048073,-0.009183948,0.3912064,0.20446883,-0.1056627,-0.1669502,-0.104024075,-0.10185053,-0.28408688,-0.35995522,0.09628116,0.18855606,-0.09140668,-0.035940863,-0.44095525,0.1657404,0.39910355,0.13801625,-0.20178635,-0.09603076,-0.7413609,-0.05376252,-0.08752095,-0.045232277,-0.08259858,-0.23421702,-0.026371434,-0.28822234,0.037790053,0.030039966,-0.30438885,-0.25508073,0.0893518,-0.25652903,0.21631216,0.10409683
364,negative,0.30739123,0.46031547,-0.01656023,-0.15966502,-0.12728404,0.5422242,-0.6240259,-0.5342859,0.09792168,0.581205,-0.12060504,-0.14534576,0.5062074,-0.2696751,-0.1385148,0.09413986,0.04019167,-0.11748372,-0.5858981,0.18049338,0.3852348,-0.10871723,0.4342117,-0.07942757,0.16842075,-0.040058628,-0.13506074,-0.14365157,0.4206758,0.044220477,0.13618983,0.10780103,-0.18871577,-0.07286129,-0.17198141,0.17099833,0.18043885,0.15288107,-0.43383172,-0.061336413,-0.7350077,0.26897818,0.33880416,-0.13843212,0.25988457,-0.57345176,0.72883505,0.33466592,-0.05364482,-0.4599641,0.06353103,0.13155788,-0.14706495,0.6743869,0.096136376,-1.1186271,0.42428082,0.03381187,1.1867583,0.1662745,0.050142765,0.1512992,-0.081512496,-0.3927665,0.6291832,0.24006589,0.075934984,0.007213207,0.38440293,-0.25117052,0.27637595,-0.52931064,-0.2410821,-0.25226408,-0.24512689,-0.26488227,-0.022414686,-0.105975814,-0.44987884,0.36053762,0.56741375,-0.06537796,-0.14230233,0.3259578,-0.7540475,0.18491139,-0.40587878,0.3057747,0.16547416,-0.22408909,-0.101011634,-0.058059815,0.1437903,0.10743633,-0.41987336,-0.49486867,-0.1972372,-0.59283406,0.12875678,0.36492407
365,neutral,-0.08079046,0.5177405,0.51664805,-0.1417633,-0.15154906,-0.31745842,-0.07967002,0.1323655,0.06385554,0.19610058,0.15769672,-0.072700426,0.11158849,0.07046133,-0.09866114,-0.29869077,0.11559111,0.1597614,-0.58527493,0.07124432,0.21179885,-0.05547276,0.07886828,0.16330944,-0.028895305,0.06305093,-0.17860216,-0.16424407,0.27400446,0.07082423,-0.2004423,0.440795,-0.04973249,-0.0479288,0.30290475,0.25655913,0.021959541,0.020131072,-0.004835018,-0.11406398,-0.3129231,-0.14303745,0.22238144,-0.39263847,0.110674225,-0.3102191,0.15195382,-0.33258638,-0.06218966,-0.7286133,0.2680358,0.2856954,0.002653846,0.9426478,-0.10510287,-1.9259053,0.15934114,-0.2281757,1.5071366,0.32568944,-0.079447955,0.50235236,-0.19220746,-0.014604697,0.61456984,0.2930933,0.19572806,0.33267617,-0.040862776,-0.10659746,0.39409986,-0.44507286,-0.09798283,-0.16905619,0.09361094,0.010488719,-0.013051793,0.15371601,-0.8773928,0.10613664,0.7794724,-0.14978763,-0.42306808,0.05088758,-1.2554442,-0.08635552,0.02698259,0.15611471,-0.20257345,-0.20201054,0.010933797,-0.009412127,-0.09725139,-0.12471466,-0.67544997,0.123864785,-0.0095833205,-0.047285438,0.41914088,0.18003069
366,neutral,-0.09849868,0.23953858,0.26733363,-0.03815429,0.06878807,-0.075803965,0.0028809335,0.269629,-0.33265874,-0.07793655,0.16147171,-0.063856974,-0.04976409,0.07843537,0.21110795,-0.3105511,-0.21393727,0.0010351059,-0.18894386,-0.010923928,0.4541231,0.1116106,0.2633009,0.19701588,0.31646794,-0.20737176,-0.044072576,-0.13475446,0.21405208,0.0438959,-0.14284144,0.32755536,-0.09582581,-0.10788281,0.1746247,0.12429217,0.10072603,0.02674939,-0.15869221,-0.15218173,-0.14663015,-0.37856698,0.104285076,-0.052065473,-0.033014316,-0.18499418,0.15217997,-0.32012942,0.14934976,-0.60305744,0.056932203,-0.11532684,0.028034795,0.7423219,-0.21087511,-1.8739779,-0.20569001,0.076796025,1.3740624,0.30560666,0.036895618,0.35235646,-0.27090865,0.20287167,0.3329839,0.087464415,-0.073050216,-0.07446653,0.17559873,-0.13147055,-0.07003657,-0.17316581,-0.016634654,-0.05904538,0.2052034,-0.08532097,-0.081949584,-0.1347174,-0.3923957,0.042787723,0.47269976,0.020191144,-0.36917832,-0.060815442,-0.7654983,-0.19079667,0.07651214,-0.048780277,-0.0774787,-0.18063821,-0.0011037335,0.045062862,-0.11204059,0.004580831,-0.51595765,-0.0006669676,-0.01846993,-0.06541298,0.50092494,-0.14279991
367,negative,0.018029565,0.14317651,0.46111482,-0.14103106,-0.33951488,0.25848126,-0.18727309,0.09930281,-0.0020915053,-0.10938441,-0.02480792,0.05188154,0.07597648,0.008532224,0.10701546,0.001075197,-0.11721737,0.15653853,-0.27500182,0.1341408,0.32378697,0.08263651,0.108115956,-0.3558681,0.068998955,0.09868302,-0.21552777,-0.37790245,0.15149827,-0.19414744,0.11099765,0.32950428,0.12423653,0.030237077,0.030843526,0.13561265,-0.15439482,0.019018248,0.24150884,-0.10693609,-0.43764424,-0.10297232,0.011853113,-0.39230397,-0.16741355,-0.22080216,0.12679805,-0.23357077,-0.026523555,-0.6656784,0.002780188,-0.15874669,0.08300585,0.6988772,-0.19805631,-1.587623,0.19913165,-0.03778419,1.0327104,0.30568415,-0.037082087,0.52967656,-0.19536003,-0.048221163,0.5205075,0.096969076,0.38971317,0.09276574,0.0042439573,-0.23063315,0.13498786,-0.2937216,-0.062382843,-0.18070619,-0.010241083,0.1403456,-0.1368746,-0.09493126,-0.4616294,-0.10756675,0.35571018,-0.079417884,-0.33890742,-0.1467674,-0.9589991,-0.20196979,-0.04006865,-0.03166162,-0.091423996,-0.3070182,-0.15869361,-0.015006195,-0.0893416,0.007258593,-0.33347586,-0.07269514,0.014026475,-0.17024845,0.26224115,0.09212936
368,negative,-0.13624102,0.28312442,0.29436764,0.09584944,0.03376046,-0.14503331,-0.16477019,-0.024476089,0.107334375,0.07875918,0.017349552,-0.011856223,0.12911032,0.07221544,-0.03053213,-0.17387494,0.15506001,-0.117479555,-0.37458804,0.06660505,0.16746941,0.062120363,0.15782782,0.010608548,-0.043179035,0.029392583,-0.14712091,-0.19313413,0.34247762,-0.13493559,-0.021442804,0.27038538,-0.12731484,0.011488011,0.012041838,0.23964971,0.1641372,-0.108490855,-0.14697298,-0.018668659,-0.42657408,-0.14430141,0.11697331,-0.16028738,0.22551109,-0.05012127,0.19995321,-0.004512525,-0.18275699,-0.41774997,0.05867826,0.20331752,0.08238705,0.68352747,-0.095618084,-1.6066265,0.02479013,-0.36217618,1.0904748,0.27961963,-0.1211001,0.2152362,-0.10933717,-0.13244621,0.45771703,0.011508374,0.032510825,0.25673553,0.12660107,0.0045865774,0.100043185,-0.20072712,-0.21878164,-0.31859204,0.14107348,-0.051609907,-0.044405475,0.09129557,-0.5856934,0.07434974,0.5743778,0.0015887691,-0.31071973,0.13723394,-0.82477856,-0.15091498,-0.055796634,0.25578117,0.12960835,-0.34241408,-0.14985077,-0.038052935,-0.12621298,0.022448672,-0.39196965,0.047471218,-0.074643925,-0.25475514,0.33776256,0.122755185
369,negative,-0.11891895,0.14673534,0.32880452,-0.05242211,-0.03391247,-0.20991823,-0.18680431,-0.054472566,0.12526241,0.06646926,-0.052297123,-0.0784912,0.25199804,-0.038897038,-0.09551936,-0.07714572,0.048742965,-0.04231278,-0.28740823,-0.009246544,0.18314968,-0.21856648,-0.031249892,-0.202886,0.16091797,0.00060745253,-0.081078775,-0.13970536,0.14461902,-0.1507373,0.02565378,0.38903388,0.003475062,-0.031498887,0.030977847,0.12538683,0.16913198,-0.026783295,-0.07477541,-0.15265714,-0.45268965,0.017443063,0.11612026,-0.12827688,-0.112404175,-0.07639885,0.3002274,-0.007749874,-0.17826824,-0.5865915,-0.1585957,0.08040834,0.052255806,0.72799224,-0.009868289,-1.6133212,0.061570667,-0.2579305,1.1266695,0.2492565,-0.05704704,0.4081419,-0.31502983,-0.24170546,0.5269504,0.07398989,0.10683972,0.13735053,-0.05383895,-0.22009425,0.206263,-0.2050347,-0.24287482,-0.34843007,0.1110132,-0.081891336,-0.09603185,-0.029082136,-0.637881,0.052456144,0.42015654,-0.039982595,-0.27707246,0.042402007,-0.8737237,0.04492645,0.08302373,0.04192207,-0.13972266,-0.29151547,-0.09357118,0.050837226,-0.21868809,-0.117898926,-0.27650866,0.118982136,-0.036481082,-0.21919732,0.37455535,0.19372848
370,negative,-0.07922421,0.21735258,0.31974488,-0.3263915,-0.5153127,0.5055184,-0.2744605,0.20921901,0.14971744,-0.028096095,0.10138809,0.051376313,0.05849912,-0.012656342,0.1238243,-0.22331733,-0.20624505,0.34715086,-0.31683505,0.2551911,0.13314106,0.036370132,0.056984503,-0.12152288,0.053770438,0.19669017,-0.09060163,-0.33372086,0.33689538,-0.20701769,0.057418466,0.18709715,0.02451165,0.12476616,-0.18509772,0.1760977,-0.016118616,0.07349705,0.22644216,-0.25938827,-0.16379064,-0.050224114,-0.2345395,-0.38480023,-0.19270314,-0.07618292,0.1375528,0.09244495,-0.05813724,-0.8444177,-0.15767293,0.0019521102,-0.061388608,0.72718525,0.10610164,-1.4874508,0.20277417,-0.023671303,0.996888,0.11307989,0.16879407,0.57159793,-0.34733653,-0.11175202,0.45896885,0.30043188,0.38194126,-0.03108527,0.02336008,-0.22995599,-0.0052542584,-0.17536473,-0.03141207,-0.21643277,0.0993076,0.104313895,-0.21816123,-0.034460116,-0.18576851,-0.08806533,0.31798404,-0.00011052273,-0.4238969,0.16420233,-1.1463151,-0.11387984,0.014653965,0.14203703,-0.2975847,-0.17965907,-0.014401139,0.007128494,0.12090507,-0.07712597,-0.23321171,-0.110332265,0.10574666,-0.09861608,0.2801355,0.106349505
371,neutral,-0.37551898,-0.031178711,0.3394566,0.2099241,-0.121042766,-0.117150396,-0.27147624,0.09246171,0.072510704,0.29619715,-0.20623606,0.0013111704,0.26024103,0.13813363,0.112232,-0.3299249,-0.11113067,-0.1973414,-0.5459797,0.038867064,0.32818326,-0.11321953,0.25978792,-0.08707498,-0.018997634,-0.034107808,-0.18875147,-0.14381213,0.27575272,-0.0032334705,0.04186135,-0.16366301,-0.019374065,0.047140203,-0.13348769,-0.13477267,0.20199917,0.14756006,-0.07169143,-0.033267695,-0.60036576,0.007196549,0.17258579,-0.2930106,0.20973542,0.057364956,0.33132732,0.043796893,-0.20111862,-0.25887778,-0.17975986,0.011163761,0.10842282,0.79886895,-0.035201717,-1.4840233,-0.16664198,-0.34391212,1.168274,0.22376183,0.003050552,0.22297023,-0.1012521,-0.21633318,0.66590196,0.07611371,0.12890519,0.0243117,-0.04069232,0.028270554,0.19466911,-0.36658308,-0.32625237,-0.4318258,0.1696375,0.08174396,-0.12367554,0.16160837,-0.5092331,0.15298894,0.51338744,0.18554024,-0.13797547,0.03892015,-0.5348876,-0.075305976,-0.07835082,-0.16973765,0.14613639,-0.29714823,-0.05161318,0.0817957,-0.21612142,0.19494358,-0.31160024,0.18988997,0.06991796,-0.1037676,0.50409657,-0.036523037
372,neutral,0.0030054208,0.07932623,0.18946037,-0.23579675,-0.054831058,0.009366185,0.10721798,0.3002858,-0.01851141,-0.16410203,0.15811673,-0.09288679,0.05041305,0.184615,0.10759974,0.0008224612,0.26510274,-0.009502999,-0.42430556,0.07591021,0.16576803,-0.060692966,0.16158664,0.11553375,0.2407647,0.007223945,-0.21709904,-0.37506977,0.36363235,-0.18970743,0.16313109,0.43862742,-0.046488017,0.119014524,-0.14126241,0.091442406,-0.15981618,0.06274213,0.09884995,-0.12177117,-0.3668421,-0.36509094,0.21747796,-0.027781092,-0.07499884,-0.21574666,0.0737596,-0.24027258,0.026734801,-0.760454,0.21496099,-0.17431071,0.17842263,0.89142627,-0.273868,-2.0681448,-0.2229515,-0.07657137,1.1549953,0.32758144,-0.16769098,0.6657265,-0.13001165,-0.2431891,0.55890405,0.11839655,0.24429877,0.37385833,0.024418427,-0.13691168,0.082257144,-0.14765285,-0.41456285,-0.2365675,-0.09327226,0.29677603,-0.049083963,-0.020892143,-0.74190533,0.034533817,0.2801816,-0.044791806,-0.21086052,-0.056215875,-0.81171125,-0.2545529,-0.011162021,-0.108632974,-0.004808811,-0.2940588,0.053900458,-0.11702149,0.17652254,-0.01989314,-0.77868867,0.05448695,0.15590566,-0.035718244,0.20273417,0.10960124
373,neutral,-0.18304455,0.15539671,0.2480028,-0.21831165,-0.44503662,0.056779962,-0.2864468,-0.08318298,-0.022837639,0.17876762,0.0022187328,0.00018937943,0.27345714,-0.060262736,-0.011770372,-0.06692943,-0.094837874,0.034042735,-0.44513208,0.24981618,0.24816683,-0.03588157,0.026609149,-0.13219866,-0.08141462,0.12604558,0.027896134,-0.2226036,0.26440957,-0.15417695,-0.061587915,0.34062684,-0.12622277,0.024161557,0.02566476,0.11745028,-0.114238955,-0.092065126,0.07557087,-0.020921847,-0.42302698,-0.066231504,0.19477428,-0.13821073,0.109270446,-0.21118662,0.12720895,-0.1643862,-0.2576023,-0.6472114,0.17517625,0.108820245,0.12661637,0.7249096,-0.14565279,-1.2761892,0.12687346,-0.22415161,1.1360155,0.1433896,-0.020228548,0.48663628,-0.05911372,-0.2178817,0.48212153,0.014894964,0.041896515,0.3521905,-0.11242253,0.019010667,-0.038093578,-0.27122205,-0.23270555,-0.37882534,0.050594557,0.17471588,-0.03314814,0.01679616,-0.59996724,0.10819328,0.54413635,-0.17245525,-0.24222559,-0.026176877,-0.8856571,-0.27508998,0.063694835,0.14719586,-0.12904206,-0.27502644,-0.038034517,-0.065265834,0.0175851,-0.12223286,-0.31088465,0.2162773,0.17523675,-0.051927637,0.17810388,0.12686941
374,neutral,-0.0511493,-0.120413296,0.18294609,-0.058174934,0.09417413,-0.3735163,0.00024423312,0.28563857,-0.14005259,0.08464016,0.1599666,-0.043730382,0.29412585,0.021549698,0.15539308,-0.30416778,0.17756166,-0.36593372,-0.3590116,-0.17130333,0.57193923,-0.098969445,0.14727154,-0.0009074401,0.24283282,-0.15490466,-0.32033178,0.06503412,-0.008168576,-0.102768205,-0.40894514,0.18545982,-0.030099735,0.15054592,0.081653446,-0.0032390736,0.05443801,0.17503306,0.066567875,0.24387327,-0.38414297,-0.50497586,-0.059380636,0.02835625,0.3302554,0.19746065,-0.081727676,-0.33236006,0.0326781,-0.28197768,0.4650563,0.022733213,0.0535384,0.8169454,-0.18382765,-1.7913245,-0.050468124,-0.25603762,1.9515297,0.6510519,-0.4519881,0.36732653,-0.080817476,-0.11453603,-0.05644124,0.18994837,-0.0931635,0.13110954,0.32129258,0.0791319,-0.16158658,-0.1960731,0.36141428,-0.29693764,0.20074105,0.12545992,-0.057588294,0.022128882,-0.7676081,0.035000235,0.5394334,0.111003906,-0.1444909,0.2129208,-0.90697354,-0.28207204,0.26715904,-0.1025195,0.09035237,-0.17607221,0.12215379,0.15704699,-0.2905477,-0.11280493,-0.31262115,0.4411377,0.043761726,-0.23480272,0.4663462,-0.031441312
375,neutral,0.17695446,0.33101198,0.36146504,-0.35281104,-0.2851738,0.19877476,-0.20963854,-0.29710752,0.18790947,-0.32628465,0.11107633,0.29123393,0.34120917,0.06122071,-0.0720002,-0.18800928,-0.047395404,0.37176332,-0.3789118,0.2474824,0.31312576,-0.24798161,-0.16900013,-0.08515361,0.112041205,0.23664469,-0.06444655,-0.6271213,0.06778649,0.021014981,0.2844829,0.60774195,0.12832573,0.14391807,0.057370994,0.19069865,-0.081649296,0.1991942,0.26778087,-0.31237477,-0.48674384,0.15307489,0.4483002,-0.4989618,-0.44833535,-0.3058374,0.15436448,-0.19892085,-0.17040302,-0.47832426,0.34215346,0.28535667,0.09180653,0.7491645,-0.21845838,-1.7934388,0.18286686,-0.04371668,1.1074765,0.5072969,-0.08309355,0.6169436,-0.32727942,0.04571714,0.9522527,0.16265038,0.60608727,0.32088858,-0.4400907,-0.1220508,0.12599696,-0.09424223,0.017277982,-0.3627731,0.20884946,-0.15382357,-0.13769773,-0.2579038,-0.4545849,0.027153136,0.30660388,0.24258453,-0.740322,-0.13448934,-1.0890775,-0.39353797,-0.06037236,0.24953482,-0.0552473,-0.34408787,-0.27116984,-0.36143053,-0.011482588,0.1865621,-0.05801737,-0.044591658,0.0019845995,-0.2653168,0.16528064,-0.020228187
377,neutral,-0.093506396,0.28167176,0.43424305,0.3163318,0.12173596,-0.33302343,-0.22225024,-0.0013129615,0.008596199,0.48799855,0.19373967,-0.2658597,0.10457932,0.39850712,-0.28298768,0.12878977,0.086469084,-0.18791318,-0.48460275,0.18211907,0.06293023,-0.2657394,0.26357326,0.044119723,-0.3105708,-0.07810849,-0.3211254,0.049494755,0.35436475,0.14421569,-0.15826401,0.2629962,-0.303134,-0.06318474,0.04201704,0.07948965,0.14767759,0.15283349,0.09293382,-0.0625562,-0.28441203,-0.05940929,0.21015596,0.053939834,0.23933461,-0.4152069,0.18434851,-0.25128993,-0.18185508,-0.5115114,0.26248157,0.18706399,-0.030207468,0.942343,-0.17989941,-1.7891377,0.004389578,-0.37168312,1.3899294,0.49410057,0.059122596,0.2366651,-0.10386541,0.058574148,0.40680373,-0.13196251,-0.030735068,0.5111291,0.21953525,0.30589882,0.282774,-0.48432583,-0.0022175459,-0.31191808,0.1748781,0.029105578,-0.1203575,0.04652848,-0.75785214,-0.10628862,0.81798506,-0.10388074,-0.18590419,-0.18930864,-1.2420746,-0.010571587,0.24772021,0.19153963,-0.054372765,-0.17151177,-0.06459708,0.05400397,0.01833542,-0.20189452,-0.29156402,0.12972257,-0.3942087,-0.49881837,0.28990194,0.06157202
378,neutral,-0.038928352,0.13490888,0.5717935,-0.38743213,-0.021446789,-0.1024047,0.034658886,0.16393527,-0.17138942,0.08343434,0.32392013,0.070303746,0.10311777,0.20872407,0.007084834,-0.39611763,0.17070468,0.024500383,-0.03588601,0.40814555,0.4154902,0.009025636,0.20475444,-0.09433718,0.40063995,-0.017765949,-0.4303503,-0.20517962,0.38480026,-0.14327446,-0.20633037,0.19737104,-0.028294582,0.2523751,0.27408943,0.04861644,-0.004453204,0.3566647,0.17388673,-0.35790795,-0.26063314,0.0019420249,-0.12860519,0.040796585,0.18614396,0.0968318,-0.03532195,-0.0729441,0.30283654,-0.38204083,-0.2026075,0.060985956,0.23623304,0.49067152,-0.21863675,-1.8084805,-0.321263,-0.088594094,0.95859385,0.71946454,-0.22540803,0.7466252,-0.33865476,0.026263028,0.21049306,0.1419575,0.10063294,0.23949063,-0.051042575,-0.19407071,-0.056205355,-0.024953106,-0.13652982,-0.10237742,-0.15108897,0.10312264,0.0991717,-0.07798827,-0.3941257,-0.09143842,0.27342427,0.046842482,-0.013426029,0.23379955,-0.685421,-0.476745,-0.1708795,-0.086023785,-0.3398969,-0.10177739,-0.056946114,-0.010191468,-0.0017928493,-0.059744008,-0.34393495,0.09190033,-0.034266744,0.02646547,0.34573022,0.19171008
379,negative,-0.041014135,0.22334377,0.12245563,-0.17754807,-0.026575582,0.2086931,-0.0794808,0.17630863,-0.0805051,0.26828173,0.031722818,-0.00963072,0.2457309,0.31332436,-0.027079675,-0.1605272,0.103412844,0.014775026,-0.41710514,0.24195595,0.37076488,-0.27921093,0.100520484,-0.03196407,-0.025041949,0.014473288,-0.29753673,-0.28977045,0.16182733,0.06738285,-0.12500519,0.3771922,-0.043247934,0.011578441,0.10401491,0.06694375,-0.16061896,0.13807568,0.2708533,0.027183555,-0.3167725,0.029899431,-0.09259401,-0.24243343,0.2552389,-0.04798433,-0.10321596,-0.17265439,-0.14024405,-0.446799,-0.11422682,-0.08176465,-0.10041916,0.8475204,-0.105492845,-1.6907805,-0.18938887,-0.14522444,1.4023083,0.38947588,-0.028026257,0.4598373,0.0045444528,-0.10920503,0.49369147,0.027846182,0.19737345,0.18689741,0.0074004987,0.059378468,-0.034324903,-0.27628124,-0.2143142,-0.28906217,0.10848841,0.23353823,0.012415635,-0.008090491,-0.535081,-0.14002748,0.60494614,0.0393943,-0.31629837,-0.14741184,-1.0269238,-0.20240662,0.15859415,-0.07378812,-0.069112495,-0.13811558,0.0108296685,-0.09187244,-0.012417032,-0.1591197,-0.4379684,0.06586999,-0.090058506,-0.1954258,0.17696716,-0.023178006
380,negative,-0.062449254,0.15412876,0.2983508,-0.11107512,0.09534715,0.027769713,-0.06475743,0.034373987,0.2002319,-0.01787019,-0.077708825,-0.096240506,0.23649155,0.21897322,0.08630082,-0.16253181,0.018959051,-0.09171006,-0.3579234,0.0068280036,0.2438585,0.05533437,0.07799082,-0.084641,0.25564376,-0.055263225,-0.122433946,-0.33618787,0.201672,-0.07892126,0.10346571,0.30634424,-0.00083975797,0.0047161323,-0.032293543,0.15653284,0.053091858,0.047481135,0.0026474346,-0.0037182695,-0.4764137,-0.11750274,0.25436634,-0.18364307,0.06567679,-0.1933035,0.15683071,-0.021284781,-0.08573598,-0.5511107,0.08425135,-0.05490688,0.14746861,0.9154116,-0.19469757,-1.896244,0.02345056,-0.21372898,1.2424492,0.31706446,-0.10067615,0.6232314,-0.09754123,-0.16516507,0.45857623,0.10937735,0.33677226,0.28027785,-0.102563545,-0.011886773,0.1486661,-0.37412128,-0.2602607,-0.2504651,0.007710605,-0.039167315,-0.105194315,0.1353562,-0.60979265,0.035662755,0.5895347,0.037094187,-0.27807328,0.114944786,-1.0610366,-0.10869354,0.09037219,0.097337954,-0.055320866,-0.23457736,0.01202025,-0.10392581,-0.13021088,-0.011913009,-0.45060694,0.09061866,-0.09223869,0.041050825,0.45214534,0.09179783
382,negative,-0.24002475,0.27317846,0.19692583,0.049317576,0.08081567,0.028849874,-0.259087,-0.02700653,0.10293599,0.19877854,-0.28465202,-0.073689654,0.21996836,0.043764383,-0.04062527,-0.10864657,-0.019882306,-0.11866609,-0.39256656,0.022568667,0.337599,-0.09062608,0.25202155,-0.08330389,0.105844855,-0.16706958,-0.026008654,-0.33622032,0.09202502,-0.047605596,-0.026582178,0.32013503,-0.14118952,-0.06753351,-0.024299119,-0.006521125,0.1138958,-0.08419146,-0.07174886,-0.05617964,-0.50618994,-0.10070904,-0.080470815,-0.24778375,0.13775161,-0.11403634,0.35571712,-0.14786284,-0.18882614,-0.61011857,0.07594221,-0.0506192,-0.12303176,1.0417322,0.1509301,-2.1241748,0.024260413,-0.2662901,1.4362212,0.40756547,-0.12627977,0.45634085,-0.104966186,-0.24006818,0.8068031,0.20153348,0.21836956,0.016189802,0.33904397,-0.08695083,0.1444464,-0.23542733,-0.30440465,-0.12958743,0.17775834,-0.17371687,-0.10059526,0.076569386,-0.79485816,0.04972951,0.6535352,0.053021878,-0.35851806,0.06442294,-1.1478152,0.08663843,-0.11487994,-0.084022015,-0.14467779,-0.32955745,-0.107882984,0.070924886,-0.2457434,-0.101890326,-0.44374835,0.045066904,-0.004495934,-0.19202897,0.482704,0.16434328
384,neutral,-0.047809456,0.17162965,0.2357972,-0.17901604,-0.22397174,0.14562047,-0.14224198,0.19550851,0.08449432,-0.19542801,-0.028132627,0.09809931,0.13792157,-0.0026908643,0.15908374,-0.030221976,-0.15039279,0.19329791,-0.14770238,0.22981337,0.22945832,-0.08185996,-0.030941652,-0.12907253,0.013181774,0.1598112,-0.17198233,-0.47737807,0.41439337,-0.1156608,0.00044667505,0.2978669,-0.0797835,0.18570617,-0.056671686,0.1772209,-0.104091994,0.16185899,0.010298215,-0.22576389,-0.1822745,-0.1681524,-0.13972852,-0.26227337,-0.1556414,0.010125231,0.13537169,-0.011975887,0.008089344,-0.73876125,-0.044007234,-0.059388872,0.12996885,0.6790607,0.08681826,-1.7677977,-0.09543048,-0.08674659,1.073589,0.42631224,-0.008123651,0.8532624,-0.2273392,-0.12330291,0.51980674,0.22500119,0.2904822,0.082401186,-0.06301405,-0.38627186,0.068829775,-0.22408983,0.031842593,-0.27314615,-0.027544772,0.0016319468,-0.044440366,-0.14403075,-0.23477656,-0.023627518,0.40479827,-0.061485257,-0.59491783,0.092116475,-1.1926278,-0.13996977,0.26118857,0.08612289,-0.2598655,-0.17923863,0.02714696,0.056943517,-0.027756982,-0.11018286,-0.43073606,-0.10662446,0.059746336,-0.33703044,0.30011752,0.08076216
385,neutral,0.09589344,0.31452522,0.27241495,-0.28249583,-0.37264097,-0.1161426,0.073543765,0.13885392,-0.16109747,-0.30065534,-0.13931246,-0.09023265,0.15207845,0.16754664,-0.18390931,-0.20433928,0.3256341,0.16995184,-0.45257524,-0.05289329,0.2136797,0.09100661,0.10534961,-0.13412759,0.3602601,-0.19364066,-0.3534239,-0.588583,0.53993773,-0.049902245,-0.27432612,0.69020134,-0.19251671,-0.28124267,0.1057925,0.101404086,0.14097302,0.114302605,-0.11009341,-0.25767547,-0.3979532,-0.12904483,0.29753235,-0.22874886,0.09745297,-0.12114156,0.108849645,-0.13084583,-0.02875369,-0.571685,0.0810018,-0.02770853,-0.22458175,0.53520083,0.081892475,-1.7618855,-0.13136639,0.0067697545,1.0873903,0.6973931,-0.024235234,0.11036232,-0.37664926,0.05011341,0.49840695,0.008073899,0.05753959,0.53600085,-0.016799625,-0.23780404,0.11144954,-0.1542499,-0.3593113,-0.55196923,0.18172327,-0.11484798,-0.14785783,-0.10809262,-0.5976384,-0.006909661,0.3552115,-0.14632012,-0.31901324,0.04391422,-0.9347746,-0.07737275,0.00512508,0.38578343,-0.022241902,-0.22168872,-0.25069177,-0.14774145,-0.21350281,0.05550981,-0.38956028,-0.027271312,0.0045158635,0.19853273,0.35090464,0.20747057
386,negative,-0.45308796,-0.061287522,0.44095466,0.2847793,-0.061786756,-0.4420089,-0.27584434,0.30775476,-0.1387837,0.4113919,-0.019300397,-0.10894118,0.23928332,0.39028084,0.036366075,-0.15515739,-0.15244275,-0.24191539,-0.50917333,-0.18140967,0.25444466,-0.2584044,0.073906265,0.038676333,-0.029987734,0.18090153,0.09836747,0.4076395,0.3239297,0.09332252,-0.38529673,0.38830277,-0.06616293,0.12989713,-0.109595455,0.008726078,0.19920194,-0.20390755,-0.18978979,0.13204907,-0.7546039,0.0003060388,0.41097248,-0.10902263,0.5490535,-0.36833888,0.112986036,-0.11422563,-0.139137,-0.22837281,0.084191374,-0.09838191,0.14485137,0.8659921,-0.2972416,-1.7206259,-0.11068571,0.15114373,1.3523418,0.17056279,-0.2533763,0.15256123,-0.13283019,-0.1997571,0.311619,0.3034264,-0.2262886,0.097864,0.076652706,0.06731487,0.31145582,-0.45672363,-0.50193155,-0.4861419,-0.06050081,-0.0070635914,0.16308853,0.28444177,-1.0448495,-0.055583183,0.6756269,-0.18500347,-0.02964631,-0.13480638,-0.48011655,-0.16184248,0.10697435,0.17404999,0.30861366,-0.14661403,0.23865384,0.28302518,-0.1763439,0.08729403,-0.32797346,0.3230317,0.18206888,0.07378556,0.44954938,-0.10777665
387,neutral,-0.17446919,-0.11368918,0.24837957,-0.021334251,-0.2466375,-0.03477936,-0.20368685,-0.03934474,0.062190253,0.046767127,-0.16716592,0.060103606,0.13162565,-0.00024517896,-0.006305127,-0.12502588,-0.05713748,-0.036872916,-0.45763838,0.14722073,0.42784494,-0.10314,0.119458936,-0.06286239,0.047215085,-0.023040127,-0.17972277,-0.1767024,0.31170648,-0.1791048,-0.1550729,0.04337846,-0.04606685,-0.01598589,0.103567064,0.02976425,0.2908902,-0.105200276,-0.1976634,0.02193118,-0.42793846,-0.11275422,0.041259497,-0.19039589,0.17460951,-0.17540045,0.28762707,-0.15808491,-0.18794505,-0.7102303,0.010934427,0.2408483,-0.05507854,0.89649725,-0.075419426,-1.9694418,0.039768074,-0.3502963,1.0664039,0.3649517,-0.17981757,0.3177656,-0.21087793,-0.3194169,0.6442291,0.18670298,0.046016317,0.097241074,0.022288345,0.0084962305,0.29633608,-0.3595128,-0.24116768,-0.32653293,0.19320051,0.076506674,-0.025003185,0.15705296,-0.7588036,0.33668464,0.48538253,-0.13833494,-0.23069213,-0.019149208,-0.8359978,-0.11852573,-0.054469757,0.11985455,0.09489586,-0.5083607,-0.19365628,0.023412263,-0.3339961,0.13440672,-0.4254488,0.16354752,0.10758746,0.0076259696,0.30939934,0.16355644
388,neutral,-0.3841175,0.33235833,0.081894875,0.028640706,-0.05032214,-0.022467779,0.04039268,0.08828651,-0.2597198,0.2629685,0.075029224,-0.20011897,-0.012326807,-0.0070402646,0.08283523,-0.16462785,0.2005987,0.03871577,-0.34356123,0.21770501,0.08386971,-0.27812734,0.28716454,-0.13200288,0.338515,0.49776268,-0.11957548,-0.25411677,-0.12441442,0.3209126,-0.4461638,0.52382874,-0.2820766,0.0034358418,-0.12437426,0.116919376,0.24323148,0.22378646,-0.0789294,-0.19114953,-0.4050289,-0.24555834,-0.09309961,-0.23527168,0.436606,-0.06634151,0.013629408,-0.16896077,-0.33570072,-0.49660444,-0.27555752,0.09233806,-0.14121178,1.076383,-0.14134042,-2.037167,-0.34056187,0.1452394,1.6216944,0.1951365,-0.18511139,0.53131336,-0.40105063,0.04021522,0.60766596,0.11882292,-0.09324358,0.48101085,0.34093496,-0.047155518,0.2047784,-0.49148867,0.013409443,-0.33826208,0.008950977,-0.025025694,-0.29848275,-0.18182176,-0.46311697,-0.08871965,0.981664,-0.17125732,-0.31505534,0.10306643,-0.9121008,-0.1110571,0.07599039,-0.026754307,0.42883432,-0.05178783,-0.14918642,0.2378979,0.10534795,-0.25246423,-0.5115942,0.29162127,0.16689877,-0.1226824,0.43179822,0.107102185
389,neutral,-0.121100284,0.25493735,0.40299258,-0.053514544,-0.2109165,0.03486172,-0.08502317,-0.17942283,0.12224392,0.0013193397,-0.1530981,-0.13982596,0.16622609,0.0727706,-0.095503554,-0.06049753,-0.14302956,-0.15432124,-0.37227076,-0.08667249,0.14952539,-0.023013469,0.17597754,0.06778596,0.12171116,-0.053239558,-0.13957228,-0.113789685,0.21171388,-0.06549306,-0.05755893,0.2572413,-0.16734336,-0.13042708,0.19438717,0.24483025,-0.057090994,-0.08142455,-0.1648926,-0.23198023,-0.45761257,-0.049785793,-0.01369082,-0.1943482,0.015859963,-0.13694194,0.3128554,-0.22172175,-0.13717371,-0.66892755,0.19108227,0.08984725,-0.07260572,0.8274266,-0.104540735,-1.7581846,0.04906409,-0.24497652,1.2159979,0.29854837,-0.12484215,0.5571424,-0.22825916,-0.27280682,0.572749,0.00088112406,0.13770509,0.30326787,0.08511624,-0.2411337,0.08812167,-0.3963514,-0.18204068,-0.35782152,0.07940816,0.04966832,-0.24879798,0.13913307,-0.6466514,-0.024630085,0.4447775,-0.07641087,-0.38136718,0.16825956,-0.9706198,-0.2060184,-0.15994194,0.029995486,-0.050847366,-0.3559391,-0.16619332,0.09468345,-0.010308594,0.01083242,-0.39877775,0.19058667,0.012315251,-0.00685402,0.4154429,0.43797946
393,neutral,-0.22487779,0.00097497576,-0.013263968,-0.04699157,0.09021273,-0.16607277,-0.06689497,0.19104746,-0.2557232,0.43282917,-0.06416769,-0.3012413,0.1927366,0.11673304,0.17579684,-0.09278784,0.08604198,-0.046716947,-0.63125885,0.10004106,0.40999034,-0.079837404,0.14440264,-0.15380342,-0.049938206,-0.016898138,-0.044987943,-0.121330515,-0.109612025,0.09012501,-0.06497758,0.25373933,-0.10539265,0.16011928,-0.011371627,-0.12906514,0.15341812,0.09368912,0.1181159,-0.067722954,-0.17867911,-0.23638505,0.17312485,0.09294842,0.43389046,0.07574898,0.08741091,-0.0067372182,-0.04114737,-0.3346758,0.12529182,0.062174127,-0.073633045,0.7550993,-0.050664514,-1.9667041,-0.062518835,-0.37470135,1.6083467,0.41518515,0.06525948,0.42066917,0.24373908,0.010348015,0.49948663,-0.031658486,-0.013563262,0.24969976,0.17822945,0.25546077,0.029796496,-0.37312585,-0.1657626,-0.43621892,0.11469989,-0.17696255,0.026624594,0.18792239,-0.6967346,0.11352655,0.53315455,-0.07251106,-0.3594832,0.03746147,-0.7981561,-0.08128672,0.258208,-0.031357482,0.15985104,-0.10732469,0.19947839,-0.030467428,-0.12942028,0.11787408,-0.40535808,0.3345378,0.079632945,-0.13142832,0.5798173,0.097652026
394,negative,-0.18715316,0.22969824,-0.030097857,0.116613746,0.03927469,-0.24790339,-0.43241814,-0.102675766,0.256962,0.68848544,-0.15028016,-0.12823862,0.1860661,-0.08818097,0.0848758,0.20164011,-0.37333235,-0.0876304,-0.6025058,0.112645425,0.26218602,-0.19263572,0.11189627,-0.15279971,-0.06930358,0.097573236,-0.1261218,0.060743734,0.15219736,0.023683077,-0.04442135,0.11619965,-0.03847874,0.041948464,0.016648319,-0.060041845,0.3872654,-0.11505444,-0.055514056,0.1857514,-0.4834561,-0.05471012,0.16290668,0.03620093,0.25949615,-0.30736804,0.34397465,0.04905741,-0.15811285,-0.372856,-0.008315932,0.12981777,0.13782533,0.9376474,-0.1285037,-1.5798562,0.06996945,-0.27524292,1.2187572,0.22027142,-0.10108507,0.16680929,-0.046414215,-0.2329873,0.57967144,0.30571398,0.0068181916,0.17998594,-0.15175886,-0.07966322,0.2344764,-0.42168653,-0.23181811,-0.5146783,-0.0423617,-0.07779387,0.06856778,0.20751157,-0.6480727,0.02408739,0.8079552,-0.02569699,-0.26960978,-0.0041548284,-0.8042112,-0.061429158,0.024658099,0.29450357,0.029509058,-0.2579929,-0.043978497,0.12746076,-0.33744642,-0.14268683,-0.41989377,0.058421537,0.055703815,-0.01443609,0.4730387,0.203301
395,negative,-0.35972807,0.24100254,0.17965287,-0.077633,-0.06621165,-0.40152174,0.10051977,-0.2801011,0.096286066,1.1377121,0.40971324,0.0866465,0.52796566,0.44689694,-0.2096318,-0.20011753,0.23077077,-0.19882378,-0.12139385,0.059430934,0.73523474,-0.39391947,0.15459977,-0.38795844,0.08564544,0.3188318,-0.6351632,0.55066556,0.23128617,0.17849745,-0.28147537,0.34804368,-0.0063477266,0.11246041,0.34310517,0.027968464,0.21433388,-0.05218237,0.5845221,0.15115982,-0.41021705,-0.033596907,0.29566982,0.3592988,0.86995476,0.037748992,0.042076766,-0.03756483,-0.047186438,0.060054425,0.12376364,0.8905158,0.2038803,0.97117585,-0.23932262,-1.2464371,-0.33779645,-0.12986949,1.7401764,0.49418736,0.16238202,0.41140646,0.35591182,0.1338353,-0.15609322,0.4400004,-0.26724455,0.24101748,-0.24361269,0.39452434,-0.11480668,-0.6422655,0.25676718,-0.19306028,0.002183232,0.31077784,0.58336943,-0.09879001,-0.8596707,0.15927161,0.43608943,-0.53967625,-0.11611054,0.30257633,-0.5477207,-0.507521,0.6583205,-0.12567343,-0.18600045,-0.20529476,-0.16698483,0.52729297,-0.031133296,-0.038527858,-0.2034284,0.32683858,-0.045118485,-0.08873834,0.24002998,-0.3928824
396,negative,0.07111205,-0.074313454,0.20837848,-0.16157867,0.05257684,0.024119824,-0.2911362,-0.029786417,0.17261791,-0.086726174,0.19734384,0.056818757,0.17166047,0.031986497,-0.1635386,-0.0788829,0.33438742,0.17293112,-0.4978083,0.29778114,0.2058201,-0.2505967,0.14325571,-0.08831808,-0.022773242,0.079812884,0.2176204,-0.4394161,0.1493838,-0.11079389,0.26713297,0.42218843,-0.26201904,0.17175192,-0.06893054,0.10065884,-0.1313862,0.04137224,0.25410557,-0.2590939,-0.24602129,-0.08140261,0.091296434,-0.26295048,-0.049866296,-0.272337,0.049540464,-0.28901067,0.040274326,-0.5703197,0.4855496,-0.14453067,0.031398922,0.698674,-0.16932374,-1.5281166,0.050616156,-0.11863444,1.3222226,0.39842692,-0.21706265,0.411525,-0.16809434,-0.37587324,0.84851587,-0.13279589,0.26864758,0.6739606,-0.1049069,0.040860035,0.13541482,0.18174683,-0.38291535,-0.52511203,0.040602956,0.22401898,-0.3290465,-0.07433744,-0.79884815,-0.015302423,0.35801363,-0.179594,-0.1877906,-0.047721077,-0.94891506,-0.09591674,0.07774767,-0.040391564,-0.059173934,-0.13487525,0.10950617,-0.2593875,-0.19364043,0.018031368,-0.05415723,-0.045876894,0.11487304,-0.08005373,0.3457661,-0.07209465
397,neutral,-0.11247567,0.27655983,0.18574044,-0.023378355,0.008171704,-0.43308562,-0.2692631,0.037475865,0.18255903,-0.0014832504,-0.2905456,0.020563709,0.07736019,-0.008236091,0.033095967,-0.17122796,-0.12613387,0.06280816,-0.27925104,-0.068889745,0.185467,-0.08923432,0.20431356,-0.05578887,-0.0738345,0.15236107,-0.21636282,-0.17968361,-0.04630325,-0.10965571,-0.088644505,0.29366025,-0.25933048,-0.12617822,-0.026745193,0.12773587,0.2718278,0.0629934,-0.19956669,-0.09619185,-0.26045808,-0.22081552,-0.16464977,-0.26758292,0.28211606,0.0731687,0.2244517,-0.04419625,-0.29239565,-0.7211959,0.113547266,0.040000916,-0.06264885,0.80526304,0.058366846,-1.540446,0.07100881,-0.31840062,1.3878059,0.18983552,0.014702174,0.15849088,-0.22834155,-0.12562776,0.65276086,0.08613896,0.16654629,-0.18466581,0.3451496,-0.39075586,-0.061106127,-0.32919857,-0.027491365,-0.11533318,0.2144063,-0.05980328,0.02097107,0.02793112,-0.70123005,0.18438715,0.6320688,0.010922992,-0.43082976,0.08823239,-1.1365932,-0.10929771,0.16029668,-0.06002662,-0.21214303,-0.302602,-0.0127187725,0.057655346,-0.13073733,-0.2307119,-0.33532754,0.07676123,0.26295772,-0.22672932,0.5733791,0.13637142
398,neutral,-0.09433275,0.15543035,0.26765686,-0.106613226,0.115589,0.1325498,0.32037404,0.46751484,-0.3340219,0.09385342,0.28510252,-0.14937021,0.18837054,0.15596542,0.1602477,-0.27707484,0.09916681,0.058189202,-0.33459675,0.0319562,0.602681,-0.19570072,0.061413493,0.24533199,0.4774184,-0.13467845,-0.18934684,-0.10630359,0.24468502,0.1648558,-0.13058767,0.16144553,-0.020280069,0.09204693,0.11133859,0.09999128,-0.2082006,0.09044114,-0.11602803,0.013419887,-0.38103673,0.0111720655,0.43711033,0.046204563,0.26036745,-0.11055515,0.13283387,-0.5755136,0.06336756,-0.6469216,-0.12540789,-0.11387672,0.14350286,1.0778152,-0.21109356,-2.6320302,-0.13643563,0.0050662216,1.7578043,0.7404174,-0.45728308,0.7092989,-0.13456665,-0.015761357,0.52236104,0.10655254,0.13657308,0.2274738,-0.13200954,-0.14769258,-0.1281894,-0.21976362,-0.25146177,-0.26230508,-0.012683429,0.3709265,-0.28508124,-0.19558425,-1.0244831,-0.01874306,0.56943446,0.016336596,-0.21468343,0.22658892,-1.1817199,-0.1493077,0.21797699,0.038124632,0.114806734,-0.09236733,0.004499396,0.08649108,-0.13193649,0.10928717,-0.6933655,0.088778906,-0.0697318,0.18554781,0.4570131,-0.10570367
400,neutral,-0.07330218,-0.020721536,0.15088335,-0.039643522,0.31517076,-0.40901887,0.04782747,-0.008232265,0.2962942,-0.04665448,0.057511006,0.032122683,0.4925101,-0.06964864,0.03925804,-0.23628435,0.03605738,-0.110324025,-0.19995144,-0.23453298,0.5740132,-0.2753853,0.26003927,0.08694977,0.12241738,0.017574456,-0.4873786,0.08411773,0.2634594,-0.3798814,-0.25610518,0.043421302,0.12842885,0.12699653,0.1520045,-0.035945836,0.12991089,-0.105329975,-0.23405963,-0.15195867,-0.4697451,-0.34778932,-0.09896954,0.15188615,0.13549331,0.05211827,0.23063059,-0.13501742,0.04131055,-0.13814491,0.21452975,0.4222686,0.09343635,0.99018615,-0.20667124,-1.5051863,-0.03333033,-0.5424771,1.0702145,0.35126472,-0.5894338,0.5425115,0.022469098,-0.11762486,0.28521493,0.5241093,-0.111138366,0.13007806,0.050993893,0.023582349,0.12924577,-0.1344478,0.3368,-0.20132336,0.07503886,-0.10330562,0.07740746,0.25406134,-0.48514393,0.110144354,0.36250564,0.0059128148,-0.09790096,0.2144212,-0.50562805,-0.17071162,0.16910562,-0.13033938,-0.06405062,-0.31934217,-0.25670242,0.5906803,-0.19705458,0.0022509575,-0.34575233,0.16290863,0.072337866,-0.08429935,0.09335067,0.05417355
401,negative,-0.0375101,0.3448853,0.28009483,-0.20189466,-0.042466458,-0.49702483,-0.5288953,-0.43505314,0.060668305,0.2144834,-0.21272077,0.09710831,-0.11383999,-0.07617497,0.083691925,0.09178452,-0.6005236,0.024134398,-0.09523439,-0.2307384,0.36591783,-0.2997459,0.12668355,0.09529688,0.042523444,0.31947497,-0.33899832,0.10416655,0.17173265,-0.015047908,0.02344409,0.023249412,-0.45169884,0.14258936,-0.29105353,-0.23579536,0.33217674,-0.32286698,-0.0017081668,-0.14572187,-0.61806893,-0.100393474,-0.32797387,-0.20095068,0.554731,0.0012385575,0.5583008,0.012140751,-0.19289002,-0.8668351,-0.16491339,0.24451508,-0.12754966,0.8291983,0.26254356,-1.699721,0.25206548,-0.18831415,1.0035019,0.17067698,0.22287591,0.34385458,-0.35686132,-0.35760394,0.6873946,0.44972956,-0.051210973,-0.21686274,0.40760818,-0.4060973,0.4076233,-0.24978766,-0.35045764,-0.039723206,0.111433834,-0.21490966,0.1777948,-0.037273902,-0.6459688,0.11462013,1.0863612,-0.049808376,-0.57351047,0.20938148,-0.48696384,-0.5217698,0.12547182,0.13126777,0.1497245,-0.53391683,-0.017560842,0.25824252,-0.283884,-0.22230345,-0.29814014,-0.16089223,0.27194256,-0.07930451,0.41928953,-0.0954778
402,neutral,0.16879752,-0.06397907,0.24307448,-0.23664439,0.033453763,0.24451223,-0.38378635,0.38631353,0.35963216,0.6748368,0.045622528,-0.2424981,0.2622395,0.24092934,-0.03768848,0.09731894,-0.23166093,-0.1910453,-0.5075147,0.022845313,0.3907364,-0.45178398,0.07878215,-0.48718977,0.016557049,0.057775926,-0.17735642,-0.08120217,0.4307266,0.48171303,-0.04263498,0.14140587,-0.27890152,0.3227864,-0.03869146,0.071733445,0.25257945,-0.16136257,0.31651425,0.11911778,-0.43761563,-0.15253717,0.27971113,-0.18154126,0.05421217,-0.28171578,0.16508077,-0.09833292,0.18374239,-0.51369125,0.21809031,0.18130064,0.26083645,1.1766855,-0.18546735,-1.8385143,-0.28210142,0.055146538,1.3158935,-0.05899169,0.05229501,0.44114664,-0.19292796,0.054268267,0.36723268,0.015575803,0.26043618,0.17492618,-0.25770807,0.31116107,0.03722909,-0.407347,0.09846346,-0.6501102,0.34962875,0.29079053,0.58211106,-0.14633955,-0.7559631,-0.18953885,0.7849459,-0.09228053,-0.31726265,-0.16754307,-1.0913227,-0.23088475,0.20304269,0.34567466,-0.012925463,-0.2752656,0.25591245,-0.01851813,-0.17861456,-0.010744993,-0.52601373,0.40095013,-0.20514148,-0.11286285,0.5302063,0.1036365
403,negative,5.665092e-05,0.14903885,0.3148418,-0.16815569,0.061269026,0.2878466,-0.39228478,0.047567606,0.10495631,0.15097356,-0.12251687,0.15846983,0.164397,0.09468531,-0.052048128,-0.014330901,0.21397097,-0.054465666,-0.6156829,0.23638937,0.058173586,-0.2859574,0.29955757,-0.21920112,-0.043934032,-0.033667605,-0.15061545,-0.40706956,0.26999465,0.1619221,0.26030713,0.4161958,-0.08329078,-0.039624456,-0.051777136,0.05410036,-0.027309706,-0.069482915,0.00458234,-0.058359053,-0.56358045,0.100910716,0.24780597,-0.11120788,0.0729495,-0.24792321,0.12214485,-0.33041474,-0.3494881,-0.5332899,0.15282302,-0.05118175,0.17532498,0.937326,-0.113354646,-1.5692976,0.113653414,-0.19505474,1.3394347,0.30663735,-0.09468415,0.3107596,-0.17082429,-0.32918617,0.72211444,0.14406146,0.16672368,0.3120938,-0.00028225363,0.1109138,0.17711215,-0.31062034,-0.028225087,-0.2815389,0.09128997,0.11643006,-0.14561272,-0.03908457,-0.7542784,-0.12897931,0.5630819,-0.19843884,-0.08851308,0.0020418586,-1.2036762,-0.10908132,0.07709792,-0.018386927,0.20781614,-0.29156244,0.16897126,-0.22261055,-0.08669655,0.14801407,-0.31530797,0.04754046,-0.070446506,-0.20724258,0.3967553,-0.015177707
404,negative,-0.075326756,0.38043064,0.28998232,0.010589925,0.03916855,0.10782605,-0.13766497,0.011515051,0.08512796,0.15071665,-0.04503868,-0.07990781,0.20304875,0.02271661,-0.04441235,-0.24318074,0.07351652,-0.04959246,-0.32069826,0.099020325,0.40332612,-0.1472646,0.042770784,0.008591528,0.20302634,-0.049071334,-0.12726392,-0.12073809,0.16153629,-0.028660456,-0.058364756,0.28354266,-0.09029508,-0.12892842,-0.24844083,-0.005042602,0.0159187,-0.037788887,-0.02925901,0.086336106,-0.43409395,-0.14528815,-0.028492574,-0.14516957,0.22493248,-0.0168184,0.21720725,-0.152998,-0.15473142,-0.4845083,0.0009341353,-0.049453687,0.010295809,0.89211977,-0.014491011,-1.7013388,-0.03830021,-0.20889837,1.2728515,0.28881243,-0.048217576,0.5897785,-0.13672175,-0.23883803,0.54007465,0.01997442,0.13344511,0.110340744,0.12727626,-0.057468295,0.24928966,-0.2493845,-0.22601509,-0.20334771,0.24292089,-0.02623963,-0.032531023,0.12324026,-0.65495384,0.10032978,0.4953335,0.122148566,-0.2591195,0.16765137,-0.900614,0.08533409,0.0101362225,-0.18995018,0.033903837,-0.17671254,0.06749789,0.110850595,-0.12031472,-0.08670089,-0.48010355,-0.028603211,0.027426792,-0.10456712,0.360519,0.14453973
405,neutral,0.0053432775,0.15941986,0.19016756,-0.21315947,0.08171932,0.41113597,-0.10786379,0.21408275,0.18873578,0.10174266,0.0742684,0.03786351,0.30297208,0.11521834,0.02453315,0.08398684,0.058253463,0.035689637,-0.23770848,0.04492864,0.38635194,0.0518151,0.16124433,-0.1419062,0.23499236,-0.1510662,-0.24945363,-0.14284776,0.06458804,0.07613141,-0.050445005,0.059319057,0.038557068,0.09162297,0.10749163,0.00020686026,-0.07273498,0.012706276,0.13179079,0.00304675,-0.16579176,-0.23631331,0.15456495,-0.16951591,-0.026431324,0.14788544,-0.032516975,0.10759095,0.011461184,-0.341309,-0.084842384,-0.010110362,-0.008556915,0.8222789,0.018902266,-1.534202,-0.22793648,-0.07820741,1.1180357,0.30019847,-0.041620657,0.643207,0.04216785,0.14296561,0.42225742,-0.011244918,0.24782488,0.10083266,-0.12072393,-0.052050546,-0.11964799,-0.1611433,0.032396812,-0.23074982,0.050076842,0.1967932,0.02001875,-0.09493911,-0.43018812,-0.008177153,0.44241586,0.18059924,-0.20217374,0.004486372,-0.7364295,-0.31214744,0.11036992,-0.0415069,-0.18575726,-0.16621803,0.21313064,-0.047799263,0.12309396,-0.041427832,-0.43935496,0.16007683,-0.11751617,-0.010667216,0.40504313,-0.13496761
406,negative,-0.16658814,0.28506523,0.096805714,0.030271562,-0.067292206,0.118193254,-0.31783828,-0.0874943,0.037817363,0.10445917,-0.2179618,-0.039247412,0.281009,0.0088111535,-0.0060793534,-0.108072124,-0.05248301,-0.076877266,-0.47896895,0.22651216,0.4910718,-0.108616404,0.18933128,-0.0781548,0.06801878,0.018493962,-0.10723476,-0.292687,0.26148778,-0.02747923,-0.017548615,0.20107065,-0.17541474,-0.016419057,0.07799331,0.009045892,0.16394037,-0.096297346,-0.038100727,0.010189836,-0.48530573,-0.056544878,0.12677462,-0.16566436,0.12240087,-0.26191953,0.2496657,-0.12533286,-0.17985028,-0.6426129,0.0974111,-0.093694106,0.030371755,1.0576047,0.13426682,-1.7961688,0.10363254,-0.26093477,1.3733954,0.2569013,-0.04973224,0.5486024,-0.22473413,-0.2773717,0.721844,0.09138473,0.16384363,0.081955746,-0.010941956,-0.05488966,0.18731968,-0.37147185,-0.17686209,-0.19074214,0.15460093,-0.041899443,-0.074303225,0.057689317,-0.6800257,0.0033514143,0.5201448,0.12266017,-0.32298058,0.11735002,-1.1144129,-0.11006075,-0.15343766,0.060523655,-0.07747872,-0.37690645,0.010590706,-0.06681236,-0.11902487,0.058567453,-0.38703758,0.1047381,-0.014784742,-0.10313823,0.33936036,0.10088875
407,neutral,-0.20135011,0.27168953,0.15993734,0.12650672,-0.10345616,-0.19554584,-0.29937422,0.08078397,0.058676112,0.34764406,-0.055344515,-0.11107033,0.055408392,0.05990468,-0.0035669496,-0.14263871,0.13033713,0.04427693,-0.41613722,0.27572104,-0.09669096,-0.32423678,0.028913159,-0.024374757,-0.24340811,0.079480045,-0.12733011,-0.13759303,0.012707686,-0.08135023,-0.012740215,0.34255382,-0.13514887,0.0541392,0.16142659,0.21330172,0.069463335,-0.19196111,-0.14296547,0.0025922484,-0.4572778,0.06609764,0.16512866,-0.1345762,0.22825697,-0.26950204,0.05626739,-0.19674791,-0.28584352,-0.56592,0.25701857,0.19628727,-0.024432575,0.72407776,0.08003081,-1.2301055,0.33280906,-0.52124274,1.5124029,0.14213899,0.049571954,0.21986012,0.023197921,0.063683555,0.5474876,-0.025577068,-0.12539485,0.2574275,0.011755369,-0.0060678036,0.07928774,-0.48346645,0.022404743,-0.31866795,0.30245093,0.29668587,-0.049893826,0.11958174,-0.7218279,0.04599702,0.5223951,-0.29022226,-0.39200157,-0.10324572,-1.067595,0.13535173,0.39468044,0.15137917,0.01079609,-0.14356056,-0.048467226,-0.030104633,-0.08395019,-0.13995208,-0.17815301,0.087223075,0.027381012,-0.0962585,0.29185542,0.007730549
408,neutral,-0.083346464,-0.13468726,0.095460884,-0.3043027,0.0796936,0.16828643,0.24601117,-0.07206428,-0.073875315,-0.16947004,-0.0077465405,-0.017423922,0.021123812,0.07407162,0.01851015,-0.22299504,0.16358617,-0.07032575,-0.31383303,0.2623138,0.30999234,-0.016065529,0.2548412,0.14812319,0.29087788,-0.006644835,0.18837225,-0.0876938,0.15252392,-0.056601427,-0.33662003,0.3601382,0.03420368,-0.07942992,0.16159749,-0.02547462,0.0005410548,0.46011984,-0.08091038,-0.26220787,-0.22877702,0.07568152,0.0018029178,0.28214064,0.007868064,-0.093843,-0.23131154,-0.4805325,0.18032919,-0.08742153,0.21567427,-0.2332675,0.045001097,0.21811838,-0.10929184,-1.4587549,-0.22502406,0.15747887,0.5487098,0.2447789,-0.0024535144,0.25089133,-0.085819215,0.03858501,0.46912205,-0.15190765,0.21161936,0.23705228,0.061142337,0.23515204,0.028947264,0.27090847,-0.10808726,-0.39827543,0.12912922,0.06867463,-0.26457405,-0.15222211,-0.49106377,0.007467428,0.108786,-0.10960688,0.019531019,-0.022348106,-0.5836713,-0.04045922,-0.17698559,0.004843328,0.07657431,-0.21096173,-0.13909064,0.017362315,-0.2141086,0.13695617,-0.2641862,-0.1123523,-0.03669413,-0.033742167,0.03414444,-0.18629694
409,negative,0.11148187,-0.12648028,0.13733588,-0.11831827,0.22392468,0.0940822,-0.22520809,0.019661762,0.049593773,0.21002634,0.03895288,0.080146335,0.107194856,0.016190007,0.04281674,0.019177256,0.023204284,-0.13810809,-0.501231,0.18072785,0.42368567,-0.15129997,0.24647336,0.01735755,0.15502752,0.009481306,-0.04406287,-0.24071485,0.06417255,0.10564684,0.07153004,0.13311833,-0.16527724,-0.007270474,-0.03534618,0.003680921,0.19555078,-0.08481081,-0.012703429,-0.0038018248,-0.39379346,-0.06694531,0.21584462,-0.0738145,0.09584254,-0.27448973,0.12789358,-0.28972733,-0.08984596,-0.29511562,0.21718282,0.008496423,0.14881617,0.92014915,-0.19895962,-1.3768343,-0.10200873,-0.14551261,1.2889622,0.26813412,-0.05891534,0.20022522,-0.017870402,-0.1486696,0.35294056,0.06448826,0.21826683,0.17115352,-0.0154905245,0.14212519,-0.027652487,-0.2226552,-0.08880593,-0.13857,-0.015176304,0.066730745,-0.03146519,-0.023332246,-0.48444304,0.01679791,0.7889019,0.007605002,-0.32079533,-0.098927826,-0.9275373,-0.099392205,0.27602622,0.023949673,0.03442104,-0.22555313,0.14636499,0.073700786,-0.06786053,-0.045567762,-0.33087078,0.051637214,0.06653723,-0.15448153,0.29324713,-0.032514837
410,negative,0.03014169,-0.005531818,0.16130754,-0.20757324,0.13536803,0.30010444,-0.06822402,0.16960028,-0.04461965,0.1969892,-0.036281984,0.088590845,0.0250398,0.12944396,0.15963857,-0.16645285,0.25810006,0.07601341,-0.08396078,-0.035688024,0.011119919,0.060505025,0.2046945,-0.10925656,0.06969925,0.11107911,-0.025728414,-0.13149586,0.08933967,0.084166594,0.19582425,0.25984326,0.100594774,0.22291976,0.053185508,0.16435637,-0.019467397,-0.032757834,0.1128997,-0.2394937,-0.27633762,-0.29924834,-0.08491656,-0.28253195,-0.034191974,-0.30238897,0.014901845,0.04078308,0.15822469,-0.057240568,-0.041621186,0.06268777,0.21707071,0.5873536,-0.3127324,-1.6341462,-0.057683162,0.052226488,0.9795294,0.28070173,-0.11505411,0.39237255,-0.022584094,0.19581771,0.5417511,0.007963966,0.23335063,0.11409166,0.15844081,-0.04599891,-0.18557024,-0.1384641,0.013591751,-0.21341117,-0.0097428365,0.1062841,-0.09335399,-0.004209823,-0.32703453,0.05923244,0.18631151,-0.04557183,0.054419,0.08434129,-0.6193152,-0.12405128,0.028517362,0.18938749,0.16540937,0.07939722,0.11530507,-0.19574766,0.07606555,0.14571483,-0.34833243,-0.2516491,-0.2261595,-0.18915084,0.24103063,-0.11228194
411,neutral,-0.58488584,0.3169981,0.06902771,0.13021542,-0.13847592,-0.018657805,-0.21634756,0.16511117,-0.378984,0.21020868,0.1446648,0.16114962,0.6734821,0.4260825,-0.13105573,-0.36666816,0.11188829,-0.19301607,-0.39452794,0.4989176,0.5212357,-0.2895973,0.77451044,-0.0019142993,0.092316926,0.2561138,-0.4917131,-0.0999819,0.11275593,-0.11944798,-0.3891538,0.10801459,-0.45986292,0.12079723,0.22915283,-0.4215033,-0.16449566,0.17985834,-0.063858144,-0.2097197,-0.82769537,0.20585853,0.41040328,-0.4209175,0.69941527,0.23537837,-0.09181411,-0.00528658,-0.026775789,-0.13988085,0.068127915,0.41097948,0.22620818,0.9659497,-0.20234361,-1.3233362,-0.7547833,-0.4216114,1.2336688,0.11951345,-0.46876743,-0.03115645,-0.27947867,0.05415354,0.0803475,0.5829153,-0.38078186,0.30340454,0.035930175,0.1323434,0.30245274,-0.19775446,-0.17184627,-0.3310076,0.19304875,0.4602431,-0.3923547,0.17316116,-0.53987515,0.0607863,0.333599,-0.15618975,0.10284667,-0.042447824,-0.34089428,-0.06757111,-0.025481049,0.15325706,-0.09985551,-0.15953352,0.115651615,0.23406874,-0.047378056,-0.25648883,-0.22701332,0.36528423,-0.19955157,0.28246668,0.26010218,-0.065645315
412,negative,-0.20078021,0.13559234,0.15447165,-0.0037796919,-0.0070880475,-0.11035978,0.014057629,0.14669685,-0.12833552,0.32254207,-0.0027401203,-0.103167154,0.19481976,0.13345137,0.043921296,-0.0743702,-0.18226086,-0.37337005,-0.40893295,0.1260379,0.4453598,0.011831601,0.2284647,0.08671398,0.26189724,0.010682764,-0.19541608,-0.124448396,0.2165927,0.23636419,-0.25948554,0.19820543,0.002200487,0.17507961,-0.045752123,0.026291652,0.082821585,0.018975362,-0.09083498,0.2070739,-0.3338092,-0.13032357,0.12174725,0.01867002,0.38576627,-0.12609613,0.110221796,-0.124515906,-0.01918791,-0.578444,0.007817238,0.110330686,0.2220254,0.8078139,-0.16621618,-1.9543042,-0.16859125,-0.1423324,1.4569635,0.3217465,-0.10247203,0.48525563,-0.08608652,-0.19269675,0.44216892,0.052411098,0.026951678,0.019570287,-0.12340359,-0.16490623,0.007315702,-0.37579736,-0.26713896,-0.29074538,0.1339437,0.07508748,-0.012607321,0.17165233,-0.5874159,-0.013431345,0.59296525,0.24170804,-0.34263393,0.083606645,-0.8006438,-0.046890177,-0.1216905,-0.11335758,0.23724608,-0.05608225,0.084230304,0.07914441,-0.27468422,0.13671704,-0.63821083,0.27630588,0.21087557,0.21737565,0.57313573,0.16454825
413,negative,-0.037016273,0.4721396,0.22149394,-0.22645088,0.10851876,0.22944236,-0.63228256,-0.28968975,0.034072474,0.3367285,-0.168947,-0.1503456,0.5996529,0.09863957,-0.08708845,-0.09507858,-0.32897726,-0.36757678,-0.57979065,0.05410351,0.53697425,-0.22322164,0.35742673,0.040084112,-0.052765053,0.2419227,0.06782071,0.14951886,0.35364586,-0.068142235,-0.123843245,0.3204341,-0.029521246,0.0816914,0.09056489,-0.02752778,0.5072121,0.24949968,-0.10693276,-0.17017376,-0.9473641,0.16585557,0.54900044,-0.41381788,0.2465326,-0.42512068,0.55281395,0.18951185,-0.0152422525,-0.44197953,-0.23717466,0.3414575,-0.06425824,0.8954661,-0.19292438,-1.6261381,-0.14798574,-0.100755595,1.4382715,0.24468383,0.02427052,0.15479724,0.16233997,-0.3273076,0.3573785,0.44153598,0.12414869,0.127128,0.100777864,0.040065564,0.31660125,-0.2516477,-0.36423513,-0.320093,-0.19759949,0.12274393,-0.33549523,0.061441604,-0.6056165,0.37138405,0.64793026,-0.15213339,0.04412885,0.00858527,-0.68968916,-0.2074923,-0.22113149,0.22113578,0.009186388,-0.12771164,0.19635935,0.04993653,-0.23065571,-0.046207894,-0.44424996,0.20497897,0.058201957,-0.038799994,0.26329157,0.094312645
414,neutral,0.0043556294,0.22939101,0.23567899,0.14736924,0.03096938,0.052995432,-0.27741596,-0.1958338,0.11338682,0.030039875,-0.1592758,-0.007156579,0.3095301,-0.20250565,-0.022515768,0.009257529,0.120743975,0.14446725,-0.13378854,0.02403456,0.13680077,-0.10427336,0.14107661,-0.23774149,-0.06438662,-0.248937,0.005984067,-0.15733384,0.05585886,-0.048358798,0.07473181,0.23125745,-0.15243629,-0.14804022,0.015958508,-0.019503206,0.06684734,0.037474547,-0.057111192,-0.19546984,-0.22505966,-0.0938033,0.05024768,-0.27643174,-0.15595174,-0.1485011,0.21529865,-0.014589582,-0.08519569,-0.4961361,0.019670218,0.18457115,0.18346184,0.6703292,0.05269181,-1.4345994,0.12538601,-0.15939644,1.2126862,0.23189987,-0.07553874,0.33350563,-0.1628886,-0.0053414423,0.56733495,0.028335486,0.15850136,0.057376493,0.17793334,-0.16322596,0.03522212,-0.26377618,0.02483904,-0.371392,0.13193794,-0.12538718,-0.1343604,-0.11023363,-0.6073486,-0.04476872,0.21593674,-0.019589717,-0.37985855,0.1804598,-0.84039974,0.034446914,0.02273984,0.035590976,-0.14404957,-0.33407092,-0.099632464,0.045598604,-0.18046464,-0.04160573,-0.19496037,-0.08290445,-0.14786434,-0.3945829,0.19350837,0.2676386
415,negative,-0.08508289,0.2333056,0.29522744,-0.043586522,-0.060762573,-0.32129806,-0.28783125,-0.21391355,0.18017977,0.22803405,-0.23823419,-0.041789345,0.3064551,-0.064370126,-0.13481963,0.04837392,-0.1434683,-0.24088356,-0.4112598,0.0025172026,0.23342595,0.0025129346,0.26385683,0.090642706,-0.0094627105,0.0056690676,-0.27057573,-0.15487592,0.15183213,-0.020116046,-0.08802368,0.2494481,-0.03367378,0.02850412,-0.039366454,0.09185464,0.22895193,-0.0042673666,-0.17156607,0.01148352,-0.55223215,-0.24120809,0.23139197,-0.1026694,0.21634717,-0.18935601,0.26095185,-0.10409763,-0.17550215,-0.59781593,0.100628145,0.13736987,-0.03624765,0.9474775,-0.02814512,-1.6155415,0.092657916,-0.2700258,1.2089082,0.29476038,-0.13408111,0.37922612,-0.01362837,-0.2331875,0.52639556,0.22087711,0.065843016,0.2268508,0.011982236,-0.14142977,0.31706578,-0.2532756,-0.19792484,-0.15960805,0.094513305,0.050829243,-0.12755202,0.13363498,-0.6791763,0.18473028,0.6438528,-0.025500521,-0.23470268,-0.027186977,-0.7482708,-0.14374086,-0.027703073,0.12627065,-0.05731819,-0.51636654,-0.03804986,0.20064466,-0.33442625,-0.1274878,-0.6345057,0.09987886,0.10707913,-0.102487534,0.37024772,0.11140115
416,negative,-0.112982765,0.07788586,0.34862497,0.016753245,-0.15685955,-0.00053360534,-0.21440509,-0.17757158,0.122945644,0.2461324,0.16852926,0.5663533,0.03564348,0.14716794,-0.09083016,-0.23447494,0.09238278,-0.033944666,-0.4687671,0.04119947,0.2611884,-0.31455994,0.10933768,-0.08324923,0.07414231,0.2687132,-0.5742533,-0.17339711,0.3096615,-0.3505414,0.17500436,0.18796323,-0.11706701,0.075696625,0.04388308,0.059812106,0.22084269,-0.37545004,0.08355055,-0.14401619,-0.41070223,-0.12561035,0.23822701,-0.22233102,0.45812592,0.026832424,0.14279415,-0.04894762,-0.224821,-0.46700755,0.14169797,0.12594853,0.119456165,0.87555367,0.02013715,-1.2626984,0.10036906,-0.5875842,1.0114917,0.24046701,-0.19725014,0.17146762,-0.31312394,-0.1801144,0.363516,0.32833448,0.041718934,0.43163565,-0.32324344,-0.259645,0.008346433,-0.18889159,-0.0807169,-0.24097884,0.059122436,0.16957314,0.026662596,0.041070428,-0.60527694,0.032993298,0.77473223,-0.15639055,-0.071242675,0.14664672,-0.6151729,-0.3744459,0.091647,0.106849015,0.022234295,-0.23494916,-0.003878943,-0.08531674,0.1234519,0.039148632,-0.124205895,0.011292448,0.06788039,-0.11923364,0.14078416,-0.057699654
417,negative,0.007604482,0.011242136,0.26159063,-0.059999503,-0.058064006,0.061455943,-0.35842106,0.046502404,0.12115148,0.22705466,0.06083782,-0.029302303,0.06007944,0.06642876,0.17485285,-0.30226284,-0.00943565,-0.090133116,-0.5745844,-0.1549678,0.08593306,-0.11790108,0.01800516,-0.025780205,-0.23296104,0.22949441,-0.114880934,0.119180664,-0.078920916,0.14667976,0.015160195,-0.15994544,-0.17251642,0.5334799,0.046994362,0.13880958,0.0666621,-0.1357522,-0.042962827,0.08178674,-0.6529404,0.08919711,0.31844652,-0.41385612,0.7129834,0.06832521,0.0073168892,0.15784746,0.033855937,-0.5341241,0.15216973,0.20357336,0.12548809,0.7150194,-0.017930923,-1.6050085,0.2529588,-0.49022034,1.697229,0.2771125,-0.039186135,0.41803536,-0.006105218,-0.18372294,0.605758,0.08676794,-0.44707388,0.18075031,0.07926621,-0.10276131,-0.058254268,-0.5112304,-0.26866266,-0.5554153,0.40114483,0.4543899,0.11786659,0.22666374,-0.8533475,0.0064285924,0.91369087,-0.27757668,-0.35140482,-0.011958605,-0.8550075,-0.001620775,0.3739409,0.34962684,-0.14211331,-0.22928597,0.19305396,0.07435337,0.10020435,-0.2596846,-0.3352744,0.3713839,0.15701635,0.08271618,0.23828918,-0.18455529
418,negative,0.11108605,0.5417036,0.92107433,-0.62668467,-0.36157447,-0.16882111,-0.42946967,0.09735156,0.48880893,0.26685962,0.20901437,-0.25431713,-0.08510246,0.1644033,0.2621769,0.072598055,-0.40511551,0.18605512,-0.35968855,0.52112097,0.606595,0.24279734,0.28368625,-0.53227943,0.14522631,0.33050847,-0.30987033,-0.05515737,0.2057817,0.021593237,0.26273263,-0.075593226,0.011667889,-0.36755323,0.23731323,0.41977134,-0.27696103,-0.10220837,0.05445224,-0.020983666,-0.20080997,0.19597961,-0.07724286,-0.123193815,-0.27771348,-0.190211,0.19774649,-0.116864175,-0.14347939,-0.8361932,-0.08709976,-0.020842038,0.27006683,0.80941063,-0.30808297,-1.2483286,0.2296885,0.4048954,0.7217042,0.01156401,0.19756874,0.72034657,-0.14189617,-0.5436464,0.6075686,-0.18660675,0.38722154,0.4103291,-0.09511995,0.01190213,0.09041368,-0.4826033,-0.42825913,-0.0006308072,0.08694506,-0.050318684,-0.034349855,0.060263213,-0.50088936,0.17762832,0.41032308,0.14434129,-0.044074252,0.29531306,-0.97849405,-0.03684308,-0.035601553,-0.30847818,-0.33649233,-0.40566474,-0.20502165,0.17072485,-0.24061312,0.005975654,-0.5425085,-0.23239174,-0.15305582,0.05556931,0.05357863,0.15783945
419,neutral,-0.17735036,0.019802935,0.11338616,0.030999567,0.009048927,-0.07907812,-0.15907629,-0.030354906,0.05262436,0.227609,-0.024804156,-0.0856803,0.31304765,0.05367905,-0.00353411,-0.1261503,0.024126973,-0.20904827,-0.4555746,0.0062794657,0.30343086,-0.16786735,0.10492759,-0.08183015,-0.019138731,0.030289909,-0.10330002,-0.17747758,0.26694646,0.018020313,-0.03139882,0.21265967,-0.01988918,0.042950243,0.09427307,0.024457537,0.1075007,0.04182085,-0.016485557,-0.020349095,-0.4551139,-0.0319923,0.2776011,-0.11985733,0.14702317,-0.17355251,0.2103346,-0.061800033,-0.18780413,-0.38129503,0.061266705,0.1829263,0.14067526,0.8850584,-0.1031642,-1.5962543,0.04620015,-0.266823,1.2652836,0.32117665,-0.11383458,0.27915376,-0.026774285,-0.13830851,0.5496273,0.1295583,-0.027145557,0.21002898,-0.06636418,0.036533546,0.2268271,-0.36271217,-0.16641447,-0.4201298,0.11026592,0.016430777,-0.066662274,0.074959986,-0.7076295,0.042551663,0.53350174,-0.024615897,-0.25161415,0.13245149,-0.8208503,-0.0067168763,0.08895159,0.10889701,0.07155432,-0.25293356,-0.06402861,0.02882006,-0.20706572,0.12561648,-0.34575337,0.10771526,-0.046856962,-0.124030285,0.42276302,0.17169298
422,negative,-0.11387982,0.46855548,0.4236187,-0.3142249,-0.33523563,0.17841762,-0.047970228,-0.02042361,0.2047962,-0.38633814,0.016886562,0.1893046,0.06791225,-0.17843549,0.08164312,-0.22433236,0.086415805,0.0945979,-0.083389014,0.3601143,0.27294725,0.03632097,-0.038597904,0.07364027,0.16978031,0.25695077,-0.119949885,-0.23186381,0.34448138,-0.07635689,0.029672125,0.4628333,0.26311994,0.059718285,0.19130494,0.09873395,-0.27144372,0.12670778,0.071566015,-0.21818484,-0.24360245,0.07922603,-0.07469744,-0.5717768,-0.16495556,-0.16940834,-0.022771455,-0.1693659,-0.5151464,-0.48033795,-0.21688692,-0.086329676,0.13897157,0.6188102,-0.12405436,-1.4042737,0.18048193,-0.048258666,1.1248264,0.236847,0.038362972,0.50178194,-0.38871428,-0.14643852,0.5767827,0.17768766,0.28854543,0.31156695,0.012032895,-0.32012942,-0.09718996,-0.2517468,-0.065349266,-0.16786501,0.08630608,0.19390461,-0.2025502,0.017172791,-0.41877094,0.02918974,0.43179044,-0.09564679,-0.47862554,-0.11902073,-1.1028094,-0.3939019,-0.22038998,-0.03168836,-0.21166165,-0.25396279,0.049463436,-0.23160936,0.2556365,-0.012324243,-0.50527483,0.14831686,0.18586308,-0.03131619,0.2429932,-0.08919129
424,neutral,-0.18954182,-0.1560367,0.27758163,-0.15062127,0.05260589,-0.036640424,-0.16211939,-0.05875239,-0.14726351,0.29178843,-0.050297998,-0.24678978,0.3370527,0.108445294,-0.01545123,-0.19460109,0.21195067,-0.17700897,-0.69778794,0.0013182106,0.29739618,0.00022077073,0.09350743,-0.0014566833,-0.025970513,0.014199948,-0.11833376,-0.25787055,0.3115621,0.009043827,-0.14044777,0.29762405,-0.109123245,-0.25109062,0.06495599,-0.10650901,0.09056119,0.22540054,-0.08857948,-0.0139783975,-0.3046329,-0.11087689,0.24378155,-0.015688946,0.29928166,-0.14769924,0.09996547,-0.10550298,-0.19752294,-0.59243244,0.083123714,0.08260026,0.05865424,0.8926741,-0.038642947,-1.7590272,0.03255511,-0.4979513,1.6910278,0.59062576,0.011053234,0.3468644,0.047068175,-0.07388084,0.62993777,0.12989388,-0.12378984,0.38385203,-0.0586213,0.23718898,0.30799612,-0.455282,-0.19209504,-0.34861487,0.085833386,0.031136733,-0.11591448,0.4072974,-0.7922515,0.16958192,0.7411703,0.20347562,-0.23671198,0.13556688,-0.97089696,-0.026850255,0.29738653,0.2579482,0.28534284,-0.42680472,0.014982212,-0.1952789,-0.28217086,0.1493818,-0.36070484,0.2387373,-0.040615782,-0.0826187,0.40360472,-0.04835118
425,negative,-0.07898006,0.280207,-0.07537488,0.1102607,-0.10685878,0.02971872,-0.22562264,0.09923171,0.06940868,0.39205715,-0.14164053,-0.17838515,0.073717356,-0.17720741,-0.0071345014,-0.107060984,0.03154038,0.1435956,-0.4693999,0.07285337,0.22315751,-0.22723365,0.11437121,-0.17151499,-0.023097103,0.075165264,-0.08726579,-0.049374446,0.06616767,0.016907718,-0.14406742,0.09806433,-0.1687696,0.032685723,-0.031550173,-0.19204149,0.13349935,-0.0023607088,-0.12885799,0.043730434,-0.29619536,-0.120569475,-0.014404446,0.058239896,0.19417144,-0.2575157,0.3097714,-0.0069106366,-0.22247998,-0.40206107,0.04648653,-0.051024828,0.1103911,0.83754426,0.0756974,-1.4695446,0.14493416,-0.286176,1.1396189,0.2025942,-0.018506672,0.21514876,-0.06931164,-0.07934272,0.62139183,0.0069324314,0.119224705,-0.066848285,0.22421895,-0.122335956,0.0830489,-0.36797005,-0.15323159,-0.24462199,0.0997782,-0.05200293,0.028137121,0.09948577,-0.71583724,0.2688618,0.5710135,0.16494909,-0.3184823,0.16828465,-0.81931055,0.14549609,0.17218998,0.045203205,0.0133926235,-0.1727534,0.01906435,-0.19036424,0.034614168,0.1896352,-0.39343128,-0.06565417,0.082032055,-0.25569338,0.4192084,0.11821323
426,neutral,0.068100244,0.2916832,0.111886725,-0.14412685,-0.1043619,-0.60256314,0.03342916,0.30751312,-0.18096928,0.0054504974,0.20455557,-0.24222212,-0.08646693,0.0017665199,-0.022807974,-0.3073785,0.025476469,-0.12070849,-0.29477644,0.12436191,0.6114075,-0.101887695,0.112398565,0.39085633,0.22955793,-0.27992946,-0.2050179,-0.23496532,0.15377644,0.11563461,-0.1266856,0.29923785,-0.41031712,-0.19032766,0.09599133,0.38771275,0.2957642,0.26228613,-0.013381534,0.07726642,-0.15854031,-0.18433695,-0.006687418,0.0070922384,0.13510872,0.05541847,0.19651952,-0.32140598,-0.094387725,-0.7290655,0.19488877,-0.09816418,-0.049550124,0.851493,-0.20914185,-1.5674192,-0.4374483,0.11346903,1.2496672,0.2127271,0.28943315,0.01749462,-0.2343655,0.2235286,0.21221982,0.1466144,-0.02537494,0.10220948,0.22017398,-0.22952084,-0.10551658,-0.082903266,-0.094696514,-0.040609293,0.041315082,0.16317898,0.29508418,-0.17095327,-0.79211146,-0.034758486,0.44369063,0.124674596,-0.33882022,-0.15283439,-0.6841142,-0.180513,-0.24207409,-0.19576895,0.0040216013,-0.097175434,-0.011498257,-0.04929872,-0.19238414,0.03230462,-0.3576345,0.19822702,0.052363887,-0.18072529,0.7843947,-0.4317371
427,negative,-0.09723205,0.32237884,0.39560342,0.018251294,-0.05756806,-0.069388725,-0.2218697,-0.092600785,0.12751317,0.083860785,-0.21451406,-0.06360363,0.14306685,0.06882656,-0.025453243,-0.19214782,0.1672035,0.015945842,-0.47095785,0.01790839,0.049370542,-0.15446535,0.07245127,0.07625937,-0.059842058,0.09509333,-0.42965513,-0.080079064,0.52285326,-0.09570932,-0.081729054,0.41882503,-0.021527478,0.06377141,0.16881683,0.27174392,0.042672314,-0.07159524,0.0075589335,-0.16839233,-0.40492016,-0.19834024,0.3474284,-0.6363455,-0.20216443,-0.27848935,0.012797815,-0.26649177,-0.20135924,-0.6193969,0.05060362,0.23079216,0.017506732,1.1612426,0.068646364,-1.8557086,0.11634271,-0.14554988,1.0412601,-0.0533331,-0.17324756,0.3318736,-0.15922365,-0.022343611,0.6753275,0.1670461,0.26664126,0.41261506,-0.24230811,-0.12825164,0.08825793,-0.32002172,-0.14960957,-0.3302562,0.13381375,-0.0352117,-0.27078804,0.15487371,-0.6470307,0.12604496,0.77118516,-0.20624709,-0.26997086,-0.15839964,-1.0803514,-0.16933928,-0.1187038,0.4516471,-0.035458744,-0.43801853,-0.03662377,-0.13269456,0.16502625,-0.046404675,-0.3916398,-0.23369756,-0.10129022,-0.0039874963,0.15314297,0.07653897
428,neutral,-0.2312457,0.35119298,0.20780422,0.06330337,-0.0077117113,0.0829712,-0.3128477,0.025594113,0.09459179,0.03849475,-0.25604567,-0.052697644,0.28158054,-0.024115594,-0.107142895,-0.22336787,-0.054170042,-0.1286344,-0.41733852,0.07536501,0.205768,-0.11364016,0.128929,-0.047850635,-0.012497402,-0.06837515,-0.11379638,-0.2496344,0.29555488,-0.14788295,0.08681297,0.27579764,-0.1659428,0.013456554,-0.06735184,0.10407144,0.18062675,-0.0013373571,-0.16760728,0.026098346,-0.6494946,-0.092706844,0.13939217,-0.17562026,0.10338365,-0.18668334,0.31738797,-0.29444492,-0.1181271,-0.7004133,0.1785017,-0.08320959,0.111353524,0.9967388,0.15945888,-1.8509786,0.17963125,-0.36495942,1.3059084,0.28584984,-0.02837382,0.44628546,-0.20857422,-0.41448474,0.7686674,0.14787987,0.17216292,0.05611344,0.2001371,-0.0884831,0.22293599,-0.31188434,-0.2291998,-0.1347862,0.15437168,0.065433405,-0.16837834,0.08147963,-0.8615056,0.094808556,0.64442974,0.009870756,-0.26327,0.11240884,-1.1910833,-0.011528615,-0.12794593,-0.014478636,-0.13822918,-0.45465875,-0.0029938358,0.017195445,-0.16434312,-0.022834383,-0.3871326,0.083824806,0.05929,-0.11956393,0.39284697,0.19862829
429,neutral,-0.19362377,0.16847697,0.43636212,-0.048340574,0.14265905,-0.002108225,-0.123104416,-0.050338272,-0.039802942,0.061242756,-0.20549811,0.030272761,0.36957753,-0.051797245,-0.11227277,-0.28800938,-0.041191597,0.033805408,-0.57954466,0.057195842,0.14965263,-0.122024834,0.2970415,-0.08818741,-0.17939605,-0.0011375288,-0.01602597,-0.29410854,0.26791683,-0.024588358,-0.020363832,0.34066084,-0.027244262,-0.08314455,0.01820937,0.2087003,0.13807118,-0.13564473,-0.11001221,-0.12309084,-0.48295185,-0.04858619,0.3620011,-0.3653123,-0.17157309,-0.20150419,0.21413064,-0.15843163,-0.101370215,-0.55596024,0.12084307,-0.0383915,-0.0039330907,0.81599605,0.0045928354,-1.7289497,-0.06803737,-0.114662126,1.0440383,0.26457542,-0.16060841,0.47617358,0.097995,-0.30449864,0.6255631,0.24662495,0.24960607,0.420712,-0.0716206,0.021507652,0.220227,-0.25209072,-0.34598374,-0.3574072,0.009942916,-0.08726694,-0.24297592,0.08144054,-0.5182371,0.14584571,0.46859595,-0.17350742,-0.24478929,-0.08690964,-0.791146,-0.09565405,-0.13693415,0.0494374,0.14161596,-0.2853256,0.021664176,-0.0144061195,-0.17736031,-0.069322,-0.47101122,0.16102868,0.0714832,-0.10879526,0.3209011,0.09669689
430,negative,-0.035347197,0.07803243,0.3986525,-0.12684153,-0.27239412,-0.45571375,-0.09830635,0.016847182,-0.022223433,0.05202674,-0.100726336,0.17384307,0.022783875,0.2104562,0.08083644,-0.01965565,0.04200298,0.038648434,-0.2238357,0.18002322,0.08207749,-0.19331826,0.06133665,0.0725533,-0.08165247,0.11736489,-0.010090133,-0.35732254,0.09395092,-0.14818676,-0.25821003,0.30623567,-0.11542664,0.0033876905,-0.30026606,0.11938082,-0.27680895,0.15596277,-0.12685023,-0.1681389,-0.62328833,0.045629747,0.045102533,-0.45395908,0.017212747,-0.31479365,0.37889135,-0.11934376,-0.24417777,-0.34900737,0.33766925,-0.32098845,0.3025724,0.55966973,0.07107329,-1.3667485,-0.10226081,-0.0019610974,0.7561489,0.13723388,-0.16571574,0.04667454,-0.2991148,-0.31039736,0.2816739,0.28041857,0.20505096,0.4440278,0.006920673,0.0019217976,0.1279315,-0.030392762,-0.22037502,-0.29236543,0.12429286,-0.04834329,-0.2274701,0.05712866,-0.5310892,-0.026951453,0.48591012,-0.0948907,-0.5529255,-0.059716232,-0.859919,-0.25286773,0.155261,-0.018472407,-0.108754046,-0.22635812,0.28807047,0.055192865,0.11017164,0.11681357,-0.030996222,0.092360385,0.015216927,-0.0142153725,0.1788896,0.06622926
431,negative,-0.055546083,0.25987557,0.23692507,-0.031133488,-0.09459589,0.31496716,-0.319129,-0.05349023,0.1295638,0.0067469054,-0.16607341,-0.010477311,0.16685657,-0.010317661,-0.08366635,-0.05569908,0.02883766,0.006418165,-0.4739714,0.19470923,0.21345922,-0.029824682,0.17649864,-0.019826345,0.14471532,-0.038365483,-0.13368143,-0.21079133,0.21436732,-0.0061022113,0.18797672,0.13059676,-0.16136348,0.10607935,-0.05727192,-0.03962733,0.11912328,0.055270553,-0.026459003,-0.069213524,-0.59050155,0.0053723226,0.04975517,-0.20450981,0.16428208,-0.11927583,0.22725156,-0.06989689,-0.16801855,-0.61259407,0.21794347,-0.015884677,0.07091262,0.9518853,0.026471306,-1.8149,0.020415725,-0.2540659,1.2902544,0.23254834,-0.105870835,0.411298,-0.09857847,-0.20704414,0.71113265,-0.014024763,0.1288315,0.12296651,0.024143776,0.017684525,0.089632615,-0.215214,-0.22336401,-0.27254716,0.23339112,0.15595458,-0.094219,-0.054360993,-0.7849373,0.056905173,0.5403843,0.105201446,-0.18505839,0.17636488,-1.0291787,-0.2038519,-0.085575424,0.04281823,-0.096563525,-0.41733432,0.0021301552,-0.0832269,-0.008700574,0.039394636,-0.3102617,0.09123227,-0.06523083,-0.16958353,0.33152542,0.16377817
432,negative,-0.29178542,0.032177754,0.14439528,0.11694453,0.0027669654,-0.34765965,-0.14039908,0.031832937,0.076185,0.45750564,-0.09577156,-0.034777045,0.39471045,0.24101968,-0.07124668,-0.03554484,-0.2422696,-0.27978632,-0.37992027,0.017822556,0.4832891,-0.18024822,0.17649059,0.07969022,0.009809847,0.20219259,-0.2629859,0.09814783,0.19282071,0.08684229,-0.16624694,0.13471319,-0.16701533,-0.010173022,-0.034914743,0.012112887,0.22680265,-0.18700098,0.09324107,0.049339984,-0.5735719,-0.039557535,0.26945633,-0.045292594,0.43288264,-0.12466473,0.17038853,-0.085571356,-0.015004377,-0.4538633,0.1774001,0.08044675,0.013488139,1.0345341,-0.1404706,-1.7673665,-0.1349848,-0.27461904,1.3622952,0.41055015,-0.0011727308,0.3100489,0.05544468,-0.16490959,0.4204155,0.1112784,-0.06897723,0.18427576,-0.16312467,0.14346367,0.34641862,-0.5841798,-0.49633875,-0.4384892,0.16602464,0.029685985,0.011347379,0.25826916,-0.8138466,0.15866749,0.81688553,-0.19493198,-0.2782471,0.08605594,-0.73123866,-0.14774871,0.18987648,0.14257519,0.13260639,-0.30732957,-0.07539732,0.24577081,-0.3656843,0.074226014,-0.44146827,0.31509447,0.18592647,0.16417919,0.3303401,0.21333364
433,neutral,-0.12864499,0.022009656,0.14439115,-0.18134494,-0.06932188,0.4055392,0.029017463,0.24229848,-0.035619076,-0.064706415,0.0038187848,-0.047055032,0.10943342,0.12563074,-0.07839445,0.04738602,0.0156084895,0.17208384,-0.39621606,0.26805565,0.20985009,-0.07930349,0.09868004,0.11290816,0.33680993,0.08904355,-0.4070921,-0.3657438,0.23371634,-0.13145487,-0.24243392,0.32140052,0.17565058,-0.049912695,-0.026908582,-0.21914394,-0.1330356,0.01569538,-0.0955227,-0.10705405,-0.15164553,0.14141539,-0.110456705,-0.24834268,0.07571223,0.18029718,-0.085666604,-0.4809744,0.18314242,-0.3196897,0.15211213,0.3199529,0.25710517,0.516458,0.038035497,-1.6288046,0.08597843,-0.040920526,0.68229735,0.32970008,0.04895827,0.7146907,-0.35582554,0.034161136,0.41608167,0.08617614,0.3356622,0.4588059,-0.17034149,-0.30023712,-0.07125784,-0.064345546,0.28122547,-0.26715267,0.118775815,0.21098505,0.09135392,-0.024139257,-0.3675723,-0.14598106,0.07217928,-0.09845263,-0.24400537,-0.075259954,-0.6368446,-0.33851594,-0.013823897,0.0025143758,0.037758723,-0.009600771,0.097661965,-0.017692117,0.023047311,0.19760905,-0.33074093,0.061726023,-0.13872252,-0.06388066,0.122515686,0.21271288
434,neutral,0.019468792,0.18838568,0.25306243,-0.12550429,-0.007872481,0.15598843,-0.2238486,-0.105792925,0.0026877837,0.020612964,0.01229861,-0.067417465,0.07144325,-0.019038567,0.16408372,-0.13051759,0.08861466,-0.018232822,-0.18721487,0.35234988,0.011361062,-0.027081892,0.18538068,-0.38146302,0.23939906,-0.06815188,0.056083813,-0.093471885,0.18832089,0.08009464,0.03525557,0.5052324,-0.084751554,-0.0016265247,0.18636373,0.13688248,-0.10290622,-0.110711984,0.041816097,-0.1860233,-0.28119245,0.021830698,-0.082732245,-0.07144481,-0.07860665,-0.22046486,0.25355065,-0.27299452,-0.044850875,-0.6049658,0.18400714,0.22508244,0.21023983,0.626505,-0.09104605,-1.487524,-0.05997883,-0.13317527,1.0920906,0.10502922,0.041486565,0.4598385,-0.2151615,-0.19592623,0.5151506,-0.012422776,0.26199076,0.25086647,0.02519655,0.031277042,0.0066868537,-0.26090786,0.12940666,-0.26652125,0.015874257,0.021227201,0.06770964,0.009469775,-0.43844244,-0.13506946,0.4537543,-0.39323005,-0.17375289,0.11101047,-1.0769165,-0.061015114,-0.05471238,0.010131211,0.08955419,-0.19430453,-0.07997818,-0.011538611,-0.06763863,-0.027282236,-0.17419188,-0.01030198,-0.3119372,-0.1897922,0.43545792,0.094807304
435,neutral,-0.24414347,-0.0025620107,0.21015647,-0.20776117,-0.18325904,0.55590826,-0.1178594,0.13688608,-0.041352164,0.0436296,0.043160006,0.012124044,0.057503328,0.20248865,-0.0006025852,0.042612746,0.048765518,0.05232222,-0.2509956,0.16802973,0.17790613,-0.09902124,0.030327965,-0.1611142,0.13156284,-0.055988777,-0.3108511,-0.2580404,0.16427715,-0.21941656,-0.37758675,0.44173744,-0.064744644,-0.045415536,0.00716841,-0.049534477,-0.20239402,-0.090879425,-0.11543927,-0.107977495,-0.11503288,0.04326765,-0.25444162,-0.34785563,0.008393351,-0.03927659,0.016871437,-0.37484658,0.201626,-0.48885307,0.07223842,0.25590068,0.06402766,0.73531276,0.12547372,-1.7771043,0.038319256,-0.16412324,0.98224354,0.34421292,0.13237439,0.6845588,-0.45258415,-0.05976595,0.5364208,-0.03930931,0.2664937,0.47329134,-0.1644962,-0.37195864,-0.011995134,-0.15240303,0.29421762,-0.6106282,0.036779583,0.03760828,-0.15153198,0.039550774,-0.34739727,-0.18112294,0.26936096,-0.050051853,-0.38851705,0.07774601,-0.6961451,-0.359019,0.19735458,0.102970354,-0.14448145,0.091408275,0.0013850442,-0.089198396,-0.17837904,0.012208073,-0.41109383,0.079954065,-0.17537062,0.06749935,0.51250184,0.2754694
436,negative,-0.16492932,0.36522424,0.36923587,-0.1656559,0.18286374,0.027765758,-0.062764704,-0.13062127,-0.2767542,0.20017712,-0.17846462,-0.15158144,0.4674751,0.19606093,-0.047425345,-0.061001193,0.31503075,-0.20095822,-0.36754608,0.27022848,0.602154,-0.20045058,0.116240144,-0.14828868,0.34469986,-0.013469452,-0.07444653,-0.20103498,0.37801695,0.0821479,0.113274045,0.18829365,-0.10746936,-0.4047366,0.0981032,-0.091811314,0.12679428,-0.04545062,0.10200121,0.13370064,-0.6376744,0.008979382,0.34092686,-0.010681666,0.45166346,-0.3201627,-0.06502744,-0.11920145,-0.14291525,-0.32184458,-0.29705608,0.08026901,0.03993489,1.1363827,0.027605819,-1.968604,-0.079820804,-0.18322095,1.1940875,0.52226865,0.03744269,0.6660156,-0.017834192,0.015528891,0.5283014,0.0679656,-0.057444934,0.35600096,-0.22568467,0.1747054,0.13611382,-0.28457427,-0.3855606,-0.18116558,0.051837184,0.05095161,0.049509324,0.13251603,-0.6990073,0.06475071,0.4967004,0.12213074,-0.03180677,0.07931021,-0.91435844,-0.2029363,0.07605257,0.19753785,0.29312032,-0.143675,0.19134498,-0.15722261,-0.13036136,0.21754819,-0.5459982,0.09599261,-0.071120545,0.045780253,0.34275496,0.035776302
437,neutral,-0.19493815,0.17141142,0.21089362,0.023283783,0.09508966,-0.116769366,-0.17345907,-0.07967629,0.042645544,0.14026952,-0.1986055,-0.14800425,0.27357566,0.1930362,-0.13085125,-0.08106183,0.13623165,-0.33937135,-0.36593938,-0.027611433,0.20365606,-0.13915733,0.15302442,0.011415538,-0.057243686,-0.122844175,-0.16169368,-0.09834353,0.20828491,0.05619395,-0.10187298,0.11471151,0.096901394,-0.23799412,0.09199372,0.18466003,0.21922524,0.07637542,-0.028201448,0.1953343,-0.5147438,-0.2338158,0.095073454,-0.16020048,0.09235246,-0.13115521,-0.039504915,-0.27573472,-0.07640474,-0.30046144,-0.03914689,-0.11763756,0.039729375,0.8150665,-0.10234122,-1.7471192,-0.10195827,-0.28461975,1.0449284,0.29028744,-0.024541898,0.58877015,-0.015751962,-0.24177927,0.5195718,-0.025823455,0.015255021,0.2616947,-0.24852403,0.16661847,0.19996746,-0.32862636,-0.29113495,-0.49091902,0.20339303,-0.10526749,0.00960239,0.085970074,-0.5949054,0.04789333,0.39041057,-0.018153168,-0.10959778,0.09649995,-0.78142506,-0.14664203,-0.14564025,0.14619844,0.08803645,-0.3697539,-0.043424696,-0.05826561,-0.16038482,0.094665095,-0.6254962,0.14966744,-0.066022806,0.06614429,0.3582923,0.2586399
438,neutral,-0.026951492,-0.03732239,0.16235045,-0.15879245,-0.042556528,-0.21728317,-0.32351673,0.18083306,0.0055020982,0.12742598,0.1577906,0.0656074,0.14859381,0.031000424,0.05131632,0.08201037,0.054100446,-0.16269414,-0.29193342,0.011011615,0.34469628,0.018279886,-0.036820207,0.06442521,-0.025531385,0.30921268,-0.15925102,-0.17734008,0.23350142,-0.115627654,-0.12212653,0.227835,-0.17142367,-0.028699646,-0.020135216,0.16889259,0.07738551,-0.13077204,-0.18937609,-0.11992048,-0.50471,-0.1362319,0.20994548,-0.1738121,0.06117355,-0.2779632,0.26033837,-0.18636967,0.0058071334,-0.6047263,0.16509503,0.2840743,0.08057091,0.965945,-0.06346403,-1.897934,-0.13108677,-0.42593005,1.4498411,0.3902793,-0.39355034,0.52293956,-0.20950492,-0.38448533,0.4806081,-0.06404848,-0.08293733,0.26699853,-0.19306865,0.21356104,0.13184473,-0.38745108,-0.4133595,-0.31741402,0.25521344,0.13783213,-0.1302712,0.18028219,-0.846899,0.14108829,0.5583385,-0.37640026,-0.094461784,0.13326643,-0.96482915,-0.07699785,0.1354306,0.39351448,0.19163449,-0.630846,0.07345121,0.015220977,-0.18888676,0.058299486,-0.42417264,0.022079818,0.02848526,-0.32330853,0.37862843,0.28667846
439,neutral,-0.23792382,0.07999312,0.2078381,-0.083932035,-0.048181325,-0.14884512,-0.028001161,-0.13001429,0.13148895,0.17263724,-0.039527267,0.025126705,0.12389676,-0.16770382,0.04626743,-0.1798279,0.03429117,0.030143615,-0.16892423,0.113260925,0.26469627,-0.123723745,0.1766304,-0.20322394,-0.037057474,-0.083674006,-0.07100157,-0.20562576,0.09826926,-0.07946954,0.05177064,0.38136867,-0.2070383,-0.09371739,0.013470179,-0.054297514,0.16520558,0.11283827,-0.11420016,-0.12762478,-0.40413707,-0.017874457,0.14259772,-0.23282811,-0.055479884,-0.2831463,0.2680323,-0.12357067,-0.15414923,-0.4783894,0.15465593,-0.06486293,0.13133094,0.7656382,0.18666233,-1.7326101,0.16701993,-0.011573161,1.0216068,0.3660906,-0.062421422,0.31903774,-0.24405992,-0.116471246,0.61575186,0.19534865,0.26870534,0.22103484,0.04597716,0.01968137,0.16374604,-0.14781453,-0.19646518,-0.24171317,0.026618123,-0.09773727,-0.15401988,-0.026669087,-0.6535117,0.0889261,0.45190793,-0.0020613433,-0.36101115,0.047308724,-0.94556564,0.10740231,0.18175142,0.0121080605,-0.031256694,-0.37540388,0.050053507,0.040946092,0.025638249,-0.038052198,-0.18009561,0.11674648,0.031049322,-0.21355924,0.31465653,0.19875968
440,neutral,-0.05133957,0.107708864,0.47306344,0.08955567,0.15467052,-0.37094805,0.013673314,0.22083218,-0.12743732,-0.085350536,-0.27722818,-0.11176759,0.29362333,0.11895109,0.16979167,-0.24039431,0.22203167,-0.23037055,-0.3262394,-0.32565498,0.3362588,-0.0080200415,0.4635387,-0.0061427513,0.16934304,0.0056473124,-0.04868565,-0.18143387,0.2818994,0.046086382,-0.2986873,0.25868103,-0.0064928858,-0.16992855,-0.013253807,-0.010866667,0.15727164,0.040503293,-0.2017041,0.061482985,-0.6099914,-0.46340886,0.09889201,-0.091819316,0.3025198,-0.0310039,0.2847274,-0.17496009,-0.0014616989,-0.34152806,-0.081316724,0.35582608,0.057551548,0.6639887,-0.1768225,-2.0903192,-0.28590325,-0.30575693,1.6157951,0.28460878,-0.43329704,0.29996288,-0.2542837,-0.33399934,0.4684365,0.08903713,-0.1556208,0.07106881,0.5219916,-0.095395476,0.060867105,-0.4287937,-0.105724655,-0.27392593,0.16591382,-0.3242803,0.036480773,0.18366347,-0.7170084,0.021265376,0.43492326,0.2182421,-0.26423576,0.18900362,-0.8298471,0.030238127,-0.12055145,-0.15975334,0.075233355,-0.16716088,0.00289035,0.058692195,-0.034001578,0.0489956,-0.30086094,0.25253657,-0.25852576,-0.10093339,0.520821,0.16087863
441,negative,-0.15519428,0.25935584,0.1733457,-0.03544845,-0.106225975,0.23864067,-0.090096794,0.081949174,0.1357582,0.16691893,0.001660355,0.04198134,0.42000145,-0.016039621,-0.01158842,-0.19302309,0.010335184,-0.15868713,-0.43858472,0.21440426,0.38860068,0.011779515,0.109920785,-0.039778937,0.18554957,-0.1098738,-0.080211,-0.16667126,0.07537119,-0.015361915,-0.017089635,0.22939192,-0.14121148,0.0057561547,0.010745807,-0.0120306285,-0.0010159162,0.093177564,0.08133379,-0.004634395,-0.5016528,-0.13106778,0.04867619,-0.22794187,0.018226169,-0.04610824,0.0978582,-0.10643685,-0.11082476,-0.48643598,0.10297696,-0.057033833,0.037465457,0.93220526,0.0012784667,-1.7641789,-0.06925009,-0.29245314,1.3038551,0.36920384,-0.07718892,0.6763212,-0.13410044,-0.18011391,0.54347456,0.118427105,0.15850408,0.10463806,0.12895831,-0.06316668,0.0888468,-0.24386069,-0.08872505,-0.28868935,0.25734556,0.036717553,-0.042010132,0.095515296,-0.7715836,-0.09996622,0.48767605,0.22371289,-0.2500092,0.03635106,-1.0332476,-0.0022141864,-0.07343562,-0.16388296,-0.067576714,-0.1889327,0.040901385,0.016004035,0.031573948,-0.09702087,-0.6326358,0.10221362,-0.111538246,-0.09324499,0.27963156,0.18764038
442,negative,-0.11099031,0.40831652,-0.08208579,-0.1429683,0.21083973,0.2983912,-0.2276055,-0.03521764,0.23413977,0.072373405,0.027023753,0.19584544,0.08098074,0.0083714565,0.081584215,-0.055840917,0.0014521753,0.2582799,-0.4791453,0.11747629,0.00018469294,-0.08791261,0.30012438,-0.1057061,0.058636617,-0.18722902,-0.1189828,-0.24347466,0.103225425,-0.3456673,0.20492896,0.30206186,-0.2164657,0.37938643,0.037990704,0.08404315,0.17430244,0.053184442,-0.20392314,-0.19354694,-0.4244686,0.25488973,0.35147497,-0.40846834,-0.15876941,-0.09476422,0.48504424,-0.4463479,-0.13151847,-0.79044837,-0.14058429,0.0014264343,0.34280965,0.8365971,-0.20590699,-1.1934801,0.15659367,-0.15459414,0.7845755,0.4864074,-0.088740766,0.48956236,-0.20062412,-0.118998736,0.5429057,0.046125717,0.4311244,0.4238435,-0.042514294,0.063953355,0.20635772,-0.54168963,-0.24240945,-0.08998198,0.14301981,-0.2667205,-0.17921501,0.17723985,-0.7336286,0.12162847,0.42583218,0.070651494,-0.340612,0.2712353,-1.0213355,-0.2005246,-0.058386154,-0.031979196,-0.31922668,-0.21934448,-0.24674392,-0.27120492,0.07402878,0.07027912,-0.14688246,-0.18245155,-0.21900171,-0.1107276,0.1862017,0.34421378
443,neutral,-0.22645994,0.19027069,0.19546212,0.2821142,-0.011991097,-0.061261546,-0.15968549,-0.095007606,0.2035462,0.11715284,-0.05644671,0.047369916,0.01869887,-0.104185276,0.05991084,-0.10629843,0.061298184,0.12329994,-0.17716922,0.032672837,0.18153119,-0.17732142,0.17920479,-0.069942445,0.22834012,-0.050814264,-0.11252356,-0.3543616,0.024306266,-0.23397738,-0.04042052,0.29195774,-0.12772794,-0.08332779,0.06314939,0.12845328,0.24470294,0.0042708726,0.15193762,-0.14229855,-0.2952121,-0.12598957,0.08745555,-0.23145147,-0.17521599,-0.06815533,0.24916513,0.081809714,-0.34089082,-0.42226005,0.0905683,-0.06387023,-0.09518483,0.9546725,0.10581475,-1.3305315,0.08254993,-0.2086979,0.94451827,0.32936057,-0.2369489,0.16681305,-0.17635171,-0.07690818,0.7100805,0.08111201,0.041457295,-0.011182025,0.113009416,-0.14750023,0.00088166585,-0.1637003,-0.023212656,-0.3730736,0.118935354,-0.22594659,-0.011571737,-0.073123805,-0.50405335,-0.036466274,0.2587394,-0.09117979,-0.27672672,-0.09567579,-0.73686564,0.015838645,-0.0045220624,-0.12718485,-0.054887213,-0.21025278,-0.1819875,0.14611821,-0.27167588,0.012248108,-0.20237008,-0.13739622,-0.006519931,-0.17436405,0.2762743,0.2648231
444,negative,0.20859975,0.29405203,0.27880827,-0.18146858,-0.052468356,-0.21049201,-0.07216695,0.111270286,-0.08022647,0.13867506,0.05483821,-0.104273506,-0.13959683,-0.029117892,0.18897335,-0.21637328,-0.24758168,0.22107391,-0.18558918,0.1953335,0.2820933,-0.13835317,0.20306233,0.09389992,0.3060776,0.038068067,-0.2293819,-0.3564823,-0.13672501,-0.06527433,0.00875417,0.24110907,-0.0069495444,-0.048305284,-0.00962475,0.28934908,-0.048905432,0.098985165,0.20987733,-0.053285066,0.10648763,-0.25278747,-0.09362377,-0.26850808,-0.059807517,0.05954068,-0.13107458,-0.36786532,-0.03539354,-0.75651276,-0.08846359,-0.15357043,-0.020631464,0.7491766,-0.20215079,-1.2758774,-0.044199783,-0.2023402,1.1693928,0.027411185,0.14690335,0.21234362,-0.25966865,0.033142217,0.29815695,0.114599824,0.36215365,-0.15280265,0.287612,-0.14398818,-0.17720921,-0.10950029,-0.041248005,0.07530286,0.023809824,0.102299295,0.114477105,-0.13780928,-0.54522175,0.09839564,0.34596825,0.14635949,-0.14776412,0.09753344,-0.6698029,-0.28023207,-0.060092878,0.065638036,-0.07072802,-0.22426453,-0.008287329,-0.035181906,-0.0715987,-0.28722605,-0.50262594,-0.13338192,0.15896186,0.0029423647,0.19540922,-0.13247617
445,negative,0.23605132,0.42096457,0.34578702,-0.32786977,0.018229004,0.018084265,-0.68144727,-0.08262901,0.14321356,0.43224433,0.23558816,-0.37206528,0.28126118,-0.020694783,-0.22130036,-0.44404453,0.25548017,-0.4589463,-1.215153,0.0060228216,0.5117878,-0.218298,0.21323326,-0.06669721,-0.14236626,0.5544631,-0.26148102,-0.024677187,0.66256124,0.32037663,0.19752392,-0.14661287,0.18573593,0.2135217,0.250568,0.26005533,0.11355209,0.05577119,-0.22271061,-0.13819776,-0.75207114,0.47949564,0.42979515,-0.5616296,0.13287807,-0.48706502,0.18816647,-0.15910423,0.027031614,-0.37561888,-0.44398656,0.36274686,0.5118763,1.0928029,-0.26546344,-1.2168608,0.025365047,-0.106412545,0.8940707,0.17546234,0.040050637,0.11747613,-0.24556324,-0.4277948,0.35034594,0.37623942,0.41100627,0.094862826,-0.039945513,-0.057206776,0.65947205,-0.1468495,0.11084149,-0.4081379,0.23402439,0.077018976,-0.50728065,-0.1719416,-0.8617153,0.24523054,0.86495996,-0.33554804,-0.3121087,-0.16721389,-0.70781314,0.15462415,-0.45985126,-0.26243234,0.15392223,-0.5182022,0.17087722,0.1779953,-0.1750237,0.46322998,-0.46228024,-0.22933555,0.13296914,-0.27578622,0.26945755,0.14423642
446,neutral,0.17383221,-0.057036255,-0.11388212,-0.5187386,0.13283308,0.23477739,-0.030203339,0.21650079,-0.17181484,-0.43687713,0.20299332,0.06424924,0.18490596,0.2676047,0.15131892,0.101899095,0.07125885,0.3486727,-0.20022823,0.1569359,0.57431537,-0.30565104,-0.17409278,-0.23602211,0.62539226,0.19710168,-0.30270493,-0.29074982,0.10136533,0.2706718,0.07123147,0.18913089,-0.06186162,0.26265487,0.021283671,0.24604496,-0.24607494,0.36373907,0.14834678,-0.20456347,-0.27907655,0.04407213,0.18807878,-0.074032195,-0.6630591,0.16099882,0.053420547,-0.14537513,0.07917496,-0.11882921,-0.01245043,0.11048636,0.18404223,0.7239297,-0.0672185,-1.7104155,-0.37133276,0.39137003,0.6783904,0.19219302,0.3229305,0.71750915,0.11498018,-0.057660908,0.62870777,-0.06865194,0.21974285,0.18382199,-0.22593878,0.06045407,-0.010706374,0.051610827,-0.035934903,-0.088401675,0.113953695,0.11415043,0.1471374,0.0029981409,-0.17933872,-0.07312462,-0.2842477,-0.18384261,-0.26368552,0.021033801,-0.6548711,0.01181037,-0.19138655,-0.25053602,0.27911347,-0.29824746,-0.042884164,-0.085877664,0.2167815,-0.09089515,-0.20132053,-0.6301161,-0.16692828,-0.47776592,0.5798582,-0.07688606
447,negative,-0.14225851,0.17240432,0.2951219,-0.1445971,-0.0028229244,-0.14503388,-0.22589146,-0.033302173,-0.0460114,0.20815103,-0.010593327,-0.14214055,0.13502678,-0.20943467,-0.039613653,-0.14387834,0.096780494,0.031132312,-0.24463463,0.13956416,0.24467744,-0.27255088,0.15519838,-0.01757496,0.05301446,0.020172268,-0.3056094,-0.21812081,-0.13566996,0.094941504,0.0039704745,0.4495241,-0.24189937,-0.12768558,0.06439754,0.12859982,-0.112030305,0.005814862,-0.03472958,-0.1287424,-0.49249458,-0.035844147,0.17680463,-0.29448596,-0.06784007,-0.13000761,0.20144351,-0.289952,-0.101794206,-0.7078886,0.15378717,0.0073847566,-0.026357515,1.021757,0.118025936,-1.8810296,0.1602017,-0.11431822,1.5856899,0.27159777,-0.15971743,0.28605846,0.11755863,0.0671433,0.61001,-0.073828116,-0.098300785,0.23483239,0.10642681,-0.16452128,0.27316293,-0.26339278,-0.12585519,-0.17709723,0.053756025,-0.103623174,-0.12919034,0.17679732,-0.7528298,0.103902236,0.6080303,0.037562866,-0.38717598,0.019211363,-1.2606378,-0.036945548,0.21732867,-0.046005167,-0.36905548,-0.4306449,0.010426329,-0.023924215,-0.15409856,-0.03531236,-0.17412573,-0.08309112,0.05338245,-0.2836475,0.40712854,0.11094203
448,negative,-0.23814759,-0.27168435,0.030518668,0.12261061,0.052291714,-0.20587018,-0.24559899,0.16201237,0.09837339,0.206199,0.023798155,-0.20817018,0.22687364,0.3018888,-0.01744179,-0.13974003,-0.011611283,-0.2358165,-0.8220606,0.16146691,0.2820843,-0.3484509,0.38629907,-0.008215988,-0.05208674,-0.05568785,-0.013463878,-0.39779082,0.42363697,0.122981064,0.020310078,0.12827255,-0.126394,-0.034443207,-0.18581636,0.018856652,0.22129093,0.027186178,-0.2061945,-0.010350537,-0.51956886,0.042580742,0.46086687,-0.010392196,0.09346909,-0.40710378,-0.023426903,-0.009165822,-0.14634216,-0.39035222,0.3719781,0.045035917,0.26691177,1.1108344,-0.09012764,-1.5980085,-0.12134561,-0.13411064,1.1205046,0.33903706,0.008024219,0.17906918,-0.01707256,-0.19670783,0.6093512,0.19860385,0.15421338,0.54109246,-0.22860196,0.13547872,0.40006828,-0.47278613,-0.3674913,-0.4588937,-0.0031989736,0.069709994,-0.16086747,0.108688876,-0.6478048,0.07890557,0.6192394,-0.08685829,-0.13454096,-0.060818158,-0.7538846,-0.26873624,0.21542746,0.35232118,0.18664925,-0.25894797,0.18213263,0.004876413,-0.23890917,0.21885416,-0.46450958,0.2661024,0.060869064,0.02767769,0.29482284,0.10463147
449,neutral,-0.02420423,0.16651098,0.112219945,-0.2338056,-0.18125002,0.30872342,-0.43807524,0.18140933,-0.043419298,0.0023717096,-0.14019231,0.11148591,0.13534604,0.056347914,-0.064446025,-0.14740445,0.03322479,0.10268876,-0.3558319,0.16405682,0.40404585,0.063467905,0.100429915,-0.20499209,0.14204565,-0.117330775,-0.1716354,-0.30042246,0.5294282,-0.13646063,-0.17363475,0.4585138,0.1889054,0.019182574,-0.036968116,-0.038015317,0.034646872,0.12987493,-0.22478086,-0.22581822,-0.50468034,-0.08502909,0.36506173,-0.20600729,0.07943645,-0.10274012,0.37670466,-0.003043833,-0.10931467,-0.6612025,0.2091954,0.17821129,0.1772388,0.86250746,-0.21507354,-1.5796851,-0.10991089,-0.051258203,1.168041,0.16848965,-0.16043971,0.33175144,-0.24202935,-0.17523009,0.6628526,0.18339229,0.16634262,0.12313808,-0.0067507476,-0.0850342,0.0037022245,-0.2443264,-0.2531418,-0.35280138,0.08841998,0.2277206,0.19333015,-0.05974862,-0.69969547,0.07304543,0.26432672,-0.23789048,-0.15168658,-0.012721742,-0.9161098,-0.23696354,-0.07697427,0.019116689,0.059772305,-0.062877744,0.016449735,-0.30586037,-0.0027434214,0.097673975,-0.26620352,0.053620983,-0.1641566,0.09509113,0.38900194,0.19151138
450,negative,-0.13457072,0.32210267,0.16237807,-0.049243085,-0.1270476,0.19668873,-0.2052193,-0.08270364,0.13127173,0.12488813,-0.1702464,0.03853315,0.34935123,0.104649074,-0.032302722,-0.20968607,0.029422062,-0.08138356,-0.48135206,0.21894853,0.31525373,-0.10796273,0.12702031,-0.066575065,-0.0022182963,0.040385634,-0.069416136,-0.2326197,0.26230672,-0.0300262,0.07771524,0.24281262,-0.07536306,0.059959345,-0.084571,-0.05201148,0.0477266,-0.0011653854,0.009070248,-0.008035345,-0.4604168,-0.042966865,0.059934713,-0.3281241,0.13846877,-0.09185786,0.26256123,-0.08780556,-0.2945596,-0.6260819,0.11940083,-0.16397999,0.058672495,1.0077412,0.014375681,-1.7940798,0.046419576,-0.21148977,1.183799,0.23648289,-0.061070807,0.66526675,-0.1353336,-0.32475945,0.66670096,0.19500707,0.25713715,0.18786038,0.06254674,-0.11611607,0.18560098,-0.3293185,-0.17768021,-0.23363696,0.23846236,-0.04553384,-0.05151296,0.1237159,-0.74770546,0.12560166,0.48516807,0.17656223,-0.28511646,0.2055119,-1.0891837,0.03520481,-0.15231776,-0.066528596,-0.07685489,-0.22900583,0.043361124,-0.13372763,-0.028175095,-0.04195486,-0.54552037,0.020422313,0.06496213,-0.13413024,0.44853404,0.10053673
451,neutral,-0.21242628,0.28740054,0.24778685,-0.028866934,0.09665133,-0.007604655,-0.19803256,-0.043761153,0.05391139,0.063487455,-0.14567024,-0.09483119,0.26602697,0.114098415,-0.17926887,-0.2544458,0.17382081,-0.08016627,-0.44296288,0.04602465,0.27704743,-0.07589023,0.23875737,-0.14089108,0.0013577767,-0.0286561,-0.13678594,-0.27183515,0.24946363,-0.15822217,0.014333773,0.2749652,-0.14738804,0.08117505,-0.1909795,-0.023771906,0.015444216,0.013620114,-0.17188606,0.04287297,-0.5379263,-0.16177873,0.22324067,-0.23395395,0.099413775,-0.22133589,0.25391227,-0.13818079,-0.17353426,-0.68585044,0.27491254,-0.006808518,0.13758005,0.9017786,0.14655885,-1.9658978,0.1905374,-0.1788344,1.3398218,0.40810654,-0.11337977,0.41203764,-0.1808687,-0.31106922,0.7266479,0.009144824,0.1741216,0.28258726,0.07694186,-0.027747577,0.17183264,-0.3399096,-0.22015996,-0.19083881,0.1384934,0.03077663,-0.08652781,0.16967389,-0.9252656,0.060882177,0.53308636,0.08836735,-0.16498996,0.2092846,-1.1343409,0.06588896,-0.14729263,0.035472132,-0.016185774,-0.4825605,0.018398251,-0.049631987,-0.13646457,0.1697242,-0.46249634,0.016739463,0.064961,-0.16381012,0.41313022,0.27524856
452,negative,-0.10510652,-0.070971556,0.3437385,-0.028408777,0.2156559,-0.12225566,-0.11841383,0.08209521,-0.1384697,0.18311639,-0.054191764,0.07169241,-0.054194085,0.042069316,0.04758693,0.018131396,-0.10883918,-0.04818262,-0.34552953,-0.22725222,0.46392053,-0.08293515,0.046047736,0.07684467,-0.005406261,0.08778571,-0.2308244,-0.32203192,0.2063294,-0.23095147,-0.18284616,0.24609444,0.050141264,0.06930249,-0.2815698,0.1487656,0.16566914,-0.027078345,-0.11350107,0.07936721,-0.38402665,-0.3645822,0.22372068,-0.017510593,0.1856924,-0.19297406,0.12549035,-0.18784456,-0.12188676,-0.571513,0.14897771,-0.08455483,-0.025656356,0.85424656,0.07155369,-1.9146606,-0.07349116,-0.17694764,1.1382806,0.5540619,-0.27398446,0.10137532,-0.20098296,-0.10944953,0.3831912,0.043699197,0.14214534,0.194812,0.10188829,-0.07406106,0.11750128,-0.22805876,-0.19763687,-0.326705,0.032543153,0.094045684,-0.108334616,-0.0024235277,-0.7176985,0.15375973,0.43368146,-0.10443542,-0.3157858,0.018907728,-0.87522745,-0.093831964,-0.027869329,0.20720899,0.023812527,-0.46492237,-0.11307653,0.08317168,-0.33161163,-0.016083913,-0.44296423,-0.013830701,0.06761941,-0.14270672,0.35506377,0.27778745
453,neutral,-0.3077668,-0.21493648,0.23589316,-0.5148535,-0.33382583,-0.33403876,-0.118999146,-0.13177083,-0.16831258,-0.24465267,-0.14559922,0.15016286,0.01120934,-0.028172808,0.14168456,0.19310686,-0.09819509,0.15738313,-0.41025066,0.23042452,0.31767297,-0.1618988,0.33651966,-0.30491054,0.38654083,0.28374225,-0.4067176,-0.20407581,0.0858703,-0.16232474,-0.4161606,0.25559115,0.009805333,0.22227223,0.0016422262,-0.16484182,-0.106595464,0.08319852,0.16884263,0.043708343,-0.4683204,0.19996095,-0.18836336,-0.083036065,-0.11085592,-0.09274215,-0.03345594,-0.1514997,-0.36945963,-0.38285443,0.15950322,-0.052122544,-0.2530854,0.7662569,-0.055666275,-1.5485474,-0.37092832,0.054099653,0.7637864,0.36618528,-0.17510201,0.40983295,0.10206473,0.017326513,0.6796357,-0.0100654615,0.51057386,0.10811498,-0.0030770656,0.08809558,-0.08620832,-0.3322288,-0.059099007,-0.06427719,-0.0597605,0.07143407,-0.053810675,-0.11109194,-0.2354148,0.10473754,0.4720469,0.16936699,-0.36941922,-0.3279303,-0.8461524,-0.16375776,0.028834492,0.12266406,-0.06012953,-0.17430298,-0.07637066,0.17263164,0.033006698,-0.23000681,0.06377653,-0.0027405925,-0.07443739,-0.07512143,0.14432399,0.030552685
454,negative,-0.0844738,0.3414019,0.1894659,-0.0010170626,-0.05292682,0.25053823,-0.33466396,-0.042290073,0.20293722,0.14709496,-0.070626564,0.07006047,0.32041553,0.053061105,-0.08433847,-0.16558449,0.12344059,0.09005086,-0.46750402,0.32340166,0.26695654,-0.120324075,0.20488085,-0.11768189,0.08884208,0.031562153,-0.19772583,-0.20985244,0.27810165,-0.11867055,0.25521332,0.21440572,-0.14953452,0.09049458,-0.026114698,-0.039108347,0.0803509,0.065021396,-0.05679142,-0.024341205,-0.50738645,-0.04261082,0.0992799,-0.21175574,0.114902444,-0.041190803,0.25518954,-0.049445216,-0.3215231,-0.5847255,0.08025782,-0.066829324,0.17843169,1.0097747,0.06218591,-1.7345622,0.1008562,-0.21866907,1.3492316,0.32941577,-0.1011894,0.60668314,-0.16944249,-0.14110649,0.66698843,0.10805068,0.24629226,0.21307857,-0.002319011,-0.22624138,0.19899638,-0.32641923,-0.13717839,-0.34145054,0.30093867,0.031483203,-0.07855217,0.14851995,-0.7858737,0.23574282,0.6193364,0.23814899,-0.26566255,0.28965408,-1.080374,0.041671254,-0.009108192,0.025756638,-0.17940027,-0.26220262,0.060910486,-0.22761384,0.1268884,0.03213764,-0.4261879,-0.039787628,-0.06483743,-0.19796044,0.45867914,0.11933489
456,negative,-0.040728215,-0.013363486,0.367191,-0.1268329,-0.0069069057,0.01002901,-0.17743403,0.33200985,0.17262034,0.16890267,0.2621559,-0.058801994,0.06514283,0.070143804,0.12150309,-0.30760917,0.036583044,-0.076035514,-0.30975994,-0.119431466,0.44991407,0.060096145,-0.022985885,-0.32615262,0.07025132,-0.08284881,-0.28377822,-0.17530186,0.22853278,-0.12744588,-0.038291138,0.31378394,0.25568292,0.16461658,0.17748643,0.2677979,0.16273943,0.14184882,0.20965628,-0.14112084,-0.09730484,-0.26840332,0.21859002,-0.042489257,0.32895136,0.23497489,0.06457003,-0.0008816143,0.12695992,-0.24737234,-0.01788402,0.15043303,0.09988762,0.79327345,-0.18966623,-1.879494,-0.16758944,0.01503791,1.5248699,0.18455884,-0.22273488,0.471121,-0.0962249,-0.16035275,0.27293175,0.021498315,0.045599096,0.04643024,-0.09415755,0.07465101,-0.19179825,-0.32929328,-0.024093421,-0.40184927,0.14109018,-0.08880204,0.3517899,0.07167544,-0.57861865,0.12485423,0.4767248,-0.059661176,-0.23980579,0.10621847,-0.7461254,-0.13225602,-0.013533691,-0.0733289,-0.13606848,-0.2660571,0.079172686,0.021812707,-0.10581943,-0.17470892,-0.46258476,0.2914791,0.08701103,0.15518321,0.59943485,0.14588176
457,neutral,-0.24278492,-0.103688754,0.21847375,-0.24918383,0.18916415,0.00051178824,-0.002094789,0.10592533,-0.24761082,-0.100633755,-0.0025610554,-0.16209996,0.08597348,0.08754251,-0.038207605,-0.18788324,0.24052043,0.07075905,-0.5012818,0.053912524,0.24135189,-0.014762419,0.21149817,-0.003372258,-0.05592253,-0.035657268,-0.25840873,-0.34004712,0.21648876,0.026850032,0.037448775,0.41494387,0.1349291,-0.023347545,-0.16019922,-0.016689675,-0.10395183,0.023623753,-0.021185514,-0.0018357936,-0.32660317,-0.14254485,0.34631592,-0.020384777,-0.07498563,-0.08550934,-0.03388128,-0.2759931,-0.1519431,-0.43044907,0.18194394,0.1707419,0.27935988,0.5465694,-0.121373914,-1.7692322,-0.08639116,-0.21486196,1.1228982,0.42468634,-0.2698645,0.26744702,-0.062501326,-0.03272926,0.6133215,-0.0027623607,0.17511567,0.29290485,0.06899446,0.03221513,-0.033842076,-0.057166062,-0.04166773,-0.16134042,0.061368376,0.064918816,-0.058563504,-0.007808591,-0.5777319,-0.043630727,0.17013882,-0.11052959,-0.0520859,-0.04587862,-0.73510295,-0.22403821,0.10809547,0.015703227,0.15785633,-0.21413974,-0.046954755,-0.14429735,-0.07439076,0.39160848,-0.30576858,0.1939526,0.0115498435,-0.06461044,0.24311756,-0.20214362
458,negative,0.11463949,0.13222255,0.33177623,-0.17095158,-0.16732858,-0.15105195,-0.23264468,-0.06457837,0.045375198,0.059096705,0.12973474,0.10787422,0.18658894,-0.2031597,-0.026327237,-0.23884043,0.015686091,-0.097956605,-0.6066649,0.19831038,0.30018547,-0.12010956,-0.014215327,-0.104826964,0.10476839,0.12462239,-0.25443834,-0.3534001,0.25789052,-0.18192528,0.04582796,0.5950799,0.0015693535,0.0958788,0.11394259,0.25351036,0.0020650383,-0.14920366,0.12922661,-0.18191217,-0.36951688,0.03639628,0.1805011,-0.50355273,-0.25466287,-0.23510213,-0.07312786,-0.15489225,-0.020930449,-0.82044816,0.08398385,0.135016,0.16418374,0.8669112,-0.049066894,-2.1200044,-0.15118347,-0.22032413,1.4018955,0.31504142,-0.27637362,0.37618193,-0.37409174,-0.51224875,0.5709746,0.05108961,0.28365555,0.613457,-0.2971147,-0.25827077,0.09199301,-0.34196284,-0.53681314,-0.56061935,-0.13365978,-0.123935945,-0.28051266,-0.04158182,-0.9927662,0.28662586,0.6652131,-0.45634028,-0.08549578,-0.19314936,-1.1898952,-0.06782213,-0.10196972,0.22233112,-0.15335268,-0.3291674,0.06937598,-0.062004644,-0.36550528,-0.009971002,-0.5566447,0.017730536,-0.020896727,0.07397841,0.52070487,0.030340979
459,neutral,-0.35949335,0.24613181,0.38747677,0.07718643,0.004666564,-0.248447,0.019316668,0.0094106225,-0.38922766,0.26914543,0.27881017,-0.0009221646,0.37271613,0.26477858,-0.07308146,-0.30079114,0.35027555,-0.24436527,-0.44076642,0.25015515,0.4212622,-0.048517104,0.5420464,-0.14074631,0.020775937,0.17718743,-0.47076726,-0.17424445,0.22827624,-0.15451573,-0.26373565,0.22898555,-0.22229917,0.14063306,0.23063062,-0.1058196,-0.19912788,0.20384462,0.04499829,-0.02782021,-0.5538558,-0.10350213,0.16425891,-0.22261429,0.7657342,0.1914137,0.11702825,-0.08258134,-0.058152456,-0.2403929,0.050434407,0.24751191,0.1675327,0.9766334,-0.18220153,-1.885861,-0.37421456,-0.30314776,1.5264323,0.36394364,-0.36996788,0.32947394,-0.10632262,0.22619152,0.36898032,0.2962114,-0.013365427,0.38030085,0.12842749,0.2511458,0.22493826,-0.17912185,0.15496588,-0.15434135,0.11900638,0.23667069,-0.05448893,0.11078007,-0.78244686,0.13118494,0.62985474,-0.043844067,-0.18954925,0.15342501,-0.73905927,-0.13824452,0.051832166,-0.02909122,0.10596871,-0.21029969,0.04375906,-0.028969485,-0.092173465,0.042290345,-0.4096067,0.27251163,-0.36476552,-0.036915835,0.38645554,0.08297169
460,negative,-0.35201675,0.25766826,0.26061776,0.105559655,-0.14992665,-0.43268916,-0.028395424,-0.31756136,-0.17138006,0.67954355,0.040757935,-0.12902565,0.29875624,0.06709844,-0.04147943,-0.38166308,0.1879276,-0.28221202,-0.12815945,-0.28060612,0.4314611,-0.3815663,0.20807451,-0.20075954,-0.00947298,0.16342561,-0.5130147,-0.013763259,0.2458193,-0.010375976,-0.239127,0.12900998,-0.13397269,-0.2126109,0.30567586,0.05661415,0.08987972,-0.13791998,0.15934528,0.10007841,-0.37485635,-0.36390042,0.08312212,0.014614386,0.6179625,-0.094668195,0.24593239,0.062104467,-0.17963724,-0.1059039,0.32609114,0.45737827,0.107623614,0.79992115,0.062855884,-1.5202173,0.11440068,-0.4996452,1.3980757,0.39193046,-0.14873871,0.41452688,0.25040615,-0.030169465,0.29788488,0.22423278,-0.25259236,-0.011009437,-0.17458387,0.2335745,0.26464596,-0.31040356,0.124539845,-0.1468057,-0.064903796,0.0412757,-0.02416827,0.23995182,-0.74430406,0.29403812,0.66461533,-0.34049118,-0.09864445,0.4820958,-0.74834496,-0.08572046,0.11386285,-0.037551586,0.08700207,-0.28743738,-0.22670852,0.04953614,-0.12615997,0.07615416,-0.28586426,0.12981369,-0.25682744,-0.14609918,0.24310341,0.18914784
461,negative,0.076819785,0.26247513,0.23553184,0.1476291,-0.054174483,-0.5839829,-0.33672205,-0.2224254,-0.023636322,-0.14695968,-0.02048243,0.020053672,0.16659652,-0.19630641,0.13248535,0.10918579,-0.35125166,-0.07496034,-0.07028692,-0.16875301,0.5185326,-0.11825804,0.07774325,0.34286168,0.16308883,-0.15874612,-0.22330947,-0.18122748,-0.064973354,0.060584094,-0.016218891,0.02456655,-0.11974512,0.086498275,-0.19569586,0.16243894,0.33110222,-0.0663832,0.014446108,0.028778289,-0.42908335,-0.38276532,-0.0764284,-0.06847179,0.25726283,0.08851414,0.34759498,-0.06065121,0.06712104,-0.8861311,-0.051014792,-0.043387696,-0.02568307,0.80065185,-0.0738688,-2.0970545,-0.048310045,-0.28131312,1.5899837,0.25384748,-0.2787614,0.33660823,-0.26368403,-0.0195796,0.40089393,0.111241095,0.25951526,-0.2465729,0.43614328,-0.104251966,-0.02716041,0.018656347,-0.45718515,-0.12878704,-0.049732585,-0.20702636,0.013375079,0.1638311,-0.6644073,-0.005110272,0.6688097,0.23549701,-0.39905953,0.022607543,-0.6955853,-0.50839084,-0.16214463,-0.33612287,0.17762649,-0.27665293,-0.09434899,0.14359948,-0.43955863,-0.014575592,-0.5302942,0.16564092,0.3288053,-0.12567155,0.49123183,0.13930619
462,neutral,-0.060656004,0.17019369,0.44930926,-0.44986382,-0.11304904,-0.21442704,-0.3387129,0.011874634,-0.043828994,-0.4138436,0.045370825,-0.065029174,-0.21454893,-0.35328758,-0.03881792,-0.39471895,-0.117808186,0.35362944,-0.39637205,0.3914003,0.16246724,0.17214474,-0.21432161,-0.097665995,0.19765447,0.053166173,-0.31218082,-0.6205469,-0.12503967,-0.47084662,-0.088894874,0.55461293,0.09416653,0.04121348,0.062494542,0.47397473,-0.026676103,-0.10649356,-0.046394143,-0.09220637,-0.0054019205,-0.34315607,0.20134741,-0.007617992,-0.27194735,-0.27629647,-0.03347279,-0.19892028,-0.0018103615,-0.99417335,0.07505498,-0.08196148,0.110885814,0.5287448,0.15054227,-2.0421026,0.12660527,-0.07785417,1.1331255,0.06189634,-0.23663074,0.33140868,-0.29972637,-0.20962991,0.41392112,0.14107011,0.24142107,0.5686198,0.12847015,-0.31854224,0.14459082,-0.12468718,-0.38120726,-0.41338357,-0.011058252,0.1435244,-0.25031602,-0.13643862,-0.5571414,0.07585273,0.47875005,-0.2689979,-0.058500655,-0.47355053,-1.1043373,-0.25607985,0.05331753,-0.12041688,-0.30154958,-0.3850611,0.13753013,-0.16782139,-0.1806065,-0.058488555,-0.5326402,-0.08111365,0.1958116,0.05058539,0.3332775,-0.24253494
463,negative,-0.020240229,0.33822888,0.07384605,-0.033412453,-0.20316514,0.06337521,0.089778826,0.26946566,0.14755258,0.39210883,0.08767291,0.060736068,0.39793792,0.2253042,0.18678859,-0.20234503,0.10690786,-0.04065567,-0.670037,0.32390273,0.47195283,-0.028857872,-0.015985196,0.10422551,-0.51907,0.0850878,-0.14044781,-0.38555494,-0.1759415,0.34572572,0.13694724,0.2855661,0.13508151,0.45838708,-0.18143968,0.12734951,-0.32977116,0.25911215,-0.14052498,0.12857313,-0.28228122,-0.024892058,0.093012504,-0.3528531,0.5630625,0.11662063,0.24430777,-0.034911506,-0.20354526,-0.41434705,0.11022331,-0.17382725,-0.123837344,0.8996565,-0.1346545,-2.209418,-0.16234876,-0.44520956,1.609458,0.65112734,-0.0038650876,0.45787105,0.10733778,-0.08652512,0.2827911,0.22790104,0.119538434,0.111108825,0.003536904,0.23092675,-0.12362003,-0.30203155,-0.1831435,-0.07918686,0.45662478,0.1162451,0.26305988,0.12672643,-0.8672808,0.033172444,0.7709085,0.12680782,-0.27578983,-0.028020833,-1.3097391,-0.013463619,0.40687138,0.14219995,-0.36352286,-0.047818895,0.55850613,-0.2022138,0.0312177,-0.040986236,-0.73028857,0.6502145,0.24658713,-0.08689416,0.653043,-0.18075894
464,neutral,-0.0042820955,0.082406975,0.23442918,-0.30486637,0.18096806,0.021548213,-0.05668897,0.14307898,-0.42637095,-0.2517632,-0.14986908,-0.2307217,-0.013322854,-0.00013587163,0.024797242,-0.20060079,0.44963902,0.018495133,-0.4916631,-0.114501856,0.38154143,-0.12082704,0.10233567,-0.024188071,0.16849424,-0.07479255,-0.29448253,-0.20977347,0.23916231,0.022807676,-0.016902424,0.3663889,0.1618638,0.11235787,-0.31789848,0.23541507,-0.16276017,0.080300294,0.1956763,0.033331614,-0.30945864,-0.22018275,0.13457504,-0.13086717,-0.107879125,-0.18989864,0.21233745,-0.3665131,0.02401357,-0.42364746,-0.010054119,-0.18546176,0.40154213,0.48741975,-0.242405,-1.8998572,-0.109556295,-0.09733425,1.0674663,0.19664304,-0.107505955,0.54371625,-0.055704527,-0.20434622,0.3150982,-0.040641524,0.3050259,0.4282843,0.15170063,0.025533283,-0.12892826,0.00991577,-0.21794762,-0.26054513,0.0020662062,0.069971494,0.18961625,0.10993359,-0.6903317,0.038163904,0.22561298,-0.050605413,-0.2767947,-0.04230009,-0.65624815,-0.270363,-0.24385451,-0.35074088,0.29380035,-0.16380815,0.095826015,-0.15353361,0.0123518035,0.30063647,-0.5409299,0.03914485,0.14305577,-0.2089546,0.23723324,0.026562266
465,neutral,-0.07344786,0.025707737,0.52835786,-0.09976064,0.12228342,-0.06320685,-0.22216104,0.02402428,-0.25680548,-0.030580688,-0.15402284,-0.20668165,0.19758362,0.025482595,-0.11864372,-0.278939,0.34038603,0.16728668,-0.5221091,0.23081617,0.07684129,-0.25559747,0.28768727,-0.08014159,-0.19727136,-0.029233208,-0.054272655,-0.44043058,0.41959605,0.08659338,0.042522408,0.6653473,-0.012967939,-0.070031695,0.034432396,0.27971405,0.04031826,0.09555361,-0.13594845,-0.1957281,-0.5450769,-0.028617563,0.6411682,-0.27840903,-0.10568527,-0.14922887,0.06607783,-0.2594712,-0.20889357,-0.6033018,-0.039346434,-0.13123943,0.13293786,1.0038528,-0.10495716,-2.102497,-0.036417417,-0.044007912,1.1620178,0.28780267,-0.29161084,0.28248093,0.019319747,-0.21150815,0.73000604,0.09326802,0.27980345,0.7251885,-0.18824321,0.15427828,0.20482655,-0.38621494,-0.3638899,-0.48923472,-0.083434366,-0.0719386,-0.3193197,-0.095157474,-0.50991917,-0.027009616,0.42044932,-0.2588612,-0.16213472,-0.07671538,-1.0291437,-0.17269365,-0.0902538,0.20499726,0.23349158,-0.6541924,0.017301692,-0.032767404,-0.11794,0.12946062,-0.5660177,0.08248414,0.10760863,-0.2879558,0.43339288,0.07130395
467,neutral,-0.25289965,-0.042329405,0.17164303,0.2117648,0.0009953046,-0.10927529,-0.2353753,0.05115102,0.07272287,0.011520827,-0.21504934,0.07410697,0.052397955,-0.02070972,-0.04942092,-0.11880002,-0.109893344,-0.2284414,-0.4340039,-0.13280305,0.19428274,-0.04941538,0.08244209,-0.03867795,-0.102166004,-0.24851474,-0.006796885,-0.010577401,0.15204716,0.095185205,0.07841207,0.22611795,-0.028747203,0.07848238,-0.1324936,0.19866426,0.07421882,0.07268849,-0.13145363,-0.057916097,-0.50810003,-0.22645305,0.29556566,-0.071038134,-0.021446101,-0.28627765,0.08892664,-0.09089771,-0.13518257,-0.61362475,0.2135625,-0.14259115,0.20149189,0.7712606,-0.07729158,-1.7571367,-0.06907078,-0.11623622,1.1882174,0.3613957,-0.17996055,0.15019862,-0.066502385,-0.15690361,0.48628688,0.114065275,0.119544655,0.44840613,0.17953424,-0.06736164,0.065000474,-0.12354734,-0.26028213,-0.46444452,-0.03810137,0.09246225,-0.18769006,0.16039306,-0.6401344,-0.05799083,0.30450997,-0.024975277,-0.11420401,-0.08622783,-0.67597127,-0.2564949,0.020517323,0.2406213,0.12551633,-0.3814471,0.005837903,-0.030334838,-0.17237963,0.14399536,-0.4613034,0.14102313,-0.036864832,-0.15089944,0.35610914,0.12043036
468,neutral,-0.12929405,0.14977981,0.18263678,-0.068262406,-0.026587298,-0.46815374,-0.01859445,0.068062656,0.06836952,0.07195801,-0.0516776,-0.053219814,0.1541442,-0.043752193,0.0923338,0.006186448,0.037807185,-0.11744308,-0.30670542,0.13377756,0.18341929,-0.21831019,0.02766729,0.09887349,-0.119173735,-0.12576771,0.02430328,-0.2507749,-0.060004164,-0.077709086,0.11623763,0.2100448,-0.036092974,-0.029620942,-0.09236637,0.37449044,0.0646465,0.04592358,-0.013764429,0.059463717,-0.49440327,-0.2699716,0.022747299,-0.13555905,0.039031222,-0.22755401,0.19921823,-0.24178697,-0.13473469,-0.8431634,0.1930169,-0.2289571,0.18671367,0.76856107,-0.22376536,-1.9460864,-0.1899998,-0.29380196,1.2931211,0.43142506,-0.31654748,0.46103674,-0.09249185,-0.09841346,0.561177,0.100204185,0.12551819,0.38550925,0.26927713,-0.074610986,0.19665574,0.08090121,-0.35288554,-0.36958727,-0.18490547,-0.17121106,-0.033411637,0.1594151,-0.88380176,-0.015319319,0.40782285,-0.017457752,-0.09581383,-0.058088508,-0.9970176,-0.4015787,0.09026965,-0.07656435,0.010205723,-0.19364312,0.082194336,0.027708564,-0.15706559,-0.09366103,-0.36996242,0.0651986,-0.1095761,-0.17777647,0.3163015,-0.0654524
469,neutral,-0.12968959,0.15610665,0.52031344,-0.011131218,-0.30567494,-0.15555145,-0.2442011,-0.05029124,0.005538577,0.123594634,0.1801088,0.06009911,0.22841768,-0.16027144,-0.013547615,-0.26218092,0.029385444,0.19083402,-0.12455106,0.13629723,0.24386773,-0.01828272,0.1411337,-0.20806073,-0.0051593087,0.026702369,-0.2534786,-0.20429209,0.18192503,-0.14929543,-0.11652729,0.38888755,-0.22657575,0.09105692,0.16938715,0.09252534,0.04109291,0.15635662,0.18559061,-0.038023874,-0.45873168,-0.12074156,-0.022815466,-0.10166648,0.096920505,0.07121063,0.15953778,-0.1868038,-0.2419603,-0.7075252,0.19998972,0.23215559,-0.042991657,1.0548428,0.10756284,-1.7734301,0.30361274,-0.030964624,1.3955501,0.2623992,0.024375783,0.6515173,-0.17357689,0.0024288152,0.5365626,0.029875062,0.23735337,0.040735025,-0.11220969,0.053110432,0.01589631,-0.37265942,0.08243726,-0.25176343,0.14852165,0.15509513,0.18661502,-0.013418061,-0.46132284,0.09709623,0.34319028,-0.1700611,-0.53658456,-0.036729746,-1.1327238,-0.3765055,0.29514807,-0.019683354,-0.09114309,-0.20811795,-0.12730053,0.012577454,-0.044824716,-0.05647802,-0.07534791,0.13625462,-0.123246014,-0.19901754,0.31695262,0.00525336
470,neutral,-0.113978125,0.12500729,0.1979624,-0.23610403,0.11232092,0.12496039,-0.11890264,0.05510544,0.04333062,-0.0463611,0.04222911,-0.029095912,-0.038125813,-0.13690656,-0.10283896,-0.18164973,0.07590366,0.06339815,-0.37970906,0.15936613,0.34759313,-0.008529808,0.01998479,-0.0249934,0.012911798,0.0733291,-0.329232,-0.28113738,0.40924522,-0.12568463,0.23055375,0.52648896,0.10581984,-0.014904183,-0.16365443,0.28562775,-0.05852487,-0.08303627,-0.24182352,-0.058071688,-0.33313853,-0.08279438,0.13280487,0.021878762,-0.3874204,-0.24264789,0.0848088,-0.24987526,-0.08598408,-0.6674925,0.070753925,-0.15800965,0.07194357,0.6640276,0.13141377,-1.6045743,0.053438343,-0.012041047,0.8000155,0.1768588,-0.23206167,0.38435656,-0.14099687,-0.21365891,0.63953155,0.00265125,0.20152971,0.31765765,-0.055170964,0.11613433,0.09263342,-0.07026345,-0.43205127,-0.27808988,-0.26669645,-0.17812927,-0.15820278,0.1398178,-0.5759476,0.04278356,0.34417886,-0.08856636,-0.0009604164,-0.09487874,-0.79133546,0.039222937,-0.09955881,0.03534181,-0.14708379,-0.40689623,0.028370306,-0.029963437,0.079553895,0.0070605692,-0.26906297,-0.14965664,-0.07462952,0.12466522,0.12556697,0.10256533
471,negative,-0.04305821,0.12073735,0.2343107,-0.16862062,-0.06425164,0.17259382,0.0012982411,0.30601913,-0.16091205,-0.15186252,0.02050581,-0.08180901,-0.0061566676,-0.0014830844,0.12288775,-0.16727088,0.07945422,0.12163645,-0.22747809,0.3532643,0.16745348,0.025943302,0.21266745,-0.3682977,0.3475214,-0.12177385,0.11434024,-0.25658113,0.036443062,0.020389006,-0.1699732,0.32035425,0.1482461,0.1885543,0.0037894652,0.14519729,-0.15632994,0.2960701,-0.022875281,-0.18512788,-0.15989177,0.078965515,-0.051197466,0.039312012,-0.20063312,-0.02435102,-0.064068295,-0.09916949,-0.024264235,-0.5659046,-0.0050960463,-0.29826784,0.18133032,0.5817131,-0.022450577,-1.931795,0.11457665,0.06848909,0.83262014,0.1733418,0.1404434,0.68907154,-0.30022767,-0.22003908,0.46304485,0.035865825,0.39386797,-0.016119504,0.04285658,-0.0564413,-0.029580578,-0.06620507,-0.19882219,-0.15179509,0.18942054,-0.04615811,0.1632797,0.12903538,-0.46617362,0.0959418,0.2716908,0.18462539,-0.2561678,0.033503007,-1.0272002,-0.14680187,-0.34757584,0.0056636943,-0.07694841,-0.24312536,0.088091336,-0.07914243,0.030505374,-0.0029682626,-0.55177087,0.00491902,-0.13652706,-0.125451,0.32018295,0.2304068
472,negative,0.03825091,0.50241584,0.25704458,-0.05131848,-0.0033226784,-0.022763694,-0.15048769,0.075706646,-0.13658231,-0.13933884,0.1681456,0.056998167,-0.0866061,-0.0588215,0.02380421,-0.38133618,0.14448208,-0.03203571,-0.3529864,0.22930321,0.31473637,0.04891419,0.033820197,0.17272559,0.07549621,-0.01957103,-0.049485717,-0.2665206,-0.13616022,-0.15138717,0.055531807,0.5176371,-0.10625453,-0.09357542,-0.027587282,0.31604037,-0.0822303,0.2014478,-0.16093193,-0.08761746,-0.28995258,-0.16863522,0.019375568,-0.17320985,-0.026357597,0.10680881,-0.26343927,-0.20243226,-0.15201977,-0.741759,0.04632107,-0.21096867,0.1444089,0.8278399,-0.12592289,-1.874955,-0.0437041,-0.19916561,1.5001949,0.23085698,0.10128452,0.27326438,-0.26292783,-0.13760798,0.3296198,0.17146352,0.09986941,0.16361488,0.34017277,-0.17077544,0.03944252,-0.18750374,-0.27705714,-0.1973539,-0.024841608,0.031832624,-0.24977486,0.15441114,-0.67259693,0.20241699,0.5066676,-0.0017950153,-0.20405246,-0.03944937,-1.1326019,-0.011741774,0.089486584,0.0012843913,-0.15968144,-0.29078045,0.16056082,-0.050611924,0.09375031,-0.19080727,-0.657181,-0.028103383,0.258247,-0.023628218,0.55041945,-0.02521331
474,negative,-0.021183467,0.14533287,0.32260397,-0.34222695,-0.2465665,-0.015519088,0.00062638393,0.14904943,-0.15784308,-0.33624208,-0.03427186,-0.07310745,0.01589677,0.09367026,0.039909568,-0.18264982,0.032764543,0.2337325,-0.36394694,0.52911246,0.13764052,-0.14459227,0.15979338,-0.20821658,0.35397837,-0.042190835,0.021509327,-0.34746838,0.050934352,0.0043204464,-0.21284886,0.39842054,-0.00693526,0.12090124,-0.032212973,0.18235841,-0.28296214,0.25247478,-0.049138386,-0.19332197,-0.23036985,0.14920056,-0.117805906,-0.06641551,-0.29321882,-0.032855924,-0.11361303,-0.16412532,-0.13747853,-0.73882437,-0.023258738,-0.27193007,0.11112148,0.58091253,0.015373392,-2.0179596,0.16696303,0.018718248,0.88495016,0.19197899,0.06264815,0.7121329,-0.26609212,-0.30401114,0.5945954,0.038883585,0.29660258,0.098489314,-0.05058664,-0.08452557,-0.019336006,-0.12376086,-0.22473016,-0.05571765,0.2615813,0.056893025,-0.04545006,0.016688257,-0.6143253,-0.023090348,0.24617255,0.3268426,-0.30794764,-0.040575724,-1.3084203,-0.21789528,-0.41335204,0.037998524,-0.2242931,-0.41837662,0.031529777,-0.16960064,0.1335194,0.031363416,-0.48024216,0.067198984,0.0077020423,-0.1971928,0.24236156,0.25177574
475,negative,0.0064070076,0.38440043,0.2702323,-0.05688457,0.055586595,-0.1347746,-0.07820539,0.20930822,-0.17220874,0.23232709,0.19948176,0.07622295,-0.0008510776,-0.04252085,0.025894878,-0.456081,-0.11524936,0.07275848,-0.30369374,0.23968025,0.39424357,-0.038372617,0.10389278,0.3945522,-0.02558184,-0.04891824,0.055904154,-0.1697503,-0.24734227,-0.23338151,-0.043767434,0.29020926,-0.095263906,-0.14483109,-0.046412967,0.26854688,-0.021158576,0.07076662,-0.03346456,0.072093405,-0.20855863,-0.35811135,-0.009229845,-0.027050497,0.12292574,-0.018483441,-0.07984098,-0.37285596,-0.21317169,-0.8290095,0.26600656,-0.17070624,0.17867047,0.98284847,-0.21487446,-1.8584324,0.06949024,-0.41281015,1.5296824,0.10258828,0.06560764,0.27004403,-0.2950014,-0.04906538,0.25480616,0.25649443,0.06280605,-0.099171266,0.3454866,-0.2363977,0.025969857,-0.15948273,-0.30340862,-0.006642381,0.051830996,0.09429615,-0.2154101,0.09954526,-0.765618,0.120308705,0.5939323,0.20261985,-0.1568633,-0.003774642,-1.106856,-0.18642919,0.09307961,-0.10313784,0.028030938,-0.24900609,0.041598093,0.060917772,-0.10956541,-0.3973992,-0.6256236,0.06320845,0.28652593,0.0021880164,0.7555387,-0.18053254
476,neutral,-0.27705756,0.17273861,0.35972765,-0.38175157,0.0015527176,-0.15405743,-0.0768368,0.46419364,0.020873677,0.29775596,0.23604609,-0.028953657,0.3249095,-0.08703018,-0.11847027,-0.22645086,-0.23140042,-0.037671056,0.034265496,0.118339986,0.3067464,-0.01815727,0.5382391,0.010953256,0.05283899,0.19224557,-0.25147334,-0.06532733,0.23140316,0.04891947,0.025229797,-0.20012935,-0.1050582,-0.14518121,-0.2340554,0.007685095,0.035764128,0.056036197,0.07038191,-0.04956863,-0.25416258,-0.3253151,-0.081938416,-0.19876839,0.050725587,-0.045424215,-0.03733455,0.0461578,0.043167174,-0.5475127,-0.14651246,0.27106348,-0.007716614,0.6930453,-0.51599336,-1.2440032,-0.21035765,-0.29372254,0.99371696,0.25983447,-0.46213725,0.4846817,-0.18983416,-0.20481777,0.5480605,0.48500478,-0.043860193,-0.059198912,-0.28897202,-0.12517074,0.08642372,-0.13182347,0.22342432,-0.11068966,0.08162545,-0.047548637,0.5392441,-0.043572277,-0.4990537,-0.018036395,0.4046622,-0.22216904,-0.26214576,0.39780983,-0.17529835,-0.20809016,0.16814287,-0.06309921,0.090670295,-0.14055713,0.09217187,0.053777803,-0.12435501,-0.11388722,-0.42173502,0.23787703,-0.14869605,-0.25333747,0.27454048,-0.0922486
477,negative,-0.14031236,0.15015838,0.15506737,-0.07109988,-0.12132188,0.17987916,-0.07257415,0.16422315,0.11512094,0.013050791,-0.14005099,-0.01799108,0.17082562,0.0403093,0.14965054,-0.20292576,-0.023453495,-0.06901305,-0.39539048,0.12767634,0.22394285,0.13786554,0.008110917,0.0145612,-0.04147852,-0.0948915,0.057665583,-0.4230149,0.057632178,-0.15330428,-0.21661142,0.24271372,0.076858334,0.2833312,0.075920396,0.073977284,0.05584483,0.1743616,0.33712527,-0.20034808,-0.4395943,-0.007900802,0.19943328,-0.21718143,0.31525564,-0.045989454,0.06519562,-0.052479118,-0.10079402,-0.41520432,0.16540742,-0.03843522,0.028929029,0.80171204,-0.015210878,-1.8018692,0.092190936,-0.3757625,1.3448426,0.27567464,-0.012059163,0.27284226,-0.12505123,-0.038423352,0.86557645,0.15272382,0.047657616,0.08424562,0.1123472,-0.058563046,-0.27754813,-0.2783607,-0.13196594,-0.14880261,0.43944505,0.17421825,0.14003426,-0.016721608,-0.6290447,-0.010906328,0.44510448,-0.14891645,-0.3054443,0.09851823,-0.96858925,-0.11000503,0.1867665,0.014035798,-0.08076872,-0.27068827,0.056919117,-0.10948158,0.116147935,-0.049420998,-0.3518541,0.14330064,-0.06382169,-0.12899806,0.3459088,-0.05460436
478,negative,0.1323292,0.32204962,0.19787158,0.0979523,-0.101438396,-0.61163765,-0.25698587,-0.2689875,-0.022143673,-0.18228032,-0.016329205,-0.05774837,0.13296105,-0.29562414,0.08192181,0.03297192,-0.20696174,0.032463983,0.017144632,0.12623057,0.48894903,-0.09326869,0.05582203,0.2517634,0.05332311,-0.1568878,-0.19900812,-0.20731884,-0.2724436,-0.02017545,-0.067246936,0.16042003,-0.2449925,-0.15294911,-0.120226525,0.16598547,0.3043143,-0.08640409,-0.011070064,-0.13019513,-0.26065114,-0.39449313,-0.18958864,-0.036694575,0.2033477,0.12931798,0.19900255,-0.038147274,0.10190596,-1.0000119,-0.1359092,0.005252986,-0.035357956,0.73703337,-0.01814918,-1.7220088,-0.1048644,-0.20707686,1.5075575,0.29703978,-0.010476618,0.17584597,-0.28199288,-0.0022972778,0.29553697,0.20632726,0.37279898,-0.1851328,0.590071,-0.053152584,0.023808287,0.028817626,-0.40683347,-0.053971384,-0.018512916,-0.123822376,-0.10030749,-0.016492452,-0.68066096,0.0603009,0.7600653,0.21032743,-0.49092552,0.05013261,-0.70198727,-0.43676117,-0.0042544603,-0.20448826,0.099312276,-0.25404233,0.049939353,0.14530101,-0.20755199,-0.20436266,-0.4658372,0.18547295,0.27035916,-0.20341359,0.4775726,0.14108
479,neutral,-0.07393854,0.2029722,0.38703626,0.08427491,0.011201204,-0.009734905,-0.27235517,-0.02550386,-0.020138742,0.02181843,-0.15328734,-0.06293262,0.07680497,-0.10776371,-0.0028467427,-0.06578697,-0.011741988,0.017813107,-0.315012,-0.061139792,0.32440418,-0.09255418,0.15704146,-0.04726057,-0.04176627,-0.05638056,-0.19417153,-0.26000023,0.17997137,-0.09221529,0.14057572,0.34351787,-0.12183759,-0.063515246,-0.081700474,0.13135892,0.1103064,-0.16782902,-0.19897844,0.0054824445,-0.50001574,-0.17260955,0.30720368,-0.116403826,-0.016857393,-0.19989134,0.2740328,-0.04383503,-0.159565,-0.5444983,0.16416307,-0.029157067,0.10618294,0.874322,0.02310789,-1.7221757,0.16809915,-0.21423729,1.1127083,0.27244586,-0.20008692,0.22289775,-0.020187534,-0.0312654,0.48696744,0.121714346,0.043598443,0.34294775,-0.03810224,-0.14708905,0.13231964,-0.22009753,-0.3631614,-0.35478133,-0.06349609,0.0072880727,-0.29348895,0.05611128,-0.76096344,0.009592096,0.34608656,-0.08176733,-0.09649953,-0.002612567,-0.9360394,-0.24969855,0.11386071,0.14793678,-0.069714665,-0.36407793,-0.0063655525,0.015916998,-0.2193424,0.24813932,-0.45726606,0.060973406,0.118968315,-0.020043522,0.35307497,0.034145404
480,neutral,-0.19750956,-0.118852146,0.37884256,0.030346096,0.047243774,-0.37089193,-0.018917404,0.31541535,-0.08484609,-0.10586223,-0.1188338,0.038611513,0.019988861,0.15385866,0.0006236052,-0.08011064,-0.070500515,0.032587335,-0.33004853,-0.02218185,0.31739742,-0.26555362,-0.11123165,0.2107472,-0.052929014,-0.07916768,-0.057777606,-0.12483341,0.45468828,-0.12867147,-0.3044075,0.28940713,-0.13991639,-0.04412111,-0.03020512,0.10461801,-0.042501234,-0.12258778,-0.006552355,-0.17369612,-0.52362305,-0.26965937,0.41224462,-0.20163299,0.1712337,0.046719838,0.09107321,-0.033318058,-0.14671992,-0.5390761,0.2238786,-0.36779833,0.21300796,0.965312,-0.10940347,-2.206706,-0.19484974,-0.16349956,1.4369695,0.33346897,-0.14572942,0.3407522,0.09394021,-0.10528662,0.67032397,0.07467294,0.047126204,0.44377473,-0.1585631,-0.048010454,0.35219175,-0.54069215,-0.43536758,-0.55161977,0.1057193,-0.053117026,-0.30876794,-0.06462432,-0.631604,-0.03158286,0.66701734,-0.08368829,-0.38033187,0.1439778,-0.81802875,-0.17141816,0.1077632,-0.025579626,0.3823385,-0.3567402,0.016223393,0.13130912,-0.15793642,0.34221274,-0.3258503,0.195236,0.3612122,0.069442414,0.39008662,0.2872376
481,neutral,-0.41387072,-0.22670923,-0.012168627,0.09401645,-0.043903597,0.3428401,-0.11479704,0.31418237,0.28667876,0.61004275,-0.24612714,-0.1674602,0.28957745,0.16167566,-0.04134308,-0.17652982,-0.13423662,-0.4291111,-0.5702235,0.16250561,0.46326306,0.043980386,0.20199406,-0.14974314,0.1570245,-0.4687138,-0.21160561,-0.23950183,0.22984135,0.08887076,-0.14684694,-0.23955801,0.27957484,0.33799517,-0.3732843,0.05501096,0.4957106,-0.01400294,-0.18711482,0.02973472,-0.53686994,-0.089923374,0.25184947,-0.1191158,0.43149993,-0.041056536,0.24375884,0.10097782,-0.03267605,-0.17478175,0.11792836,0.18648787,0.21446879,0.7901964,-0.37341687,-1.5550109,-0.2552743,-0.28148663,1.5320348,0.2191285,-0.09249562,0.31549668,0.1838492,-0.52951396,0.5244063,-0.055853877,-0.41437304,0.08173642,-0.35449323,-0.025893731,-0.24832807,-0.65945596,-0.44144297,-0.4880724,0.10054927,0.20852853,0.4235367,0.33412564,-0.7092356,0.18612106,0.44401374,0.17530954,-0.3980727,0.22623159,-0.35289916,0.07289399,0.19731869,-0.11825148,0.1421712,-0.0062832423,0.23464072,-0.08707824,-0.23615582,0.27105695,-0.7648427,0.84090257,0.19329797,0.22530505,0.5767561,0.38572806
482,neutral,-0.2618655,0.22427772,0.12706406,-0.15226354,-0.04919714,0.013254845,-0.023404228,0.17410485,-0.023390207,0.20954184,0.1883703,-0.106224574,0.21059383,0.11721449,0.14978375,-0.11334804,0.17087375,0.057284042,-0.13973695,0.2649498,0.28521413,-0.16077647,-0.024184812,0.06402788,0.011104745,-0.038606495,0.009426504,-0.15664887,0.0026361565,-0.112857856,0.020753333,0.30558914,-0.10128916,-0.048934348,0.051997073,0.16559324,-0.03937922,0.095034495,0.08358834,-0.077440426,-0.036696993,-0.18185708,-0.06775594,-0.14755975,0.032145426,-0.010301229,-0.09720781,-0.21205828,-0.2195513,-0.47476584,0.1410438,0.019338973,0.035689242,0.6960502,-0.041269984,-1.4575367,0.010916329,-0.08908527,1.3380264,0.2999423,-0.030300755,0.36178812,-0.16081114,0.20609404,0.42398494,0.08762511,0.0066581652,0.016757226,0.37641284,-0.0024641606,-0.0018420287,-0.15469489,0.1060118,-0.19433443,0.10745403,-0.040367726,0.06760294,0.04493066,-0.68505377,-0.093485825,0.3674345,-0.019718667,-0.1871471,-0.049546544,-0.89062524,-0.014199469,0.09294429,-0.1836085,-0.044725675,0.030491134,-0.10333275,0.09995489,0.024929572,-0.018179005,-0.3121177,-0.032212067,0.057354763,-0.18059954,0.4105901,-0.09856107
483,positive,-0.040468894,0.37016028,0.290513,-0.1737278,0.08328863,0.41064134,-0.16413309,0.018296657,0.020933684,-0.1299878,-0.025978079,-0.010651692,0.22008307,0.123549215,0.043851238,-0.22014083,-0.06482183,0.11408747,-0.39449257,0.26613373,0.099170655,-0.15649143,-0.07561489,-0.048263967,0.24929437,0.3945299,-0.09130722,-0.35314888,0.25912362,-0.28652874,0.2411386,0.3823643,0.048806023,-0.08502995,-0.023422383,0.13287666,-0.017515723,0.18505804,0.116563395,-0.18020992,-0.15902133,-0.22703071,0.08254317,-0.4545263,-0.1877339,0.02317117,0.022297068,-0.10835053,-0.09391681,-0.5796435,0.03621128,-0.055021625,0.30987924,0.7370576,-0.028973663,-1.3706759,0.08149727,-0.13079618,0.9900231,0.10233453,0.17063285,0.5808786,-0.39538062,-0.10905006,0.29584205,0.13778977,0.24659654,0.14065427,0.18468164,-0.49989662,0.075565,0.0009763609,-0.05181782,-0.3640743,0.25165895,0.14681521,-0.022460567,-0.1901948,-0.27006117,0.036975,0.23834258,0.09319377,-0.34312072,0.04889091,-0.91948104,-0.13360012,0.1752737,0.048615728,-0.25085413,-0.13086882,-0.13231216,0.041132472,0.14765626,-0.0044612573,-0.35738462,-0.13468619,-0.04851214,-0.3560621,0.34697226,0.1593908
484,neutral,0.10045594,0.5589776,0.0063441107,-0.06783406,-0.26047653,0.08699239,0.07103006,0.013735134,-0.15079807,0.32622036,-0.19079255,-0.14641616,0.24957725,0.12696236,0.27010682,-0.40348876,0.31288478,0.17631936,-0.20997307,0.512855,0.007995047,-0.3420378,0.16859896,0.12357025,-0.037836768,-0.21018869,0.0077468553,-0.531828,-0.0052009393,-0.026628658,0.07754454,0.7475167,0.22007234,-0.14593363,0.042617574,0.04182173,-0.050444312,-0.04669786,0.15191577,0.14684916,-0.26243576,-0.11017576,0.01498597,-0.33604306,0.17734815,0.0824079,0.047876645,-0.08601337,-0.29586038,-0.5959355,-0.13119566,0.0031326239,0.15420263,0.7852938,-0.12204834,-2.0789237,-0.21162519,-0.2388369,1.4580935,0.3034354,0.04783956,0.59473556,-0.04337025,0.17660011,0.80498606,0.0006570403,0.182119,-0.031317446,0.16386059,0.13653831,-0.4697701,-0.2082848,-0.0054163868,-0.0024844692,-0.1075898,0.06250329,-0.120613195,-0.08301013,-0.8919137,-0.34819385,0.1751586,-0.091903165,-0.26987988,-0.22708574,-1.1125172,-0.111190505,-0.07050851,-0.4574175,0.1838528,0.18429618,-0.29482877,0.033175744,0.23844026,0.34694088,-0.5793086,0.037261058,-0.2096752,-0.48103258,0.5878115,-0.07192235
485,positive,-0.08656629,0.2498267,0.41122624,-0.3122081,-0.22575867,0.49979168,-0.052482232,0.32747868,0.023467338,-0.18831615,0.20696831,0.086259514,-0.07481603,-0.029844198,0.036773827,0.011717757,-0.45981774,0.32551467,-0.071740955,-0.4739946,0.33142066,0.36971644,-0.13629745,-0.46044353,0.35864094,0.07137525,-0.4188204,0.021069074,0.58519006,-0.22765346,-0.11742994,0.3053238,0.17463328,0.19503091,0.10804807,0.25803524,-0.100440465,-0.08988357,0.42715988,-0.24706623,0.24167879,-0.25879335,-0.4022124,-0.32682523,-0.14081368,0.040980212,-0.18735325,0.065544605,-0.17589998,-0.8738444,-0.03338676,-0.29655713,0.11885099,0.49749255,-0.31680262,-1.5979538,0.090895094,0.19238232,0.8266219,0.2587417,0.10091673,0.86239696,-0.022290668,0.16930269,0.26568165,-0.15827172,0.9363511,0.1730099,-0.09432001,-0.39600554,0.054048773,0.05115175,0.19946821,-0.16665551,-0.09779829,0.3621422,-0.08495969,-0.18512568,0.20975971,-0.09465614,-0.16097277,-0.26888618,0.050358094,-0.10652563,-0.853369,-0.47404265,0.108108595,-0.3152779,-0.13925466,0.02916321,0.24725431,-0.1873266,-0.10650973,0.1378899,-0.1188225,-0.15998699,0.07380559,-0.113048226,0.48051313,0.23144387
488,neutral,0.06405608,-0.16902463,0.08833703,-0.319684,-0.030962912,0.27012548,0.1716634,0.32949805,-0.27974406,0.030298367,0.108442,-0.039543796,0.08683885,0.17411642,0.028160615,-0.08892885,0.3019266,0.04279437,-0.36552018,0.24291667,0.08557431,0.054720867,0.08077273,-0.16629998,0.46453792,-0.1671086,0.1405673,-0.23856021,0.13962355,-0.08433924,-0.13535674,0.2655508,0.23409551,0.26784283,0.0828933,0.0385486,0.026865881,0.17580712,0.12837327,-0.09080503,-0.036782417,-0.118123114,-0.0040998682,0.1998178,0.023348238,0.17542915,-0.2959797,-0.18684788,0.30887866,-0.41711202,0.0657862,-0.004526295,0.019250643,0.5570652,0.12022705,-1.4092118,-0.25606933,0.022389263,0.6313914,0.22068058,0.065324664,0.4886792,-0.1766141,-0.02052176,0.4427829,-0.20472115,0.32284808,0.22633028,-0.06959022,0.1307214,-0.15288357,0.014359664,-0.26177463,-0.20576915,0.19633022,-0.115517445,0.2560354,0.033473995,-0.1505687,0.22236635,0.3303036,-0.0077956393,-0.18377666,-0.017463949,-0.45952603,-0.18455239,0.12496333,0.19238608,-0.025048707,-0.16523711,0.22161305,0.020666089,0.062229414,0.0009193537,-0.21260509,0.11207423,-0.24372204,0.12416776,0.04903694,0.060632378
489,negative,-0.1407678,0.39134115,0.25458536,-0.07021912,0.05852578,0.16058318,-0.23114012,-0.08378038,0.18472102,0.093899705,0.07012417,-0.011824528,0.24360523,-0.11094017,-0.06854657,-0.1556764,0.056124676,0.13716686,-0.2836392,-0.13883667,0.1792851,-0.11856182,0.24342294,-0.20975521,0.23306748,0.018487837,-0.05018796,-0.11473679,0.17068984,-0.22618406,0.015444671,0.14844252,-0.106388144,-0.29309908,-0.01911794,-0.013353774,-0.005791535,0.0027047938,-0.05166421,-0.1321899,-0.38279405,-0.12756333,-0.140509,-0.13076177,-0.032832462,0.04371491,0.34880555,0.15229218,-0.07113871,-0.41128546,-0.12262349,0.23889942,0.08991079,0.8157156,-0.02274498,-1.4249111,-0.11292583,-0.0323611,1.1639813,0.24972305,-0.09907511,0.5445851,-0.11932567,-0.2170155,0.5390581,0.123842984,0.30704248,-0.08436725,0.07303602,-0.33345872,0.2327096,-0.3035467,-0.13281737,-0.14224987,0.24408956,-0.11619666,-0.10889383,-0.010804482,-0.5596129,0.34447634,0.2411556,0.13391818,-0.3123817,0.33802024,-0.63589835,0.11178268,-0.13888316,-0.068267874,-0.07041272,-0.24644613,0.14368558,0.010678053,-0.111634254,-0.033711262,-0.2597421,-0.15410252,-0.05852914,-0.3013038,0.303296,0.19658545
490,neutral,-0.15645275,0.15241486,0.25251213,-0.08644072,0.2485998,0.32210678,-0.065028146,0.15461582,-0.110162035,0.19795395,0.061340343,0.091071725,0.12865177,-0.047126874,-0.032355085,-0.097658865,0.2985465,-0.14659525,-0.34675384,0.044759084,0.27756557,0.25815073,0.24389029,-0.2359838,0.028400041,-0.21344669,-0.0145316245,-0.3407819,0.19055341,-0.015207643,-0.035467792,0.4634202,0.1678821,0.13650109,0.04985836,0.10935634,0.11549942,0.30048195,-0.13009104,-0.22790901,-0.47343007,-0.20311315,0.36274138,-0.033400677,0.064504534,-0.14078678,0.07907844,-0.12464836,-0.077962086,-0.4532344,0.08414001,-0.22468427,0.1508403,0.90697306,0.012491456,-2.0419834,-0.10962724,0.079542845,1.2609432,0.3506376,-0.19148068,0.35345024,-0.3437812,-0.1925377,0.59321123,0.036754288,0.3169382,0.2615257,-0.031477068,0.021302031,0.20395306,-0.207255,-0.26340866,-0.5385847,0.11993119,-0.1648555,0.16007033,0.2971038,-0.6090051,0.036191683,0.60246253,-0.13513348,-0.106695324,0.0494957,-0.92209923,0.06641441,-0.034692504,0.14707415,0.15540469,-0.26316217,0.2078166,-0.090712845,-0.26488778,0.21155764,-0.5671941,-0.17194377,-0.23018332,-0.030905569,0.35960457,0.258236
