row_id,ground_truth,glove_000,glove_001,glove_002,glove_003,glove_004,glove_005,glove_006,glove_007,glove_008,glove_009,glove_010,glove_011,glove_012,glove_013,glove_014,glove_015,glove_016,glove_017,glove_018,glove_019,glove_020,glove_021,glove_022,glove_023,glove_024,glove_025,glove_026,glove_027,glove_028,glove_029,glove_030,glove_031,glove_032,glove_033,glove_034,glove_035,glove_036,glove_037,glove_038,glove_039,glove_040,glove_041,glove_042,glove_043,glove_044,glove_045,glove_046,glove_047,glove_048,glove_049,glove_050,glove_051,glove_052,glove_053,glove_054,glove_055,glove_056,glove_057,glove_058,glove_059,glove_060,glove_061,glove_062,glove_063,glove_064,glove_065,glove_066,glove_067,glove_068,glove_069,glove_070,glove_071,glove_072,glove_073,glove_074,glove_075,glove_076,glove_077,glove_078,glove_079,glove_080,glove_081,glove_082,glove_083,glove_084,glove_085,glove_086,glove_087,glove_088,glove_089,glove_090,glove_091,glove_092,glove_093,glove_094,glove_095,glove_096,glove_097,glove_098,glove_099
0,negative,0.02457583,0.2444721,0.3168407,-0.038368877,0.023694389,0.02726094,-0.2129446,0.05060847,0.14410025,0.02029384,0.043396853,0.015274023,-0.054056127,0.24142088,-0.053333692,-0.017274305,0.03837008,-0.23179728,-0.42437884,0.2953127,0.27058265,0.19248255,0.24276796,0.09562613,0.052745678,-0.32297784,-0.048903484,-0.19271067,0.3775975,-0.09063847,-0.15513402,0.046274215,-0.10367733,-0.12318671,0.18588535,0.058405854,0.21479516,0.0076846876,-0.15065983,-0.21538316,-0.52749586,-0.14288287,0.2969303,-0.15151262,0.1972132,-0.1458024,0.48401737,-0.04784475,0.005175626,-0.50036645,0.06013683,0.20835234,-0.04058746,0.81725913,-0.2501732,-1.8119676,-0.041161537,-0.13763548,1.1891464,0.47740376,0.008988391,0.4364047,-0.034964472,-0.2920578,0.64430207,0.09065276,-0.23389663,0.39780745,0.05593963,-0.057697743,0.12964608,-0.46012497,-0.38033608,-0.19875205,0.17175423,0.058128327,-0.10104022,-0.015247458,-0.6338983,0.088128924,0.65312904,-0.08396996,-0.33983845,0.15470062,-0.9495493,-0.20328829,-0.19441009,0.03410622,-0.19595066,-0.273125,-0.04432099,-0.061741684,-0.023024704,0.057539932,-0.43706328,0.17449215,-0.2399146,-0.03241784,0.35666257,0.0122176185
1,negative,-0.19263698,0.21357219,0.2812597,-0.33250248,0.06504317,-0.0719799,-0.2525831,-0.115390666,-0.07158123,0.104359604,0.059614964,0.104662694,-0.00487186,-0.11694346,-0.04465325,0.028793065,-0.023123788,-0.025735987,0.043742727,-0.21307251,0.2004671,-0.15584719,0.037573066,-0.008011062,0.16844049,0.044820108,-0.24692525,-0.2696742,0.048597425,-0.1738212,0.031245284,0.12818345,0.033400014,-0.04369766,-0.003341483,0.1368963,-0.09185103,0.044465598,0.027683675,0.10475691,-0.26849928,-0.15618105,0.31630698,-0.2645041,-0.02910841,0.012480248,0.090911776,-0.062195662,-0.14031845,-0.45376626,0.14251494,-0.029239567,-0.0992519,0.9283356,0.14446793,-2.028303,0.1353722,-0.044460732,1.2286625,0.49227494,-0.1021087,0.22869444,-0.18108453,0.023768635,0.58013606,-0.06736854,0.2113286,0.25886494,0.2807875,-0.19859658,0.19081302,-0.30720288,-0.46041712,0.029808741,-0.022587119,-0.023768386,-0.17348102,0.09419645,-0.66131145,0.18443507,0.73804027,-0.07649787,-0.15069284,-0.1275053,-0.87251526,-0.34991592,0.05850204,0.011141608,-0.14462431,-0.37007433,0.053716905,0.13361983,-0.24671097,0.09927721,-0.2738219,-0.10859395,0.2508221,0.00029692863,0.55194896,-0.17636326
2,negative,0.020963676,0.36843583,0.5121796,-0.0440324,-0.041521803,-0.017419765,-0.18716873,-0.13971473,0.1860688,0.23145954,0.007693558,0.0225231,0.19948551,-0.016045026,-0.04890492,-0.119277395,0.080525704,0.12844983,-0.46002397,0.3409029,0.35434994,-0.061421502,-0.00319521,0.016786484,0.14939304,0.23391701,-0.1546813,-0.18729416,0.2959499,-0.022099607,0.028255338,0.34096056,0.007244954,-0.12522246,0.017218594,0.061090864,0.046512038,-0.024537832,0.055734623,-0.17000498,-0.48375565,-0.032695007,0.040031448,-0.24095789,0.04085687,-0.17025043,2.5968619e-05,-0.1285446,-0.30217406,-0.4953214,0.036329802,0.06761733,0.10150598,0.92719495,-0.17438172,-1.6040204,0.18531013,-0.16474938,1.1037788,0.27693784,0.019928623,0.45277256,-0.19792476,-0.17885445,0.6847911,0.20135672,0.24023782,0.28707358,0.007922239,-0.18678576,0.17700376,-0.3269697,-0.17248628,0.11332154,0.07720277,0.022505177,0.013041565,-0.068113446,-0.7550522,0.24007569,0.6057115,0.14405148,-0.26334766,0.17174198,-1.0400639,-0.12466829,-0.07293364,-0.007327377,-0.042665765,-0.29180157,-0.06593185,-0.17301185,0.13121782,-0.018441588,-0.44325182,-0.09024711,-0.2590348,-0.21225762,0.21093976,-0.11436614
3,neutral,-0.21377148,-0.1189273,0.25045404,-0.12777351,0.15446767,0.39342618,0.12118376,0.3643497,-0.1847346,-0.043778025,0.1545535,-0.18241042,-0.25824255,-0.0044358,0.3854951,0.12631567,0.25484538,0.045457207,-0.039183576,0.29304492,0.3094698,0.019210232,0.05358798,-0.19770655,0.41755453,-0.13936843,0.12792861,-0.10136526,0.1832194,0.2971084,-0.11886431,0.2424942,0.32745442,0.356491,-0.10215454,0.022030395,-0.05175555,0.4092277,0.12773764,-0.2934425,0.12899318,0.083783045,0.004922599,0.2791426,-0.09302307,-0.014757773,-0.21313535,-0.21086858,0.22535071,-0.4946743,0.081448145,-0.29687697,0.31786394,0.39785036,0.029963301,-1.7579597,-0.037516113,-0.08186085,0.3472703,0.43522313,-0.010916155,0.6737119,-0.30442226,-0.026735391,0.32246643,-0.20492105,0.52827245,0.07005431,0.04126965,0.1359169,-0.24814731,0.13211858,-0.15738119,-0.030141972,-0.023454836,0.12820584,0.3008611,0.19973144,-0.21367177,-0.018119082,0.04691209,0.037704326,-0.14620358,-0.12912877,-0.61542976,0.008264649,-0.15227099,-0.30591005,0.13651656,0.14786959,-0.20162699,0.01565697,-0.25186127,-0.036106404,-0.3417316,-0.063444726,-0.26552972,-0.0131666055,0.12168668,0.15359774
4,negative,0.048104107,0.018298423,0.56428224,-0.25366578,-0.32461402,0.25222036,-0.12968287,0.043951422,0.17479421,-0.029098777,0.19638114,0.10697591,0.06638813,0.010590053,0.104817614,-0.011456539,-0.05966875,0.16301118,-0.21830319,0.36548066,0.30668163,0.16653195,-0.13232508,-0.28619415,0.09746097,0.22684628,-0.35200796,-0.26114208,0.018034758,-0.054738056,-0.0648354,0.4246178,0.026230447,-0.15514147,0.009014237,0.081779584,-0.28630677,-0.040068317,0.10308127,-0.19463633,-0.3227224,0.031952433,0.2538765,-0.21302885,-0.37677255,-0.06377367,0.16602962,-0.14807156,-0.29973432,-0.7913236,0.23157234,-0.02682933,0.0639076,0.9097139,-0.12892021,-2.052891,0.09170856,0.1407785,1.3539119,0.2316175,-0.18506749,0.71273637,-0.4136722,-0.16460267,0.7143737,-0.028215386,0.5635315,0.29321867,-0.093109965,-0.2828868,-0.032016803,-0.31531578,-0.021887906,-0.24491668,0.1155454,0.2540011,-0.068327874,-0.042736664,-0.564517,0.0048044287,0.5029891,-4.648153e-05,-0.33156377,0.0084769195,-1.330164,-0.11083542,-0.09707016,-0.12608376,-0.26819608,-0.49696517,-0.0793098,-0.10628826,-0.04184833,-0.049972396,-0.44333652,0.015910221,-0.17578496,-0.20030272,0.3492804,0.27645618
5,neutral,0.04403899,0.11409824,0.18218799,0.16256395,0.24535131,-0.07445595,0.14146706,-0.11622191,-0.36998737,0.1341556,-0.1869606,0.060890302,-0.026799923,-0.07319559,-0.18647282,-0.039141756,0.11266214,-0.09811583,-0.18870047,-0.002175965,0.013217983,-0.09952499,0.16952805,0.11395577,0.33968306,0.15517956,-0.39966455,-0.20206991,0.5803043,-0.41551194,-0.06826273,0.18484715,-0.10882704,0.043050043,0.14975493,0.016762514,-0.12233369,0.23316725,-0.12727438,-0.19377398,-0.21048819,0.042741425,0.40288585,-0.3234409,-0.059386965,-0.1392307,0.24496368,-0.1965538,-0.10731828,-0.12025774,-0.1483443,0.08439135,0.0997759,0.77300245,-0.099961184,-1.2877337,-0.08921193,0.15512161,0.5253386,0.13086115,-0.051476836,0.34150788,-0.3955793,-0.07904044,0.27837956,-0.08604413,0.10078239,0.013624889,-0.06901003,0.21210605,0.41773203,-0.03867454,-0.27115253,-0.4625338,0.08934481,0.19946194,-0.34288916,0.18889529,-0.41987616,0.047144197,0.32590932,0.21132652,-0.20603059,0.057091724,-0.4131518,0.252669,0.08719129,0.029136736,0.030268846,-0.74495536,0.005216725,-0.27835792,-0.09187612,0.23395354,-0.42298484,-0.024010977,-0.05890044,-0.10396689,-0.117783,0.37030137
6,negative,-0.0064393394,0.08145785,0.32371572,-0.17759739,0.100508995,-0.08614228,-0.19991967,0.24137323,0.07931331,0.41571122,0.5383104,0.24966568,0.24039862,0.11755863,0.16464911,-0.10710373,-0.020080699,0.13279112,-0.30881906,0.32579488,0.3250282,-0.016634062,0.12625797,-0.020027777,0.37104887,0.13112305,-0.24514,-0.034572832,-0.015704386,0.12028393,-0.110148914,0.020845322,0.24220964,0.36056644,-0.014892167,0.0078059267,-0.045579832,-0.0038697645,0.43551555,-0.056457143,-0.36300483,-0.11408185,-0.01479337,0.16734613,0.54870653,0.19864635,0.049482327,0.21982427,0.19841342,-0.22914831,-0.22426166,0.108809985,0.1949128,0.9096478,-0.075865015,-1.7487614,-0.3263139,0.20233098,1.195643,0.50048125,-0.13567428,0.7072513,-0.024838928,0.22291905,0.13891318,0.09152945,0.29253364,0.05590391,-0.23726799,-0.06881173,-0.20319949,-0.138568,0.012197559,-0.11228859,0.08055342,-0.274935,0.3512391,0.14474179,-0.40387857,0.2634247,0.5645142,0.013314698,-0.24495612,-0.0040066293,-0.31715995,-0.39929417,0.077732705,-0.06665223,0.10756173,0.021802677,0.2640807,-0.006278934,0.050509,-0.07843127,-0.2446208,0.20292506,-0.07199909,-0.17555155,0.22830807,-0.23254053
7,negative,0.20484109,0.1809465,-0.34654647,0.006766985,0.090701595,0.25502896,-0.64132595,0.42001098,-0.06043893,0.4881876,0.07259779,-0.04416378,0.32760286,0.35190952,-0.47849792,0.06591744,-0.21334825,-0.2643153,-0.5751747,-0.30588362,0.8375702,0.0094317505,0.27976206,-0.18088615,0.25873297,-0.39685324,0.04038536,0.0949276,0.56460404,0.14884843,-0.25800842,0.18022849,-0.0073335157,0.14885448,-0.11980606,0.23265989,0.26949856,-0.08316978,-0.20696078,-0.16651647,-0.62839377,-0.12105825,0.37743285,0.018307496,0.7581976,-0.3477412,-0.07310628,-0.05896977,-0.009798785,-0.2968812,0.48518768,-0.10886994,0.2267327,0.89135504,-0.5580614,-1.6656648,-0.42761114,-0.22102676,1.3867543,0.09895571,-0.28525516,0.366355,-0.13868318,-0.34121233,0.16343112,-0.026947733,-0.15348226,0.071338646,0.07850147,-0.06392267,-0.2569373,-0.31947836,-0.42923728,-0.6793806,0.20874585,0.28951687,0.9207129,0.020076543,-1.0072329,0.13860591,0.69565076,-0.26422668,-0.004890099,-0.08165513,-0.8870434,-0.12565468,0.23329887,0.05051777,0.10809524,-0.08147119,0.322952,-0.20036276,-0.026751598,0.062023137,-0.55807453,0.30101198,-0.017383145,0.45830622,0.30665,0.02230383
8,negative,-0.05869764,0.014146269,0.25210607,-0.12257144,-0.012331971,0.17891751,-0.18189801,0.13492757,0.101676494,0.084592775,-0.052379902,-0.0060045975,0.024084898,0.010681644,-0.053869367,-0.086390026,0.16033763,0.12533258,-0.2516329,-0.0071959146,0.25360218,0.056338064,0.06967569,0.0014642917,0.017576609,-0.020650415,-0.21176839,-0.32313925,0.027295867,-0.038961273,0.06842303,0.31356168,0.078807026,-0.05952967,0.041406494,0.14399618,-0.014996687,0.008450138,0.030958131,0.045567513,-0.15264161,-0.2661548,-0.06743388,-0.112977505,0.011137567,0.02213469,0.1118638,-0.16204949,-0.06825766,-0.5406999,-0.09435083,-0.1451861,-0.009462434,0.6238425,0.034000494,-1.3692396,-0.03294262,0.12266142,1.0475851,0.22585249,-0.15506777,0.31678137,-0.13359146,-0.06411328,0.3612593,0.058668327,0.2630182,0.052225996,0.064168006,0.031848613,0.12849827,-0.24664648,-0.12841254,-0.27422574,-0.014058076,-0.060776945,0.029607255,0.04886206,-0.5478414,-0.12799136,0.26814717,0.07538006,-0.096957915,0.13228285,-0.71414024,-0.036938284,-0.07286657,-0.0698726,-0.005503372,-0.365757,0.14463791,-0.060904812,-0.07184537,0.011622083,-0.28321496,-0.026117736,-0.029897232,-0.16528714,0.38014162,0.13840854
9,neutral,0.093946405,0.28371534,0.29837757,-0.17051636,-0.24811701,0.30505207,-0.19586587,0.047435235,0.19577716,0.16944107,0.01211789,0.0843952,0.3940134,-0.067526884,-0.038451586,0.041728016,-0.14558366,0.035875086,-0.55999386,0.36697623,0.17830904,-0.12526602,-0.051195603,-0.06494378,-0.025231205,-0.18043202,-0.033635452,-0.3828295,0.39454547,0.15681574,-0.08953979,0.3146296,0.077477016,0.16497815,-0.0016254198,-0.001637183,-0.04260903,0.028828822,0.064613014,-0.34300384,-0.45819038,-0.041716628,0.2269119,-0.32610354,-0.2642682,-0.27118698,0.30141962,-0.2745563,-0.11395125,-0.5783192,0.056630034,-0.15159826,0.10039265,0.55685204,-0.34525064,-1.1763852,-0.017845958,-0.08520169,1.0599618,0.20827296,-0.47343636,0.4025213,-0.19029143,-0.18525574,0.40213874,0.17419852,0.18315007,0.27082726,-0.28834346,0.3302098,-0.01287531,-0.32419905,-0.3881309,-0.12953262,-0.20924604,0.25353792,0.296778,0.17613138,-0.549437,-0.0110507365,0.5133579,-0.10819158,-0.040534135,0.042034455,-0.7128759,-0.2165648,-0.08464834,0.22362582,0.01165354,-0.2178671,0.044028286,-0.2241055,-0.18431686,-0.11566424,-0.43677488,0.059041705,-0.06292281,0.07103114,0.13666874,0.28246266
10,negative,-0.021737147,0.1898417,0.44125733,-0.409121,-0.16114487,0.23396267,-0.017433442,0.17173025,0.0131589,-0.22457093,0.16078179,0.024197655,0.32075727,-0.092784084,0.20698129,-0.19784969,-0.056278475,-0.037679005,-0.22524245,0.3927389,0.5494917,0.055900764,0.13967061,0.10347405,0.20541546,-0.09747289,-0.17815077,-0.24953534,0.22171946,-0.01321821,0.06323379,0.40576798,0.008286791,-0.24661054,-0.15597795,0.15854439,-0.0815967,0.21491829,0.005135309,-0.10434451,-0.2402084,-0.15883753,0.07104904,-0.24238528,0.009426823,-0.16944104,0.2899628,-0.22597368,-0.0059141107,-0.877758,0.0043097856,-0.14126459,0.17516644,0.8980196,-0.2905571,-2.5706012,-0.09499996,0.048185993,1.5981582,0.5760932,-0.0721353,0.9427724,-0.5713693,-0.19769365,0.5358006,-0.017142612,0.5295551,0.23132128,0.080258645,0.011615047,-0.1346261,-0.21386412,-0.15996166,-0.032304473,0.11638399,0.19241384,-0.017578056,0.030161453,-0.76203734,-0.10645559,0.53320336,-0.0631431,-0.40824574,0.13041838,-1.232426,-0.41268456,-0.06265817,-0.06336112,-0.22568397,-0.43273902,0.24525796,-0.04776508,-0.07990868,0.0548211,-0.57080555,0.10432935,-0.06207535,-0.23791954,0.43123782,0.18866207
11,negative,0.06320782,0.14879563,0.5781864,0.13599513,-0.058670714,0.02882837,-0.13151324,-0.027465815,-0.120189935,0.34575284,-0.08455558,0.28376254,0.20886935,0.19551378,-0.20959081,-0.003621674,-0.039100267,-0.100778274,-0.36206445,0.32127917,0.063533396,0.20476197,0.16242987,0.07024789,-0.094103776,-0.063696735,-0.14975762,-0.1827795,0.19016552,0.08270661,-0.21324147,0.31662512,-0.21773659,-0.37556684,0.06774304,0.026471036,0.012287026,-0.09148428,0.07136726,0.034270816,-0.23025626,-0.31452408,0.2008467,-0.24159208,0.11718392,-0.28878734,0.19542685,-0.11284261,0.052109063,-0.49874854,0.3215249,0.008616754,-0.037356466,0.9109537,-0.20015222,-1.9930196,0.15511143,-0.062316183,1.3761257,0.41689432,-0.15996844,0.6974934,-0.32118684,0.061633937,0.68460953,0.0060704853,0.17238475,0.20804855,0.07704703,0.04134989,-0.09804488,-0.35441726,-0.042053174,0.12415642,0.12412774,0.003003724,-0.029437194,0.31073266,-0.6691259,0.075595476,0.7583968,-0.020649195,-0.3125386,-0.0162401,-1.3828919,-0.19744518,-0.29064143,0.08277469,-0.18895924,-0.3263692,0.025519673,-0.0964814,-0.21534735,0.10239001,-0.24036697,0.20050187,-0.24590875,-0.121554255,0.34678644,0.11685954
12,neutral,-0.12898645,0.10256699,0.26254788,-0.002850129,-0.17492753,-0.37103316,-0.48979166,-0.16089337,0.029099485,0.094837435,-0.16056292,0.038711414,0.17997418,-0.06819266,-0.15079618,-0.26999453,-0.13484517,-0.111438364,-0.26371235,-0.105575144,0.05189638,-0.13138683,-0.12689021,0.13175492,-0.26581466,0.027681626,-0.00364638,-0.3260793,0.008645798,-0.053401053,-0.06387562,0.3758942,-0.22899961,-0.09619674,-0.24875388,0.0908377,0.16984025,-0.051142942,-0.27479285,-0.02413806,-0.4265788,-0.28318226,0.09985173,-0.11876538,0.11901445,-0.017355239,0.24632823,-0.19185738,-0.36573496,-0.7639645,0.06503786,0.019763758,-0.02091551,0.81712604,0.10790228,-1.8345922,0.24688292,-0.5126126,1.3592019,0.34116474,-0.10770523,0.16361353,-0.20411003,-0.077770315,0.6250933,0.12830132,-0.07717725,0.21051666,0.23772807,-0.30747762,0.22369835,-0.33332783,-0.3670384,-0.29070276,0.12541501,0.030770512,-0.19490476,0.15147448,-0.68462396,0.11673911,0.7368969,0.07583266,-0.24582773,0.15050484,-0.9577534,-0.037869558,0.08289593,0.11379445,-0.2819458,-0.48852268,-0.28578883,-0.0056547173,-0.22739679,-0.3173705,-0.38319734,0.31152248,0.30066016,-0.22690251,0.4992907,0.11313591
13,negative,-0.29820943,-0.008504404,0.06279824,0.08276015,-0.12738279,-0.6219646,-0.23014186,-0.094834626,-0.044592056,0.21789105,0.10775277,-0.108631544,0.050340112,-0.29832494,0.12075003,-0.3762559,-0.15761541,-0.12219907,-0.32062203,0.07194712,0.44962263,0.019026808,0.15239131,0.22431834,-0.11882392,0.19416714,-0.24539822,-0.36387455,0.41371107,-0.12156522,0.042341575,0.34996796,-0.121319205,-0.013408849,0.0077658487,0.29004982,0.2005766,-0.25487682,0.01534479,0.0011892301,-0.51024026,-0.30563754,-0.066141516,0.1288229,0.18525052,-0.11167892,0.6808553,-0.37838915,0.13655064,-0.9582337,0.22056368,0.14891152,0.17998207,0.9991022,0.125244,-1.7576747,0.23573026,-0.06851059,1.4414121,0.17328006,0.0766211,0.40052867,-0.0538106,0.05536573,0.30529058,0.47096586,-0.063554235,-0.17872259,0.38489205,-0.19624233,0.45041218,-0.56678283,-0.13446684,-0.2246927,0.29760742,-0.066744596,-0.05201323,-0.12002248,-0.35328153,-0.038390525,0.542604,-0.027587537,-0.46239522,-0.05705806,-0.7300591,-0.10028949,0.26110908,0.15610154,0.15274543,-0.06586523,-0.0005040117,0.19406982,-0.30306283,-0.014939733,-0.5323172,-0.115175866,0.11952411,0.127035,0.47650424,0.13982268
14,neutral,0.06437737,0.46771267,0.46146375,-0.58360004,0.04006705,-0.08349762,-0.16899918,0.33850768,0.059746694,0.009256756,0.4930772,0.07004467,0.41862217,0.10531932,-0.28710693,-0.07168521,-0.16257262,0.25657985,-0.5922567,0.43024316,0.5131585,0.40053695,0.20629509,-0.26881582,0.08538656,0.14150132,-0.61367,-0.18130565,0.23725982,0.13980807,-0.35620877,0.6605789,0.153816,0.051861893,0.17439568,0.18205449,-0.32944,0.0691464,-0.09123089,-0.01801906,-0.08551887,0.11085987,-0.10238173,-0.4348866,-0.3832167,-0.5103253,0.65828365,-0.40297237,0.11242289,-0.9456547,-0.1566412,0.12966828,0.1901409,0.95462304,-0.11989155,-2.4798052,0.02923157,0.34953836,1.4015834,0.4518539,-0.32516336,0.21716747,-0.24119067,-0.06279703,0.8880848,0.4101366,0.63758755,0.15444453,-0.34772608,0.08654903,0.3716736,-0.14016612,-0.20431665,-0.37775478,0.28482512,0.16051814,-0.17687887,-0.051906444,-0.50770694,0.16965622,0.5446647,0.19491994,-0.7019813,-0.02790694,-1.3994391,-0.1074634,-0.0055669285,0.19952674,-0.17050461,-0.51207525,-0.05743808,0.05236522,-0.20753813,-0.2601123,-0.57406944,0.104649484,0.014095597,-0.19248974,0.2740714,0.41433173
15,negative,0.026795901,0.19963415,0.3307599,-0.27619627,-0.19692016,0.34388733,-0.4217549,0.17316207,0.13719398,-0.18749447,-0.0682617,0.047268935,0.047933612,0.06735119,0.11478173,0.044572324,0.19570054,0.23572834,-0.46855083,0.3396752,0.13709377,0.03769057,0.08991731,-0.10341665,0.077232905,0.103749275,-0.11864607,-0.5045885,0.11476489,-0.078786165,-0.023175558,0.42956716,0.0802935,0.005411445,-0.1201858,0.11319492,-0.15216947,0.1652268,0.08068397,-0.2813733,-0.33375767,-0.04381093,-0.1508844,-0.40388906,-0.19824903,-0.014550268,0.010443205,-0.036871064,-0.24002339,-0.5276615,0.018156637,-0.027656047,0.19361581,0.82238877,-0.20724238,-1.5340074,0.18916139,0.09114964,1.2002648,0.41535848,-0.048964016,0.5101437,-0.34837863,-0.18391165,0.6902415,0.26356357,0.25832388,0.2327916,0.16572976,-0.21906815,0.055338528,-0.24860463,-0.08402689,-0.31022942,0.06290047,0.083714046,-0.28842634,-0.020436125,-0.6195615,-0.16579309,0.33080608,0.089297324,-0.022351773,0.071832,-1.2726848,-0.08521037,-0.005864994,0.011508288,-0.2826571,-0.44634286,0.1146863,-0.2315071,0.036619484,0.1415609,-0.29830137,0.012762408,-0.09913,-0.4221357,0.29441676,-0.002474233
16,neutral,-0.14892359,0.24018578,0.33081037,0.110905044,0.07409593,-0.18368734,-0.23387344,-0.01011256,0.1704097,-0.1239672,-0.13153274,-0.16203706,0.1180575,-0.0036465286,0.08851817,-0.17083868,0.109990835,0.013522513,-0.3138494,-0.12244528,0.18637349,-0.1161198,-0.007815416,0.10928912,0.010472444,-0.17799166,-0.040656626,-0.13917188,0.116753936,0.0059839934,-0.21475668,0.13650814,0.02448613,0.0950219,-0.04100382,0.1155386,0.20681766,0.27814135,-0.27422044,-0.1460236,-0.48368853,-0.27773145,0.22862267,-0.12973306,0.21475402,0.08249905,0.4055545,-0.13628961,-0.16780607,-0.5333142,-0.08868584,0.03324148,0.0052551185,0.82372695,-0.11160147,-1.8591897,0.024976915,-0.16118792,1.3983536,0.3107638,-0.3665648,0.5161253,-0.20625773,-0.14343046,0.5930286,-0.12173294,-0.1085437,0.1675529,0.13375993,-0.06249434,0.007900141,-0.35863498,-0.2228668,-0.36578205,0.0050911307,-0.12686369,0.012457439,-0.06504194,-0.6340613,-0.0007264417,0.31525412,0.083351254,-0.40984568,0.2866681,-1.0774257,-0.060568087,-0.046140544,-0.15902469,-0.02492698,-0.4393095,0.02601195,0.09915489,-0.15365659,-0.044130575,-0.28082654,0.10864025,-0.07133297,-0.013903928,0.57615304,-0.009837653
17,neutral,-0.15746239,0.3658545,0.23873243,-0.035901092,-0.10900166,-0.14653589,-0.14691223,0.047878977,0.24492243,0.279115,-0.09936551,-0.02636554,0.16948934,0.100714445,0.032022238,-0.21844025,-0.15739559,-0.04003001,-0.42738912,0.06668759,0.036443233,-0.053974286,0.2167309,-0.07869134,-0.029022167,0.024170335,-0.14146939,-0.13735041,0.08013485,0.14884825,-0.121139884,0.25376052,-0.11194085,0.07482315,0.06607188,0.09357688,0.013683973,-0.14057066,-0.06542536,-0.12285729,-0.49254102,-0.12512916,0.047743812,-0.28179625,0.38711047,-0.10998149,0.2888987,0.035616066,-0.26191482,-0.42183247,0.043861017,-0.080463625,0.14776476,0.85352176,-0.119904935,-1.522344,-0.09163364,-0.3113857,1.2752827,0.08833104,-0.065983295,0.31820795,-0.08221381,0.0019449923,0.76335466,0.078356184,0.2350176,-0.07088812,0.018722063,-0.30968323,0.085959636,-0.3435364,-0.13841578,-0.3159452,0.14751957,0.114036635,-0.03495209,0.13321206,-0.6916494,0.25177377,0.6433092,0.030645963,-0.41980106,0.2118168,-0.8981242,0.11397105,0.2625451,0.15045734,-0.008731493,-0.23349361,0.17385541,-0.22150275,0.006632949,-0.051496644,-0.44178006,0.13657719,-0.12336382,-0.27439234,0.5011428,0.09543143
18,neutral,-0.16677877,0.21913892,0.18584248,-0.10680988,0.04209248,0.06472846,-0.16268562,-0.08962233,0.119627774,0.0039544194,0.0890253,-0.09689493,0.24254934,-0.065293446,0.0981884,-0.2812897,0.16602214,0.13105588,-0.22572523,0.19243176,0.10153692,0.040350735,-0.0718972,-0.06700007,0.09908472,0.06637315,-0.04633928,-0.22658317,0.020177122,-0.0459402,-0.08913714,0.3086459,-0.11450709,-0.013322581,0.05325914,0.2001063,-0.009628906,0.17832454,0.040539306,-0.237301,-0.18872172,-0.084036335,-0.050308842,-0.27532342,-0.15513666,-0.119398266,0.045719013,0.008002238,0.010378577,-0.44253647,0.11858433,0.0098245535,0.1534684,0.69849133,0.04889158,-1.6080056,0.092294425,0.038570423,1.1925973,0.31079027,-0.041424412,0.551955,-0.19914018,-0.1538958,0.6048169,0.14318493,0.35159206,0.1233654,0.23215131,-0.03881638,0.13615745,-0.14673366,-0.06813084,-0.31572095,-0.039199118,-0.013405823,-0.0070175477,-0.07269089,-0.5499989,-0.03566177,0.35302848,-0.03265026,-0.28044486,0.052798476,-0.93228734,-0.0060708383,-0.032502245,-0.014644598,-0.08999847,-0.2399812,0.05366312,0.11663738,0.1739597,-0.0335352,-0.30465245,-0.059489936,-0.11146618,-0.24897158,0.24325705,0.19251357
19,neutral,-0.26967293,-0.20512995,0.39953938,-0.3786406,-0.018064022,0.21495844,0.183272,0.14889622,-0.19407198,-0.27681786,0.13920529,-0.22024748,-0.35752714,0.14248087,0.39432216,0.26196018,0.27459806,0.1860681,-0.15721114,0.5366931,0.3395871,-0.2550682,-0.11361461,0.14898644,0.46612158,-0.022540215,-0.014202125,-0.16251208,0.28254682,0.4163262,-0.16120246,0.32281443,0.18026358,0.33456784,-0.21565877,0.014328353,-0.19458038,0.40257725,0.16490749,-0.36404562,0.17316777,0.19487366,-0.06901265,0.23849437,-0.1818183,-0.021818591,-0.37075865,-0.3711957,0.18012427,-0.7288034,0.09939119,-0.25679675,0.2797447,0.29851484,0.11736575,-1.8009027,-0.03500484,-0.24170563,0.16948625,0.6005571,-0.2176583,0.70353866,-0.25187534,-0.05521272,0.45505694,-0.3289387,0.4461022,0.29653972,-0.10844423,0.19083326,-0.34823734,0.14757483,-0.17684726,0.18530129,-0.022623466,0.38208237,0.041841567,0.059131835,-0.30964097,-0.26520267,-0.114195794,0.18636374,-0.17261925,-0.33298331,-0.83861744,-0.02176422,-0.15179075,-0.4229167,0.019661322,0.07958118,-0.4463822,-0.07753838,-0.24072261,-0.001195134,-0.11565155,-0.0019618499,-0.10479223,-0.06653014,-0.10937226,0.14666499
20,negative,0.06323487,0.27722007,0.6917431,-0.4666416,-0.010194383,0.14247924,-0.2550416,0.21717222,0.07830969,-0.2278695,0.2693909,0.050670616,-0.032296192,0.24119812,-0.11045678,-0.38647708,0.3721895,0.43275312,-0.384121,0.3533448,0.54632455,0.5552931,0.26747358,0.061997607,0.17054224,0.20805138,-0.4042233,-0.49417633,0.45052782,-0.3385092,-0.09523697,0.504485,-0.11666798,0.015285796,0.105842456,0.40936962,-0.09580777,-0.040815692,-0.17632955,-0.12451224,-0.56959426,-0.32545656,-0.18211152,-0.35243845,-0.24426915,-0.05742044,0.12118208,0.057839364,-0.12663858,-0.73503363,-0.10863009,0.15389122,-0.113649294,0.9725207,-0.0055026035,-2.4986818,-0.08656504,-0.14672112,1.8075088,0.29141155,-0.1579178,0.88175166,-0.14301953,-0.23807833,0.6123466,0.16433172,0.29174775,0.34781587,0.035814334,-0.24799137,0.07811487,-0.2904357,-0.2425922,-0.64533514,0.16944416,-0.06879492,-0.22481969,-0.26361972,-0.56120414,0.037274677,0.50241464,0.061600547,-0.6497322,0.22691108,-1.2396612,-0.32083496,-0.28804043,0.044180702,-0.18564072,-0.2915141,-0.03310913,-0.09888129,0.16376868,-0.24918786,-0.7289094,-0.34942707,-0.102690026,0.12988661,0.605296,0.37935406
21,neutral,-0.26427305,0.020607855,0.60538,0.04139686,0.24270241,0.0040665986,-0.049759015,0.4147279,-0.42363548,0.00034440655,-0.20813183,-0.20561936,0.16399221,0.012860753,-0.17826806,-0.3491224,0.17233284,0.073186085,-0.71271265,-0.15318808,0.1777254,-0.30203205,0.4396276,-0.2005515,-0.19663048,-0.30535203,-0.013036656,-0.25232232,0.3825893,0.15416431,-0.008270463,0.35615695,-0.14336152,-0.04010037,-0.12274497,0.2015246,0.09632176,-0.10920607,-0.08170026,-0.048951216,-0.70797294,-0.2282788,0.5261759,-0.42146322,-0.008632285,-0.336943,0.03467952,-0.33339202,-0.2616918,-0.35383654,0.08498114,-0.27757967,0.13405916,0.84024686,-0.13098818,-1.9016546,-0.22162576,0.08006361,1.5160167,0.32110217,-0.13487664,0.23030753,0.09673679,-0.1478016,0.5495445,0.09727328,0.02907178,0.54950166,-0.04516972,-0.051931318,0.26074204,-0.2110943,-0.32179216,-0.50989175,0.08775758,-0.05355855,-0.289857,-0.2985659,-0.5970277,-0.27001524,0.36459547,-0.1458737,-0.16022637,-0.12129021,-1.0159181,-0.018291432,0.25003257,0.28943437,0.34089822,-0.41887128,0.3461502,-0.10211801,-0.34077695,0.3702153,-0.56713045,0.20712942,0.23442568,-0.35011634,0.57004994,-0.091703065
22,neutral,-0.1042488,0.3181516,0.1848503,-0.17921808,0.2456981,0.019265143,-0.23582006,-0.2015935,-0.19207446,0.18960883,-0.25901073,-0.17772087,0.18993814,-0.08440757,-0.37383536,0.2393002,0.1500796,-0.26178753,-0.49831465,-0.33490878,0.47347,-0.06518404,0.35422498,-0.012506122,0.08416277,-0.03869776,-0.25038052,-0.27379173,0.45823222,0.115534425,-0.07859772,0.22701016,-0.119121365,0.2947689,-0.1402872,-0.018841622,0.1496473,0.12856147,-0.10768698,0.17198528,-0.84286,-0.49272427,0.23528242,0.08797103,0.06473785,-0.7154007,0.18715328,-0.01348783,-0.032325808,-0.6165524,0.14623328,-0.083830155,0.24472918,0.82564473,-0.08736887,-1.977966,-0.13966009,-0.09686993,1.498523,0.2140404,-0.45959204,0.26496422,-0.09087977,-0.4143375,0.37860167,0.09907214,0.016898548,0.2363919,0.035203867,0.19855414,0.23701072,-0.2783138,-0.6674124,-0.45292512,-0.060431153,0.23063983,0.29925957,0.12101704,-0.885341,0.00058732583,0.71752614,0.108819984,-0.11569111,0.09554243,-0.6818881,-0.07553187,0.034029793,0.38752535,0.17294776,-0.46941787,0.15249214,-0.21754381,-0.17530417,0.19566543,-0.78980505,0.012854824,-0.04674549,-0.022235557,0.473729,0.44361466
23,neutral,-0.6224267,0.5161408,0.076401055,0.084977075,0.038536716,0.28642732,-0.10394556,-0.30929062,0.18271095,0.6368408,0.04444593,0.054978326,0.36839265,0.21464129,0.17889753,-0.014362356,-0.18989421,-0.1767636,-0.28838196,-0.046955522,-0.012635,0.27528152,0.32118648,-0.20372209,-0.18915404,0.08770594,0.056740124,0.27481058,-0.32901534,0.25060973,-0.3855439,-0.20945992,-0.047380224,-0.3810068,0.26094335,0.14506382,0.5376488,0.45112023,0.34289688,-0.14068235,-0.28079757,0.009864991,-0.047002245,-0.34373063,0.1431405,-0.4586444,0.06923435,0.19107343,-0.45165664,0.073687404,-0.5230363,-0.15272968,0.13949053,1.0666789,0.0877681,-0.859947,-0.06289741,-0.103525035,1.0075868,0.120565,0.35362875,0.2247194,-0.0265573,-0.20450157,0.8616984,0.21381278,0.68886197,0.13495283,-0.50231373,-0.050873544,0.060506005,-0.22256827,0.34270602,-0.26032743,0.16743946,-0.1694354,-0.25363326,-0.04812449,0.11735486,0.07863989,0.5144538,-0.0048199613,-0.44589898,-0.16087283,-0.41988608,-0.35974458,-0.2197013,0.28578123,0.492309,-0.104882084,-0.4674664,0.12541443,-0.17442533,-0.06757563,-0.49222928,0.1044464,-0.012511699,-0.19700113,0.08536629,-0.12478157
24,neutral,-0.18381871,0.042853195,0.14485085,-0.20518595,-0.1469146,-0.072425395,-0.11636599,-0.053929977,0.118374355,0.01836219,0.029757787,0.046292193,0.14075512,-0.004892016,0.07576965,-0.012405566,-0.13904966,-0.074953035,-0.35583273,0.17503415,0.19786888,-0.11628817,-0.016525678,-0.29141766,-0.08477035,0.09195213,-0.10091734,-0.104945265,0.089281276,-0.07534043,-0.070079304,0.17011614,0.02114095,0.041515585,-0.115189284,0.22485162,0.0064596427,0.048367236,0.019152626,-0.10904504,-0.3977097,0.06936823,0.17915022,-0.09840834,-0.091754034,-0.28210598,0.14854833,-0.059486575,-0.11505746,-0.57755,0.027254168,0.065505445,0.22637974,0.6238974,-0.24611357,-1.4433949,0.13264635,-0.046837125,0.763077,0.26286566,-0.13978486,0.42076987,-0.17175877,-0.3039684,0.4089342,-0.034694783,0.25265947,0.32246327,-0.21550678,-0.110644415,0.13609302,-0.27067438,-0.16173823,-0.5300526,0.051856194,0.17231034,0.021173887,-0.08038244,-0.59812635,-0.027138239,0.38830653,-0.2397947,-0.23429796,-0.14129315,-0.917186,-0.18402123,0.0631594,0.068352304,-0.038089775,-0.2743236,-0.065569565,0.02971291,-0.10333967,0.0027188624,-0.29486468,0.03197366,-0.1764542,-0.2883973,0.1040543,0.18322133
25,negative,-0.110777356,0.10927847,0.13039374,-0.1410386,0.057331655,-0.0760455,-0.007962227,0.048507754,0.11026542,0.20931715,0.113893576,0.09882401,0.12473819,0.07365931,-0.032400917,-0.03644437,0.058933195,0.04642121,-0.54732835,0.18908334,0.15417592,-0.18828517,0.0960551,-0.15771775,-0.02436594,0.25641483,-0.087304294,-0.29282543,0.18759224,-0.10744885,-0.07623937,0.30288026,-0.1285456,0.03324929,-0.08820815,0.054939944,0.02441212,-0.057794556,-0.13740318,-0.21730597,-0.29374343,0.045816388,0.11766454,-0.20467438,-0.046484955,-0.1631376,0.18227269,-0.18160339,-0.049926426,-0.652827,-0.05106743,0.022456627,0.10777647,0.82812333,0.012652504,-1.6295608,-0.09274677,-0.0050333757,1.094866,0.10908745,-0.06700658,0.43145752,-0.13997269,-0.20501022,0.58368504,0.097015776,0.11750604,0.2703947,-0.010247004,-0.18702875,0.16027236,-0.2670189,-0.3545665,-0.22837189,-0.05241471,0.07033513,-0.10715118,-0.12514894,-0.559274,0.0032239405,0.50335836,-0.06031858,-0.36657417,0.092244774,-0.83058673,-0.0008231064,0.22167046,0.15776534,-0.1699711,-0.07311512,-0.06238965,0.029689722,-0.23068815,-0.08956765,-0.42095065,-0.120211504,0.08535113,-0.077597626,0.120207414,0.13920867
26,negative,-0.13173586,0.052337307,0.24123861,0.09366784,0.024361605,-0.1724667,-0.035594985,-0.0488903,0.19357738,0.36283216,-0.09167853,-0.050056178,0.12399655,0.052962296,-0.10288272,-0.00024732514,0.038580995,-0.1377588,-0.3801575,-0.09761885,0.13408056,-0.13328253,-0.040800206,-0.12826566,0.077602945,-0.112944335,-0.06762187,-0.046161633,0.08616426,-0.06636641,-0.10659156,0.07681526,-0.23464726,0.01126204,-0.16740319,-0.09014014,0.210801,-0.021072846,-0.033959217,-0.010834489,-0.43660045,-0.094616145,0.22250408,-0.12904938,-0.017743979,-0.1252242,0.36194792,0.012950024,-0.210666,-0.4137747,0.010060715,0.10689374,-0.025153784,0.76979566,0.052429743,-1.4976107,0.09536296,-0.19882765,1.010284,0.18129686,-0.10063768,0.2836967,-0.060786337,-0.19291623,0.5935882,-0.01807573,0.17176576,0.011939944,0.14576182,-0.104965515,0.16069002,-0.19475944,-0.15666215,-0.2196813,-0.07400207,-0.025456361,-0.072929,-0.007822239,-0.70072526,0.16483113,0.52483064,0.1542328,-0.13668333,0.21413457,-0.6320122,0.11829401,-0.0013826581,0.0159487,-0.06860531,-0.3592626,-0.090881646,0.12683019,-0.18317348,0.004932253,-0.2530744,0.015325565,0.17057912,-0.11469307,0.29889718,0.35473433
27,neutral,-0.19560461,0.24114044,0.10829262,-0.010838268,-0.0027470398,0.06612077,-0.07567594,-0.33391306,-0.034650978,0.43821198,-0.013688516,-0.123425275,0.18756963,0.07906956,-0.051379237,0.033720672,-0.10419671,-0.15569815,-0.2470188,0.009950597,0.3811668,-0.2747881,0.1743209,-0.18828109,-0.046055943,0.05315651,-0.19078015,-0.31654692,0.18359086,-0.015901148,0.012529668,0.23258479,-0.15327474,-0.11586785,0.2246871,-0.010891362,-0.03983046,-0.18406045,0.1507802,-0.07223484,-0.24153955,-0.01675506,0.09228547,-0.18859191,0.059460443,-0.1900596,0.19563645,0.071829535,-0.17738287,-0.37426424,0.06269823,0.092646606,0.08233298,0.89926475,0.15586609,-1.5599643,0.043946497,-0.06798614,1.2126477,0.39013585,-0.03315001,0.4260283,-0.0029634298,-0.23829275,0.6331225,0.1434655,0.19420853,0.107934125,0.09313671,0.1139278,0.1456999,-0.35202,-0.25428972,-0.11561672,-0.0014460785,-0.2202775,-0.0617272,0.03226499,-0.6479173,0.10929,0.5443501,-0.056613255,-0.22014636,0.08905249,-0.9752773,0.1835364,0.02607505,0.023145622,-0.14779359,-0.24753839,0.02293895,-0.08888214,-0.11549681,0.20675245,-0.27852783,-0.19240755,-0.09013801,-0.24965642,0.3938782,0.1798854
28,neutral,-0.19906333,0.134159,0.1005634,0.0031251148,0.012345707,0.017131727,-0.30543572,0.11138397,0.007881081,0.37805194,-0.09710254,-0.10415228,0.28565246,0.0010862406,-0.10412972,0.028100293,0.26916233,-0.09030546,-0.3916355,-0.11134753,0.13753162,-0.20927651,0.14918694,-0.11085769,-0.20848843,-0.12306678,-0.15174598,-0.21607421,0.061658945,-0.05226636,0.16505115,0.15911599,-0.13848396,-0.08734995,-0.10890713,0.1307474,-0.024258794,-0.04686312,-0.11845555,-0.023345644,-0.5819185,-0.083194196,0.17510946,-0.15800928,0.06857364,-0.23724557,0.28461212,-0.10702072,-0.12712175,-0.5742982,0.13106436,-0.008660764,0.033149786,0.87369394,-0.064097255,-1.7075573,0.17329764,-0.2735958,1.3625646,0.2818887,-0.14381103,0.254016,-0.018629368,-0.05535643,0.5067767,-0.0013141879,-0.08350089,0.2712064,0.071559645,0.107737415,0.30168417,-0.27340788,-0.31150743,-0.3364127,0.02277158,-0.054012917,-0.16269255,0.10298174,-0.85199165,-0.039815523,0.5542219,-0.048042547,-0.14969559,0.010990402,-0.84997934,-0.104947574,0.16130829,0.22714913,0.09177395,-0.32037863,0.0589152,-0.068588264,-0.14660977,0.023854814,-0.35777333,-0.006511586,-0.044585135,-0.22337833,0.2940395,0.05070181
29,neutral,-0.24242266,0.077416204,0.20436467,-0.104824185,-0.046826545,-0.15510678,-0.034767922,-0.13421528,0.13163593,0.16869986,-0.049818333,0.0267713,0.119625844,-0.18193412,0.04738749,-0.18685196,0.039180994,0.031535957,-0.17440365,0.10717483,0.24115327,-0.13662426,0.18764181,-0.20868972,-0.027246455,-0.10219464,-0.08191459,-0.21879691,0.0791191,-0.06920911,0.045450747,0.3631002,-0.21587898,-0.10405996,0.021233672,-0.06429207,0.15823567,0.088349596,-0.11693245,-0.11681603,-0.41211632,-0.013243101,0.14077018,-0.22490221,-0.056859825,-0.28833586,0.2833137,-0.1378156,-0.1606673,-0.50112754,0.16685213,-0.070733346,0.12613215,0.77545136,0.18740924,-1.7503978,0.17508231,-0.022404274,1.0190381,0.37643948,-0.03687615,0.3387874,-0.22910859,-0.111431,0.6154087,0.18508796,0.2589319,0.20918368,0.04468295,0.011468486,0.16280726,-0.15992343,-0.20410413,-0.22236165,0.022479206,-0.10514045,-0.15313818,-0.040501233,-0.6679354,0.09772694,0.46469274,0.029497208,-0.3677462,0.0535082,-0.9443574,0.10274678,0.18024011,0.0449045,-0.04185725,-0.37574384,0.05298968,0.022822926,0.032580525,-0.050773002,-0.18526517,0.13537484,0.026298735,-0.20174551,0.3155495,0.21377629
30,neutral,-0.10035239,0.057960432,0.16839992,0.075086586,0.15991217,-0.027616413,-0.12392025,-0.07067891,-0.118117325,0.14837152,0.07102908,-0.06288144,0.0437107,0.05603961,0.004727713,-0.18543407,0.09798884,-0.17154455,-0.4203936,-0.012671502,0.11485905,-0.14404978,0.25955808,-0.097740784,-0.08985331,0.020450123,-0.16670674,-0.08932659,0.44948983,0.07597912,0.21199839,0.38666487,0.10870643,-0.11784076,-0.22258872,0.11496971,0.09280063,0.060629476,-0.3615325,-0.24496002,-0.37121952,-0.05238445,0.46359286,-0.16312593,0.20386428,-0.19894853,0.12918484,-0.12032257,-0.07314628,-0.16283047,-0.27313885,0.09032067,0.13799495,0.75995404,-0.08605387,-1.296732,-0.20327021,0.19983153,0.9520283,0.23288842,-0.21616362,0.07974542,-0.07800544,-0.21024443,0.40626934,0.013756078,0.0365848,0.15327314,-0.06862347,0.1365422,0.16171953,-0.010082446,-0.37282813,-0.4572979,-0.24860767,-0.16201293,-0.011906646,0.23485622,-0.6854833,0.14578705,0.4940379,-0.107917234,-0.23035622,0.0377842,-0.5520693,-0.06517397,0.14865084,0.23828661,0.10646368,-0.71522075,0.25486386,-0.15333529,-0.2726852,0.27435058,-0.62353796,-0.15828548,-0.062052526,-0.3265687,0.052115932,-0.12098014
31,neutral,-0.1937692,0.083033934,0.2549164,-0.08379396,0.11443752,-0.1348039,-0.18324412,-0.048618555,-0.023002258,0.16716017,0.04281091,-0.085278444,0.2108741,-0.05183569,-0.078629866,0.045419928,0.2832533,-0.12265741,-0.41450685,0.034653395,0.05215566,-0.21380849,0.10892396,-0.10527275,-0.25404933,-0.24283636,-0.09853206,-0.1857254,0.14216642,0.052385278,0.1428478,0.26088887,-0.27042255,-0.1503709,-0.09097752,0.143617,0.073658355,-0.027024861,-0.1934902,-0.057018094,-0.49020886,-0.06907043,0.13222298,-0.11301082,-0.008442607,-0.39161563,0.21084088,-0.27805197,-0.27532822,-0.60394037,0.3195764,0.014513821,0.19349608,0.8500171,0.022239013,-1.7178222,0.026680565,-0.23657107,1.3028076,0.3008738,-0.12434539,0.35912818,-0.1316512,-0.18835957,0.6046473,-0.010995923,0.028237065,0.40119484,0.0035436617,-0.01582844,0.25539818,-0.12727726,-0.22581638,-0.407605,0.055980247,-0.059213784,-0.22183013,0.091773786,-0.879689,-0.05990922,0.51817185,0.02699575,-0.22226112,-0.121783294,-1.029021,-0.07653963,0.24994887,0.18375409,0.03580501,-0.18924078,-0.03237119,-0.11110627,-0.20881124,0.0027638283,-0.30255482,0.0069725607,-0.10123995,-0.3203199,0.29080525,0.12815711
32,negative,-0.036154833,0.2525397,0.20998217,0.0021916619,-0.14068033,0.26833963,-0.15919232,0.012994145,0.20960118,0.17722142,-0.034745928,0.0797318,0.29453638,0.111818604,0.08900776,-0.2132128,0.068272375,0.030696511,-0.40170524,0.33610117,0.27750757,-0.1769428,0.20571047,-0.08241369,-0.05513265,-0.060253844,-0.079017974,-0.37817594,0.014057026,0.020148618,-0.04410425,0.28826976,-0.018774142,-0.018797401,0.044465456,0.03140256,-0.12544121,0.15543133,-0.03267874,-0.088475764,-0.3683345,-0.04966426,0.024921604,-0.2464757,-0.0054367455,-0.01953255,0.24414147,-0.021124601,-0.12149831,-0.52567554,0.118966825,-0.09334986,0.038969662,0.845779,-0.12626758,-1.7298087,-0.002618062,-0.22989625,1.2901006,0.34665495,-0.1386244,0.6704854,-0.105519444,-0.13967383,0.6519369,-0.029873852,0.315821,0.10072593,0.06217368,-0.104380876,-0.0737945,-0.3782418,0.0051475177,-0.1436517,0.2669423,0.14400263,0.03553572,-0.101751626,-0.6314785,-0.060732793,0.2851162,0.07477616,-0.16016546,0.029148841,-1.1806116,-0.09810594,-0.04217109,-0.10669027,-0.07968318,-0.2994021,-0.07388678,-0.027792394,-0.031398848,0.046163898,-0.3151639,0.040295817,-0.25662795,-0.23445162,0.27197868,0.0054130056
33,neutral,-0.111992545,0.22244102,0.7743556,0.14232706,0.023488663,-0.08679341,-0.01251302,0.2525046,-0.14200805,-0.22858709,-0.14732765,-0.21498208,0.24638808,-0.09392236,0.07765897,-0.052442625,-0.14842656,-0.006600044,-0.26718166,-0.16757861,0.17459507,0.0889554,0.044299405,-0.098584406,-0.020807138,0.045852814,-0.0010674577,-0.15095222,0.34932193,-0.16960788,0.059890665,0.11603981,0.005920448,-0.0019170506,0.08785038,0.20246112,-0.042955507,0.10186605,-0.29591432,0.02487711,-0.68868136,-0.2849968,0.20412476,-0.19576563,-0.08608205,0.047395468,0.39170298,0.019808603,-0.13557993,-0.5078695,-0.1636328,0.068202674,-0.24673055,0.65596575,-0.12905914,-2.0551054,-0.21995023,-0.104055434,1.1733052,0.21617088,-0.36139706,0.79950565,-0.13172708,-0.60442865,0.5087,-0.019781815,-0.18250291,0.06581337,0.16492303,-0.26957333,0.13538313,-0.3424962,-0.29917374,-0.2792564,0.004021004,-0.22852705,-0.051994145,-0.107018374,-0.48778558,0.108740635,0.32346547,0.11281449,-0.22107463,-0.063438945,-0.6794542,-0.08046021,-0.21852688,0.050083842,0.18517724,-0.2742239,0.19665466,-0.010644403,-0.039139774,-0.16434416,-0.5409315,0.22471665,-0.23930965,-0.12871179,0.46752384,0.3819192
34,negative,0.25397998,0.51146,0.800145,-0.43261418,-0.021950502,0.52036,-0.41170004,0.1393155,0.051624,0.0006249956,0.08435499,0.219276,0.19915451,0.45231998,0.218475,-0.41524,0.043629996,0.12414999,-0.71609503,0.50479996,0.400696,0.59968007,-0.032455012,-0.305495,0.26007,-0.15726498,-0.19750449,-0.35041898,0.15198001,-0.1751385,0.176458,-0.135728,0.35462502,-0.013688004,0.23807998,0.44086,-0.21993499,0.329765,0.70722497,-0.62935495,-0.719005,0.43874997,-0.26916498,-0.18951699,0.298059,-0.303485,-0.36615,0.066351,-0.08608649,-0.35414097,-0.17695402,-0.34640998,0.3265426,0.977765,-0.3122645,-1.9539,0.426215,0.023685012,0.73628,0.20235498,0.422525,0.90102,-0.57583004,-0.64782,0.845105,0.50613,0.59096,-0.315925,0.00782,-0.43311498,0.080135,-0.079735994,-0.015700007,0.033485,-0.061625,0.300797,0.203365,-0.28815,-0.066315494,0.113534994,0.007968499,0.70139503,-0.40628996,0.527585,-0.93232507,0.46752,-0.19190499,-0.65211,-0.3327255,-0.157301,0.26800948,-0.512609,0.64895,-0.015180009,-0.35051498,-0.581385,-0.051969994,0.080515005,0.60949,-0.53304
35,neutral,-0.22822297,0.10275713,0.039446436,-0.14704251,0.06578763,0.42181185,0.15565959,0.336915,-0.047361374,-0.013103492,0.022093678,0.038576968,-0.18814707,-0.06841035,0.19492754,-0.083110444,0.081296876,0.15309775,0.03593015,0.26072562,0.17159708,0.1518012,0.21152636,-0.12650877,0.33400318,0.01654195,0.06500591,-0.13531859,-0.031375986,-0.061510023,-0.17932698,0.33402687,0.20712417,0.15701856,0.061051644,0.23422006,0.03998841,0.2801438,0.079262495,-0.26912346,-0.029609371,-0.2555536,-0.024580719,-0.050788153,0.059469134,0.101229474,0.011058324,-0.042696882,0.069896534,-0.58945924,-0.12741393,-0.20863542,0.04800076,0.65259886,-0.034433223,-1.681577,-0.060698804,-0.09434727,0.71710336,0.097570226,0.012309161,0.54721266,-0.3898954,-0.09367603,0.39929006,-0.17506006,0.48393613,-0.299068,0.005370472,-0.12907912,-0.06149124,0.08609535,-0.007449942,-0.17136957,0.03527158,-0.008100762,0.24110936,0.013897171,0.1300637,0.36769935,0.3599669,-0.3154375,-0.1452102,0.20718683,-0.6251433,-0.20773903,-0.08164809,0.077553906,0.270524,-0.07469402,-0.07890981,0.033976935,-0.38851526,-0.17147425,-0.45249915,-0.28169283,-0.14688744,-0.0059184753,0.49825335,0.16642658
36,neutral,-0.074223705,0.05832238,0.036902364,-0.22337511,0.046002172,0.054966066,-0.1131453,-0.13952956,0.29668087,0.18366437,0.040905684,-0.07035514,0.14952461,-0.36894315,0.18783452,0.06333252,-0.24133815,0.2304309,0.041392185,0.20052145,0.0969982,-0.16562752,-0.008489801,-0.28462213,0.2240365,0.17541714,0.19555268,0.16208687,0.07235874,-0.1369301,0.17483895,0.16003124,0.06039023,0.021534875,0.22453874,0.051773723,-0.08977173,0.07500102,0.04780725,-0.18702571,0.060130183,0.12176815,-0.093975626,-0.03208661,-0.10972918,-0.22508515,0.31580862,0.047607705,0.024321802,-0.4887723,0.033278745,-0.1214806,0.06804237,0.61775064,0.108643375,-1.6592233,-0.19166514,-0.09043749,0.83636636,0.10723624,-0.038084127,0.7139835,0.049560413,-0.14008602,0.5282623,-0.08070233,0.40255076,-0.102595635,-0.08140945,0.07599025,0.27387458,-0.31460658,-0.21258916,-0.110544786,-0.24913007,0.039713375,-0.02630281,0.0059239427,-0.4690306,0.14386411,0.4235018,-0.0832528,-0.101704836,0.072174415,-1.0227982,-0.1580945,-0.25009146,0.041299485,-0.21926442,-0.23805362,0.035239514,0.24918328,0.11100027,-0.16538289,-0.015219903,-0.16814499,0.0073348745,-0.021564277,0.32549512,0.48963314
37,neutral,-0.02546738,0.14053118,0.32896525,0.056236282,-0.17350034,-0.32237858,-0.37638405,-0.013343017,-0.13722332,-0.06970775,-0.12632577,0.08939823,-0.111853,-0.084568456,0.25794303,-0.0960334,-0.3065809,0.080855004,-0.1553625,-0.072208874,0.3960974,-0.008253811,0.07068379,0.062485892,0.15992552,-0.13156283,-0.09888807,-0.43775618,-0.14376462,-0.04489394,-0.17245261,0.30515853,-0.0699158,0.020959953,-0.0285587,0.15334886,0.09018323,0.07523612,-0.13438605,-0.16565664,-0.35954368,-0.34928143,-0.042028733,-0.08162156,0.07692993,-0.1610928,0.24138433,-0.18037643,-0.25837722,-0.846371,0.1763282,-0.11411122,-0.14254995,0.9229335,0.053767454,-2.1851575,0.022649614,-0.20163792,1.5201051,0.30366117,-0.016456211,0.36950058,-0.054842245,0.04467915,0.5296651,-0.056215055,0.17839001,-0.0332084,0.38192964,-0.09428771,0.14559178,-0.15791857,-0.1664152,-0.084066726,0.06068399,-0.10939136,-0.116066456,0.094927505,-0.45872515,-0.09415619,0.55371267,0.18385737,-0.37041098,-0.0868128,-0.969092,-0.35623258,0.07236795,-0.106641725,-0.050005086,-0.41181654,-0.21439119,0.16906056,-0.22421342,-0.18206626,-0.49712932,0.032047667,0.12479581,-0.27803576,0.52509034,0.08308403
38,neutral,-0.29254273,0.13511063,0.07643696,-0.41111094,-0.15649065,0.25664768,0.23703168,0.104254544,0.017262187,-0.23221737,-0.06484313,0.11946247,-0.25075224,0.045661066,0.10110783,-0.058858696,0.0077012363,0.35332,-0.042922508,0.48968002,0.12771703,-0.054064766,0.12760279,0.26245755,0.33806738,0.21873988,-0.1126433,-0.21545707,-0.04663548,-0.13430715,-0.2547386,0.46459794,-0.006593634,0.027302863,0.034268655,0.34083503,-0.05497323,0.20382231,0.09071331,-0.32740635,-0.070451126,-0.32617307,-0.115251675,-0.26977625,0.051895555,0.15662472,-0.027456554,-0.11415051,-0.059651047,-0.8773169,-0.22187902,-0.1205298,-0.13604425,0.68949884,0.019229257,-1.6838188,-0.07065848,-0.2627161,0.736724,0.08271006,-0.18422857,0.50917095,-0.38284284,-0.15856406,0.57478684,-0.28436822,0.37694052,-0.26905814,-0.16537705,-0.21642135,-0.06206653,0.07691115,0.053702172,-0.029654855,0.067774996,0.17513134,-0.053029504,-0.22847232,0.21834573,0.32586226,0.36583832,-0.35551012,-0.17138638,0.18237363,-0.8560698,-0.35456425,-0.0430857,0.16598251,0.22460969,-0.26374453,-0.26024503,-0.050385863,-0.45092952,-0.20915598,-0.28360552,-0.3371905,0.079618745,-0.055972334,0.46763232,0.1663328
39,negative,0.056193445,0.18797617,0.25248206,-0.3102527,-0.008059225,-0.10919073,-0.24335454,0.011548934,-0.16588952,0.13341407,0.059043128,-0.016799461,0.20068072,-0.059344694,0.001016406,-0.03967524,0.15152103,0.10728478,-0.2858553,-0.044081975,0.13096675,-0.039770413,0.110858776,-0.12118008,0.03789455,0.116999686,-0.13935262,-0.28481555,-0.04637166,-0.0697604,0.06934208,0.24245264,-0.15014684,-0.093565755,-0.044746257,0.046127047,-0.11732649,0.092838675,0.047766965,-0.09084047,-0.21512327,-0.21661405,0.19504337,-0.08522399,0.020045955,-0.09748022,0.034027178,-0.07446712,-0.16947676,-0.53683937,-0.08682359,0.033813253,-0.025427781,0.8606723,-0.0038637694,-1.7363379,0.026308864,-0.23251787,1.1937091,0.30406633,-0.012387431,0.27934715,-0.19742726,-0.0638422,0.5691037,0.016372755,0.26012307,0.12931408,0.14634466,0.035157908,0.15407254,-0.17651175,-0.1387371,-0.26685122,0.003059736,-0.10066417,-0.21327208,0.037943333,-0.6187303,0.06020639,0.4933741,-0.011127064,-0.1378733,0.052425854,-0.7707488,-0.15295123,-0.016815111,0.07718807,0.10267446,-0.32087392,-0.018057257,-0.17702904,-0.026074164,-0.06038836,-0.29322127,-0.073451236,-0.102522075,-0.29934224,0.39980987,0.12493534
40,negative,0.31536934,-0.06885526,0.4754809,-0.19785172,-0.093985826,0.16924769,0.04726427,0.33412614,0.02266551,0.036411308,0.4216977,0.47163796,-0.19715452,-0.31380773,0.29526666,-0.53354806,-0.020936847,0.29590556,-0.34774485,0.118646406,0.5317592,0.07319759,-0.08583899,0.044348538,0.121746056,0.12365134,-0.028523978,-0.16838792,-0.2376616,-0.27218315,-0.071320236,0.39829847,-0.02261239,-0.15678349,-0.17686492,0.3082594,-0.07401968,-0.10866423,-0.0035839255,0.0015505925,-0.052869163,-0.19393319,0.013851948,-0.044037532,-0.09701622,0.0047951294,-0.06989475,-0.24538499,-0.1506717,-0.6025559,-0.019291246,-0.14093211,0.44432986,0.5203824,-0.22808184,-1.763678,0.059487116,-0.12815894,1.4760654,0.117264085,0.112522125,0.26767176,-0.21070027,-0.016198896,-0.0037670599,-0.055426642,0.09640705,0.106544904,0.07160735,-0.24102946,-0.23274343,-0.27763185,-0.12359237,0.015128777,0.019142011,-0.016711041,-0.21270926,0.15540427,-0.45370972,0.12289832,0.56125313,0.1796597,-0.27166277,-0.266206,-0.9422153,-0.15311158,0.19986717,-0.09021467,-0.21913578,-0.2199521,0.04515368,0.03731,-0.21351227,-0.18587142,-0.5798771,0.1756643,0.28723407,-0.05476453,0.5962301,-0.4453516
41,neutral,0.19375883,-0.15585148,-0.25874507,-0.4750032,0.56932765,-0.0010063746,-0.0699748,-0.09686469,-0.46515727,-0.29749584,0.029469186,-0.29238802,-0.050368905,0.051286116,-0.046508238,0.2602188,0.075366884,0.2019916,-0.14621158,0.23211886,0.13831776,0.14897671,0.46203867,-0.32087314,0.56885445,-0.28800318,0.24980876,0.0030878012,0.1922882,0.27315623,-0.13934569,0.54277956,-0.12485363,0.19568452,-0.17677438,0.1578424,0.123042054,0.25428778,-0.16962527,-0.17327586,-0.14869386,-0.34482214,-0.11945518,0.1800787,-0.16612262,0.0077307336,-0.050294496,-0.28440392,0.42027095,-0.07265009,0.12199014,-0.18772268,0.29404122,0.45486504,-0.24875511,-2.1964574,-0.31733847,0.055753652,0.5899668,0.2204716,0.22649679,0.6980611,-0.11179047,-0.018442536,0.69751,-0.21464097,0.39312634,0.57640105,0.05497706,0.28136432,-0.13538952,-0.02457473,-0.36734626,-0.30506852,0.0071819834,-0.35280317,0.2651715,0.1761271,-0.6678422,0.12814218,0.0418046,-0.051734976,0.52814764,-0.17212246,-0.8014971,-0.23040342,-0.32317317,-0.1254732,0.23545733,-0.18229291,0.29988167,-0.39528328,0.38678202,0.15604126,-0.3727837,0.112948224,0.035833392,-0.10758294,0.22878881,0.07127342
42,negative,-0.03651953,0.18787327,0.34580076,-0.13658258,0.014439797,-0.04214848,-0.19031024,0.06878841,0.008144604,0.14982367,0.031469658,-0.008340078,0.1710993,-0.081144296,-0.007157437,-0.060730614,0.03776555,-0.015246888,-0.33164796,-0.047092475,0.3362193,0.020591779,0.11388963,-0.06868164,0.11513244,0.10267162,-0.15279597,-0.12805066,0.21697178,-0.052562967,0.017368317,0.24808307,-0.004891079,-0.12279664,0.014734852,-0.0025551948,-0.063003056,0.008150855,-0.010317625,-0.0923006,-0.26453227,-0.16036785,0.093899176,-0.29091972,0.17425233,0.0145689985,0.20143981,0.010920592,-0.14250712,-0.56362164,-0.0710682,0.10162732,-0.017200883,0.73155385,0.04923042,-1.718595,0.037178338,-0.12312721,1.2735798,0.29740098,-0.071870275,0.33145916,-0.1580193,-0.09668334,0.5629463,0.08368749,0.15749927,0.060419407,-0.07779182,-0.091821685,0.09640067,-0.113602445,-0.07848198,-0.20558944,0.111016095,-0.031569548,-0.09313355,0.05644808,-0.4238854,0.14117333,0.52926946,-0.0013674827,-0.38408247,0.24462341,-0.66515124,-0.1878994,-0.047855467,-0.044809893,0.027940808,-0.267433,-0.05146555,-0.025412193,-0.05912892,-0.076842666,-0.5244241,0.00016303861,0.11458344,-0.16241914,0.37870768,0.16921699
43,neutral,0.17038405,0.17036289,-0.34550714,-0.3770871,0.5202194,0.37174243,0.03801074,-0.1620509,-0.31899798,-0.08368808,-0.19774558,-0.42929226,0.2115081,0.23633993,0.06862814,0.44611824,0.09261725,-0.01228965,-0.40573043,0.11445761,0.3324969,0.021470116,0.4480102,-0.55849355,0.30307055,-0.32081163,0.26935604,-0.14507495,0.21121782,0.28009015,-0.06580529,0.26095462,-0.12434142,0.2698744,-0.21819234,0.1762389,0.21043082,0.3015616,-0.29381868,-0.16322905,-0.43223426,-0.043054156,0.062416922,0.20805532,-0.18770567,-0.30726528,0.120435566,-0.15352249,0.37525082,0.16116863,0.1958885,-0.095235944,0.15586552,0.27617547,-0.27196315,-2.2425563,-0.41881394,-0.009324927,0.72565776,0.19477344,0.3601671,0.47264525,-0.22889535,-0.06606385,0.7873198,-0.15982784,0.3411302,0.52222145,0.21204662,0.05881486,-0.18121469,-0.06726884,-0.3676852,-0.39681807,-0.05018333,-0.2715167,0.20893085,0.06367589,-0.6870932,-0.16521253,-0.12609525,0.08200038,0.3543283,-0.05182786,-0.6666818,-0.26556906,-0.40287998,-0.046682525,0.31458026,-0.29907197,0.099278644,-0.32454833,0.42249396,0.23479679,-0.58435184,0.004481623,0.08312206,-0.16387685,0.4002138,0.30476004
44,negative,0.20343201,0.3183945,0.19429722,0.07491983,0.014088265,-0.6755807,-0.236701,0.14803815,-0.09426603,0.032827232,-0.032109585,-0.103471175,0.08435895,-0.18726136,0.10832043,-0.11056627,-0.19831248,-0.04552663,-0.07131448,-0.11271628,0.40348035,-0.17412171,0.0023638983,0.2088187,0.13608098,0.03440731,-0.186196,-0.26259544,0.16643316,-0.086931705,-0.14948346,0.15850744,-0.2074835,0.13995089,-0.07087465,0.19245744,0.32273364,-0.30346406,0.042717237,-0.089327104,-0.27660105,-0.28954488,-0.15127842,-0.20134665,0.36317638,0.01899672,0.04369129,-0.20054765,0.17700644,-0.9714552,0.1491783,0.04817756,-0.010138979,0.9969746,-0.07329322,-2.1009398,-0.1220063,-0.2555302,1.6109214,0.18347979,-0.09033092,0.25630978,-0.2972228,-0.12967333,0.509251,0.29448614,0.34573954,-0.12713166,0.25731,-0.24595147,0.1361879,-0.2394482,-0.28362802,-0.20461562,0.16482301,-0.1189032,0.092319496,0.118054785,-0.62573147,0.006543256,0.8167154,-0.0020658898,-0.395321,-0.12111166,-0.74924445,-0.58301514,0.22323479,-0.14869042,-0.029688394,-0.2603367,-0.07464534,0.05390651,-0.4822888,-0.17689878,-0.70620483,-0.14326687,0.07369732,-0.13410251,0.49423096,0.026758987
45,neutral,-0.14734364,0.041451756,0.34447432,0.0056717484,0.09949811,-0.22067572,-0.29280585,-0.1491585,-0.017524593,0.16071582,-0.06737969,0.030126901,0.18529798,-0.1808401,-0.1513111,0.0053412695,0.15326862,-0.11213613,-0.45986977,-0.046892453,0.07944882,-0.38457388,0.24103835,-0.25949594,-0.11346619,-0.14937702,-0.08168213,-0.31046706,0.20376918,0.099356,0.13483602,0.36711586,-0.19337714,-0.10416856,0.017811388,0.06201769,0.1355581,-0.07928671,-0.2096347,-0.20588413,-0.5409955,-0.015389586,0.24799748,-0.25173795,0.04582511,-0.31544897,0.2612445,-0.11267189,-0.3091674,-0.5331822,0.19674984,-0.06822449,0.11444427,0.9509735,0.19225016,-1.6989135,0.09010304,-0.096309386,1.1802539,0.3109754,-0.22241351,0.077989765,-0.15043725,-0.14143567,0.7147761,0.070848435,0.016564608,0.31687686,0.007329176,-0.04265296,0.27502698,-0.3103425,-0.3140996,-0.4556383,0.053260703,-0.27006486,-0.18663515,0.0025214166,-0.76123255,0.062014658,0.5274407,-0.09290381,-0.21327001,0.013816893,-0.88687885,0.13736103,0.2754845,0.25557426,0.0420462,-0.30937424,0.07960558,-0.18080658,-0.26599887,0.17650113,-0.4106453,-0.04455428,-0.017054562,-0.36317477,0.30207774,0.18375902
46,neutral,0.17533897,0.42604372,0.55887944,0.2025104,0.23329888,-0.54170895,-0.374909,-0.11886471,0.19541267,0.07953717,-0.35761404,-0.2406566,0.25175083,0.31598198,-0.14921248,0.12078284,-0.0032898507,-0.26236823,-0.46406513,-0.24537368,-0.0077558937,0.2018846,0.14640169,0.19198874,0.026069362,0.014630834,-0.08336758,0.15152293,0.28874186,-0.032087546,-0.24677603,0.3232703,-0.046759043,0.069093615,-0.082454525,0.03298365,0.43757802,0.12596583,-0.42998073,-0.26002586,-0.71309566,-0.2693511,0.1353354,-0.32400876,0.24401897,-0.29148468,0.5583954,-0.09899088,-0.063196614,-0.41940966,0.19663589,0.30638504,-0.009059046,0.82618916,-0.27811226,-1.8072501,0.21438305,-0.35391253,1.1755226,0.0669754,-0.06776738,0.29232264,-0.17680357,0.03632095,0.4982165,0.19230956,-0.23136622,0.26206362,0.09198184,0.22429508,0.19011629,-0.3111885,-0.1784023,0.024543965,0.15059333,-0.21472149,-0.004016693,0.012549537,-0.8530788,0.35196844,0.6041603,0.059378244,-0.27459592,0.18847388,-0.74439245,0.045604717,-0.3314793,0.15399274,-0.09612939,-0.51575905,0.08933775,-0.032612197,-0.17958668,-0.060448967,-0.58870965,0.09889855,-0.18070205,-0.343193,0.3533354,0.24536717
47,neutral,-0.122307025,0.25729364,0.2397611,-0.37982455,0.2822237,0.38032445,0.29448578,0.15507588,-0.027797252,0.2609447,-0.017852768,-0.24256286,-0.04746366,0.0475679,0.027284887,-0.0829641,0.41970307,-0.13027209,0.044177976,0.04812771,0.033765487,-0.01382377,0.21592435,-0.22154827,0.06312903,0.216416,0.10236222,-0.351922,0.52258635,-0.030591188,-0.37610143,0.3026378,-0.10362763,0.07937233,-0.15891941,0.16823351,-0.08081607,0.34511527,-0.57281315,-0.7555118,0.015569039,-0.004797714,-0.0569322,0.13443987,-0.042100642,-0.17213844,-0.005761294,-0.18336175,0.26874933,-0.4455459,-0.31324306,0.115864284,0.018723922,0.3484422,-0.2713079,-1.5688183,-0.12372659,0.17156273,0.8748358,0.57558495,0.11351941,0.5219739,-0.22987187,-0.1210711,0.5294741,-0.06629192,0.683771,0.19919331,0.10836413,-0.24725978,0.043072872,0.13787879,-0.069617875,-0.009164887,-0.16001913,0.20163792,0.08736493,0.06603457,-0.10178216,-0.11017607,0.039005578,-0.1728195,0.054391965,-0.0052730218,-0.7924402,0.057513755,-0.5189899,-0.4943003,0.05025803,-0.065147325,-0.06422592,-0.038467992,-0.11816902,0.19617233,0.09986461,-0.17834383,-0.6312055,-0.52988225,0.64453936,0.37104014
48,neutral,0.015207718,0.23274848,-0.07171141,0.10644145,-0.35214755,-0.01964021,-0.11419084,0.052431554,0.055472128,0.1122652,0.3690411,0.25955862,0.11289559,0.11958756,-0.06720271,-0.4718236,-0.066769674,0.057556428,-0.34015897,0.19317359,0.5497908,-0.09163643,-0.059270065,-0.029061932,-0.06694502,0.07912585,-0.3252816,-0.2919696,0.10890103,-0.15470214,0.05160662,0.57685477,-0.1685336,0.08893716,0.3187659,0.2637077,0.12802611,-0.19768223,0.17190392,-0.0014777249,-0.18005614,-0.09189129,0.124269664,-0.3751954,0.1567839,-0.09738964,-0.17725603,-0.3105405,-0.19919579,-0.6987303,-0.093891345,0.06097355,0.13674322,1.0734779,0.07686802,-1.6204622,0.11794808,-0.33484644,1.5519441,0.3724943,0.039646804,0.1874865,-0.7092757,0.18750487,0.32376724,0.1939351,0.15721986,0.51499856,0.061176375,-0.2832874,0.1578352,-0.43827632,0.12323162,-0.42811164,0.11119714,0.17268808,-0.16027547,0.14857386,-0.83980983,0.06276824,0.5617715,0.118803844,-0.4491978,0.038792312,-0.9351708,-0.14063433,0.11991941,0.3365111,0.020210104,-0.40586856,0.08995844,-0.16801424,-0.22882722,-0.14998937,-0.5852081,0.1727064,-0.10789621,-0.17211638,0.44112378,0.056958582
49,neutral,-0.23873828,-0.2774362,0.12992086,-0.24100803,0.09281553,-0.060239322,-0.8529521,-0.239466,0.25644112,-0.0135295205,0.13256146,-0.034102626,0.12027374,-0.1843522,-0.11018035,0.5226492,-0.22072951,-0.17088631,-0.12115279,-0.10018153,0.11965009,-0.36257893,0.21765132,0.049516927,-0.035154294,0.040598527,-0.2925993,-0.17146237,-0.0046129692,0.23513289,0.10539791,-0.19490327,-0.34450173,0.40091607,-0.12069269,0.14679115,0.14529647,-0.13325104,-0.01865541,-0.28343794,-0.1579508,-0.047427848,-0.18820173,0.18122724,-0.23349395,-0.23495737,-0.01973282,-0.05192059,0.56300825,-0.7448428,0.001568771,-0.09306635,0.052185796,0.8798696,0.09281996,-2.1671941,0.046395462,-0.27788332,1.0712304,-0.1504222,0.02650904,0.3960876,-0.27987477,-0.18462442,0.31687313,0.49717966,0.5141919,0.013857183,0.24922612,-0.03541209,0.37663183,-0.19002783,-0.61885715,-0.34492972,-0.07013396,0.066261165,-0.14391497,0.1061797,-0.50003207,-0.082268775,1.0666419,-0.20903623,-0.16818415,-0.0775736,-0.9754038,-0.35405976,-0.02321467,0.24046595,-0.010593812,-0.12147936,-0.0102529405,0.0616878,-0.36097172,-0.3541685,-0.3595427,-0.3786503,0.087359324,-0.10831761,0.46688932,-0.14229126
50,neutral,-0.3297013,0.30949956,-0.07803891,-0.0008650921,-0.09921871,0.38537955,-0.056072313,-0.39948028,0.23891208,0.38579434,0.035722367,0.32092923,0.2947411,0.008268584,0.3287278,0.09975764,-0.304973,0.047731873,0.33510393,0.28188977,0.097494096,-0.009042927,-0.27251652,-0.39226478,0.15735185,0.226435,-0.27006945,0.073909946,-0.27107123,-0.25072026,0.1971152,0.0337834,0.011144679,0.038333535,-0.21418875,-0.18839799,0.19903512,-0.1368219,-0.22887106,0.06291096,0.04694958,-0.32562932,-0.016188998,-0.10871701,-0.07592725,-0.010506377,0.21129842,-0.23744705,-0.19721642,-0.48001552,0.187105,0.13481255,0.23824799,0.38212013,-0.042910688,-1.3610402,0.20190898,-0.53542006,1.161676,0.30664736,0.086376324,1.1240143,-0.30155835,0.3194016,0.74251014,-0.3494014,0.22219464,0.08045206,0.25537637,-0.6827414,-0.12152953,0.07036078,0.30114973,0.056346104,0.47091386,0.0032394177,-0.19594018,0.3345569,-0.29291713,0.13990885,0.523531,0.20996313,-0.27836594,0.16092847,-0.8448734,-0.01480048,0.03014402,0.19800271,-0.19256166,-0.33532777,-0.10179341,-0.34878126,0.11671937,-0.1505463,-0.09027541,0.34416175,0.36870527,-0.53816706,0.3524352,0.21807258
51,negative,-0.1314802,0.23477228,0.0731518,-0.2612255,-0.10041921,0.2995948,-0.3130232,-0.09162751,0.15098861,0.0653615,-0.03160607,0.067318745,0.23579596,-0.12550496,-0.13593744,-0.056486107,-4.8970473e-06,-0.045719013,-0.33274233,0.2620598,0.25839254,0.053593993,-0.041132893,-0.08466236,-0.015692575,-0.15966354,-0.04396917,-0.20658763,0.32457757,-0.13525888,0.044568136,0.42785522,-0.07796442,0.111356124,-0.057666134,0.10790206,0.0035424496,0.024500795,-0.014852548,-0.15644495,-0.40664855,-0.10904637,-0.026655085,-0.350188,-0.13466027,-0.0889995,0.0203166,-0.044954274,-0.17365505,-0.61890423,0.18403709,-0.029205564,-0.0051806835,0.65680707,-0.13667063,-1.6180987,0.12670447,-0.06882774,1.3416344,0.1303825,-0.16602366,0.6317153,-0.22489202,-0.053647902,0.5738383,0.20602596,0.4724421,0.09213494,0.13871105,-0.24119404,-0.15983626,-0.18570684,-0.056542184,-0.26475674,-0.02263227,0.090899445,-0.002549268,-0.040895708,-0.592272,-0.07888688,0.3701245,-0.052745424,-0.19711256,0.062424194,-1.0895486,-0.22824262,-0.08486634,0.06220798,-0.14697161,-0.20140277,0.14238895,-0.1796568,0.17080943,-0.10947447,-0.5201373,0.07759845,-0.0138347475,-0.27585885,0.34110522,0.18143
52,negative,-0.118853666,0.055341363,0.15555725,-0.15360679,-0.078652695,0.1310902,-0.2057537,0.08089103,0.14390314,0.14504318,0.016144194,0.039942134,0.23261192,-0.028118845,-0.0030113882,-0.039510105,0.06903363,-0.04279272,-0.46709707,0.2112567,0.4173441,-0.019150976,0.09188809,-0.035345312,0.06353625,0.08619134,-0.034177154,-0.24883726,0.26503488,0.07790028,-0.02075322,0.4398209,-0.12702881,0.02984976,0.11267059,0.09155569,0.08340432,-0.099115826,-0.021383353,-0.13231795,-0.55042255,-0.10652016,0.19453916,-0.16233657,0.034697488,-0.08872145,0.20194744,-0.3091146,-0.09411906,-0.60160536,0.16672015,0.18013722,0.0025849557,0.8213032,-0.15193684,-1.709381,-0.056542408,-0.2418195,1.643959,0.27167547,-0.27027825,0.36364684,-0.028809836,-0.073012054,0.5946706,0.061091557,0.24832997,0.3255599,-0.03290963,-0.04932116,0.014622396,-0.37158078,-0.16749822,-0.34773356,0.13866965,0.071465924,0.028878225,0.20288509,-0.7283642,0.017111916,0.68056756,-0.14457105,-0.27920964,-0.022403471,-0.9859143,-0.26643747,0.2206476,0.21026021,-0.12454891,-0.33307764,0.08101881,-0.025391608,0.013148629,-0.16187222,-0.28466254,0.04814861,-0.089554794,-0.01604994,0.37092614,0.14800726
53,neutral,-0.13760072,0.15812637,0.057635132,-0.23826411,0.01542071,0.1359206,-0.21596102,0.019467518,0.10252443,0.16354616,-0.00900602,0.0020809814,0.21705331,-0.016855769,-0.105817646,-0.03854406,0.0920068,-0.030656265,-0.26973596,0.27503577,0.34942788,-0.016829228,0.089397095,-0.057281464,-0.004083006,0.016618839,-0.079509415,-0.123904176,0.15808026,-0.06228024,-0.0071030376,0.35675868,-0.09929141,0.09278874,-0.022025665,0.11095884,0.032986972,-0.02779531,-0.012708151,-0.11158294,-0.38241845,-0.10858625,-0.0071658436,-0.19357705,0.09523078,-0.14637199,0.067669705,-0.08243672,0.013729953,-0.56851023,0.116581246,0.0049851947,0.0054847966,0.80132675,-0.11407902,-1.699286,0.0014498875,-0.058987964,1.3501369,0.2264865,-0.17664231,0.66852266,-0.0901367,-0.07710794,0.57744426,0.17493346,0.4423183,0.055817284,0.09999435,-0.088022195,-0.07013902,-0.21551053,-0.09410809,-0.21384418,-0.040361814,-0.049399756,0.048762765,0.07828583,-0.6410326,0.022504663,0.53429246,-0.11767191,-0.22810219,0.059603766,-1.039769,-0.19444934,0.04390102,0.028535958,-0.14126931,-0.24527265,0.0910382,-0.1271043,0.024040584,-0.09890231,-0.34760368,0.1579857,-0.0041113915,-0.15036692,0.40481144,0.056833476
54,neutral,-0.27729967,0.036187056,0.13859947,-0.20750113,0.08861457,0.10648112,-0.26437938,0.034146726,0.11553866,0.071073435,-0.059788816,-0.035279967,0.34406868,0.018748669,0.21644832,-0.08288457,-0.018640185,-0.19794032,-0.3300513,0.06935161,0.259599,-0.018373584,0.11598461,-0.13334222,0.1959042,0.35300487,-0.049588915,-0.15238212,0.117471434,-0.051300555,0.021151042,0.16229205,-0.007874466,-0.026275447,-0.0074109235,0.17948437,0.11668182,0.18377192,0.07579103,0.027754832,-0.3854951,-0.1882104,0.27910435,-0.28176963,0.11238139,0.02071448,0.09168053,0.11242242,-0.109325096,-0.38882497,0.013645609,-0.09754589,0.116975926,0.9721994,-0.06828429,-1.3255897,-0.00089684216,-0.28800726,1.1411077,0.104582,0.06499458,0.5799479,-0.108850785,-0.15256755,0.5913275,-0.12768225,0.10034313,0.06826428,0.05421092,-0.1895015,-0.03451928,-0.34485763,0.060656223,-0.27192226,-0.004022584,-0.00927964,-0.21876661,-0.07310513,-0.51803744,0.13681762,0.5044004,-0.009960432,-0.3353496,0.115011625,-0.8250644,-0.270959,-0.033080634,0.09691411,-0.122988276,-0.15968938,-0.02806949,0.005681707,-0.013711451,0.04122165,-0.38481423,-0.07682068,-0.19166684,-0.16716696,0.35756722,0.00288179
55,neutral,-0.07465542,0.4373346,0.23261164,-0.42252415,0.3881785,0.57760024,-0.43784234,-0.26327574,-0.33660263,0.0512812,-0.3017437,-0.3019792,-0.41507468,0.24994297,-0.21412547,0.052288443,0.5799933,0.083288684,0.16909164,0.9194748,0.4341971,-0.19275276,0.18785268,-0.6011233,0.23489848,-0.09100616,0.13406356,-0.20459549,0.18072681,0.054307226,-0.9055565,0.48043132,-0.018999096,-0.20664302,0.028817173,-0.021734044,0.23094253,-0.03952245,-0.18691751,-0.69499946,0.16693665,0.40242377,-0.8379644,0.21165346,-0.12962015,-0.47012514,-0.5016228,-0.5501331,0.3335117,-0.4994628,-0.43041083,0.12926462,0.62442666,0.05920529,-0.073098704,-1.842486,-0.044468258,0.35163972,0.80737853,0.60154855,0.5299814,1.2409003,-0.458749,-0.3808439,0.71163154,-0.57219607,0.6083033,0.07135804,0.017824236,-0.14214544,-0.4095769,0.35052192,-0.12610418,0.24103644,-0.2660816,0.0063641258,-0.07719289,0.18539493,-0.21003297,-0.45882088,-0.57715607,0.24178316,0.4924971,-0.3455492,-1.310547,0.16986,-0.4251894,-0.2758409,-0.41177762,0.02569989,0.026948068,-0.15232985,-0.16944076,-0.029260347,-0.363059,-0.03682884,-0.3243633,-0.40917742,0.38556623,0.30145314
56,neutral,-0.14277823,0.17294294,0.33258182,-0.24315143,-0.0735157,0.13583161,-0.108198255,0.26528105,0.089947924,-0.06753296,0.14501742,-0.06243004,0.07119219,0.098703615,0.040516138,-0.38810495,0.024523346,0.036127347,-0.057029765,-0.1347085,0.15381001,0.18549241,0.21143472,-0.19187538,0.18893163,-0.15218714,-0.22264291,-0.16312796,0.24371551,-0.007017874,0.01690081,0.30586353,-0.25185937,0.2647703,0.15622002,0.24525343,0.11755077,0.121355936,0.19711371,-0.063066706,-0.23527281,-0.11824258,-0.14271228,-0.07256709,-0.03564759,0.02955792,0.20647831,-0.22524029,-0.011680679,-0.60609835,0.07267089,-0.030621262,0.02715488,0.8618288,-0.15469079,-1.8302839,-0.03328636,-0.0409439,1.3422942,0.3246408,0.015218996,0.5624989,0.019379515,0.19326645,0.46045372,0.0458443,0.4783991,0.03816629,0.033210017,0.03835408,0.1847448,-0.37952003,0.23147187,-0.24065691,0.045120534,0.077328704,0.04630444,0.032010738,-0.51111925,0.030977009,0.5455941,-0.19551957,-0.16964678,0.12962845,-1.0663158,-0.20237797,0.02018616,0.06612578,0.005664516,-0.07000965,-0.00017628996,-0.07828969,-0.16277745,-0.14224367,-0.37606633,0.03622851,-0.20214783,-0.17403744,0.5623045,0.22242115
57,neutral,-0.0625806,0.12274894,0.31636184,-0.47427994,-0.43189624,0.14093387,-0.20223221,-0.019089976,0.06856984,-0.15468839,0.114704706,-0.1045092,-0.0018528631,0.17349708,0.11563717,-0.05334052,0.12771298,0.15253736,-0.08724298,0.38266492,0.09646199,-0.039306413,-0.1374536,-0.3269038,0.018538924,-0.045874733,0.015756704,-0.34472832,-0.013940916,0.012753612,-0.1371735,0.25094917,0.03213222,0.22764406,-0.2434654,0.02518595,-0.37277976,0.05862592,0.46740773,-0.22771536,-0.3452356,0.1606905,0.06614311,-0.23850723,-0.49608666,-0.10569196,-0.063304886,-0.14703585,-0.0033827391,-0.49500993,-0.12990549,0.068872444,0.24553421,0.4641213,-0.18963416,-1.0901605,0.14898048,0.055283364,0.67036784,0.48759934,0.21371554,0.5082391,-0.2657453,-0.084386095,0.3468294,0.076034516,0.5347952,0.023449114,-0.002728535,0.15369223,0.0953267,-0.11460418,-0.1188176,-0.17973356,0.07257846,0.072221205,0.19823533,-0.4313872,-0.35258996,-0.13067314,0.2871675,0.00031822748,-0.25889394,0.071209095,-1.1181277,-0.34171095,0.0061298665,0.046139184,-0.12780085,0.004161603,0.07868988,0.1300203,0.038658474,-0.10893442,-0.062306203,0.036232807,0.054855943,-0.2433638,0.11110335,0.262084
58,neutral,-0.0073264586,0.046336424,0.37170732,-0.12265246,-0.027161626,0.34598914,0.33572063,0.44360158,0.07339348,-0.19721287,0.40913266,-0.38121137,-0.10301673,-0.21796586,0.33266145,-0.13477628,0.32767984,0.10114789,-0.16307737,0.34077397,-0.206622,-0.005752926,0.023856001,0.13564962,0.18062025,0.26330003,0.010919761,-0.42691043,-0.045801565,-0.23974329,0.12192541,0.23076041,0.16396345,-0.47670865,-0.15115163,0.20131095,-0.041551802,0.43734354,-0.13692683,-0.08666612,-0.20172213,0.050352998,-0.37961477,-0.26917595,-0.2715544,-0.110296845,0.12445817,-0.37413558,-0.21646851,-0.023828337,-0.12957351,-0.34221652,-0.030019443,0.41544566,-0.39622644,-0.9614575,0.027197925,-0.07381249,0.5496956,0.3938226,0.5030754,0.54134095,-0.37772202,0.016210716,0.41902685,0.22001158,0.18385808,0.41347423,0.29063722,0.013627027,-0.08552419,0.05148281,0.23131178,0.19514523,-0.37100393,-0.19862762,-0.12846817,0.031774085,-0.48715702,-0.13918836,0.2792977,-0.048958957,0.21539673,0.054619733,-0.28218296,-0.16164045,-0.12577026,-0.6576236,-0.43439552,-0.032454662,0.093952686,0.14717747,0.6223328,-0.13201995,-0.5448391,-0.012985592,-0.24326196,-0.75733155,0.042031728,-0.16681898
59,negative,-0.11176709,0.25216785,0.30909187,-0.03873427,-0.03996754,-0.08137603,-0.30815935,-0.0262992,0.1580987,0.24380721,0.11325449,-0.10365162,-0.049546164,0.07413224,0.029356413,-0.06632172,0.13633049,0.032076184,-0.44135273,0.0064875893,0.18445864,-0.09082325,0.13989258,0.14954986,-0.14264108,-0.031839766,-0.10160034,-0.11858204,-0.28480425,0.047034018,0.049610026,0.22250484,-0.10448597,0.084766015,-0.2099636,0.3184954,-0.09298102,0.034037456,-0.17488188,-0.0012517935,-0.28653672,-0.07628469,0.057778504,-0.0075272876,0.007575429,-0.062267307,0.2089236,0.15697965,-0.3176006,-0.5356069,-0.01690747,-0.075337976,0.034781847,0.7118995,0.020430023,-1.5038797,0.19022684,-0.28296208,1.0757018,0.2097973,0.021870846,0.34597367,-0.020851832,-0.47993195,0.40659574,0.052128498,0.0019895537,-0.0023249248,0.15137626,-0.24016806,0.06347544,-0.20004442,-0.3063908,-0.0032231365,0.075073846,0.099948876,-0.0054182545,0.12545164,-0.7049269,0.119436406,0.36932448,0.06786058,0.051498678,-0.030394481,-0.965616,-0.115082,-0.17480874,0.13479653,-0.19881982,-0.43003336,0.15827644,0.063740894,0.07200679,-0.17770253,-0.44150737,0.015042142,0.13121149,-0.054957554,0.5071877,0.03633274
60,negative,-0.13653888,0.41441026,0.20852238,-0.16021189,-0.10513873,0.27875677,-0.370819,0.07033845,0.1397803,-0.1339481,0.044886746,0.24597919,0.23016822,0.06798856,-0.10040395,-0.24048758,0.012337096,0.21826333,-0.44760182,0.09699409,0.14892305,0.014601449,-0.002164812,-0.0033034387,0.16089663,-0.027388234,-0.19182031,-0.29134795,0.2767194,-0.19523491,0.108000435,0.1969283,-0.05780045,0.13917135,-0.02917745,0.15317658,0.03589872,-0.033463683,0.21410553,-0.22383,-0.25459185,-0.14157248,0.12960301,-0.4637598,-0.19575615,-0.012785171,0.057609566,-0.017900173,-0.046677884,-0.7817818,0.014758861,-0.15945385,0.19043191,0.9801656,0.11518627,-1.7723534,-0.057482477,-0.09322842,1.0966704,0.23872176,-0.08445547,0.6449721,-0.28588566,-0.06092835,0.38256922,0.19203246,0.3372819,0.25304884,-0.14108048,-0.4068526,0.06008422,-0.15033458,-0.07169818,-0.3422136,0.1834641,0.18044898,-0.15407972,0.0005073953,-0.4550675,0.027823975,0.28794152,0.15903592,-0.3908943,0.13706674,-0.8370126,-0.14798021,0.0017090507,0.09611536,-0.22824788,0.0035186594,-0.021294396,0.008376663,0.13453028,0.046443246,-0.55361533,-0.13552605,0.06953868,-0.20468476,0.33381674,0.25938863
61,negative,-0.011408104,-0.05014963,0.07195506,-0.18663,0.03879073,0.26710272,-0.20863122,-0.06527096,-0.050826073,0.04676465,-0.13526495,0.07281987,-0.07478914,-0.09589784,-0.13715062,0.027230237,0.038699623,-0.19365597,-0.3375538,0.07007963,0.37490174,-0.4837987,0.23393524,-0.030956825,0.0022795897,0.043676686,-0.2524402,-0.16683543,0.5347117,0.016614169,-0.06373313,0.07856278,-0.06579621,-0.065149404,-0.15950659,-0.06772439,-0.04381777,-0.13266401,0.17955169,0.17839198,-0.47108468,-0.036855813,0.57608134,-0.2455138,0.21557543,-0.16367714,0.21797563,-0.09615547,-0.0346456,-0.50021124,0.37745148,-0.17962536,0.18073796,0.833952,-0.105237216,-1.4286685,-0.10539156,-0.18014264,1.1422501,0.36913568,-0.29272535,0.46608618,0.07928949,-0.2235467,0.6400111,-0.101235874,0.24740243,0.28378698,-0.1276632,0.27702278,0.2113609,-0.43179423,-0.3676909,-0.35429165,0.0063496768,0.23147091,-0.020291863,-0.022608196,-0.76279724,0.12593475,0.5039208,-0.22771177,-0.02869019,-0.052393313,-1.0497471,-0.00991772,0.13972646,0.27542752,-0.09025409,-0.41298723,0.19868205,-0.26380023,-0.056169137,0.4108402,-0.02949297,-0.032612618,0.25401336,0.11148186,0.14001901,0.025638469
62,neutral,0.0039323294,0.35605037,0.35083604,-0.20310953,-0.31556728,0.028587,-0.23339672,0.09614772,0.10772178,-0.054598052,0.10111596,0.08872231,0.23033641,-0.18702129,-0.088525094,-0.37915593,0.024746332,0.41345805,-0.21889824,0.39274853,0.12164583,-0.09819753,-0.13247402,-0.34994176,-0.10447677,0.108097345,-0.21452269,-0.49407235,0.30149215,-0.23897445,-0.08679676,0.5334543,0.058525123,-0.020111322,0.0897733,0.2425565,0.071231574,0.041823942,0.045997966,-0.20964937,-0.128356,0.0037661828,0.085654475,-0.4547604,-0.3755594,-0.03912322,0.055903483,0.0845698,-0.13848807,-0.86877877,-0.09226035,0.01901167,0.19722499,0.73298883,0.18449205,-1.6791059,0.2810187,-0.107287586,0.8731832,0.32593918,0.14581569,0.78003776,-0.47014955,-0.15260531,0.6902882,0.15641469,0.21335131,0.30995432,0.05455895,-0.41149038,0.32568797,-0.3007664,-0.029016092,-0.26044363,0.35774153,0.090185046,-0.22992969,-0.21479262,-0.3107772,0.13845149,0.27190253,0.1127412,-0.38375187,-0.0815265,-1.1104146,-0.11020124,0.099192575,-0.22250974,-0.325282,-0.3126124,-0.10904511,-0.038336903,0.13731197,-0.23562525,-0.34660795,-0.24596515,-0.066491604,-0.4156817,0.39740998,0.22852018
63,neutral,-0.05665522,0.32314953,0.39423248,-0.010198381,-0.013732612,0.16960317,-0.14727548,-0.07784496,0.23265235,-0.016648015,0.05125908,0.053004704,0.22074361,-0.1290607,0.09957767,-0.18743373,0.16081016,0.18450218,-0.2516,0.27353027,0.15546565,0.025421618,0.067611694,-0.2778689,0.03107747,0.07813296,0.017191423,-0.092338376,0.080267295,-0.08919548,-0.01806086,0.3800906,-0.020427711,-0.057813734,0.19754767,0.12483715,-0.09218716,0.16648863,0.08260214,-0.19264697,-0.2170128,-0.071866214,0.0035394507,-0.18836555,-0.21028483,-0.13031368,0.13840407,-0.07100954,-0.0070039383,-0.5141014,0.04598189,0.043256782,0.24561659,0.7538391,-0.015435298,-1.7459749,0.14369637,-0.075172216,1.215219,0.21777193,0.00026834675,0.6331199,-0.26213458,-0.22354266,0.7493295,-0.001462314,0.380487,0.15386233,0.07881889,-0.16100101,0.087700635,-0.18596822,0.07506155,-0.21730085,0.15028904,0.0036305746,-0.01770967,-0.14102992,-0.46590933,0.0054761902,0.36976242,0.03263403,-0.3060844,0.05733219,-1.178237,-0.025858536,0.080052264,0.11441924,-0.13571125,-0.3067022,-0.013615295,0.0710225,0.03816024,-0.092640854,-0.3696122,-0.0877746,-0.1734273,-0.27248868,0.22957908,0.30166385
64,neutral,0.040091027,-0.09686181,0.18957716,-0.18343213,0.029669924,0.2246488,0.25158277,0.09807424,0.17106375,-0.061751205,0.17036685,0.16711786,-0.0013048539,0.08961291,0.06652315,-0.26060757,0.13237697,0.047505863,-0.17320181,0.20517413,0.3790781,-0.02897361,-0.009439291,-0.14993122,0.25668624,0.04652064,-0.071282074,-0.37371373,0.15784004,-0.2579679,-0.05123924,0.05566346,0.06922646,-0.05146034,0.17531812,0.18326996,0.20057143,0.12436149,0.1410752,-0.12907822,0.06609503,-0.17987716,-0.09510803,-0.3286439,0.018057393,0.07156787,-0.28883734,-0.18337329,-0.42828685,-0.34034458,-0.2613692,0.25018442,0.08300719,0.3825889,-0.056557294,-1.5006117,0.0004241295,0.14359456,0.95285785,0.1413831,0.012100009,0.3973371,-0.32880172,-0.26492217,0.3433543,-0.16186881,0.20604618,-0.09404389,-0.1080213,0.23959832,0.1928916,0.18365137,-0.0808473,-0.2959348,-0.019504089,0.01572186,0.025183778,-0.10863023,-0.39099094,0.14164929,0.24017565,-0.10223961,-0.18801752,0.0710806,-0.6062406,-0.07471815,0.023608876,-0.09259824,0.1028143,-0.21862447,-0.15052487,-0.10014209,0.057769097,0.041496746,-0.2978464,0.018610677,-0.2761044,-0.39827842,0.15102665,0.16466044
65,neutral,-0.1326829,0.16762613,0.24084975,-0.082315624,0.07102893,-0.5123249,-0.16237172,-0.07205178,0.06529028,0.124221474,0.04276162,0.0455081,0.06946343,-0.03165578,-0.077192985,-0.30476642,-0.07271329,-0.119315274,-0.09934131,-0.087274976,0.18626346,-0.1945695,0.10991385,-0.0040636878,0.047790356,0.09656757,-0.13955458,-0.029975874,-0.03991479,0.010930798,-0.098092966,0.31566972,-0.08062645,-0.058614403,-0.07077386,0.06050192,0.111901686,0.15786144,-0.08615766,-0.039187696,-0.32545528,-0.3794187,0.012374324,-0.00037183226,0.09046587,0.016495073,0.1488267,-0.16955955,-0.13636653,-0.5633677,0.098980635,0.29128125,0.034046605,0.7359878,-0.13939044,-1.6652745,0.0687085,-0.19626611,1.2480549,0.276742,-0.02756049,0.250419,-0.06729665,-0.05950483,0.47525358,0.07963652,0.17190573,-0.025814498,0.17934947,-0.2066544,0.23674601,-0.1785996,0.0015470423,-0.14184107,0.055985797,-0.14726157,0.011061712,-0.03449655,-0.5734115,0.19803427,0.6729482,0.026695648,-0.32887602,0.035918344,-0.7357053,-0.18618082,0.120768525,-0.07179646,-0.044636324,-0.31501257,-0.06907844,0.038769405,-0.18993402,-0.1931598,-0.30365413,0.23714761,0.09930013,-0.24661228,0.36083248,0.13037276
66,neutral,0.052731216,0.33127552,0.48864368,0.070836514,-0.06108925,-0.35189274,-0.079825826,0.40872943,-0.3461875,0.061036166,0.26180905,-0.07217775,-0.08556216,-0.11464515,-0.18754458,0.33558074,0.21768303,0.029101525,-0.19096178,-0.29375872,0.2648937,-0.30380893,0.28097183,0.3138726,0.22287427,-0.33375534,0.17761269,-0.122321814,0.4394772,0.05738714,-0.62438154,-0.14599136,-0.1263906,0.04275675,0.3524067,0.13103004,-0.00012941888,0.39827418,-0.5686571,0.11725914,-0.6378879,0.054857444,-0.19261542,0.12151176,0.36092144,0.06049643,0.012313978,-0.42656296,-0.24496497,-0.8402786,0.03957063,-0.09674884,0.12388136,0.99602515,-0.11580752,-2.7822359,-0.4161335,0.3106206,1.2351358,0.5126787,-0.2037546,0.7226666,0.002492472,-0.18859927,0.7099157,-0.14232819,0.017857939,0.20142819,0.085658,-0.15645997,0.24538535,-0.068971574,-0.54093444,-0.14300823,0.10051672,-0.030417237,-0.0961403,-0.26730394,-0.8179534,-0.4707296,0.5741003,0.10582002,-0.26827887,0.3782356,-1.4035589,-0.3223783,-0.2163896,-0.12652099,0.038947735,-0.08503726,0.1523425,-0.11821478,0.18511672,0.25478926,0.038797762,0.35623324,-0.2529487,-0.2282178,0.7414852,0.24976137
67,neutral,-0.053619016,0.3236907,0.33393714,-0.6702631,-0.70441103,0.072954364,0.14723997,-0.30329168,-0.22532484,0.118134364,0.20964725,-0.13368522,-0.031191941,0.14266704,0.21957515,0.03080962,-0.20193082,0.13387538,-0.56332004,0.37084937,0.17918377,-0.3554987,-0.24362706,-0.51643103,0.15247846,-0.06351065,-0.24398346,-0.1488494,0.4162713,0.10158169,-0.26724875,0.2814185,0.11153354,0.05694793,-0.03725044,-0.16808614,-0.41599,0.09785785,0.5924871,0.04255482,-0.11729159,-0.012603157,0.66020185,0.0021971737,-0.037937813,-0.12885974,0.31722787,-0.03046051,-0.2429324,-0.904713,0.031721782,0.27085122,-0.16650327,0.7062463,0.00436459,-1.782904,0.17212105,-0.061903164,1.0930151,0.31926647,0.083125934,0.7857375,-0.11023129,0.019352317,0.39010233,-0.16647533,0.5575358,0.48961225,-0.69316405,0.42715815,0.15092622,-0.76197314,0.09065557,-0.52625346,-0.002137818,0.118489265,0.20617208,0.15902144,0.1680432,-0.12528394,0.36657825,-0.20607795,-0.50812125,-0.05119281,-1.1584291,-0.36316863,0.18900675,-0.2343687,-0.14517993,-0.064100295,0.20766786,-0.23551714,-0.22443426,-0.02434286,-0.35683882,0.3910962,-0.2835167,-0.010349692,0.33471984,0.27117604
68,neutral,-0.08927242,-0.003714565,0.25410104,-0.16799992,0.21073352,-0.009905266,-0.25782412,0.15589215,-0.04980643,0.08414997,0.03582488,-0.17622292,0.051443677,0.18686853,0.15432845,-0.25016445,0.22314261,-0.20871066,-0.10866791,-0.05280998,-0.032320566,0.08661769,0.16466027,0.023391863,0.20842308,-0.3725568,0.07879332,0.22733468,0.25309435,0.15193868,0.052757446,0.36783138,-0.09441041,0.06263471,0.21872279,0.17963761,0.036943622,-0.12058349,0.026157636,-0.21939772,-0.20808113,-0.07423637,0.09523799,-0.074720174,0.033027563,-0.18659402,0.33889225,-0.19226263,0.17525752,-0.33362797,0.065397725,0.27433315,0.086278215,0.5390538,-0.21448337,-1.4578404,-0.059495226,-0.2667789,1.1064036,0.23035234,0.11373964,0.3214158,-0.009160096,-0.08357661,0.40452862,0.109151065,-0.295576,0.075771056,0.19704914,-0.035509128,0.061669644,-0.16450728,0.15898284,-0.18464713,0.2732699,0.07411223,0.093431346,0.1726444,-0.48606324,0.037381794,0.30651352,-0.32677507,-0.23833488,0.07899886,-0.77023625,0.108239144,0.24040887,-0.18670517,0.1320269,0.046039138,-0.09137962,0.06996193,-0.035468664,0.110357516,-0.36454606,0.053281948,-0.0108896,-0.023461768,0.3242573,-0.2316854
69,negative,-0.12736955,0.13700199,-0.006278808,-0.23460269,0.009112573,0.3562484,-0.19005802,0.13370508,-0.034535933,0.103290744,0.0079986425,-0.027644508,0.267188,-0.15657042,-0.105442315,-0.16705592,0.11348515,0.060250502,-0.5262674,0.120661356,0.17032403,-0.10132045,0.11462069,-0.15273516,-0.111115485,0.047048613,-0.14437105,-0.23912668,0.110508755,-0.030839883,-0.0026034673,0.3992895,0.012462112,0.09906891,0.087327234,0.03468001,-0.08019693,0.04250304,0.058160383,-0.15100631,-0.34007385,-0.0625315,0.16370547,-0.2845245,-0.07232918,-0.19921894,-0.18502332,-0.1881938,-0.20282197,-0.57150483,0.110673055,0.019737136,0.038823936,0.7261586,-0.15732832,-1.4248744,0.11187629,-0.16778724,1.4056611,0.25735572,-0.13375498,0.35675237,-0.08903325,-0.05211614,0.5522095,0.096427806,0.10691957,0.18200427,0.14908077,-0.12003438,0.08131429,-0.29588997,-0.13768634,-0.34248674,0.011911462,0.14656414,0.006786499,0.056106623,-0.5909164,-0.03377396,0.5444579,-0.07192477,-0.08906266,-0.044405423,-0.9754448,-0.107774794,0.10470784,0.14612786,-0.021418761,-0.24284649,0.04864656,-0.24261917,0.12220881,-0.07441505,-0.22812766,0.07971885,0.04049834,-0.17491357,0.4213532,0.20597114
70,neutral,-0.009936793,0.3090579,0.276425,0.084516026,-0.18249907,-0.12714902,-0.3745439,-0.014984973,0.11327744,0.27677575,-0.36023965,0.03573715,0.14102681,0.2446684,-0.045095243,-0.25755477,0.06557878,0.00623688,-0.07532948,0.06849392,0.24716213,-0.19527109,0.23328581,-0.076243795,0.1275272,-0.06647736,-0.24715953,-0.33850986,0.44461533,0.11803305,-0.11129911,0.23199578,-0.24145198,-0.11053319,0.0034490412,0.3072376,0.20396045,0.09740234,-0.23355003,0.10227981,-0.6424234,-0.205869,-0.0840468,-0.019784868,0.2813705,-0.2469209,0.30967012,-0.110871084,0.055282388,-0.44324675,0.009220953,0.25573772,0.042028654,0.78745234,-0.019478144,-1.6045837,-0.10217576,-0.13864589,1.50307,0.18201078,-0.15751453,0.38489488,-0.04302969,-0.012603346,0.6271528,0.09330902,0.14738584,0.11615065,0.09979441,-0.19401525,-0.033042163,-0.37991595,-0.051751573,-0.27610445,0.09246633,-0.11066033,-0.15846513,-0.0978159,-0.4695412,-0.056880545,0.23485507,-0.0513238,-0.3246797,0.07111867,-0.7929377,-0.2184333,-0.097799115,-0.18795505,-0.17163445,-0.26854375,-0.3853272,-0.23047508,-0.01786652,-0.12423581,-0.18653761,0.12480305,0.040280703,-0.21842955,0.41566747,-0.044301104
71,negative,-0.165111,-0.11900293,0.31837904,-0.9156688,-0.35474956,-0.124856606,-0.095333286,0.054939676,0.16131653,-0.10203753,0.20749848,0.009816642,0.49523014,-0.14381014,0.04290946,0.40960187,-0.05455556,0.41564393,0.12453054,0.6416856,0.6941811,0.12868364,-0.351823,-0.60632455,0.19708683,0.30313677,-0.13931897,0.19720884,0.43838093,-0.110058814,-0.21770404,-0.07466206,0.491189,0.53131294,-0.37523496,0.46995875,-0.5489552,0.047391262,-0.2289729,-0.6214044,0.29055262,0.13195032,-0.64086527,0.06155917,-0.7825481,-0.49852565,-0.27441755,-0.3212368,0.45453644,-0.3307664,-0.70312345,-0.042027324,0.5559312,0.5839376,-0.87052274,-1.238185,0.08598851,0.36278564,0.31340322,0.17402185,0.34246352,0.74658257,-0.5301511,-0.27661654,0.7296637,0.67800075,0.49264678,-0.23058963,-0.40873355,-0.17962563,0.0017113651,0.15417789,-0.11264368,0.35138944,0.0685689,0.40100935,0.05372431,-0.34243622,-0.36458936,0.13310467,0.023782987,-0.17711961,-0.040123485,-0.041438267,-1.1321979,-0.12611964,-0.24019252,0.026101617,0.16800852,0.0036512767,-0.21684702,-0.333466,-0.19123948,-0.0044651018,-0.0040533342,-0.4689991,-0.28201124,-0.40130404,0.49179488,0.27538094
72,negative,0.2746516,0.4307393,0.33301368,-0.28680122,-0.22583435,-0.020349184,-0.13828637,0.39005682,0.08417942,0.072209835,0.0645195,0.25230134,0.07661607,-0.02821404,0.10028527,-0.39953032,-0.13974875,0.0769,-0.3146995,0.27676812,0.45603493,0.14431489,0.031133845,0.1916054,0.25401983,-0.10910749,-0.39302322,-0.63601506,0.19346574,0.09685677,0.0924149,0.5377853,0.102725916,0.0154270595,0.066129245,0.19167869,-0.13728441,-0.04828844,0.2954991,-0.18549515,-0.10567622,-0.35541072,0.024975982,-0.33795252,-0.09055141,0.15577629,-0.32050642,-0.25392368,-0.038097497,-0.99321914,0.014291871,-0.2033002,0.14177041,0.84057015,-0.1929724,-1.7170061,-0.027715024,-0.11757773,1.3955792,0.20415337,0.17387079,0.36443186,-0.43524918,-0.14340195,0.27544475,0.13464253,0.5422278,0.055601757,-0.052359704,-0.1926121,0.07003653,-0.20983572,-0.08141961,0.009585209,-0.09207707,0.13417259,0.24566333,-0.11271938,-0.79820555,0.038337596,0.6370349,-0.048804164,-0.21862054,-0.12478605,-0.86461264,-0.22369042,-0.33975857,0.11049317,-0.11639253,-0.31885326,0.11040584,-0.13247266,-0.20510246,-0.48384294,-0.6579265,-0.07049377,0.102022514,0.2121161,0.33320743,0.071082704
73,negative,-0.11524612,0.21477783,0.090411335,-0.24654573,-0.21305254,0.013581502,-0.07009907,0.0031250068,-0.15116261,0.08291929,0.03729529,-0.109446324,0.06497566,0.054312088,-0.06956433,-0.05251246,0.1663058,0.109031074,0.065864526,-0.010765161,0.40178925,0.06808222,-0.042286836,-0.079991505,0.330932,-0.070007615,-0.05123433,-0.29820582,0.051666547,-0.013899524,-0.04784077,0.17673811,-0.110525616,-0.26733476,-0.015542691,0.04829831,-0.034121964,-0.0222304,0.081157036,-0.0385671,-0.29957893,-0.24617182,0.08684888,-0.17947601,-0.062058013,-0.09875614,0.11656324,0.099728286,-0.17544878,-0.32799447,0.004193002,0.03148677,0.06604776,0.8888791,0.026726758,-1.4693078,0.046161972,-0.16590652,1.2908468,0.25298795,-0.11281406,0.51127744,-0.24227712,-0.0332372,0.61433697,-0.025147393,0.4900555,0.2863043,0.076832496,-0.09065207,0.16500592,-0.18014508,-0.061142433,-0.04156926,0.11914653,0.07709397,-0.22716069,0.240754,-0.35636124,0.116219476,0.40360188,0.16897522,-0.31337866,0.07604161,-0.9383696,-0.3823083,-0.070255056,-0.13509426,-0.03360994,-0.21285154,-0.25164574,-0.08473185,-0.050011475,0.12284584,-0.06748505,-0.051029053,-0.12381671,-0.21135077,0.30996272,0.13253583
74,neutral,-0.18125781,0.19720465,0.26667467,-0.23558076,-0.21603346,-0.0825479,-0.21654402,-0.060681332,-0.049618904,0.20298472,0.09125223,0.06514563,0.28116783,-0.06343267,-0.10862336,-0.030133177,0.038762517,0.10187201,-0.37659645,0.13478784,0.24804701,-0.039177764,0.13405132,-0.14648254,0.06353189,-0.027973354,-0.24004568,-0.40264517,0.10158215,-0.09729436,0.14652212,0.32077667,-0.10176679,-0.08977348,0.027506065,0.1442071,0.08028344,0.033684924,0.027350346,-0.17200112,-0.4576367,-0.08153283,0.18752627,-0.34802893,-0.12567863,-0.15805748,0.30303985,-0.14133826,-0.14886752,-0.68659484,0.0747849,-0.117012,0.05948898,0.8939693,0.13517508,-1.9515287,0.032651037,-0.094151154,1.3403269,0.2815069,-0.15326849,0.3475049,-0.26831132,0.008368042,0.63332355,0.069097795,0.27846032,0.31503138,-0.06954574,-0.043653738,0.17697528,-0.18355133,-0.22023633,-0.32663384,0.13351479,-0.14763238,-0.1549785,0.04358157,-0.57343644,0.093750365,0.74300736,-0.07865481,-0.44140306,0.02126229,-1.0849757,-0.12489225,0.11591837,0.15432209,-0.093444645,-0.34677047,0.08845134,-0.08344558,-0.12637974,-0.0667818,-0.3854214,-0.010440026,-0.06267963,-0.3259512,0.41994408,0.21472521
75,negative,0.2153427,0.26164272,0.17585938,-0.029054862,0.15526617,-0.80895776,-0.19765483,0.14277534,-0.16850467,0.16058907,-0.13088396,-0.26564965,0.0144953085,-0.19275866,0.12046471,-0.12696013,-0.21508189,-0.22477497,-0.098924235,-0.12062195,0.4055004,-0.12076721,0.00064699235,0.22002672,0.108153015,0.038027074,-0.1007362,-0.15513702,0.037270855,0.08447574,-0.08905589,0.24906065,-0.25595474,0.17216076,-0.19182816,0.05136779,0.33356217,-0.35328317,0.040371653,-0.05580727,-0.19358319,-0.44094193,-0.23458691,-0.19980988,0.42750087,-0.03970968,0.009528955,-0.35273412,0.21893543,-0.9019476,0.1458819,0.17174372,0.0247649,0.8226556,-0.1560973,-2.1163466,-0.030860106,-0.34424224,1.6819353,0.15213065,-0.17629062,0.13701397,-0.18495587,-0.09686332,0.49111226,0.104184344,0.295665,-0.14772813,0.285146,-0.103901304,0.173553,-0.26097932,-0.29095814,-0.20578228,0.21617684,-0.16320275,0.16277492,0.16756114,-0.86595464,0.014466062,0.8819995,-0.00055452593,-0.25040552,-0.018967228,-0.7081316,-0.5103382,0.1709094,-0.12140415,-0.042271536,-0.3757555,0.013811473,-0.0062434496,-0.40910628,-0.28359947,-0.7891014,-0.012323463,0.13918188,-0.110398814,0.5759615,0.13217665
76,neutral,-0.08501203,0.10220948,0.2440042,-0.16034149,0.101787485,0.05630714,-0.46501684,0.082058854,-0.00030774868,-0.11862951,-0.006417369,-0.15348572,0.2150561,-0.10858399,-0.0806994,-0.12311528,0.10032368,0.10328666,-0.30612132,-0.03419682,0.18476623,-0.17456044,0.022100458,0.00030366803,-0.078531235,-0.15209591,-0.15676622,-0.43035218,0.28692162,-0.12574224,0.25503948,0.5532225,0.021243637,0.123574845,-0.1661533,0.24640687,0.047225535,-0.1056059,-0.14528842,-0.118434414,-0.60989237,-0.113539696,0.42270958,-0.4281495,-0.07851187,-0.2778264,0.021026341,-0.3017262,-0.07165762,-0.56764364,0.123098604,-0.09347404,0.08377952,0.89515483,-0.0014286075,-1.9687507,-0.10781889,-0.28344938,1.5015069,0.34411106,-0.2123629,0.33226976,-0.19340582,-0.003976907,0.63697255,0.09523268,0.19640727,0.373623,0.07582934,-0.42291436,0.18561086,-0.20022222,-0.30767128,-0.6163811,0.07619406,0.20822287,-0.228733,0.10379192,-0.85786206,-0.09310187,0.56861806,-0.23914836,-0.3434782,-0.20223635,-1.0734662,-0.20977561,0.18234254,0.15117942,0.08966873,-0.45489165,0.03543598,-0.16768351,-0.44232216,0.08805552,-0.38545206,0.09914024,0.06581542,-0.06984824,0.4983992,0.025001666
77,neutral,-0.5787074,-0.10765149,0.29326677,0.27364126,-0.31503993,0.012209986,0.2802265,-0.1284933,-0.04779241,-0.09082748,0.23511449,0.14331397,0.3490242,0.08912905,0.14462614,-0.2547293,0.3795491,-0.42085394,0.39187628,-0.12572737,0.3512604,-0.19007638,0.3234534,0.2500529,0.33329713,-0.03163141,-0.21436845,0.07900391,-0.07209207,-0.4340527,-0.14323395,-0.43911958,-0.18854402,0.12508768,-0.42713776,0.010566391,-0.069159865,0.21212424,0.28569993,0.13012065,-0.39018917,0.05874943,-0.11059035,-0.02377902,0.48665118,-0.011538009,0.4692637,-0.26969317,0.33457702,-0.6379989,0.0047649774,0.18000661,0.021266274,0.9570438,0.3143455,-1.7402414,0.16065456,0.21134122,1.288267,0.7183043,-0.044725183,0.70497274,-0.122174054,0.25304574,0.4881988,-0.3632938,-0.21049172,-0.006957221,-0.12806143,-0.053377066,-0.5883147,-0.58354807,-0.006284206,0.1701249,0.40539134,0.16652098,0.2545429,0.035922833,-0.5276261,-0.11398957,0.6215723,0.014062234,-0.23828338,0.34225756,-0.90904254,-0.33991492,-0.15020354,-0.29565367,0.23018418,0.13975665,0.22960767,-0.1937123,-0.3494634,0.36690685,-0.26619902,0.14090574,0.36277908,0.18484029,0.11460426,-0.24221872
78,neutral,-0.17184995,0.037275743,0.1847241,0.34958974,-0.19239093,-0.34082857,-0.19362812,-0.117445305,0.048651777,0.26684406,-0.13418448,-0.00011964854,0.26091686,-0.0031771483,0.03774416,-0.07876505,-0.06054343,0.01881011,-0.39992553,0.018847331,0.14559956,-0.15315385,-0.09798087,-0.20251882,-0.17641091,0.13589577,-0.037335,-0.06883249,0.0494529,-0.11035472,-0.1751281,0.20927711,-0.34774607,0.051606964,0.0091098035,0.002609737,0.25253808,-0.037571013,-0.22895263,0.004898102,-0.4877694,-0.066521965,0.15010738,-0.16014592,0.20045318,-0.18683703,0.43071744,-0.12282409,-0.4321453,-0.6017076,0.22250865,0.16763116,-0.11090613,1.003297,0.027752379,-1.847428,0.0989675,-0.24408022,1.2547759,0.12167592,-0.255387,0.21521188,-0.111232735,-0.21678814,0.70242447,0.20139644,-0.0058097304,0.07060485,0.1888082,0.047470983,0.19491798,-0.14717826,-0.19453529,-0.36323985,0.20203243,0.18766342,0.0046802093,-0.037178714,-0.84058523,0.08751861,0.56348056,0.014939625,-0.259137,-0.027041972,-1.1174684,0.023755385,-0.054702133,0.0059833997,-0.16606112,-0.360629,-0.34236982,0.07186855,-0.22693168,0.066916585,-0.39192843,0.1893328,-0.042370155,-0.3096271,0.37462166,0.29588076
79,neutral,-0.2224624,0.0791847,0.30905643,-0.098474264,0.074036345,0.12458967,-0.36821502,0.16720141,0.26211268,-0.10493174,0.1195425,-0.084771566,0.22081636,-0.04908179,-0.041597158,-0.15006112,0.38108474,0.052226543,-0.48773202,0.11258846,-0.024419421,-0.20461257,0.19083473,-0.23142809,-0.30617034,-0.28520843,-0.011920871,-0.30685288,0.27088174,-0.07330944,0.14700155,0.59061164,-0.025115822,0.11475999,0.12733161,0.17514206,-0.06852033,-0.054940186,-0.07087653,-0.00027142942,-0.4978609,-0.18400683,0.13565138,-0.3140589,-0.19284317,-0.28356403,-0.21689634,-0.320245,-0.15787394,-0.66335523,0.24758539,0.10612902,0.08605951,0.7929375,-0.060846202,-1.8700078,0.01507795,-0.27878505,1.7231272,0.19140922,-0.36896074,0.32977214,-0.12556165,-0.18494716,0.71069026,0.12249557,0.2728428,0.35668766,0.20323814,-0.26906067,0.024608782,-0.24109234,-0.16112928,-0.654328,0.123335354,0.14790949,-0.21092688,-0.031572554,-0.8787147,-0.11389278,0.49419892,-0.21712853,-0.2721297,-0.15971132,-1.1669556,-0.10469413,0.26761335,0.3267888,-0.03098127,-0.23859972,0.007805878,0.10843696,0.027576266,-0.038037684,-0.29174152,-0.083279364,0.07840139,-0.14905132,0.4212991,0.0729987
80,neutral,0.031555302,0.03422044,0.1557331,-0.018762432,0.10927476,-0.5784412,-0.20077398,-0.0040276605,0.22488707,-0.042756114,0.025385823,0.11436674,0.1172092,-0.13255589,-0.041766625,-0.1168276,0.037223652,-0.08691458,-0.22663169,-0.11007202,0.25565434,-0.09054462,0.08986983,0.014373414,0.016022367,0.122701764,-0.28647035,0.0020598401,0.047031514,-0.07817947,-0.2012107,0.34828192,-0.10315675,0.07706268,-0.17914578,0.015747108,0.17048681,-0.056223854,-0.22716872,0.043292195,-0.3846384,-0.35361898,0.016735509,0.03428125,0.06988523,0.07244811,0.09756814,-0.16305703,-0.12657703,-0.52213997,0.30019006,0.17277399,-0.01562284,0.69142747,-0.014304832,-1.545854,0.026460428,-0.20494431,1.3645462,0.28248838,-0.19925845,0.16630349,-0.13334511,-0.19570474,0.35809755,0.15950882,0.054585416,0.18713997,0.13957267,-0.18432252,0.0720155,-0.18459156,-0.19633856,-0.37294286,0.1358335,-0.10182859,-0.09141915,0.058617547,-0.62838167,0.0787396,0.5163279,-0.03871841,-0.20314807,0.16488324,-0.8847501,-0.14606741,0.0580014,-0.046188112,-0.0073612933,-0.43731686,0.0025220674,0.17371409,-0.30926582,-0.13350926,-0.22902523,0.27047276,0.20353365,-0.16011785,0.4517825,0.019932752
81,neutral,0.07238342,0.013144431,-0.06601983,0.11586632,-0.015302076,0.09481144,0.16675946,0.22529505,-0.16908035,-0.18817972,-0.16603737,-0.09184806,-0.28685004,0.28068322,0.0775598,0.06372646,0.35375774,-0.060704608,-0.15322888,-0.07483011,0.12230123,0.22024016,0.34847572,-0.21589385,0.2948247,-0.006508086,0.056937344,-0.035115816,0.12824479,0.07494085,0.048310973,0.14659064,0.34290466,-0.022612687,0.007853666,0.21689552,0.15354268,0.27807868,0.2562005,-0.29388347,0.007524414,-0.16333611,-0.13639884,0.05693853,0.039688397,-0.096504904,-0.20885046,-0.19977209,0.13617681,-0.27938208,-0.1017079,-0.112338886,-0.091576725,0.3005335,-0.21276927,-1.1720402,-0.39314562,0.06918581,0.4905712,0.14570946,0.09757441,0.27522388,-0.07502329,-0.06909121,0.12446326,-0.36254674,0.39304873,0.16801304,0.24226882,-0.12926874,0.08263628,0.18048744,0.11719796,-0.23971535,0.040886007,-0.1741218,0.14765173,-0.009827092,-0.26281044,0.28358337,0.18838346,-0.13429666,-0.34359097,0.07207726,-0.40657791,-0.0125842225,-0.12143595,-0.25887948,0.21425116,-0.059997473,0.35473308,-0.14025623,-0.20415801,0.13322327,-0.35314885,-0.19254483,-0.043187384,-0.18452944,0.0866399,0.33977792
82,neutral,-0.15241067,0.11321358,0.12270174,0.002197396,-0.088948555,0.09179683,-0.12538421,0.046119582,-0.024424216,0.12491125,-0.019588608,-0.03879679,0.13181782,-0.05542324,-0.03242962,-0.14028406,-0.11377043,-0.04632705,-0.19584987,0.0010959293,0.42099166,-0.16948417,0.07281741,-0.07152853,0.09267912,0.018766915,-0.25319132,-0.19021331,0.12843211,-0.06300235,-0.010824619,0.17936462,-0.14840409,0.008624022,0.12982413,0.051755544,0.048981287,-0.06763428,0.1326089,0.06301825,-0.2620133,-0.21288931,0.18780273,-0.2747511,-0.027173411,-0.03249399,0.2381034,0.023243578,0.06819186,-0.65834725,0.19860828,-0.09035955,0.020176267,0.9333061,0.18005681,-1.784618,-0.07020435,-0.057104513,1.1771905,0.22722107,-0.09712818,0.38575417,-0.20923609,0.061412945,0.509325,0.12457661,0.099980146,0.13215114,-0.007064346,-0.013444276,0.09630655,-0.32328185,-0.09197573,-0.33903044,0.15797661,0.010875049,0.034597974,-0.009627293,-0.5284594,-0.03679359,0.559807,-0.10381411,-0.2673849,0.0771226,-0.9012627,-0.10620071,0.013970711,0.0273074,-0.15206605,-0.36995682,-0.0893776,-0.04090525,-0.19644402,0.010815119,-0.43341658,0.097399056,-0.058397286,-0.13077474,0.35217515,0.190032
83,negative,0.05765084,0.07583718,0.29342967,-0.1114011,-0.06729842,0.15281743,-0.22757897,-0.3451815,-0.028892454,0.11126535,0.05686156,0.05458104,0.17399013,0.0126161985,-0.108653635,-0.20953327,0.047413062,0.18696004,-0.1800334,0.29683182,0.11015158,0.12147301,-0.056528274,-0.14945185,-0.07395115,0.09964165,-0.18295789,-0.20392545,-0.12183583,-0.05690915,0.12623033,0.5263763,-0.18170784,-0.2353522,-0.06688905,0.24697737,-0.07010534,-0.04943173,0.03894294,-0.19167262,-0.26452112,-0.31393796,-0.019898335,-0.12796786,-0.107525475,-0.16566421,0.18489888,-0.18865786,-0.1467142,-0.80921525,-0.0065043676,-0.04167022,0.09037165,0.78440064,-0.013427233,-1.7942528,0.016138706,-0.055702496,1.5337465,0.16799794,-0.107244916,0.29045168,-0.24581812,-0.05131329,0.64724797,-0.12020571,0.31045672,0.2733647,0.23278695,-0.13421148,0.022879764,-0.3351828,-0.29957107,-0.3468671,-0.04998797,0.10630488,-0.13917482,-0.019610893,-0.49672204,-0.017422052,0.660687,-0.058058526,-0.17730567,0.0900112,-1.0561925,-0.2392747,-0.06337442,-0.016455594,0.02526097,-0.35864076,-0.054684043,-0.010083717,0.109581426,-0.1938973,-0.36889854,0.061298605,0.024216782,-0.10285952,0.39258024,0.2292729
84,neutral,-0.16909966,0.0053325035,0.1635304,0.043270696,0.12282884,0.37455076,0.1445385,0.4603395,-0.26637495,0.20423439,0.11700991,-0.022912089,-0.1208132,-0.22691019,0.16769847,-0.037985574,0.21431506,0.07667931,-0.24352151,-0.061457843,0.29211023,0.14406163,0.2852218,-0.2627223,0.4711624,-0.3133219,0.1210818,-0.025537807,0.10539681,-0.07816281,-0.19515845,0.21582152,0.2970662,0.24680267,0.059979472,0.15194467,0.011966501,0.24332133,-0.10603293,-0.24924096,-0.05482163,-0.17106001,0.03165682,0.09619087,-0.06140619,-0.10471245,0.0795871,-0.15724482,0.25688553,-0.4419845,-0.05638412,-0.22674191,0.35337475,0.6555889,-0.07224147,-2.0108414,-0.11210911,-0.025129922,1.0005983,0.26394206,-0.092408895,0.67095095,-0.28874943,-0.24922225,0.27120683,0.046595864,0.31987676,0.14065221,-0.02392215,-0.037357185,-0.04797767,-0.11680863,-0.16656233,-0.41588968,-0.09372111,-0.20966835,0.2816251,0.2892848,-0.4178534,0.4650985,0.41502017,-0.22685467,-0.18712199,0.12269072,-0.6483989,-0.113894574,-0.20440568,0.04060729,0.33315882,-0.060159445,0.13181305,0.102281906,-0.24437948,0.024062455,-0.6685357,0.025130767,-0.09811044,0.049068235,0.48192856,0.24315685
85,neutral,-0.1937692,0.083033934,0.2549164,-0.08379396,0.11443752,-0.1348039,-0.18324412,-0.048618555,-0.023002258,0.16716017,0.04281091,-0.085278444,0.2108741,-0.05183569,-0.078629866,0.045419928,0.2832533,-0.12265741,-0.41450685,0.034653395,0.05215566,-0.21380849,0.10892396,-0.10527275,-0.25404933,-0.24283636,-0.09853206,-0.1857254,0.14216642,0.052385278,0.1428478,0.26088887,-0.27042255,-0.1503709,-0.09097752,0.143617,0.073658355,-0.027024861,-0.1934902,-0.057018094,-0.49020886,-0.06907043,0.13222298,-0.11301082,-0.008442607,-0.39161563,0.21084088,-0.27805197,-0.27532822,-0.60394037,0.3195764,0.014513821,0.19349608,0.8500171,0.022239013,-1.7178222,0.026680565,-0.23657107,1.3028076,0.3008738,-0.12434539,0.35912818,-0.1316512,-0.18835957,0.6046473,-0.010995923,0.028237065,0.40119484,0.0035436617,-0.01582844,0.25539818,-0.12727726,-0.22581638,-0.407605,0.055980247,-0.059213784,-0.22183013,0.091773786,-0.879689,-0.05990922,0.51817185,0.02699575,-0.22226112,-0.121783294,-1.029021,-0.07653963,0.24994887,0.18375409,0.03580501,-0.18924078,-0.03237119,-0.11110627,-0.20881124,0.0027638283,-0.30255482,0.0069725607,-0.10123995,-0.3203199,0.29080525,0.12815711
86,neutral,-0.044217806,0.0010545894,0.23972128,-0.165305,-0.020553308,0.032357372,-0.1646194,0.063610084,0.09361551,0.18764062,0.12891412,0.009731424,0.11468545,0.111582406,0.031842526,-0.04996414,-0.024155833,-0.18124695,-0.29941413,-0.06521758,0.46430945,-0.21032651,0.13068546,-0.12138707,0.058432225,-0.00781245,-0.16216786,-0.17082427,0.19456673,-0.03423543,-0.030818885,0.19464794,-0.2227217,0.027942697,-0.011768252,0.116362326,0.18302707,0.019465633,0.025217295,0.02423564,-0.31277743,-0.27874425,0.2163203,-0.13436958,0.07714678,-0.0059104813,0.12673897,-0.014394485,0.0016738253,-0.5925386,0.008765813,0.08152496,-0.053362474,0.9872573,0.039370064,-1.66088,-0.0807307,0.081265375,1.283035,0.20728445,-0.05042467,0.4347233,-0.15445352,0.04906176,0.48769784,0.04569731,0.05245521,0.08372712,0.077246755,0.057090145,0.015683675,-0.35993406,-0.09974465,-0.36307374,0.06734787,0.067394435,0.17794871,0.026392521,-0.680498,0.059287295,0.6045593,-0.04591112,-0.22787565,0.064868815,-0.7417693,-0.111157045,-0.10012759,-0.05741977,-0.074321866,-0.32233056,0.011094905,-0.0963874,-0.08960918,0.06664139,-0.36994255,0.10195013,-0.069906816,-0.13508931,0.4000278,-0.05459768
87,neutral,-0.13428836,0.048340715,-0.006669608,-0.18511127,0.077758044,-0.122009784,-0.0065821623,-0.2509926,-0.19778825,0.17621683,0.015212586,-0.19154161,0.07884173,0.22870623,-0.035445042,-0.16864221,0.1718439,-0.049313467,-0.4167624,0.14900596,0.08974669,-0.09982278,0.13597083,-0.27625477,-0.02418667,-0.026460765,-0.041179564,-0.3133015,0.092945315,0.07042004,-0.2688141,0.31970182,-0.08397087,0.0014183348,-0.2507549,-0.019613285,-0.14398018,0.16742896,0.11211978,-0.0154733965,-0.31844065,-0.028330343,0.19626991,-0.08063735,0.011331227,-0.1270369,0.1782377,-0.19744354,-0.17989561,-0.49867022,0.30563018,-0.2015037,0.11448398,0.64418286,0.03134174,-1.4973736,0.19078207,-0.3545061,0.9783455,0.108327135,-0.019753784,0.3978611,0.004106619,-0.29357925,0.59972686,-0.20536193,0.21752696,0.4327315,0.053764507,0.3912172,0.15833676,-0.0801169,-0.15021162,-0.3623879,0.03699597,0.016747827,0.04627723,0.024127305,-0.6364139,-0.10955231,0.33556664,0.031859566,-0.15318099,-0.10958454,-0.83702165,-0.065951236,-0.012278778,-0.009299581,-0.05780716,-0.4655726,0.0282353,-0.12399573,0.016122341,0.2657614,-0.22596498,0.13340919,0.047469392,-0.20785424,0.10452211,0.28244627
88,negative,0.08344792,0.2378642,0.15119888,-0.09830463,-0.042834826,0.06268534,0.11177364,0.30853313,-0.14573161,0.23721477,0.11797908,-0.1113667,0.1626446,0.22445855,0.17420454,-0.044713426,0.26175344,0.1085375,-0.4394229,0.2724122,0.120476775,-0.19809243,0.18894298,0.09265278,0.11778002,-0.16581951,-0.07013541,-0.2840825,-0.005119048,0.11166282,-0.113441154,0.27380666,0.044028144,0.05542563,-0.0071021616,0.09399447,-0.18725866,0.04256294,-0.075041436,0.062004037,-0.4975837,-0.052931547,0.059742946,-0.07764332,0.17323783,-0.076096125,0.11328827,-0.2994859,0.08175283,-0.5106725,0.0337244,-0.17467912,0.13018908,0.8361741,-0.14276257,-2.128145,-0.12207949,-0.18956746,1.5165702,0.5309885,-0.12437071,0.63209283,-0.0033012324,-0.015362517,0.517508,-0.015443646,0.11676366,0.25325608,0.01932062,0.17088027,-0.037689477,-0.16784135,-0.059099503,-0.20152907,-0.09669812,0.19315006,0.085381,-0.0023619991,-0.8633455,-0.26476252,0.4418714,0.08976301,-0.13922706,-0.027081354,-1.1447647,-0.18954496,0.063629866,-0.050595067,0.08136713,-0.068244234,-0.08951258,0.0911032,-0.009561463,0.21506514,-0.48529825,0.1305606,-0.15316316,-0.113851495,0.32154536,-0.0025163693
89,negative,0.31284723,0.25321934,0.44802338,-0.07642769,0.058536958,0.3589888,-0.40926442,-0.35068017,-0.08170305,0.19984213,-0.19777726,0.027623417,0.15397376,-0.14726135,-0.04104053,-0.16158468,0.18632936,-0.13164957,-0.6247423,0.18400049,0.4675231,-0.035415627,0.26168922,-0.2780959,0.2159915,0.09638542,-0.12945661,-0.43109488,0.3519661,-0.059460673,0.12142089,0.4938969,-0.18292508,0.14920032,-0.14748867,0.035094175,0.09357601,0.55896485,-0.16370529,-0.16484003,-0.8230781,-0.076985136,0.13017799,-0.123220354,-0.15656196,-0.5594737,0.3559345,0.07540172,-0.13035616,-0.28654453,0.08038578,0.14618577,-0.032256283,0.88127875,-0.0065445164,-1.5890436,0.49867055,-0.07790908,1.6201546,-0.005880057,-0.12128941,0.05381239,-0.37213972,-0.2933836,0.813183,0.16077337,0.23853022,-0.14212027,0.35274896,-0.057036012,-0.12048597,-0.15227844,-0.018076641,-0.17215513,0.08163815,0.030476652,-0.08972672,0.011404463,-0.7185691,-0.14155874,0.1519759,0.03160064,-0.108253196,0.18552557,-1.0904166,0.14995514,-0.074492775,0.0026461724,0.0712878,-0.35878474,-0.086069085,-0.38328525,0.04669342,0.11439222,-0.59204286,-0.14728796,-0.099836946,-0.3930575,0.38629755,0.3113308
90,neutral,-0.1474017,0.22629607,0.20429087,-0.043382674,0.12830499,-0.010973552,-0.15438251,-0.017921748,-0.13600345,0.026530616,0.07731808,0.027005529,0.15148221,-0.043770824,-0.04494223,-0.032602962,0.018106135,-0.11521354,-0.46869367,0.122160584,0.013753738,0.007958256,0.013116935,-0.0015400002,0.12896705,0.049101405,-0.11905872,-0.27572188,0.16376425,0.016598053,-0.15301457,0.33161917,-0.051121313,0.048984468,-0.10420591,0.20348616,0.07000311,0.09955576,-0.1313605,-0.01223758,-0.44115216,-0.04420903,0.13318925,-0.0017426031,-0.14876142,-0.14429365,0.06502821,-0.26615793,-0.06709324,-0.37046462,0.16245402,-0.028961288,0.1735115,0.6539453,-0.030105278,-1.4419938,-0.065657444,-0.14323935,0.89168066,0.091304176,0.011115926,0.44848937,-0.17711748,-0.22945514,0.592875,-0.09804363,0.27629435,0.3797264,-0.11705768,-0.054339457,0.054628074,0.026151778,-0.16108143,-0.20386355,-0.012255188,0.0061142934,-0.044262655,0.055356696,-0.4784406,-0.1285691,0.32322043,0.074050196,-0.032725524,-0.06453961,-0.73812824,-0.024624627,-0.05551863,0.15305972,0.020534806,-0.26325506,0.0480658,-0.0017730822,0.020320226,-0.03598921,-0.3611496,0.09507537,-0.12515157,-0.29505187,0.13672316,0.30226025
91,neutral,-0.1326829,0.16762613,0.24084975,-0.082315624,0.07102893,-0.5123249,-0.16237172,-0.07205178,0.06529028,0.124221474,0.04276162,0.0455081,0.06946343,-0.03165578,-0.077192985,-0.30476642,-0.07271329,-0.119315274,-0.09934131,-0.087274976,0.18626346,-0.1945695,0.10991385,-0.0040636878,0.047790356,0.09656757,-0.13955458,-0.029975874,-0.03991479,0.010930798,-0.098092966,0.31566972,-0.08062645,-0.058614403,-0.07077386,0.06050192,0.111901686,0.15786144,-0.08615766,-0.039187696,-0.32545528,-0.3794187,0.012374324,-0.00037183226,0.09046587,0.016495073,0.1488267,-0.16955955,-0.13636653,-0.5633677,0.098980635,0.29128125,0.034046605,0.7359878,-0.13939044,-1.6652745,0.0687085,-0.19626611,1.2480549,0.276742,-0.02756049,0.250419,-0.06729665,-0.05950483,0.47525358,0.07963652,0.17190573,-0.025814498,0.17934947,-0.2066544,0.23674601,-0.1785996,0.0015470423,-0.14184107,0.055985797,-0.14726157,0.011061712,-0.03449655,-0.5734115,0.19803427,0.6729482,0.026695648,-0.32887602,0.035918344,-0.7357053,-0.18618082,0.120768525,-0.07179646,-0.044636324,-0.31501257,-0.06907844,0.038769405,-0.18993402,-0.1931598,-0.30365413,0.23714761,0.09930013,-0.24661228,0.36083248,0.13037276
92,negative,0.057292905,0.18232602,-0.025017828,-0.25788453,0.100127965,0.35164905,0.030722367,-0.15264004,-0.055659637,0.30208716,0.041583255,-0.30068338,0.062894955,-0.13839892,0.104623005,0.12696366,0.06850596,0.023488393,-0.14399625,-0.021721285,0.41037616,-0.05780371,0.14652972,-0.1852031,0.09978011,0.018673798,-0.14760913,-0.23642838,-0.20900956,-0.13271236,0.10783387,0.4904646,-0.06148893,-0.2058263,0.22142608,0.13345203,-0.28739807,-0.017287621,0.065524526,0.09455152,-0.2504783,-0.10061988,-0.09896233,0.15705335,-0.1264094,-0.32398537,0.013319714,-0.08746372,0.07975362,-0.5196069,0.09666627,-0.14626567,0.08756981,0.7957957,0.07079816,-1.8192312,0.15067266,-0.14886196,1.2783495,0.1676593,-0.042916667,0.3858426,-0.04359463,-0.07145696,0.74666554,-0.11479337,0.5283993,0.1731179,0.17115444,-0.06953078,0.15492107,-0.27798277,-0.24492049,-0.15393971,-0.093663044,0.11136832,-0.04862553,0.13207926,-0.58256763,-0.16004948,0.4589169,0.031037334,-0.08999873,-0.045961935,-1.2396277,-0.38728696,-0.037621222,0.042296622,-0.0067479764,-0.3302731,-0.0073012034,-0.057753824,0.1885495,0.07567461,-0.23829232,-0.30198917,-0.43844867,-0.13009268,0.5023832,0.19694176
93,negative,-0.15383564,-0.052183095,0.23239492,-0.23418199,0.1180138,0.004399653,-0.37952495,-0.037301857,0.06319599,0.30268458,0.084415056,-0.08899149,0.1503994,0.14643835,-0.08111832,0.12729129,0.18801668,-0.18394536,-0.51577294,-0.019908883,0.10879573,-0.116555996,0.17335,-0.11624036,-0.1248989,0.053314146,-0.003168599,-0.24876538,-0.12513821,-0.09976881,0.3244105,0.239545,-0.028866526,-0.009875305,0.06620954,0.15355529,0.00024871132,-0.049774274,0.12172408,0.26244932,-0.4952621,-0.34916288,-0.036492337,-0.0049453434,0.19806209,-0.2009324,0.059789173,-0.16069666,-0.10997875,-0.5845992,0.388441,-0.01742947,0.120392404,0.94455063,-0.08447946,-1.8520046,-0.011546468,-0.17301269,1.6069474,0.3416685,-0.24340384,0.40660688,0.007906197,-0.25415102,0.65045094,0.08271503,0.226443,0.35463864,0.39094293,0.06503224,0.05815611,-0.2323373,-0.19833873,-0.35622236,0.18618765,0.05198267,-0.10143461,0.041853543,-0.7841758,0.15273839,0.5636769,-0.103336774,-0.1833044,-0.06242288,-0.9368396,-0.17963743,0.23037069,0.06881126,-0.013486274,-0.14498459,-0.024563596,-0.12466123,-0.016599592,0.015429393,-0.33905914,0.075211294,0.008877817,-0.17660683,0.4158754,-0.048040725
94,negative,-0.11304936,0.1528402,0.25942135,-0.074075446,-0.011631528,0.086777225,-0.2761153,-0.15157948,0.22802003,0.097774684,-0.05331614,-0.044066116,0.09532579,0.084564164,-0.0093602,-0.018241191,-0.03457371,0.05915043,-0.35907447,0.12210961,0.19529231,-0.1189244,-0.059864707,-0.32840815,0.0072303624,0.011775087,-0.21219169,-0.19387011,0.053521983,-0.096742325,0.13001738,0.3771326,-0.1306089,-0.10860899,-0.055884194,0.106809646,-0.034691606,-0.018897513,-0.0019851981,-0.07060628,-0.31739396,-0.09628057,0.08270931,-0.07981954,-0.099075444,-0.21435696,0.14588661,-0.05651722,-0.18578872,-0.44298068,0.10573606,0.092900045,0.11719802,0.8611109,0.011487956,-1.472737,0.18262054,-0.25073925,1.1423842,0.16155447,0.021202775,0.32761234,-0.062326405,-0.024316048,0.63056237,-0.13303936,0.21193497,0.18096659,0.06574925,-0.002040328,0.12794165,-0.26375723,0.00013223026,-0.14672364,0.0965697,0.083878405,-0.17084791,-0.057249848,-0.57947534,0.14452909,0.39577663,0.027412081,-0.27351433,0.061626498,-1.0018022,-0.004919369,0.023738159,0.09556981,-0.06889515,-0.38451982,-0.122551486,-0.07008749,-0.01978295,-0.13782363,-0.17639582,-0.064410575,-0.035499826,-0.30860198,0.29425964,0.35826552
95,neutral,-0.21551858,0.025157018,0.42336208,-0.2572944,-0.1790785,0.107762374,0.15217534,0.14344518,-0.4231312,-0.047010668,0.08049754,-0.20982134,-0.09207664,-0.13089196,-0.035510555,-0.04645726,0.15689959,0.29280862,-0.4639258,0.1691541,0.27523628,-0.01872292,0.20876972,0.22939314,0.4932961,-0.2369108,-0.27305058,-0.39076188,0.20715421,-0.019614723,-0.32500026,0.3437991,-0.03879417,-0.0035801241,0.04997504,0.19075467,-0.2554929,0.056973234,-0.22120945,-0.30385044,-0.17056215,-0.118285865,0.21755153,-0.16079317,-0.10804175,-0.09123231,0.13683367,-0.42948732,0.2262757,-0.97300446,-0.175064,-0.16520774,0.20355873,0.82398653,-0.08975247,-2.393095,-0.13688685,-0.29135364,1.1205945,0.6639604,-0.4773542,0.8257254,-0.28773007,-0.40700573,0.25486192,0.114707984,0.16253419,0.6400926,-0.36148554,0.04821303,-0.07171435,-0.33487254,-0.25630012,-0.27129182,-0.28016528,0.034721848,-0.21441221,0.12668759,-0.7885327,0.440382,0.59862936,-0.25228637,-0.10913275,-0.016670953,-1.118601,-0.29981083,-0.3818573,0.14110999,0.06359661,-0.3922681,-0.2093743,0.055662587,-0.14418781,0.21324444,-0.44377357,0.17319809,0.14990996,0.09427738,0.51004785,0.2892051
96,negative,0.08326868,0.34907058,0.41789603,-0.09899629,-0.15189806,0.24983181,-0.29954946,-0.17047827,0.2541436,0.06205092,-0.029855987,0.15355608,0.055265147,0.06995092,-0.0075391983,-0.044895515,0.0020476324,0.17979348,-0.46802709,0.2290246,0.27332526,0.060032718,0.047119047,-0.31209522,0.09234214,0.038510457,-0.14594693,-0.2838342,0.25040704,-0.11163189,0.21047392,0.16342904,0.049163267,-0.123691075,-0.024185741,0.11896059,-0.0023610156,0.019013856,0.03245149,-0.1905694,-0.38698754,0.122790426,0.0458321,-0.34230596,-0.23514421,-0.2171569,0.4506243,-0.15216157,-0.3558385,-0.77340996,0.004173277,0.03338869,0.18892124,0.8926342,-0.20904036,-1.5358578,0.07735887,-0.0006919772,1.1212865,0.10331949,-0.07890344,0.5036204,-0.27670908,-0.27236646,0.7107016,-0.040110655,0.356182,0.2447721,-0.013299528,-0.10438996,0.13067426,-0.2550877,-0.32823113,-0.15598989,0.10554554,0.005486155,-0.19220482,0.040917132,-0.59885114,0.2109539,0.4182435,0.05920128,-0.2612536,0.053920284,-1.0016743,-0.12163227,-0.14953016,-0.002415655,-0.10802421,-0.22948062,-0.098123595,-0.09708492,0.024331268,-0.09905708,-0.2971287,-0.21990277,-0.2605905,-0.20539512,0.19156568,0.14685003
97,negative,-0.08482789,-0.06646329,0.13100341,-0.15066744,-0.14274208,-0.028921708,-0.1525708,0.014648042,0.020294711,-0.002828135,0.16338953,-0.037156142,0.06367121,-0.098072514,-0.015555256,0.048862636,0.038011804,-0.047910623,-0.32520014,0.09195648,0.2574411,-0.15170464,-0.116220884,-0.030717324,0.034115538,0.03360441,-0.05526977,-0.14460485,0.03537952,-0.060245737,0.05379374,0.23235433,-0.15541609,0.12683363,-0.020864189,0.09187344,0.089218296,0.015825411,0.16902335,-0.038858645,-0.262162,-0.14293073,0.11173271,-0.08362964,-0.06741647,-0.054684296,0.080812916,-0.0014841727,-0.014219308,-0.52761155,0.07755877,-0.055451058,0.08215453,0.6172063,-0.0070362473,-1.3733392,-0.09110273,0.066764355,0.8552991,0.103278466,-0.11597749,0.3076673,-0.12554392,-0.0015406146,0.31346625,-0.02921374,0.21352868,0.23722273,0.081640854,0.069576986,0.05262037,-0.19368944,-0.18644659,-0.31429923,-0.013291126,0.0013758724,0.12243134,0.03404929,-0.46857366,0.0425437,0.41712564,-0.106201395,-0.11696861,-0.048168007,-0.6482197,-0.13140613,-0.15919837,0.013691878,-0.034778047,-0.29689467,0.123962104,0.038635563,-0.06462141,-0.015621479,-0.19398567,-0.059039738,0.01182641,-0.11435365,0.22338757,0.055608388
98,negative,0.015335863,0.21439861,0.12688157,-0.18737005,-0.058002766,0.21211116,-0.11788442,0.17231691,-0.043359473,0.2779746,0.018671516,-0.0725403,0.27537763,0.31822318,-0.071561866,-0.1974152,0.08816756,-0.020231793,-0.39170602,0.2879108,0.24338476,-0.24100828,0.12045504,0.02428874,0.020727938,-0.016111305,-0.2701508,-0.24071126,0.11874981,0.11867137,-0.12291405,0.3924349,0.0052595646,-0.027962161,0.08500847,0.07225795,-0.11435558,0.121614166,0.27378395,-0.03795278,-0.28161868,0.07332091,-0.117241226,-0.23635031,0.23032854,-0.029404785,-0.093200326,-0.10660371,-0.10600755,-0.42658448,-0.13875213,-0.07765797,-0.1328958,0.83202916,-0.09618604,-1.5794761,-0.16713996,-0.15975001,1.2654932,0.39079794,0.04337266,0.4118192,-0.026746761,-0.11749951,0.47079378,0.036294207,0.15456443,0.19048154,0.07772344,0.07925878,-0.050608587,-0.23992215,-0.17350462,-0.2904024,0.079176225,0.21522953,0.035962705,-0.07856703,-0.54131985,-0.16100708,0.52172744,0.060047336,-0.2428855,-0.12029687,-1.0167389,-0.16138202,0.093526654,-0.041419722,-0.03830661,-0.14954202,-0.007307242,-0.082095444,0.03481197,-0.14503244,-0.4467986,0.11204654,-0.07725692,-0.18781474,0.17278102,-0.015432849
99,negative,0.02562268,0.025659643,0.20472883,-0.4563285,-0.060684994,0.08361918,0.03397097,0.0857393,-0.23652767,-0.33034658,0.058935124,-0.013134854,-0.14971538,0.06440468,0.05362271,-0.07999073,0.2146494,0.013719603,-0.3768771,0.22625183,0.085886404,-0.02587786,0.1461549,-0.026682584,0.23743153,0.06758148,-0.17952582,-0.22914247,0.15546842,0.01692595,0.1298083,0.16007029,0.0974765,0.07832114,0.006918306,0.19041285,-0.06831693,0.027649648,0.13539708,0.1865979,-0.110534,0.051455274,0.21329081,-0.14356896,-0.13672596,-0.061608773,-0.25987127,-0.3795222,-0.02410968,-0.29013646,-0.01857567,-0.12121696,-0.12236086,0.30141944,-0.0521031,-1.3564746,-0.1627951,0.06253712,0.3484618,0.16800977,-0.08769876,0.23420312,-0.04278804,-0.026820432,0.33373058,-0.27744249,0.24283984,0.4783573,-0.04956307,0.00056143926,-0.06982914,0.13107042,-0.20089091,-0.21265656,0.024356486,-0.09380251,-0.07579245,-0.0019686818,-0.34672138,0.07335695,0.37567708,-0.055237126,-0.23616819,-0.099887535,-0.4043516,-0.09142204,0.037236646,-0.11367091,-0.05186683,-0.4339715,0.048767198,-0.19443105,-0.14745268,0.35107374,-0.14092107,-0.0029215612,0.07512516,-0.22559221,0.03500545,-0.16359107
100,neutral,-0.10035239,0.057960432,0.16839992,0.075086586,0.15991217,-0.027616413,-0.12392025,-0.07067891,-0.118117325,0.14837152,0.07102908,-0.06288144,0.0437107,0.05603961,0.004727713,-0.18543407,0.09798884,-0.17154455,-0.4203936,-0.012671502,0.11485905,-0.14404978,0.25955808,-0.097740784,-0.08985331,0.020450123,-0.16670674,-0.08932659,0.44948983,0.07597912,0.21199839,0.38666487,0.10870643,-0.11784076,-0.22258872,0.11496971,0.09280063,0.060629476,-0.3615325,-0.24496002,-0.37121952,-0.05238445,0.46359286,-0.16312593,0.20386428,-0.19894853,0.12918484,-0.12032257,-0.07314628,-0.16283047,-0.27313885,0.09032067,0.13799495,0.75995404,-0.08605387,-1.296732,-0.20327021,0.19983153,0.9520283,0.23288842,-0.21616362,0.07974542,-0.07800544,-0.21024443,0.40626934,0.013756078,0.0365848,0.15327314,-0.06862347,0.1365422,0.16171953,-0.010082446,-0.37282813,-0.4572979,-0.24860767,-0.16201293,-0.011906646,0.23485622,-0.6854833,0.14578705,0.4940379,-0.107917234,-0.23035622,0.0377842,-0.5520693,-0.06517397,0.14865084,0.23828661,0.10646368,-0.71522075,0.25486386,-0.15333529,-0.2726852,0.27435058,-0.62353796,-0.15828548,-0.062052526,-0.3265687,0.052115932,-0.12098014
101,negative,0.075932756,0.25369424,0.55126673,0.004282228,-0.045634054,-0.019633666,-0.15257597,0.07661799,0.14182307,0.014001443,-0.08768541,0.06957888,0.16502021,0.11967976,-0.054311097,0.010065555,0.11531573,-0.13161394,-0.2159978,-0.023681996,0.30439663,-0.06543414,-0.016747478,-0.0626497,0.19811739,0.23698017,-0.16564158,-0.22061926,0.3435338,-0.04515256,-0.017437303,0.14325574,-0.050642002,0.005759332,-0.049225245,0.20297126,0.028745482,-0.0326177,-0.18077064,-0.11943497,-0.35494378,0.11760745,0.31320387,-0.18401517,0.069962114,-0.15460098,0.16991927,-0.09161853,0.015070615,-0.4182549,0.06343995,0.122561365,0.23717584,0.66261685,-0.21319444,-1.1722064,0.16280629,-0.21547051,0.9987443,0.1618589,-0.06252624,0.32563287,-0.1024664,-0.37541878,0.51258093,0.013584699,0.21809062,0.19201785,-0.25383496,-0.26392305,0.07343836,-0.10181647,-0.13639131,-0.29871944,0.09066562,0.4440154,-0.20160945,-0.1624573,-0.5483537,0.04557348,0.3654131,-0.040378604,-0.039243415,0.10311845,-0.7385234,-0.060017638,0.07727437,0.039569482,0.1941976,-0.19460343,-0.023734247,-0.02553932,-0.22729562,0.15690333,-0.4014572,0.036277916,0.054967005,-0.05778359,0.27607927,0.053320285
102,neutral,-0.0964306,0.21114679,0.28475982,-0.24406253,-0.07738904,0.089672565,-0.20124255,-0.088007055,-0.08655579,-0.10283679,0.31197512,-0.079621896,0.046041332,0.010732238,0.02780691,0.0997819,-0.21138698,-0.14305916,-0.11625749,-0.06376256,0.24908301,-0.012555725,0.061011456,0.015604418,0.14581032,-0.042473402,-0.09727365,-0.1208704,0.09958945,-0.018207783,0.037112974,0.34112558,-0.1512041,0.07814071,0.039187893,0.042571373,-0.15935943,-0.074543096,0.03827553,-0.25102195,-0.06917605,-0.27016267,-0.22306477,-0.3406137,-0.06893349,-0.27769694,0.17961346,0.01017062,0.080850035,-0.5830911,0.07572378,0.029041974,0.031645246,0.57138944,-0.06590432,-1.5701098,-0.012073561,0.16235177,0.7674864,0.244096,-0.086877294,0.521384,-0.31206107,-0.056140985,0.36421368,-0.032810368,0.19559151,0.046838332,-0.015400411,-0.2064811,-0.17347912,0.03184285,0.053282037,-0.07860899,0.031266876,0.10839349,0.06787383,-0.108885355,-0.25147048,-0.27238837,0.31756732,-0.18890068,-0.3208533,-0.2876753,-0.67067206,-0.13803983,0.041196108,-0.09295185,-0.050115395,0.031263303,0.051115993,0.22424741,-0.24205054,-0.13973005,-0.35077217,-0.019665169,-0.24769098,0.06411991,0.32758093,0.024675863
103,neutral,-0.038721126,0.14024943,0.42494357,-0.1730365,-0.23709206,-0.042800758,-0.07446533,-0.118497476,-0.04010178,-0.032549154,0.092870675,0.08257399,0.15575771,0.003828957,-0.06960591,-0.14614262,0.032237917,0.05484221,-0.3948336,0.41625518,0.17029136,-0.14612211,0.1910303,-0.060986068,0.081091784,0.032917097,-0.11389623,-0.36707613,0.28025132,-0.06827819,-0.04401297,0.4839363,-0.05471985,0.029348314,0.10938875,0.1466705,-0.13842392,0.14095105,0.10578849,-0.09118997,-0.28163302,0.047562286,0.09369844,-0.34197798,-0.21880068,-0.12149417,-0.07339956,-0.076374434,-0.14282838,-0.61115503,-0.016948624,-0.24623047,0.1305857,0.63870734,-0.10136669,-1.4015385,-0.06810529,0.016136363,0.7114383,0.16005406,-0.10630558,0.3006951,-0.19986625,-0.011365876,0.50718796,-0.058429956,0.2794306,0.41729304,-0.07886726,0.011639461,-0.034819074,-0.030027287,-0.22093138,-0.31243646,0.02263343,0.084379174,-0.1136365,-0.10323518,-0.35878238,-0.18382001,0.36469144,-0.08279792,-0.172409,-0.20530881,-0.7339384,-0.10414435,-0.08107613,0.0047779907,-0.013611828,-0.33972132,-0.024330867,-0.11642263,0.013708122,-0.07007951,-0.3185306,0.19421716,0.110784665,-0.24967936,0.029274004,0.08540333
104,negative,-0.23518524,0.34944904,0.12913509,0.004777781,-0.13821621,-0.033006527,-0.004032903,0.07165828,-0.087694764,-0.17191352,0.35822636,0.04492349,0.028062489,0.013533715,0.08024682,-0.021588942,0.05806527,0.11324132,-0.12648882,0.04523509,0.1581777,-0.16323319,-0.27590874,-0.29202047,0.2859591,-0.042112965,0.09008851,-0.054091625,0.122221276,0.0523881,-0.057323236,0.026620138,0.014435141,0.077389464,-0.07174095,0.1238474,-0.08249733,-0.056699093,-0.06703167,-0.21495937,-0.20274296,-0.09958294,0.038146585,-0.107235655,-0.15358388,-0.3880315,-0.11239264,-0.062182635,-0.06360044,-0.50431496,0.0012300927,-0.14639157,0.2371082,0.6276939,-0.36375165,-1.4465587,0.01469985,-0.09168297,1.160643,0.09039701,-0.41880664,0.8648891,-0.507929,-0.04162183,0.5022279,-0.0103710415,0.19267705,0.14114144,-0.109152034,-0.24716656,0.18489362,0.058808845,-0.044944283,-0.107852444,0.3099587,0.24092242,-0.09831558,-0.067487836,-0.39217588,0.12561817,0.42716044,0.052936807,-0.027810005,-0.012346554,-0.6992711,-0.090101235,-0.11796659,-0.07682527,-0.023361469,0.1304447,0.08319165,-0.20457125,-0.17804113,0.23810098,-0.22539999,-0.14036569,-0.10541619,-0.15909964,0.45191064,0.3179156
105,neutral,-0.08600605,0.2696873,0.4419567,-0.0044071614,0.19289586,-0.13619582,0.12259227,-0.03808539,-0.117788956,-0.0035526217,0.254617,-0.017098593,0.10076978,-0.005652307,-0.20526794,-0.1988102,0.098369785,-0.23157355,-0.18084522,0.19820227,0.34457073,-0.07771796,0.056684464,-0.034418836,0.22375081,-0.0831945,0.08314155,-0.33630657,-0.11428145,-0.06684478,0.1590779,0.23328443,-0.26991153,-0.117793,0.14009863,0.11581453,0.20405796,0.10100311,-0.19280508,-0.005583241,-0.32351586,-0.26805326,0.07643866,-0.17542326,-0.028379356,-0.2694858,0.13953468,-0.1168419,-0.09467431,-0.5477416,0.022028498,-0.112685956,0.16283038,0.5955215,-0.17497076,-1.9102365,-0.17943564,-0.12343824,1.4019583,0.3179139,-0.11894429,0.29856682,-0.33737183,-0.120640755,0.5227063,0.0065421327,-0.07073288,0.38133517,0.1111857,-0.23521057,0.09643929,-0.018389175,-0.24426161,-0.32165754,0.034083977,-0.099798836,-0.1456593,-0.11209826,-0.76097655,-0.19019839,0.5051646,0.06741515,-0.098006815,-0.012515369,-0.7935436,-0.030417835,-0.103047326,-0.14474167,0.075902015,-0.17025705,0.076651044,-0.16926788,-0.32793754,-0.09647532,-0.58366215,0.26684675,-0.15678114,0.008175792,0.63278437,0.28320146
106,neutral,-0.18594341,0.08030189,0.3345323,-0.108895406,0.13497074,0.113648385,-0.43568012,-0.03374385,-0.120267116,0.57055575,0.102419004,-0.18011525,0.4417243,0.37856486,-0.15038805,-0.025957055,-0.2181155,-0.5214258,-0.6696148,0.362965,0.34037697,-0.26851237,0.29487604,0.00390895,-0.24288477,0.13496311,-0.08530301,-0.0005231526,0.5304417,-0.009588825,-0.07766925,0.09777449,-0.00592852,0.006344408,0.004923051,-0.04492052,-0.07120708,0.046280984,-0.03188928,0.17168295,-0.6237476,0.20665859,0.42447373,-0.4135991,0.2167475,-0.42889503,0.17501973,-0.14180058,-0.15552555,-0.67383265,0.0666405,0.47100234,0.33528078,1.1920583,-0.3482815,-1.659017,-0.46019143,-0.3139815,1.4191291,0.19814685,-0.24497253,-0.01411555,0.18912047,-0.34157217,0.47338977,0.4499636,-0.12125094,0.4879369,-0.2495114,0.12635703,0.18561402,-0.6464364,0.0078088297,-0.55077815,0.13437714,0.31936145,0.1447466,-0.014436217,-0.7260862,0.35776973,1.0250608,0.21552554,-0.37886,-0.059400797,-1.0035615,-0.15056098,0.017229121,0.059292797,-0.16579656,-0.3522815,-0.09508007,-0.035507366,-0.09249107,-0.3065862,-0.582045,0.11694305,0.025981959,0.011159135,0.3411057,-0.1718113
107,neutral,0.14049484,0.022302445,-0.060422003,0.042876426,-0.16137564,-0.088627696,0.17691037,0.040924102,-0.1866584,-0.40539363,-0.27552217,-0.17656557,-0.33471847,0.48698348,-0.019782642,0.09602803,0.38310567,-0.03758499,-0.19397688,-0.00423576,0.05825849,0.19341671,0.3453503,-0.039267607,0.2412519,0.12418126,-0.09370541,-0.1575201,0.16930526,0.14681485,0.08990235,0.16445841,0.24918038,-0.19714276,-0.013378732,0.25194293,0.115129195,0.2292914,0.34351707,-0.32708207,-0.008726235,-0.14346333,-0.13371275,-0.04039779,0.05933158,-0.08927944,-0.28961805,-0.3032133,0.084581524,-0.39649606,-0.1560352,-0.0528328,-0.29382566,0.23304729,-0.26692536,-1.0075276,-0.4981105,0.01488269,0.353876,0.23539889,0.037535794,0.18927382,-0.0010107855,-0.058447085,0.06854462,-0.48138285,0.36696345,0.3403167,0.22395359,-0.13304926,0.11992348,0.21186514,0.18575741,-0.1318265,0.026489658,-0.08216998,-0.060295817,-0.16596723,-0.33024216,0.21294747,0.17012899,-0.11068164,-0.37209937,0.009181842,-0.4765489,-0.03828714,-0.15070125,-0.32935,0.085352585,-0.16824478,0.32031885,-0.23907183,-0.15761878,0.23254909,-0.17112558,-0.21930051,0.05662816,-0.25031695,-0.040462177,0.3881038
108,neutral,-0.50747097,0.015497523,-0.10515663,-0.005539393,-0.012960851,0.0153651545,0.19624104,0.08285418,-0.14105469,0.50570244,0.25051644,-0.14524402,0.34320325,0.25460818,-0.021816464,0.034040492,0.05733555,-0.33415514,-0.4889791,0.10913846,0.4271455,-0.32923326,0.12092228,-0.10431615,-0.15035526,-0.05641551,-0.16210163,0.08524296,0.26176044,0.06931587,-0.1415223,-0.07465771,-0.22986808,-0.049021907,0.26421997,0.08727662,0.056758743,0.16141881,0.16594498,0.07798181,-0.3510793,-0.02280727,0.3750079,-0.043842915,0.46394157,-0.08070893,-0.07663419,-0.083968416,-0.06719421,-0.3105973,-0.11862769,0.19098948,0.0031739709,0.99310446,-0.1718367,-1.3912774,0.092959344,-0.28994116,1.4836978,0.4760138,-0.03392882,0.6549186,0.13082822,0.062273245,0.525805,-0.040000528,-0.32409453,0.1728171,-0.07072109,0.46655482,0.17809126,-0.810805,-0.3252906,-0.21824017,0.16965087,0.24166091,-0.18964039,0.24304575,-0.7619091,0.1129999,0.6076635,-0.18279229,-0.06832511,0.20816746,-0.76237845,0.056103695,0.34021506,-0.07113953,0.061669696,-0.06572733,0.059482615,-0.028436085,-0.12853499,0.15224539,-0.48403612,0.14082368,0.01591474,-0.011754157,0.21769044,-0.0018465718
109,neutral,0.16703758,0.006466854,0.33989912,-0.37208375,0.045733012,0.073967904,0.045746412,-0.027682966,-0.25753817,-0.14465165,0.017439056,0.086036734,-0.1605324,0.09561052,0.15880038,-0.2668305,0.26963785,0.29423288,-0.12530598,0.21760364,0.28583154,0.10417484,-0.052798964,0.19057325,0.4993445,0.36412632,-0.4354823,-0.42687204,0.5970531,-0.1860955,0.1758804,0.57522416,0.29424667,0.21782045,0.19017886,-0.023922658,-0.08699321,0.06296857,0.19471227,-0.07804593,-0.15313786,-0.12006225,0.24222545,-0.17165446,-0.10779949,-0.06896861,0.2758875,-0.118549615,-0.43902493,0.17537709,-0.19342794,0.4199093,-0.30155823,0.43211952,-0.23092835,-1.6651881,-0.29866982,0.20472986,1.1716971,0.45728523,0.053736616,0.7303125,-0.22193256,-0.02902845,0.33219236,-0.048712585,-0.001645346,0.14101833,0.09875611,0.22203274,0.31085348,0.1019763,-0.16073504,-0.7654019,0.14545609,-0.1790295,-0.36063528,0.3022754,-0.5188219,0.11122161,0.12226376,-0.038502607,-0.67011774,0.18946563,-0.37335432,-0.108197674,-0.21670714,-0.070357524,0.14657666,-0.5223764,-0.26875556,-0.4739465,-3.6968622e-06,0.18696702,-0.37400997,0.2850364,-0.39344737,-0.30446813,0.30131152,-0.026835449
110,neutral,-0.18478681,0.25593275,0.32243332,0.0047060326,-0.07553452,-0.1859033,-0.079343915,-0.08968883,-0.095007755,0.023252992,-0.047102083,-0.050041042,0.059340585,-0.097326845,0.11484753,-0.19030368,0.07953536,0.016148135,-0.20990232,-0.02301715,0.13158655,0.09009931,0.0012602762,-0.14895222,-0.07434967,-0.028230844,-0.16216148,-0.19245633,-0.0525679,-0.0924833,-0.062477607,0.22562364,-0.20037524,-0.06598663,-0.12761787,0.00995597,-0.048933942,0.006900889,-0.062299065,-0.2508745,-0.37055996,-0.16466159,0.065165885,-0.16008532,-0.064915895,-0.058896355,0.2673185,-0.060353916,-0.23795296,-0.6547551,0.036684107,-0.068296544,0.018072344,0.79681444,0.00034951023,-1.7396669,0.12828743,-0.07627151,1.2951336,0.35607764,-0.18785615,0.5331097,-0.26953346,-0.08240836,0.5217746,0.02436502,0.028212573,0.09449931,0.28543353,-0.10790881,0.046085246,-0.008963716,-0.12973936,-0.26465896,-0.028439913,-0.017057795,-0.19062383,0.08224932,-0.65219694,0.085932545,0.42787394,0.057427797,-0.38147873,0.065428354,-0.9769941,0.020623758,-0.009083992,-0.13142872,-0.17242822,-0.2792806,0.2663494,-0.036670253,-0.1621631,0.027356023,-0.27698833,-0.021418894,-0.037650734,-0.210347,0.284533,0.095207356
111,neutral,-0.24242266,0.077416204,0.20436467,-0.104824185,-0.046826545,-0.15510678,-0.034767922,-0.13421528,0.13163593,0.16869986,-0.049818333,0.0267713,0.119625844,-0.18193412,0.04738749,-0.18685196,0.039180994,0.031535957,-0.17440365,0.10717483,0.24115327,-0.13662426,0.18764181,-0.20868972,-0.027246455,-0.10219464,-0.08191459,-0.21879691,0.0791191,-0.06920911,0.045450747,0.3631002,-0.21587898,-0.10405996,0.021233672,-0.06429207,0.15823567,0.088349596,-0.11693245,-0.11681603,-0.41211632,-0.013243101,0.14077018,-0.22490221,-0.056859825,-0.28833586,0.2833137,-0.1378156,-0.1606673,-0.50112754,0.16685213,-0.070733346,0.12613215,0.77545136,0.18740924,-1.7503978,0.17508231,-0.022404274,1.0190381,0.37643948,-0.03687615,0.3387874,-0.22910859,-0.111431,0.6154087,0.18508796,0.2589319,0.20918368,0.04468295,0.011468486,0.16280726,-0.15992343,-0.20410413,-0.22236165,0.022479206,-0.10514045,-0.15313818,-0.040501233,-0.6679354,0.09772694,0.46469274,0.029497208,-0.3677462,0.0535082,-0.9443574,0.10274678,0.18024011,0.0449045,-0.04185725,-0.37574384,0.05298968,0.022822926,0.032580525,-0.050773002,-0.18526517,0.13537484,0.026298735,-0.20174551,0.3155495,0.21377629
112,neutral,-0.19560461,0.24114044,0.10829262,-0.010838268,-0.0027470398,0.06612077,-0.07567594,-0.33391306,-0.034650978,0.43821198,-0.013688516,-0.123425275,0.18756963,0.07906956,-0.051379237,0.033720672,-0.10419671,-0.15569815,-0.2470188,0.009950597,0.3811668,-0.2747881,0.1743209,-0.18828109,-0.046055943,0.05315651,-0.19078015,-0.31654692,0.18359086,-0.015901148,0.012529668,0.23258479,-0.15327474,-0.11586785,0.2246871,-0.010891362,-0.03983046,-0.18406045,0.1507802,-0.07223484,-0.24153955,-0.01675506,0.09228547,-0.18859191,0.059460443,-0.1900596,0.19563645,0.071829535,-0.17738287,-0.37426424,0.06269823,0.092646606,0.08233298,0.89926475,0.15586609,-1.5599643,0.043946497,-0.06798614,1.2126477,0.39013585,-0.03315001,0.4260283,-0.0029634298,-0.23829275,0.6331225,0.1434655,0.19420853,0.107934125,0.09313671,0.1139278,0.1456999,-0.35202,-0.25428972,-0.11561672,-0.0014460785,-0.2202775,-0.0617272,0.03226499,-0.6479173,0.10929,0.5443501,-0.056613255,-0.22014636,0.08905249,-0.9752773,0.1835364,0.02607505,0.023145622,-0.14779359,-0.24753839,0.02293895,-0.08888214,-0.11549681,0.20675245,-0.27852783,-0.19240755,-0.09013801,-0.24965642,0.3938782,0.1798854
113,negative,-0.0427389,0.22285159,0.11796035,-0.19515714,-0.023669314,0.21035726,-0.086266436,0.1738301,-0.08396028,0.26730776,0.02366139,-0.0074356017,0.2459503,0.30993596,-0.029162511,-0.16432731,0.10679496,0.014642029,-0.42468828,0.23925123,0.35740775,-0.2907933,0.108117945,-0.03484858,-0.019454304,0.0013803012,-0.30769855,-0.3006448,0.15098281,0.07521129,-0.13082924,0.36500496,-0.048328113,0.005164684,0.108575776,0.061270658,-0.17034134,0.12126932,0.27311194,0.038866196,-0.3243021,0.032038465,-0.09607601,-0.23848829,0.2573537,-0.05028803,-0.097854495,-0.18481383,-0.14825721,-0.4613618,-0.10899977,-0.08657041,-0.10785956,0.85730183,-0.10771829,-1.7045996,-0.1879572,-0.1554031,1.4074615,0.39825144,-0.011595954,0.47512478,0.017055819,-0.10648704,0.49545154,0.017861145,0.18916407,0.17771938,0.0077412133,0.05422001,-0.038964935,-0.2881667,-0.2204127,-0.27696985,0.104304105,0.23216456,0.013364443,-0.019134074,-0.5436395,-0.13526307,0.6175573,0.06331808,-0.3184533,-0.14627713,-1.0281221,-0.21011779,0.15671031,-0.049414936,-0.07663416,-0.13887662,0.013336032,-0.10653742,-0.008251519,-0.16968992,-0.44580293,0.077407055,-0.09427695,-0.18854547,0.17606643,-0.013347674
114,negative,-0.030043157,0.10120754,0.34526035,-0.23237564,0.16613685,0.3389817,-0.08776374,0.061454535,0.13765025,-0.018502774,0.1386091,-0.09115884,0.085106306,0.030218853,0.17290199,0.15445925,0.16190428,-0.054937236,-0.20723577,0.21760717,0.29946977,-0.060721483,0.07091651,-0.13357721,0.19075854,-0.029288873,-0.14991108,-0.23940031,0.16953462,-0.16056825,0.24397725,0.3475637,-0.059795585,0.15648396,0.10754557,0.20023654,-0.14956915,0.017827794,0.06570612,-0.15075849,-0.17409779,0.021849923,-0.03931131,-0.020415982,-0.036532283,-0.009910887,0.0075753685,-0.34931424,0.09140631,-0.57603174,0.13780244,-0.08505545,0.11361436,0.6982552,-0.074579775,-1.9800079,-0.16206282,0.030984988,1.2314231,0.18930863,-0.16860071,0.7479915,-0.10649819,-0.18158145,0.6775098,-0.09285786,0.5519868,0.21425225,-0.07030742,0.024321161,0.032943975,-0.11672151,-0.18239963,-0.108390085,-0.020402074,0.022251924,-0.123617314,-0.0016204872,-0.44570166,-0.04189158,0.38406494,-0.057014544,-0.06949723,0.11536241,-1.1565696,-0.0920616,0.057666022,-0.20496252,-0.02821885,-0.19100368,-0.049227092,0.06355615,0.058876738,0.004665454,-0.19123043,-0.17121519,-0.06589651,-0.154987,0.37081373,0.065818615
115,neutral,-0.024965746,0.16379969,0.6788226,-0.07815942,-0.4283412,-0.027852261,-0.10472895,-0.21990699,0.2753826,0.04718222,0.14043155,0.387433,0.36973926,-0.069628246,0.104711115,-0.105808236,0.10177629,0.4170956,-0.40164378,0.583904,0.05638491,-0.25474936,-0.20229663,-0.5187794,-0.26626706,-0.0023074658,0.2412325,-0.508819,0.16741934,0.05555828,0.08625872,0.4140353,-0.07525306,0.09152171,0.120886154,0.10795385,-0.3004444,-0.06664155,0.07844698,-0.3522845,-0.4459229,0.14392701,0.16696592,-0.3266344,-0.27768326,-0.18221764,0.36085516,-0.40414953,-0.33901352,-0.9977427,0.6225584,0.092470035,0.2958193,0.5944332,0.035212323,-1.8924772,0.0507877,0.1303675,1.1603327,0.12998861,-0.25988021,0.5991977,-0.33844835,-0.15188666,0.7421532,0.14777295,0.33854166,0.50323695,-0.31046978,0.014396182,0.03747715,-0.23590027,-0.14877906,-0.57839155,0.49091,0.009606385,0.09894945,-0.46137503,-0.78768367,-0.061572526,0.124704,-0.0023147722,-0.30439252,-0.07028584,-0.9551535,-0.48850748,0.11653417,0.14390999,-0.19872405,-0.09884251,0.088961095,-0.15583351,0.10840859,-0.15010446,-0.387042,-0.115146644,-0.4177519,-0.1477481,0.1253105,0.3265442
116,negative,-0.20466487,0.24688023,0.13706663,0.16924231,0.11170333,-0.26966685,-0.26209056,-0.05385911,0.007960466,0.49688706,-0.089847945,-0.13598388,0.30476883,-0.112016544,0.13445108,0.056937203,-0.3380772,-0.27660534,-0.43250296,0.10610518,0.32381585,-0.1384178,0.19058341,-0.2017479,-0.04156347,-0.139287,-0.07233503,-0.022354119,0.219631,-0.093517214,0.11958945,0.081772946,-0.062173564,0.08105442,-0.025551163,0.082186945,0.16672923,-0.018041521,-0.26453763,0.19728811,-0.4371928,-0.08234169,0.3330981,-0.057736065,0.24837293,-0.29826447,0.45730895,0.123323575,-0.046700567,-0.31894237,0.3586053,0.121596955,0.16538228,1.0551893,-0.12047846,-1.8241704,0.04165099,-0.28583437,1.429139,0.24931885,-0.105745725,0.39602086,-0.053329043,-0.15156448,0.49648172,0.08723554,-0.19005509,0.08859852,0.0134428395,0.13476168,0.2812885,-0.4529887,-0.255067,-0.33251548,0.20606264,-0.116349824,0.009275127,0.036521588,-0.78873324,0.04148548,0.7979416,0.13313308,-0.19897872,-0.15769355,-0.9636635,0.045688484,0.08974331,0.006921985,-0.018293614,-0.11549608,0.12323026,0.146217,-0.31217834,-0.12848763,-0.5569649,0.14285013,0.09883457,-0.115123644,0.68529576,0.30004144
117,neutral,-0.12640499,0.13941301,0.32613134,-0.2096198,-0.03637654,-0.12912174,0.001376591,0.17957164,0.009553056,0.07877201,0.1561017,-0.087728836,-0.016596327,-0.11575268,-0.044964872,-0.2464657,0.0025156825,0.1202692,0.030610772,0.13368282,0.3601976,-0.027422024,-0.06776753,-0.04703499,0.20388204,-0.020101782,-0.22061606,-0.3361463,0.25228837,0.052640107,0.0409049,0.28865385,-0.010030661,0.119020924,-0.04024666,0.30551356,0.07918737,0.036410555,0.12786755,-0.24838842,0.16137272,-0.1991888,-0.097164296,-0.20577031,-0.06687491,0.109131455,-0.056035977,-0.20924968,-0.16818103,-0.6754599,-0.014884657,-0.023350155,-0.10639938,0.7118489,-0.09364232,-1.3583707,-0.14155911,0.14358886,1.0391682,0.24430391,0.13551524,0.3182626,-0.20837425,0.123312876,0.43455437,0.17264776,0.36407593,-0.16780004,0.27953708,-0.08722746,0.05596613,-0.1569027,0.0089428,0.0063996403,0.00040410526,0.14372031,0.22703093,-0.14339079,-0.39238307,-0.120994,0.2859123,0.019404512,-0.14602344,-0.13036251,-0.5674059,-0.30385152,0.042094614,-0.3393562,-0.22880387,-0.15678617,-0.06893039,0.067564934,-0.031053875,-0.030597989,-0.35841158,-0.022673529,-0.025370348,-0.14706925,0.49967536,-0.12805071
118,neutral,-0.23557806,0.052724414,0.18956575,0.10508942,-0.02680008,0.043892585,-0.1403439,0.060754176,0.14917426,-0.07857365,-0.11905106,0.09640056,0.03171325,0.15377614,-0.05131729,0.04997945,-0.02391688,-0.21583104,-0.20126714,-0.038494222,0.1221458,-0.15157366,-0.06350873,0.029674472,0.03205124,-0.063815475,0.083135195,-0.12985806,0.26284397,-0.19793907,-0.27688876,0.078689456,-0.0074038715,0.028232088,-0.027902603,0.20973645,0.17820355,-0.00928973,-0.115700245,-0.17228143,-0.38007027,0.04990802,0.0908703,-0.1445942,-0.11743188,-0.12369242,-0.11818777,-0.0073744375,-0.114722535,-0.34122935,-0.0726082,0.057875473,-0.05299716,0.5057563,-0.18563455,-1.0165439,0.0036107108,-0.16489752,0.6361685,0.016590877,-0.16460146,0.13395107,-0.13835879,-0.38304868,0.45527807,0.042323563,0.029896567,0.3119991,-0.18047695,-0.0035950074,0.16693635,-0.17501867,-0.3419194,-0.59572524,-0.071158275,0.09557908,-0.094546594,0.074913435,-0.41544104,-0.1705988,0.15053494,-0.23146762,0.17983587,0.030048868,-0.77952814,0.09222251,-0.05419115,0.13573284,-0.06791128,-0.308609,0.079666115,0.06193529,-0.21652955,0.20016606,-0.008567529,-0.015770007,0.08950004,-0.10831711,0.256518,0.23137672
119,neutral,-0.1851432,0.41423017,-0.23619573,0.3420144,-0.026441205,-0.40240622,-0.17227247,-0.06424542,-0.112048276,0.3643152,-0.20403382,-0.3845423,0.007324965,-0.16680819,0.09762917,-0.30901808,0.32298848,-0.07889775,-0.38980535,-0.049504764,0.058652833,0.043850254,0.33909008,-0.06607139,0.4525382,0.27697736,-0.07684268,-0.3460753,-0.08508013,0.19105586,-0.40511075,0.4217133,-0.38464597,-0.14274335,-0.11851938,0.19685346,0.50567764,0.08857753,-0.40011597,-0.13153018,-0.23057158,-0.4289371,-0.12673502,-0.055207424,0.30950072,-0.045075927,0.23546843,-0.124988765,0.05478714,-0.7041292,-0.13151418,0.17873931,-0.17792083,1.0505772,-0.0011686541,-2.121896,-0.079861455,-0.31882265,1.8515357,0.18552107,-0.17382997,0.40058607,-0.3142869,-0.036368776,0.59853464,-0.031833515,-0.07373504,0.36273068,0.37652627,0.006993875,0.5710624,-0.43440673,-0.16368069,-0.4924195,0.05659431,-0.22692202,-0.46868232,0.15733103,-0.6551285,-0.116382174,0.8574863,-0.033028383,-0.07275622,0.4199461,-0.979432,0.10576308,-0.047930334,-0.061525706,0.3020391,-0.030520447,-0.33429843,0.3660142,-0.16803539,-0.39932427,-0.46134812,0.15681516,0.20346951,-0.058123074,0.56842846,0.32082564
120,negative,-0.10954738,0.31072336,0.26468307,-0.16019139,-0.006190761,-0.010035383,-0.06608039,-0.020778323,-0.030790599,-0.024728162,-0.019800855,0.047261484,-0.024030514,0.047236387,0.0844146,-0.021366082,0.2075173,0.013899676,-0.17495637,0.003849115,0.08725534,-0.102288075,0.083641365,0.03662944,-0.05114231,-0.03286219,-0.2072656,-0.18257141,0.11819632,-0.10405235,-0.006417374,0.12997493,0.0075001526,-0.038248837,-0.04078622,0.15842833,-0.041561317,0.030584587,-0.006741294,0.08222629,-0.3908802,-0.29011962,-0.13786297,-0.10529565,-0.07971285,-0.13685091,0.08587394,-0.046740588,-0.23324898,-0.41541776,-0.060697697,-0.081410594,0.12498756,0.6260881,-0.091865376,-1.6321819,0.024758523,-0.05470763,1.0968676,0.2740223,-0.12474756,0.24884918,-0.10143576,-0.12330585,0.70483714,0.14990094,0.08576183,0.015699271,0.15978119,-0.15938003,0.0896808,-0.06312188,-0.32915223,-0.31470525,-0.15619972,0.0017180927,-0.019996772,0.10993306,-0.5334904,0.08408245,0.25907585,0.004062672,-0.010891147,-0.065286025,-0.65395504,-0.074167415,-0.24042933,-0.12579769,0.16803476,-0.2736228,0.019153839,-0.050433993,-0.014632679,0.060626525,-0.09743308,0.07235513,-0.045503423,-0.042710833,0.476279,0.11832225
121,neutral,-0.098746344,-0.013311455,0.28869182,-0.37613088,0.06934755,-0.075473554,-0.07369732,-0.07966123,-0.15644951,0.049432356,0.07960102,0.01254337,-0.06645848,-0.002285899,0.03327984,-0.076557726,0.0458738,-0.23772041,-0.3989843,0.07019441,0.24297383,-0.14928532,0.19931395,0.021797637,0.07020846,0.08611045,0.039644,-0.22635277,0.12682387,0.09515397,-0.05315088,0.16357425,-0.10524735,0.2550752,-0.035395123,0.032413296,-0.05658807,0.0011910332,-0.02841232,-0.1259364,-0.70666903,0.047576904,0.1456814,0.08384865,0.20889977,-0.13060582,0.0035900008,-0.30841058,0.035363793,-0.22841574,0.2908696,0.038802117,0.022156248,0.62271005,-0.101087496,-1.7552729,-0.087499134,-0.20541602,1.182348,0.36514702,-0.16182706,0.47376645,-0.089770295,-0.31827977,0.59129333,-0.13759089,0.07155321,0.268552,-0.22085017,0.084756285,0.048284583,-0.044316977,-0.2901096,-0.2715167,-0.018611081,0.011771652,0.16947997,0.060226392,-0.7048496,0.111987695,0.5629665,-0.10843182,-0.08057375,0.046252757,-0.86285233,-0.0726952,0.03564216,-0.011010775,-0.17657821,-0.41067868,0.07379353,0.0012293747,-0.0689474,0.10688971,-0.23903166,0.42494017,0.056626674,-0.05614747,0.29646757,-0.037655976
122,neutral,0.09189914,0.12396382,-0.26927087,-0.3596667,0.73398846,0.084896445,-0.34606826,0.07211217,-0.4310235,-0.059405547,-0.20289607,-0.37122485,0.36362532,0.06714632,0.15414038,0.48710045,-0.027978186,-0.014038732,0.22693907,-0.29397652,0.09316085,-0.008562396,0.30809158,-0.67093253,0.57246983,-0.104000635,0.23896104,0.055588525,-0.09230289,0.05944416,-0.10417119,0.33002257,-0.15586087,0.14458442,-0.20102443,0.28199032,0.0064496137,0.09897667,-0.10857117,-0.26534462,-0.123170905,-0.47622848,-0.27636045,0.025297726,0.04599478,-0.07763705,0.18556829,0.17288503,0.3923691,-0.061829202,0.1160067,-0.29720277,0.39929762,0.6419349,-0.31106836,-2.2610247,-0.20515633,0.1318784,0.7261888,0.044647407,-0.12491564,0.9807086,-0.6033806,0.010989549,0.7662262,-0.09835464,0.44211861,0.13826089,0.16483606,-0.007797548,0.1040284,-0.09399975,-0.29903316,-0.3951751,-0.021040343,-0.06327731,0.3868909,-0.03173357,-0.518513,-0.2713543,0.16469114,-0.027241543,0.35477075,-0.098232895,-0.70796996,-0.3866139,-0.27955222,-0.028652856,0.33450565,-0.17160292,0.4201953,-0.168945,0.4869134,0.038814973,-0.51610565,0.10587068,-0.35056442,-0.2000594,0.23046345,0.16117682
123,negative,-0.16764933,-0.028221607,0.28618035,-0.21605125,-0.13653757,-0.31175604,-0.21673866,0.054644953,-0.08694139,0.023480875,-0.017836258,-0.04757614,0.04375258,0.016501224,0.13677792,-0.069200225,-0.023457872,0.009367599,-0.24665383,-0.12459086,0.16294019,-0.05097808,-0.20994827,-0.07117501,-0.07130408,0.19433644,-0.12177953,-0.10048565,0.12774576,0.014859805,0.07668896,0.3544944,-0.23757492,-0.051451508,-0.24652268,0.20832863,0.040125795,-0.034400024,0.093979895,-0.14369206,-0.15726978,-0.37106112,0.05720402,-0.161697,0.020658653,0.1263028,-0.010359434,-0.037665334,-0.17059082,-0.5478823,0.12893336,0.12342078,0.07135171,0.67674774,0.00211769,-1.5132836,0.1319878,-0.2498523,0.7518612,0.158508,0.13478407,0.21372698,0.044987872,0.017996563,0.48345715,0.02572407,0.33707538,0.24858993,-0.015974868,-0.11375359,0.17327312,-0.032440543,-0.03973209,-0.27644587,-0.07133504,0.024448289,-0.07077915,0.21905941,-0.406756,0.044771597,0.61400163,-0.05896628,-0.25550866,-0.020422228,-0.50915396,-0.38623488,0.00033227593,0.23528779,0.041379936,-0.3715269,0.008511702,0.036247592,-0.19901079,-0.07635105,-0.35422325,0.14447482,0.23748253,-0.06795512,0.13603455,0.1451814
124,negative,-0.27991733,0.25977054,0.3127154,-0.14037368,-0.20404056,0.21192895,-0.29753935,-0.06615609,-0.011073868,-0.11915555,0.06169784,-0.05250387,0.14684018,0.21542393,-0.048648134,-0.25733626,0.27317134,0.21017109,-0.47514197,0.10895558,0.056447167,-0.07808757,0.17763767,-0.18041447,-0.13260646,-0.0379864,-0.15723981,-0.42305267,0.109278776,-0.23360534,0.017314453,0.5500543,-0.11026461,-0.116308615,-0.03268274,0.36922848,-0.06281089,0.12908451,0.0780212,-0.06332301,-0.34486702,-0.100618295,0.009048424,-0.3252928,-0.4152078,-0.21069379,0.033903502,-0.13204122,-0.11074671,-0.530673,0.28502846,-0.12409888,0.058147773,0.7136291,0.0059014773,-1.5447043,0.07088872,-0.040650096,1.0448536,0.4673117,-0.06819828,0.51173484,-0.057163883,-0.2002813,0.66162926,-0.0780462,0.616324,0.40420535,0.05529492,-0.017903304,-0.12700528,-0.03994144,-0.049245406,-0.3220004,-0.008716175,-0.03723291,-0.23844373,0.121543206,-0.4914438,0.11721216,0.352664,-0.02922923,-0.29787797,-0.26610982,-1.2229625,-0.19220003,-0.23550986,-0.017568294,-0.025350196,-0.47792366,0.07556888,-0.20397781,-0.051156636,-0.061144345,-0.20472261,0.08971397,-0.19534485,-0.42746475,0.18320125,0.17870727
125,neutral,-0.2010214,0.4667566,0.50696254,-0.26058707,-0.37220454,0.3523895,-0.45431042,0.31972766,0.3046854,-0.38862517,0.15828158,0.16645917,0.20150821,-0.05506828,-0.37150937,-0.35381517,-0.09884823,0.46832696,-0.7979427,0.36776933,-0.052453604,-0.20243306,0.0046837837,-0.6178777,-0.36910972,-0.053559333,-0.1812012,-0.3263891,0.7695676,-0.13237137,0.09848984,0.74040556,0.002642672,0.4606433,0.18860771,0.5738254,0.026428476,-0.054705553,0.47027692,-0.50906265,-0.59995633,0.04072198,-0.10961739,-0.36813602,-0.7503995,-0.4899709,-0.030197337,-0.32229337,-0.11340924,-0.9865632,0.37262285,-0.018430125,-0.037471574,0.8586682,0.063016556,-1.4785111,0.15701503,-0.08990482,1.3165752,0.24416086,0.05642672,0.6658667,-0.48283276,-0.6502862,0.75428677,0.29917064,0.4121994,0.6704477,-0.2933305,-0.4005724,0.22691995,-0.38302118,0.1795432,-0.68894124,-0.13390939,0.07786333,-0.19797559,-0.103464775,-0.24964608,-0.42424494,0.73815393,-0.2821488,-0.44941792,-0.06675899,-1.6929086,-0.1920783,0.0034852126,0.18786325,-0.22422485,0.12655644,0.036020923,-0.112034164,-0.2426491,-0.42378023,-0.5456367,0.05399032,-0.23917715,-0.52770144,0.37522048,0.48291746
126,negative,-0.24382044,0.20964827,0.29832897,-0.010311724,-0.061348777,-0.1104753,-0.15113983,-0.1815005,0.096945524,-0.0041964096,-0.060814083,0.036268797,-0.059100106,0.023961687,-0.036325756,-0.3350446,0.031789865,0.08143791,-0.33971733,0.13155688,0.11444796,-0.08789898,0.07117419,-0.04596725,0.1066312,-0.029754788,-0.14316691,-0.30488345,0.0894169,-0.15319534,0.10565875,0.23763421,-0.16309313,-0.064813405,-0.10437581,0.16547644,0.104183435,0.09695237,-0.11643079,-0.047988337,-0.23616728,-0.07145448,0.027776629,-0.01757483,0.026500594,-0.05375423,0.15381625,-0.080769256,-0.19338332,-0.44712424,0.059704132,-0.087458394,0.12369541,0.7026733,0.013946369,-1.4029844,0.027551597,-0.0002944796,0.8319586,0.12774847,-0.045169786,0.31896576,-0.109700985,-0.036459073,0.3550766,0.10137728,0.2730103,0.25308743,0.047188055,-0.24893919,0.072611,-0.26235467,-0.301562,-0.16218594,0.029555893,-0.0075135147,-0.15888926,0.21142375,-0.5518254,0.046868246,0.36767688,0.12192245,-0.21126583,0.061866805,-0.7214458,-0.08239065,-0.032918956,0.056985117,-0.08220716,-0.64000326,0.06744371,-0.11217879,0.042633783,-0.076305576,-0.31783855,-0.03446489,0.11958935,-0.28415412,0.2509896,-0.006448091
127,neutral,-0.19920062,0.26425084,0.35754034,0.06627474,0.476202,-0.37921873,-0.2233323,-0.044373304,0.3455531,0.17939375,0.085306704,-0.17772886,0.10530372,0.05995355,0.26808167,-0.17252813,0.20935026,-0.048797354,-0.13971303,0.012049313,-0.10772914,-0.047798038,0.4932956,-0.060580548,-0.0063193697,-0.33551487,0.28192586,-0.06078826,-0.11115777,0.23676407,-0.15121798,0.4177068,-0.1699283,0.050140522,0.33796906,-0.18799078,-0.17072923,0.11432176,-0.04826497,-0.104070105,-0.28791726,-0.30762163,-0.12323608,-0.03201188,0.09593183,0.033831727,0.39212754,0.17563298,-0.015785685,-0.20814922,0.10028572,-0.006127586,-0.016059173,0.73718697,0.15007253,-2.1407557,-0.22329964,-0.3554817,1.5697399,0.21964505,-0.039201934,0.24885526,-0.024811065,-0.14948264,0.54561913,0.23316368,0.027895479,-0.13109072,0.48048812,-0.05325064,0.18622041,-0.2030863,-0.0067729442,-0.3830766,0.27471474,-0.43446025,0.04825798,0.35855305,-0.56953496,-0.18813805,0.5283988,0.32014632,-0.35139397,0.24075215,-1.0149133,0.16557792,0.098455064,-0.25058717,0.19320479,-0.09249233,0.071343035,0.2444768,-0.070579626,0.09062264,-0.26981536,0.076872766,0.1640405,-0.08327243,0.64663774,0.25468257
128,neutral,-0.19016333,0.25750962,0.27678075,0.18263279,0.10696801,-0.46862003,-0.027389847,0.012063479,0.0574856,0.4288315,0.06701335,-0.28143314,0.26749638,-0.011869239,0.014018673,-0.030059183,0.18828246,0.14354885,-0.060288545,0.011243881,0.3518141,-0.11338508,0.2567578,-0.023800489,0.15771817,-0.124703035,-0.14929208,0.16489354,0.038650885,0.035952553,-0.2002606,0.19414774,-0.15368682,-0.06465081,0.1039401,0.09429034,0.1511495,-0.15748386,0.119186625,-0.05694306,-0.2549363,-0.26322693,0.018848728,-0.010115694,0.3943082,-0.17830452,0.16335814,-0.15724668,-0.12870541,-0.3462483,0.07460675,0.38407257,-0.009650571,0.8441092,0.072115794,-1.4182055,-0.08300829,-0.10577146,1.4119601,0.092405744,0.075071715,0.22338195,0.073622614,0.35223818,0.29743963,0.03210829,0.015441869,0.002468044,0.124782026,0.04100415,0.20191354,-0.35182965,0.17514734,-0.109818995,0.103178866,0.07611508,0.12881723,0.2097822,-0.7567612,0.11049928,0.71424556,0.07602744,-0.23926719,0.1607028,-0.7632063,-0.2377772,0.18564136,-0.018076267,-0.035546035,-0.10007648,-0.02805792,0.027032,-0.1961279,-0.027677078,-0.21252418,0.09253184,-0.20457132,-0.074587226,0.37926316,-0.107913755
129,negative,-0.07405957,0.17625333,0.07850501,0.13065976,-0.04198737,-0.43535727,-0.14109078,0.103642106,-0.091629155,0.35896337,-0.14207211,-0.07243003,0.1107353,-0.036421522,0.084537536,0.005239898,-0.3015225,-0.05149839,-0.37809256,-0.11938218,0.48208752,-0.1509358,0.21831262,-0.039280716,0.23763919,0.054050673,-0.2259226,-0.027117623,0.10888907,0.024539102,-0.1867205,0.012085786,-0.09597118,0.09027217,-0.102973424,-0.056602094,0.2729542,-0.1980162,-0.13605978,0.0994063,-0.41096684,-0.17034428,0.091378085,-0.08054169,0.37553993,-0.13872823,0.2876654,-0.11729873,0.073550716,-0.6124477,0.11134854,0.1244289,0.017270636,0.8703092,-0.15166482,-2.0667808,-0.026474291,-0.23419042,1.4955096,0.37514144,-0.15562099,0.3257071,-0.16903886,-0.17374922,0.59653735,0.1296164,0.0124416705,0.010766391,0.027894143,-0.14528108,0.050631054,-0.2901309,-0.38134515,-0.41206136,0.14487933,0.037682533,0.028044164,0.0393241,-0.79792255,0.10163814,0.79061645,-0.010738814,-0.39741233,0.015940962,-0.8306525,-0.2829663,0.07727936,0.015616442,0.096043445,-0.2505996,0.034419168,0.13809413,-0.40047392,-0.009642219,-0.5868623,0.22451343,0.24309848,0.0859782,0.49660495,0.13764879
130,neutral,-0.08184236,0.15099545,0.3051739,0.021020073,0.002815434,-0.34045428,-0.20540361,-0.10158963,-0.08281043,0.09962425,0.056995973,-0.074981295,0.04556829,-0.046364345,-0.051907685,-0.119370736,-0.026750699,-0.035144757,-0.1610625,-0.03496956,0.21156165,-0.23394212,0.08962049,0.01490712,0.055776432,0.20569783,-0.17769164,0.026251124,-0.056155913,-0.12253381,-0.049095154,0.28323662,-0.14930151,-0.11821393,-0.041628268,0.0009811305,0.016613545,0.13126875,-0.10392812,-0.09188597,-0.16519564,-0.29443252,-0.08857182,-0.012299407,-0.022254558,-0.041350722,0.18282016,-0.06252151,-0.08746494,-0.5451522,0.27540854,0.14266662,0.018119412,0.702948,-0.07214432,-1.6193607,0.036268212,-0.2796686,1.1538619,0.20656654,-0.0097635565,0.21882035,-0.049311336,-0.054842096,0.4700219,0.044181127,0.15375875,-0.051939663,0.26661167,-0.12853606,0.0864081,-0.12702248,-0.036740292,-0.17603835,0.03358507,-0.20394912,-0.02669557,0.000111593225,-0.59271437,0.15808256,0.6258199,0.029087573,-0.14573699,0.06233273,-0.78915423,-0.14606567,0.08545175,-0.16133103,-0.026546605,-0.44734746,-0.087894134,-0.059234805,-0.12372831,-0.0986946,-0.34229153,0.12600245,0.02283576,-0.35390058,0.30925074,0.24188502
131,negative,0.05167372,0.016519444,0.20707364,-0.21659523,-0.16210271,0.1640732,-0.06840639,-0.06019353,0.20498405,-0.27414888,-0.011267472,-0.021429729,0.16927283,-0.08539571,0.15990777,0.024356635,-0.21931472,0.16424885,-0.0295489,0.34738857,0.41355938,0.10761464,-0.16877462,-0.022768755,0.1543587,0.22244608,-0.05803004,-0.11781244,0.07964806,-0.00036780824,-0.15184602,0.34259397,-0.117702916,-0.08052953,-0.03147059,0.25039428,-0.1185391,0.04325885,-0.032798775,-0.24254346,-0.038885567,0.089388415,-0.1983561,-0.19795904,-0.059482258,-0.1310593,-0.004939445,-0.050303694,0.24478032,-0.3321025,0.01983232,0.03045228,0.17356065,0.48890227,-0.253833,-1.18854,0.035498086,-0.014897778,0.3854472,0.113023765,0.022668477,0.41628078,-0.5127578,0.058502965,0.564037,0.045684546,0.41205832,0.052791942,-0.23570314,-0.16418429,-0.07158138,0.10723925,-0.031505924,-0.0235189,0.05265808,0.35556495,-0.17550975,0.0009383768,-0.22278565,-0.15933049,0.12748599,-0.1845244,-0.523221,0.008248233,-0.7855803,-0.33073798,0.03833829,-0.03472687,0.060644854,-0.20775625,-0.11819692,-0.029228073,-0.082049854,-0.13643071,0.07768994,-0.23326088,-0.029265905,-0.2365821,0.015586946,0.23666115
132,neutral,-0.29587778,-0.024109824,0.20114122,0.08315809,-0.19409767,0.23627624,-0.19498941,0.099631816,0.22817062,0.47474465,-0.11603027,-0.040568084,0.31099895,0.013062285,0.012164231,-0.24818206,0.02800866,-0.24808364,-0.5161665,0.24632236,0.509046,-0.15398738,0.26516715,0.027271898,-0.17311993,-0.31454745,-0.23996116,-0.23791303,0.119133405,-0.116527535,0.0060782027,-0.12266715,-0.112816826,0.18929073,-0.04318059,-0.097413205,0.2326124,0.15521781,0.15429819,0.0067949435,-0.6648969,-0.1504806,0.04103982,-0.06265769,0.6502101,0.078401245,0.11273421,-0.10782223,-0.07627415,-0.43174565,0.042600855,0.012523584,0.013965177,0.802057,-0.011274416,-1.3259157,-0.10009049,-0.47501034,1.5238432,0.3023497,-0.04144407,0.30467668,0.14962772,-0.16973811,0.5151093,0.0021491852,-0.211621,0.13044582,-0.12304721,0.06254621,-0.039296698,-0.48859096,-0.3783856,-0.45143253,0.33500716,0.16533646,0.17435531,0.43713215,-0.53450435,0.114169665,0.7530842,0.10853641,-0.4695766,0.1897058,-0.6825475,-0.1347584,0.1668521,0.11994992,0.07552539,-0.10951319,0.31398937,-0.11212474,-0.11008918,-0.04826575,-0.7409694,0.3387976,-0.07718971,0.27413535,0.40228793,-0.0054765074
133,neutral,-0.078800544,0.06476367,0.25792494,-0.35870633,-0.25683585,0.2846886,-0.018596709,0.2034913,-0.1240855,-0.2149429,0.06818276,-0.12463983,0.024376815,-0.13343541,0.13072726,-0.1460008,0.06939016,0.21193619,-0.23319739,-0.032152407,0.030077742,-0.13368239,0.0863446,-0.18550578,0.11690826,-0.16780251,-0.18289132,-0.2117071,0.27427003,-0.063635275,-0.26009527,0.3007697,0.009885411,0.09596217,-0.107448384,0.25136334,-0.18684205,0.06480421,0.25174108,-0.13241705,-0.29001516,-0.1723788,-0.04743703,-0.14963599,-0.18184128,-0.020998102,-0.0869335,-0.27991584,0.08418332,-0.5683715,0.07027831,-0.074938744,0.0898325,0.35251313,0.061897352,-1.6809354,-0.023641687,0.07490949,0.7136787,0.1548963,-0.25919285,0.5475263,-0.07841761,-0.03286356,0.32307884,-0.19970573,0.27393076,0.32633075,-0.33001986,-0.2249833,-0.032830946,-0.055923883,-0.2878328,-0.3300714,0.053119395,0.080156706,-0.14958504,-0.22616318,-0.16665451,-0.19047153,0.10003049,-0.34381878,-0.0031048444,-0.064334504,-0.581908,-0.09854923,-0.05067134,-0.060281772,-0.22545673,-0.19863367,0.10461307,-0.04831475,-0.08207877,-0.017190512,-0.2579588,0.030755922,-0.06395022,-0.13618606,0.24355459,0.2650094
134,negative,0.005950118,-0.04606242,0.23166056,0.15001686,-0.016295634,-0.20318508,-0.13203447,0.1846339,0.123734474,0.45505896,0.056677837,-0.21960464,0.3052941,0.21736987,-0.05327857,-0.15686412,0.024610786,-0.2957364,-0.77923673,-0.08223053,0.4169769,-0.23432346,0.0719879,-0.034485813,0.033073794,0.07547891,-0.32024652,-0.09176649,0.6374322,0.01744301,0.11380194,0.14665832,-0.30325797,0.24150124,-0.0872007,0.122089945,0.3109509,-0.2290484,-0.3121824,-0.0039966474,-0.57185465,0.105073735,0.3173459,-0.023198863,0.26748884,-0.34537125,0.20367575,-0.020334987,-0.1316076,-0.5541728,0.28063303,0.14034484,0.2283009,0.8432262,-0.22934729,-1.4988493,0.08698065,-0.26535994,1.2592202,0.23287122,-0.03288193,0.15944314,-0.09024572,-0.20536235,0.39178813,0.030247442,0.119834855,0.5222594,-0.36625937,-0.033355985,0.085159875,-0.4570028,-0.19296402,-0.52833194,0.02455489,0.25352296,0.028260987,0.13284427,-0.8649961,0.11987853,0.7113564,-0.12495924,-0.29473695,0.05222997,-0.49054578,-0.0730831,0.18002497,0.23115396,0.20586266,-0.29001907,-0.031635936,-0.038333897,-0.2883281,0.27616727,-0.73177856,0.17453927,-0.03572837,0.13053143,0.48002958,0.11739781
135,neutral,-0.3638855,-0.11924005,0.10722531,-0.007984907,-0.02426053,0.03185067,0.1067874,0.16478693,0.06229586,0.19779536,0.12022687,0.0858708,0.26936728,0.16063087,-0.009488074,-0.11306034,0.3398077,-0.2761785,-0.5426931,0.36344734,0.39691678,0.012221416,0.14906363,-0.028167631,-0.064615995,-0.18471302,-0.18112731,-0.060768712,0.20147517,-0.15770097,-0.08083475,-0.039435998,-0.10494544,0.14675654,0.10700144,-0.07456358,0.20100962,0.20971377,0.42526266,0.07429695,-0.4231813,-0.15201753,0.24703747,-0.042639285,0.21409962,0.053052336,-0.07812946,-0.00028630017,-0.09968435,-0.27208656,0.018092765,0.19386028,0.12357352,0.9239292,-0.053046037,-1.4155899,-0.15442938,-0.18190786,1.4666266,0.3316133,0.048223175,0.57958674,0.15725216,-0.11367972,0.5966801,-0.050140064,0.07867959,0.2470863,-0.17000419,0.31227243,0.030902818,-0.6056889,-0.09597505,-0.3942748,0.09171777,0.04669126,0.13002482,0.2879685,-0.68276197,0.13405202,0.41636813,0.21837407,-0.2307438,-0.051570352,-0.6181301,0.016193787,0.24579333,0.069490284,0.14417037,-0.16558087,0.124127865,-0.070415445,-0.0072213477,0.23199409,-0.42304036,0.1477367,-0.09985418,-0.00647742,0.30474275,-0.007305613
136,neutral,0.062040534,0.12132935,0.02987098,-0.25059676,0.2685275,-0.3548472,-0.19913977,0.14795676,0.16086784,0.0730213,0.06135004,0.10330944,0.36610135,-0.07872222,-0.10383479,-0.17289916,0.20090546,-0.1230896,-0.053316753,-0.21013126,0.40706402,-0.03613884,0.11841669,-0.05613925,0.007614869,0.047811676,-0.52312213,0.13144393,0.1810033,0.02576864,-0.25046927,0.07028098,-0.1273779,-0.011105629,0.05058948,-0.013301713,0.027927294,0.07766318,-0.03245812,0.17791182,-0.34589782,-0.35275644,-0.024181513,-0.0060895626,0.27561608,0.18236685,0.067814656,-0.13276574,-0.09602198,-0.17063063,0.1726603,0.35050434,0.14445686,0.659224,-0.40051916,-1.1989137,-0.0038487066,-0.22038904,1.3102483,0.41620818,-0.44029918,0.23425363,0.11433891,-0.04772045,0.10111476,0.12931882,0.20323461,0.07622391,0.09774042,-0.291293,0.05642886,-0.25303137,0.35338587,-0.047881912,0.04020291,0.07220645,0.06369193,-0.10505872,-0.5491839,0.13335076,0.58188677,-0.04342185,-0.09041537,0.3092404,-0.48048863,-0.16369213,0.1276336,0.13879079,0.0033040184,-0.27617982,-0.074483,0.2034243,-0.44354776,-0.29803446,-0.2613799,0.29744557,-0.0603951,-0.07124842,0.2828723,0.058207445
137,neutral,0.053142626,0.333641,0.27014557,-0.08464238,0.11527519,-0.7090846,-0.19356562,0.2633074,-0.057308357,0.114032365,-0.06384238,-0.07515711,0.22194406,-0.022629064,-0.024694644,-0.28128445,-0.2433282,-0.08395165,-0.21011385,-0.06775844,0.39083904,-0.20586099,0.24680386,0.21511094,0.20414592,0.08531482,-0.21623282,-0.25044918,0.20182729,0.052307423,-0.1682076,0.08987951,-0.25158232,-0.17020504,-0.15489586,0.2814017,0.11174078,-0.030824494,-0.19375828,-0.17740433,-0.2860408,-0.3604245,0.12330769,-0.18989567,0.21236196,-0.0010287343,0.007155148,-0.29411736,-0.015297837,-0.8612443,0.0014949922,0.029608877,0.07383522,0.96796703,-0.17681244,-1.9813541,-0.3393889,-0.25737396,1.6194592,0.40559965,-0.026022227,0.16698281,-0.26863748,-0.29011866,0.52776814,0.15316992,0.20980938,-0.0040869163,0.16740344,-0.2984937,0.20538545,-0.18220311,-0.22275445,-0.1861851,0.08784095,-0.043470457,-0.112490736,0.0019804987,-0.75712013,0.09657377,0.6713966,0.11625997,-0.45376804,0.24211249,-0.92546237,-0.17012148,0.15854183,0.04436923,0.002645308,-0.41696706,-0.046088383,0.17965624,-0.23603116,-0.13307731,-0.6455767,0.07814432,0.19258429,-0.06010184,0.47087944,-0.04536378
138,neutral,0.037690707,0.19488032,0.29078445,-0.06749312,0.18601258,-0.5807301,-0.44773614,0.050512422,0.053458218,-0.0049934364,-0.048524667,0.18519902,-0.039514787,0.028980587,0.06909192,-0.23702022,-0.024679694,-0.006996123,-0.10779946,-0.12220711,-0.0143542765,-0.15016371,0.09575286,0.16793324,-0.13131942,-0.17068595,0.06438022,-0.32963103,-0.2046598,0.054901235,0.056774847,0.3347143,-0.32065022,-0.09859395,0.03754518,0.16964675,0.13371406,-0.10706949,-0.20396237,-0.20900087,-0.20816596,-0.3400394,-0.019756867,-0.014101527,0.2402816,-0.0917917,0.096552156,-0.15335952,-0.24824399,-0.66013676,-0.008810867,0.1500202,0.04445287,0.73234403,0.08779184,-1.5476485,0.04812645,-0.44068107,1.6154919,0.27789465,-0.0019962613,-0.17435616,-0.41347915,-0.07761026,0.543741,0.07151326,-0.08107317,-0.01555622,0.591372,-0.29615578,0.15060514,-0.27529216,-0.1093238,-0.08933429,0.07482423,-0.011131355,-0.23191996,0.0631745,-0.78626513,-0.14606391,0.77369124,0.0208446,-0.04861796,-0.0015279673,-0.8361924,-0.103965916,0.055847872,-0.052307654,0.11070751,-0.41638905,-0.052640863,0.22965284,-0.17719941,-0.446091,-0.28937253,0.21913218,0.27630863,-0.19373791,0.60362035,0.12769206
139,neutral,0.1275519,-0.25073498,0.47443995,0.07632782,0.057453692,-0.38196397,-0.5504173,-0.19362038,-0.06985393,0.18411563,-0.028423779,0.005936566,0.38247856,-0.34695396,-0.05549527,0.15488811,0.43484548,0.17821248,-0.18307403,-0.08913206,-0.20156132,-0.11533308,0.13275616,-0.9594178,0.05551341,0.23821963,0.013957848,0.08194694,-0.25779888,-0.5707413,-0.28492227,-0.3100214,-0.55285794,0.18263447,-0.031386193,-0.1769674,0.256124,0.10275952,-0.07283082,-0.03537175,-0.2200005,-0.2861177,-0.16176882,0.2703143,-0.18370211,-0.13645332,0.35115796,-0.036452938,-0.011490289,-0.25777227,-0.07823032,0.31034166,-0.40500665,0.7386864,-0.22537278,-1.1203053,0.777905,-0.21476267,0.79972416,0.005406801,-0.26978913,-0.22681154,-0.6995716,-0.011545349,0.1773706,0.30051455,-0.30263102,-0.21979403,0.655672,-0.10833573,0.34874752,-0.13305107,0.513393,-0.03318119,0.47391683,-0.26577806,-0.1783389,0.02623366,-0.83347267,-0.01927875,0.5078817,0.150689,0.3752046,0.5797356,-0.64262444,0.44785467,-0.013192723,0.14839934,0.14810857,-0.32981238,0.092317395,-0.29122746,-0.21470858,-0.17326827,0.69889796,0.2915621,-0.2533738,-0.8329322,0.09436211,0.36209744
140,neutral,0.10357135,0.1482449,0.579413,-0.029898647,-0.16203429,-0.16697042,0.027395021,0.13992512,0.15115419,-0.27138302,-0.1047891,0.11259646,0.27440515,-0.19143547,-0.20596698,-0.100386135,0.04833082,0.3689324,-0.07411008,0.006841724,0.24154927,-0.100366436,0.03420275,0.11967177,-0.03140381,0.136895,-0.17095536,-0.18369532,0.16157871,-0.15016396,-0.0378307,0.4486489,-0.25004157,-0.21502367,-0.12849009,0.14748274,0.22247732,-0.06772772,0.041765828,-0.28954238,-0.27876562,-0.10694018,0.4844807,0.1979074,-0.57451224,0.046113167,0.17613634,-0.07783454,0.017521542,-0.80115825,0.18709657,-0.40037486,-0.051465146,0.82944125,-0.015627015,-1.9485886,-0.25455517,0.1725742,1.1127734,0.21064828,0.09461888,0.6622439,-0.19999573,-0.057082187,0.5488014,0.081603594,0.016296567,0.13559109,-0.10315843,-0.19030322,0.19010304,-0.12145245,-0.6128325,-0.27752596,0.15728194,0.1896359,0.023904912,-0.29240617,-0.87888235,-0.04682697,0.309868,0.0376707,-0.43891975,0.2860431,-0.97217214,-0.40949667,-0.19655474,-0.11098875,-0.20492302,-0.3041551,0.14626518,0.03257385,0.006562433,0.02152585,-0.3695428,0.19984052,0.14670283,-0.28005236,0.554784,0.22203621
141,neutral,0.10357135,0.1482449,0.579413,-0.029898647,-0.16203429,-0.16697042,0.027395021,0.13992512,0.15115419,-0.27138302,-0.1047891,0.11259646,0.27440515,-0.19143547,-0.20596698,-0.100386135,0.04833082,0.3689324,-0.07411008,0.006841724,0.24154927,-0.100366436,0.03420275,0.11967177,-0.03140381,0.136895,-0.17095536,-0.18369532,0.16157871,-0.15016396,-0.0378307,0.4486489,-0.25004157,-0.21502367,-0.12849009,0.14748274,0.22247732,-0.06772772,0.041765828,-0.28954238,-0.27876562,-0.10694018,0.4844807,0.1979074,-0.57451224,0.046113167,0.17613634,-0.07783454,0.017521542,-0.80115825,0.18709657,-0.40037486,-0.051465146,0.82944125,-0.015627015,-1.9485886,-0.25455517,0.1725742,1.1127734,0.21064828,0.09461888,0.6622439,-0.19999573,-0.057082187,0.5488014,0.081603594,0.016296567,0.13559109,-0.10315843,-0.19030322,0.19010304,-0.12145245,-0.6128325,-0.27752596,0.15728194,0.1896359,0.023904912,-0.29240617,-0.87888235,-0.04682697,0.309868,0.0376707,-0.43891975,0.2860431,-0.97217214,-0.40949667,-0.19655474,-0.11098875,-0.20492302,-0.3041551,0.14626518,0.03257385,0.006562433,0.02152585,-0.3695428,0.19984052,0.14670283,-0.28005236,0.554784,0.22203621
142,neutral,-0.21110475,0.4754124,0.82454747,0.036039796,0.1415746,0.09611792,-0.2697837,-0.008367914,0.29497102,-0.31218126,0.5634199,0.30107403,0.24973103,0.23939167,0.41796836,0.11732804,0.33268222,0.4931769,-0.17300111,0.13682272,0.06585597,0.0010527779,0.15226807,0.052926123,-0.39391077,-0.37216157,0.013211715,-0.03070245,0.04222334,0.009059229,0.053081386,0.03937794,-0.1767896,0.10961841,0.26578033,0.12469214,0.017256295,0.01130109,0.54437315,-0.2629992,-0.30457866,-0.0302217,-0.3001791,0.15874566,-0.42221165,-0.11032276,0.2655948,-0.06280168,-0.03299933,-0.49393317,0.44967052,-0.0092728,0.4250653,1.0186002,0.33053493,-1.6079706,-0.08484738,-0.28943458,1.1523216,0.22938746,0.0684906,0.4442204,-0.00099416,-0.27179676,0.90748644,0.2403322,0.47766146,0.096285984,0.29250818,-0.018957518,-0.1836211,0.31462625,0.5083771,-0.38338643,0.34631464,-0.057660136,0.1753062,-0.1271485,-0.47695637,-0.011822904,0.33331165,0.41980302,-0.71420664,-0.1945086,-1.3492647,-0.3978405,0.14554073,-0.18551284,0.004481045,0.09897037,-0.21577139,0.22264738,0.11279833,0.027921543,0.342365,0.106772445,-0.21311906,-0.41615835,-0.017669773,0.20656846
143,neutral,-0.023160804,0.009084441,0.55440915,-0.079046406,-0.3337742,0.075450964,-0.09625593,0.068094715,-0.09051076,0.009951393,0.15852877,0.06781557,0.18889566,-0.05511549,0.22163028,-0.07597821,-0.115764916,0.11711331,0.04877911,0.27775437,0.26481965,0.20655929,0.057739217,-0.14582218,0.13535726,0.10273379,-0.06765578,-0.14076164,0.09825337,-0.20041427,-0.2534929,0.23041634,-0.12578121,0.099729516,0.065727435,0.10827572,0.011555246,0.16592394,0.336189,-0.13894977,-0.35297528,-0.19988985,-0.12610754,-0.13940518,0.02837965,-0.032613836,0.22522993,-0.029273033,-0.011486813,-0.46658906,0.0929654,0.25347933,0.20071693,0.7717201,0.15615644,-1.6586328,0.109027795,0.10469089,1.2481878,0.23729591,-0.02228553,0.6128196,-0.17889015,-0.18040763,0.37920776,0.06284239,0.115980305,-0.027591413,-0.03247535,-0.12782955,-0.19349317,-0.2658406,0.092032366,-0.18895242,0.20264442,0.0020358907,0.18287006,0.014147059,-0.39914882,0.011737807,0.23968077,-0.039176088,-0.27363646,-0.02569813,-0.854332,-0.22248812,0.14454071,-0.12595041,-0.15295081,-0.11384473,-0.15041426,0.1882002,-0.030542094,0.054540765,-0.23424691,0.015564324,-0.04901292,-0.2444803,0.21633402,-0.033574123
144,positive,-0.31587678,-0.041712016,0.28478396,-0.29462314,-0.21947114,0.46863273,-0.094961494,0.52220577,-0.2041293,-0.07522337,-0.013970402,0.1159447,0.44070232,-0.33675146,-0.018370649,-0.070469595,0.17862706,-0.3397653,-0.27972612,-0.17270726,0.2487401,-0.09958554,-0.18020461,0.104836784,0.11958207,0.10510829,0.014101891,0.31874898,-0.019735852,0.1987468,-0.15991965,0.15350565,-0.27491373,0.084594935,0.16295743,0.24440399,-0.101628214,-0.055718567,-0.120622106,-0.1677543,-0.2390515,-0.26984146,-0.049803816,-0.010646621,-0.074924156,-0.36802456,0.06489972,-0.12069486,0.27441683,-0.77528286,0.21381661,-0.37611207,0.31747305,0.73912627,0.0044621923,-1.7706355,-0.14534381,0.21497805,1.1562841,0.31577745,-0.30353314,0.3392763,-0.6800909,-0.4974276,0.3196934,0.075651444,0.2668546,0.48019168,-0.070259325,-0.21345487,-0.0735594,-0.45991042,-0.028498996,-0.64236426,0.33082724,0.5366438,-0.07137164,-0.012687126,-0.7232314,-0.44598436,0.47836232,-0.23245463,-0.11309409,-0.014156269,-0.8651444,-0.5897,-0.110966645,0.38691092,-0.22091544,-0.2687704,0.43915078,0.008585303,0.14291357,0.23985204,-0.85115296,0.3434851,-0.03567108,-0.3300948,0.327424,0.4643651
145,neutral,-0.08004274,-0.05444992,0.29702622,-0.1540357,-0.14605267,0.29995897,0.0043363203,0.1457524,0.020246541,-0.065766305,0.17562942,-0.07078941,0.0373133,0.11483267,0.13305782,-0.08161598,0.07154814,-0.010063544,-0.20694548,-0.03951117,-0.016435605,0.09321301,-0.023862196,-0.06165917,0.2620156,-0.034000818,-0.057462536,-0.20456526,0.18993421,-0.06620882,-0.009826877,0.16204986,-0.034026608,0.13790983,0.16935383,0.02253733,-0.03288707,0.08259492,0.23115698,0.009015242,-0.11796033,-0.034600362,-0.12862006,-0.1468287,0.012179966,0.10672943,0.11521322,-0.084124625,0.0122139715,-0.44537145,-0.0518243,0.076544754,0.16645688,0.48853412,-0.11607214,-1.3801225,-0.074683,-0.026919218,0.89566815,0.27178138,0.048822545,0.49928957,-0.3332272,-0.08270389,0.35825863,-0.0023342154,0.3051282,-0.02164191,-0.04038503,0.042983685,-0.039185647,-0.119918786,0.14882407,-0.33089277,0.026517404,0.10474649,0.04678094,-0.107633054,-0.3781075,-0.12097792,0.32929492,-0.31903237,-0.2148335,-0.02066883,-0.62453383,-0.22639701,-0.0009616711,0.19032174,0.15046982,-0.018800873,-0.077442855,0.2201445,-0.14067888,-0.059483808,-0.18740597,0.13288233,-0.1013024,-0.19149104,0.34055388,0.17141603
146,neutral,-0.07617373,0.085045725,0.421819,0.05238981,-0.017257843,-0.06772145,-0.34761748,-0.06059049,0.042066656,0.2887629,-0.20823061,-0.21008022,0.32995108,0.08410345,-0.15589729,-0.12527335,-0.05666607,-0.22479652,-0.53901434,0.0473282,0.28964776,-0.023870751,0.06951067,-0.008628561,-0.0435721,0.13888335,-0.30330008,-0.11468991,0.55236316,0.07499846,0.08424211,0.33357382,-0.13696463,0.13714063,-0.13457318,0.28582045,0.18884686,-0.10216808,-0.19663984,0.012795881,-0.734308,0.0050126077,0.12120955,0.071145244,0.11356325,-0.16624217,0.34003574,-0.07950926,-0.098291606,-0.7131972,0.12043368,0.20028146,0.115345284,0.8833065,-0.108484365,-1.5787055,0.046834163,-0.2131434,1.400062,0.2406198,-0.06849451,0.21700913,0.031400006,-0.23866418,0.5192576,0.10259068,0.07757861,0.43210265,-0.08700859,0.02115813,0.17185716,-0.36277014,-0.2283568,-0.63315386,0.047283415,0.10581784,-0.023402015,0.11701613,-0.7583134,0.19791067,0.5231054,-0.11257344,-0.18300524,0.047176637,-0.7881479,-0.2137451,-0.078806564,0.21400894,0.124792665,-0.48532507,-0.03300941,0.07567829,-0.2397362,-0.044676207,-0.53183997,0.11957892,-0.16804485,-0.013303048,0.34969294,0.1949661
147,negative,-0.13173586,0.052337307,0.24123861,0.09366784,0.024361605,-0.1724667,-0.035594985,-0.0488903,0.19357738,0.36283216,-0.09167853,-0.050056178,0.12399655,0.052962296,-0.10288272,-0.00024732514,0.038580995,-0.1377588,-0.3801575,-0.09761885,0.13408056,-0.13328253,-0.040800206,-0.12826566,0.077602945,-0.112944335,-0.06762187,-0.046161633,0.08616426,-0.06636641,-0.10659156,0.07681526,-0.23464726,0.01126204,-0.16740319,-0.09014014,0.210801,-0.021072846,-0.033959217,-0.010834489,-0.43660045,-0.094616145,0.22250408,-0.12904938,-0.017743979,-0.1252242,0.36194792,0.012950024,-0.210666,-0.4137747,0.010060715,0.10689374,-0.025153784,0.76979566,0.052429743,-1.4976107,0.09536296,-0.19882765,1.010284,0.18129686,-0.10063768,0.2836967,-0.060786337,-0.19291623,0.5935882,-0.01807573,0.17176576,0.011939944,0.14576182,-0.104965515,0.16069002,-0.19475944,-0.15666215,-0.2196813,-0.07400207,-0.025456361,-0.072929,-0.007822239,-0.70072526,0.16483113,0.52483064,0.1542328,-0.13668333,0.21413457,-0.6320122,0.11829401,-0.0013826581,0.0159487,-0.06860531,-0.3592626,-0.090881646,0.12683019,-0.18317348,0.004932253,-0.2530744,0.015325565,0.17057912,-0.11469307,0.29889718,0.35473433
148,neutral,-0.04909324,0.24828248,0.2941082,0.018672718,-0.19466805,-0.14552343,-0.23592237,-0.07943561,-0.042005327,0.10860772,0.0718541,0.07028618,0.06374794,0.117532134,0.04549356,0.16928084,-0.18441531,-0.19685155,-0.017869294,0.066732615,0.27081412,-0.26690218,0.13822533,0.11687324,-0.0022372939,0.13816985,0.02900694,-0.25149837,0.13936192,-0.34627756,0.055879783,0.26032394,-0.100841634,-0.1593152,-0.16718942,-0.07424977,-0.013316689,-0.053791843,-0.34879804,0.03931002,-0.52544194,-0.20697023,0.1644234,-0.33211634,-0.07449395,-0.12416779,0.19000517,-0.101176545,-0.12683392,-0.68678814,0.053492445,0.04933765,0.076478995,1.1095276,0.071180165,-1.7897108,-0.029637272,-0.29624063,1.3431499,0.2639479,-0.26525792,0.12358641,-0.38759908,-0.062138062,0.6233754,0.22748229,-0.2157736,-0.0011195446,0.045567483,-0.10668251,0.112708464,-0.07070074,-0.39352,-0.19953151,0.0065646456,-0.22585507,-0.32652962,0.14511552,-0.8345593,0.20781037,0.5503281,-0.012461723,-0.20011242,-0.05967657,-0.9643213,-0.1617435,0.08353401,0.0223375,-0.138124,-0.31103894,-0.1369893,-0.105301,-0.26684242,0.19636923,0.0022843028,0.06575022,0.2526351,-0.11389315,0.43471846,-0.016996136
149,negative,-0.024267457,0.18671781,0.11327257,-0.099506415,-0.033801705,0.41951206,-0.15292129,0.131458,0.19780484,0.009883859,-0.059622653,0.20525376,0.42873254,0.19872886,0.10271829,-0.20252953,-0.002477979,-0.118992396,-0.4441546,0.32508495,0.15013821,-0.124825254,-0.024596782,0.14494914,0.2269987,0.043988936,-0.21406692,-0.55180126,0.24560615,0.014852039,0.23646139,0.4002355,0.08807823,0.0582504,-0.044111755,-0.04034196,0.056964207,0.20121984,0.0364808,0.0022352885,-0.22282101,-0.03848209,0.14915755,-0.32726625,-0.061890155,-0.008305913,-0.12522492,0.028900063,-0.0054346514,-0.51784,-0.028055694,-0.024626274,0.41418958,0.82580537,0.08916291,-1.6704999,-0.16661942,-0.24933533,1.1133261,0.3670861,0.12325115,0.54272836,-0.17715508,-0.10252375,0.47087383,0.2640346,0.27073908,0.13836044,0.11845099,-0.26725486,-0.039048273,-0.12935829,-0.10280328,-0.24018686,0.33357015,0.30288792,-0.096049614,-0.012655685,-0.55773604,-0.05076612,0.4490001,0.3267811,-0.06690989,0.18798146,-0.9936282,-0.10725668,0.053366784,-0.03501212,-0.26101446,-0.067725964,0.007997793,-0.05256062,0.21728653,-0.028034689,-0.61572176,0.07357293,0.11094567,-0.10908584,0.3739262,-0.05410175
150,negative,0.031573325,0.18010324,0.31386825,-0.11037899,0.0103354035,-0.41684684,-0.20294625,-0.08144072,0.088083945,0.19250323,0.24942783,0.075038135,0.24691713,0.26167065,-0.005724492,0.12393912,-0.021329185,0.19491632,-0.5709272,0.007532006,0.4557474,-0.20007206,0.007285041,-0.27190053,0.15874113,0.3796765,-0.25467262,-0.11697132,0.16413441,-0.082801215,0.011241343,0.09125915,-0.18564725,0.0656284,0.10526165,0.16682571,0.34537205,-0.246084,-0.041645736,-0.13945499,-0.15203594,0.0800874,0.50598246,-0.16162865,0.08516866,-0.2948141,0.063308954,-0.07882356,-0.052324213,-0.503545,0.0013227466,0.004993713,0.16780059,0.61552286,0.01855312,-1.6597135,-0.03228752,-0.20378292,1.0526803,0.07271004,0.092220955,0.36568567,-0.33325243,-0.025017135,0.5010205,-0.21216206,0.20537302,0.4961266,-0.23103945,-0.13108596,-0.071817346,-0.24222381,-0.3244071,-0.36387697,-0.101656914,0.31347227,-0.1476594,-0.12542132,-0.6159011,0.11605479,0.69761586,-0.18750295,-0.14974627,-0.16359322,-0.71054846,-0.19583146,0.1526765,0.108022004,-0.0027043174,-0.23769176,0.061448928,-0.02757047,-0.13075025,0.04366437,-0.4511838,-0.06792904,0.044225823,-0.04193495,0.42371973,0.11085651
151,negative,-0.09032642,0.10640451,0.35393977,-0.07134253,-0.027875314,-0.059881482,-0.037700616,0.28001878,0.13684523,0.19763161,-0.054202326,-0.022066478,0.23288633,0.2327752,0.019808931,-0.07397351,0.25806946,-0.2147156,-0.3832996,0.008849864,0.37786338,-0.12087404,0.11205081,0.123420216,-0.0002465551,0.08562258,-0.17569338,-0.29541764,0.4822328,-0.008253708,-0.13486034,0.27163064,-0.019870177,0.27478004,-0.10019051,0.1543219,0.13535684,-0.031060627,-0.16255498,-0.10007243,-0.460067,-0.060368694,0.32274354,-0.10855536,0.13209695,-0.15598679,0.09639419,-0.14678574,0.11075786,-0.52736443,-0.031802025,0.108684644,0.18330444,0.7677395,-0.285819,-1.5185763,-0.03430617,-0.163048,1.0838279,0.20534964,-0.16021992,0.30709076,-0.17925675,-0.3123343,0.28830215,0.094919056,0.050191846,0.2687477,-0.24270411,0.019059429,-0.00613662,-0.25074992,-0.22446403,-0.45795664,0.14941892,0.10038465,-0.07231103,-0.008511008,-0.59117985,0.010129837,0.7266153,-0.10631146,-0.21918245,0.015249982,-0.86752516,-0.01953521,0.015094025,0.11545269,0.11764537,-0.09086687,0.012608423,0.086650595,-0.20990871,0.18035121,-0.47530112,0.07877267,0.044484682,-0.12779172,0.36032835,-0.008295915
152,neutral,0.034251697,0.11881947,0.24929686,0.12199741,-0.0050966158,-0.23039971,0.052825995,-0.03839462,0.002695093,-0.21154553,-0.013566368,0.095824406,-0.04819478,-0.016625604,0.2623731,0.06857033,-0.05753669,-0.19121552,-0.062388666,0.047248065,0.02547097,-0.23349163,0.02763656,0.09966461,0.4923552,-0.24420476,-0.15704517,-0.11557442,0.0070194043,-0.24239558,-0.055256724,0.109207936,-0.10827632,0.1626127,0.04917375,0.13808976,0.21524782,0.06033706,-0.05682679,-0.114120856,-0.25469017,-0.103548065,-0.045094214,-0.12918504,-0.15597957,0.044400003,-0.090322986,-0.15750255,-0.031188091,-0.54317695,0.039871592,0.067561276,-0.17197211,0.6848999,-0.08632331,-1.5968446,0.16266765,-0.07490462,1.2289145,0.42880014,0.0023152647,0.27138585,-0.2485499,-0.010225723,0.40976006,0.0273674,-0.07122112,0.15744916,0.23830247,0.09778209,-0.023172785,0.026637113,-0.012990465,-0.24183796,-0.15293755,-0.062290456,-0.13082473,-0.026705578,-0.3781543,-0.15589666,0.4748654,0.17135039,-0.3507067,-0.19865102,-0.944346,-0.27567893,0.10638978,0.046627074,0.0749922,-0.31757805,-0.13899034,0.18551177,-0.1190048,0.12042937,-0.25271624,0.18482442,0.15506004,-0.18546613,-0.008192632,0.18960786
153,negative,-0.09264013,0.23948567,-0.10431012,0.09477986,0.054758962,-0.024012582,0.10041198,0.09856671,-0.01024314,0.0062220683,-0.16877794,0.22008285,0.04458157,0.14511544,0.25502467,0.047053494,0.10200988,-0.46441388,-0.52006346,0.22529711,0.4452534,0.090185374,-0.02028136,0.2885326,-0.19616581,-0.081247754,-0.063358136,-0.00012636252,0.26265985,-0.24206029,0.14520831,-0.07852638,0.04185385,-0.29591987,0.04785101,-0.09954887,0.2766615,-0.24176799,0.310256,0.06525921,-0.4294625,-0.114087984,-0.2167527,-0.08097782,0.43840525,-0.11468503,0.20052695,-0.21529146,0.22060408,-0.43446276,-0.16890065,0.1659847,0.027138507,0.7774007,-0.23501392,-1.1900177,-0.136892,-0.099838436,1.2909163,0.19511262,0.015319152,0.53351706,0.09581624,-0.10999765,0.6651275,0.17104392,0.1687309,0.04961605,0.11575577,0.035225667,0.07235119,-0.70690435,-0.24706836,-0.28833476,-0.21399207,-0.1851596,0.005320553,0.19228494,-0.5035993,0.13381776,0.501995,0.14635587,-0.4272831,0.15493847,-0.531556,0.13977146,0.014554262,0.04230876,0.17648548,0.168149,0.26051286,-0.12674211,-0.0072074393,0.41186208,-0.39299497,-0.13287438,-0.033136025,0.10819293,0.26295146,0.15956153
154,negative,0.08685326,0.33359155,0.24798837,-0.29094863,-0.11470837,0.097812876,-0.28801417,-0.011700353,0.10164001,0.52052414,0.03420553,0.21257271,0.07088088,0.12929307,0.09650438,0.051380046,-0.1049736,-0.023389408,-0.6595424,0.14150928,0.47187355,-0.09557354,0.18091585,-0.013565441,-0.022196013,-0.05302859,-0.21732357,-0.30744725,0.37431815,-0.08597738,0.03145283,0.27772203,0.010401334,-0.026869232,-0.07320131,0.14011312,0.25132784,-0.13747557,-0.12896144,-0.18983369,-0.6048022,-0.017762462,0.21219295,-0.2488488,0.1077499,-0.15245657,0.19127499,-0.07763948,-0.25522152,-0.6900783,-0.060880885,0.03384921,-0.0049015214,1.1173404,-0.13937822,-1.6383213,-0.12746668,-0.012796239,1.454248,0.22588214,-0.04611123,0.45054507,-0.15906,-0.31228146,0.7999071,0.24214928,0.06979858,0.12693074,-0.048322257,-0.11329902,0.054154534,-0.458117,-0.25958833,-0.30750772,-0.047617722,-0.09333106,-0.04545963,0.06524966,-0.5810308,0.34077513,0.67894727,0.10139121,-0.37853628,0.03777092,-0.92109936,-0.09417188,0.17069626,-0.026274428,-0.10085073,-0.34062377,-0.011566522,-0.055756442,0.07605162,-0.024143562,-0.35139367,-0.34919074,-0.017100297,-0.059850127,0.38758257,0.06922181
155,neutral,-0.20852159,0.15550724,0.2796136,-0.055921935,-0.10895261,-0.082265235,0.016651545,-0.1550576,-0.14343394,0.3951134,0.030448606,-0.13502231,0.123958915,0.115820475,-0.0134139545,-0.12064122,0.35379088,-0.19435613,-0.37539473,0.020738028,0.3116277,-0.11798552,0.108144216,0.030537833,0.073986344,-0.07759499,-0.21834917,-0.08576346,0.2684397,0.12918937,-0.28369963,0.35032895,-0.2543533,0.031532444,0.1261987,0.083561145,-0.12686957,-0.02810311,0.07012628,-0.00021487268,-0.39806086,-0.016850892,0.13875704,0.13587378,0.31191307,-0.23670407,0.044206798,-0.3123372,-0.050190512,-0.4585072,0.17310077,0.20110825,0.036955573,0.9246225,-0.1714408,-1.65377,0.09111614,-0.12073444,1.4623175,0.46897233,-0.027312016,0.40399763,0.10096979,0.035118647,0.45304802,0.017253043,0.05045648,0.1620933,0.0877168,0.27328324,0.19907545,-0.4515082,0.028114296,-0.19935179,0.012725224,-0.091559276,0.043751337,0.18920302,-0.8203277,0.055212483,0.6899718,-0.107867286,-0.16108038,0.06730181,-1.0269241,-0.068263635,0.11513222,0.1106841,-0.061156176,-0.2584929,0.031520948,0.049393944,-0.07155576,0.16306286,-0.3420022,0.021322597,-0.14109728,-0.17867254,0.26662987,-0.016161112
156,negative,0.06272481,0.120969325,0.4228578,0.14047752,0.06501103,-0.18788742,-0.23345296,-0.014450923,0.07889117,-0.0012078115,-0.14342824,0.22065404,0.19205306,-0.024966987,0.07775994,-0.044241913,-0.19530822,-0.072104625,-0.33386847,-0.17146137,0.32994875,-0.19579732,0.09523996,0.21081032,0.23934636,0.013187072,-0.087416545,-0.18314713,0.36595196,-0.14453636,-0.17128915,-0.02187688,-0.24493857,-0.011695361,-0.022207536,0.23976293,0.30993384,-0.24670374,-0.16481143,-0.030306699,-0.534886,-0.14259005,0.4506037,-0.08521218,0.26952064,-0.26146927,0.24185379,-0.09733348,0.24230342,-0.7703288,0.120662294,-0.058564138,0.06558051,0.86462915,-0.031895228,-1.9100115,-0.028474728,-0.5510761,1.2525842,0.19643995,-0.14961906,0.20830406,-0.17310786,-0.2122345,0.41839367,0.11138852,0.16572163,0.058341622,-0.13621852,-0.10673394,0.072495684,-0.22740665,-0.50411457,-0.40127856,-0.036481604,0.37605402,-0.27579284,-0.0740524,-0.94338405,0.010632996,0.6880651,0.029584138,-0.25226524,0.24969321,-0.7452817,-0.1994557,-0.06244975,0.07727138,0.22783749,-0.32323325,-0.1555204,0.20032449,-0.41166282,0.28651887,-0.37926236,0.020311467,0.23893964,0.18022686,0.33366165,0.15251487
157,neutral,-0.20646,0.1055325,0.056385,0.17509,-0.46766752,0.1664525,0.11227,-0.30746502,0.30046177,0.11701001,-0.43515003,-0.06827499,0.041602492,-0.102245,0.599245,0.458286,0.17030947,-0.2442105,0.15044175,-0.37597752,-0.57690996,-0.51974,-0.441385,-0.0046150014,0.16121998,0.197675,0.21164851,-0.032552503,-0.0917685,-0.33348352,0.42284802,0.19373776,0.031169996,-0.020116998,0.072064,-0.1502975,0.07086225,0.3499565,0.040770028,-0.047402248,-0.006365005,0.2238425,-0.53068274,-0.65732753,-0.5133225,0.38872525,0.423269,0.09338525,-0.15293,-0.36774212,0.17105,-0.157792,0.111825,0.57937825,0.1932385,-0.56978077,0.24798,0.16529275,0.02041997,0.06739499,-0.040710002,0.7289325,0.139119,-0.16494225,0.56842023,0.28041425,0.1934075,-0.64238024,-0.06957256,-0.130975,-0.42393726,0.3579125,-0.17142475,0.37573132,0.81055,-0.07673525,-0.08231425,-0.0050164983,0.003256753,-0.32555097,0.0539075,-0.254235,-0.354606,0.5077901,-0.83670896,0.21504825,0.41151997,-0.0007547438,-0.39479774,0.43058997,-0.14995724,0.24091,0.20691825,-0.018127494,0.27218002,0.40768498,-0.19253315,-0.87546754,0.06393775,-0.54612577
158,neutral,-0.12359574,0.24037983,0.20407607,-0.112547055,-0.08048319,0.29155067,-0.24003962,-0.18665503,0.16256815,0.15707003,-0.14754647,-0.025499191,0.2252124,0.014921383,0.06321762,-0.021148382,0.064590596,-0.039406814,-0.37073946,0.16973165,0.23267104,-0.041028034,0.04847581,-0.11818652,0.03375598,-0.042917646,-0.052032176,-0.17150548,0.06178971,-0.059472132,-0.14486197,0.40691924,-0.07460196,-0.058832392,0.063452736,0.096638344,0.014883742,0.061602626,-0.07808966,-0.17524402,-0.48498106,-0.08129712,-0.0040019117,-0.22785568,-0.032434464,-0.13986458,0.1300548,-0.059619606,-0.079305544,-0.6260733,0.12800631,-0.01256461,0.06557176,0.6966012,-0.05945135,-1.4919254,0.18224679,0.0006087177,1.1621227,0.14228362,-0.12989189,0.4758227,-0.2616811,-0.21577007,0.6027169,0.12031492,0.3124992,0.063902974,0.07354489,-0.21393454,0.044867687,-0.11464892,0.02803642,-0.29065028,0.0046385066,0.18008777,-0.038248938,0.019069953,-0.47363475,-0.090040445,0.3286406,-0.07270518,-0.19441484,0.09247337,-1.0027254,-0.089494,-0.15757889,-0.032636408,-0.043094218,-0.23559506,0.014078344,-0.058747407,-0.020271713,-0.0457333,-0.2635301,-0.1331139,-0.19899732,-0.30720255,0.1924299,0.20698746
159,neutral,-0.31523043,0.2756828,0.015951896,0.32874686,-0.11525136,-0.21669376,-0.19178374,0.0034974825,0.031971242,0.2183581,-0.052964643,-0.10660405,0.15978159,-0.020947501,-0.01013948,-0.15130664,-0.022608522,0.09228757,-0.19304734,0.05174557,0.17517884,-0.08389007,-0.06959761,-0.19915695,-0.14551501,0.013379516,-0.08913238,-0.057116833,-0.07088381,-0.0029724098,-0.062378395,0.22374302,-0.10498866,-0.06376826,0.14561868,0.20847626,0.17550759,0.04791986,-0.034326266,-0.014547062,-0.28833055,-0.18014093,0.101392485,0.050581917,0.03635387,-0.14631937,0.119715706,-0.14905393,-0.19581826,-0.62876225,0.19204015,0.05934847,0.09274472,0.82986826,-0.038614895,-1.8231593,0.07438662,-0.4746074,1.5308816,0.3148383,-0.006337728,0.4646017,0.054537717,0.044172805,0.8641874,-0.18493178,0.07741584,0.122093424,0.18594202,0.0639083,0.13577206,-0.39774343,-0.10694523,-0.43149978,0.06403518,0.0713667,0.024136694,0.06711768,-0.71071494,0.1611547,0.5703362,-0.092633404,-0.12462247,-0.02316745,-1.0475683,-0.17069267,0.16753295,-0.0154212685,-0.047978707,-0.3499787,-0.2735263,-0.05912399,-0.09107081,-0.091637716,-0.48158827,0.030715825,-0.1495746,-0.2643485,0.6195003,0.22801495
160,negative,-0.08598649,0.30438462,0.1907381,0.3969157,0.04638098,-0.3808627,-0.4016766,0.04920939,0.27615264,0.071902305,0.036033276,0.026659172,0.37407336,0.25788692,-0.18356554,0.063607365,0.083784156,-0.39883024,-0.3023738,-0.26144627,0.44479945,-0.17547274,0.18369345,0.06282832,0.024965983,0.10920488,-0.1821733,0.063152194,0.6831167,-0.18787558,0.13184333,0.27207482,-0.079452954,-0.09685758,-0.010857027,0.1802194,0.38984054,-0.26124617,-0.17307138,0.09995299,-0.5849935,0.16114847,0.08285457,-0.2797,0.2286343,-0.11066969,0.71191955,-0.26518583,-0.4123961,-0.53793824,0.16542561,0.19381294,0.047740113,1.0351646,0.16615239,-1.7118508,0.1778486,-0.20519443,1.4764595,0.29459783,-0.3857519,0.26633126,0.15476517,-0.20229216,0.4906933,0.12190992,-0.26359278,0.17830713,-0.16954333,0.15158114,0.0746681,-0.07389011,-0.2848488,0.02992125,0.19849217,0.0137945935,-0.03630045,0.42315638,-0.74449813,0.22219421,0.68672043,0.5016821,-0.17307152,0.26695052,-1.252441,0.32144105,-0.11343182,-0.13228488,-0.07989633,-0.30991048,-0.09707463,0.21755812,-0.333628,0.4957125,-0.10743598,0.09137078,0.03449462,-0.36853334,0.32237566,-0.30575135
161,neutral,-0.07760105,0.00058517704,0.24146707,-0.050726235,0.090446025,0.005481343,-0.1756451,0.05498224,0.053824976,0.18387118,-0.10816883,-0.053974878,0.32507145,0.099712305,-0.08672007,0.014665411,0.018154474,-0.1803787,-0.5329311,0.011804059,0.34001705,-0.22364752,0.15099372,0.0016961213,-0.19024827,0.026618743,-0.09959745,-0.09498464,0.27797547,0.095791064,0.09969473,0.2672594,-0.074833,0.015618503,0.10005388,0.029488554,0.13288106,0.0012983184,-0.12864874,-0.10621246,-0.51703614,-0.016882505,0.3560362,-0.12931931,0.064822264,-0.115845546,0.16288675,-0.12616473,-0.17231712,-0.49041566,0.07550714,0.07899238,0.101824,0.8201649,-0.024749763,-1.7371911,-0.008366936,-0.28146917,1.3103914,0.35175785,-0.052738808,0.16000907,0.013288125,-0.067482226,0.6352462,0.07708755,0.020483565,0.43061578,0.047356352,0.083510615,-0.014436441,-0.33971432,-0.1854133,-0.41074154,0.124525376,-0.014139631,-0.13019995,0.1340787,-0.6884576,0.0006274294,0.5203717,-0.18952294,-0.2348619,0.048175503,-0.89211947,-0.093917616,0.089779176,0.1422677,0.1404238,-0.27777076,-0.054907534,-0.022588337,-0.14286834,0.20463686,-0.46850538,0.1095369,0.0080116745,-0.039633498,0.3891799,0.07867078
162,neutral,-0.27715826,0.28042534,0.37426513,-0.20064238,-0.06820594,0.48051104,-0.11441209,0.1117054,-0.08381315,-0.18205486,0.020962697,0.111629836,0.3009056,-0.089369476,-0.07405758,-0.15414742,-0.15936078,0.22885317,-0.33280402,-0.21221717,0.13912207,0.010952797,0.07313573,-0.44187006,-0.13158117,-0.18886338,-0.28590584,-0.23809753,0.52929765,-0.100168385,0.15493083,0.57163924,0.14820679,0.14836088,0.07411045,0.21914276,-0.06925753,0.0080813365,0.13976778,-0.33250692,-0.29264188,-0.2345964,0.2580176,-0.3643093,-0.37826815,-0.074770205,-0.08933485,-0.21636993,-0.34054124,-0.78622574,-0.18997046,-0.21267337,0.015075539,0.72956395,-0.21467565,-1.6527896,0.052050583,0.23967612,1.0767684,0.22508292,0.02807505,0.50734866,-0.034659814,-0.07656829,0.5983456,0.0372042,0.6758473,0.43783614,-0.06688466,-0.17571537,0.23275691,-0.20533308,-0.21762748,-0.369739,0.025390942,0.10685598,-0.26685557,-0.12637028,-0.21858172,-0.25582454,0.12388511,-0.11486246,-0.17859957,-0.0064187734,-1.0147065,-0.32197046,0.18905222,-0.0055621266,-0.060740057,-0.32414275,0.19289368,-0.1910349,-0.10862101,0.19660705,-0.48568264,-0.031979356,0.088607855,-0.22970152,0.33250925,0.08141977
163,neutral,-0.021074532,-0.034484304,0.30391458,-0.052390892,-0.054713544,-0.029018637,-0.029058496,-0.09644584,0.034135778,-0.07670365,0.05614103,0.026251104,0.18204129,-0.07814356,-0.080485575,-0.12390929,0.04564156,0.08323849,-0.27956483,0.2639696,0.15143985,-0.123832196,0.06731923,0.00671545,0.03234444,-0.082534164,-0.04177331,-0.34727144,0.023848686,-0.07269301,-0.02020541,0.36837876,-0.017076513,-0.010340071,-0.03316779,0.22374156,0.07275866,0.06696656,0.018782998,-0.17440805,-0.23550266,-0.16724859,0.3228331,-0.16050383,-0.041389495,-0.22392625,-0.055364892,-0.017234406,-0.06572952,-0.47618866,-0.115163706,-0.10202594,0.02412271,0.6622159,-0.038598552,-1.6696657,-0.15073183,-0.011734022,0.931179,0.31037486,-0.24118736,0.39189485,-0.254675,-0.1456842,0.37526146,0.09358563,0.31610236,0.36104155,0.045325074,-0.09577158,0.04495882,-0.1404057,-0.2147208,-0.33422056,-0.102171324,-0.015816832,0.004313433,-0.033906344,-0.5561175,0.012537775,0.45357844,-0.12540464,-0.114346325,0.021268837,-0.84002537,-0.22219425,-0.23464897,0.068944,0.09047121,-0.3964148,0.04996859,-0.0058113467,-0.028234327,0.06080149,-0.33932278,0.13973954,0.14145707,-0.18011904,0.4710989,0.1040688
164,negative,0.14179355,0.11212041,0.53281474,-0.2241966,-0.12506106,0.043172345,-0.3607279,0.0633223,0.04703243,0.17554133,0.06945333,-0.039989743,0.11788255,0.22249514,0.13101752,-0.051717814,0.3534248,-0.23217577,-0.50958174,-0.26367068,0.44809255,-0.12817878,-0.10111478,-0.07511828,-0.0009842867,0.31683883,-0.33663493,-0.094980165,0.40912327,-0.17421855,0.25233904,0.22814825,-0.081577726,-0.04149737,0.01948016,0.12873055,0.080679804,-0.100504,-0.12360436,-0.17274675,-0.23780183,-0.12942062,0.2975298,-0.16643143,-0.17288758,-0.198093,0.4475033,-0.100539215,0.12092635,-0.44481477,0.06619168,0.35286784,0.40380988,0.9047609,-0.070218205,-1.6600751,0.10276823,-0.30254656,1.3952175,0.2368614,0.12046146,0.18437622,-0.26457536,-0.22454496,0.55016136,-0.14674781,0.26002413,0.28339702,-0.34104705,-0.10039402,-0.08406973,-0.079917714,0.022874024,-0.2984802,0.23946154,0.3160268,-0.0696689,0.31685367,-0.48315224,0.21953295,0.5274055,-0.06375278,-0.18571448,0.048257396,-0.93465924,-0.03600141,-0.04311335,0.14198631,0.18571654,-0.20573331,0.041799296,-0.1481056,-0.28281406,0.081736974,-0.3310682,-0.07163967,-0.12332939,-0.023180448,0.38071403,-0.022907833
165,negative,-0.14086694,0.10457352,0.4520864,-0.10426409,-0.28861633,-0.13183767,-0.2641203,0.07887316,0.2646694,-0.035990693,0.2183985,-0.0045278626,0.15465745,0.0050591733,-0.2399813,-0.06043147,-0.13368265,0.15684655,-0.47125366,0.14460367,0.07391776,-0.09843977,-0.04917979,-0.09765767,-0.19981045,0.051403075,-0.07615276,-0.17397569,0.036780342,0.15682727,-0.04728625,0.43689305,-0.11467396,-0.07971109,-0.037569743,0.275604,-0.115622364,0.0011684777,0.15675758,-0.080711655,-0.4906156,-0.08856659,0.1103229,-0.20212393,-0.2818131,-0.30598354,0.048771936,-0.18375371,-0.24910264,-0.73519754,0.4503569,-0.120188475,0.07920354,0.6604058,-0.18298237,-1.3707854,0.1430985,-0.10331995,1.0510974,0.21461149,-0.17757092,0.2475638,-0.18700507,-0.070143044,0.5911294,-0.24648924,0.28747687,0.56079656,0.04475551,0.19645762,0.16792302,-0.24570578,-0.16596988,-0.35291982,0.2164707,0.11375714,-0.1347622,0.10111033,-0.6681156,0.05185395,0.44575253,-0.1908679,-0.19946148,-0.146181,-1.0016285,-0.20268698,0.030425726,0.08313092,-0.042882506,-0.41440827,0.20384504,-0.019514851,-0.107957564,-0.105855994,-0.14882591,0.12690003,-0.09124461,-0.1392821,0.14740711,0.32106405
166,negative,-0.18763764,0.21047686,0.16323423,-0.12823515,0.25859404,0.17018783,0.0115636485,-0.25948966,0.12194917,0.46207526,-0.16597845,-0.08527182,0.16799393,-0.03220093,0.25530824,0.079135835,0.13060702,-0.20505463,-0.27494347,0.017876744,0.24924925,-0.10976506,0.34770533,-0.13240841,-0.044810396,0.008921267,0.08584151,0.18935448,0.17326908,0.16790134,-0.04171388,0.26696235,-0.3891517,0.111474015,-0.051991805,0.05835954,0.12292755,-0.12554395,-0.109957986,0.07111873,-0.40860763,0.0476287,-0.15355138,0.04148197,0.35296154,-0.21488097,0.16803347,-0.27032918,-0.20391747,-0.5832232,0.2096198,0.28075084,0.23997371,0.9533457,-0.022367721,-1.5962465,-0.14158118,-0.066924036,1.0603867,0.102049984,0.1284588,0.71571964,0.10830246,0.025126439,0.5528414,0.07392819,0.27561426,-0.087949045,0.044988327,0.101421215,0.17186014,-0.36957532,0.036834996,-0.098655805,0.046066374,0.113736026,0.2760559,0.14389859,-0.737816,0.08473862,0.55220366,-0.10833039,-0.26509047,-0.059241723,-0.9850304,-0.0753968,0.20046835,0.08054606,-0.05185712,-0.33071256,-0.042393036,-0.04224573,-0.2846755,-0.057083786,-0.21009609,0.180132,0.030705864,-0.25581765,0.48418325,0.13344392
167,negative,-0.09801784,0.11792984,0.13598658,-0.14997923,0.060982186,-0.08496958,0.006133296,0.06395553,0.09817562,0.20798498,0.11058894,0.096246615,0.12752832,0.07135155,-0.031646978,-0.045093752,0.061445497,0.043171197,-0.54386574,0.19062886,0.15964924,-0.18723893,0.09739872,-0.12753005,-0.01186736,0.24075104,-0.08713279,-0.30385795,0.18507539,-0.11634313,-0.07790033,0.29966864,-0.120153405,0.025049884,-0.09784894,0.06944073,0.0146970395,-0.045369808,-0.14786783,-0.21675056,-0.2935689,0.0410014,0.12621978,-0.19908929,-0.044506844,-0.15877797,0.18896961,-0.20865335,-0.04815424,-0.6664552,-0.052953776,-0.0006845795,0.11447678,0.83604425,0.0010552884,-1.6575092,-0.09454962,-0.0099554,1.1157713,0.12031398,-0.07388197,0.43963394,-0.14728458,-0.1986439,0.5745812,0.099946015,0.11618158,0.26531678,0.009069468,-0.18848068,0.16719836,-0.26346543,-0.37155944,-0.21976186,-0.070456386,0.07158509,-0.110860094,-0.12162342,-0.58067983,-0.0010304013,0.51219,-0.06015117,-0.36961207,0.09739977,-0.8381766,-0.005136594,0.2202404,0.14092599,-0.16714825,-0.07882903,-0.06257455,0.037527207,-0.23520666,-0.08934886,-0.43144512,-0.11084825,0.08567412,-0.0669832,0.12838171,0.120991364
168,neutral,-0.28608528,0.40862146,0.08693423,-0.16970903,-0.08818206,0.36960956,-0.21899621,0.06746797,0.09183459,-0.2107749,-0.022527864,0.11711916,0.3103439,0.21070284,-0.10837241,-0.1151748,-0.23381937,0.30561572,-0.40770108,-0.19267218,0.12267942,0.033729803,-0.26987287,-0.14156431,0.18398036,0.3781832,-0.24343887,-0.4032427,0.5549138,-0.6094411,0.18008937,0.40580317,-0.16488048,-0.004139792,-0.12354454,0.117226586,0.12610877,0.0503471,0.031661153,-0.38427117,-0.45347685,-0.52018875,0.1508551,-0.6319286,-0.32435542,-0.20867234,-0.14421944,-0.05711867,-0.09200924,-0.70728725,-0.19639744,-0.09466185,0.0401139,1.0398952,0.23288128,-1.9551743,-0.22005862,-0.081978336,1.3242912,0.17036623,0.12741423,0.5370831,-0.45806402,-0.07150118,0.564116,0.23283723,0.19425039,0.6889626,-0.22645195,-0.33236668,0.24312122,0.06297441,-0.12222634,-0.6431563,0.27154905,0.13202463,-0.33613038,-0.120470405,-0.019132867,0.07185333,0.3762413,-0.0653862,-0.5526728,0.09393767,-0.86819607,-0.18065022,0.26514637,0.19365907,-0.0549817,-0.07115505,-0.25669068,0.13783458,-0.091790184,-0.2921292,-0.5089229,-0.42176798,0.08686487,-0.09479891,0.4623443,0.17985797
169,positive,0.17490341,0.4067966,0.6109468,0.0462629,0.017943958,0.14546508,-0.24985695,0.16864158,0.08407755,-0.14256477,-0.012891275,0.2157806,0.37556142,-0.096059464,0.01014967,-0.37863067,-0.03860874,0.5448464,-0.49792218,0.50765276,0.5705547,-0.01982424,-0.06488667,-0.41723794,0.11419382,0.072625145,0.019142056,-0.3309626,0.33094096,-0.5267183,-0.060684584,0.29858398,-0.23273706,-0.18360718,0.07410423,0.3972318,0.11922626,0.15591383,-0.1344291,-0.15632032,-0.1591764,-0.023570906,-0.019453485,-0.24813835,-0.1474023,-0.24397655,0.10892828,-0.08995008,-0.15884481,-0.8400378,0.08082033,-0.14711788,0.12563796,0.883993,-0.1555664,-2.1093714,0.27937564,-0.22357582,1.2988404,0.40250206,0.18282391,0.45735446,-0.39021358,-0.23328306,0.63238865,0.107342035,0.2981732,0.26451668,-0.12339893,-0.4174898,0.104798876,-0.18924604,-0.060095247,-0.20268701,0.08371167,0.080922954,-0.29507315,-0.25936666,-0.5577647,-0.050839655,0.22696392,0.14653389,-0.3903211,0.041114926,-1.1657081,0.0055654747,0.18189393,-0.22618383,-0.039171737,-0.016721237,0.025942508,0.0034051174,-0.16772796,-0.16089813,-0.5239948,-0.26812866,-0.05935197,-0.3218216,0.33752802,0.1810059
170,neutral,-0.19769768,-0.013499688,0.4169038,0.043295406,-0.17657329,-0.02427681,-0.36550507,0.042855565,-0.14539856,0.28331596,0.15089123,-0.10382586,0.37362283,0.09987464,-0.28342348,-0.30291265,0.13889702,-0.21224178,-0.060882706,0.09785523,0.3771702,0.008060962,0.18848683,-0.3326382,0.12834245,-0.2065622,0.124317825,-0.29164127,0.16838267,-0.016080938,-0.46082696,0.10009535,-0.18464965,-0.09826857,0.14981242,0.30192664,0.018101415,0.47597256,0.11634111,-0.024923049,-0.5605695,-0.23377374,0.1812511,-0.1066598,0.40527618,0.2105639,0.08267943,-0.010178672,0.19801044,-0.32359502,-0.2907459,0.24265283,0.086843275,0.8746924,0.058502328,-1.5248111,-0.082329206,-0.16736796,1.6135396,0.32974485,0.11655101,0.35211158,0.12346304,-0.2923551,0.20321134,-0.01955793,-0.40599784,0.12583917,0.04852416,0.022860534,-0.24013624,-0.4179715,-0.3472399,-0.19848728,0.16022351,-0.019493647,0.24007452,0.06585545,-0.85926306,0.16567977,0.5105718,-0.26151866,0.09689411,0.3669758,-0.55888987,-0.48995596,0.069796376,0.1216536,-0.21661657,0.014672825,-0.07324626,0.0040590297,0.100947306,-0.121927895,-0.28720012,0.46391857,0.18736805,0.15618,0.25813663,-0.027719114
171,neutral,-0.044049326,0.17563409,0.25976095,-0.1440975,-0.14982519,0.013857121,-0.19699152,-0.027146157,-0.16447072,0.1334459,-0.04090573,0.07403452,0.28609005,0.29212904,0.26530072,-0.051183324,0.31795442,0.23473598,-0.020783314,-0.011399184,0.12937717,-0.07035485,0.030180957,-0.25261387,0.16304868,0.025713142,-0.23297544,-0.20789944,0.14388928,-0.27661264,-0.1697825,0.151352,0.14588544,0.16992736,0.35292894,0.12480747,0.013980694,0.0036550965,-0.030798735,-0.1259229,-0.35418078,-0.15663542,0.1364935,-0.28343722,-0.09368747,-0.15327373,0.29358515,-0.19218136,-0.2820405,-0.7915048,0.3025048,0.02784414,0.009902115,0.94603455,-0.14679794,-1.8033168,0.031093346,0.17547241,1.6450663,0.2511068,-0.20903735,0.72514534,-0.1421171,0.07783953,0.42962095,0.0048208986,0.2342991,0.04772437,-0.24257745,-0.31154123,-0.01185981,-0.35182694,-0.12801169,-0.14604872,0.35234457,0.31480622,0.16545682,-0.09411553,-0.45318723,0.19567186,0.31482524,-0.13243955,-0.31562102,-0.22102779,-1.0145645,-0.2777894,0.3290844,-0.21052094,0.096085675,-0.11400391,-0.2147801,-0.038698785,-0.06547139,-0.13431914,-0.43712038,-0.23212394,-0.18003848,-0.27306396,0.28550214,0.09407673
172,negative,-0.04509143,0.16606404,0.5461019,-0.045299694,-0.17484304,0.23525114,-0.2720939,0.0276979,0.09177449,0.030438147,0.047596194,0.2534213,0.03380112,0.004451735,-0.039968673,-0.0029859955,-0.059542082,0.13595751,-0.28137803,0.15423423,0.2671006,-0.1521467,0.2072829,-0.22140901,-0.15812077,0.14385904,-0.2195931,-0.4841409,0.38244236,-0.042194482,0.17163245,0.41787502,-0.0003195607,-0.19125684,-0.12311922,0.08917208,-0.08590808,-0.07619887,-0.019043934,-0.053363338,-0.5348041,0.005457796,0.009023637,-0.35042018,-0.2998857,-0.5395454,0.31614336,-0.3025902,-0.20543307,-0.8156881,0.20605819,-0.013069035,0.24752276,0.82738703,-0.1453582,-1.5946778,0.20338924,-0.097132154,1.2198212,0.23383021,-0.2631542,0.28461042,-0.18630895,-0.114038475,0.6408988,0.2160681,0.26451844,0.24884067,-0.24579392,-0.17759047,0.048403163,-0.14099842,-0.21440396,-0.20331071,-0.062356777,0.11250748,-0.15776828,0.11144347,-0.61604637,-0.2303478,0.08629367,-0.01984917,-0.2526901,-0.047452647,-1.1053258,-0.27492523,-0.12420103,0.10638399,-0.12013567,-0.3807685,-0.097975984,-0.02530944,-0.13426565,0.05968603,-0.29060754,-0.056903124,0.13737045,-0.12009695,0.18922448,0.09554641
173,negative,-0.301494,0.009117651,0.081568345,0.0831855,-0.07420802,0.30715632,-0.10247669,0.26784655,0.15105331,0.4157023,-0.19901785,-0.021492582,0.49851385,0.23716746,0.044308443,-0.29084373,-0.051942956,-0.5473572,-0.8656309,0.43698862,0.70528233,0.044178102,0.23372197,0.12151599,-0.5408252,-0.1364531,-0.016438236,-0.22770502,-0.08096496,0.14483799,0.027783033,-0.12991229,-0.055732287,0.08368382,-0.16585284,-0.2828011,-0.07031048,0.29811314,0.1732732,0.1669591,-0.32803017,-0.114971004,0.15297897,-0.20879962,0.63914394,-0.12894186,-0.06264158,-0.12703362,-0.18245064,-0.32517275,-0.15580125,0.054213338,0.025780471,0.8254765,-0.33606607,-1.449566,-0.106316395,-0.3709109,1.4318743,0.39596105,-0.047939215,0.5256898,0.19257836,-0.02758146,0.21660213,0.09182505,-0.052766245,0.03464221,0.09074914,0.17250696,-0.16368589,-0.55986464,-0.027197337,-0.23844095,0.30470997,0.08236407,0.10258749,0.31187776,-0.8539572,-0.039272074,0.47514406,0.25751576,-0.4230847,-0.21942055,-0.75007147,-0.0279005,-0.13751481,0.14693868,0.06256057,0.2370842,0.80805594,-0.23570128,-0.16288875,0.2469616,-0.78102255,0.6069007,0.28779474,0.15418476,0.4092851,0.01056861
174,neutral,-0.27117303,-0.17759728,0.2705759,0.062156577,-0.10871609,-0.14986216,-0.4709087,-0.22477636,0.068958364,0.23172691,-0.25968772,0.066649444,0.24887842,0.06708618,-0.13234721,-0.034870274,-0.14183787,-0.11678446,-0.61559314,-0.04359542,0.13613465,-0.26573643,-0.015010415,-0.23712622,-0.123032294,0.21542925,-0.13473155,-0.16560785,-0.00622598,-0.07619312,-0.12798268,0.24656633,-0.25774658,-0.17671287,0.07595759,-0.06843292,0.17123783,0.0623956,-0.22497132,-0.008418805,-0.5682754,-0.11064668,0.32212526,-0.17402722,0.18113711,-0.2672279,0.24063224,-0.13707323,-0.43654135,-0.59945613,0.17135891,0.07556129,-0.13622007,1.051036,0.17524704,-1.645976,0.32181847,-0.2569029,1.1500154,0.24815333,-0.23334801,0.19716224,-0.12581788,-0.10608398,0.40503857,0.11958309,-0.08690349,0.21107952,0.012455373,-0.18903838,0.27765757,-0.38616008,-0.009119649,-0.4862928,0.09627688,0.17484829,-0.21149197,0.3674747,-0.741291,0.2680431,0.56314695,0.14754792,-0.0796493,0.07857558,-0.8926355,0.009300482,0.012189185,0.3891916,0.06537945,-0.59306324,-0.05533091,-0.12831914,-0.25374386,0.15843582,-0.29380703,0.22705805,0.19469269,-0.2844856,0.44402903,0.29775113
175,neutral,-0.16500264,0.13825704,0.18741034,0.04519022,-0.15646343,-0.08276997,-0.20367014,0.14559512,0.1185763,0.042502802,-0.106516086,0.038026407,0.20159054,0.05015213,0.042145643,-0.13767236,0.054310866,-0.09957906,-0.3636071,-0.000415516,0.21180244,-0.10803787,-0.078969814,0.032262463,-0.057358447,0.33169907,-0.21534945,-0.20903268,0.31966084,0.06449208,-0.030000605,0.18266022,-0.20994397,0.13620341,-0.14570151,0.10977814,0.17051002,0.0220951,-0.17669813,-0.12242835,-0.46422088,-0.09823452,0.21140751,-0.1584776,0.0869351,-0.07610752,-0.0076946034,-0.10061561,-0.004123391,-0.60068166,0.048928518,0.014497155,0.1687925,0.8722293,-0.082802065,-1.479251,0.08174868,-0.1881536,1.243055,0.17298472,-0.081424326,0.3495637,-0.27038744,-0.36866015,0.5546959,0.044722926,0.23007077,0.13696054,-0.0833854,-0.1915012,0.053576164,-0.35929182,-0.17161396,-0.4765064,0.15416165,0.28782535,-0.13739368,0.083813235,-0.53473705,0.017729947,0.5771554,-0.026777713,-0.17331663,0.19031751,-0.8203133,-0.27085772,0.059584886,0.22349402,0.008347808,-0.21872991,0.08368431,-0.02456768,-0.10979965,0.20413037,-0.5146949,0.11841319,0.063151255,-0.27618834,0.4547886,0.11623652
176,neutral,-0.11951072,0.28182748,0.36823985,-0.46438083,0.14992675,-0.124956094,0.12093208,-0.0735027,-0.38341078,-0.24345507,0.29138455,0.03845206,-0.1711209,0.070034,-0.13265479,-0.2197627,0.08475056,0.07676825,-0.49884257,0.2158267,0.25620872,0.08039042,0.33370236,0.3774654,0.08081185,0.20827954,-0.13773094,-0.51550066,0.33588442,-0.016628837,-0.26806888,0.16105221,0.05830613,0.07470487,0.118916795,0.20880713,-0.03845957,0.29202735,-0.25752681,0.04582478,-0.2006684,-0.07927369,0.15382095,0.2814119,-0.08208665,-0.020339055,-0.17485687,-0.31335685,0.29661176,-0.23962992,0.04073353,-0.10888893,-0.109769695,0.23650973,-0.18267016,-1.9471295,-0.2117013,0.03289463,0.53882825,0.5375779,0.114923686,0.75110906,-0.15864791,0.19212675,0.25875297,-0.14605771,0.43784377,0.551363,-0.073151335,0.1348996,0.021401364,0.015274719,-0.23545852,-0.23712361,0.1511313,-0.07854968,0.027297506,-0.17294033,-0.26951313,-0.109477974,0.38951126,0.11720837,-0.32957393,-0.00086176733,-0.7274729,-0.1763312,-0.18783101,-0.09241016,-0.017801352,-0.35102862,-0.11425104,0.15683389,0.113071926,0.259549,-0.3321558,0.009075365,-0.12667519,-0.25520033,0.092805855,0.08857646
177,neutral,-0.26870817,0.022478027,0.34336334,-0.041748367,-0.122973524,-0.10215534,-0.1563945,-0.09164776,-0.15528582,0.40313524,0.22037485,-0.19316626,0.0805944,0.017887235,-0.09328244,-0.17970808,0.3249693,-0.16981791,-0.36297888,0.00034266352,0.288109,-0.11154391,0.05900497,-0.10242357,-0.082399495,0.12709843,-0.29485482,-0.2394084,0.116472304,-0.024252715,-0.28076622,0.26388037,-0.1872837,-0.07569007,0.08317334,0.27376783,-0.30318862,0.0685463,0.22697185,0.054603446,-0.43743667,-0.075316116,0.26348016,0.14147292,0.18268935,-0.08524366,0.10579344,-0.19350976,0.06831364,-0.51357013,0.33383006,-0.13177767,0.14739598,1.0366572,0.037633743,-1.5740467,0.11327924,-0.22668928,1.3522829,0.5040136,-0.20414004,0.3851158,0.18832959,-0.03352014,0.44439015,-0.13368055,0.08151647,0.27114818,-0.047249928,0.5402606,0.13926803,-0.36706117,-0.0885674,-0.30146638,-0.043550204,0.031318825,-0.11390144,0.16538607,-0.85747564,0.25403786,0.53458935,-0.2215606,-0.081306204,0.09797233,-0.9077298,-0.11697905,0.068206035,0.088781685,-0.042331375,-0.3299678,0.08745746,0.014434543,-0.057345573,0.08647554,-0.44306678,0.111741915,-0.09205669,-0.14555217,0.2599273,0.17734586
178,neutral,-0.19210115,-0.11693988,0.26801243,-0.014008558,0.10023887,-0.12074186,-0.18632802,-0.18335058,0.12937808,0.22918908,0.13938169,0.0045378986,0.38513625,0.064610414,-0.13883929,-0.1276506,0.03134854,-0.25582778,-0.5043652,0.10376802,0.27400967,-0.23114556,0.25171998,-0.12495579,-0.14448562,-0.09793457,-0.02391409,-0.27007607,0.21023487,0.06900208,0.2540958,0.13086297,-0.18744783,-0.11570078,0.050207563,0.10831328,0.17014477,-0.057162244,-0.07788566,-0.060418677,-0.40660346,-0.05083358,0.39063781,-0.07382809,0.2501745,-0.32841873,0.097343154,-0.046816375,-0.16996056,-0.5403001,0.21767162,0.025871051,0.1479139,1.0384212,0.14361724,-1.6445007,-0.059171457,-0.23018825,1.367179,0.41040316,-0.16508518,0.17096844,-0.056680117,-0.058208764,0.5182553,0.07785748,0.06509539,0.3008073,-0.02731083,0.10657246,0.25724876,-0.44783902,-0.16303451,-0.40351596,0.08336478,-0.16794427,-0.22231191,0.14476974,-0.77375025,0.140576,0.56335866,-0.06250658,-0.32492656,0.060318716,-0.8589099,0.02138348,0.22443931,0.17957154,0.006711716,-0.17976415,0.2308308,-0.118075706,-0.12707572,0.2778462,-0.36268917,0.10946022,0.044253185,-0.25957006,0.30797943,0.21176676
179,neutral,-0.07947748,0.18601334,0.112563126,-0.09832776,0.0015873128,0.1240115,0.21773425,0.26721036,0.08625425,0.026716134,0.20671733,-0.01815964,-0.052582543,0.04403197,0.19254072,-0.24776146,0.18438853,-0.06536358,-0.16825192,-0.03719568,0.27577633,0.11200312,0.073171444,-0.15517338,0.0058185253,-0.12379282,-0.016623845,-0.14520429,-0.09304583,-0.10019628,0.06458445,0.42788184,0.04033322,0.1401109,0.035851594,0.26191986,-0.14014648,0.023707889,-0.28917623,-0.41797516,-0.038384166,-0.13189092,-0.08543932,-0.039996244,-0.107682236,-0.17127079,0.07830468,-0.3294676,0.026596537,-0.4910015,-0.095882624,0.08742387,0.1208782,0.5437354,0.0336716,-1.4970456,-0.24780203,0.05086876,1.0287907,0.31430277,-0.17979988,0.44509056,-0.049425405,0.003205447,0.38643017,0.06846341,0.008966406,0.12444246,-0.10956812,0.06359998,0.007186408,-0.25649682,-0.17299168,-0.15228601,0.19567983,0.1324243,-0.21077241,0.03801069,-0.38559726,-0.018431878,0.11422541,-0.3645833,-0.13812152,-0.042341653,-0.78052074,0.25114307,-0.16642737,-0.10486972,0.062383503,-0.18308423,-0.069100186,0.027905822,0.15030722,0.018268144,-0.21168286,-0.19643654,-0.3493027,-0.192524,0.6339083,0.086343765
180,neutral,-0.4450733,-0.014265674,0.043199863,-0.41097364,0.09645556,-0.014040356,0.14134468,0.3015408,0.020830175,0.06041837,0.3080717,-0.1392111,-0.11764318,-0.058263898,0.19307481,-0.2875249,0.15169704,-0.026283573,-0.06332341,-0.08925378,-0.050699223,-0.06800664,-0.035641976,0.021041587,-0.07459644,-0.16426219,-0.0067132553,-0.15110268,-0.1743894,0.029505337,-0.10752674,0.3346227,-0.03000363,0.21766564,0.09721725,0.30152985,-0.05656449,0.1299081,0.012881083,-0.258294,-0.09097562,-0.22920382,0.104320444,-0.1418375,-0.22893187,0.06129676,-0.17628057,-0.13594079,0.17073484,-0.38055593,-0.045137458,0.15645316,0.1685532,0.5119022,-0.11443392,-1.435191,-0.37127653,-0.110352986,1.0731831,0.300142,0.12489878,0.23315185,-0.0016376398,0.1057566,0.26238137,0.08611374,0.078771055,0.22121811,0.18717358,0.06543271,0.10986968,-0.13267697,-0.084831946,-0.41957214,0.16216415,0.33811563,0.0027426304,0.033821125,-0.54785043,-0.029124925,0.26073116,-0.22181484,-0.102159,-0.13028352,-0.8397016,0.15847278,-0.030818017,-0.0017467162,0.053185925,0.28994903,0.03493609,0.15741496,0.11686867,0.058769196,-0.08474764,-0.10768047,-0.090010695,0.0021911792,0.47698736,-0.08675324
181,neutral,-0.042657126,0.16094473,0.09859981,-0.31010252,-0.10054612,0.18071198,-0.3878654,0.06942807,-0.34096447,-0.15220594,0.049772043,-0.033707663,0.3845241,-0.122415915,-0.0007222823,-0.31943437,0.086271465,-0.14670287,-0.20439929,0.30940178,0.29580018,0.08604124,-0.1963655,0.001293853,0.39866766,0.18489285,-0.15503624,0.06687657,0.21720089,0.25070348,0.20562252,0.3801658,-0.04301356,-0.2299305,-0.13026299,0.21495223,0.064091265,0.09376622,0.17031796,-0.06940903,-0.28799927,0.049925923,-0.071257085,-0.25021434,0.02792711,0.03397056,-0.08531696,0.13078506,0.1651805,-0.40571472,0.019961933,0.012255135,-0.004121049,0.78398675,-0.053611737,-2.0224373,0.06250309,-0.13910966,1.5563862,0.41761646,0.32378802,0.4093402,-0.068205744,-0.2575704,0.57026666,0.16658364,0.04337226,0.06762916,-0.024466729,-0.27094406,-0.035176918,0.0064296364,-0.027270412,-0.29751116,0.099578544,0.12681687,-0.101940975,-0.28056428,-0.73847044,0.07605505,0.2463458,0.0897443,-0.18889782,0.20041275,-0.9558834,-0.5290304,0.07409775,0.19999526,0.27721396,-0.1741377,-0.041580375,0.049877346,-0.074442446,0.15154195,-0.38509154,0.29306394,0.14577618,-0.27464274,0.28430682,-0.033147093
182,neutral,-0.23154925,0.1639464,0.2665991,0.0026292568,-0.08827522,-0.36324385,-0.15458442,0.26555985,-0.021738946,0.35141963,-0.017941913,-0.2541266,0.23049776,-0.02973501,0.12028425,-0.503903,-0.01672001,-0.12483057,0.24563181,-0.31431034,0.4120603,-0.35592687,0.23164333,-0.09344298,0.12514795,0.29603907,-0.2423495,0.078882076,-0.1396075,0.058206107,-0.10688562,-0.053243667,-0.19848567,0.09667693,-0.1563871,0.1669071,0.17549127,-0.03603327,-0.025694126,0.06391888,-0.33977398,-0.24119298,-0.074922465,-0.40451482,0.6693179,-0.0734917,0.2221026,0.2929368,0.10685772,-0.43656525,0.2324844,0.09378069,0.2863599,0.7498623,-0.047609605,-1.3344737,-0.015000732,-0.11517742,1.033896,0.094176225,-0.47428125,0.80460685,-0.25336576,0.061373528,0.04692798,0.34326023,0.075095825,0.026772246,-0.28865597,-0.08358184,0.4154864,-0.5300839,0.21821435,-0.51888907,0.040406704,0.030012727,0.23614171,0.045563184,-0.5501825,-0.03160013,0.57377815,-0.050942067,-0.39917138,0.12861176,-0.67850846,0.08138436,0.08183686,0.08085385,0.24315642,-0.110874645,0.14643514,0.1628128,-0.3121047,-0.058834165,-0.55168605,0.61784,0.13324255,-0.032570407,0.2335594,-0.031103022
183,negative,-0.39250857,0.067437574,0.5099922,-0.1390522,-0.38218802,-0.53281707,0.17213428,-0.17628388,-0.1363841,0.86326516,0.3021584,-0.3882996,-0.072603725,-0.057966545,0.3425831,-0.30136788,0.18990439,0.046851467,0.0010822711,-0.12260802,0.35918355,0.016254403,0.048347287,-0.14810967,0.19488752,0.2159566,-0.48348936,0.38187355,0.19611403,0.06375939,-0.18003388,0.37219685,0.08091394,0.23283438,0.30348694,-0.026044212,0.23765895,-0.28142124,0.14575188,0.096409455,-0.26161495,-0.136775,-0.043409616,0.17895249,0.57323676,-0.035497285,0.30075118,-0.25494775,-0.04264374,-0.46302566,0.20486376,0.38542685,-0.13584563,0.6002669,0.031643692,-1.1296611,0.35301036,-0.16652052,1.4565451,0.5657592,0.15960905,0.6744563,0.30046883,0.400632,0.010781417,0.22561616,0.0022306256,0.15607892,-0.26745656,0.46212438,0.30230674,-0.5480736,0.18782534,-0.40728426,0.011614249,-0.029359013,0.36109608,0.4588446,-0.39908025,0.14911854,0.59710944,-0.2120485,-0.29991266,0.03222315,-0.56862193,0.21010856,0.53507704,0.19516997,0.086190805,-0.08508727,-0.093624964,0.26044503,-0.2856179,0.017661724,0.09202252,0.48482615,-0.049288873,-0.07302349,0.10370068,-0.02750165
184,negative,0.017325329,0.3058058,-0.32695955,0.13054167,-0.050832953,0.5240101,-0.43076456,-0.38525617,0.38807154,0.43855953,-0.073555715,0.29257897,0.37813756,0.054643948,-0.022400644,0.22828023,-0.02595769,-0.5319599,-0.6076518,-0.09221408,0.7238233,-0.3077352,0.76966345,0.023330815,-0.1547073,-0.44240293,-0.18620582,-0.052863255,0.57378393,-0.32185897,0.32149428,0.30552277,0.2583159,-0.007310399,-0.25228795,-0.24180542,0.27896732,0.1466205,-0.100720815,-0.3706345,-0.81259197,0.031496115,0.52468145,-0.2543777,0.32428643,-0.41993752,0.61063004,-0.37358236,0.017830556,-0.37136683,-0.4117304,-0.35431054,0.42385864,1.5604761,-0.29962927,-1.4321078,0.090736195,-0.2529253,1.7314051,0.38340175,-0.12789173,0.5087185,-0.3651635,-0.35409036,0.8748211,0.32444927,-0.061945394,-0.22238383,0.30023965,0.16856642,0.34543404,-0.53418195,-1.0844074,-0.4139595,-0.14177376,0.32613784,0.032148756,0.7738489,-1.5874664,0.12659983,0.88940066,0.17048253,-0.28217345,0.33018813,-0.9843108,0.37763125,0.08455389,0.0848606,0.13741392,-0.40346664,0.5436165,-0.52258444,-0.618777,0.4172701,-0.91130584,-0.12602967,0.013141705,-0.04395094,-0.12534687,-0.2529484
185,negative,-0.081143305,0.3478641,0.20026405,-0.2062306,-0.19988453,0.08160331,-0.031959455,0.025769701,0.006158456,0.19901615,0.1448826,-0.065055676,0.30673867,0.028349115,-0.056028325,-0.042996757,0.04678564,-0.11491227,-0.42731848,0.15631065,0.40302902,-0.042788863,0.059293628,-0.03544362,0.007926365,0.09269666,-0.2374832,-0.2316419,0.37056324,-0.03263982,-0.075990535,0.16397668,-0.048425596,-0.049267042,0.09242906,0.024605036,-0.13264297,0.069335125,0.08855337,-0.1030814,-0.23724368,0.04752625,0.080878116,-0.2933127,0.017936673,-0.0660971,0.107371874,-0.10821977,-0.090799995,-0.5788371,0.019362409,-0.06210745,0.090999484,0.8986323,-0.079249,-1.7447542,0.094296396,-0.11510416,1.1620592,0.36888903,0.04836336,0.6858582,-0.15252812,-0.043856736,0.61049473,0.16618077,0.21753143,0.1272808,-0.11641834,0.026514482,0.18721417,-0.33440942,-0.23790412,-0.1930862,0.15581146,0.1683901,0.020024268,-0.0194974,-0.62814796,0.049351186,0.6224638,-0.031704333,-0.24023204,0.16758506,-1.0485941,-0.18279132,-0.042677563,-0.09771721,-0.030592056,-0.2286327,-0.03956711,-0.08979485,0.005194534,0.05269996,-0.548023,-0.08629236,0.011048274,-0.038966555,0.3251804,0.06534411
186,negative,0.17352651,0.17702676,0.22210129,-0.59753627,0.031006519,0.24162392,-0.12555611,-0.027093323,-0.026708253,0.12791607,-0.04634966,0.03995108,-0.13396722,0.31736076,0.07667605,-0.25433192,0.23117082,-0.15048671,-0.57025987,0.053094346,0.18567017,-0.08335967,0.06580549,0.10173887,0.14702237,0.12769644,-0.061665855,-0.7013304,0.055785544,0.23943478,-0.009431295,-0.12337406,-0.003476357,0.064500116,0.03767431,0.37493,-0.29067293,-0.18188855,0.41997617,-0.09433796,-0.20043689,0.099752605,0.15502022,-0.06666895,0.01761406,0.034269337,-0.179169,-0.2935852,0.0156954,-0.19233905,0.03544255,-0.43295777,0.21353036,0.7442621,0.003162373,-1.2341543,0.24926129,-0.036547974,0.5238261,0.3466522,-0.015943503,0.26645985,-0.3657074,-0.42506707,0.40974334,-0.06755894,0.43961114,0.3880112,0.055509523,0.25532833,0.1214935,-0.19835581,-0.23358996,-0.031045925,0.019041365,0.12640205,0.10188691,-0.112424515,-0.25459468,0.38143006,0.342143,-0.01953335,-0.0079246275,0.014203485,-0.8519491,0.12521653,-0.2780758,-0.09431926,-0.05575343,-0.051333673,0.1402939,-0.28581113,-0.013058449,-0.055848956,0.10559077,-0.07904587,0.035305537,-0.081000745,0.11152191,-0.4140759
187,negative,0.17352651,0.17702676,0.22210129,-0.59753627,0.031006519,0.24162392,-0.12555611,-0.027093323,-0.026708253,0.12791607,-0.04634966,0.03995108,-0.13396722,0.31736076,0.07667605,-0.25433192,0.23117082,-0.15048671,-0.57025987,0.053094346,0.18567017,-0.08335967,0.06580549,0.10173887,0.14702237,0.12769644,-0.061665855,-0.7013304,0.055785544,0.23943478,-0.009431295,-0.12337406,-0.003476357,0.064500116,0.03767431,0.37493,-0.29067293,-0.18188855,0.41997617,-0.09433796,-0.20043689,0.099752605,0.15502022,-0.06666895,0.01761406,0.034269337,-0.179169,-0.2935852,0.0156954,-0.19233905,0.03544255,-0.43295777,0.21353036,0.7442621,0.003162373,-1.2341543,0.24926129,-0.036547974,0.5238261,0.3466522,-0.015943503,0.26645985,-0.3657074,-0.42506707,0.40974334,-0.06755894,0.43961114,0.3880112,0.055509523,0.25532833,0.1214935,-0.19835581,-0.23358996,-0.031045925,0.019041365,0.12640205,0.10188691,-0.112424515,-0.25459468,0.38143006,0.342143,-0.01953335,-0.0079246275,0.014203485,-0.8519491,0.12521653,-0.2780758,-0.09431926,-0.05575343,-0.051333673,0.1402939,-0.28581113,-0.013058449,-0.055848956,0.10559077,-0.07904587,0.035305537,-0.081000745,0.11152191,-0.4140759
188,neutral,-0.2846192,-0.10476774,0.18677594,0.20185193,0.06158285,-0.17209928,0.037734643,0.120438375,0.018348511,0.17230822,-0.11850038,0.1118451,0.8238905,0.12770082,0.0648504,0.08652164,-0.37521,-0.11083254,-0.6043038,-0.37997234,0.24576527,-0.35433406,0.29155612,-0.11506987,0.1742297,0.07729127,-0.45388746,-0.25258636,-0.09847585,-0.31315526,0.12116684,0.046569206,0.14399952,-0.13270031,-0.08677038,0.0072450964,0.33340147,-0.24787943,-0.35155103,-0.13631897,-0.42466965,0.25496492,0.68424153,0.014508064,-0.09549698,-0.49071482,-0.08397224,-0.12589045,-0.28017485,-0.45951793,0.407972,0.11400852,0.023379683,0.8730437,-0.25450885,-1.7251921,0.23673388,-0.34987932,1.4170082,0.47611812,-0.16603945,-0.10413719,-0.783652,-0.51881313,0.72612756,0.27382737,-0.27902704,0.19861692,-0.007266403,-0.53997934,0.38220185,-0.48675683,-0.36197177,-0.5468462,-0.014401199,-0.22658704,-0.28167975,0.19866349,-0.92771095,-0.104646996,0.44279486,-0.33289045,0.027231138,0.0007127498,-0.66069555,0.29475412,0.34262004,0.16262218,-0.21788095,-0.3347078,-0.34842077,0.04371054,-0.545817,0.057726678,-0.6740631,0.38498762,0.044645634,0.22806151,0.518741,0.3468701
189,negative,-0.22847667,-0.13653047,0.15845141,0.103597045,-0.06359697,-0.29772663,0.10474518,-0.02956584,0.053390108,0.682655,0.0524829,-0.14652064,0.20679265,0.12343638,0.10638021,0.027131272,-0.15233847,-0.29248843,-0.47468463,-0.05904685,0.3989895,-0.21677966,0.14068753,0.021914063,0.17487079,0.18256728,-0.3810301,0.15446065,0.33878952,0.08570151,-0.16118236,0.116239674,-0.1781453,0.29330504,0.06520461,-0.090877995,0.20498803,-0.19459406,-0.034877717,0.05894176,-0.6243118,0.07473864,0.16002616,0.18061113,0.3342015,-0.32617056,0.29370335,0.013773958,-0.09345698,-0.36014396,0.23643693,0.4211518,0.2913837,0.9168355,-0.22997041,-1.6520839,-0.17495938,-0.07541931,1.1598331,0.3316388,-0.10145577,0.5334917,0.16811098,-0.17986545,0.31200847,0.2578758,-0.047013436,0.28061515,-0.28418472,0.012246815,0.16843371,-0.52898496,-0.17536137,-0.35799927,-0.173894,-0.04863184,0.21830222,0.17306061,-0.7776359,0.082737535,0.8736605,0.017646015,-0.21247374,0.09482181,-0.57370114,0.054936018,0.3374589,0.24248575,0.116111435,-0.18899335,-0.08474929,0.44514024,-0.20043164,0.050137386,-0.530997,0.26164526,-0.11829142,0.12643874,0.38957843,-0.034553397
190,neutral,-0.18381871,0.042853195,0.14485085,-0.20518595,-0.1469146,-0.072425395,-0.11636599,-0.053929977,0.118374355,0.01836219,0.029757787,0.046292193,0.14075512,-0.004892016,0.07576965,-0.012405566,-0.13904966,-0.074953035,-0.35583273,0.17503415,0.19786888,-0.11628817,-0.016525678,-0.29141766,-0.08477035,0.09195213,-0.10091734,-0.104945265,0.089281276,-0.07534043,-0.070079304,0.17011614,0.02114095,0.041515585,-0.115189284,0.22485162,0.0064596427,0.048367236,0.019152626,-0.10904504,-0.3977097,0.06936823,0.17915022,-0.09840834,-0.091754034,-0.28210598,0.14854833,-0.059486575,-0.11505746,-0.57755,0.027254168,0.065505445,0.22637974,0.6238974,-0.24611357,-1.4433949,0.13264635,-0.046837125,0.763077,0.26286566,-0.13978486,0.42076987,-0.17175877,-0.3039684,0.4089342,-0.034694783,0.25265947,0.32246327,-0.21550678,-0.110644415,0.13609302,-0.27067438,-0.16173823,-0.5300526,0.051856194,0.17231034,0.021173887,-0.08038244,-0.59812635,-0.027138239,0.38830653,-0.2397947,-0.23429796,-0.14129315,-0.917186,-0.18402123,0.0631594,0.068352304,-0.038089775,-0.2743236,-0.065569565,0.02971291,-0.10333967,0.0027188624,-0.29486468,0.03197366,-0.1764542,-0.2883973,0.1040543,0.18322133
191,negative,0.16691512,0.13228692,0.17193764,-0.22297633,-0.067321286,0.2282076,-0.031441994,0.03065227,0.060984734,0.39785755,0.14049782,0.107218,0.24807353,0.32905975,-0.21310773,0.067078695,0.16855115,-0.022685684,-0.7595899,0.3494126,0.17746739,-0.19455154,0.19992225,-0.12285693,-0.091342136,-0.085327104,-0.18609701,-0.43456066,-0.03395572,0.097256646,-0.06456047,0.19167915,-0.034027647,0.19116081,-0.08050839,-0.12208868,-0.0038758833,0.073955685,0.29472265,0.11279651,-0.69509494,0.0022694317,0.24859063,-0.22986081,0.09607238,-0.11048451,0.07748259,0.017949905,-0.11023481,-0.47598043,0.16005965,-0.1984636,0.031818792,1.019466,-0.21965003,-1.859861,-0.28601012,-0.2092289,1.451357,0.3773975,-0.13178748,0.5290516,0.11258412,-0.1045859,0.5905029,-0.09444493,0.18981983,0.3409597,-0.1032381,0.3904409,0.06896591,-0.36806083,-0.20070781,-0.116865955,-0.11430493,0.19201255,0.22902021,0.0630865,-0.8189223,-0.110324055,0.50746846,0.28269216,-0.25078085,-0.16889293,-1.0607884,-0.35024214,0.065792724,0.07020517,-0.059491858,-0.3009794,0.026577486,-0.20800468,-0.10357762,0.121437594,-0.29509187,0.093840085,-0.23544621,-0.12839596,0.30605957,-0.033578765
192,neutral,-0.09020267,0.27633798,0.5209168,0.07835397,0.08372873,-0.2744395,0.11807668,0.238374,-0.11716334,0.3202248,0.15594591,-0.11127845,0.3483038,0.023741582,0.056144506,0.10312887,-0.009798377,-0.14490049,-0.45611376,0.022463592,0.36984912,-0.08705057,0.24349761,0.21486908,0.34260768,-0.14017452,-0.1597667,-0.12051154,0.0845081,-0.028932031,-0.10145747,-0.017629815,-0.03029928,0.026438145,-0.15263323,0.008288701,-0.13987723,-0.031657513,-0.33177114,0.044440735,-0.60767776,0.06570044,0.35652158,0.052003194,0.2235125,-0.17190729,0.4580251,-0.31847262,0.07535937,-0.5754672,0.10986426,0.0258019,0.12307828,0.964986,-0.15548891,-2.1292992,-0.22267437,-0.29975432,1.3757167,0.5455037,-0.39319384,0.6161085,0.015212217,-0.3030359,0.81653476,0.039103974,0.004403706,0.27951786,-0.0366014,-0.109468736,0.038296767,-0.17792706,-0.38991004,-0.33928284,0.08281727,-0.06405139,0.065473534,0.078745194,-0.9383208,0.02760875,0.6101012,0.10689319,-0.37735924,0.2430842,-0.88620687,0.122442365,0.10828747,-0.21444437,0.18194856,-0.19801667,-0.1384261,0.15269034,-0.1969761,0.30300352,-0.65316576,0.05832173,0.18712729,0.03399995,0.41080052,0.062768705
193,neutral,-0.17199208,0.25882295,0.28781384,-0.29862094,-0.12642846,0.31697673,-0.1029698,0.104730636,-0.05290627,-0.13073634,-0.08684321,-0.017252985,0.3209908,0.07874298,0.041698106,-0.25460878,0.14462426,-0.018144308,-0.07070357,0.2000454,0.17359066,-0.071304955,-0.020584488,-0.13277967,0.35201123,0.062231753,-0.15355547,-0.32884008,0.19289982,0.021844678,0.04706339,0.3196915,0.07668629,-0.025937336,0.2348909,0.18939103,-0.18557493,0.25462097,0.161298,-0.08840994,-0.20735794,-0.08981735,0.17035782,-0.3579426,-0.11256075,-0.027324496,0.019540453,-0.007570113,-0.079885766,-0.5058361,-0.116007805,-0.20072106,0.12312567,0.7538207,-0.13940632,-1.7963064,-0.18240464,-0.014347053,1.0546626,0.39502612,-0.13533777,0.5631868,-0.15437166,0.12728855,0.624862,-0.044062205,0.31537372,0.17388803,0.08359656,-0.07128988,-0.03828679,-0.25279295,-0.05634465,-0.25098643,0.11987568,0.22680154,-0.151158,-0.18648268,-0.36340514,-0.13065848,0.2258636,-0.14834933,-0.20007479,-0.06916228,-0.9949272,-0.24337098,0.053842742,0.004289407,0.13059886,-0.19225459,-0.055766456,-0.20353921,0.08117006,0.059116393,-0.5300338,-0.07897807,-0.3337489,-0.21065605,0.3031672,0.007862771
194,neutral,0.04278581,0.062899314,0.047049787,-0.4380228,-0.04646402,0.016770085,-0.16599455,0.08257047,-0.39707077,-0.24451432,0.11422288,-0.03173334,-0.09286947,0.11484023,0.09497123,-0.12335113,0.2061663,-0.017926967,-0.47015566,0.32797885,0.038780317,0.14516474,0.16623935,-0.08446261,0.3314659,0.0021532753,0.111871734,-0.43726146,0.101070546,0.30563733,0.124570675,0.4575773,0.09375345,0.25613752,-0.3118737,0.12806933,-0.19505721,0.22633141,-0.15540826,-0.31198812,-0.0025778697,0.10152655,0.14458132,0.05227322,0.013394615,-0.12556635,-0.038731344,-0.28851178,-0.042640477,-0.3828038,0.16180292,-0.2114844,0.37064472,0.5541076,-0.051484574,-1.2001489,-0.14594437,0.2411367,0.1562182,0.28977665,-0.004153395,0.38215533,0.24449389,-0.1250673,0.3340104,0.052137222,0.40252492,0.50036836,-0.15923086,0.17580694,-0.03938573,-0.057926625,-0.051401034,-0.14140388,-0.11551852,0.07620211,-0.018074924,-0.039974425,-0.038794264,-0.2338276,0.29093638,-0.062496815,-0.15519132,-0.0945471,-0.37212396,0.01953273,-0.0748329,-0.14341833,0.17227766,-0.12637384,0.34647825,0.06617904,-0.12493485,0.10945991,-0.08940002,-0.041761506,0.10176494,-0.1862067,0.057177182,-0.014371928
195,negative,-0.008937334,0.17545713,0.310524,-0.06865203,0.014566882,0.13097672,-0.12375548,-0.01293356,0.07198477,0.14056103,-0.011881049,0.06668574,0.13997641,-0.105559155,0.01023878,-0.14322695,-0.048227854,-0.038742486,-0.3493452,0.120441355,0.2772462,-0.05197712,0.0935068,-0.058338463,0.013591411,-0.026221065,-0.19971454,-0.25959626,0.2583307,-0.06065681,0.12734184,0.37096506,-0.07344259,-0.044283215,0.014868105,0.19739002,0.031105822,-0.06142248,-0.008673337,-0.15921295,-0.45424458,-0.09778828,0.22703752,-0.26754233,-0.09097388,-0.13470665,0.0935647,-0.12287269,-0.12539218,-0.52331734,0.13148417,0.020897962,0.19388081,0.81187004,-0.1426158,-1.5682472,0.08728421,-0.097022995,1.1307228,0.2232626,-0.07911293,0.36115655,-0.075877294,-0.17716342,0.4891507,0.042361133,0.25985205,0.24790041,-0.10770542,-0.031756338,0.10116689,-0.20080927,-0.2531941,-0.3181353,-0.02199323,0.021840055,0.04098919,0.00018296506,-0.6309245,0.118281424,0.4716004,-0.16088173,-0.2152175,-0.09011714,-0.8720476,-0.108842224,-0.008618812,0.22383764,0.05444587,-0.46461287,0.044530727,-0.11841295,-0.16568506,-0.07995991,-0.4491973,-0.037633616,-0.09944016,-0.09100781,0.30246517,0.14331649
196,negative,-0.048704095,0.057050213,0.3067244,-0.3687781,-0.060562167,0.08323656,0.030938914,-0.11738849,0.18744525,0.12922221,0.06751011,0.021470116,0.028435133,-0.063868344,0.10245853,-0.094531864,-0.08222497,0.10781987,-0.18877515,0.13314424,0.31660584,0.05442319,0.0629838,-0.16927883,0.06035416,0.08543217,-0.16537088,-0.05182945,0.19248104,-0.06218735,-0.015824575,0.4951218,0.13002047,0.08742912,0.09622125,0.049729366,-0.25481844,-0.040265966,0.10230942,-0.16146058,-0.050930507,0.0029567054,-0.037026208,-0.260123,-0.19138636,-0.2937586,-0.008716914,-0.2013534,-0.042735286,-0.6731746,0.06271165,0.28672004,-0.01139565,0.59170264,-0.23709998,-1.4893935,0.013440549,0.06948508,0.94670373,0.28794727,0.03810862,0.4560223,-0.047733203,0.13759936,0.4885432,-0.14117715,0.4993511,-0.07424744,-0.17708176,-0.16331328,0.062727004,-0.2430435,0.16725451,-0.04256178,0.047709454,0.056689516,0.008009393,-0.01371885,-0.0070599215,0.16213569,0.2799206,-0.07050265,-0.5566804,-0.09673784,-0.9005521,-0.09711494,0.19863886,-0.23692305,0.0031150838,-0.18240528,-0.07386455,0.10185079,-0.25959846,-0.28068092,0.0072609894,-0.24383873,-0.06814272,0.061935905,0.35240158,0.006860229
197,neutral,-0.13610657,-0.012700627,0.42693374,-0.25662354,-0.09135924,0.015456738,-0.13010435,0.28754517,0.17750862,-0.079659246,0.1407663,0.09890442,0.1751578,-0.056517947,0.05045498,-0.16136062,0.026683334,0.1702876,-0.23945853,0.057587683,0.12279864,-0.16862799,0.123561755,0.029640418,0.09474072,0.07915488,0.041616533,-0.12189037,0.19501294,-0.014274453,-0.1632032,0.12957771,-0.03464175,0.26823354,-0.032568436,0.19909503,-0.10149032,0.0038549686,0.04836287,-0.1832467,-0.23146899,-0.13222781,0.05428299,-0.17490126,0.07849864,-0.073890455,0.10641296,-0.1308441,0.023754464,-0.6283544,-0.03679116,-0.053324882,0.01851744,0.7191044,-0.20516485,-1.3881212,-0.18903635,0.030877158,1.0107453,0.25958246,-0.2588949,0.4281739,-0.2042745,-0.15208864,0.3082454,0.12567964,-0.12995966,0.13783069,-0.017378237,-0.002957579,-0.06352216,-0.32978278,-0.14570534,-0.1321944,0.09913616,0.019282423,0.14961734,0.06837291,-0.4947914,-0.10917723,0.3768823,-0.23847808,-0.05133272,0.16137812,-0.78303874,-0.05094153,-0.059231307,-0.040889196,-0.093263194,-0.02008837,-0.09835717,0.033364672,-0.10454466,-0.17734037,-0.2682327,0.24122265,0.21659715,-0.055897426,0.35029274,0.055597916
198,neutral,-0.09644905,0.027009347,0.25222307,0.050964583,0.19086663,-0.19106197,-0.112206504,0.032493673,-0.12206538,0.1421056,0.08894162,-0.07291845,0.21339098,-0.07747145,-0.039915625,-0.016911693,0.20229839,-0.06955274,-0.077594645,0.05115629,0.24382506,-0.11800968,0.10011891,0.16065618,-0.06277726,-0.07315508,0.0042210943,0.015312336,0.093523115,0.013054407,-0.022108153,0.3335994,-0.2189086,0.10666329,0.047695186,0.07547348,0.012173008,0.09710998,-0.075163215,-0.09528442,-0.21657309,-0.23095168,0.10962877,0.013823537,-0.0005184928,-0.0821538,0.13685791,-0.15795986,-0.020730102,-0.62083876,0.012443218,0.09289241,0.1296811,0.9265821,-0.14594565,-2.1683292,-0.24593484,-0.22757478,1.5262676,0.4513193,-0.12506051,0.46367472,0.055883214,0.026369505,0.4366197,0.014882559,0.14151397,0.26239777,-0.00054031797,0.035609066,-0.017862678,-0.13309018,-0.11565468,-0.3053344,0.11798637,0.056379873,0.0036352708,-0.10783459,-0.72768784,-0.016717326,0.53743196,-0.057697885,-0.26493925,0.2172594,-0.93181807,-0.2854129,0.19112264,0.09427679,0.17967793,-0.1268372,0.055845674,0.07528641,-0.049621623,-0.082262956,-0.31522676,0.08896501,-0.032144193,-0.1969426,0.4395389,0.16957498
199,negative,-0.035053026,0.3457874,0.23787282,-0.07530586,-0.20596927,0.021034406,-0.155023,-0.017977487,0.03383267,0.001313674,-0.04248633,0.07665391,0.1314291,0.08459917,0.022909189,-0.0653305,-0.022394435,0.053767763,-0.246405,0.19081298,0.33364674,0.07608021,0.100272015,0.014307211,0.13255197,0.067417525,-0.22839528,-0.20205969,0.07120617,-0.04760777,-0.04715026,0.1392316,-0.077834144,0.03484312,0.090544485,0.14338307,-0.033563003,-0.006625592,-0.009347685,-0.12847798,-0.35478544,-0.0244209,0.032984793,-0.24710685,0.031521592,-0.087327115,0.19809519,-0.14040819,-0.0068851802,-0.5862552,0.006123333,-0.06343552,0.099445984,0.8104208,-0.067384586,-1.763865,0.03508268,-0.1900873,1.109586,0.31211883,0.012310578,0.5401974,-0.1293733,-0.14304137,0.5210834,0.06447772,0.20918262,0.10494303,-0.029513443,-0.08426745,0.042025343,-0.24973257,-0.2351161,-0.21185942,-0.045841504,0.10381858,-0.076091,0.06039282,-0.5508182,0.09920295,0.5704573,-0.012317062,-0.24005622,0.07589644,-0.943384,-0.08305018,-0.0310179,-0.019818854,-0.19999692,-0.34385094,-0.08569344,0.007286588,-0.08315668,-0.12324345,-0.3546541,-0.07556991,-0.06521864,-0.037607986,0.46615672,0.07394956
200,neutral,-0.24375075,0.3646154,0.21459344,-0.27449834,0.062498763,0.37118915,-0.11495756,0.32515562,-0.23289727,0.0338734,0.024962664,-0.01676102,0.1479703,0.08224812,0.058064148,-0.21202464,0.32246038,0.35895985,-0.34614882,-0.090156965,0.2712796,0.20891605,0.06651791,-0.30925205,0.25310135,-0.12571107,-0.14271341,-0.17922406,0.08526,-0.17609262,0.17023224,0.3937262,0.09330568,-0.15223208,0.13774176,0.19553982,0.18122481,0.15217726,0.12159111,-0.00053901726,-0.16374086,-0.40259495,-0.076688595,-0.1442193,-0.12870136,-0.18625262,-0.018853549,0.014109856,0.09147384,-0.28969744,-0.030972382,-0.10263845,0.10017238,0.898599,-0.19672105,-2.1830828,-0.030641986,0.10339759,1.4577559,0.30997762,-0.22078855,0.8710563,-0.10449849,0.12646167,0.5434772,0.04647204,0.36832905,0.122257434,-0.00072651205,-0.26928464,-0.11482741,-0.22653522,-0.1387061,-0.393245,-0.03526468,-0.23636316,0.09576885,0.04739954,-0.2926305,-0.051682174,0.46840993,0.10379548,-0.48086357,-0.14912485,-1.0849435,-0.097025625,0.17582612,-0.18953653,-0.15042536,-0.11992342,0.059634194,0.071403496,-0.058996715,-0.30524623,-0.4419395,-0.23135589,-0.086098336,-0.18838161,0.61794883,0.43630466
201,neutral,-0.11726294,0.09035254,0.38565975,-0.1550101,-0.1851901,0.020347219,0.014114758,0.07205791,0.23627551,0.056142632,0.2672112,0.13289039,0.2230553,0.03250641,0.25824445,-0.4274858,0.02883233,0.22098976,-0.06747579,0.09160938,0.35357967,0.15981016,0.028595975,-0.1586248,0.06082285,0.00144506,-0.2196534,-0.20449093,0.22146486,-0.15793422,-0.096570015,0.28563967,0.062394906,0.16783114,0.09137814,0.18874374,-0.00941159,-0.011159327,0.20894523,-0.057466935,-0.29438415,-0.25093284,0.043674704,-0.20918785,-0.02429281,-0.043957856,0.095098644,0.050423,-0.106027305,-0.57738036,0.05291129,0.2514213,0.12197463,0.88113534,-0.0056902072,-1.7082747,-0.13929987,0.118919834,1.4691243,0.19128013,-0.035668336,0.7297762,-0.09501533,-0.012621942,0.580508,-0.018894067,0.36444366,-0.086471185,-0.10091789,-0.12056333,-0.10617669,-0.41472605,0.15176891,-0.30820432,0.2260724,-0.2177557,0.07267342,0.089914866,-0.5352349,0.23231544,0.33077964,-0.10720663,-0.28444755,0.03264773,-0.8727536,-0.14583924,0.08456451,-0.18806809,-0.120316096,-0.21607798,-0.038344134,-0.14138873,-0.060192104,-0.07428408,-0.4332709,0.1381142,-0.19913435,-0.0032480438,0.320451,-0.009475828
202,neutral,-0.30919966,0.16224264,0.29414642,-0.36224037,-0.12574168,0.2024888,0.002105687,0.047793634,0.28920814,0.014418533,0.26104662,0.11013734,0.18087907,-0.16279805,0.13347362,0.013763242,0.12237731,0.0060196533,-0.06661333,0.15220547,0.27405214,0.14011094,0.044871178,-0.39013028,0.11205218,0.33145612,-0.14733979,0.0073164864,-0.048450954,-0.012384858,-0.08583185,0.14559743,-0.2426777,0.30690223,0.03263351,0.08650601,-0.022098068,-0.01373768,0.017611187,-0.14011195,-0.48546898,-0.244793,-0.14616786,-0.2784096,-0.12361616,0.062950216,-0.12633045,0.120631404,0.19066808,-0.532344,0.26856184,-0.14670752,0.07429822,0.71298593,0.011755234,-1.5007824,-0.18055049,0.14037573,0.9012995,0.5118376,-0.0074533834,0.9685332,-0.22486997,-0.0007978442,0.5601957,-0.08044783,0.47126144,0.2124991,-0.07489228,-0.45564836,0.11000605,-0.13104485,-0.095677644,-0.035092764,-0.16062868,0.34681475,0.035400655,0.31642216,-0.4159014,-0.06713419,0.19435993,-0.058551956,-0.06620135,-0.10796681,-0.79827607,-0.13317667,-0.11754156,-0.0017229818,-0.32387483,-0.06761596,0.13953097,-0.05222166,-0.14248848,-0.27407604,-0.015119371,-0.0918767,-0.33466431,-0.17692022,0.5688726,0.20184529
203,negative,0.09141324,0.26493686,0.31916404,-0.13387495,-0.014669584,-0.18860936,-0.03177422,0.16911498,-0.012068829,0.43457058,0.12089094,-0.12175253,0.050313067,0.09879617,0.12451393,0.06734519,0.15511662,0.12194034,-0.13666229,0.011299362,0.19915701,-0.24231865,0.063110724,-0.2675199,0.34065413,0.06542952,-0.11016746,0.18280241,0.063462295,0.015563627,0.02254228,0.16726449,-0.24819139,0.1624494,0.07681282,-0.12973824,0.030458426,-0.15605348,0.027365757,-0.0829607,-0.09799475,0.025681363,-0.08321473,-0.14185323,0.15305683,-0.16748865,0.25257143,-0.07805519,0.010715063,-0.3555994,0.10527116,-0.010979735,0.08574433,0.6939244,0.022015011,-1.46316,-0.12130957,0.01087458,1.0366286,0.24898835,0.07010236,0.44181255,-0.045365714,0.17566562,0.58629566,0.026452182,0.14264,0.04179496,0.14095515,-0.07537198,0.06061767,-0.101813346,0.11476089,-0.018541338,0.037718136,-0.028510047,0.24247439,-0.10050503,-0.6598063,0.10401029,0.56041354,0.13757025,-0.2989463,0.066459246,-0.80788594,0.26502421,0.3081272,-0.01911493,-0.10866183,-0.21989177,-0.13501084,0.22897673,-0.1472361,0.11721452,-0.2228501,-0.20801723,0.078489356,-0.29508013,0.38347566,-0.09569079
204,negative,-0.019494431,0.26402652,0.231656,-0.21628812,-0.10496231,0.08662532,-0.10858172,-0.26074612,-0.120209716,0.007549383,0.14986807,0.0800239,0.08550193,-0.07113554,-0.037555967,0.06410696,-0.030033922,0.104839005,-0.25984943,0.34285906,0.17502443,0.044332765,-0.17933449,-0.23618999,0.095878944,0.48667857,-0.17871052,0.021694273,0.012607686,-0.12681556,-0.02509927,0.2519252,-0.10581722,-0.0770665,-0.024722619,0.13724999,-0.13978739,0.22654112,0.07909084,-0.13139497,-0.33603036,-0.029601239,-0.13705671,-0.20444475,-0.049011484,-0.25893444,0.4406428,0.035595838,-0.11295401,-0.23745619,0.15333878,-0.10421243,0.3502987,0.6032005,-0.1563488,-1.5206313,0.36848524,-0.16927823,0.6364678,0.21019194,0.18264954,0.43904755,-0.16416577,0.0091855135,0.5507598,-0.15545303,0.122637525,0.14466922,-0.06870997,-0.22849074,0.15591814,0.15206674,-0.043900665,-0.18004075,-0.0802969,-0.11193011,0.068207175,0.18219958,-0.5395306,0.13006538,0.19926503,0.27620706,-0.083509564,0.13792999,-0.78434616,0.07920558,-0.18101655,-0.17115581,-0.104553096,-0.38872367,-0.12063587,-0.0832007,-0.15569898,0.08864486,-0.040195394,-0.028442819,-0.20160341,-0.5509223,0.07826233,0.23262458
205,neutral,-0.2540403,0.078718804,-0.07449617,-0.29540262,0.26836136,0.060057785,-0.25060838,0.080376096,-0.055255946,0.093304045,0.3329719,-0.17084482,0.14573358,-0.415206,0.1731488,0.29877055,-0.15001087,0.00066908734,0.063572526,0.12646309,0.10981827,-0.06286926,0.09135299,-0.021352056,-0.19504967,-0.027333748,-0.038981393,0.2245108,0.2291388,-0.19790436,-0.0001326466,0.11698492,-0.2376518,0.34782842,0.18828993,-0.004741979,-0.098379485,-0.37659734,-0.008612803,-0.21085429,-0.14657812,-0.014467966,-0.24373831,-0.15301917,-0.16508314,-0.36575222,0.07064655,-0.37498447,0.14836025,-0.94262457,0.3316735,0.06486788,-0.060316645,0.79264736,0.12845336,-1.5260003,0.058420498,-0.146746,1.2056483,-0.16231716,-0.19669013,0.8467,-0.0028425416,-0.21685122,0.576145,0.3513693,0.31250706,0.106456555,0.20014012,0.020829642,0.2908242,-0.039606802,0.12630297,-0.08848184,0.091969706,0.37636513,0.1774071,0.12538218,-0.4170394,-0.00020878416,0.6449055,-0.10108794,-0.13816734,-0.13719495,-0.99124026,-0.21146753,0.12681311,-0.109324284,-0.008621435,-0.25986966,0.02307987,0.12647206,0.21641693,-0.58411866,-0.22227894,-0.22744669,-0.008256491,-0.3027128,0.41611,0.1481725
206,negative,-0.06907966,0.22135067,0.26967597,0.042986978,0.03443611,-0.09397838,-0.38153434,0.14351824,0.05746848,0.08778405,-0.099240966,0.22999404,0.07179992,0.019848535,-0.15661897,-0.27235532,-0.06039764,-0.023657339,-0.18383467,-0.17858881,0.13216795,-0.015945014,0.03097079,-0.072084695,-0.16357704,-0.10223536,-0.25416368,-0.40941152,-0.071621716,-0.09420706,0.04610942,0.18258919,-0.1720921,-0.057753105,0.06312048,0.0046763476,0.17491075,-0.0022240325,-0.18761826,-0.037164558,-0.33782002,-0.42118233,0.005601742,-0.08117297,0.15548699,-0.14639686,0.18253337,-0.07050606,-0.112424724,-0.91152704,-0.21043116,0.10790133,0.07170431,0.7550913,0.13641235,-1.9285277,0.13130511,-0.34877148,1.4962338,0.39706585,-0.028426599,0.3860411,-0.23426114,0.029988766,0.5905893,0.11523516,-0.011463564,0.15651098,0.3337971,-0.23095772,0.34723905,-0.36565065,-0.23325318,-0.34929344,0.084010966,-0.078389294,-0.17009793,0.16231251,-0.576566,0.0027580727,0.7385309,0.08720207,-0.32998613,-0.075383484,-0.7537203,0.019366397,-0.1008432,0.0038194754,-0.18707205,-0.15321234,-0.035296943,0.06878063,-0.18579313,-0.21489565,-0.45813906,0.085638635,0.13382201,0.025786998,0.4383462,0.180892
207,negative,-0.25630543,0.29754752,0.25456482,0.02458627,-0.1306737,-0.28594613,-0.36539155,-0.053335246,0.15346146,0.044435512,-0.07628746,-0.0106659485,0.30846834,0.01048821,-0.068897314,0.010233611,-0.12978971,-0.19182853,-0.33079284,-0.19865434,0.4136481,-0.13527803,0.09899362,0.099465124,0.061876766,-0.057384353,-0.3072493,-0.026101492,0.26067442,-0.01174828,0.009747669,0.0008601397,-0.18481706,0.095791034,-0.21185659,0.075145245,0.10127007,-0.2759947,-0.07866721,-0.07649905,-0.4221516,-0.20252834,-0.15071926,-0.15301447,0.31624395,-0.08779515,0.43794584,-0.082417466,-0.06737245,-0.78527725,0.10480388,0.031688314,0.031227576,0.8290719,-0.0258509,-1.646587,-0.07738916,-0.26561928,1.1471074,0.3954428,-0.07002731,0.5235221,0.006438651,-0.16619423,0.47825438,0.337666,0.08600072,-0.050981205,0.1422705,-0.13311672,0.32550532,-0.3087125,-0.28115422,-0.25859165,-0.057077397,-0.023758497,0.15512909,-0.037438646,-0.6736037,0.08885287,0.73626304,-0.09626621,-0.46448106,0.21712843,-0.6556179,-0.17998008,0.0902708,0.10150543,0.010129538,-0.38458523,0.01708529,0.20163652,-0.25012904,-0.027436424,-0.37714475,0.2367057,0.18184046,0.05244709,0.36468962,0.22112618
208,negative,-0.020409739,0.14908983,0.49555078,-0.4524265,-0.0857061,0.16955225,0.0732703,0.02908271,-0.21533622,-0.062919624,0.08409321,-0.17162438,0.05799724,0.18090306,0.16224061,-0.11175487,0.23126657,0.15608472,-0.5204843,0.30112746,0.23009746,0.088266455,0.09221736,0.09361879,0.29658812,-0.019091899,-0.22803184,-0.5459759,0.23820014,0.12112692,-0.18909287,0.5815924,0.015247829,0.116751835,-0.026560387,0.21670495,-0.3829933,0.19117852,0.023597416,-0.15599288,-0.24790537,-0.25269166,0.27701673,-0.3298154,-0.06877958,-0.09809767,0.024566194,-0.37308112,0.2026943,-0.7715583,-0.06913263,-0.059882715,0.19883776,0.9196606,0.13503318,-2.3733542,-0.2296525,0.09011906,1.2235073,0.6167019,-0.12080938,0.60754955,-0.24339333,-0.09414414,0.60190845,-0.07304452,0.5622586,0.5700232,-0.116522215,0.21537447,0.18338566,-0.21542437,-0.11985151,-0.40300444,-0.10180178,0.21056624,-0.2145662,0.06639705,-0.6515777,0.0999003,0.66304076,-0.06114583,-0.3588188,0.04194421,-1.4463098,-0.2669288,-0.22145528,-0.013705571,-0.12141345,-0.43887225,0.040306706,-0.19045994,-0.0873803,0.11782391,-0.54507506,-0.206774,-0.26311237,-0.06148918,0.3585698,-0.014255779
209,negative,-0.1058765,0.16386324,0.42632282,-0.07411428,-0.30262524,-0.09786677,-0.17489485,-0.080077425,-0.004617684,0.03278374,-0.040598735,-0.0075739655,0.38904026,0.048524953,0.08211302,-0.15401466,-0.121367685,0.020237178,-0.38084978,0.27695158,0.27548444,0.20155223,0.19850545,-0.09406314,-0.016679857,-0.10845244,-0.19304991,-0.3948656,0.3055154,-0.131384,-0.064861745,0.3925006,0.0044085025,-0.0515782,0.044752598,0.2149419,-0.15502271,0.10093262,-0.09807987,-0.08006641,-0.38285494,-0.09846466,0.084612414,-0.3082217,-0.17146331,-0.14217623,0.56122303,0.035252478,-0.07871465,-0.6295676,0.096675396,-0.059576374,0.026372055,0.93790364,-0.039538726,-2.123842,0.17392887,-0.0082110595,1.4133161,0.27293435,-0.13881683,0.70371234,-0.24127679,-0.09103542,0.77436405,0.10062942,0.3624511,0.33875757,-0.03182094,-0.32629457,0.22265585,-0.34627905,-0.27512643,-0.3801437,0.17218433,-0.19274165,-0.26470524,0.13566469,-0.51315284,-0.0983431,0.3932337,0.21628754,-0.5046975,0.053034697,-1.1121109,-0.07853174,-0.03094076,-0.030261721,-0.10649345,-0.38348073,-0.17673407,-0.053062413,-0.1732704,0.06876542,-0.45091352,0.11149258,-0.08211561,-0.111505955,0.3748129,0.41298956
210,negative,-0.0427389,0.22285159,0.11796035,-0.19515714,-0.023669314,0.21035726,-0.086266436,0.1738301,-0.08396028,0.26730776,0.02366139,-0.0074356017,0.2459503,0.30993596,-0.029162511,-0.16432731,0.10679496,0.014642029,-0.42468828,0.23925123,0.35740775,-0.2907933,0.108117945,-0.03484858,-0.019454304,0.0013803012,-0.30769855,-0.3006448,0.15098281,0.07521129,-0.13082924,0.36500496,-0.048328113,0.005164684,0.108575776,0.061270658,-0.17034134,0.12126932,0.27311194,0.038866196,-0.3243021,0.032038465,-0.09607601,-0.23848829,0.2573537,-0.05028803,-0.097854495,-0.18481383,-0.14825721,-0.4613618,-0.10899977,-0.08657041,-0.10785956,0.85730183,-0.10771829,-1.7045996,-0.1879572,-0.1554031,1.4074615,0.39825144,-0.011595954,0.47512478,0.017055819,-0.10648704,0.49545154,0.017861145,0.18916407,0.17771938,0.0077412133,0.05422001,-0.038964935,-0.2881667,-0.2204127,-0.27696985,0.104304105,0.23216456,0.013364443,-0.019134074,-0.5436395,-0.13526307,0.6175573,0.06331808,-0.3184533,-0.14627713,-1.0281221,-0.21011779,0.15671031,-0.049414936,-0.07663416,-0.13887662,0.013336032,-0.10653742,-0.008251519,-0.16968992,-0.44580293,0.077407055,-0.09427695,-0.18854547,0.17606643,-0.013347674
211,negative,-0.037934005,0.29940474,0.264075,-0.26184458,-0.00046451687,0.2826934,-0.2007994,0.1482068,0.12652242,-0.024138803,0.02550047,0.11018155,0.24395657,0.1354955,-0.009462548,-0.18479675,-0.0578299,0.1085209,-0.28359172,0.3245167,0.08594627,0.026309831,-0.097607516,-0.15068638,0.19633472,0.34232047,-0.13007851,-0.46769255,0.24728988,-0.34657335,0.19010523,0.27335146,0.038096696,-0.018198472,-0.122158274,0.14225507,0.051114276,0.23079634,-0.028790576,-0.18675296,-0.09466489,-0.12850817,0.0067364285,-0.4777061,-0.19105472,-0.05912931,-0.03098418,-0.10259387,0.027249483,-0.6004009,-0.0052016135,0.019520916,0.16745779,0.6771995,-0.022559552,-1.7566003,0.024181198,-0.025067013,1.063481,0.16840014,0.12189228,0.65085286,-0.39442903,0.071774,0.31416944,0.22413717,0.32030672,0.07156213,0.1617193,-0.41065553,0.17773761,-0.09230666,-0.035189882,-0.20325047,0.28253713,0.3900947,-0.07552422,-0.061549164,-0.46012667,-0.0061631994,0.27954024,0.14095744,-0.1672997,0.11417063,-1.0860913,-0.076752305,0.14284775,0.043816928,-0.27935532,-0.20078526,0.01139805,-0.0840772,0.051129226,-0.09368211,-0.40998566,-0.20871484,-0.04423641,-0.19578709,0.22696732,0.23763517
212,neutral,-0.08466062,0.03371001,0.06361794,0.46776712,0.0012441444,-0.3493396,-0.15849198,-0.24612395,0.15519169,0.26617178,0.056047503,0.0020734263,0.17510739,-0.18366913,-0.0040599643,-0.15411946,-0.1523529,0.1468323,-0.36687127,-0.07386041,0.35805368,-0.2638373,-0.10474978,-0.21360989,-0.15226935,0.2632001,-0.18507074,-0.20097108,-0.085495494,-0.19584015,-0.20411703,0.13633443,-0.3437032,-0.12141704,0.1196313,0.20822838,0.1598778,-0.2529169,-0.09994309,-0.4065567,-0.10923968,0.16635837,0.49971306,0.021141717,-0.11492822,-0.35075465,0.034737412,-0.021426128,-0.27865574,-0.31270474,0.03732664,0.06937773,-0.1723773,0.73897034,0.23339786,-1.0349576,0.5151204,-0.4713373,0.97931445,-0.216768,0.10461355,0.00069567666,-0.4641228,-0.2399421,0.68856674,-0.19697727,-0.14698501,0.13692003,-0.18426463,-0.32769164,0.18877245,-0.2624454,-0.16241966,-0.5340645,-0.32132858,0.14347142,-0.24772355,0.12586944,-0.53249055,-0.12827636,0.38597444,0.033559695,-0.06723171,0.06725104,-0.73306715,0.06083113,0.24854767,0.03340695,0.04386084,-0.27590817,-0.16938446,0.062620066,0.07995922,0.13329102,-0.2550633,-0.14397769,-0.12636143,-0.18290798,0.39307013,0.651629
213,negative,-0.04841277,0.058629043,0.25501233,-0.33686966,0.08472398,0.022707619,-0.21604809,-0.014857474,0.15739319,0.09954569,-0.15055138,0.0069338237,-0.03222978,-0.025385503,-0.09126553,-0.015927214,-0.02558338,-0.030413067,-0.5308885,0.100620165,0.66137916,-0.14552023,0.26368198,-0.35436317,-0.16619368,0.068290815,-0.41538322,-0.2694436,0.25079337,-0.14419247,0.3396968,0.23717418,-0.014600186,-0.019221308,-0.08448624,0.1321453,0.16069269,-0.33006558,0.09401019,0.16242076,-0.5689735,-0.072121896,0.30147702,-0.07457361,-0.093367375,-0.29069003,-0.018657118,-0.42911443,-0.32329854,-0.5421373,0.19023088,0.18988377,0.19098999,0.6600668,-0.048639413,-1.5993084,0.28580612,-0.2667108,1.1253227,0.21933381,-0.03265037,0.03203893,-0.003980959,-0.13253021,0.74011606,0.017987896,0.36029884,0.5370165,-0.09637795,-0.16130868,0.2713962,-0.52458084,-0.3232965,-0.16819645,-0.067450926,-0.18476655,-0.18253466,0.15786405,-0.81732863,0.032021157,0.3612443,-0.38149986,-0.05224286,-0.024948204,-1.0038182,-0.073224075,0.37190992,0.11248264,-0.038173776,-0.45403418,-0.08059315,-0.18625742,-0.32787144,0.583504,-0.4320936,-0.15732238,0.110039525,0.23496065,0.37875006,-0.059955567
214,negative,-0.17868397,0.27952015,0.24895087,-0.14533761,-0.08038179,0.4369581,-0.317213,0.019070305,-0.032258473,-0.08355165,-0.008743797,0.012968914,0.1569784,0.03648052,-0.010848407,-0.20194057,-0.12982158,0.049150433,-0.43765768,0.08503257,0.079600535,-0.020019125,-0.118171096,-0.03907474,0.21074611,0.24908817,-0.2689207,-0.26593465,0.33120376,-0.30615783,0.13127403,0.3576144,-0.030332575,0.06567752,-0.08751757,0.11286618,0.109284624,0.12656696,0.0897037,-0.16396208,-0.17639916,-0.18235622,0.073247835,-0.465442,-0.21122237,0.09168022,-0.069908276,0.03412877,-0.056682985,-0.6306016,-0.025439313,-0.029183162,0.1370548,0.83705306,0.09655873,-1.5963768,-0.020257302,-0.22491284,1.0867221,0.22521558,0.09196637,0.50607884,-0.37155646,-0.10428226,0.44211408,0.08489959,0.12961213,0.2605178,0.07121209,-0.41879356,0.08160279,-0.15539166,-0.05987418,-0.4191904,0.468031,0.31227082,-0.21885827,-0.020021476,-0.3367886,0.07331702,0.35253933,0.1688787,-0.219624,0.11609838,-1.1035829,-0.13282661,0.04118575,0.11089123,-0.44313398,-0.16868801,-0.118201785,-0.090678446,0.100239575,-0.11417802,-0.40048343,-0.16591078,0.043964483,-0.15453042,0.32527664,0.13713388
215,neutral,0.08241167,0.42575172,0.39967144,-0.27001068,0.33304438,0.08478695,-0.10072553,0.3231829,-0.41744962,-0.20793456,-0.42932868,-0.38086605,0.38731125,0.4465566,-0.01382522,-0.027766954,0.71588373,-0.01368702,0.043161023,-0.28858986,0.3243942,0.04840814,-0.047568653,0.035740964,0.102404974,0.42332315,0.101527326,-0.6462074,0.17193584,-0.2094022,0.4069014,0.44202006,0.06294033,0.09129055,-0.11142336,0.06241894,-0.11954484,0.3790044,0.171492,0.0018930561,-0.31431308,-0.5188991,-0.025539929,-0.18337831,0.065890804,0.110421054,0.29202965,0.23034726,-0.043544367,-0.5450047,-0.011215803,0.12263753,0.29233798,0.6743362,-0.23480007,-2.6019042,0.087176666,-0.03219616,1.5605261,0.37637538,0.028179621,0.39850378,-0.066042714,0.032657474,0.3605271,0.18366766,0.20301257,0.4363341,0.25824508,0.10765695,-0.0022360922,-0.14578341,-0.23538974,-0.041221447,0.25847763,0.26920465,0.23226807,0.162231,-0.5978036,-0.13412997,0.69455945,0.064324714,-0.30686718,0.28827748,-0.9609152,-0.18178998,-0.04012767,-0.040405884,0.21794853,0.03636134,-0.15418915,-0.5528866,-0.39167577,0.41771668,-0.91412014,0.29652342,-0.3381416,-0.22719151,0.20280387,-0.2620208
216,neutral,-0.28859174,0.106480114,0.013122199,-0.039980214,0.1263707,0.043112908,-0.09308434,-0.109298535,-0.034088466,0.39363417,0.2773657,-0.11111448,0.38610843,0.12788142,0.0969334,-0.057135593,0.05339108,-0.23150674,-0.36915284,0.010772808,0.1679382,-0.25018203,0.10975035,-0.10439439,-0.037519414,-0.0914858,-0.095457226,-0.32752234,0.25951126,0.089085735,0.08169215,0.16159143,-0.06041018,-0.10614517,0.04754624,0.03863115,-0.030614406,0.07959665,0.12402185,-0.021838166,-0.22677357,0.010307717,0.19938958,-0.1510241,0.21096613,-0.041519325,0.06042228,0.15499444,-0.20720403,-0.25233302,0.04774489,0.10281573,0.14424357,0.8866104,-0.07354921,-1.4921414,0.02280876,-0.27716947,1.2296754,0.58439994,-0.06010405,0.52799636,0.11355754,0.034969095,0.53542227,0.109405324,0.17201506,0.18159784,0.028700925,0.12520082,0.27877298,-0.31550464,0.023474867,-0.25073624,0.096507125,-0.024193905,0.057642158,-0.11641836,-0.41398036,0.1044797,0.47472164,-0.011530487,-0.46761635,0.18813795,-0.7466303,0.17932555,0.2585731,-0.07421479,0.18210354,-0.12820658,0.056185957,-0.08738226,-0.18681684,0.17382039,-0.25102484,-0.108398184,-0.00989484,-0.41333717,0.192149,0.10441568
217,neutral,-0.017669613,0.2581274,-0.051049158,-0.08570472,-0.27599686,0.19892028,-0.25068578,-0.040655132,0.09714558,0.16732016,0.101651795,-0.0029683043,0.21452965,-0.0051470334,0.07923618,-0.2217698,0.21373369,-0.15245487,-0.2661852,-0.024048297,0.004731667,-0.08597189,-0.09364361,-0.05001265,0.0035332353,0.01755248,-0.037096076,-0.09490232,-0.0233307,-0.088210285,0.031902462,0.30841413,0.113598704,0.14837477,-0.07014427,0.08771609,-0.22277428,0.03700363,-0.002601966,-0.371609,-0.2554128,0.17021628,0.13141018,-0.41796586,0.029208893,-0.3160115,0.071944974,-0.23627211,-0.17429657,-0.41787165,0.27768004,-0.050382413,-0.15620323,0.8230515,-0.12328836,-0.76624155,0.49779022,-0.62212956,1.381157,0.33605927,0.108801246,0.04672636,-0.12084588,0.04564629,0.6797713,-0.12186343,0.17777789,-0.0013407539,0.19737348,-0.024650915,0.008318924,-0.0673543,0.17896883,-0.28888482,0.18433629,0.4516789,0.02203434,0.031238843,-0.5175496,-0.25221914,0.4123877,0.15887158,-0.1273839,0.13496047,-0.9635623,0.012302788,0.20541374,0.075856194,-0.09085626,-0.36508465,-0.080864556,-0.14432058,-0.13529718,0.0316899,0.13359323,0.24495578,0.093700424,-0.2684845,0.084504835,0.3333999
218,neutral,-0.108045705,0.024111653,0.20937929,-0.0750961,0.012933745,0.06734741,-0.19206819,-0.120692946,0.18713842,0.057921376,0.031566296,0.22866234,-0.065887,0.07041446,-0.074945405,0.039140895,0.021536535,0.07545058,-0.50078577,0.13872059,0.11026953,-0.06057631,0.022207005,-0.08743411,0.058677834,0.043455917,-0.12829718,-0.11889544,0.18580955,-0.10293396,0.09724859,0.3604875,-0.113051675,0.06838185,0.04565479,0.13083369,0.08386397,-0.09041141,-0.0014373556,-0.07428736,-0.32073092,-0.092635795,0.06684455,-0.2725395,-0.18422423,-0.006514577,0.18173887,-0.056951012,-0.039734125,-0.52164257,0.12723881,0.010645507,0.04761075,0.84960747,-0.056560297,-1.4850221,-0.07106552,-0.191212,0.9790735,0.16097884,-0.2073131,0.5240245,-0.11755422,-0.053150147,0.5675179,0.00555263,0.29911676,0.23204632,-0.0659888,-0.007139312,0.03775277,-0.25697508,-0.15340617,-0.29636765,-0.05285472,-0.046101272,-0.041714538,0.0064766943,-0.607177,0.20663224,0.3798561,0.04155713,-0.15722387,-0.14890054,-0.9592617,-0.094692245,-0.010433333,0.29191566,-0.07740818,-0.19385587,-0.09814932,0.050878633,-0.062266648,-0.060247254,-0.124930486,-0.09726016,-0.05303755,-0.089662105,0.30460533,0.15761991
219,negative,-0.19696018,0.229944,0.09313656,-0.0009627819,0.0032330037,0.11024217,-0.032439608,-0.3101357,-0.044536345,0.4774623,-0.0034076672,-0.10771463,0.2580235,0.053869266,-0.051295023,0.016670503,-0.1554513,-0.14959018,-0.26593307,0.016373,0.38874334,-0.25027478,0.18155296,-0.21015133,-0.05166449,0.060218215,-0.20792809,-0.27803496,0.19726336,-0.02500901,-0.0032188701,0.22702782,-0.16007319,-0.11384209,0.20187174,-0.012309266,-0.021705028,-0.18752174,0.15854663,-0.079741985,-0.23643208,-0.022469822,0.11727941,-0.1906326,0.062568724,-0.17694588,0.22618578,0.064600684,-0.1997312,-0.3632733,0.07485945,0.10369718,0.09690978,0.93450797,0.13320705,-1.535061,0.05111364,-0.06833976,1.2098446,0.38141587,-0.0450498,0.40295634,0.017732894,-0.23525265,0.6055355,0.123617016,0.18233803,0.09879726,0.09376176,0.12904604,0.106419265,-0.3705753,-0.23314959,-0.11078477,0.022007653,-0.23788768,-0.049392622,0.046706356,-0.6831478,0.15650176,0.56086874,-0.04168899,-0.23088516,0.10087131,-0.9181699,0.21305294,0.03552557,0.0129382005,-0.15759778,-0.24134913,0.07372183,-0.12958366,-0.1301265,0.22757696,-0.24348606,-0.18774383,-0.09751072,-0.26380083,0.39120707,0.17647156
220,neutral,-0.24242266,0.077416204,0.20436467,-0.104824185,-0.046826545,-0.15510678,-0.034767922,-0.13421528,0.13163593,0.16869986,-0.049818333,0.0267713,0.119625844,-0.18193412,0.04738749,-0.18685196,0.039180994,0.031535957,-0.17440365,0.10717483,0.24115327,-0.13662426,0.18764181,-0.20868972,-0.027246455,-0.10219464,-0.08191459,-0.21879691,0.0791191,-0.06920911,0.045450747,0.3631002,-0.21587898,-0.10405996,0.021233672,-0.06429207,0.15823567,0.088349596,-0.11693245,-0.11681603,-0.41211632,-0.013243101,0.14077018,-0.22490221,-0.056859825,-0.28833586,0.2833137,-0.1378156,-0.1606673,-0.50112754,0.16685213,-0.070733346,0.12613215,0.77545136,0.18740924,-1.7503978,0.17508231,-0.022404274,1.0190381,0.37643948,-0.03687615,0.3387874,-0.22910859,-0.111431,0.6154087,0.18508796,0.2589319,0.20918368,0.04468295,0.011468486,0.16280726,-0.15992343,-0.20410413,-0.22236165,0.022479206,-0.10514045,-0.15313818,-0.040501233,-0.6679354,0.09772694,0.46469274,0.029497208,-0.3677462,0.0535082,-0.9443574,0.10274678,0.18024011,0.0449045,-0.04185725,-0.37574384,0.05298968,0.022822926,0.032580525,-0.050773002,-0.18526517,0.13537484,0.026298735,-0.20174551,0.3155495,0.21377629
221,negative,-0.007886577,0.19482808,0.15146792,-0.009896281,-0.15256079,0.16806164,-0.15896194,0.036953036,0.027014507,-0.008686425,-0.15856832,-0.071070485,0.3438256,0.033369567,0.0011207269,0.047443658,-0.009090869,0.022646748,-0.4962443,0.1239579,0.3605807,0.13092919,0.32782608,-0.24257027,-0.032096617,0.08570799,-0.16218248,-0.4651284,0.034336787,-0.09918493,0.041808564,0.40454745,-0.15108821,0.049923148,0.102044456,0.13984431,0.107357696,-0.091209956,-0.19349858,-0.24807286,-0.43150628,0.004382983,0.2014272,-0.22161217,-0.06452843,-0.11864771,0.16556478,-0.019342365,-0.3094572,-0.49724665,0.36800343,-0.032066353,0.04326283,0.8307374,-0.121272266,-1.6881056,0.011295568,-0.24399024,1.0859185,0.26940763,-0.12096663,0.16733634,-0.2345875,-0.14631562,0.6751769,0.09988104,0.19999623,0.40178663,-0.16933787,-0.32308915,0.053875677,-0.27209234,-0.09037484,-0.30504245,0.14868666,-0.12090366,-0.2555158,0.109600835,-0.6107071,-0.056990817,0.41924515,0.13867941,-0.1872781,0.09644052,-1.0957814,-0.048179112,0.20516008,0.13251956,-0.20061387,-0.30158833,-0.15973994,-0.26006302,-0.06538374,0.2134408,-0.37444213,0.12258911,-0.19170526,-0.04800818,0.37809196,0.14511935
222,negative,-0.19951107,0.14395978,0.50365794,-0.14682727,-0.09532022,-0.16162737,-0.28392556,-0.06753248,0.09576131,0.097288854,-0.02858306,-0.08161431,0.04185963,-0.093144886,-0.07407982,-0.07008937,0.03296868,-0.01332067,-0.39659083,0.20391962,0.1487394,-0.086175084,0.038094003,-0.14836228,-0.1617347,-0.03496843,-0.1749347,-0.23639594,0.22312349,-0.09667209,0.090710744,0.3456812,-0.15500282,-0.00025925756,-0.055473227,0.17236207,-0.0028325599,0.042879544,-0.07896376,-0.05638673,-0.47625715,-0.12669702,0.079055496,-0.24214962,-0.18392879,-0.3602736,0.021332892,-0.28933287,-0.16949755,-0.7160738,0.210131,0.1261742,0.049744003,0.75719213,-0.057485797,-1.8750777,0.20246512,-0.33396232,1.4516294,0.26561615,-0.054291576,0.3118609,-0.102221556,0.012741634,0.77230453,-0.08148953,0.23796299,0.36917982,0.0023272356,-0.08083707,0.07322653,-0.41212794,-0.26336554,-0.37766296,0.15328385,0.22082154,-0.08477264,0.008805552,-0.8293842,0.042512033,0.56988764,-0.105551876,-0.19444339,-0.031966373,-1.2184577,-0.14254233,0.14059299,0.23864414,-0.19527969,-0.43108672,-0.06996273,-0.16572636,-0.07383899,-0.11217425,-0.58921355,-0.11156424,0.04998465,-0.22742102,0.36183557,0.14813688
223,neutral,-0.18381871,0.042853195,0.14485085,-0.20518595,-0.1469146,-0.072425395,-0.11636599,-0.053929977,0.118374355,0.01836219,0.029757787,0.046292193,0.14075512,-0.004892016,0.07576965,-0.012405566,-0.13904966,-0.074953035,-0.35583273,0.17503415,0.19786888,-0.11628817,-0.016525678,-0.29141766,-0.08477035,0.09195213,-0.10091734,-0.104945265,0.089281276,-0.07534043,-0.070079304,0.17011614,0.02114095,0.041515585,-0.115189284,0.22485162,0.0064596427,0.048367236,0.019152626,-0.10904504,-0.3977097,0.06936823,0.17915022,-0.09840834,-0.091754034,-0.28210598,0.14854833,-0.059486575,-0.11505746,-0.57755,0.027254168,0.065505445,0.22637974,0.6238974,-0.24611357,-1.4433949,0.13264635,-0.046837125,0.763077,0.26286566,-0.13978486,0.42076987,-0.17175877,-0.3039684,0.4089342,-0.034694783,0.25265947,0.32246327,-0.21550678,-0.110644415,0.13609302,-0.27067438,-0.16173823,-0.5300526,0.051856194,0.17231034,0.021173887,-0.08038244,-0.59812635,-0.027138239,0.38830653,-0.2397947,-0.23429796,-0.14129315,-0.917186,-0.18402123,0.0631594,0.068352304,-0.038089775,-0.2743236,-0.065569565,0.02971291,-0.10333967,0.0027188624,-0.29486468,0.03197366,-0.1764542,-0.2883973,0.1040543,0.18322133
224,neutral,-0.20928718,0.17887862,0.10294032,-0.39954007,-0.1848686,0.109162696,0.13504063,0.24050568,0.043790173,0.38177082,-0.08392154,-0.41670257,-0.05158501,0.08985582,-0.42090985,-0.1849908,0.13207579,0.015757864,-0.59796673,-0.23954608,0.8011887,-0.31226027,-0.0706819,0.31089035,0.4823355,0.1605099,-0.09115249,-0.0077255974,0.3011127,0.041034743,-0.313046,-0.07184871,-0.51099986,0.19625376,0.2829539,-0.43939084,-0.28698736,0.14949663,0.084901094,-0.2682895,-0.019134482,-0.20523152,0.1615334,-0.3966147,0.1511786,0.26784685,0.19743706,0.04491106,-0.22098228,-0.49852934,-0.32030812,0.67078406,-0.13080148,0.8958649,-0.0774908,-1.5300769,-0.28959623,-0.17695521,1.0130004,0.19716436,-0.05242635,0.34605753,0.09799836,0.14189091,0.13503173,0.20055166,-0.2459859,0.006028276,-0.06470996,-0.12637746,0.045288295,-0.51047254,-0.03478838,0.14716329,-0.048137076,-0.24035072,0.21137443,0.01033549,-0.7270838,0.27422482,1.4859184,-0.15448207,-0.33830416,0.48767096,-0.73968256,-0.15801837,0.11057016,0.17831874,-0.070028774,0.09774787,0.09682598,0.044016086,0.13440233,0.19806837,0.06317176,-0.16365112,-0.23484391,0.09354813,0.1643639,0.17291722
225,neutral,-0.08763135,0.3175756,0.3703103,-0.103172526,0.0136597995,-0.3763245,-0.48837766,-0.02708592,-0.044103425,-0.26602435,0.065558776,0.019619944,0.096884176,-0.02376358,-0.103042595,-0.21164286,-0.0070535964,0.16946252,-0.35784954,0.14264803,0.09343835,0.1863606,0.04597526,0.020964824,-0.24478455,-0.044821505,-0.07071139,-0.4331288,-0.060768023,-0.014302591,-0.09742865,0.42858607,-0.22248794,-0.10331927,0.040222656,0.34300962,0.14739148,0.22963415,-0.15815465,-0.15760256,-0.31163663,-0.3135785,0.007844092,-0.16036244,-0.023481572,-0.13580692,0.1792116,-0.02804433,-0.29976308,-0.985737,0.1190787,-0.15714322,-0.0663177,0.6998681,0.11960764,-2.0800061,-0.030601338,-0.060759224,1.5682833,0.35428548,-0.097069,0.33052936,-0.33371535,-0.22728704,0.5655798,0.2100858,0.30792233,0.25176215,0.45036516,-0.2836648,0.08034188,-0.2819033,-0.26922762,-0.33441654,0.09321708,-0.08208957,-0.1831851,0.019862816,-0.79760504,-0.19243751,0.82465184,0.04135902,-0.35255763,0.10036868,-1.203874,-0.33681574,-0.221661,-0.13618924,-0.12503336,-0.39832994,0.18264523,-0.08070354,0.08898371,-0.28132704,-0.32114944,0.24655019,0.010044205,-0.30051082,0.64207107,0.24837165
226,neutral,-0.09433504,-0.026185242,0.08431242,-0.19639322,-0.0021099623,0.20265038,0.074342966,0.3027656,-0.16582194,0.002377221,-0.04359977,-0.0644946,-0.044151075,-0.011477077,0.12797286,-0.18154281,-0.10779131,0.13600916,-0.22708055,0.1809992,0.14486316,0.03758548,0.14385833,-0.1669297,0.46327287,-0.05376052,0.06960194,-0.17850491,0.2423114,0.04834696,-0.27182174,0.2048161,0.16881086,0.06225039,-0.007952207,0.11390059,-0.039855547,0.12775289,-0.047057547,-0.095218875,-0.14779106,-0.001205077,-0.095497996,0.07770064,0.060804747,-0.034028925,0.12787357,-0.14136064,0.015223297,-0.5798245,0.107145056,-0.3204507,0.060787752,0.6528747,-0.020800324,-1.7192171,-0.13290507,-0.0073919855,0.55656826,0.25716767,0.10051779,0.5954679,-0.13117215,0.06711722,0.3635089,-0.025128724,0.45884085,-0.013419813,0.044972256,0.072261885,-0.020400593,-0.016956659,-0.14547285,-0.4649575,-0.034874704,-0.019822737,0.0911251,0.14893234,-0.31560034,0.29053092,0.44261837,0.06626039,-0.36913386,-0.0147107225,-0.5508012,-0.20699991,-0.08094321,0.1093237,-0.013198928,-0.13964152,-0.029449478,0.019988587,-0.09162841,-0.022875551,-0.35903093,-0.10069401,-0.14878216,0.0315812,0.44104475,0.16641505
227,negative,0.026669346,0.33198848,0.26532793,-0.12060904,-0.094599955,-0.0678938,-0.25900698,0.16191334,0.010902564,0.023786213,0.18298711,0.10962375,0.017453654,0.042319514,0.013018877,-0.32338285,-0.0250899,0.13429458,-0.23790614,0.26555505,0.28919542,0.14131995,0.06577348,0.16602847,0.08389035,-0.15662214,-0.2132521,-0.43641484,-0.0069715893,-0.19081834,0.043632332,0.4193958,-0.053925678,0.024662029,-0.037456445,0.2726734,-0.024889277,0.10436607,-0.027253417,-0.054782152,-0.12180451,-0.25158152,0.05095786,-0.18054397,0.014119966,0.009888855,0.13995673,-0.27695858,-0.10407445,-0.75215447,-0.031417597,-0.08403148,0.0050366367,0.85640967,-0.036998607,-1.8567659,0.01347831,-0.21534973,1.4398917,0.3704705,0.014794185,0.30986336,-0.1732263,-0.10013747,0.48242766,0.15185915,0.20118226,0.19931592,0.17993942,-0.25461563,0.046962317,-0.19208032,-0.21731928,-0.1728082,0.072492614,0.05506438,-0.08927962,0.102978244,-0.72874933,0.0990961,0.589594,0.104118526,-0.31116828,-0.04112969,-1.0064138,-0.18615493,-0.041385718,-0.02810184,-0.19623055,-0.27805573,-0.021776514,-0.023628278,-0.028878752,-0.3294833,-0.533372,0.043318983,0.21068524,0.01175297,0.5458397,-0.02163983
228,neutral,-0.19422214,0.16415033,0.31262872,0.3321066,-0.3254301,0.060098544,-0.20038858,0.11056427,0.31318384,0.02766025,0.2915337,0.35785255,0.20787144,0.21957622,0.031198941,-0.06731864,-0.1033855,0.28322035,-0.769453,0.21393716,0.38457084,-0.47427985,-0.048306335,-0.32798833,-0.025256261,0.41244507,-0.26365158,-0.3154482,0.55405295,-0.13712406,-0.051890716,0.16850907,-0.24630523,-0.16942695,0.24067703,0.065275915,0.26499447,-0.4295237,-0.118660346,-0.17303509,-0.37355524,0.21779966,0.42417896,-0.18668458,-0.02336166,-0.27448246,0.12899944,-0.16608536,-0.31896508,-0.8442252,0.15154295,-0.026822655,-0.020676779,0.75136596,0.039644323,-1.2211627,0.29424244,-0.5379396,1.5272714,0.32147637,-0.03201859,0.25438455,-0.53126186,-0.3126591,0.78980154,-0.04552658,0.1087037,0.35127944,-0.21885929,-0.050404616,0.04176382,-0.86145985,-0.36389247,-0.49540374,0.33867693,0.116420254,-0.17509036,-0.015709635,-0.5335194,0.118253395,0.73141795,-0.07377421,-0.24021187,0.29056618,-0.74269456,-0.021491824,0.5247298,0.18879794,0.046884917,-0.074702956,-0.3271272,-0.40824038,-0.03858918,0.15364277,-0.28382805,-0.023653198,0.1431397,0.3367801,0.2421491,0.2177777
229,negative,0.1439411,0.22848926,0.35716102,-0.101431,-0.056238633,-0.51936316,-0.08286008,-0.040950473,-0.09023375,0.036096748,-0.088964984,-0.018755844,0.016331142,-0.13018398,0.21482286,-0.1309688,-0.304282,-0.033416163,-0.0015489584,0.012388155,0.43501353,-0.16437249,0.028310496,0.13082248,0.14579462,-0.054201778,-0.13037673,-0.26062942,0.116371915,-0.09048395,-0.036256302,0.12507276,-0.32370526,-0.048718594,-0.19702561,0.07903825,0.12312964,-0.035993975,0.09741209,-0.16371578,-0.12218614,-0.40732267,0.020809613,-0.1987285,0.27732947,-0.060771957,0.17871775,-0.25541562,0.060034852,-0.87325805,-0.02580103,0.046983436,0.031419996,0.70082563,-0.05762055,-1.7007011,0.02198671,-0.42817646,1.1893083,0.14926213,-0.1443907,0.13999145,-0.32225993,-0.1530908,0.33770555,0.08246025,0.20787515,-0.2585339,0.21103579,-0.18933098,0.019978566,-0.12029673,-0.35591778,-0.10185398,0.05635437,0.015205243,-0.016679484,0.009607682,-0.6457535,0.08641617,0.5692758,0.15082958,-0.36466286,0.10828641,-0.6520859,-0.37442425,0.035088465,-0.052219402,0.05146644,-0.26869684,-0.04076278,0.057273507,-0.1793743,-0.073817015,-0.53393406,-0.002044006,0.2963046,0.007100617,0.42427036,0.02897536
230,neutral,-0.37901035,0.05292628,0.30700412,-0.12331458,-0.076027855,-0.08392669,0.033320818,0.14924353,-0.24920785,0.28185242,0.1511754,-0.38648576,0.009670384,0.102973185,0.2927404,-0.29785573,0.24253558,-0.14797057,-0.17689998,-0.3361513,0.35496286,-0.20064753,0.29636517,-0.069935665,0.09664991,-0.03384253,-0.18421024,0.02261999,0.12069168,0.09966193,-0.07452076,0.42733374,-0.18854713,-0.12433954,0.18468696,0.05266085,-0.06325429,-0.0042639575,-0.08544978,-0.08755,-0.21405874,-0.29528642,0.0165615,-0.27588382,0.34334812,-0.030748142,-0.023171213,-0.29605436,0.08029994,-0.43200368,0.14964741,0.25741994,0.16760333,0.94989973,0.07698604,-1.6310487,0.11820334,-0.1017848,1.5722628,0.36073425,-0.041186705,0.3677605,-0.09251942,0.13929841,0.31883806,0.010667842,-0.03886483,0.05508888,0.043153796,0.25907084,0.19798908,-0.20972383,0.062478513,-0.45482838,0.2954894,0.031295925,-0.051474746,0.3990722,-0.59752506,0.017680712,0.55995905,-0.18586533,-0.100609116,0.054529462,-1.2695608,0.027260683,0.30414006,0.05170665,0.056004513,-0.034156367,0.12559892,0.17345873,-0.1629876,0.082030214,-0.17668352,0.20955567,0.022544427,-0.18888284,0.1785553,0.031053824
231,negative,-0.24874443,0.089982465,0.29626322,0.08850313,-0.15695944,0.06551919,-0.15099226,-0.17823674,0.27137572,0.26456615,-0.32683137,0.081961274,0.2370412,0.09957285,-0.078598745,-0.15845188,-0.04840407,-0.16766591,-0.5959357,0.20514363,0.34201026,-0.11558646,0.058592126,-0.15522134,0.09068478,-0.37415156,-0.2309544,-0.39464363,0.18685213,0.020382315,0.1331837,0.32125428,-0.15759082,-0.120289184,0.11751417,-0.10634162,0.19311135,0.011618007,-0.036978427,-0.20647666,-0.42178005,-0.23667888,0.12758371,-0.03489241,0.10018417,-0.29997075,0.3082871,0.17192878,-0.12494172,-0.56368434,-0.048595496,0.13287283,0.2250638,0.94076073,-0.19545415,-1.4385018,0.12150405,-0.18484865,1.0481611,0.2817313,-0.009595653,0.392822,-0.19344789,-0.10625323,0.78612727,0.17655566,0.20401241,0.15706478,0.037439384,-0.29229486,0.17924683,-0.4748863,-0.22553241,-0.07543317,0.13915114,-0.048216566,-0.16070092,0.10134825,-0.74087924,0.007683727,0.51056325,0.23810452,-0.19046916,0.31431746,-0.9006599,-0.11988074,-0.03890202,0.017473213,0.10778069,-0.29823616,-0.010562786,-0.07992093,-0.08818149,-0.07667934,-0.47731942,-0.10179824,0.050017238,-0.08403031,0.20281647,0.120726526
232,negative,0.07326205,0.25807643,0.17194268,-0.0030453834,-0.047956888,-0.60023963,-0.24335134,-0.14670965,0.022083493,0.013583465,0.057966147,0.15161335,0.06580598,-0.06921899,0.09542091,-0.1634198,-0.23817417,-0.18819918,-0.01890943,-0.056415405,0.33903217,-0.11545599,0.03352019,0.100643404,0.08734951,0.12357386,-0.08823989,-0.27231333,-0.06613874,-0.113236904,0.013053083,0.2552752,-0.047778845,-0.1399494,-0.1979351,0.18175906,0.22061622,0.0062449323,-0.1759124,-0.12541045,-0.31986025,-0.33511284,-0.073742665,-0.0065665618,0.19941804,0.017440809,0.07381212,-0.3089676,-0.22783835,-0.88181764,-0.10736114,0.039120737,0.19514118,0.7757361,-0.19914842,-1.7973664,-0.00044300023,-0.12764251,1.2460304,0.15443389,-0.18978968,0.21784867,-0.20600392,0.019254956,0.2937375,0.16770136,0.01860187,-0.11284804,0.3262817,-0.2423867,0.26517102,-0.2669667,-0.2795775,-0.05087359,0.121728964,-0.34182242,0.0084523335,0.08553098,-0.6074491,0.15924053,0.6453103,0.02655571,-0.4180299,-0.07622796,-0.7996723,-0.020864872,-0.07746833,-0.20882115,-0.021893585,-0.47947353,-0.11502155,0.06636119,-0.18549742,-0.20460294,-0.3898613,0.0038614513,0.24428385,-0.28781378,0.4716695,-0.029703254
233,neutral,-0.06687435,0.15037978,0.47586414,-0.41851616,-0.027138809,-0.045705564,0.13369788,-0.048657328,-0.33700523,-0.0688867,0.3632167,-0.03495565,-0.15654221,-0.019538846,0.008190775,-0.00062317797,0.11336028,0.06923015,-0.20538859,0.07566154,0.36865655,-0.094275765,0.086384945,-0.008872811,0.39391786,0.031431094,-0.030908827,-0.19999899,-0.0021708033,0.03601522,-0.0064098733,0.24065648,-0.05552614,0.033662632,-0.0022367665,0.08721593,-0.18430169,0.18930158,0.046949737,-0.04705291,0.09076299,0.08843319,0.012129464,0.014992187,-0.13657679,0.039870236,-0.10206092,-0.12584215,0.20075524,-0.3474819,-0.18744452,-0.0690773,0.15921351,0.36669675,-0.0053980527,-1.8162572,-0.3655441,0.13194667,0.849122,0.4318112,-0.05898859,0.698914,-0.17580967,-0.15028206,0.42686686,-0.22905004,0.3872041,0.6305828,0.098876454,-0.06645472,-0.07175624,0.08119311,-0.21599337,-0.20531881,-0.001101041,0.23290746,-0.15768364,-0.2535152,-0.41509628,-0.0076522245,0.3078777,-0.15160827,-0.139223,-0.17304654,-0.8312598,-0.1558673,-0.18746932,-0.35339803,0.013260442,-0.13357846,0.12859039,0.104504295,-0.049827218,0.055336952,-0.28783008,-0.10136195,-0.021472564,-0.26974258,0.3524317,0.025473572
234,negative,-0.31799835,0.24409102,0.3198202,-0.51201206,-0.0013202031,0.11390168,-0.14554404,-0.14824055,0.19471581,0.068148375,0.005744903,-0.008748951,0.037689764,0.0708798,0.09392858,0.043104295,0.27703524,0.17129172,-0.15008014,0.56621885,0.42466348,0.11499404,0.22602515,-0.6724303,-0.019366015,0.1474719,-0.27367273,-0.484259,0.19699836,-0.18919855,-0.03236532,0.72187257,0.23986062,-0.22373831,0.1418266,0.1283,-0.08503795,0.12098493,-0.026167471,-0.2560443,-0.33671182,-0.2125696,0.23221576,-0.21685953,-0.21071874,-0.26248115,0.07458662,0.011192283,-0.19968803,-0.5834619,-0.0740344,-0.060740348,0.08485322,0.8996407,0.046032187,-2.0266144,0.19635119,0.5145365,1.118195,0.12598215,-0.15311216,0.39620394,-0.4985147,0.049097,0.9789293,0.16780697,0.3022103,0.19400638,-0.051749792,-0.33539447,0.3063494,-0.1092795,-0.37350312,-0.29440984,0.014400178,0.13742821,-0.30099708,0.04232076,-0.3784997,0.12139819,0.12425531,0.051341586,-0.31891406,0.05287304,-1.1345417,-0.1565548,0.049874015,0.14788793,-0.09272399,-0.07759835,0.24874796,-0.34764683,0.013871229,0.09457104,-0.36614743,-0.19688506,-0.088262156,-0.06353811,0.2058817,0.21560538
235,neutral,-0.14433679,-0.0842939,0.20974188,-0.047242876,0.13183968,0.10586966,-0.13829607,0.34561116,-0.044781826,-0.106896065,0.120091625,-0.1971443,0.011394836,0.08854963,0.09179163,-0.30374777,0.21777177,-0.0489838,-0.46908945,0.20081376,0.09157221,0.108273074,0.104856506,-0.13998786,-0.1724989,-0.37691605,0.10901853,-0.24180897,0.4233142,0.17856614,-0.1540857,0.2511291,-0.19904618,0.22984102,0.331772,0.21190406,0.0067716856,0.13058634,0.06449634,-0.2668233,-0.33214167,0.08069486,-0.14475869,-0.124025196,-0.1620144,0.074240096,0.22662215,-0.28178844,-0.044744853,-0.38328958,0.091087885,0.23223856,0.1519345,0.64609385,-0.22228737,-1.728963,-0.21327724,-0.14666618,1.3973747,0.30522665,-0.14015904,0.6129442,-0.25032803,-0.19088073,0.56136733,-0.01514111,-0.085078284,-0.010366171,0.4339734,0.27839306,-0.054956175,-0.28990287,0.10584612,-0.47797266,0.34430003,-0.0047246814,0.06593451,-0.16037613,-0.67653847,-0.02451974,0.6252052,-0.15213422,-0.019881746,0.020195236,-0.7772126,0.09179966,-0.05434128,0.26923436,0.16108952,-0.14332815,-0.2130213,0.005257049,-0.19938262,-0.07035105,-0.24183807,0.08856778,-0.1733552,-0.055002768,0.64024556,0.29858336
236,negative,-0.4002293,0.16083048,0.297272,0.11045574,-0.11356787,0.22252819,-0.1024295,0.3481317,-0.029357463,0.20593885,0.23434705,0.030618567,0.19838528,0.17130217,0.08946097,-0.41467118,0.2553666,0.033265308,-0.82181525,-0.14033452,0.21922258,-0.01230472,0.069094084,0.11315393,-0.15368864,0.02252034,-0.13016604,-0.32189012,0.3202203,-0.02918008,0.068117276,0.15637246,0.049895305,-0.25588346,0.3675707,0.2268464,-0.07992182,0.14011824,0.022609448,0.18269537,-0.34318283,0.10238247,0.073439576,-0.2754471,-0.025819844,-0.12582,-0.121294305,-0.021913817,0.016778385,-0.58776027,0.042845845,-0.008469738,0.113075174,0.92799896,-0.13892996,-1.5700068,0.059059925,-0.18848862,1.2345157,0.39029682,0.22651163,0.5492059,0.055956174,-0.3148094,0.5900562,0.12983961,0.212143,0.41492435,-0.08064287,0.31137004,0.1858715,-0.4055412,-0.22962572,-0.4049953,0.3237281,0.021459376,-0.043861326,0.2019097,-0.5653853,0.023876866,0.85651124,-0.13945921,-0.17870043,-0.008715307,-0.7757653,-0.25107983,0.31743008,0.24459264,-0.21142802,-0.21947116,0.032293316,-0.33444822,0.07669219,0.15738353,-0.5899154,0.08578845,0.08797315,0.09077396,0.104410425,0.051304907
237,neutral,-0.35691264,0.13707817,-0.1771307,-0.3528194,0.13402766,0.255218,-0.24807519,0.04487314,0.05960664,-0.15341966,0.25067902,-0.10232789,0.12226239,0.020253845,-0.020919833,-0.071699955,0.4657833,0.27502838,-0.14069805,-0.22097737,0.07912804,-0.067382164,-0.025761103,-0.1805927,0.30806714,0.017404415,-0.094453804,-0.2965057,-0.0651202,-0.2283865,0.08986347,0.36856788,0.21137688,-0.16115342,0.08372819,0.37748677,-0.05383992,0.09510612,0.0067501557,-0.013445648,-0.15101808,-0.056058023,0.15329722,-0.23712146,-0.4386074,-0.29538932,0.076780565,-0.06350738,-0.30895534,-0.42764097,0.0965426,0.13899244,0.099999204,0.618599,-0.110914044,-1.5109746,-0.15645787,0.13277267,1.0989105,0.04797143,-0.015441635,0.64034057,-0.22316794,-0.11169631,0.5729269,-0.021842286,0.26429954,0.49138844,0.12919861,-0.08881187,0.2552928,-0.00038557107,0.01865812,-0.31840935,0.16147,0.18912014,-0.06812336,0.1206782,-0.4781739,0.020112624,0.12188995,-0.41244435,0.0207268,-0.2748482,-0.8425819,-0.22149743,0.00527018,-0.43597493,0.24667104,-0.11257677,-0.062795155,-0.16561252,0.21341334,-0.1139382,-0.36807117,-0.09453605,-0.07350574,-0.43574628,0.21588756,0.028179027
238,negative,0.035902,-0.086310506,0.026390566,-0.26193312,-0.016237479,0.086403795,-0.18613754,-0.13683745,0.19259551,-0.03527426,0.097208224,0.09600148,0.026281249,0.15964977,-0.087660074,-0.22212178,0.17285365,-0.14352797,-0.67918843,0.13959008,0.25268418,-0.02409468,-0.05678418,-0.14611444,-0.10755327,-0.06398195,-0.08035363,-0.259035,0.21933435,-0.057945374,0.14073361,0.37592337,0.055808995,-0.025348572,0.03472804,0.101563536,-0.10753026,0.11277959,0.12744309,-0.01717325,-0.3610118,0.023775268,0.15692517,-0.38696718,-0.19562769,-0.07700194,-0.029587246,-0.5375381,-0.043403964,-0.6013525,0.21469949,0.04913419,0.117799245,0.58983064,-0.060805194,-1.2776401,0.11563472,0.042130522,0.71109587,0.1976626,-0.16334315,0.082407966,0.008121457,-0.116885275,0.37127662,-0.14234465,0.5999899,0.5657043,-0.12241517,0.2399171,-0.018143615,-0.011763566,-0.24766353,-0.17812918,-0.029717604,-0.0341116,-0.071875654,0.03320575,-0.6941073,0.09828107,0.29891953,-0.10123417,-0.17024834,-0.28020602,-0.86558676,-0.04841456,-0.05237765,0.050501905,-0.03462456,-0.23827678,-0.005141956,-0.23794903,-0.044480897,0.15783729,0.022937918,-0.06914116,-0.32601774,-0.16727206,0.06420761,-0.2631033
239,neutral,-0.058027282,0.26676422,0.14541903,-0.08925121,0.13441552,0.08934319,-0.20384723,0.11380941,-0.10556095,0.019335397,0.23834623,-0.2508691,0.22089498,-0.10639288,0.0012926847,-0.13027497,0.121392936,-0.018245136,-0.24306823,0.0724328,0.1813911,0.042520046,0.07608255,-0.0041634426,0.101531565,-0.21761627,-0.03653196,-0.25066718,0.06883849,0.107405126,-0.104416296,0.45996514,-0.16855142,-0.016990688,0.051727355,0.12771834,0.056180872,0.101745576,-0.108469464,-0.12505996,-0.39195266,-0.13256826,0.13966307,-0.19061618,0.20593995,-0.02183712,0.16370033,-0.22790281,0.027370818,-0.62365276,0.081070974,0.010330334,-0.051660493,0.7264007,-0.11903095,-2.0386171,-0.06855734,-0.20193738,1.4662092,0.39925948,-0.10130207,0.61919993,-0.21351784,0.046647117,0.635279,0.034631327,0.13265598,0.097733624,0.33907765,-0.022631327,0.11553367,-0.090495676,-0.031966988,-0.25790378,0.094658926,-0.022897026,-0.026817681,-0.14917581,-0.70337075,-0.15506938,0.6125387,-0.01655067,-0.27281636,0.022795098,-1.0147332,-0.064904556,0.0982473,-0.1738606,0.04764215,-0.2530145,-0.022961136,0.20932287,-0.081608154,-0.17526612,-0.27573746,0.17034592,-0.17146862,-0.19783358,0.58517677,0.17927489
240,neutral,-0.0747425,0.24264032,0.24815673,-0.0362265,0.067300834,-0.25382024,-0.14349581,-0.08204632,0.047313634,0.079845786,-0.08472494,-0.01770357,0.085438214,0.03272773,-0.031128818,-0.16021417,0.061009273,-0.10887912,-0.2138644,0.010775442,0.13794383,0.03853206,0.045113124,0.1582801,-0.07330436,-0.16861166,-0.11665145,-0.19203597,0.18852536,-0.062979735,0.073479414,0.20863603,-0.043159585,-0.016678143,-0.035549037,0.107051365,0.09422953,0.18905741,-0.1638772,-0.045051284,-0.17006898,-0.20169483,0.1252419,-0.092948295,0.09145549,-0.17888059,0.16381766,-0.052692007,-0.10783161,-0.58772486,0.046441574,0.13073169,-0.07985976,0.78856575,-0.036139783,-1.5911235,0.06481109,-0.42759332,1.1324556,0.34007716,-0.11699689,0.20699601,-0.13679682,0.07978473,0.5222218,0.2014448,0.13132802,0.18735537,0.20461598,0.0020280988,0.18507609,-0.24975926,-0.22251134,-0.1798892,0.17040093,-0.03519952,-0.12553959,-0.04682503,-0.55492926,0.15733565,0.51513535,0.093715444,-0.2679367,-0.019319158,-0.7962118,-0.21626437,-0.011243309,0.041103937,-0.009303255,-0.32651424,0.020140206,-0.13194402,-0.046672463,-0.116887994,-0.2824511,0.08145221,0.13530394,-0.007716319,0.3176415,0.10160156
241,neutral,-0.072692856,0.30829751,0.34164312,-0.18377027,-0.09009806,0.1906543,-0.1849226,0.13206045,0.100136034,-0.21320932,0.14268419,0.023510672,0.23125109,-0.0059470604,0.023052536,-0.15165626,-0.08443811,-0.03293707,-0.23984934,0.14672144,0.16561046,0.16593911,0.113888286,-0.17731349,0.17435938,-0.07515361,-0.013968707,-0.3165105,0.29830807,0.068261035,-0.01713682,0.33343107,0.015003564,0.062035285,0.23241444,0.24029402,-0.027772175,0.015930962,0.19189239,-0.24147342,-0.28764004,-0.042265393,-0.034219526,-0.19768244,-0.15629454,-0.12706426,0.17594369,-0.21805395,-0.06292409,-0.6838086,0.039810497,0.021619974,0.08000261,0.55447865,-0.20896128,-1.5847368,0.09776646,-0.26179597,0.95545006,0.20186177,-0.07801307,0.6513851,-0.18322244,-0.27289814,0.4979594,0.11740071,0.28658462,0.10649825,0.046048388,-0.01913833,0.14298284,-0.15114222,0.12418918,-0.26056263,-0.015003713,-0.09164791,0.05868493,0.058745664,-0.35688505,-0.02358943,0.43356445,-0.19147132,-0.32366797,0.047219303,-0.9919227,-0.0971842,0.012695851,-0.042760037,-0.022819104,0.0063418527,0.0798543,0.06145713,0.024508283,-0.06896667,-0.40888298,0.1283571,-0.20106465,-0.13473159,0.29313043,0.25396466
242,negative,-0.08893558,-0.051695168,0.12630466,-0.3959041,-0.17980088,0.00818411,0.10010219,0.13043752,-0.16530384,-0.14228684,-0.12758093,-0.047119968,-0.033834163,0.087886654,0.038800724,-0.20132303,-0.22827896,0.26711157,-0.37853214,0.3086427,0.1048521,-0.14598103,0.06121465,0.085086316,0.5139,0.059005592,-0.05063005,-0.24949098,0.33311847,0.039034963,-0.35781044,0.24662022,0.0079435175,-0.061852258,-0.051870756,0.14255236,-0.13458124,0.018974526,-0.08594401,-0.070867315,-0.21955784,0.044448096,-0.18397531,-0.025057342,0.056100752,-0.04606106,0.14466678,-0.22691558,-0.09392639,-0.7738355,0.12910803,-0.30135614,-0.06080296,0.67830384,0.021076897,-1.7346847,-0.16646168,-0.09077638,0.5106277,0.3060287,-0.0017369918,0.5872146,-0.030588416,0.08208322,0.47072318,-0.04467082,0.3761157,0.11288484,-0.057568394,0.08682113,-0.0055894474,-0.061395794,-0.15457673,-0.47633404,-0.038523715,0.10160414,-0.1662656,0.03254866,-0.4199287,0.2332583,0.47723433,0.1800068,-0.46996546,-0.11385704,-0.681791,-0.3075026,-0.054214362,0.181775,-0.14970747,-0.29343423,-0.13560897,-0.043091904,-0.02460176,0.006251262,-0.2085189,-0.07180549,0.005983355,0.011102913,0.3988568,0.16634643
243,neutral,-0.16536783,-0.086364694,0.31689727,0.06560633,0.051199347,0.089914165,-0.17145263,0.41137218,-0.035497002,-0.029410418,0.057318773,0.10519552,0.23599954,-0.014597167,0.04257991,-0.35899082,0.12131233,-0.11449227,-0.21375331,-0.01886192,0.26849663,0.10840895,0.30014014,0.0029141135,0.1278291,-0.08939272,-0.0620224,-0.04762055,0.20669226,-0.14459099,-0.27880985,0.11500178,-0.15724587,0.03927133,-0.10895083,0.16391066,0.013552685,0.13853791,-0.04064809,0.14928354,-0.60382324,-0.18233594,0.0041277297,0.038948376,0.20152862,0.14724903,0.16837165,-0.06376673,-0.009135635,-0.07954613,0.13176556,0.12287893,0.038289405,0.7578232,-0.006902185,-1.4308395,-0.028922256,-0.14531592,1.3609895,0.427726,-0.2505377,0.43654922,0.20014152,-0.40518773,0.28466064,0.120894834,-0.067397825,0.11237591,0.14849783,-0.090528235,-0.06617251,-0.25829202,-0.15657395,-0.30508995,0.31357667,0.23520674,-0.020919286,0.20042318,-0.652868,-0.026818836,0.45003492,0.08243141,-0.2046318,0.07300477,-0.7993051,-0.014447742,0.0062404517,0.044746697,-0.1539697,-0.28873137,0.04137748,0.09400887,-0.16201046,-0.13747552,-0.50071335,0.2015276,0.07778552,-0.018065501,0.25218302,0.005761222
244,negative,-0.0017770684,0.041940823,0.4003831,0.14767331,0.061985433,-0.37845677,-0.2506653,0.14148024,0.017269507,0.10541753,-0.009959944,-0.0030778889,0.2671772,0.0869301,0.011884569,-0.13067271,0.18645324,0.034604076,-0.65813327,0.056894984,0.36343244,-0.15040873,0.15433526,-0.06426533,0.047869254,0.28711602,-0.13705486,-0.18277353,0.42623213,-0.095558524,0.056075174,0.25958717,-0.2662701,0.09486584,0.036864936,0.3378455,0.38874352,-0.11873287,-0.31049535,-0.22292541,-0.45088705,0.036311146,0.59798044,-0.07443938,0.20569195,-0.3803381,0.21414357,-0.21242519,0.05761823,-0.6122106,0.032485962,0.009416175,0.20549573,0.7765658,-0.021803781,-1.7426798,0.17325476,-0.43167073,1.3852324,0.093035385,-0.004990177,0.12847629,-0.2038134,-0.33393046,0.60410357,-0.01676778,0.18430932,0.5343053,-0.114832826,-0.11826889,0.10629793,-0.3311262,-0.36448693,-0.53592706,-0.026392618,0.2661504,-0.2013068,0.12680483,-0.92017275,0.059866592,0.8473932,-0.16126975,-0.16907325,0.17214732,-0.7511019,-0.048337597,0.119642474,0.15079953,0.20748796,-0.46527067,-0.009797917,-0.047360808,-0.18425971,0.111097954,-0.6692835,-0.057297762,0.1045607,-0.061836895,0.40256932,0.1950084
245,positive,-0.19071546,0.3006759,0.13634093,0.30040148,0.052032758,-0.17133062,0.03495032,0.009009942,0.022497755,-0.150842,-0.005148447,-0.12126543,0.12739785,-0.16892788,0.019858746,0.008107402,0.09525798,-0.11319113,-0.3399997,0.32891914,-0.17691731,-0.23291609,-0.07269334,0.077021934,-0.14736246,-0.15610379,-0.04213503,0.06721636,-0.027105406,-0.1264986,-0.21422638,0.23460357,-0.29326546,-0.030085392,0.046173777,-0.010204798,-0.16500637,0.0118436245,-0.2792936,0.06115093,-0.29327556,0.16366482,-0.047479983,-0.11513236,-0.20200023,-0.08429938,0.32218412,-0.18292433,-0.06362647,-0.6043955,0.30971318,0.061184175,0.14324477,0.58099097,0.20751882,-1.294728,0.45488584,-0.5682752,1.190257,-0.093898416,-0.18721746,0.3707686,-0.17389078,-0.26742014,0.6556176,-0.0801509,0.05292036,-0.00042814022,0.2855827,-0.17171971,0.2512916,-0.069474794,0.0019345718,-0.36207405,0.08707541,0.051418208,-0.2243102,-0.038943544,-0.5585702,-0.36736536,0.47974607,0.19575936,-0.043114748,-0.095502034,-0.949813,0.030909564,0.04735907,0.051853545,-0.23894764,-0.19723676,-0.08191597,0.103657596,-0.17951183,-0.2876397,-0.12261421,0.015043799,-0.009053371,-0.28827617,0.26734245,0.56790715
246,neutral,-0.21741104,0.07426566,0.20147477,-0.18134809,0.041800436,0.26768014,-0.123316005,0.2053768,0.0060951347,0.09253256,0.0840449,-0.04140024,0.024614565,-0.005192331,0.3574457,-0.39350638,-0.01812166,-0.09143715,-0.09285648,0.15241292,0.0393016,0.037196193,0.12559992,-0.10507457,0.22220446,-0.116386026,0.15919521,-0.09085595,0.26599017,-0.06158513,-0.0751098,0.34114242,0.008045506,0.19161151,0.12674181,-0.0042461697,0.14606252,-0.10985882,0.25819913,-0.32278866,-0.14842696,-0.19207735,-0.17548761,-0.11497692,-0.11015346,-0.08751011,0.09779802,-0.1503347,0.048838127,-0.5713513,0.13065086,0.10271354,-0.034204226,0.59231776,-0.10105842,-1.4732561,0.0110763395,-0.015588844,1.1010917,0.33272716,-0.0461594,0.5411594,-0.08442731,-0.08601325,0.43000427,0.036574103,0.21732102,-0.1566743,0.15469337,-0.043648325,-0.17085096,-0.25569937,0.10701644,-0.25171584,0.10124216,-0.028013742,0.21008132,-0.14929739,-0.34050933,-0.15891589,0.3599306,-0.43166327,-0.35398847,-0.0042343494,-0.73498666,0.08942479,0.25130135,-0.15440144,-0.10210941,0.08632596,-0.0914308,0.049808566,-0.1785497,-0.03780458,-0.26647612,-0.10515987,-0.21516027,-0.10235972,0.456247,0.03135495
247,negative,-0.07424874,0.1786314,-0.13026935,0.023326872,0.05861625,0.12606533,-0.011399964,0.14291228,-0.050864905,0.49896333,-0.029142777,-0.13244283,0.2687948,0.14336772,0.12192638,0.09609523,0.27459496,-0.16182956,-0.4567331,0.18813781,0.19911897,-0.22869186,-0.032811385,0.034201406,-0.014275551,-0.09606674,-0.09772418,-0.17747155,0.09680355,-0.02117929,-0.15468532,0.19893028,0.03460979,0.18091114,-0.045937665,-0.02687754,0.29355407,0.004131156,0.03899726,-0.016437195,-0.2706859,-0.05900288,0.4242642,0.056542847,0.3976622,0.06834674,0.15784593,0.13132668,-0.054662604,-0.21324892,0.08657177,0.03643333,-0.10299518,0.643425,-0.28113446,-1.6661723,-0.11401297,-0.3026735,1.2880079,0.26943678,-0.21913359,0.62421274,0.16874711,-0.09738874,0.23120521,-0.024248844,-0.1196625,-0.014438692,-0.041214537,0.13771844,-0.09668019,-0.6181381,-0.1867314,-0.40865085,-0.013173045,-0.042587183,0.37536058,0.13767472,-0.735699,0.039122984,0.38217813,0.14086686,0.07301081,0.08272014,-0.7699776,0.03583041,0.18818928,-0.13897052,-0.080209345,-0.029803671,0.25734112,-0.19672836,0.051461145,0.22553612,-0.40861824,0.121572025,-0.0019293283,-0.084070645,0.46804985,0.09215526
248,neutral,-0.198166,-0.07354235,0.17778714,-0.13656719,-0.0538822,0.11740137,-0.055304244,0.25964692,0.09144082,0.14167267,0.044185296,0.039001253,0.19919637,0.21931559,0.06484419,-0.03336156,0.14531338,-0.09274802,-0.26580644,0.17094685,0.29771206,-0.03286116,0.031730235,0.02448944,0.22756465,0.18244733,-0.11148799,-0.25393152,0.18360677,-0.038010236,-0.13813968,0.097260386,-0.03778765,0.10748009,-0.041990187,-0.028007159,0.07942163,0.07643673,0.09383062,0.01236954,-0.25144455,-0.12391904,0.052521843,-0.16944136,0.037106607,-0.09895473,-0.091336995,0.037649292,0.07298329,-0.3347388,0.011367407,0.09844755,0.09955661,0.68923324,-0.0086676385,-1.5703136,-0.05746171,0.06351357,0.9665692,0.30562952,-0.04782889,0.5257662,-0.020113885,-0.104547076,0.4910171,0.14134125,0.099221475,0.11809712,0.026872512,0.025576362,0.045729406,-0.12868676,-0.017144024,-0.31596243,0.16981485,0.061900955,0.066858575,0.081274025,-0.44720715,-0.06288505,0.37538573,-0.08600627,-0.18074292,-0.014002066,-0.78432375,0.09641453,-0.020894628,-0.02324688,0.0064295107,-0.06615544,0.12639472,0.004837033,-0.07236204,0.08953532,-0.3222534,0.07882902,-0.084098,-0.18306059,0.25007257,0.01057783
249,neutral,-0.19284195,-0.0055256635,-0.032928243,-0.15142454,0.10875919,0.49221247,-0.361025,-0.22903728,0.15743251,0.5111331,-0.07364404,-0.03150622,0.31550047,0.031954836,0.10935981,0.18204138,0.07244719,-0.19898413,-0.5992892,0.11438305,0.20247032,-0.18748567,0.19218935,-0.12290023,-0.059832256,-0.015913378,0.194203,-0.07082867,0.32093212,0.10781521,-0.02957929,0.15031727,-0.09012996,0.35732472,0.08601154,-0.16643292,-0.07251681,0.0036951504,0.32980612,0.09042439,-0.46761847,-0.0040132953,0.25134817,0.022527177,0.5183498,-0.19611548,-0.047114283,-0.05666127,-0.07354605,-0.1783966,0.02955535,0.086783335,0.068595015,0.92097926,-0.14227152,-0.84328675,-0.12942813,-0.059431072,1.4087334,0.04356787,-0.12877876,0.34170645,0.10243526,-0.14236623,0.5260009,0.16018702,0.10769055,0.13666508,-0.31692946,0.30281308,0.022643577,-0.6888177,0.05379778,-0.17794284,0.001272151,0.2991489,0.26823476,0.19956917,-0.709154,-0.22751908,0.80665225,-0.136633,-0.17699371,0.15866539,-0.4854667,-0.01794475,0.35328853,0.44536164,0.07879475,-0.048930865,0.21033753,0.10030724,0.019509127,-0.17893061,-0.1705479,0.17687272,-0.011377488,0.14801401,-0.027477143,-0.0077339243
250,neutral,-0.24260667,-0.01003885,-0.1013084,-0.1985069,0.051429868,0.3780592,-0.2501402,-0.12878825,0.16404372,0.53572357,-0.028167646,-0.07655908,0.28032377,0.12139154,0.14992797,0.15982899,0.07374287,-0.12473101,-0.5728205,0.09764337,0.25223088,-0.1930439,0.11955586,-0.15973634,-0.003933113,0.043514937,0.051454537,0.041013837,0.24788636,0.114440866,-0.03077216,0.09552226,-0.12514032,0.4399689,0.10457408,-0.17065053,-0.07089424,-0.07373012,0.31208754,0.078420326,-0.42602587,0.018501712,0.17706294,0.052283205,0.5086537,-0.13104136,-0.033412077,-0.011649899,-0.08243443,-0.2745876,0.07249121,0.10379739,0.08209211,0.8745995,-0.0887231,-1.1609423,-0.077472754,-0.058441624,1.42271,0.08266201,-0.07547954,0.44073886,0.1578517,-0.083460495,0.4545357,0.13410945,0.10256079,0.060752314,-0.2718489,0.22790621,0.01893335,-0.6143714,0.022554837,-0.19310047,0.009493659,0.3517776,0.31440312,0.22465658,-0.7032649,-0.16734435,0.77631474,-0.098043434,-0.2024219,0.11031911,-0.5725254,-0.037839703,0.34913084,0.30658406,0.03870717,-0.06260912,0.24269444,0.17709316,0.041722935,-0.09002563,-0.22688484,0.17342737,0.049213596,0.17920758,0.12029513,-0.0065639657
251,neutral,0.24466547,0.51668376,0.48398998,-0.032266773,-0.1986042,-0.14097461,-0.0031500997,-0.12613411,0.051031753,-0.025025398,0.10796596,0.13641399,0.37282687,-0.18907511,-0.08671403,-0.021227356,-0.08127555,0.388467,-0.22438787,0.31225458,0.26404813,0.13960211,-0.12359148,-0.069301836,0.115038335,-0.23614967,-0.15321912,-0.40790898,0.33759722,-0.22157529,-0.14173892,0.12214121,0.13190632,-0.16804972,0.14396064,0.11215214,-0.3470661,0.34046507,0.023431838,-0.28785035,-0.31458557,0.06755397,0.32594964,-0.1796016,-0.06537392,-0.036903888,0.56196743,-0.6412735,-0.069010854,-1.1355742,0.47879624,-0.17443511,0.3839219,1.1012849,0.019717898,-2.2302017,-0.2747044,0.19010518,1.2927369,0.5892565,-0.21198243,0.46886376,-0.4511486,-0.070613936,0.81340283,-0.07656755,0.16144553,0.13868617,0.022444224,-0.13844807,0.22638893,-0.3138415,-0.52764046,0.026345102,-0.1408448,0.010134539,-0.07372482,-0.25530946,-0.4399015,-0.18539074,0.3094677,0.14095157,-0.44895524,-0.23668766,-1.3462162,-0.41751686,-0.067366466,-0.0825369,0.0049900333,-0.3495304,-0.017266925,-0.07500825,-0.14476097,-0.24461336,-0.45808694,-0.120119385,-0.26804507,-0.1746102,0.44584092,-0.011016213
252,neutral,-0.20660752,0.095290475,0.40569058,-0.14505312,-0.1885259,0.14793207,-0.1269676,0.09184262,0.060163677,0.18373369,0.12973563,0.01263707,0.15659338,-0.04677141,0.055407725,-0.078901045,0.106847115,0.16407523,-0.3221806,0.030325957,0.09356292,-0.120680995,-0.026539473,-0.1028737,0.16209295,-0.06592659,-0.12158918,-0.09662591,0.29544798,-0.06794681,-0.112763986,0.29541087,0.010637062,-0.08912212,0.046590038,0.18023229,-0.20186275,-0.084823556,0.114458896,-0.28404105,-0.2277667,-0.18514928,0.16111971,-0.16171251,-0.10225161,-0.108707726,0.08603623,-0.07183925,0.053597014,-0.4571601,0.10038252,0.08449227,0.16685738,0.8204511,-0.109230965,-1.485437,0.03952553,-0.010463719,1.141078,0.37056175,-0.16800776,0.52949375,-0.048715573,0.052186687,0.32578662,0.117560074,0.1220281,0.29401642,-0.014016492,-0.07792778,0.20284094,-0.25472173,-0.1621039,-0.33754495,-0.008568728,0.23912126,-0.06986069,0.103267804,-0.58499914,0.183825,0.48645163,-0.13555197,-0.23322208,-0.10533565,-0.82022303,-0.24117595,0.07975317,-0.09197908,-0.031340394,-0.19992907,0.076061845,0.09490856,0.015998535,-0.005061267,-0.16634129,0.018851979,-0.20313254,0.039203037,0.33658305,-0.03975214
253,neutral,-0.20660752,0.095290475,0.40569058,-0.14505312,-0.1885259,0.14793207,-0.1269676,0.09184262,0.060163677,0.18373369,0.12973563,0.01263707,0.15659338,-0.04677141,0.055407725,-0.078901045,0.106847115,0.16407523,-0.3221806,0.030325957,0.09356292,-0.120680995,-0.026539473,-0.1028737,0.16209295,-0.06592659,-0.12158918,-0.09662591,0.29544798,-0.06794681,-0.112763986,0.29541087,0.010637062,-0.08912212,0.046590038,0.18023229,-0.20186275,-0.084823556,0.114458896,-0.28404105,-0.2277667,-0.18514928,0.16111971,-0.16171251,-0.10225161,-0.108707726,0.08603623,-0.07183925,0.053597014,-0.4571601,0.10038252,0.08449227,0.16685738,0.8204511,-0.109230965,-1.485437,0.03952553,-0.010463719,1.141078,0.37056175,-0.16800776,0.52949375,-0.048715573,0.052186687,0.32578662,0.117560074,0.1220281,0.29401642,-0.014016492,-0.07792778,0.20284094,-0.25472173,-0.1621039,-0.33754495,-0.008568728,0.23912126,-0.06986069,0.103267804,-0.58499914,0.183825,0.48645163,-0.13555197,-0.23322208,-0.10533565,-0.82022303,-0.24117595,0.07975317,-0.09197908,-0.031340394,-0.19992907,0.076061845,0.09490856,0.015998535,-0.005061267,-0.16634129,0.018851979,-0.20313254,0.039203037,0.33658305,-0.03975214
254,neutral,-0.22671984,0.11957669,0.22358176,-0.13523392,0.12226715,-0.4485702,-0.054740626,-0.15329832,-0.017867288,0.5254651,0.22467543,-0.4815058,0.112088874,0.19395849,0.22930998,-0.10736262,0.16356038,-0.21333377,-0.102283515,0.1402317,0.07355194,-0.098928034,0.07805195,0.07116137,0.07599053,-0.2200646,0.05608279,0.14593594,0.09483535,0.1457544,0.012005934,0.44145566,0.029310638,0.4267225,0.23128748,0.2968945,0.13147488,0.05699542,-0.15289024,-0.062416118,-0.36635348,-0.18809725,0.30883285,0.13360223,0.15807015,-0.24920611,0.18112724,0.06826428,-0.055511665,-0.53630733,-0.013616968,0.4144292,0.17333831,0.8874561,-0.18484882,-1.6183997,-0.013805958,-0.070664115,1.3409946,0.38829732,0.048848294,0.33940348,0.2593931,0.023211636,0.3452561,0.24912971,0.009766388,0.087158404,-0.2820822,0.20094612,0.17271155,-0.3802295,-0.048677504,-0.26970086,-0.0022920251,-0.071405955,0.25590727,0.09220134,-0.480566,0.32499188,0.6028985,0.12147251,-0.17094584,-0.086816415,-0.6492584,0.057490345,0.28909686,0.17011477,0.09606381,-0.20572203,0.0025855463,0.07909814,-0.042119678,-0.17653482,-0.41967246,0.22609545,-0.14048508,-0.17704517,0.39889535,-0.08553379
255,neutral,0.010375236,-0.054160744,0.38634613,-0.22855878,0.20836824,-0.14752914,0.062241726,0.047904767,-0.41124678,-0.11864511,-0.28478447,-0.22111103,0.08609576,0.15804556,-0.26278183,-0.07681209,0.47221148,-0.11389857,-0.74983644,0.1740443,0.13101736,0.062593624,0.2676959,-0.12161239,-0.15667175,0.13706638,-0.022352273,-0.5976861,0.17556322,-0.12647958,0.09547629,0.49261135,0.060630333,0.23824939,-0.2185994,0.0043479665,0.116868086,0.24153008,0.13568269,-0.19915755,-0.63672304,-0.06114551,0.14987105,-0.23532957,-0.13173231,-0.34799007,0.20279802,-0.015551336,-0.034543518,-0.3017171,0.1874501,-0.29966047,0.30134115,0.4708242,-0.031321745,-1.8857834,0.10691902,-0.09560799,1.2307622,0.41703027,0.0014605019,0.27213988,0.09747698,-0.14866878,0.65582854,0.09380353,0.33257505,0.5858325,0.058988903,0.44700098,0.16442207,-0.18495363,-0.3866474,-0.056731597,-0.042216178,-0.031677205,-0.04048127,-0.089012675,-0.6806013,-0.0035455353,0.10879379,-0.041607756,-0.307636,-0.16835779,-0.78043455,-0.0982904,0.25669315,0.024231536,0.14231074,-0.5353042,0.4734937,-0.40568024,-0.2528204,0.39042273,-0.6041715,0.101728216,-0.014076243,-0.25571558,0.31595454,0.13719425
256,neutral,0.4688595,0.5841285,0.3896369,0.1214417,0.43029442,-0.56973535,-0.60970974,0.14079137,-0.2548606,0.48061472,0.057322685,-0.73251694,0.47670972,-0.09504196,-0.44384643,0.37297234,0.41806868,-0.21699178,-0.7983507,-0.22325592,-0.20015654,0.18421468,0.7060984,-0.18271439,0.19935241,0.36767212,-0.18266886,-0.25785068,0.53062224,0.3813117,-0.5966087,0.19163059,-0.88060206,0.6063989,-0.13347073,0.16277386,0.7638317,0.5496549,-0.8307973,-0.08344071,-1.0087436,0.17005397,0.21189182,-0.16986999,0.5456411,-0.21484946,0.2856344,-0.016708177,-0.18956235,-0.46483767,0.18969029,0.39647081,-0.20352373,0.84312713,-0.46417275,-2.2615483,-0.14160007,-0.034639128,1.776936,-0.07669366,-0.2575426,-0.04983053,-0.53227586,-0.19258879,0.23205978,-0.19471464,-0.5636073,0.67153096,0.5341521,0.34787863,0.19245209,-0.3371581,0.06945241,-0.5087276,0.2652326,-0.3132733,-0.045649614,-0.30728972,-1.6267709,0.017038243,1.5834614,0.007910674,0.2610575,0.09819994,-1.1877825,0.11650842,-0.24642481,0.40332067,0.51414025,-0.6289421,-0.40134788,0.4394436,-0.41401616,-0.28063235,-0.19410169,0.9374907,-0.08776966,-0.015082,0.9595606,0.48541626
257,negative,-0.4305124,0.109689385,-0.0855455,0.16733247,-0.19162355,-0.092359655,-0.048124146,-0.022700518,0.19337538,0.36874548,0.06299932,-0.060100827,0.34078175,0.08199856,0.08994702,0.005615713,-0.1491652,-0.3466653,-0.4784144,-0.015000221,0.49243283,-0.13605273,0.1393154,0.0074555925,0.0058544236,-0.06949381,-0.3073517,-0.16543265,0.25510713,-0.09704236,-0.05205824,-0.12567276,0.00043704055,0.14102039,0.2799237,-0.15590595,0.3006841,-0.14444953,0.0676741,0.00093500153,-0.38600495,-0.023634449,0.23921132,-0.106308565,0.2052597,-0.20513496,0.19169185,-0.0078570675,-0.18866771,-0.45632228,0.1813256,0.2766802,0.24494863,1.0653207,-0.11829449,-1.736053,0.14653897,-0.44020885,1.3378184,0.27805,0.15753685,0.41988882,0.16588731,-0.08972273,0.64446294,0.20042595,0.029458558,0.09521843,-0.09874847,0.10846742,0.38806018,-0.5662334,-0.38441288,-0.4369383,-0.0630816,0.07175599,0.15306781,0.31949234,-0.7968723,0.27123404,0.9157239,0.06541968,-0.16510202,0.10279963,-0.60966647,-0.12268638,0.3402195,0.034583796,0.31384745,-0.21789224,-0.10746599,0.07023433,-0.28444463,0.35472783,-0.5560278,0.06638957,0.106200516,0.20270579,0.49415994,0.2976464
258,neutral,-0.041365225,0.12312891,0.29214495,-0.026411843,-0.06424393,-0.46546718,-0.13385089,0.051504683,0.005370632,0.22943418,0.006559776,-0.13373579,0.15710396,-0.020766303,-0.09001081,0.0030759755,0.029168021,0.088223174,-0.1948523,-0.04480202,0.23044801,-0.3121534,0.009566058,0.13842145,0.13636708,-0.0337906,-0.025971424,-0.12309885,0.032259967,0.101657644,-0.28773475,0.18114558,-0.17949873,-0.099280916,0.007112587,0.20595841,0.1642108,-0.0066368636,-0.1776107,-0.062099524,-0.18825725,-0.030129973,0.02248223,-0.10169059,0.16780466,-0.13408644,0.00034132184,-0.2852167,-0.106864356,-0.53966284,0.04003609,0.10042032,-0.021174703,0.6992047,0.12930074,-1.45977,0.0112587195,-0.17910978,1.088185,0.099166974,0.015374182,0.3201941,-0.15096289,-0.1070614,0.45395643,-0.019503726,0.1714303,0.25855637,-0.02688854,-0.053915497,0.24125032,-0.07879772,-0.08168939,-0.19440855,0.08209765,0.138091,-0.15967555,0.045223054,-0.6183827,0.14530714,0.38999322,0.027997345,-0.29445803,-0.016536491,-0.9330348,-0.18578893,0.016005224,-0.113375224,-0.0796905,-0.2858677,-0.0362511,0.064355135,-0.120931424,-0.009409612,-0.23832941,0.010980709,-0.032454938,-0.32038742,0.47271264,0.10348186
259,negative,-0.13277853,0.3502145,0.35874608,-0.07668456,-0.001180509,-0.094494164,-0.17580433,0.13470313,0.029251639,-0.03767062,0.036861546,0.029877521,0.14089307,-0.19874491,0.014018466,-0.1805674,-0.14849935,0.16258474,-0.14717811,0.114719935,0.3245206,0.040934823,0.06252301,-0.24565263,0.21772645,0.1742453,-0.23522997,-0.33244225,0.20194034,0.035581876,-0.104537964,0.4794082,0.010061852,0.06489175,0.042543784,0.17248507,-0.05631334,0.10854817,0.09945924,-0.1456472,-0.18034098,-0.19490542,0.1787326,-0.115409255,-0.28371596,-0.0800201,0.005512927,-0.14880504,-0.08927416,-0.77604955,0.028554775,0.025609246,0.05901636,0.6777422,-0.070280336,-1.9165137,0.03595408,0.016970994,1.3931378,0.25291112,0.04106254,0.50977474,-0.34543765,-0.12665856,0.5731378,0.025974572,0.31919545,0.06218622,0.11341845,-0.31604823,0.124817476,-0.06257213,0.05582346,-0.14140323,0.10891326,0.13604338,0.01570302,-0.08562064,-0.40232667,-0.15084708,0.28721982,0.12519215,-0.35000476,-0.00317354,-1.0186094,-0.08688639,-0.018076012,-0.11008606,-0.19558726,-0.2471273,-0.09466257,0.0054478645,-0.16009559,-0.19621016,-0.46103308,-0.05634931,-0.104147114,-0.1253743,0.419553,0.25648504
260,neutral,-0.188777,0.45757663,-0.004247528,-0.027857771,-0.12974526,-0.021592462,-0.11354846,0.022082046,0.20621276,0.17484245,-0.082401335,-0.08794505,0.1320746,-0.011756056,-0.14884922,-0.09461167,-0.07459501,-0.1558975,-0.48011014,-0.19808799,0.2563409,0.05075088,0.34094855,-0.22496317,0.029062245,0.26190668,-0.23138091,-0.06817849,-0.053362124,0.05583824,-0.3510746,0.08537871,-0.085657045,0.1057769,-0.14369796,0.18788004,0.24741596,0.1400394,-0.36146745,-0.15172873,-0.4044708,-0.0125543615,-0.31118146,-0.28700042,0.30613056,-0.049347952,-0.028914507,-0.014896843,-0.1774901,-0.47434276,-0.16850299,0.12692612,-0.19972958,0.80202526,-0.06366304,-1.553243,-0.02361874,-0.25378972,1.3443415,0.119815625,2.4454317e-05,0.25612205,-0.083547935,-0.39327538,0.72866964,0.1329785,0.056535915,0.18100405,0.42246413,-0.2846789,0.28037193,-0.42733315,-0.36680564,-0.22517215,0.17137015,0.12108091,-0.32111847,0.21520762,-0.46759275,0.10245073,0.29846546,0.074834965,-0.23062135,0.15566267,-0.78386676,0.04903238,-0.09865878,0.06801257,-0.10214789,-0.2060257,-0.10657573,0.1405001,-0.010202419,-0.14418192,-0.45985228,-0.17317384,0.1607425,-0.063606024,0.61987215,0.43074444
261,neutral,-0.31989327,0.2998904,0.27120405,0.19960871,-0.3208207,-0.59879947,0.39145428,0.15094806,0.27543554,1.0220634,0.13096084,-0.012328167,0.2899963,-0.12472164,0.3634304,-0.08608856,0.044428192,0.3231161,-0.42754215,-0.13300346,0.50006646,-0.50239265,-0.046779353,0.36255568,0.043546926,0.0589713,-0.26359096,0.32125574,-0.017316394,0.14895827,-0.1574624,0.22868231,-0.30127952,0.12315031,0.59384143,-0.05820186,0.04211915,-0.06230905,0.18003322,-0.027908169,-0.47810122,-0.15450077,0.023479817,-0.09400961,0.31654912,-0.54889554,0.1166504,-0.19380414,-0.592976,-0.39977127,0.40712106,0.41052127,0.17549273,0.8942906,-0.16275372,-1.3996462,0.028421784,-0.31070307,1.1330452,0.42135206,0.30176428,0.3235602,0.24232642,0.51575303,-0.021260092,0.31564575,-0.1691409,0.24870594,-0.2517444,0.069130264,0.3413878,-0.0870897,0.14536007,-0.3435367,-0.010994881,-0.2214692,0.095793575,0.17662324,-0.97054064,0.016553381,0.78557736,-0.029543703,-0.43682858,-0.249296,-0.6691639,-0.14865004,0.4646444,0.06489325,0.099774115,0.08967631,0.076818764,0.3747349,0.16643916,-0.38269943,-0.1789913,0.13282788,-0.14081939,-0.021038769,0.6300694,-0.14430661
262,negative,-0.15567832,0.111675106,0.27451023,-0.14124843,0.017522676,-0.23028356,-0.18358506,-0.11316638,0.037478253,0.16721334,0.07586332,-0.12990338,0.10360021,-0.19336686,0.11908412,-0.058934603,-0.012573924,0.06806113,-0.24188295,0.1016056,0.21633726,0.010660043,0.0012081972,-0.061507314,-0.26131698,0.012310915,-0.16516405,-0.029315693,0.018831138,-0.15329608,0.081330344,0.24837609,-0.1080938,-0.011156427,0.11368059,0.35504943,-0.057082526,-0.16469719,-0.34911,-0.08701008,-0.24814384,-0.21192288,-0.18245636,-0.19789422,0.030313496,-0.26288018,0.20939057,-0.30911186,-0.033564318,-0.7793688,0.19819051,-0.041462675,-0.053301837,0.9334586,-0.08358981,-1.8319268,0.066864975,-0.2781671,1.6128472,0.15504396,-0.01917622,0.40847737,-0.3410927,-0.085754745,0.53359,0.3384718,0.11200304,0.1616509,0.21932782,-0.36532328,0.26313302,-0.42407012,0.10534316,-0.24016765,0.07330873,0.23373221,-0.07342448,0.05814167,-0.6049243,-0.052746177,0.5489229,-0.26662642,-0.37286344,-0.1256094,-1.3029454,0.011145905,0.12897183,0.10943577,0.09650219,-0.20513704,-0.1814008,0.019543147,-0.24764457,-0.026663499,-0.2500967,-0.13469006,0.016266637,-0.22895579,0.55277216,0.2340865
263,neutral,0.08331891,-0.313516,-0.19576126,-0.53127646,0.411123,-0.10936477,-0.00934034,-0.014833353,-0.20994417,-0.18264392,-0.05150944,-0.19463049,-0.0019897767,0.048254047,0.23545113,0.18873218,0.15950468,-0.16892296,-0.07733754,0.022943893,0.36687255,0.13106355,0.10432203,-0.45776957,0.4904135,-0.12690452,0.33123282,-0.18743297,-0.021907715,0.028636718,0.028044967,0.49529403,-0.120398015,0.21210995,-0.13828653,0.15818289,0.15311925,0.01882556,0.019714689,-0.2066445,-0.09625782,-0.113929726,-0.27716893,0.08630034,0.11347066,0.092475586,-0.2728433,-0.43862402,0.17947565,0.25585514,0.14801477,-0.15194233,0.03908906,0.42433015,-0.37161565,-1.569908,-0.24922563,0.13456784,0.25063646,0.14826693,-0.10662613,0.45359597,-0.16477926,0.041152,0.5461266,0.052966952,0.30777532,0.36502647,0.07178125,0.29738948,0.009086131,-0.025445951,-0.13836354,-0.4191587,-0.1977797,-0.27917713,0.21542001,0.049771618,-0.37703466,0.068330064,0.14705294,0.03492519,0.24549253,-0.2230032,-0.58502966,0.14057174,-0.15286008,-0.09675868,0.19520316,-0.14067923,0.07537113,-0.11011806,0.31438828,0.3372571,0.17299275,0.12239999,-0.09516718,-0.35521975,0.28154686,-0.090361185
264,neutral,-0.17857862,-0.097228654,0.07088032,-0.06253292,0.14884467,-0.009866855,-0.086818434,0.06093123,-0.077566996,0.04348165,0.22139555,-0.06437375,0.06252332,-0.09162952,0.23418482,-0.22651759,-0.01152999,-0.1947824,-0.0016354036,0.142347,-0.15497091,0.07003789,-0.027327398,-0.14791319,-0.052418567,-0.18076722,0.079762675,0.025962757,0.09933565,0.074870415,-0.12613209,0.46343434,-0.30738685,0.068961404,0.050225228,0.14505087,-0.067400545,-0.035554346,-0.020053856,-0.1297203,-0.13034362,-0.13303441,-0.18246545,-0.037820265,-0.08522603,-0.04494808,-0.0064525725,-0.31092006,-0.011875615,-0.38861004,-0.041286264,0.18088034,0.2242979,0.57607573,0.055377528,-1.4591595,-0.033078842,-0.16658138,1.1790497,0.047565546,-0.08808428,0.5849911,-0.12587751,-0.22950153,0.4905654,5.278499e-05,0.24495146,0.056744598,0.107335515,-0.08277488,-0.031318948,-0.030239398,0.3404412,-0.28492022,0.01251406,0.1274545,-0.0775275,-0.044844612,-0.49622512,-0.13731617,0.33556446,-0.24164566,-0.18969381,0.020390857,-1.01273,0.113996275,0.11699863,0.03374244,-0.08672097,-0.09533395,-0.090531364,0.16444804,-0.007701438,-0.1611173,-0.21297388,-0.10260374,-0.20491754,-0.36740425,0.4816088,0.24935392
265,neutral,0.013750138,-0.12727137,-0.082512446,-0.4385107,0.2906068,-0.036668226,-0.105547436,0.0076966067,-0.5377001,-0.34826776,0.0059536397,-0.21886277,-0.010851677,0.20128848,0.15110035,0.15772006,0.0069324705,0.12497766,-0.34192178,0.0406734,0.17922343,-0.030392518,0.5264631,-0.33271283,0.45871866,-0.02094991,0.35285258,-0.1886451,0.043001823,0.20079856,-0.19081566,0.4917632,-0.11102431,-0.009771319,-0.1924058,0.08881524,-0.033227846,0.31205136,-0.047339574,-0.1177156,-0.27737066,-0.13913637,0.019235414,0.12720637,-0.0681631,-0.02566931,-0.27657267,-0.20011553,0.22555624,-0.03189368,0.2549404,-0.24980892,0.36920682,0.23507531,-0.116021395,-1.9995227,-0.4988425,-0.05958712,0.17573568,0.049119283,0.18059233,0.52955854,-0.099388205,0.21777529,0.41246158,-0.24274845,0.3156457,0.7627143,0.19765845,0.33736125,-0.16914235,-0.031531617,-0.39455608,-0.2918311,-0.13632862,-0.39781326,0.10516151,0.14107904,-0.49982235,0.1735128,0.08875151,-0.0737312,0.50184524,-0.0025528786,-0.46820405,-0.26427567,-0.37257794,-0.16672817,0.19254163,-0.20224275,0.11112015,-0.526366,0.48905033,0.053246524,-0.25942147,0.1578634,0.1748734,-0.27468777,-0.042068776,0.022124605
266,neutral,0.05357881,0.046202503,0.19345035,0.14185086,-0.032500453,0.23438463,-0.09342811,0.12055474,0.05294836,0.10250209,-0.1681689,0.0035347075,0.30802596,-0.060453273,0.06699293,-0.18989587,-0.055414617,-0.10233497,-0.6550846,0.11558105,0.40261462,-0.091889374,0.12863663,-0.042285133,-0.002405111,-0.24940388,-0.08731095,-0.27947623,0.2564876,0.0071289046,-0.037910186,0.13598551,0.023625826,-0.11801807,-0.16187173,-0.014050299,0.103730574,0.10297085,-0.17314537,-0.048405882,-0.5333612,-0.23454298,0.28233007,-0.011772261,0.13473772,-0.1837712,0.16231829,-0.17207238,-0.20027341,-0.49519056,-0.087177955,-0.060817022,0.21837665,0.9835823,-0.16527657,-1.6258996,0.040175885,-0.39408067,1.4862946,0.2718133,0.050533935,0.33822313,-0.18553077,-0.30926588,0.71263266,0.08361457,0.035930596,0.12843302,0.0063702585,-0.21723193,0.16461663,-0.3021844,-0.23015736,-0.16918333,0.012152428,0.06606301,-0.22996031,0.12428952,-0.83996975,0.03981394,0.51433176,0.2324156,-0.16046523,0.29050002,-0.85277426,-0.004797078,0.07678135,-0.123712875,0.21345308,-0.12759355,-0.0966117,0.03043939,-0.25333083,0.023588823,-0.53572947,0.09384322,-0.10865122,0.12328325,0.3680743,0.06860518
267,negative,-0.03323705,0.20723808,0.1159511,-0.23781927,0.13937946,0.2374511,-0.053520314,-0.036152795,-0.02072047,-0.089410454,-0.023934264,0.13708514,-0.2288881,0.036187593,-0.09222764,0.26488593,0.30668658,0.0709995,-0.12514202,0.26223618,0.10870107,-0.19905771,0.10379747,-0.1508926,0.3457094,0.013233991,-0.18778422,-0.358596,0.39932635,-0.22889695,-0.013370677,0.09094397,-0.14897451,0.12514265,0.019407135,0.06972669,-0.0054404396,0.28716823,0.032847613,-0.11061252,-0.24633221,-0.12836789,-0.036626555,-0.44689235,-0.10200121,-0.16994615,-0.015350862,-0.20996787,-0.3080347,-0.27824336,0.013600568,-0.25343686,0.1966585,0.7991456,-0.3533026,-1.1729071,-0.15317354,0.1950078,0.8719913,0.052923013,-0.15862317,0.6264514,-0.63120145,-0.10238261,0.5471407,-0.04776119,0.19633508,0.3517313,0.029283982,0.077858485,0.13921663,-0.30594745,-0.20368375,-0.013111881,-0.05654634,-0.004182367,-0.16668586,-0.22817859,-0.3811427,-0.05290215,0.48682743,0.27608785,-0.12662525,-0.014936026,-0.85675067,-0.016501265,-0.16932017,-0.08205883,-0.047631074,-0.19259821,-0.123035595,-0.1743614,0.07086926,-0.025628792,0.043797582,-0.13040467,0.13447809,-0.026327599,0.41824093,0.09909881
268,neutral,-0.13118373,0.08414258,0.1763906,-0.011166716,0.08199162,-0.64827865,-0.28782415,0.08750136,0.052550398,0.0750149,-0.27731487,-0.23357867,0.2904281,0.002381901,0.021390876,-0.08095378,-0.064042434,-0.32564533,-0.37238783,0.039070107,0.52288026,0.13147214,0.079762444,0.018698692,-0.03966915,0.04549395,-0.15885776,-0.17734788,-0.08114847,-0.3015126,-0.3310909,0.1222032,-0.031465378,-0.017388111,-0.070500806,-0.113538496,0.04603878,-0.009145972,-0.16524228,-0.08547375,-0.4940451,-0.26699084,0.1372612,0.1197824,0.4192009,-0.18023089,0.61862963,-0.0287935,0.08551018,-0.6329622,-0.056398675,0.129592,0.16219465,0.8952003,0.023591038,-1.8656882,-0.1219523,-0.24211575,1.5082897,0.36820638,-0.2107469,0.49578273,0.066069655,-0.3819867,0.4117921,0.37916765,0.093541175,0.0015132257,0.36725628,-0.19287527,0.32598752,-0.22755717,-0.16636284,-0.33172855,0.11492181,-0.059138343,-0.11615344,0.21980283,-0.70012134,0.100880235,0.7088159,0.22765769,-0.2369295,0.20423573,-0.7065847,-0.06777476,-0.05446088,-0.27822983,0.011499618,-0.49720347,-0.031191118,0.1447163,-0.43787974,-0.14167586,-0.5249953,0.18448089,-0.032071892,-0.039956722,0.5629987,0.055923842
269,negative,-0.011810085,0.24514066,0.42089516,-0.09010817,-0.052565694,-0.031714026,-0.29415855,-0.042223886,0.21695562,-0.13573661,0.0134479,0.16029742,0.24226612,-0.031737074,-0.18580194,-0.13902612,0.05414478,0.23057489,-0.31671625,0.09585781,0.2959814,0.04610996,0.033834804,-0.04460537,0.10569408,0.13718049,-0.1369142,-0.35812777,0.035439808,-0.23986419,-0.0740511,0.31692404,0.09004319,-0.060170677,0.097576775,0.09939867,-0.0712039,0.032020085,-0.15926619,-0.18522032,-0.3877519,-0.16082966,0.08141772,-0.3082029,-0.013535542,-0.25370055,0.2834074,-0.08690755,-0.13755448,-0.769468,0.22385891,-0.16095354,0.012308972,0.787278,-0.012691101,-1.8300757,0.10551391,-0.11838684,1.4383986,0.25962755,-0.32751644,0.45322514,-0.30600706,0.006622194,0.51568633,0.08711941,0.17194828,0.3462431,0.043699753,-0.14661917,0.13272811,-0.25928122,-0.1428338,-0.2676438,0.061978903,-0.0052370504,-0.18116373,-0.08155417,-0.6407535,-0.06613587,0.59562296,-0.021177221,-0.30325797,0.05532202,-1.2465245,-0.1435418,0.036069166,0.103839494,-0.16330433,-0.30788594,0.1376228,-0.015323243,-0.09071721,-0.09171109,-0.39589807,0.06862688,-0.072864346,-0.3389717,0.37408933,0.06869223
270,neutral,-0.008459014,-0.056445852,0.10449571,-0.19796301,0.18615325,0.15537043,0.0134978015,0.31650954,-0.033554368,-0.12871784,-0.0073570623,0.07798352,0.17202558,0.10760467,0.20443712,-0.19905962,0.1619216,-0.09107298,0.0406097,0.05463617,-0.08368044,-0.058317073,0.10586272,-0.043875635,0.44929156,0.058281664,0.13471587,-0.1384182,0.21211435,0.15304314,0.023653442,0.3793774,-0.028540328,0.22702745,0.1905765,0.013808117,-0.052677248,-0.1762741,0.015838368,-0.12956902,-0.18563062,-0.21284494,-0.23708226,0.16646555,-0.0765568,-0.21460061,0.1510927,-0.18743092,0.10237315,-0.58693296,-0.021140344,0.07548499,0.16292092,0.7152233,-0.03084201,-1.6412046,-0.000110267974,-0.08603553,1.2228453,0.32912368,0.10300846,0.48607987,-0.26487,-0.1475582,0.4612895,0.17911609,0.06639212,0.090358205,0.1287772,-0.08732861,-0.10218505,-0.24694242,-0.0047569834,-0.33689728,0.22035746,0.06609512,0.052026797,0.17053182,-0.45575842,-0.29064295,0.40387765,-0.3346896,-0.30758566,0.023411084,-0.95731765,-0.13119946,0.19049169,0.15332824,0.11741986,0.05227802,0.1558957,0.122896485,-0.15184332,0.23833016,-0.4033409,0.078616224,-0.039918654,-0.10832167,0.3819925,0.05001856
271,neutral,-0.34385464,-0.039777305,0.16907771,-0.12868756,-0.27383047,-0.1392486,0.45515007,-0.023970589,-0.27113035,0.5830386,0.34523597,-0.032843135,0.29845223,0.11638896,0.50734913,-0.13284191,0.09622701,0.15245064,-0.36445072,0.3015079,0.87351817,-0.03598406,0.051315054,-0.07289895,0.40786996,0.6246517,-0.4021359,-0.15941799,0.14881244,0.043135386,-0.17847776,0.31429252,0.2240415,0.31481344,0.21166088,-0.08914006,0.17355254,-0.26156616,0.11376075,0.64119756,-0.37849265,-0.29700527,0.34042016,-0.021498496,0.38731337,-0.076367706,0.32782754,-0.09060302,-0.1503119,-0.52740544,-0.08855955,0.3357153,0.11784384,0.76099175,-0.03235223,-1.4027984,-0.1339472,0.0054510497,1.4535574,0.56486833,0.2963889,0.87233704,0.15907297,0.4634347,0.13282074,0.27875754,0.10220525,-0.06331992,0.104401074,-0.2062916,-0.06681067,-0.322693,0.23786516,-0.1110208,0.33104253,-0.06447506,0.036806427,0.1475781,-0.30928087,0.2691691,0.4445304,0.17311363,-0.5315517,-0.0049662055,-0.56275123,0.030844482,0.44512847,-0.19962206,-0.0494523,0.23464756,0.009768104,0.06429004,0.004463744,-0.15731275,-0.3548955,0.21104531,0.13614528,-0.14627302,0.63109106,-0.38864145
272,neutral,-0.051994823,0.30306482,0.14438522,-0.33454317,0.21204585,-0.49350888,0.047950875,0.2139139,0.13886602,0.3526236,0.48009148,0.27584597,0.21649775,-0.052495673,-0.06324594,-0.417439,0.018642431,-0.08476078,-0.14710651,-0.03745672,0.5420153,-0.12647633,0.09742774,-0.01587953,0.20680696,-0.008923572,-0.47681737,0.25639725,0.0063985363,0.0724786,-0.10097384,0.086260185,-0.20739761,0.050518256,0.08977377,-0.041545562,0.2522391,0.1251337,0.05380918,0.2091847,-0.21948844,-0.5148738,0.0018427183,-0.018187623,0.4793615,0.2908924,-0.19099253,-0.27790034,-0.3648737,-0.31867218,0.06791893,0.2724292,0.07331764,0.9864569,-0.26423743,-1.4271511,-0.17284356,-0.34119466,1.3630042,0.35188815,-0.08485364,0.23372291,-0.101872854,0.07708835,0.32605702,0.2680165,-0.03689019,-0.041041415,0.058591764,-0.16968298,0.018284904,-0.10133111,0.33959636,0.016246416,0.11176178,0.108831726,0.16273461,-0.10353413,-0.7117543,0.2074362,0.4772723,-0.06694233,-0.3628264,0.3124081,-0.32662278,-0.24699636,0.26568332,-0.23077196,-0.054629773,-0.30466786,-0.035998214,0.16249117,-0.30067864,-0.4402123,-0.25769958,0.32291204,-0.13288894,-0.08492355,0.44484425,-0.038552802
273,neutral,-0.21308565,-0.122851714,0.3012223,0.04290253,0.068914525,-0.07268897,-0.13987927,0.04117562,0.03942821,0.22011769,0.15320365,-0.008617904,0.118863456,0.09267441,-0.10690751,0.22134598,0.20224501,-0.28288743,-0.5648516,-0.12777917,0.090420365,-0.35802802,0.10150683,-0.22382972,-0.29229662,-0.4492748,0.04314096,-0.14971988,0.10347841,0.015145067,-0.11686315,0.2321319,-0.35970768,-0.1780805,-0.14850724,-0.004139707,-0.037761964,0.17936228,-0.25893858,0.14383091,-0.48774922,-0.2516227,0.27366614,0.17031479,0.021155743,-0.15827614,0.02621964,-0.1626296,-0.060844142,-0.5423014,0.40524203,0.059522875,0.2298027,0.9277292,-0.1334305,-1.5063273,0.057193723,-0.2379328,1.3453547,0.36518395,-0.003937881,0.19684166,-0.17175646,-0.035893198,0.71851146,0.05670816,-0.052879337,0.29649243,0.35160267,0.07052269,0.16572686,-0.20887688,-0.14290625,-0.5296913,-0.03998749,0.2027041,0.07194149,0.010679051,-1.0523361,0.02049364,0.6269853,0.14387763,0.13346201,0.08177035,-0.9783464,-0.25746974,0.16847895,0.35901588,0.22003344,-0.22730775,0.13422082,-0.25090972,-0.13442175,0.12404358,-0.1376164,0.1360151,0.0038183879,-0.17786011,0.43872273,0.14142546
274,neutral,0.0080712475,-0.033040557,0.2698586,-0.45729893,-0.111572556,0.2049603,0.008619029,0.00032211113,0.14150901,0.024116812,0.18190083,-0.040868856,0.08784724,0.13579951,-0.024997385,-0.10421097,-0.012596662,-0.03104131,0.012383349,-0.261319,0.23219472,0.20282474,-0.10737818,-0.28059894,0.247911,-0.024793308,-0.25724852,-0.11857808,0.31941035,0.042524192,0.017428,0.29703686,0.07432886,0.30731234,0.11897644,0.06580568,-0.09152064,0.10082081,0.25595638,-0.3007394,-0.05244293,-0.11359404,-0.094981834,-0.1619143,-0.0935751,-0.122936904,0.13189961,-0.048893023,-0.08687999,-0.41485336,0.053918798,0.077226155,0.09728369,0.6265957,-0.087009475,-1.5740751,-0.1736126,-0.027298478,1.134409,0.6152495,0.24173008,0.47289348,-0.053678297,0.16218656,0.38874525,0.05978199,0.49798295,-0.07318464,-0.032997243,-0.053449724,0.15885995,-0.015422318,0.14497149,-0.21499243,0.12584385,0.074097805,-0.0185033,0.020404443,-0.20661609,-0.07693972,0.25337756,-0.06652118,-0.047941145,-0.04390009,-0.66655016,-0.1955699,0.13224936,0.07620179,0.05496966,-0.098469734,-0.014925249,0.033423867,-0.17276414,0.10445384,-0.106818154,-0.08660483,0.007934891,-0.19476026,0.3854881,0.13084629
275,neutral,-0.034609366,0.100800686,0.33289924,0.063880555,-0.048022673,-0.14328437,-0.2982335,-0.08889215,0.13814941,0.041239716,-0.20166862,0.004286512,0.23628363,-0.07099497,-0.087283246,-0.19953777,-0.14540327,0.06897809,-0.4280068,0.06236312,0.30123693,0.051460855,0.1070143,-0.00020691799,-0.098214336,0.12586334,-0.07136196,-0.30696952,0.18576314,-0.045902766,0.06391232,0.13452387,-0.05937351,-0.04837089,0.049608648,0.041452512,0.06542869,0.06547754,-0.10604861,0.051253326,-0.547557,-0.12254766,0.1662654,-0.18031268,0.16043016,0.030499425,0.37492928,-0.034563933,-0.2918427,-0.61483413,0.11332254,-0.025894873,-0.18130559,0.8318085,0.11095901,-1.8319738,0.100074574,-0.3245763,1.4090668,0.3035204,-0.20816395,0.4667065,-0.18743001,-0.16980511,0.5111664,0.08638305,0.22806457,0.040073477,0.22888057,-0.112959385,0.12737706,-0.3536465,-0.10891019,-0.24386872,0.30885696,-0.049917668,-0.19423614,0.10909774,-0.70678097,0.13244799,0.6155638,0.07441462,-0.33791086,0.19299391,-1.0018283,-0.17872055,-0.051038176,0.019428803,-0.08134378,-0.4707297,-0.09216885,-0.03967191,-0.0667571,0.006869318,-0.30311713,0.24014305,0.07323317,-0.25105533,0.36473408,0.0052185585
276,negative,-0.041053176,-0.00010718844,0.25613225,-0.19087505,-0.39753276,0.115744166,-0.021358928,-0.012760391,0.09319136,0.24352135,0.12743159,0.16329119,0.0552525,0.06620151,0.17604885,0.035642497,-0.0051934263,0.22377832,-0.29161477,0.073754124,0.44468534,-0.051093478,-0.036935344,-0.3002062,0.04243061,0.3360892,-0.39204288,-0.16708133,0.21076752,-0.043681514,-0.029405417,0.19614772,-0.045889065,0.0027936166,0.2827602,-0.014517506,-0.059921704,-0.19117664,0.3103839,0.017846407,-0.23547617,0.005251991,0.016459372,-0.22591648,0.17168544,0.0068516484,0.17560084,-0.07165033,-0.24963358,-0.37882566,0.1396325,0.101629846,-0.07055402,0.7413576,0.03488844,-1.3238884,0.02230052,-0.022501757,0.8749615,0.11678593,-0.045582395,0.40213165,-0.2269378,0.053623036,0.43481392,0.22557564,0.29833227,0.023616286,-0.16467188,-0.094425455,-0.016531909,-0.42332467,0.07034022,-0.12504373,-0.07577115,0.13239741,0.0112161795,-0.015396931,-0.41411555,0.17029049,0.4736017,0.079977855,-0.2795266,0.12284871,-0.79429,-0.0868224,0.12710474,-0.061290175,-0.025843082,-0.17711641,-0.26071057,0.0338634,0.07583056,-0.029809935,-0.114732526,-0.051831756,-0.043711364,-0.15736568,0.24638253,0.062062092
277,neutral,-0.06329156,0.27793565,0.1565933,-0.341883,0.15446994,-0.45847642,0.046284065,0.16670129,0.17085925,0.37042585,0.5209555,0.30658558,0.22754352,-0.06354004,-0.068786845,-0.39144027,0.037772946,-0.1592592,-0.13050061,-0.01568875,0.5201411,-0.123452514,0.09825452,0.062131513,0.23917553,0.04299366,-0.51528037,0.24550657,0.03434492,0.053016867,-0.07339233,0.07657124,-0.18793274,0.10091034,0.1111133,-0.08061555,0.18928105,0.13318543,0.08334069,0.17176953,-0.1732201,-0.5452731,-0.07060211,-0.035047412,0.46605858,0.26758972,-0.18330698,-0.2657632,-0.4175196,-0.27624953,0.00868111,0.29447708,0.04277442,0.98948944,-0.25538197,-1.3154362,-0.18525115,-0.25083426,1.25065,0.33369455,-0.040775858,0.25450292,-0.0971475,0.10531443,0.33193675,0.2699547,-0.04568972,-0.061745185,0.011166028,-0.19738021,-0.0024856713,-0.13182573,0.36365378,-0.0151261585,0.10207617,0.095365904,0.18546921,-0.13101862,-0.72568804,0.14657031,0.45771843,-0.0902248,-0.2959868,0.32204106,-0.27702016,-0.18791957,0.24560697,-0.20476344,-0.060896546,-0.2771726,-0.037458394,0.22083686,-0.27704704,-0.39526242,-0.16875368,0.32202244,-0.1179537,-0.074112125,0.3957887,-0.076030076
278,negative,-0.070558816,0.2555787,0.22841075,-0.12028402,-0.09712646,0.06768346,-0.20038651,0.08717273,0.31014183,0.2606026,0.021379722,0.0089002345,0.18738335,0.18539807,0.14453317,-0.037339088,-0.1032207,0.0012739792,-0.3922286,0.114741415,0.2154319,-0.07475163,-0.07690067,-0.3296821,-0.06448176,0.021810282,-0.111331396,-0.12832521,-0.07504125,0.12729341,-0.013502978,0.16738121,0.031050166,0.12593532,-0.08872026,0.09318208,-0.0310825,0.09200401,-0.036321145,-0.22520204,-0.025940582,-0.08672953,-0.051509563,-0.26687396,0.047751687,-0.19077846,-0.044388115,0.09247361,-0.09941367,-0.48753843,0.10592423,0.09886312,0.13957503,0.6024919,-0.20910898,-1.5459763,0.113022566,-0.08855642,1.129908,0.017592246,-0.098852515,0.49304095,-0.11546483,-0.10500824,0.6361135,0.10909515,0.16175336,-0.033744264,-0.07190742,-0.1775735,-0.1357142,-0.24047253,-0.0074593397,-0.32366565,0.26324973,0.07975595,0.16560146,-0.084704846,-0.43010005,-0.053608365,0.3442013,0.0059141563,-0.4586143,0.015104845,-0.90631586,0.07091896,0.0808491,-0.180152,-0.29238373,-0.23642944,0.10520392,-0.046600692,0.09887569,-0.08513906,-0.45362633,-0.016476551,0.13142976,0.01708453,0.43215784,0.3208256
279,neutral,0.0016305122,-0.22579277,-0.12687148,-0.62576985,0.48951688,-0.08927597,-0.34892008,-0.023949347,-0.34868598,-0.27402267,0.016742058,-0.18503581,-0.15699361,0.2005869,0.17993395,0.2716652,-0.033942733,-0.025865493,-0.285814,-0.10245211,0.22401273,0.07611626,0.22174026,-0.50982237,0.4755404,-0.286699,0.14331526,-0.2533309,0.07454829,0.421381,-0.02360842,0.40848064,-0.076154135,0.32306835,-0.29408047,0.048425183,-0.06447919,0.35712066,-0.34162515,-0.112980224,-0.123386115,-0.1888067,-0.14975707,0.22597328,-0.043227207,-0.07331308,-0.072324894,-0.35827374,0.29545045,-0.14974864,-0.07193344,-0.2433364,0.37466374,0.4344866,-0.21367711,-1.9467505,-0.32360852,0.027035687,0.25804073,0.30894193,0.112428404,0.62196165,-0.17895329,-0.16485208,0.8272953,-0.1214901,0.47693035,0.48793188,0.04918026,0.21257898,-0.20473059,-0.011526319,-0.3814998,-0.3337832,-0.14074847,-0.10556162,0.37628025,0.05180508,-0.481243,-0.14707708,0.013054857,0.0138493795,0.28887945,-0.17007138,-0.5188795,-0.15220274,-0.23060665,-0.03900748,0.32923326,-0.15008593,0.3461001,-0.2179744,0.44399172,0.12868655,-0.3665188,0.03963767,0.15665704,-0.2083671,0.28257388,0.13669296
280,neutral,-0.10138958,0.39882073,0.23973326,-0.1610115,-0.15406698,0.34099945,-0.41674468,-0.05730297,0.026030367,-0.20300071,-0.17597653,-0.16336747,0.15758756,0.00094874314,0.0014124259,-0.032273725,-0.11705746,0.30957678,-0.33709395,0.09743908,0.13004096,-0.114320114,-0.13735238,-0.12052841,0.07025739,0.19772494,-0.18966722,-0.02642759,0.29089803,-0.28632838,-0.11580972,0.29864827,-0.0009980383,-0.07975626,-0.16928636,0.21400277,0.1602398,0.014732044,-0.035282746,-0.30402318,-0.2500263,-0.06466,-0.021463873,-0.34316057,-0.06336009,-0.10566027,0.26594695,0.0044047255,-0.04900265,-0.69301903,0.16280904,-0.0067958822,-0.117843084,0.71412885,0.14439379,-1.6506411,0.23837112,-0.027460027,1.207599,0.092084855,-0.106869824,0.54486525,-0.22333857,-0.32680115,0.7128246,0.2131364,0.30468202,-0.17010954,0.18911605,-0.436252,0.114432365,-0.111958325,-0.06640949,-0.11269396,-0.033849463,0.16750343,-0.08201011,-0.19432281,-0.6015517,0.10566848,0.5946129,-0.11039627,-0.42648646,0.16591552,-1.0396802,-0.10539588,0.030535836,-0.034310147,-0.23177223,-0.52068675,-0.019859867,0.050688416,0.00058191485,-0.09480734,-0.48799533,-0.27291915,0.11273573,-0.25383005,0.21357618,0.24020186
281,neutral,0.15030839,0.0919293,0.06426806,0.055436302,-0.15023488,0.40708962,-0.17525539,0.05010746,0.5142611,-0.12706712,0.16605717,0.39942077,-0.14871272,0.078422375,-0.0038985454,-0.41287056,0.030736022,0.1929531,-0.41084248,0.39664474,0.500392,0.25775802,0.049961578,-0.24652995,0.11408719,-0.24231587,-0.3788912,-0.4637383,0.02618169,-0.0913246,-0.13910192,0.25526762,-0.11672191,0.039388694,0.11738756,0.34727773,0.045209195,0.23618497,0.25291649,-0.23730995,-0.60459304,-0.08176501,-0.1186073,-0.18511593,0.065947585,-0.041086502,0.1325134,0.30373034,0.07533494,-0.67895395,0.029993689,-0.103953406,0.12829407,0.80534214,0.16450338,-2.0687914,0.10487865,-0.5177686,1.6583499,0.18773927,-0.26725337,0.619515,-0.025080089,0.039565176,0.54475236,0.034004923,0.3448155,0.10374603,0.06660085,0.05464219,-0.17935959,-0.3813148,-0.066218525,-0.59713703,0.11170114,0.023592003,0.044616785,-0.07191024,-0.6383603,0.08803762,0.6730542,0.23446117,-0.42134768,-0.12809356,-0.98004776,-0.11273152,-0.08816531,0.15881678,-0.010395834,-0.44798198,-0.08087387,-0.16084273,0.1255107,-0.21786217,-0.5808089,-0.15312725,-0.04282885,-0.03644145,0.14356805,-0.043362007
282,negative,-0.095639415,0.07357045,0.17554604,-0.092815325,-0.10289175,0.26596782,-0.0720887,0.378639,0.050370075,0.015078857,0.2733009,0.031342212,0.10610614,-0.17345725,0.14771537,-0.18665884,-0.25756556,0.20520411,-0.02742656,0.053867955,0.15484954,0.16643038,0.015367029,-0.12730896,0.3500786,0.17687269,-0.13318612,-0.087582044,0.0864866,-0.02392112,-0.10464191,0.277776,-0.006026493,-0.01186774,-0.0009407357,0.040283933,-0.11710583,-0.17200558,0.16391541,-0.047082074,-0.1477575,-0.0739636,0.041376416,-0.067404285,-0.07581444,-0.12659027,0.29787785,-0.17682816,-0.056579366,-0.669211,0.048185814,-0.013973756,0.07729229,0.5737072,-0.114678144,-1.4670125,0.07038545,-0.168108,0.89957523,0.24004854,0.047505166,0.54543144,-0.22612694,-0.12769465,0.32403237,-0.0020570063,0.10332866,-0.09763056,-0.040261593,-0.0794749,0.092332155,-0.40420187,0.27736568,-0.0067808656,0.120567836,0.0028669424,0.06391419,-0.106617406,-0.2132512,-0.11133915,0.18683392,-0.2564484,-0.2613282,0.017358271,-0.9350894,-0.10283999,0.058366425,0.22926714,-0.050478667,-0.025439365,-0.11723145,0.11152106,-0.037394483,-0.08534978,-0.35425174,0.05627827,0.0046955454,-0.024606409,0.12629052,0.072159484
283,negative,-0.059084717,0.27362305,0.26662353,-0.06759976,-0.010639756,-0.17023581,-0.09839377,-0.029793702,-0.03798825,0.06385956,-0.083763696,0.015729712,0.085266694,-0.10170988,-0.009852123,0.013259728,0.042541694,0.06427199,-0.38547114,0.30442584,0.099924654,0.013405802,0.12117245,0.085786395,-0.08606051,0.20719475,-0.24057524,-0.048291553,-0.12713173,-6.204555e-05,0.013098525,0.3762507,0.02857184,0.053672783,0.12933914,0.42789373,0.05982537,-0.091108374,-0.085362114,-0.23660675,-0.093017064,-0.19721128,0.09921449,-0.31297964,-0.021882502,-0.05458211,0.0078074727,-0.13540594,0.015596343,-0.5384747,-0.07567389,-0.10804696,-0.06386269,0.6368274,-0.18253535,-1.4485297,-0.08951357,-0.23219992,1.0823436,0.14107956,0.038038205,0.29966184,-0.014953574,0.15298383,0.33124763,-0.054655712,0.02860377,0.30820525,-0.16565414,0.105329104,0.035311922,-0.25384006,-0.120599695,-0.25157818,0.10357242,0.21722503,-0.19392228,0.09654413,-0.50962746,0.21235053,0.5920484,-0.02007308,-0.3815905,-0.028983371,-1.0047191,0.027890889,0.14328736,0.35277343,-0.20832284,-0.17601958,0.04203112,-0.03469276,-0.03272467,-0.1667591,-0.48657924,-0.12713243,-0.0189451,-0.08237216,0.2158823,0.09272934
284,negative,-0.059084717,0.27362305,0.26662353,-0.06759976,-0.010639756,-0.17023581,-0.09839377,-0.029793702,-0.03798825,0.06385956,-0.083763696,0.015729712,0.085266694,-0.10170988,-0.009852123,0.013259728,0.042541694,0.06427199,-0.38547114,0.30442584,0.099924654,0.013405802,0.12117245,0.085786395,-0.08606051,0.20719475,-0.24057524,-0.048291553,-0.12713173,-6.204555e-05,0.013098525,0.3762507,0.02857184,0.053672783,0.12933914,0.42789373,0.05982537,-0.091108374,-0.085362114,-0.23660675,-0.093017064,-0.19721128,0.09921449,-0.31297964,-0.021882502,-0.05458211,0.0078074727,-0.13540594,0.015596343,-0.5384747,-0.07567389,-0.10804696,-0.06386269,0.6368274,-0.18253535,-1.4485297,-0.08951357,-0.23219992,1.0823436,0.14107956,0.038038205,0.29966184,-0.014953574,0.15298383,0.33124763,-0.054655712,0.02860377,0.30820525,-0.16565414,0.105329104,0.035311922,-0.25384006,-0.120599695,-0.25157818,0.10357242,0.21722503,-0.19392228,0.09654413,-0.50962746,0.21235053,0.5920484,-0.02007308,-0.3815905,-0.028983371,-1.0047191,0.027890889,0.14328736,0.35277343,-0.20832284,-0.17601958,0.04203112,-0.03469276,-0.03272467,-0.1667591,-0.48657924,-0.12713243,-0.0189451,-0.08237216,0.2158823,0.09272934
285,neutral,-0.077896185,-0.07847163,0.41841742,-0.23886918,-0.1963026,0.070923515,-0.27211252,0.096253395,0.20739189,0.08715313,-0.13268745,0.23029532,0.030422814,-0.16543369,0.010313041,-0.23748095,0.05628921,0.21564947,-0.5265312,0.20726076,0.15790802,-0.11895596,-0.08327107,-0.1830727,-0.07557612,-0.02494501,-0.1664678,-0.12005423,0.2977087,-0.19046542,0.05588968,0.41810453,-0.13383542,0.04182952,0.10783872,0.3315568,0.08117894,-0.035759617,-0.10752682,-0.2719368,-0.4020077,-0.035240944,0.06404975,-0.35800916,-0.17239255,0.09544587,0.119504355,-0.007883802,-0.1458741,-0.71771824,0.14283603,-0.061744124,0.25461385,0.57835215,-0.36213046,-1.5803306,0.0815107,-0.025719406,0.9199114,0.144218,-0.18795046,0.23270883,-0.21762002,-0.22626273,0.40385967,-0.07767848,0.2916919,0.6441848,-0.14520195,-0.037696917,-0.016191194,-0.2073889,-0.26384777,-0.57460845,-0.11975705,0.17913567,0.033796478,-0.075483456,-0.6396472,0.18186146,0.26853216,-0.4111438,-0.24511793,-0.123269305,-0.90697545,-0.31564394,0.078721985,0.39487764,-0.06780139,-0.42082664,0.051386796,-0.120513074,-0.19044201,-0.22749227,-0.42734134,-0.12531012,0.12930939,-0.022474937,0.3172185,0.40674517
286,neutral,0.06253529,0.1859496,0.2910616,-0.29223892,0.1935517,0.14618741,-0.2739869,0.23594128,-0.08932479,0.17338379,-0.17082025,0.006527603,0.28089252,-0.029005837,-0.2149829,-0.3324999,0.027591093,-0.024645776,-0.2707071,0.1789932,0.12724014,0.3260347,0.085789375,0.031013878,0.012929738,-0.25506458,-0.21888877,-0.655749,0.17530774,0.10588963,-0.21833783,0.35298666,-2.492051e-05,-0.0079119485,0.24954322,0.3001393,-0.07466149,0.23725346,0.057974976,-0.076749906,-0.44517556,-0.40342817,0.2019081,-0.23938228,-0.14454806,-0.27452752,0.13106194,0.055907298,0.02980147,-0.50699806,-0.37253517,0.06300764,0.27766228,0.77169675,-0.014804599,-1.6590466,-0.39989966,-0.07290409,1.2782664,-0.024272505,-0.051804893,0.3948226,-0.05532486,-0.027555536,0.54408383,-0.042900532,0.065385506,0.14752118,0.04935943,-0.053392164,-0.23471892,-0.15840533,-0.31203246,-0.12045634,-0.04984983,-0.05500526,-0.0019701724,-0.09851155,-0.4287927,-0.02345599,0.6701551,0.02082189,-0.2757662,0.10759964,-0.75814146,-0.10957292,-0.17001845,0.13128626,-0.13153146,-0.5006033,-0.4004318,-0.10729196,0.37554,-0.28839818,-0.45687148,0.08716053,-0.101642795,0.009119859,0.51287746,-0.09501804
287,negative,0.05767496,0.44541147,0.31447846,-0.14215721,0.03693864,-0.8334137,-0.052178524,0.09589312,-0.044258855,0.29579455,0.07085745,-0.12797157,0.115771644,-0.06311371,0.0723469,-0.16617441,-0.5058409,-0.10640012,-0.0854265,-0.09432455,0.5903223,-0.23328474,0.30982855,0.29230297,0.1881658,-0.013052639,-0.49395868,-0.21195564,0.14466724,-0.06905566,-0.11010713,0.07869891,-0.3179165,-0.008394094,-0.09063353,0.13998139,0.2692551,-0.099331714,-0.14493461,-0.1293371,-0.36622584,-0.3306214,0.11972738,-0.12232398,0.4756863,-0.16373864,0.27058345,-0.7063016,0.16943951,-1.117007,0.29237783,0.14550908,-0.11799152,1.0855763,0.010683021,-2.0224166,-0.107642576,-0.22634728,1.7335298,0.14422312,-0.09579937,0.1246619,-0.13796635,0.13168295,0.5539323,0.2613084,0.22720218,-0.2779672,0.19450906,-0.095417805,0.19531927,-0.21557827,-0.45385554,0.08039484,-0.121061504,0.047961034,0.1894773,0.12635386,-0.96956015,0.25559384,0.8698781,0.047437485,-0.5244681,0.10209896,-0.6906156,-0.16627616,0.12347706,-0.19874458,-0.34594437,-0.39720476,-0.23968288,0.3145952,-0.47720495,0.04068683,-0.8089296,0.027549991,0.24436177,0.070362076,0.5833139,-0.14251636
288,negative,0.029404873,0.16596098,0.19373362,-0.046871077,-0.10287009,-0.27942216,-0.41109666,0.023377735,0.12055994,0.09225893,-0.019774277,0.13315764,0.09604424,0.0018122399,0.06831902,-0.0040670214,-0.009907402,0.114640474,-0.16262077,0.017199265,0.2770572,-0.15201879,-0.042526603,0.0016852291,0.03260816,-0.1313545,-0.1526665,-0.42490336,-0.15758954,-0.026161663,-0.011239199,0.1714677,-0.112227514,0.07812322,-0.10359101,0.22870709,0.09955036,-0.15132381,-0.0052613197,-0.19061251,-0.28861517,-0.15050766,0.068252966,-0.1975205,0.078968965,-0.07567423,0.18968089,-0.17865673,-0.088698864,-0.706575,0.11122004,-0.058162067,-0.09593287,0.74953717,-0.046085693,-1.7036453,-0.017159376,-0.18775573,1.4337218,0.27717888,-0.12134708,0.3161309,-0.21772543,-0.10824742,0.42094105,0.14995612,0.14317626,0.045246508,0.32646346,-0.20311022,0.0044305865,-0.22026053,-0.1479725,-0.10935624,0.07425251,-0.09847375,-0.056639943,0.040656645,-0.662283,-0.031468187,0.53080136,0.17439324,-0.2937835,-0.0069923857,-0.87118465,-0.27021727,0.00813585,-0.10478443,-0.06359955,-0.36374918,-0.13499893,-0.01678198,-0.12526016,-0.07441861,-0.29039523,0.053651042,0.115332365,-0.20494397,0.46686938,-0.101132706
289,neutral,0.046805393,-0.035928052,-0.088720135,0.0015518939,-0.115102015,-0.21214938,0.13134839,0.74881667,-0.073775664,0.21761057,0.45552903,0.057055105,-0.31485185,-0.08713828,-0.12729016,0.18914406,0.19751284,-0.15357581,-0.5660699,0.04660284,0.09082482,0.09747303,0.13875525,-0.22981489,0.18410642,0.16256823,-0.121738486,-0.507306,-0.016519133,-0.054994836,-0.3733434,0.2243635,0.4685936,0.19268423,0.25763157,0.28658724,-0.11712583,-0.101843506,0.42231283,-0.1617389,-0.058103118,-0.5628747,0.023004642,-0.3732012,-0.18460333,0.09621054,-0.029583642,0.16729619,0.10415901,-0.0014210388,-0.066293284,-0.22102946,0.13582876,0.32315812,-0.027382322,-1.5529618,0.19907013,0.16916436,0.39706424,-0.04177676,-0.1866273,0.5197159,0.051200558,0.19699268,0.08198213,0.016228583,0.6445911,0.21359928,-0.24603306,-0.42862287,-0.33616108,0.22744654,0.033357374,-0.27461457,0.039864056,-0.38477263,0.17216913,-0.041445207,-0.26823327,-0.05111491,0.16189222,-0.1566893,0.121329576,0.10729821,-0.3432665,-0.18152085,-0.26162767,-0.031838015,0.053400137,-0.024211988,-0.14493132,-0.3860191,0.17805913,0.36852735,0.10021791,0.17437248,-0.14737032,0.043081176,0.2756174,0.17797074
290,neutral,0.024832409,0.28601596,0.19832535,-0.20198667,-0.6292897,0.02089821,-0.28223482,-0.10568187,0.082042426,-0.16107713,-0.009844402,-0.08183599,0.29669285,-0.061626192,-0.08348641,-0.04022981,-0.15626529,0.3089688,-0.57181674,0.6340288,0.04969768,0.20248595,-0.24586345,-0.43552044,-0.005153407,0.30569598,-0.1908326,-0.4539153,0.38696203,-0.51234716,-0.15416674,0.66676503,0.15174736,0.19716813,0.12210607,0.24806298,-0.15266377,0.08404233,0.22990884,-0.3019183,-0.188217,0.10429859,0.15096703,-0.29952508,-0.24348144,-0.21412031,0.18851809,-0.17745437,-0.29937038,-0.9398811,0.13455728,0.11055381,0.003378003,0.6226377,-0.14184564,-1.2667356,0.32427657,0.1892534,0.71647924,0.038404457,-0.10100586,0.5655786,-0.39913222,-0.22399652,0.4841788,0.3114669,0.47792488,0.5416921,-0.22451572,-0.40340936,0.35147765,-0.2243195,0.15096834,-0.39825755,0.1882325,0.1079524,-0.008420002,-0.29071122,-0.122909814,-0.18775208,0.47043425,0.058775276,-0.4429358,-0.0411721,-1.0298619,-0.054669604,-0.16514817,-0.01759616,-0.38966388,-0.4013697,0.092695385,-0.36249763,-0.015643874,-0.10032711,-0.48954707,-0.02900031,-0.19419496,-0.21821833,-0.06886001,0.6656226
291,neutral,-0.0013596262,0.3779932,0.59004414,0.17077462,0.17031255,-0.5591696,-0.38451985,-0.043469504,0.1056019,0.609901,0.09882491,0.105331324,0.22608043,0.40991658,-0.2505655,0.26040983,0.2528064,-0.3734551,-0.47525805,-0.007562058,-0.06461853,0.017492067,0.121033445,0.05761403,-0.54939526,0.16171171,-0.26576245,0.33039862,0.2242133,0.16884887,0.090644166,0.14232838,-0.6241181,-0.32921714,0.00977464,0.048419718,0.2656817,0.17953424,-0.28736138,-0.14419153,-0.3484892,-0.37511632,0.27680263,0.14538011,0.45010146,-0.36012828,0.089363895,-0.119783565,-0.2767562,-0.51677483,0.31743324,0.36876565,0.09949776,1.1332994,-0.03143568,-1.6941309,0.29753032,-0.83352584,1.595698,0.34638965,0.20587291,-0.132465,-0.093999736,-0.0077078817,0.40422815,-0.04952599,-0.22269897,0.4450252,0.48979193,0.56779873,0.2728081,-0.6453331,-0.48310977,-0.28825802,0.2624077,-0.04662158,-0.21130481,0.3674405,-0.9894586,0.21491197,1.1478816,0.33358076,-0.010062306,-0.13403329,-1.148946,0.1905503,0.197258,0.15892042,-0.06481195,-0.6990135,-0.023773605,-0.022682784,-0.046675593,-0.26370937,-0.38350382,0.30568686,0.14289717,-0.26837322,0.17953563,0.262185
292,negative,-0.09155677,0.12674765,0.16329539,-0.18090597,-0.09502012,-0.19036818,-0.09129498,0.08047898,-0.047696307,0.120136686,-0.015111297,-0.038409416,0.34806383,0.05696724,0.024308922,-0.05425541,-0.09429114,-0.1442403,0.07497734,-0.064725175,0.19931947,0.024271699,-0.15742521,-0.15339759,0.12699941,0.27209055,-0.31443858,-0.14224617,0.021975681,-0.058598492,0.097934954,0.2862172,-0.11541197,-0.046897743,-0.10362578,0.09703981,-0.09485947,0.012774551,0.12843396,-0.041348357,-0.28253922,-0.3787768,-0.08318236,-0.1531146,-0.038761135,0.023154682,-0.018215,-0.10890259,-0.020057973,-0.60310495,0.13846557,0.16658385,0.12706424,0.8478802,-0.12665424,-1.6953853,-0.04536791,-0.16529773,1.2698263,0.24605125,0.13709968,0.5853121,-0.09471023,0.12732512,0.4737457,0.106971316,0.3275572,0.09273086,-0.012685509,-0.29790106,0.017388083,-0.10963012,0.060819246,-0.16286625,0.28282243,0.0014975175,-0.061556976,0.02055348,-0.43013382,0.18773147,0.4856395,0.07036483,-0.3938306,0.1480495,-0.88638276,-0.21651861,0.0896239,0.067980565,0.017268801,-0.24348912,-0.10502874,-0.05007414,0.006716975,-0.15571792,-0.25082684,0.19531588,-0.111310795,-0.15879844,0.372638,-0.04874935
293,negative,0.39005402,-0.040402234,0.50991315,0.26473278,0.082266346,-0.38566008,-0.074085146,-0.032182056,0.23832364,0.23217756,0.38831753,0.48933214,0.42021978,-0.053726837,0.042656984,-0.097263075,0.16013135,-0.112380736,-0.65324724,0.07992078,0.32215905,-0.32322997,-0.19541393,-0.22937796,0.2231404,0.49686852,-0.24652128,0.029412365,0.24917075,-0.35727924,0.0114899725,0.22009954,-0.3297279,0.04020189,0.25180078,0.35257158,0.6424685,-0.45869508,-0.38820142,-0.24103038,-0.038000736,0.2865355,0.77893037,-0.23598419,0.042532876,-0.37768292,-0.07430525,0.016519753,0.08741948,-0.42484617,0.060505394,0.09279488,0.2275475,0.5931933,-0.11364378,-1.2497902,0.39677054,-0.9051537,1.0874676,0.03054821,0.06373887,-0.12652719,-0.6128283,-0.62698513,0.66739285,-0.11728732,0.28262475,0.7114299,-0.59217024,-0.2740094,-0.087245874,-0.41958877,-0.46358034,-0.8053192,-0.14462405,0.273117,-0.41281167,-0.16389996,-0.9701204,0.15621823,0.816396,-0.32305193,0.17699651,0.23684798,-0.68767667,0.21643537,0.33172855,0.29734123,0.19158383,-0.3102239,-0.2641941,-0.19323844,-0.29654637,0.093907334,-0.3949818,0.0012220709,0.116196305,0.25486013,0.40102804,0.2764108
294,negative,-0.1356274,0.25562745,0.2470634,-0.10843746,-0.2734953,0.012078962,-0.2309495,0.18684158,0.02773654,-0.05160212,0.083559275,0.08088846,0.13020797,0.101233095,0.026547922,-0.18400596,0.0050631613,0.1609836,-0.35934713,0.2001989,0.2468066,0.14064103,0.016218958,-0.12537624,0.056587406,0.14778554,-0.27486494,-0.3821054,0.13505737,-0.22082566,-0.28833586,0.49571338,-0.0552069,-0.055078223,0.17529294,0.2096821,-0.101361245,-0.026221685,0.040388495,-0.13820542,-0.23247586,-0.22268791,0.12672012,-0.3529997,-0.18357417,-0.06463375,0.041446928,-0.24351342,-0.0138978185,-0.8049327,-0.024762666,-0.048333135,-0.060223293,1.0331059,-0.03895676,-2.2572567,0.008582166,-0.07313364,1.5137432,0.29143256,-0.098000914,0.5517498,-0.4426515,-0.14053428,0.8256718,0.056595787,0.24556036,0.2692881,-0.17004329,-0.40062386,0.17945841,-0.31563532,-0.18686159,-0.49556717,0.14044712,0.024780842,-0.22557645,0.07524273,-0.4890655,-0.10632411,0.51613355,-0.037540436,-0.50676745,0.0039412137,-1.1742423,-0.10075204,0.12165495,0.042193465,-0.25722906,-0.38307527,-0.047355134,-0.013464058,-0.121929646,-0.026614657,-0.6018931,-0.0280648,0.083046764,-0.07447565,0.46322247,0.31588745
295,neutral,-0.041226342,0.13577731,0.24365503,-0.23625597,-0.17056486,0.13343434,-0.08584837,-0.042582285,-0.085771225,0.038440466,-0.09074674,0.009794651,0.24626341,0.052698858,0.0040732305,-0.13013199,0.19887279,0.077694386,-0.03694113,0.2808801,0.31701878,-0.032148186,0.05054887,-0.10450867,0.22432227,0.027523022,-0.30257654,-0.16539985,0.10283414,-0.049977407,-0.13726738,0.45961034,-0.09292925,0.09407646,0.029378992,0.2883223,-0.07801585,0.10738084,0.10044924,-0.049639106,-0.17127137,-0.08079367,0.056663126,-0.28150368,-0.108128846,-0.003495129,0.10585676,-0.15616587,0.035084233,-0.42324018,-0.07231874,-0.03236611,0.10475412,0.7655393,0.041706134,-1.4068954,-0.022220984,-0.15184373,0.8108023,0.20350073,0.021382723,0.57502294,-0.15490165,0.05990667,0.47038263,-0.111758046,0.14779699,0.1461498,-0.10610135,-0.058392294,-0.098572806,-0.21239763,-0.035403542,-0.20231986,0.19638497,0.11137702,-0.06343503,0.040758017,-0.48217696,0.051884737,0.26545423,-0.047818806,-0.30355582,-0.22529334,-0.9567205,-0.16764645,0.05905532,-0.085556634,-0.22211178,-0.09274557,-0.03120899,-0.20417747,0.11571297,0.015460534,-0.3303445,-0.13201033,-0.1178351,-0.15133928,0.21818681,0.039612412
296,negative,-0.07602314,0.11559353,0.30860123,-0.05544578,-0.17142326,-0.27539387,-0.037398018,0.10959681,0.061807875,0.041851867,0.11916849,-0.16133906,0.13802192,-0.061639138,-0.05937914,-0.13626394,0.21931061,0.25506052,-0.20120877,0.3317619,0.15322715,-0.17289971,0.048595402,0.09087867,0.110250264,0.041127916,-0.12769686,-0.21040165,0.019353617,-0.20248367,-0.055284373,0.5072857,-0.045777094,-0.1403743,-0.10440563,0.19674203,-0.022481356,-0.0955758,-0.07573847,-0.23889159,-0.059797276,-0.10620932,0.16264851,-0.31866172,-0.18011452,0.059933703,0.026302326,-0.2102329,-0.07948514,-0.5179415,-0.052301563,-0.02725772,-0.062987365,0.56364655,0.0729971,-1.3670101,-0.023782138,-0.015315048,1.0222919,0.30000505,0.12073346,0.24054661,-0.30068275,0.04576938,0.34702182,0.05946092,0.07678205,0.44297346,-0.10503617,-0.24586432,0.058069017,-0.10627759,-0.12113566,-0.20785452,0.16386376,-0.058799036,-0.1315391,0.033491634,-0.58737993,0.030544296,0.45850873,-0.03910127,-0.29293737,0.10303175,-0.9107125,-0.17852548,0.015300074,0.13123935,-0.12812631,-0.2837793,-0.029044984,0.028291093,0.053136926,-0.024409208,-0.2330041,0.07420388,0.098221704,-0.1303073,0.500524,-0.14457
297,neutral,0.16292,-0.31798,0.42328,-0.86767,0.45101,0.57857,0.026645,-0.12648,0.33465,-0.042047,-0.040596,0.16478,-0.67344,-0.33751,0.35913,0.57383,0.8462,0.36374,0.3063,-0.06805,-0.6761,-0.19147,-0.14594,0.0032621,0.66949,-0.33588,0.17868,-0.3936,0.177,-0.33642,0.19288,1.003,-0.21794,0.24271,1.0935,-0.10303,-0.79197,-0.13506,0.12156,-0.98377,1.03,-1.0242,0.60269,-0.15986,-0.26773,-0.5563,0.25834,-0.085021,-0.15221,-0.33717,0.026358,0.23171,-0.18056,0.57107,0.38556,-1.5732,-0.14902,0.037826,1.8485,0.7021,-0.11697,0.077822,0.07462,0.09957,-0.21427,-0.60061,0.094903,0.80589,0.55333,-0.31359,-0.90991,0.053645,-0.14494,-0.48532,0.10335,1.2182,-0.22199,-0.014934,-1.1355,0.3279,1.1733,-0.52838,-0.66953,-0.62109,-1.366,-0.44052,-0.29538,-0.71655,0.5992,-0.0003455,-0.82363,0.93572,0.62134,-0.26649,0.099595,-0.11545,0.6,0.072834,0.66487,-0.6451
298,negative,-0.06487685,0.09194506,0.24444093,-0.20413929,0.056831427,0.2367557,-0.2639083,-0.07944025,0.07430941,-0.05804002,0.12707534,-0.0067593735,0.13607794,0.0059288545,-0.018334417,-0.14855193,0.17232978,0.13402681,-0.39006078,0.2742542,0.17480277,-0.014361016,0.13611868,-0.029442305,0.04097598,-0.06271212,-0.08781366,-0.31045,0.094293416,-0.13070817,0.121552765,0.4122081,-0.19949697,0.09677491,-0.051659204,0.12953363,-0.07056616,-0.08827146,0.12320787,-0.05893829,-0.30625528,-0.059939172,-0.00050467043,-0.18715064,-0.1453157,-0.115505084,0.1531854,-0.1501045,-0.0086473515,-0.62033975,0.17994902,0.0026561806,0.031823944,0.77030057,-0.041669764,-1.7477932,-0.08589109,-0.1174675,1.3217032,0.23926158,-0.23922132,0.5748366,-0.13250707,-0.039579704,0.5937419,-0.051263537,0.2894134,0.26298508,0.039374366,-0.044358104,0.030180342,-0.10942792,-0.17440534,-0.44522065,0.08522174,0.004063718,-0.12478804,-0.0010628777,-0.5680139,0.05446988,0.39963818,-0.019478364,-0.2335581,-0.09710544,-1.1410327,-0.18526588,-0.016800186,0.07574411,-0.16147642,-0.26644668,0.06425331,-0.06709123,-0.093712345,0.030886982,-0.28351802,-0.0042285994,-0.04268902,-0.16916212,0.3092263,0.15242666
299,neutral,-0.08267675,0.24210814,0.3669749,0.09204827,0.2363774,-0.7689419,-0.33951372,0.036418747,0.106793456,0.18199421,-0.03316083,-0.22696868,0.24884486,0.2710283,-0.10922131,-0.056919515,0.2605551,-0.30717048,-0.5629306,-0.08406873,0.10478143,0.028827747,0.24174984,0.20797504,-0.15507513,-0.09745981,-0.1163216,0.11030098,0.28291997,0.09259608,-0.19516322,0.43574417,-0.19265899,0.11109532,0.016752154,0.11468383,0.2587609,-0.03427287,-0.18341218,-0.044171702,-0.5817821,-0.30867553,-0.09982738,-0.059145108,-0.011739568,-0.25362906,0.26316798,-0.050908066,-0.014784122,-0.51364285,0.26100212,0.028268222,-0.05069849,0.8215939,-0.051939767,-1.834203,0.09310709,-0.44258142,1.5347211,0.20291813,-0.01265126,0.23284495,-0.07221484,0.23404668,0.38064978,0.12353594,-0.022898277,0.37291238,0.1613445,0.27785626,0.25096717,-0.13200615,-0.162075,-0.2109875,0.30629098,0.18927416,0.058985732,0.15648192,-0.89402753,0.07062766,0.68081146,0.21056232,-0.34864333,0.14169753,-1.0526742,0.10822371,0.19772707,0.049528975,0.046632238,-0.27216434,0.34929833,-0.13971543,-0.10777176,0.019907294,-0.42675757,0.1171784,-0.15966287,-0.4864436,0.4377914,0.103981934
300,negative,-0.06539916,0.044123065,0.24346855,-0.28055254,-0.14535919,0.09430805,-0.15239054,0.18583974,0.22411077,0.23440023,0.039102547,0.18180537,0.26477477,0.017289162,-0.0050324216,-0.091497175,-0.06272648,0.030986303,-0.26027206,0.056017723,0.39526495,-0.27605775,0.091873825,-0.24453114,-0.07570834,0.020051384,-0.29624373,-0.2703553,0.060174476,0.03329718,0.08306762,0.2828884,-0.23521598,0.07368867,0.06375894,0.076585315,0.020045316,0.00900871,0.3397698,-0.007488879,-0.22460462,-0.20340642,0.20544066,-0.24628437,-0.1096377,-0.090155095,0.14231633,-0.0028071022,-0.09650715,-0.7341371,0.22735922,-0.08017013,-0.024510715,0.94462,-0.04919831,-1.6357427,-0.07319253,0.25501004,1.4026667,0.20403574,-0.074696824,0.6100931,-0.15095347,0.2662153,0.47578752,-3.657657e-06,0.17961158,0.02452608,0.032914255,0.04147147,0.0038115585,-0.4115916,-0.036631312,-0.3605333,0.1527847,0.17249362,0.24607012,0.022182899,-0.7316979,-0.08583338,0.60017246,-0.08146318,-0.35872847,0.00975434,-0.9508938,-0.21903479,0.11272432,0.06343821,-0.17446597,-0.20757538,0.14706035,-0.045993987,-0.124713786,-0.06917055,-0.2621863,0.14249365,-0.06999711,-0.072989576,0.3546833,-0.04333364
301,neutral,-0.07773207,0.19240774,0.23600493,-0.19266845,-0.24266775,0.05511161,-0.21978204,0.11059511,-0.004819493,-0.034919567,0.0052702017,0.09246066,0.14825046,0.09382585,0.060849234,-0.18138325,0.052052185,0.14999366,-0.32489043,0.18865167,0.2563986,0.11201334,0.00096979167,-0.18134284,0.12207461,0.11005873,-0.28354105,-0.29531586,0.13745137,-0.18064293,-0.27206433,0.47460002,-0.008830665,-0.07790507,0.07915692,0.20423122,-0.11706991,-0.039538454,0.094845936,-0.11041607,-0.18642405,-0.12136525,0.14086053,-0.33275118,-0.21922724,-0.060533993,0.089466855,-0.26547432,-0.011194493,-0.69166344,-0.007695607,-0.048749506,0.022555504,0.9196578,-0.036327634,-2.0086925,-0.00058091,-0.104170725,1.2110319,0.21496132,0.029008443,0.588831,-0.337343,-0.11539439,0.779915,-0.0016249835,0.28900203,0.25709453,-0.15405604,-0.3378275,0.14747962,-0.22704491,-0.12345807,-0.4212319,0.12884949,0.0660466,-0.17811199,0.06606429,-0.48117846,-0.09834835,0.41618162,-0.015975107,-0.39226675,-0.019546868,-1.1195968,-0.08264588,0.06986778,0.038903467,-0.26041394,-0.3638913,-0.02281996,-0.051183607,-0.015222498,-0.011931711,-0.50626624,-0.04750175,0.025742734,-0.14836162,0.3530166,0.3129239
302,neutral,-0.0754799,0.14203227,0.28487948,-0.092590265,-0.1637915,-0.09703019,-0.047322128,0.042155944,-0.024619197,0.056188356,0.038159262,-0.09996563,0.20464955,-0.01733276,-0.04859619,-0.14641067,0.21802449,0.1586612,-0.11551664,0.314263,0.23666316,-0.111859776,0.080007456,0.043001793,0.14376777,0.024682825,-0.21666627,-0.2209034,0.0818194,-0.13966453,-0.082984544,0.4994585,-0.11354317,0.0027299002,-0.0015784362,0.23959024,-0.035247546,0.025001429,-0.013429948,-0.14431694,-0.129553,-0.14009276,0.10498819,-0.32003585,-0.0861788,0.027906613,0.047723554,-0.15144868,-0.024361918,-0.4899508,-0.072995454,-0.049435426,-0.0026135407,0.69748425,0.07476019,-1.4469727,-0.050662752,-0.078582324,1.0452819,0.28851327,0.026969336,0.37433907,-0.22439097,0.055953763,0.38251492,-0.016047176,0.06014175,0.2951809,-0.097801864,-0.1306199,-0.055754256,-0.17426819,-0.09234556,-0.20228109,0.19965939,0.005746422,-0.11331829,0.03758999,-0.5560298,0.062244218,0.38319978,-0.036952876,-0.3288353,-0.060870603,-0.94398534,-0.2119356,0.06649106,-0.011643483,-0.16994914,-0.1816585,-0.036872137,-0.11377042,0.05657326,0.009917918,-0.3199933,-0.015650094,-0.021968795,-0.12887989,0.40672356,-0.11270191
303,neutral,0.07875086,-0.035712775,0.15225685,-0.37938035,0.0576371,0.2637912,-0.16653088,0.20615134,0.2228505,0.021254785,-0.05411032,-0.016609741,0.039218593,0.19637975,-0.008981295,-0.18416211,0.023915054,0.15729968,-0.20409286,0.2518025,0.08018364,0.032999657,0.0109934425,0.062947966,0.14304842,0.050804704,-0.1603811,-0.10339223,0.39639142,-0.11105573,0.023763867,0.3226642,0.081520356,0.06808153,0.30894634,0.058876194,-0.054287214,-0.0071953386,0.09735143,-0.04750096,-0.3068967,0.060418166,-0.10375251,-0.18407893,0.02066599,0.022068752,0.29411948,-0.17856973,-0.0037971796,-0.51060593,-0.04132969,0.2754186,0.14669655,0.5836988,-0.13737018,-1.4743919,-0.05152424,-0.1296524,0.792887,0.338781,0.024820462,0.5645669,-0.30056322,-0.22185084,0.34168503,0.16945083,0.28007972,0.049218353,-0.15404437,-0.09897105,0.14623094,-0.20744547,0.13228978,-0.14342694,-0.018209815,0.33836958,0.117161885,-0.041561853,-0.40718904,-0.008937852,0.42740884,-0.26480246,-0.24445167,-0.062969856,-0.8879976,-0.22733419,0.051211253,0.12860885,0.12866528,-0.1200112,-0.0116999205,0.20745441,-0.040448844,0.033902865,-0.28283373,-0.107179835,-0.11001493,-0.063785054,0.2147933,0.019322949
304,neutral,0.17038405,0.17036289,-0.34550714,-0.3770871,0.5202194,0.37174243,0.03801074,-0.1620509,-0.31899798,-0.08368808,-0.19774558,-0.42929226,0.2115081,0.23633993,0.06862814,0.44611824,0.09261725,-0.01228965,-0.40573043,0.11445761,0.3324969,0.021470116,0.4480102,-0.55849355,0.30307055,-0.32081163,0.26935604,-0.14507495,0.21121782,0.28009015,-0.06580529,0.26095462,-0.12434142,0.2698744,-0.21819234,0.1762389,0.21043082,0.3015616,-0.29381868,-0.16322905,-0.43223426,-0.043054156,0.062416922,0.20805532,-0.18770567,-0.30726528,0.120435566,-0.15352249,0.37525082,0.16116863,0.1958885,-0.095235944,0.15586552,0.27617547,-0.27196315,-2.2425563,-0.41881394,-0.009324927,0.72565776,0.19477344,0.3601671,0.47264525,-0.22889535,-0.06606385,0.7873198,-0.15982784,0.3411302,0.52222145,0.21204662,0.05881486,-0.18121469,-0.06726884,-0.3676852,-0.39681807,-0.05018333,-0.2715167,0.20893085,0.06367589,-0.6870932,-0.16521253,-0.12609525,0.08200038,0.3543283,-0.05182786,-0.6666818,-0.26556906,-0.40287998,-0.046682525,0.31458026,-0.29907197,0.099278644,-0.32454833,0.42249396,0.23479679,-0.58435184,0.004481623,0.08312206,-0.16387685,0.4002138,0.30476004
305,neutral,-0.13399929,-0.22516882,0.17208378,-0.28796625,0.2176208,0.09350288,-0.20819646,0.1542595,0.27680898,0.04934905,0.18684956,-0.07232164,0.057457082,-0.014439518,0.065317504,-0.32942885,0.13685025,-0.14533702,-0.18176107,-0.07658628,0.15367883,0.14274894,0.11344064,-0.0065475446,-0.0023502233,-0.11859009,-0.06992737,-0.16125284,0.29175466,-0.01498202,-0.07864992,0.31236744,-0.01585896,0.22711529,0.27150536,0.12358025,0.042809304,-0.03956599,0.0116820745,-0.19012515,-0.10840727,-0.2030941,-0.14771374,-0.21580711,0.0054834937,0.01237305,0.16277607,0.038626388,0.030198185,-0.46273813,0.0014110503,0.09593507,0.12710074,0.55541074,0.06728916,-1.3139919,-0.07053386,-0.17798667,1.0070902,0.28505185,-0.10033801,0.41076156,0.05723549,-0.008740132,0.37954476,0.15166429,0.0822715,-0.060993977,0.033908483,-0.12845668,-0.03833892,-0.32281232,0.045234628,-0.34107062,-0.008907539,0.09629324,0.16967872,-0.02261866,-0.22991559,0.021193508,0.55132365,-0.07209993,-0.25156736,0.050467074,-0.5108005,0.046953652,0.18199685,0.1462217,-0.013503968,-0.059451334,-0.07309081,0.2241095,-0.0024385655,-0.10680996,-0.17803866,-0.10153204,-0.047053944,0.11080066,0.32023078,-0.049738232
306,neutral,-0.0035508333,0.19952862,0.08007776,0.061181944,0.02956045,-0.30644163,-0.26456794,-0.52518183,-0.13892761,0.35792732,-0.032510318,-0.4870789,0.21004492,0.32579282,0.0063013723,0.42080125,0.1605543,-0.31368777,-0.40605924,-0.36601442,0.09604634,-0.2044151,0.10613844,-0.108147256,-0.18469824,0.089505166,0.024955006,0.008480337,0.115642846,-0.01653709,0.20475623,0.21496014,-0.012621681,0.03400804,-0.0044303313,0.022443704,0.27778593,-0.16825743,-0.014603468,-0.08674788,-0.6652587,0.15005027,0.29172322,-0.0014333505,0.43548077,-0.18850769,0.4095867,-0.11222416,-0.38403264,-0.3463286,0.19690768,0.33330476,0.37395453,0.9897666,-0.014233795,-1.5211326,0.41757295,-0.27495912,1.2046539,0.20697029,-0.12559533,0.22475457,0.0038133946,-0.3410215,0.5972669,-0.07685132,-0.018529234,0.36862135,0.20964408,0.514007,0.06347254,-0.6234052,-0.37152892,-0.20482026,-0.024436785,-0.38512507,-0.07557261,0.201846,-0.7135664,0.25520474,0.61624694,0.23060928,-0.21008858,0.27451673,-1.0674131,-0.03567446,0.059818514,0.32095623,0.19823134,-0.47829473,-0.20002446,0.10301799,0.20658657,0.30267268,0.025973761,0.047044314,0.18461113,-0.19724555,0.48471713,0.2964448
307,negative,-0.07298209,0.20038961,0.09916447,-0.19528471,-0.039664805,0.4301683,-0.14843564,0.22399491,-0.17733799,0.14449914,-0.017411632,0.06970401,0.30076063,0.1151296,-0.03825253,0.023357388,0.26866758,0.06538175,-0.22202738,-0.07105971,0.13802211,-0.28234908,0.06957323,0.060001362,0.29542315,0.073123485,-0.22076558,-0.24499457,0.21303566,-0.032698978,0.16423024,0.04671431,-0.019589638,0.088369876,-0.01735671,-0.07259248,-0.0106130075,0.09129319,0.038315088,0.025082966,-0.25180542,-0.2699116,0.17508958,-0.20270595,-0.06938599,-0.09078362,-0.012098368,-0.060431864,-0.124981865,-0.49038577,0.1281766,-0.0673103,0.21174844,0.908703,-0.10183191,-1.6148816,-0.21749559,0.07478915,1.0750029,0.27926403,-0.048311695,0.5988753,-0.04766086,-0.03182144,0.4160102,-0.04388619,0.25376198,0.20988208,-0.12078455,-0.15673801,0.042759303,-0.058642954,-0.0572863,-0.19162846,0.2189917,0.30365455,-0.0003692821,-0.120552294,-0.3610859,-0.09525151,0.40005,-0.1032158,-0.05449925,0.009097076,-0.86480904,-0.36392197,0.028785935,-0.01833972,0.08396379,-0.10413827,0.024163177,-0.094842575,0.06692017,0.14176564,-0.32458764,-0.09221379,-0.049244586,-0.1722218,0.34817094,-0.016870765
308,negative,-0.0005304691,-0.046015102,0.39146852,-0.04732268,0.11754114,-0.2649221,-0.28889617,-0.026431702,0.016186522,0.20446743,0.1508851,-0.049137592,0.19858174,-0.13413437,-0.07247285,-0.062560126,0.079753794,0.002867669,-0.38537025,-0.010335639,0.10820614,-0.18760468,0.1583667,-0.020961355,-0.29014912,-0.16125627,-0.13075396,-0.2946257,0.13612363,-0.14174223,0.062286038,0.43699622,-0.19653507,0.06497779,0.06898062,0.16486864,-0.027474917,0.09359954,-0.40796527,-0.16726653,-0.5698673,-0.10530586,0.5029527,-0.103278145,0.09359599,-0.3080558,0.16721295,-0.27929997,-0.20270926,-0.6781617,0.25200617,-0.053889297,0.014977145,0.93941337,0.08854365,-1.8920026,-0.011201917,-0.10930437,1.2483107,0.25962174,-0.27406013,0.07662911,-0.17270711,-0.22402887,0.70452225,-0.03244417,0.06282067,0.4815604,-0.11536051,-0.029121727,0.15803249,-0.19581974,-0.23783627,-0.48798224,0.009725718,-0.14478372,-0.23332888,-0.036649074,-0.8107484,0.051932346,0.55039966,-0.088006474,-0.17848459,-0.08962748,-1.0943958,-0.1200909,-0.01236625,0.18230906,0.15062967,-0.2896599,-0.07224448,-0.07221166,-0.19914512,0.093753375,-0.5705515,-0.07654458,-0.06498603,-0.03588952,0.40443933,-0.0662065
309,neutral,-0.17150871,0.11413253,0.27248153,-0.08063991,0.13572939,-0.5419446,-0.18991326,-0.084786296,-0.04822315,0.65226084,0.29669413,-0.5285016,0.15700647,0.18555817,0.23416163,-0.11220233,0.17023227,-0.1904395,-0.11016277,0.15827624,0.10096757,-0.11265391,0.06728296,0.14852801,0.11361911,-0.19938168,0.15000534,0.20123911,0.040584594,0.22076656,0.013330561,0.3983678,-0.0008165801,0.44678372,0.30379027,0.26472896,0.056094505,0.03976946,-0.10066481,-0.013757693,-0.26718596,-0.2166963,0.2634199,0.15225752,0.24937962,-0.22807774,0.24016182,0.09880833,-0.04251051,-0.672534,-0.054175496,0.5201088,0.17217031,0.95557404,-0.13384141,-1.7615151,-0.096695945,-0.18392225,1.4813132,0.37053993,0.03795184,0.39381748,0.35663474,-0.082320586,0.30066308,0.283083,-0.01299783,0.08214735,-0.35237396,0.26640275,0.19385545,-0.41684866,0.010629006,-0.2767503,0.13082968,-0.002608779,0.34210253,0.2137212,-0.47054175,0.31449246,0.7232168,0.11925303,-0.23726718,-0.06262928,-0.67618835,0.11007039,0.3733822,0.15142748,0.08951211,-0.2096424,-0.07366467,0.15242319,-0.04712426,-0.2826414,-0.5275358,0.29886496,-0.15492214,-0.17728668,0.36408356,-0.08798744
310,neutral,-0.009782579,-0.09721187,0.090597264,-0.11348591,0.16795234,0.34621295,-0.03791596,-0.120230265,0.10911922,0.18025194,0.225021,-0.23876528,0.028291835,0.0020380667,-0.30985865,-0.20606829,0.13791949,-0.17653394,-0.005298081,0.4039504,-0.12934934,-0.13071144,0.15103994,0.05061027,0.19673106,-0.23894921,0.052921634,-0.024355385,0.20280139,0.0276874,-0.20866345,0.25892895,-0.19644018,0.4132365,0.12837678,-0.1099688,0.124624416,0.18797795,0.046125878,-0.46099126,0.07134985,-0.09822781,-0.08990506,0.07481736,-0.010960844,-0.17350967,0.18127711,-0.12059347,0.2367726,-0.11373057,-0.096527874,0.30083218,0.23129834,0.36858672,-0.34825253,-1.3564895,-0.1605419,0.035347402,0.6174424,0.26979238,0.10066863,0.44173598,-0.26008424,-0.19116127,0.19416273,0.19916186,-0.147107,0.08787696,0.018172368,0.06605971,-0.2068702,-0.06077695,0.015356344,-0.051052585,0.0625315,0.12095898,0.08134925,-0.09266467,-0.32827488,-0.20692693,0.13320965,-0.33142215,-0.07837407,-0.12241531,-0.4445866,0.12073074,-0.14072831,-0.16768362,0.15641761,0.084642425,0.040160134,0.06290278,-0.016663093,0.019430798,-0.22709969,0.09147561,-0.24225529,-0.0013163728,0.3916179,-0.13896
311,negative,-0.14313488,0.21722452,0.11675978,0.100856714,0.06907499,0.063906126,-0.3620363,-0.122863725,0.29548955,0.5391813,-0.20327908,0.06340367,0.41338924,-0.005014163,-0.06659488,0.12191561,-0.012230446,-0.31123623,-0.6140813,-0.055383142,0.4109793,-0.13298644,0.14160125,-0.10682368,-0.13431609,0.006451558,-0.23333581,-0.13030747,0.25323787,0.13952132,0.06606931,0.15226743,0.021339083,-0.0714692,0.36448902,0.0049883425,0.20744936,0.041713808,-0.08355619,-0.010516944,-0.5233651,-0.01975802,0.2582333,0.055135164,0.22447504,-0.23881465,0.064439684,-0.12680008,-0.16459656,-0.37264004,-0.04914447,0.34026042,0.21322998,1.1303166,-0.103562556,-1.493792,0.052076887,-0.37627408,1.482078,0.22599338,0.017289327,0.09968174,0.14273952,-0.03519664,0.68710774,0.14941987,-0.099362895,0.23326908,-0.31939274,0.07434196,0.12870157,-0.46792245,-0.23153363,-0.46662655,0.036558066,0.04196387,-0.027192643,0.30889434,-0.9021289,0.15693928,0.53334445,0.01932115,-0.21485326,0.14224751,-0.79965067,0.0048640314,0.27216342,0.23296453,0.18459287,-0.2968856,-0.14336462,0.04765198,-0.32629892,0.12528136,-0.6601875,0.096117556,-0.19959821,0.008229381,0.4103641,0.13512386
312,negative,0.030047039,0.17124493,-0.010028418,-0.3583125,0.059973292,-0.17320369,-0.12047412,-0.1076259,0.012549053,0.09146936,0.085987575,-0.35721442,0.31873932,-0.13572878,-0.17764159,-0.28308454,0.25901663,-0.28442022,-0.30752903,0.08664508,0.029060675,-0.059369795,0.13825867,0.14464678,0.025335407,-0.30532402,-0.0068201604,-0.14800166,0.21310419,0.075961344,0.09254528,0.3966064,-0.08691805,-0.22729787,0.17728122,0.16447337,-0.06723906,0.12447583,0.02001956,0.10589278,-0.54426867,0.034708608,0.09531103,-0.15880165,-0.037860792,-0.21184857,-0.10821088,-0.29404673,0.059032805,-0.6979275,0.14754388,-0.04640061,0.2081901,0.82639164,-0.040638447,-1.630807,0.008577241,-0.6050949,0.9609768,0.3028552,-0.019086245,0.4490856,-0.1399228,-0.28353018,0.44764644,0.024718294,0.24053822,0.45175034,0.072096996,0.15870415,0.16077143,-0.24456489,-0.501033,-0.34210038,-0.11255999,-0.029859845,-0.057063412,0.034503035,-0.852604,-0.07283905,0.84420943,0.32036817,-0.12893984,0.113637745,-0.9146112,-0.17804436,0.11999323,0.10948944,-0.06522459,-0.3960594,0.03163259,0.023184935,0.0721601,-0.16600044,-0.50297433,0.10023101,0.13312982,0.19437206,0.25717306,0.07477142
313,neutral,-0.24853483,-0.06146795,0.37131774,-0.033362273,-0.32887393,-0.16498007,-0.19101138,0.08066648,-0.1562455,0.048022147,0.084895685,0.24381515,0.26190656,-0.07965875,-0.052151207,-0.2311455,0.13657854,0.13208827,-0.27225238,-0.044780295,0.03217812,-0.0028407953,-0.016342128,-0.09226135,0.019118035,-0.09984768,-0.2604235,-0.37090346,0.035465654,-0.2707156,-0.340029,0.0077359094,-0.13912229,0.015696976,-0.16123697,0.23801517,0.08927625,-0.12257935,0.12059029,-0.015347096,-0.47418755,-0.27597934,0.21879844,0.03385403,0.08771547,-0.22466835,0.102949545,-0.22536659,-0.17989235,-0.795514,0.2117911,0.0043629413,0.0009928688,0.94375724,-0.08236088,-1.8555431,0.3046196,-0.21577491,1.4403131,0.37153488,-0.058854107,0.3983059,-0.0067786244,-0.28863811,0.6880524,0.038375977,-0.08603289,0.26922762,-0.03859546,-0.353348,0.091731,-0.5304196,-0.32087106,-0.28987718,0.15969196,0.14841047,-0.04166226,0.06638642,-0.5401396,-0.067439824,0.65486324,-0.12515597,-0.19387794,0.35880193,-1.136912,0.18392906,0.331662,0.0009817958,-0.053847376,-0.15848498,-0.13924964,0.07708813,-0.057554793,-0.20806287,-0.46433505,0.0883213,0.27676675,-0.026182624,0.2780947,0.3857551
314,neutral,0.04109529,0.14293131,0.00084361515,-0.30234814,0.1870118,0.040806063,-0.12850907,-0.099973604,-0.14072394,-0.06269418,0.036441077,-0.12840188,0.18410443,0.17673753,-0.06751819,-0.09711889,0.18716094,0.078999236,-0.3111996,0.2208734,0.14621098,-0.18691407,0.23842613,0.033407524,0.23742828,-0.09270613,0.047804795,-0.27050388,0.0932096,-0.15996388,0.026597537,0.31234044,-0.055471893,-0.039456837,-0.028876528,0.18064122,0.007037498,0.1354295,0.023281462,0.0016119945,-0.1604698,-0.15264603,-0.020394536,-0.12459906,-0.21409026,-0.15085742,0.1600353,-0.1172721,0.035139065,-0.44828004,-0.023883784,-0.011408324,0.033675514,0.6297876,-0.10866477,-1.706502,-0.08528708,0.038282424,0.9929168,0.40162125,-0.22957191,0.36593214,-0.14340355,-0.11252801,0.49751893,-0.022152837,0.2100879,0.4271945,0.21530645,0.10260486,0.056181535,-0.27002707,-0.27180633,-0.18868814,0.13964769,-0.039979998,-0.029836081,-0.068336345,-0.64181,0.16689727,0.33091944,0.051763315,-0.12486142,0.15416116,-1.0223237,-0.32498,-0.3245163,-0.09534242,-0.08352281,-0.16533141,0.0024282185,-0.13647647,0.1971619,-0.089159474,-0.29185006,-0.08727487,-0.110648036,-0.13674937,0.2341868,0.0011920854
315,negative,-0.3037865,0.12179422,0.14987537,-0.074923836,-0.15237322,-0.015413206,-0.07388204,0.113292314,0.09930359,0.34042642,0.23466054,-0.039782926,0.012791994,0.04118858,0.093754485,-0.034988586,0.15454562,-0.050897557,-0.2603188,0.1877979,0.29122868,-0.21540572,-0.007294878,-0.0682565,0.032361683,-0.04558809,-0.07258697,-0.05526753,-0.009075668,0.014992483,0.017901883,0.12708269,-0.16105103,0.046287224,-0.019785285,0.017567769,-0.013915972,-0.14993313,0.16282278,0.037862863,-0.19054154,-0.17038852,0.071477085,-0.100777045,0.09417563,-0.056530945,0.10244781,-0.04407481,-0.12882295,-0.5449259,0.17747824,0.0783058,0.05001942,0.78030616,0.04260021,-1.2876197,-0.013522292,0.0313554,1.1210831,0.11003558,-0.001983879,0.4191447,-0.004889693,0.17923418,0.3077838,0.034320265,0.031585116,0.062213838,0.11972742,0.03312288,0.104610056,-0.32264134,0.056289718,-0.26007894,0.1269764,0.026309915,0.15656658,0.099283956,-0.65792674,-0.04405834,0.5462288,0.028569564,-0.24557981,0.013141216,-0.70281404,-0.14271457,0.19509304,0.046064865,-0.123523824,-0.12430431,0.1312159,0.010500204,0.02763926,-0.10729036,-0.31901368,0.12892918,-0.064543724,-0.11045676,0.2735901,0.07748322
316,negative,-0.14162008,0.10304941,0.31101108,-0.043267127,-0.1114435,-0.18036468,-0.37093812,0.012054629,0.39566705,0.04551342,0.14397213,-0.037505932,0.19585007,-0.27860504,0.019209843,0.02192256,0.026654977,0.08962097,-0.1972188,0.009722773,0.046211686,-0.10821521,0.1185545,0.12768762,0.06180986,-0.21463248,0.13914628,-0.03489385,-0.13458432,0.016664928,0.1456183,0.4451423,-0.021376293,0.027585918,0.038513213,0.16715918,0.016719846,-0.100944914,0.2942435,-0.35786808,-0.13547684,-0.04572907,-0.12223842,-0.19608572,-0.081027225,0.043418847,0.12685259,-0.2607808,0.000632146,-0.33198178,0.6099829,0.085532,-0.14697862,0.6177945,-0.09272681,-1.2159636,-0.055743232,-0.22083424,1.4013064,0.11044044,0.021098344,0.019067045,-0.058635354,-0.13694674,0.50378925,-0.021175241,0.1963034,-0.07183324,0.34825772,-0.051487595,-0.09387645,0.01892846,-0.014013659,-0.35089332,0.083027355,-0.027346523,0.0014551154,0.022762999,-0.73599136,0.10697996,0.4235826,-0.09193073,-0.3740599,-0.099536404,-1.1194266,-0.31130946,0.0820979,-0.07538398,-0.2300176,0.013662585,0.11299413,0.31532365,-0.14343707,-0.16901119,-0.113273956,0.20680034,0.20886557,0.0013459714,0.35902482,0.18794724
317,neutral,-0.011596558,0.15450467,0.10232836,-0.0122670345,-0.09595817,0.038905647,-0.29751253,-0.04987789,0.101938374,0.043805093,-0.15277292,-0.011211576,0.27640897,-0.04939756,-7.5978683e-06,-0.13477965,0.025460722,0.026750434,-0.5284685,0.08149208,0.22516073,-0.0423189,0.25301746,0.0023224237,0.045448896,-0.05142336,-0.08623841,-0.2443051,-0.015589794,-0.012447059,-0.0014293413,0.03110631,-0.12723622,0.19686534,-0.12690063,0.050394997,0.2152662,0.2595549,-0.00040418818,-0.01869177,-0.68778515,-0.11051251,0.08879752,-0.24336478,0.24006525,-0.12371354,0.10062974,-0.15888447,-0.28856334,-0.5239638,0.39049864,-0.021888584,-0.06939154,0.90753603,-0.10726318,-1.7288947,0.102460824,-0.37856907,1.6659504,0.3906211,-0.0123876035,0.3458296,-0.19190526,-0.07276052,0.6568725,-0.0011235664,-0.15022145,0.14276323,0.13206011,0.076081775,0.0871863,-0.4194316,-0.24170297,-0.30119634,0.33609694,0.05030253,-0.1528282,0.1298821,-0.8326783,0.06925505,0.7104074,-0.010539686,-0.1662667,0.12429992,-1.0615783,-0.079868756,0.16927673,0.053608406,-0.035520714,-0.423869,-0.024174554,-0.14865685,-0.21664546,-0.055506278,-0.3818719,0.2717376,-0.0027041505,-0.1103903,0.46864167,0.041862186
318,neutral,-0.1284199,0.26749277,0.42306876,-0.15908256,-0.3219444,-0.014334016,-0.54683435,-0.32990175,0.05937903,-0.049334943,-0.15848559,-0.077705175,0.45372927,0.1564235,0.030824166,-0.17554893,-0.026994294,0.33644855,-0.6200813,0.19493641,0.46915358,-0.15630624,0.040816803,-0.05722955,0.22586867,0.21840245,-0.5042797,-0.22193791,0.34645015,-0.06584405,-0.19553763,0.31457818,0.019782633,-0.06724053,0.13808662,0.20394875,-0.04863089,0.36171016,-0.24600103,-0.321237,-0.24656855,0.08585118,0.21918488,-0.5132809,-0.37637603,-0.20385137,0.27583846,-0.23542777,-0.35144284,-0.7221512,0.14371727,0.3263009,-0.041894417,1.0856732,-0.19924475,-2.0513198,0.32518858,-0.08193972,1.4832214,0.5089942,-0.08145782,0.60649455,-0.2552985,-0.28946435,0.8221892,0.036595926,0.51489353,0.124216266,-0.31620753,-0.22650994,0.15706573,-0.2880499,-0.26621965,-0.4109712,0.63302225,0.23655514,-0.4036858,0.021871528,-0.46783084,0.30170462,0.43444774,0.4279971,-0.38675958,0.10238663,-1.218415,0.02229436,-0.046354413,0.034823842,-0.15018329,-0.6452227,-0.17868176,-0.33261883,-0.11476932,-0.08080028,-0.6543267,-0.075022236,0.032973792,-0.23701636,0.21374524,0.21711995
319,neutral,-0.17333202,0.110544875,0.32801864,-0.056736372,-0.09334899,0.07921642,0.19771408,0.0054584527,0.07553911,-0.019885521,0.14691794,0.18011533,0.035976727,0.0015075381,-0.056921758,-0.04553877,0.30010867,0.113585114,-0.11234239,0.25462726,0.25847596,-0.29803288,0.21244311,-0.025769733,-0.055201955,-0.07340295,-0.25416207,-0.060306173,-0.18732819,0.041346427,0.048603382,-0.0339785,-0.047076188,0.031671062,-0.18640676,0.015719218,-0.07941491,-0.10350312,0.19100505,-0.019318253,-0.20040762,-0.17026305,-0.0524471,-0.35978326,-0.06935098,-0.107244015,0.10556472,-0.40458325,0.14925252,-0.660102,0.31426516,-0.11373204,0.22807224,0.505469,-0.10856113,-1.3382653,-0.026438067,0.016099151,0.9008667,0.37338096,-0.15675172,0.42762432,-0.053304568,0.022902247,0.55478674,-0.2369375,0.14122826,0.16212869,0.13536213,-0.019644663,-0.19143783,0.15092315,-0.08852188,-0.13909161,0.39392453,0.09925311,0.030465366,0.022336222,-0.49981168,-0.29394087,0.4178579,0.22407873,-0.16555578,-0.14559332,-0.7123525,-0.23089437,-0.021966327,-0.11109259,-0.057045165,-0.21754052,-0.023336193,-0.0766493,-0.13890824,-0.07622008,0.0430633,0.14960805,0.26774812,-0.096269205,0.0873289,-0.06940937
320,neutral,-0.17333202,0.110544875,0.32801864,-0.056736372,-0.09334899,0.07921642,0.19771408,0.0054584527,0.07553911,-0.019885521,0.14691794,0.18011533,0.035976727,0.0015075381,-0.056921758,-0.04553877,0.30010867,0.113585114,-0.11234239,0.25462726,0.25847596,-0.29803288,0.21244311,-0.025769733,-0.055201955,-0.07340295,-0.25416207,-0.060306173,-0.18732819,0.041346427,0.048603382,-0.0339785,-0.047076188,0.031671062,-0.18640676,0.015719218,-0.07941491,-0.10350312,0.19100505,-0.019318253,-0.20040762,-0.17026305,-0.0524471,-0.35978326,-0.06935098,-0.107244015,0.10556472,-0.40458325,0.14925252,-0.660102,0.31426516,-0.11373204,0.22807224,0.505469,-0.10856113,-1.3382653,-0.026438067,0.016099151,0.9008667,0.37338096,-0.15675172,0.42762432,-0.053304568,0.022902247,0.55478674,-0.2369375,0.14122826,0.16212869,0.13536213,-0.019644663,-0.19143783,0.15092315,-0.08852188,-0.13909161,0.39392453,0.09925311,0.030465366,0.022336222,-0.49981168,-0.29394087,0.4178579,0.22407873,-0.16555578,-0.14559332,-0.7123525,-0.23089437,-0.021966327,-0.11109259,-0.057045165,-0.21754052,-0.023336193,-0.0766493,-0.13890824,-0.07622008,0.0430633,0.14960805,0.26774812,-0.096269205,0.0873289,-0.06940937
321,neutral,-0.1387979,0.18112624,0.37351322,0.305073,0.08071362,-0.3588799,-0.08954152,-0.09546434,0.09138511,0.2681479,0.081367865,-0.114336655,0.39627945,0.11379057,-0.015512544,-0.011262758,0.12372306,-0.1752504,-0.34272677,-0.021442063,0.19590399,-0.25294834,0.11908531,-0.14225063,-0.18498322,-0.18074977,-0.106978305,-0.08865373,0.23311494,0.070364684,-0.060168423,0.22590978,-0.25028142,-0.01575521,0.16680306,0.09179983,0.22621298,-0.025862895,0.0069619957,0.071411684,-0.36562312,-0.13510475,0.20831999,-0.045522466,0.13048592,-0.25312874,0.14085329,-0.19118802,-0.10957859,-0.42685336,0.38562667,0.20537095,0.0954315,0.94032836,0.0066323965,-1.7871493,0.16076174,-0.35454246,1.5375472,0.36591887,-0.14964135,0.5619931,-0.014349851,-0.022105677,0.6224875,-0.03617597,-0.06818037,0.24322265,0.063740626,0.14359152,0.031928137,-0.46657333,-0.20776081,-0.35454777,0.25203273,0.09198648,0.057696786,0.033838477,-0.9185778,-0.081464,0.5339965,0.010948241,-0.120151155,0.03524239,-1.1629217,-0.06995517,0.29747367,0.050697,-0.106905244,-0.25007534,-0.039712127,-0.09849355,-0.11386908,-0.116576016,-0.4139387,0.16409145,-0.20966554,-0.178242,0.41819888,0.15037103
322,neutral,-0.10746898,-0.088707745,0.14013822,-0.16011608,0.15874173,0.0031445269,-0.071669884,0.17052622,0.05136451,-0.020379608,0.0913158,-0.023114393,0.22543424,-0.02207831,0.14041786,-0.13297741,0.07991015,-0.23591936,-0.1272674,0.12653036,0.13614875,-0.09670986,0.18263684,-0.0851427,0.07501858,-0.10565136,-0.040058356,-0.029152581,0.2985353,0.12583642,-0.13790523,0.24260886,-0.08215238,0.28641567,0.24141166,0.04388824,0.037468642,0.09515035,0.019797325,-0.22856854,-0.36677396,-0.10671891,0.048917204,-0.2244845,-0.11743131,-0.20145792,0.09824933,-0.14231372,-0.09951968,-0.47816116,0.061663464,0.34570077,0.18699262,0.69980717,-0.3571719,-1.7549624,-0.10069115,-0.21973048,1.1307855,0.08110076,0.01995511,0.4722962,-0.13408424,-0.3326666,0.46256477,0.27066177,0.09895384,0.09847545,-0.028628282,0.0059323646,0.16010636,-0.24864917,0.18541358,-0.23290628,0.101783566,0.07517566,0.070233956,-0.035178896,-0.44796878,-0.03804561,0.50020295,-0.10124219,-0.32728973,0.14565372,-0.95999545,0.17577273,0.14661106,-0.05132642,0.28402856,-0.10187259,-0.117726564,0.055786025,-0.02278633,0.13608062,-0.38649708,0.024681939,-0.16784847,-0.17615893,0.36801735,0.05999269
323,neutral,-0.114465274,0.11064001,0.38941553,-0.19541463,0.14789882,0.04887201,-0.3005413,0.3238843,-0.11081538,0.0058617448,0.10347635,-0.23117787,0.12423259,0.109966256,0.09103579,-0.27439776,-0.0058393427,-0.34584698,-0.15802547,-0.05145899,0.162919,0.21960787,0.36638957,0.030030817,0.23817855,-0.09690611,0.13960025,-0.15632653,0.21168196,-0.048900206,-0.22914755,0.27529886,-0.10052815,0.032242574,0.27177918,0.03346036,-0.008077875,0.17472544,-0.20336409,-0.024796883,-0.30197364,-0.19041234,-0.066208035,-0.20179,0.11809212,0.106137134,0.4162501,-0.038758334,0.11275208,-0.266859,-0.27786556,0.47232175,0.1406478,0.48978722,-0.28664154,-1.5896394,-0.24721663,-0.43487716,0.84769475,-0.07287506,-0.05945711,0.3369206,-0.2776696,-0.31442016,0.32007995,0.10818883,-0.15641093,0.058764488,0.20924184,0.03747416,-0.0135613065,-0.17229408,0.27236894,-0.28868738,0.119204536,-0.013144422,0.023130404,0.07485833,-0.47016713,0.06552798,0.5413819,-0.12311405,-0.26170486,0.07713937,-0.5819328,-0.000725774,-0.028163273,-0.04539022,0.2148074,-0.007830902,-0.1277242,0.09382794,-0.049306996,0.032846205,-0.34587914,0.28295287,-0.232181,0.0007224938,0.31376952,-0.038650814
324,neutral,-0.27531195,-0.13135414,-0.0650494,-0.32296297,0.06400931,0.20248695,0.37302536,0.04973196,0.15020043,0.24196753,-0.1740046,-0.098036185,0.10786676,-0.36719465,-0.16386537,-0.076667964,0.22867595,-0.15496968,0.18173817,0.13891155,-0.22664322,-0.05593343,-0.098682344,-0.32823193,0.20241022,-0.21979006,0.14280804,0.17078939,0.16276616,-0.12997794,-0.050612614,0.113451295,-0.050765224,0.2301316,0.17282782,0.025175143,-0.093317896,0.007800579,0.104624875,-0.08382506,-0.43975198,-0.14050266,-0.20198636,0.13262323,-0.34793857,-0.27331987,-0.2636158,-0.35185894,-0.055272132,-0.09552471,0.27867985,0.15155347,0.08124644,0.30902636,-0.14783183,-1.4112058,0.24068886,0.012642548,0.86107874,0.31974322,0.024175722,0.1526607,-0.009020344,0.15509123,0.6463604,-0.3290453,-0.050968237,0.12132998,0.08371904,-0.06679021,0.27103263,-0.04159687,0.1879041,0.072032325,-0.38608253,0.0335995,0.06921391,-0.015228344,-0.39833832,-0.20660512,0.1532008,-0.072959475,0.23785831,0.21065944,-0.61616194,-0.18940727,-0.010973373,0.22753257,0.017446987,-0.3556485,-0.07296454,0.44993082,-0.306958,0.6252995,-0.01721562,-0.15977193,-0.009361681,-0.14557049,0.20857775,0.5034555
325,neutral,-0.11951072,0.28182748,0.36823985,-0.46438083,0.14992675,-0.124956094,0.12093208,-0.0735027,-0.38341078,-0.24345507,0.29138455,0.03845206,-0.1711209,0.070034,-0.13265479,-0.2197627,0.08475056,0.07676825,-0.49884257,0.2158267,0.25620872,0.08039042,0.33370236,0.3774654,0.08081185,0.20827954,-0.13773094,-0.51550066,0.33588442,-0.016628837,-0.26806888,0.16105221,0.05830613,0.07470487,0.118916795,0.20880713,-0.03845957,0.29202735,-0.25752681,0.04582478,-0.2006684,-0.07927369,0.15382095,0.2814119,-0.08208665,-0.020339055,-0.17485687,-0.31335685,0.29661176,-0.23962992,0.04073353,-0.10888893,-0.109769695,0.23650973,-0.18267016,-1.9471295,-0.2117013,0.03289463,0.53882825,0.5375779,0.114923686,0.75110906,-0.15864791,0.19212675,0.25875297,-0.14605771,0.43784377,0.551363,-0.073151335,0.1348996,0.021401364,0.015274719,-0.23545852,-0.23712361,0.1511313,-0.07854968,0.027297506,-0.17294033,-0.26951313,-0.109477974,0.38951126,0.11720837,-0.32957393,-0.00086176733,-0.7274729,-0.1763312,-0.18783101,-0.09241016,-0.017801352,-0.35102862,-0.11425104,0.15683389,0.113071926,0.259549,-0.3321558,0.009075365,-0.12667519,-0.25520033,0.092805855,0.08857646
326,negative,-0.29340252,-0.077954635,0.38684374,-0.317067,-0.040399004,0.22387996,-0.09081126,0.12700872,0.11543313,0.46766362,0.15720683,0.02692568,0.58373016,-0.07402298,0.018796211,-0.040000673,0.3054794,-0.26577985,-0.3161524,0.01425609,0.6664702,-0.32955897,-0.07712377,-0.12276348,0.047699243,0.34405664,-0.32928059,-0.120840184,0.12524088,0.11059864,0.071704045,-0.019866953,-0.29513264,-0.119568795,0.042073563,-0.28511792,-0.17916709,0.20234312,0.5069127,0.27586827,-0.4906456,-0.032521486,0.14096397,0.1410427,0.21347609,-0.007858747,-0.09560223,0.2927727,-0.35039315,-0.37831172,-0.035463408,0.09557192,0.1271512,1.003818,0.16750966,-1.4297936,-0.37652513,-0.07116945,1.5004518,0.39440906,0.43734488,0.60682,0.09017521,0.12011444,0.366534,0.17722881,0.16229118,-0.09584381,-0.2854527,0.19521786,0.15230651,-0.4594815,0.041641813,-0.33452865,0.26298684,0.08876595,0.39292237,0.10699187,-0.5808907,0.0045793145,0.7934144,0.21428041,-0.30600667,0.0283214,-0.67224425,-0.24715325,0.30080867,0.19687057,-0.018755194,-0.18164878,0.1561223,-0.30485407,0.13907586,-0.07226717,-0.5307077,0.12700972,-0.16956384,-0.06397504,0.43114084,-0.23777394
327,negative,-0.14829117,0.3190384,0.25584146,0.053755738,-0.023533199,-0.08827562,-0.25283518,-0.04571305,0.18187986,0.14408375,-0.098119676,-0.009150081,0.38649756,0.014568778,-0.04282457,-0.16677684,-0.114258,-0.12815082,-0.3719285,0.035980586,0.3243951,-0.0035744908,0.23281747,-0.14545213,0.07141346,-0.11465168,-0.14125183,-0.1823589,0.18036875,-0.06768977,0.20538887,0.23935658,-0.16002813,-0.03324214,-0.07601689,-0.0068531805,0.03763258,0.063816465,-0.004170601,0.005995454,-0.5692456,-0.098234564,0.16846518,-0.19555667,0.07396928,-0.13788953,0.32561478,-0.03845814,-0.16459356,-0.6048464,0.1912055,-0.0022173848,0.116334826,1.0272912,0.14951323,-1.914819,0.102676496,-0.28738007,1.309758,0.3380517,-0.037339687,0.4560956,-0.14015499,-0.21189134,0.7367883,0.07861135,0.21697193,0.052544367,0.053416103,-0.05053171,0.17475422,-0.27958918,-0.19419692,-0.12797837,0.18359745,-0.019416953,-0.044384893,0.017081097,-0.7005485,0.07362595,0.62177485,0.16720028,-0.237471,0.0997786,-1.0606906,-0.05530008,-0.17267556,-0.01654235,-0.13900782,-0.3815874,-0.01963302,0.049147233,-0.103323095,-0.040436428,-0.48178235,0.09318836,-0.024299884,-0.12731312,0.43598345,0.17035383
328,neutral,-0.09785234,-0.06934222,0.24743459,-0.18414569,0.0574877,0.24323376,-0.11208296,0.15032116,-0.102246836,-0.03111412,0.34255198,-0.031090252,0.017668188,0.006367031,0.15460512,-0.1364802,-0.15237252,-0.18209518,0.009919058,0.16883844,0.14908762,-0.024076331,-0.023198614,-0.12589318,0.032141145,-0.15810005,0.21177433,-0.057923872,0.28556234,0.15871412,0.05949771,0.27151135,-0.082690366,0.3334468,0.08562945,0.044387527,0.015759936,0.02195664,0.27738073,-0.19370261,0.078694955,-0.011032158,0.03908779,-0.064889096,-0.18110579,-0.23809154,0.36132604,-0.26373443,-0.030863762,-0.45080832,0.007764709,0.093674086,0.13626692,0.4193644,-0.0635053,-1.4541466,-0.060785584,-0.15420175,0.89954,0.27497846,0.112498865,0.5014768,-0.2294492,-0.103454076,0.43361583,-0.044866405,-0.037195433,-0.097592466,0.043981593,0.14113535,-0.050317384,-0.103973635,0.15867601,-0.28775984,0.15829882,0.12289495,0.22137652,-0.05819124,-0.43934846,-0.24990822,0.21193068,-0.32319456,-0.18336542,-0.15485568,-0.72816056,-0.047619212,0.13389748,0.080697834,0.033735607,0.098758206,-0.068985075,0.11450486,-0.3290766,-0.029554581,-0.15597098,0.11823283,-0.24373221,-0.09890717,0.2824553,0.16272424
329,negative,-0.003922714,0.27822196,0.28460446,-0.12379298,-0.19358154,0.035426885,-0.21483156,0.24528557,0.007819058,-0.12920062,-0.082285896,0.22830918,0.13918534,0.036354467,0.15253393,-0.14094338,-0.2133671,0.1417831,-0.3992141,0.18063658,0.28471473,-0.17338072,-0.1604303,0.010465569,0.07689301,0.21746568,-0.28553957,-0.30818662,0.284852,-0.2010758,-0.012224336,0.20612504,-0.06828492,-0.038605016,-0.19950508,0.13983962,0.09240762,-0.12079888,0.031052167,-0.20323916,-0.37424394,0.048243474,0.13925493,-0.26594362,-0.046941098,-0.094263874,0.35325912,-0.14037198,-0.17176339,-0.85711676,0.20860486,-0.16006912,0.010100867,0.99898267,-0.02273125,-2.0324388,0.071911946,-0.21796715,1.2886089,0.32562768,-0.04131685,0.6385584,-0.1871426,-0.29977846,0.71786416,0.2435596,0.18892996,0.047282293,-0.09531038,-0.35418072,0.036960054,-0.3511049,-0.19034442,-0.25751814,0.15201707,0.008152106,-0.2043391,0.0059894277,-0.6964955,-0.107970126,0.6070296,-0.1156026,-0.3768093,0.1486304,-1.2953705,-0.10859263,0.18051337,-0.19042279,-0.09083475,-0.16024867,0.04781786,0.048915364,-0.08349428,0.08374043,-0.4372333,-0.027042352,0.2182385,-0.07706932,0.31085446,0.046969846
330,neutral,0.019218035,0.091034584,0.06383051,-0.29805648,0.018788505,0.024069823,-0.08539837,0.08269469,0.05475167,-0.052195296,0.18135902,-0.27801907,0.16223955,-0.04269297,-0.050797004,-0.3242465,0.17762485,-0.04138183,-0.262242,0.2800262,-0.056667183,-0.15568322,-0.02355738,0.094748676,0.2758923,-0.24687992,0.032797888,-0.21406274,0.28888762,0.0504999,0.12240348,0.4276079,-0.18990695,-0.23010226,-0.007995515,0.15243511,0.042827826,-0.05380719,0.05309396,-0.19554827,-0.23294093,-0.029405687,0.17576595,-0.327672,-0.044890884,-0.14323936,-0.09904101,-0.34005696,0.033136655,-0.44834006,0.21905191,-0.15748477,-0.065334335,0.6976564,-0.1479696,-1.6575977,0.11863626,-0.43402186,1.1370199,0.35663036,-0.051447038,0.2371635,-0.37486708,-0.3686083,0.64346284,0.12780176,0.08118109,0.4549841,0.04818482,0.04024341,0.122737974,0.09214079,-0.2772896,-0.2506427,0.04039685,0.007721014,-0.24663736,-0.0013090959,-0.7446227,0.0292598,0.43021134,-0.15989543,-0.050281003,-0.19973204,-0.65053964,-0.2102881,0.00047783757,0.15987064,0.08593875,-0.12647632,-0.12670584,-0.028650492,0.14887695,0.041688852,-0.22683057,0.1439581,0.16333698,0.10944594,0.42506078,-0.061056193
331,negative,-0.0944474,0.2251208,0.31068277,-0.11020289,0.07384594,0.018240657,-0.20163603,0.16523609,0.21140859,-0.12045695,0.10832965,0.032158334,0.28654796,-0.11072068,0.090446614,-0.26047188,0.034844723,0.15017088,-0.112253904,0.15663081,-0.024741909,0.032195065,0.099532545,-0.21620393,0.08903825,-0.13786371,-0.09494138,-0.10368778,0.017494373,-0.20945248,0.049514726,0.35486326,-0.06831391,-0.15204585,0.051197693,0.23662904,0.0047332835,0.032586638,-0.07534717,-0.022032615,-0.25445843,-0.21225646,0.03266015,-0.04606026,0.05041315,-0.087874584,0.2515281,-0.29983974,-0.04285043,-0.6163045,0.3468206,0.013120498,0.011001737,0.7525568,-0.089173764,-1.6301905,0.0018830474,-0.155271,1.6118107,0.34296733,-0.18233107,0.30210522,-0.06598553,-0.12481667,0.6397694,0.18008626,0.2815922,-0.105883695,0.46763533,-0.08039475,0.027476318,-0.29550892,0.031062722,-0.21947221,0.3486921,0.124568306,0.09808973,-0.114672095,-0.4580301,-0.015364539,0.5324626,-0.05676626,-0.27571094,0.0049496023,-1.2119782,-0.0057330024,0.081366725,-0.12423843,-0.052080188,-0.13946195,-0.10165649,0.12539439,-0.09848032,-0.17879145,-0.3778292,-0.024728997,0.058611326,-0.08266804,0.4864802,0.23031476
332,negative,-0.11376695,0.08249906,0.4118685,-0.21534498,-0.14067426,-0.07699751,-0.11899455,0.1616652,-0.010016885,0.09737259,0.19316049,-0.068052314,0.12112728,0.08363284,-0.09485585,-0.07133446,0.1929624,0.15490511,-0.306918,0.13124517,0.31480306,0.024767067,0.08404672,-0.2053745,-0.115795314,-0.025110476,-0.18991694,-0.28178823,0.042657323,-0.11310961,-0.16618232,0.38311866,0.004522112,0.026466606,0.116202556,0.23297548,-0.11570215,-0.026471341,0.09055123,-0.14136814,-0.22121532,-0.13119408,0.0778794,-0.18396969,0.068399414,-0.27399513,0.10546286,-0.26133695,-0.03435993,-0.73372465,0.2771722,-0.094665706,-0.012487901,0.8413381,-0.020224819,-1.8290043,0.051359475,0.005523321,1.3448125,0.46346578,-0.08623791,0.5305576,-0.113652356,-0.055498596,0.6315256,-0.021046137,0.31646448,0.388681,-0.009186301,0.12978573,0.18498972,-0.37410387,-0.1573946,-0.32277012,0.09950821,0.105704084,-0.100319795,0.076263085,-0.5893171,0.0032804282,0.40940866,0.016298736,-0.33069202,-0.06043688,-1.176686,-0.12002518,0.09674687,0.035280935,-0.1553421,-0.25261095,-0.06597583,-0.1452835,-0.25410795,0.05549076,-0.37304473,0.06485862,-0.0678184,-0.047454294,0.3501933,0.11724064
333,neutral,-0.09287775,-0.008389619,0.24525842,0.2144878,-0.39110926,-0.10724739,-0.21973279,0.3598181,0.117434636,-0.09813289,-0.06984068,0.36039966,0.29216507,-0.1436736,0.14631052,-0.74581784,0.45074296,0.5792622,-0.3389407,0.16254759,0.16775078,-0.13494763,-0.2938867,-0.028030917,0.0028686693,0.34256253,-0.34604594,-0.11272538,0.31994587,-0.37463063,0.13746311,0.1710492,-0.030098673,0.046417225,0.01566283,0.36335254,0.07476973,-0.08762296,-0.14009932,-0.312179,-0.48720437,0.13496941,0.0976373,-0.2674211,-0.054473195,-0.11973552,-0.29252473,-0.24888769,-0.033158615,-0.61452883,0.102955736,-0.2304123,0.21605246,0.712281,-0.18872644,-1.6623895,0.18767093,-0.03427749,1.3570803,0.20316555,0.022691226,0.46541393,-0.24689046,-0.43713394,0.46802327,0.15808861,0.2461158,0.550645,-0.44713053,-0.18173069,0.11985926,-0.21012157,-0.4118681,-0.34295917,-0.049165085,-0.0012957826,-0.17709906,-0.023474282,-0.5613559,0.10777899,0.6344773,-0.24434112,-0.0387519,-0.061572324,-0.761309,-0.18431216,0.06432963,-0.04087421,0.39549446,-0.18249139,-0.120806664,0.09302073,-0.012916782,-0.24017952,-0.4228124,-0.08795501,0.12065194,0.13411549,0.17446333,-0.32043186
334,negative,-0.18140937,0.372496,-0.1049208,0.13413073,0.12820047,-0.02653778,-0.11122128,-0.054135684,0.2855847,0.5054791,-0.13908528,-0.26521778,0.25848994,-0.15190889,-0.059777357,-0.07238104,0.16915457,-0.18276705,-0.60511386,0.15101105,0.19167921,-0.07965751,0.17707875,0.15345125,0.21328436,-0.38607287,-0.15306063,-0.02458727,0.35604462,0.13948876,0.0516283,0.17713243,-0.14985968,0.11486652,0.08130315,-0.021566687,0.3069633,-0.07582228,-0.36474144,-0.06533208,-0.5106747,-0.09919609,0.060671587,-0.12570827,0.056607388,-0.17049246,0.29518327,-0.08138456,-0.04196163,-0.2487834,0.29978994,0.20711806,0.08185492,0.9772994,-0.19442599,-1.7144498,-0.045486853,-0.0064282264,1.641845,0.2927549,-0.14077795,0.11152003,0.17563038,-0.34733862,0.941422,0.23460637,-0.09326374,-0.0068039005,0.29438502,-0.056467906,0.38079485,-0.24138457,-0.24263678,-0.48699647,0.13869639,0.0064562657,0.12539467,0.14761733,-0.8923746,0.15305665,0.5935744,0.098578095,-0.27220118,0.24712434,-0.6610696,0.10463033,0.22100143,-0.07548133,0.08102923,-0.20392498,-0.044043854,0.16853784,0.19875842,0.18144403,-0.2478753,-0.14528942,-0.013585439,-0.26314193,0.6555717,0.2828824
335,negative,-0.012669639,0.26813975,0.31943047,-0.19020425,0.0728977,0.10046687,-0.19837384,0.013702407,-0.117083326,0.06277275,-0.03337652,0.1327082,0.11110325,-0.059411325,-0.016939372,-0.2220348,0.08442571,0.13618112,-0.20391704,0.11819764,0.24827461,0.01056187,0.057153475,-0.20452891,-0.03559457,-0.025479943,-0.20468979,-0.34656692,0.06170588,-0.25451836,0.10471641,0.32684314,0.11256264,0.017116707,-0.005392185,0.1373769,-0.014488708,-0.0021828106,0.02719665,0.02896598,-0.34003153,-0.36616966,0.109509,-0.20374854,-0.036624774,-0.17806602,0.22455755,-0.11841015,-0.17396481,-0.5676729,0.05809229,-0.06431841,0.099619895,0.6962216,-0.130516,-1.9259313,0.027365481,-0.0658004,1.2254921,0.3043396,-0.23169711,0.5647353,-0.14948186,0.06494295,0.49215487,-0.011061209,0.13767777,0.14326642,-0.000301082,-0.1021795,0.036587678,-0.21578404,-0.17231712,-0.25433928,0.15144402,0.053026877,-0.023808882,0.04348119,-0.59590954,0.11171939,0.27196813,-0.022291906,-0.1390591,0.008210673,-0.79155755,-0.26098004,0.04356261,0.041354056,0.0665482,-0.25251666,-0.013479076,-0.20380606,0.001850696,-0.001444311,-0.5199266,-0.025548708,-0.11878557,-0.08611547,0.37281752,0.08363391
336,negative,-0.09096954,0.056931414,0.035955638,-0.20003676,-0.19923502,0.28732497,-0.041835062,0.15767749,0.17491129,0.28603414,-0.0076243365,0.14779271,0.4709567,0.13172236,0.13178955,-0.21270469,-0.083896585,-0.347862,-1.0150349,0.19178967,0.5772789,-0.2556337,0.18032923,0.31113297,-0.21076784,0.012083299,-0.02158256,-0.186639,0.0344142,0.2954122,-0.037531514,0.22657092,-0.26276407,0.19293308,-0.29070732,-0.1268418,-0.27620497,0.42722097,-0.26539198,0.21400921,-0.51460445,-0.037461597,0.3705372,-0.1697842,0.4489292,0.049115043,-0.15675542,-0.14279553,-0.29787272,-0.65995485,0.320597,-0.23426749,-0.023373647,1.0993652,-0.19473143,-1.9409821,-0.35383204,-0.09663637,1.6991166,0.7967318,-0.19737968,0.50479436,0.05675119,-0.10652117,0.31944057,0.35972902,-0.0028885033,0.37502465,0.284807,0.06999252,-0.11945232,-0.501341,-0.18208124,-0.3076026,0.24238487,0.25950843,0.044919945,0.3990516,-1.147154,-0.056595,0.80443144,-0.0056232805,-0.33300692,-0.035617698,-1.0820466,-0.30478275,0.09262963,0.39859346,-0.3557949,-0.183486,0.7889681,-0.26308662,-0.1248212,0.24985127,-0.8651923,0.58263206,0.024246318,-0.04055401,0.3523024,-0.4700391
337,neutral,-0.120634526,0.05589159,0.2707877,0.023559522,-0.096118,-0.08421692,0.02915521,0.11059206,-0.072137915,-0.09439373,-0.040440205,-0.00889612,0.18608488,-0.028906234,0.032485496,-0.11998338,0.082651295,-0.1812462,-0.3466023,0.0067795804,0.015952544,-0.09791871,0.046051826,-0.16070957,0.052127864,0.19591282,-0.20375629,-0.25115857,0.25812328,-0.114777975,-0.030029932,0.24954183,-0.048100978,-0.013624867,0.048026092,0.28223792,0.11917957,0.017162995,-0.24559425,-0.14636366,-0.34249935,0.036097076,0.3103101,-0.24448238,-0.18647239,-0.08333699,0.026570404,-0.21117093,-0.031311065,-0.637807,0.05142852,0.02464945,0.008015369,0.7580886,-0.12247611,-1.6683336,-0.045876324,-0.26253217,1.2584252,0.15516508,-0.13937208,0.24241443,-0.21909416,-0.39128095,0.7339856,-0.071842946,0.29379553,0.27755442,-0.11956759,-0.3335651,0.13899757,-0.296889,-0.3518519,-0.47981653,0.12488186,0.12085966,-0.31869775,-0.0111278985,-0.633548,-0.0917812,0.4203116,-0.099310875,0.0042582094,0.079974115,-1.000453,0.11540322,0.11850344,0.20555924,0.011568154,-0.31105366,-0.097316355,0.03483732,-0.3682827,0.25675064,-0.44532514,0.035928816,0.010865415,-0.12601863,0.47639504,0.23352112
338,negative,-0.15989056,0.16806075,0.25522396,-0.19086717,-0.18540813,0.20437863,-0.13305925,0.074471265,0.12277132,0.21479705,0.036843076,-0.0122673735,0.11255321,-0.006577201,-0.080157414,-0.17027615,0.00090778153,0.087781325,-0.41205803,0.09519843,0.34876904,0.024496492,0.2542266,-0.3204162,0.09986965,0.024131695,-0.3935715,-0.2145759,0.16331427,-0.14804207,0.068761215,0.27597475,-0.0887792,0.015743691,0.0774263,0.083411634,0.19256121,-0.05556016,0.13044722,-0.08240954,-0.48096544,-0.08734904,0.09106067,-0.13374071,0.11346238,-0.13208695,0.21306372,-0.09276343,-0.355716,-0.52124643,0.17533956,-0.0026123172,0.05595821,0.7435886,-0.122316875,-1.374001,0.051477306,-0.21770293,1.2361419,0.24809863,-0.17566267,0.3508187,-0.3143336,-0.10374343,0.38053587,0.11398589,0.16952956,0.28203422,-0.07789054,-0.07438786,0.20524594,-0.4985583,0.040001582,-0.088000305,0.13618767,0.0042593074,-0.18339987,0.050033674,-0.51876676,-0.0056470595,0.49878845,-0.039999787,-0.22013615,0.2315055,-0.9477447,-0.15027304,0.14130357,0.11007247,-0.0056985584,-0.24493131,-0.16399859,-0.14524138,0.0012463693,-0.1404774,-0.2539694,0.14061329,-0.23840104,-0.17574915,0.19830553,0.13898902
339,negative,-0.025829518,0.27111298,0.3641855,-0.4057164,-0.17079183,0.19414818,-0.14087395,-0.0031730395,0.13222657,-0.043894425,0.103597656,0.06549461,0.09086507,-0.09644133,0.002032537,0.041503403,-0.022781601,0.1794324,-0.2075142,0.20477688,0.29455823,0.08290139,-0.033281427,-0.23795405,0.0036833296,0.08155904,-0.23184498,-0.18766584,0.35873473,-0.1544649,0.023377752,0.29571408,0.1795464,0.007932499,-0.0268123,0.16460669,-0.08184032,0.07613806,0.04511148,-0.2619179,-0.17016536,-0.22336084,-0.03263517,-0.26990253,-0.3023296,-0.13094561,0.14097619,-0.18117774,-0.11860968,-0.63668954,-0.030805217,-0.051976953,0.16038053,0.64241034,-0.21768247,-1.5642323,0.14875881,0.12729712,1.0712252,0.1876534,-0.044647317,0.50021523,-0.32062277,-0.060151216,0.6441677,0.19267309,0.23647383,0.07218027,-0.014403061,-0.18959539,0.18787017,-0.07856994,-0.2673546,-0.2654272,-0.045441974,0.08054419,-0.1251265,-0.05910808,-0.38169405,0.038738053,0.38867068,-0.06289981,-0.30957064,0.04858862,-0.90664625,-0.15389149,0.04427144,0.07239699,-0.11566238,-0.18825263,0.021333331,-0.21103466,-0.12560351,-0.033962652,-0.19653583,-0.17003828,-0.052918717,0.07592916,0.16559313,0.29314002
340,negative,-0.057785995,0.074218154,0.3084078,-0.39514184,-0.26684237,0.16949172,-0.15870585,0.046538737,0.08639064,-0.11406039,-0.08869157,-0.008604926,0.25464603,0.1314693,-0.0095793875,0.13886753,-0.007476151,0.18197672,-0.2591134,0.20578308,0.10731914,0.03476262,-0.12916476,-0.21616445,0.015743725,0.22296312,-0.14740796,-0.16529673,0.3290425,-0.19050637,0.020825256,0.28875366,0.09396836,-0.03188356,0.039019316,0.13950047,-0.049852964,0.014411602,0.17787766,-0.28450757,-0.104150064,0.031338878,0.13399947,-0.3307895,-0.12976909,-0.06074877,-0.027365386,-0.15827392,-0.1583264,-0.5847797,0.045285553,0.07045635,0.091132216,0.5636207,-0.08431405,-1.3777217,0.09760547,0.116501495,0.8508035,0.2664079,0.10994454,0.44246918,-0.23365027,-0.13062704,0.5352929,0.06902391,0.26827675,0.23430729,-0.16699249,-0.12498641,0.075506255,-0.21091175,-0.24326259,-0.2578622,-0.043621365,0.16426963,-0.028488085,0.041297194,-0.38322315,0.10662552,0.33573726,-0.14340575,-0.31594616,0.14114967,-0.9481566,-0.00494467,0.037165076,0.1321339,-0.148793,-0.1831761,-0.08246321,-0.1204142,-0.101191096,0.12686789,-0.19499068,-0.13716167,0.031402517,-0.07319343,0.067497,0.1669947
341,neutral,-0.20147869,0.26240018,0.32726386,-0.049151484,-0.29582542,-0.27096093,-0.024114747,0.06390822,-0.17475164,0.31474173,0.083358355,0.027172359,0.01085689,0.052976284,0.07274465,-0.16890359,-0.11821493,0.043641638,-0.18231234,-0.19052102,0.22767569,-0.2413559,-0.01954548,0.044245817,0.26308656,0.004567129,-0.26837844,-0.10451883,-0.038203944,-0.014369047,-0.0075959237,0.14562358,-0.16520691,-0.0633405,0.13698234,-0.0072264043,0.17521317,-0.03560422,-0.05792552,0.05520918,-0.35728702,-0.19532284,0.042798173,-0.25099987,0.3887635,0.0016671929,0.3570238,-0.20931566,-0.3153919,-0.579058,0.033201117,0.013968591,-0.048242755,0.8613896,0.16303843,-1.7335161,0.12886465,-0.27389908,1.2487544,0.48970333,-0.009872297,0.5549156,-0.02000461,0.1512168,0.4669222,0.1954763,0.1498895,-0.023986502,-0.035594143,-0.20723164,0.2908289,-0.3351617,0.008621537,-0.08867021,0.048538845,-0.035640806,-0.051314306,0.040832005,-0.62928516,0.11143735,0.5544056,0.11106357,-0.37310162,0.0018895124,-0.781158,-0.01964676,0.1923305,0.022758145,0.026611177,-0.034076322,-0.09009925,0.1684581,-0.21882142,-0.08259418,-0.32870114,0.081336275,0.06762628,-0.05244172,0.35725155,0.09547919
342,negative,-0.112671204,0.05430274,0.28407896,0.21717554,0.10425867,0.055524442,0.050719015,0.20057236,-0.032600433,0.39122412,-0.08525492,-0.07068767,0.2892737,0.14582999,0.067454554,-0.14939587,-0.0596755,-0.22630018,-0.5246578,-0.114220284,0.46913347,0.018425178,0.28480896,0.02898114,0.17848545,-0.17609316,-0.063614994,-0.14638065,0.33481836,0.086919084,-0.31128687,0.03314835,0.1335053,0.018594554,-0.027191313,-0.037997097,-0.023145508,-0.08628182,-0.0161134,0.17348252,-0.47201815,-0.14057614,0.2300536,-0.0191817,0.35537356,-0.038748022,0.2567996,-0.0031566313,0.012334094,-0.38191894,-0.012085261,0.035734292,0.0879314,0.87219036,-0.27723992,-1.9799674,-0.29887065,-0.18968973,1.5101731,0.4667903,-0.14246467,0.5579989,0.07730075,-0.27641085,0.50918615,0.09435344,-0.060607925,0.053082682,-0.2842451,-0.006941999,0.17964298,-0.36925077,-0.3861127,-0.41295937,0.09132306,0.16416433,0.06601207,0.04885041,-0.68750256,0.0271036,0.50947165,0.27359,-0.37604332,0.12962967,-0.6947095,-0.04079234,-0.017098272,-0.19886619,0.2654912,-0.09284197,0.014918608,0.043476257,-0.25179446,0.29526606,-0.6484855,0.32769346,0.15727004,0.26181826,0.4545194,0.18063238
343,negative,-0.0427389,0.22285159,0.11796035,-0.19515714,-0.023669314,0.21035726,-0.086266436,0.1738301,-0.08396028,0.26730776,0.02366139,-0.0074356017,0.2459503,0.30993596,-0.029162511,-0.16432731,0.10679496,0.014642029,-0.42468828,0.23925123,0.35740775,-0.2907933,0.108117945,-0.03484858,-0.019454304,0.0013803012,-0.30769855,-0.3006448,0.15098281,0.07521129,-0.13082924,0.36500496,-0.048328113,0.005164684,0.108575776,0.061270658,-0.17034134,0.12126932,0.27311194,0.038866196,-0.3243021,0.032038465,-0.09607601,-0.23848829,0.2573537,-0.05028803,-0.097854495,-0.18481383,-0.14825721,-0.4613618,-0.10899977,-0.08657041,-0.10785956,0.85730183,-0.10771829,-1.7045996,-0.1879572,-0.1554031,1.4074615,0.39825144,-0.011595954,0.47512478,0.017055819,-0.10648704,0.49545154,0.017861145,0.18916407,0.17771938,0.0077412133,0.05422001,-0.038964935,-0.2881667,-0.2204127,-0.27696985,0.104304105,0.23216456,0.013364443,-0.019134074,-0.5436395,-0.13526307,0.6175573,0.06331808,-0.3184533,-0.14627713,-1.0281221,-0.21011779,0.15671031,-0.049414936,-0.07663416,-0.13887662,0.013336032,-0.10653742,-0.008251519,-0.16968992,-0.44580293,0.077407055,-0.09427695,-0.18854547,0.17606643,-0.013347674
344,negative,0.16744646,0.14453784,0.22867346,-0.13091563,0.10540378,-0.62009585,-0.26197964,0.3525426,-0.08839942,-0.004694464,0.12949605,-0.06827921,0.13978754,-0.0672372,-0.11991114,-0.13805157,-0.264713,-0.007403145,-0.042346776,-0.086850554,0.38381615,-0.06826158,0.26738423,0.16947621,0.18216279,0.10177042,-0.19084606,-0.20358612,0.26208696,-0.0120999925,-0.18031242,0.11417626,-0.1264296,-0.12256403,0.012772056,0.2699554,0.18649341,0.1805651,-0.012112976,-0.14195514,-0.19697335,-0.22303526,-0.1812984,-0.07878621,0.14086594,0.07302417,0.057193726,-0.22907093,-0.15307766,-0.8248604,-0.045700252,0.34019142,-0.031952795,0.8768561,-0.198039,-1.7590983,-0.22991632,-0.29638848,1.3915062,0.24523023,-0.040678512,0.24690872,-0.01769096,-0.11056597,0.3983234,0.20686735,0.0431044,0.027233968,0.047046814,-0.18911815,0.14366387,-0.22902986,-0.10102463,-0.11842479,0.025048593,-0.0018805051,0.18020089,-0.060484335,-0.5797935,0.32034302,0.6202331,-0.12684068,-0.46389592,0.22460961,-0.79201263,-0.2660293,0.22551307,-0.0034411887,0.23124422,-0.2846791,-0.05071422,-0.036584236,-0.25418606,-0.30427155,-0.5728536,0.16296019,0.029185373,-0.12206849,0.5068965,-0.0064078625
345,neutral,-0.1851432,0.41423017,-0.23619573,0.3420144,-0.026441205,-0.40240622,-0.17227247,-0.06424542,-0.112048276,0.3643152,-0.20403382,-0.3845423,0.007324965,-0.16680819,0.09762917,-0.30901808,0.32298848,-0.07889775,-0.38980535,-0.049504764,0.058652833,0.043850254,0.33909008,-0.06607139,0.4525382,0.27697736,-0.07684268,-0.3460753,-0.08508013,0.19105586,-0.40511075,0.4217133,-0.38464597,-0.14274335,-0.11851938,0.19685346,0.50567764,0.08857753,-0.40011597,-0.13153018,-0.23057158,-0.4289371,-0.12673502,-0.055207424,0.30950072,-0.045075927,0.23546843,-0.124988765,0.05478714,-0.7041292,-0.13151418,0.17873931,-0.17792083,1.0505772,-0.0011686541,-2.121896,-0.079861455,-0.31882265,1.8515357,0.18552107,-0.17382997,0.40058607,-0.3142869,-0.036368776,0.59853464,-0.031833515,-0.07373504,0.36273068,0.37652627,0.006993875,0.5710624,-0.43440673,-0.16368069,-0.4924195,0.05659431,-0.22692202,-0.46868232,0.15733103,-0.6551285,-0.116382174,0.8574863,-0.033028383,-0.07275622,0.4199461,-0.979432,0.10576308,-0.047930334,-0.061525706,0.3020391,-0.030520447,-0.33429843,0.3660142,-0.16803539,-0.39932427,-0.46134812,0.15681516,0.20346951,-0.058123074,0.56842846,0.32082564
346,neutral,-0.3261353,-0.10822232,0.2126523,-0.329298,0.050209656,-0.06457387,-0.23324719,0.2570452,-0.2173276,0.123486236,0.30100933,-0.24073578,-0.09490245,-0.11421008,0.2820757,-0.25098705,-0.21733823,-0.24638115,0.15299799,0.11895568,0.016478216,-0.00018551716,0.18071747,-0.1878564,0.15311676,-0.04353657,0.17751807,0.12585577,0.05243116,0.3920011,0.08951639,0.44035318,-0.2669986,0.19104165,0.23617972,0.16169044,0.0100065395,0.120514266,0.2020345,-0.24637309,0.15210998,-0.21291302,-0.14845501,-0.19324122,-0.20544927,0.011668342,0.42294514,-0.16667227,0.007654969,-0.51050484,-0.027734196,0.29060373,0.39874646,0.48939645,-0.045110665,-1.2954434,-0.054905508,-0.23377839,1.1138479,0.07222094,0.17985326,0.3406043,-0.08251522,-0.24968554,0.53802955,0.13063362,0.009362614,-0.19394648,0.18759608,0.07552491,-0.12918876,-0.27002445,0.41289383,-0.04381324,0.103909455,0.005442149,0.049899157,0.0041168565,-0.3559903,-0.052175634,0.34223375,-0.3899833,-0.33939177,0.1776982,-0.8096153,0.15220085,0.37199384,0.020982528,-0.010152275,0.015294264,-0.28762984,0.27096066,-0.25957832,-0.069423474,-0.28981003,0.05545081,-0.2589077,-0.123328425,0.4742992,-0.08011283
347,neutral,0.0062682102,0.3446408,0.34291226,0.04328831,0.3599068,-0.8069705,-0.29611257,0.0072231963,0.06481218,-0.03165679,-0.16949473,0.12055763,0.05626469,-0.0050600087,-0.060830772,-0.25150624,0.014711722,-0.081461035,-0.09286892,-0.19255039,0.26866347,-0.20303522,0.08436145,-0.121047415,-0.20861362,0.37086827,-0.2785698,-0.14505261,0.05048464,0.20636569,-0.20535345,-0.20734894,-0.20163766,-0.08094466,0.0040199426,0.05886719,0.22519663,0.045497555,-0.12797795,0.03340359,-0.33018774,-0.48497626,0.14687899,-0.18813919,0.50799215,0.029679727,0.058923546,-0.120556965,-0.17357688,-0.48412642,0.2555397,0.4355106,0.0008515197,0.69435596,0.055190153,-1.6098219,0.0750693,-0.44724873,1.6446366,0.15792924,-0.16242197,-0.012859989,-0.17870533,-0.18032047,0.6820468,0.009058971,0.10060787,-0.18304446,0.34994215,-0.5796959,0.040957924,-0.33994746,-0.03523916,-0.14289802,0.31777692,-0.080848634,0.021980932,-0.11825326,-0.79747635,0.11397974,0.8357927,0.037631724,-0.47362602,0.30374673,-1.0756763,-0.18909305,0.39525476,-0.044962775,-0.17504625,-0.34953228,0.123013206,0.027362281,-0.17176795,-0.21609627,-0.4630728,0.15084511,0.28368977,0.07757971,0.4336735,0.06675966
348,negative,-0.022112982,0.280141,0.1650026,-0.056862652,-0.064875975,0.069480985,-0.1684063,0.021358978,0.045521796,0.16722006,-0.19264866,-0.0067385924,0.37397465,0.016156573,-0.017247414,-0.20967196,0.086294316,0.010290662,-0.4840093,0.26636747,0.22438532,-0.072050475,0.22259371,-0.06951914,-0.006055396,-0.11647971,-0.09908869,-0.44013047,0.0020413483,0.15903421,-0.026089663,0.23616222,-0.043815933,0.1220771,-0.0791894,0.021035407,-0.058052406,0.14986679,0.027009416,-0.10953327,-0.46440378,-0.0011261378,0.11522793,-0.28935575,0.1652939,-0.11979864,0.13413098,-0.21215661,-0.15999962,-0.5874984,0.16057406,-0.11385739,0.08495815,0.90760964,-0.042046867,-1.8437746,-0.11645478,-0.2888016,1.4856931,0.26049986,0.06715587,0.48090163,-0.098724954,-0.2076724,0.7018789,-0.03605788,0.15367243,0.044596583,0.13464473,0.11857628,0.062021144,-0.26798624,-0.16076954,-0.11625215,0.20137633,0.10455114,0.09182384,-0.018033965,-0.730725,-0.027531046,0.40898064,0.19947028,-0.20409334,-0.027706042,-1.2309823,-0.20823807,-0.012633365,0.012536062,-0.11056187,-0.44041932,0.108453564,-0.15751645,0.07113248,0.026928019,-0.42170808,0.2421075,0.07331878,-0.19275916,0.4264646,-0.04743188
349,neutral,-0.03231456,0.018034996,0.14712591,-0.16974634,0.009510634,-0.083045624,-0.3393916,-0.061773844,-0.06157956,-0.010378545,0.02211124,-0.029183628,0.039900586,0.031497955,-0.14932385,-0.07312812,0.22997501,0.2932019,-0.43522725,0.27858934,0.37526408,0.026262274,-0.27607948,0.0076413364,0.2601972,0.15898097,0.05219881,-0.1271453,0.17823668,0.09806244,-0.21327199,0.3439381,-0.038942963,0.05209597,-0.026803706,0.42248446,-0.076463714,-0.105259456,-0.17779438,-0.13462079,-0.14500749,0.13715643,0.11658655,-0.16193944,-0.027958121,-0.05161499,0.023915894,-0.10573991,0.2410626,-0.2521193,-0.275042,0.08711166,0.19824198,0.50697434,0.040533423,-1.6785647,-0.011618721,0.019119501,0.8298943,0.15863211,-0.1787125,0.40963754,-0.41836187,-0.16505456,0.43021852,0.07346027,0.07360124,0.44843116,-0.079872005,-0.13568461,0.101387285,-0.038940255,-0.17689133,-0.23823537,-0.20313884,0.101659395,-0.21158552,0.13940695,-0.5354104,0.1608285,0.39385286,-0.2929879,-0.025324035,0.005711799,-0.7797166,-0.09163571,-0.35020688,-0.21372569,0.25854465,-0.37056896,0.13440306,0.14295956,0.0063089235,-0.30699694,-0.31225625,-0.18922697,-0.10683564,-0.33573315,0.37693432,0.10875175
350,neutral,0.06154456,0.038284592,0.2745398,0.013497212,-0.043106034,-0.022540547,-0.29187554,-0.042741492,-0.15454197,0.3071954,-0.04192938,-0.10414549,0.42518958,0.035584033,-0.09748595,-0.009422286,-0.44910297,-0.023813525,-0.31734166,-0.40703923,0.2367118,-0.05304412,0.07675432,-0.08335053,-0.015951639,-0.17867568,-0.10103063,-0.28952634,0.21158883,-0.22679095,0.13186808,0.073657766,-0.11713701,-0.07825032,-0.10366242,0.09671493,0.11212383,-0.26383322,-0.26381597,-0.26108477,-0.7351458,-0.19942619,0.32609433,-0.27452707,-0.038484234,-0.38059667,0.28141785,0.0057004634,0.07134938,-0.46818453,0.14310336,-0.060033586,-0.11491787,1.1813276,0.24989244,-1.6859319,0.12801637,-0.12445023,1.142405,0.15020254,-0.08298991,-0.029516798,-0.22763634,0.074621856,0.5931321,0.14924681,0.17260003,-0.19745587,-0.20340349,-0.09333322,0.31795245,-0.12532257,-0.30396587,-0.32320464,0.022867305,-0.16805999,-0.16592799,-0.024184361,-0.70022225,0.14639376,0.7213677,0.07305512,-0.20829871,0.07084946,-0.88792646,0.1911327,0.20233408,0.13025746,0.068707906,-0.5720596,-0.023918072,0.17497115,-0.42370245,0.21509118,-0.28282312,0.0045618787,0.163948,-0.1520051,0.37773815,0.17922825
351,neutral,-0.026148787,0.1162688,0.12968346,-0.15222172,0.16248263,0.30154693,-0.21212305,0.033554785,-0.010785822,0.1899447,0.020117836,-0.027768327,0.05288487,0.07243202,0.32683814,-0.2945711,-0.26058856,-0.21309145,0.22214939,0.097928084,-0.09701872,-0.038240667,0.046699807,-0.13123398,0.45770216,-0.1444659,0.14392011,-0.002205489,0.11422999,0.15084235,-0.0141603295,0.39646816,-0.12979311,0.062139384,0.21756792,0.07927113,0.005910953,0.077541195,0.17337848,-0.13962664,-0.065560356,-0.09535232,-0.3571368,0.075345986,-0.15682131,0.02466521,0.27201062,-0.25780007,-0.044895437,-0.46697038,-0.21676394,0.293121,0.5314921,0.7146947,-0.13655621,-1.1850902,-0.05725762,-0.13458066,0.8382663,0.04156934,0.20658463,0.48961058,-0.13677557,-0.40369615,0.4325581,0.09351191,0.21560341,-0.23657571,-0.0037653684,-0.11511047,-0.19102605,-0.13086778,0.30609393,-0.22784768,0.235904,0.091737546,-0.06145644,0.009529908,-0.26087144,-0.18951444,0.16900231,-0.48412907,-0.4443636,-0.121296406,-0.9046511,0.13608629,0.3121876,-0.07340685,0.033979557,0.04958386,-0.08106113,0.18303639,-0.07018978,0.0836731,-0.18828158,-0.02918165,-0.2290425,-0.35529545,0.22580497,0.054185454
352,neutral,-0.058894996,0.18957235,0.32240394,0.04344458,-0.2110045,-0.11131632,-0.091250844,0.00598933,-0.023882324,0.25223845,0.18166037,0.3217512,0.09284013,-0.080718555,-0.13048595,-0.33693996,0.13470744,-0.049015276,-0.4254638,-0.09303152,0.3243076,-0.03576493,0.12647511,-0.10935461,0.12694524,-0.023568284,-0.468061,-0.17868882,0.069386005,-0.01831614,-0.085564695,0.07786567,-0.022268172,0.0004536055,0.036041446,0.046161134,0.034330945,-0.041191943,0.059640985,0.07271597,-0.5770554,-0.33491158,0.029263686,-0.2505803,0.32921523,-0.10683071,0.011699353,-0.20651455,-0.18294309,-0.4525332,0.27688658,0.11614174,0.23438573,0.8984252,-0.13841596,-1.5359169,0.039423887,-0.40835932,1.4925276,0.43918508,-0.22581351,0.3137158,-0.04891427,0.055728648,0.54559374,0.2783832,-0.08742059,0.22373746,-0.07165297,0.035576247,0.16535349,-0.1343457,0.1011884,-0.14726053,-0.0677951,0.09523463,-0.023172367,0.07862554,-0.7154746,0.14491814,0.56347996,-0.16482335,-0.10095881,0.21925825,-0.681272,-0.17780237,0.06956429,0.10297815,0.22125494,-0.2496595,-0.09126763,0.0493878,-0.18207878,-0.027029626,-0.13623966,0.17059703,-0.11965493,-0.032064714,0.39844283,0.14929058
353,neutral,-0.12018912,0.16531494,0.31129417,-0.20998648,0.035505135,-0.43218574,-0.035896357,0.2038483,-0.014491701,0.05759787,0.070142195,-0.1905388,0.17240106,0.03238615,-0.050866634,-0.16641945,-0.03194595,-0.11014076,-0.23392439,-0.020060042,0.34260914,-0.15592319,0.16766639,0.051570017,0.07553734,0.17737773,-0.073073,-0.12678891,0.17433381,0.05901071,-0.1277467,0.13754377,-0.18998703,-0.027670097,-0.05129489,0.1368546,0.13765605,0.050700307,0.09203351,-0.12219355,-0.12584636,-0.2779058,0.0334647,-0.20746617,0.103920534,0.11924211,-0.05731094,-0.13562302,-0.04014927,-0.69892937,-0.03390844,0.10851701,0.008743465,0.6908505,-0.18233468,-1.4722247,-0.1971807,-0.10459637,1.2814276,0.19742084,0.06341686,0.18595052,-0.21059766,-0.028658483,0.4634682,0.058421925,0.20731403,0.039778583,0.15996897,-0.05500508,0.094397895,-0.19240342,-0.08877208,-0.20458719,0.11926919,-0.066248044,0.06719064,-0.03947589,-0.53422517,0.11569989,0.64037424,0.026508491,-0.39644036,0.12361328,-0.65737927,-0.15167293,0.11470607,-0.021296248,0.046952643,-0.2436529,0.027903961,0.006527303,-0.25937057,-0.11657874,-0.42629638,0.21048467,0.046062745,-0.1311588,0.42162699,-0.047715515
354,neutral,0.13711327,0.1495637,0.4160943,-0.19553082,-0.40152764,0.113057144,-0.00826705,-0.042868864,0.2119531,-0.0017993975,0.040980488,0.0701985,0.43077117,-0.049501006,-0.020544332,0.084987134,0.1340339,0.10092282,-0.19596444,0.40129176,0.19653618,0.24434356,-0.19862387,-0.5031169,0.12286617,0.41244394,-0.1383667,-0.33756277,0.063044235,-0.0073435367,0.0509905,0.44701907,0.09494933,-0.015756665,0.056653507,0.2775235,-0.21419542,0.17780922,0.3354759,-0.4055601,-0.03556836,0.109491244,-0.006412817,-0.4782615,-0.04157005,-0.09020217,-0.07664147,-0.12461666,-0.27432412,-0.58526605,-0.03200103,-0.124810405,0.04400888,0.69811416,-0.22277446,-1.361098,-0.039960973,0.20962928,0.7153323,0.2916527,0.010487382,0.53249514,-0.20301849,-0.15201606,0.66499275,0.014606146,0.25174668,0.095521174,-0.17726472,-0.11595723,0.048558377,-0.121888414,0.028448064,-0.040457796,0.21392837,0.18946283,0.010989127,-0.14144677,-0.25021955,0.07419854,0.38474423,-0.19177501,-0.19268855,0.048543926,-0.9135587,-0.06498235,-0.10387519,-0.016826067,-0.22757336,-0.2564476,0.1776399,0.0376393,-0.02765853,-0.10778395,-0.33301258,-0.23989643,0.013042877,-0.3342365,0.24150658,0.1420414
355,neutral,-0.09486982,0.31096584,0.25904557,-0.03182711,0.03107493,0.05962209,-0.097470626,0.1666034,0.20993027,-0.004719061,-0.17970537,-0.04489274,0.39158013,-0.039240997,0.03628284,-0.19548357,-0.0042703794,-0.16040267,-0.39941904,-0.03873081,0.36451712,0.02173761,0.30617905,0.10779847,0.04508585,-0.13050294,0.015686672,-0.07311953,-0.035126958,-0.027134486,0.009852259,0.1393817,-0.09057357,0.17605372,-0.028304137,-0.13099276,0.24181224,0.25855848,-0.15375021,0.049311772,-0.5736733,-0.13439271,0.15442744,-0.19617514,0.3297312,0.10098935,0.21791306,-0.11361516,-0.1138525,-0.39387062,-0.022377638,-0.006194878,0.00622983,0.66666776,-0.038180336,-1.7282671,-0.020529091,-0.3800994,1.4349608,0.4035491,-0.062843084,0.5221675,-0.03783991,-0.12760478,0.61856985,0.13058165,-0.014816577,0.084645264,0.36660728,-0.041982796,0.13092446,-0.2737225,-0.27776423,-0.17929967,0.4606209,0.027353935,-0.17339246,0.31140718,-0.6521826,0.06787495,0.57780206,0.044577643,-0.38870147,0.19458058,-0.84683466,0.11365169,0.007535055,-0.043791395,-0.1446166,-0.216564,0.1307289,0.060678005,-0.19560908,-0.1259649,-0.50248986,0.23362689,-0.0017354138,0.0340316,0.47854903,-0.040350035
356,negative,0.15443018,0.23313087,0.18766072,-0.15095007,0.025778446,0.06757035,-0.31616905,-0.15759858,0.15639763,0.12204827,0.046885457,-0.02903016,0.14850655,-0.028904987,-0.28236052,-0.026767923,0.30052045,-0.29426578,-0.43671042,0.18535347,0.3357242,0.072967224,-0.2155443,-0.1642402,-0.10460654,-0.037591558,-0.103020735,-0.040677447,0.31213877,-0.13177364,0.2542688,0.1407815,-0.1851248,-0.24270889,0.077626705,0.18616349,0.10531619,-0.20437095,-0.12007045,-0.15516166,-0.47354126,-0.14745395,0.0608975,-0.0810167,0.07761904,-0.5123845,0.042474195,-0.2145413,0.015065444,-0.44457018,-0.042924527,0.23549914,0.17839213,0.8692883,-0.20171624,-1.4129148,0.07655681,-0.20502463,1.3541667,0.15341459,-0.32284465,0.29461917,-0.20224883,-0.2207733,0.48222533,0.035363894,0.40160015,0.23392728,0.12843642,-0.08223115,0.19727436,-0.39123544,-0.2318318,-0.13025956,-0.10278726,-0.062178563,-0.17860602,0.27383083,-0.7475293,0.04665286,0.94514036,-0.085184336,-0.13540736,0.054020792,-1.0159484,-0.24190749,-0.0135438135,0.024718212,-0.28514785,-0.5964903,0.0058003278,-0.104956694,-0.018920435,-0.066710725,-0.37259835,-0.17890789,-0.18885602,-0.1116101,0.3092667,0.26161045
357,negative,-0.04356377,0.2550177,0.20972294,-0.18061998,-0.071621075,-0.23648223,-0.33626452,-0.0009874533,-0.109433815,0.12807074,-0.0007737109,-0.108217075,0.31359857,0.048076022,-0.17305598,-0.1439096,0.07215091,-0.10220288,-0.23654163,0.052381344,0.18620956,-0.010857001,0.06396313,-0.19521762,-0.106006674,0.13411474,-0.11305879,-0.11957385,0.12178578,-0.23695242,0.023053711,0.37406725,-0.23323815,-0.10371392,-0.09236159,0.23425236,0.04818746,0.16821073,-0.035382487,-0.090241015,-0.24003771,-0.12247866,-0.0143151395,-0.26456323,0.012558783,-0.040632125,0.16412783,0.049230937,-0.07681092,-0.5904706,-0.09041048,0.039027814,0.05784203,0.7424897,-0.15585476,-1.7140434,-0.033960447,-0.2289109,1.1658509,0.29796672,0.1636761,0.24977136,-0.20090747,-0.109778605,0.4992359,0.1496807,0.26077986,0.22187118,0.12152802,-0.039506573,0.044168446,-0.06667194,-0.15400878,-0.34712675,-0.017550204,-0.11012778,-0.042236693,0.055583343,-0.6816657,0.12940124,0.57310134,0.062775284,-0.3496993,0.08233072,-0.7421495,-0.087746486,-0.050698176,0.035792116,-0.0063354946,-0.42290318,-0.04453249,-0.21085595,-0.22013883,-0.22016801,-0.48955238,0.08257691,-0.081567295,-0.27630454,0.3502522,0.085479036
358,neutral,-0.23809484,0.2133585,0.29428214,0.18864389,-0.0628323,-0.15573958,-0.23353954,-0.12392873,0.050778046,0.21328045,-0.09470999,-0.041224767,0.124150634,-0.14073914,-0.063443236,-0.09006074,-0.008038546,-0.14322448,-0.20806305,-0.10373079,0.27721438,-0.21685924,0.12896143,-0.10484831,0.019344214,0.06443179,-0.06527968,-0.20817421,0.1360541,-0.23370698,-0.012544496,0.12420533,-0.13910376,-0.16569506,0.0948776,0.062843844,0.0062655397,0.10426666,-0.19924067,-0.007823086,-0.330748,-0.071744375,0.09881222,-0.20045109,-0.012656016,-0.19487485,0.37633058,-0.10727976,-0.14281568,-0.47112435,0.053480107,-0.01832421,-0.053807735,0.9826319,0.27322355,-1.7154412,0.22263543,-0.32799202,1.0015981,0.23443283,-0.109245695,0.3366042,-0.044134222,-0.17221646,0.61477727,0.08497741,0.028716886,-0.033680033,0.02780902,-0.041443676,0.19974323,-0.1442384,-0.27028972,-0.16324988,0.061025325,-0.13194498,-0.14122301,0.15695147,-0.673409,0.09704433,0.4045277,-0.006980326,-0.13083754,0.11655796,-0.9325241,0.04991478,0.037736654,-0.0074303006,-0.22722827,-0.3770414,-0.11745992,0.062380936,-0.061550573,0.03901329,-0.26253188,-0.00083663315,0.22065863,-0.15044715,0.38994163,0.2830785
359,neutral,-0.18381871,0.042853195,0.14485085,-0.20518595,-0.1469146,-0.072425395,-0.11636599,-0.053929977,0.118374355,0.01836219,0.029757787,0.046292193,0.14075512,-0.004892016,0.07576965,-0.012405566,-0.13904966,-0.074953035,-0.35583273,0.17503415,0.19786888,-0.11628817,-0.016525678,-0.29141766,-0.08477035,0.09195213,-0.10091734,-0.104945265,0.089281276,-0.07534043,-0.070079304,0.17011614,0.02114095,0.041515585,-0.115189284,0.22485162,0.0064596427,0.048367236,0.019152626,-0.10904504,-0.3977097,0.06936823,0.17915022,-0.09840834,-0.091754034,-0.28210598,0.14854833,-0.059486575,-0.11505746,-0.57755,0.027254168,0.065505445,0.22637974,0.6238974,-0.24611357,-1.4433949,0.13264635,-0.046837125,0.763077,0.26286566,-0.13978486,0.42076987,-0.17175877,-0.3039684,0.4089342,-0.034694783,0.25265947,0.32246327,-0.21550678,-0.110644415,0.13609302,-0.27067438,-0.16173823,-0.5300526,0.051856194,0.17231034,0.021173887,-0.08038244,-0.59812635,-0.027138239,0.38830653,-0.2397947,-0.23429796,-0.14129315,-0.917186,-0.18402123,0.0631594,0.068352304,-0.038089775,-0.2743236,-0.065569565,0.02971291,-0.10333967,0.0027188624,-0.29486468,0.03197366,-0.1764542,-0.2883973,0.1040543,0.18322133
360,negative,-0.06353352,0.061740205,0.28833264,-0.124146126,-0.085578255,0.089331195,-0.17541435,0.0073945085,-0.028472781,0.26635015,0.013796037,-0.084248,0.04294504,0.026661018,-0.08898089,-0.09814602,0.19800258,-0.034937844,-0.33565423,0.03596016,0.161986,-0.15477316,0.14970069,-0.11095597,0.10066945,0.017827122,-0.1865484,-0.13768895,0.12106098,-0.12692234,0.03604689,0.2545449,-0.11803772,0.016524266,-0.02082337,0.07541637,-0.05395342,0.103237726,0.20095919,0.10920092,-0.20574106,-0.17817724,0.16203031,-0.20908141,0.020251231,-0.09695173,0.04403356,0.008587404,-0.09516377,-0.5587491,0.041780714,0.025563773,-0.013490929,0.92963696,-0.03614108,-1.5493819,0.026632268,-0.013814045,1.2265214,0.15382549,-0.113156125,0.32661185,-0.21986997,0.022784311,0.44283935,-0.013557154,0.10163103,0.104038045,-0.03765119,-0.034806293,0.072707914,-0.30986586,-0.05789931,-0.3009958,0.15563884,0.102036655,-0.057850912,0.2087413,-0.5486668,0.119884886,0.5461408,0.040877033,-0.10757543,0.035946306,-0.87527007,-0.11572102,-0.0658641,0.1460894,-0.048761565,-0.27748305,0.15363818,-0.1789192,-0.21318868,-0.010533658,-0.37105453,0.047763422,-0.11224372,-0.067599855,0.27628163,0.09481436
361,neutral,-0.2324646,0.063114636,0.72642684,-0.15521291,0.22442412,-0.7749837,-0.044590876,-0.31490055,0.0044773193,-0.28709808,0.16795345,0.14211805,0.12812299,-0.09286941,0.076203905,0.38447568,-0.07517059,-0.19414468,-0.44997975,0.24585094,0.34718838,-0.7994033,-0.4048156,-0.05741838,-0.31707206,-0.14073044,0.4002758,0.2518651,-0.47799826,0.35907567,-0.23158123,0.23925425,-0.8749669,-0.13863723,-0.41334352,0.07315544,-0.06726875,0.76750535,0.055240244,-0.15199403,-0.6166884,-0.049644947,-0.5458809,-0.1316843,-0.8464584,0.19848095,0.42297804,-0.57114094,-0.11628719,-0.7293617,0.54799855,-0.4248366,0.07292293,0.2338289,0.25243753,-1.6852525,0.052996702,-0.27740464,0.850135,-0.0889235,0.12329322,0.38438183,-0.40085837,-0.3118684,0.3359518,-0.60259014,-0.11256217,-0.16988851,0.6340996,0.32474077,0.076130696,0.5560601,-0.38518894,-0.7597756,-0.037732963,0.26984927,0.3361834,-0.54371655,-1.0765364,-0.6039764,0.5536121,0.75255144,-0.21989371,-0.16639002,-0.6685523,-0.5509252,0.3257658,-0.10963901,0.003708701,-0.19430032,0.44570616,-0.19629678,0.26648054,-0.56372046,0.14246304,0.39915344,0.083365224,-0.97233534,0.28247824,0.9028508
362,neutral,-0.0997982,0.38603905,0.2728378,-0.20928049,0.1061722,0.00622426,-0.063900545,0.20837352,-0.16356899,0.05271873,-0.09196963,-0.026407909,0.3687476,0.11316144,-0.061443783,-0.0363665,0.13662538,-0.16976808,0.021542279,-0.14437218,-0.05021769,0.01857193,0.027411742,0.2643339,0.32351547,0.010998112,-0.046298184,0.13378964,0.3457237,-0.06454415,-0.03350812,0.1287261,-0.07017925,-0.048520908,0.11319485,0.015306494,0.043148227,0.20711438,0.030273214,-0.090313874,-0.23183519,-0.1794127,-0.2576982,-0.023711214,0.0518306,-0.22809492,0.02669998,0.030142346,0.19935346,-0.27090272,0.08040789,0.024548834,0.057049707,0.68090427,-0.26672852,-1.7529986,-0.056208245,0.10756908,1.1112574,0.40941492,-0.13697027,0.42481786,-0.26398653,-0.1408849,0.59934676,0.26311582,0.15193713,-0.24968803,0.40583313,-0.1626052,-0.0922473,-0.040836856,-0.04745029,-0.16289583,0.109576814,-0.15655814,0.087041,0.047715906,-0.18990481,-0.123268865,0.3435001,0.077214636,-0.34649968,0.0638086,-0.5901983,-0.07164064,-0.13763168,-0.21407166,0.18593629,0.08222891,-0.020032343,0.043327495,-0.12381348,-0.058687232,-0.31506827,-0.1501455,-0.020859763,-0.06819756,0.4068909,0.21678051
363,negative,-0.13201351,0.0037047353,0.35862482,-0.22212334,-0.23502024,0.16549842,-0.19948632,-0.11499152,-0.04404269,-0.003056237,0.12710328,0.109934874,0.11712056,0.07900041,-0.12614612,-0.05638541,0.15436326,0.29890153,-0.33761805,0.42868888,0.3186653,-0.15136673,-0.05214631,-0.032988768,0.2094616,0.39035666,-0.19024865,-0.26257688,0.24445115,-0.09291252,0.056090187,0.32455242,-0.12187081,0.00740266,-0.045114107,0.19419084,-0.17426012,0.17755215,0.10549764,-0.17047244,-0.06280076,0.029838035,-0.028212406,-0.19214503,-0.19497389,-0.07380616,0.01006703,-0.08963528,-0.110452786,-0.4341986,-0.05956533,-0.23945978,0.031248251,0.6951007,-0.1285808,-1.3026906,0.17185128,-0.05876623,0.73046434,0.23585689,0.11708307,0.3686901,-0.16630886,-0.029006107,0.42051452,-0.009727828,0.39093634,0.2055947,-0.10399298,-0.16608118,-0.104664125,-0.10140642,-0.28475586,-0.36116493,0.09593284,0.18754408,-0.090713024,-0.035617493,-0.44161344,0.16495264,0.39970565,0.13736625,-0.20201185,-0.096441254,-0.7410115,-0.053973768,-0.08718387,-0.04541659,-0.08290579,-0.23454398,-0.025799952,-0.2881102,0.038958672,0.029546304,-0.30581087,-0.25409976,0.089731716,-0.25596768,0.21671562,0.10418872
364,negative,0.32149374,0.47027773,-0.03278461,-0.20263408,-0.12483835,0.55838645,-0.66225845,-0.5651696,0.094999716,0.5907562,-0.14868245,-0.14630528,0.5173869,-0.29981413,-0.14860298,0.095247015,0.048542082,-0.12246838,-0.61146086,0.16858873,0.34756863,-0.12795098,0.46952686,-0.08836318,0.19164352,-0.07690837,-0.15619949,-0.16859275,0.40221223,0.06596644,0.12944578,0.06554382,-0.20552811,-0.09220683,-0.17006318,0.15924959,0.16749418,0.109978676,-0.4579429,-0.03647608,-0.77266634,0.28476,0.34629163,-0.12335178,0.26661202,-0.5980795,0.77508664,0.32359704,-0.06771401,-0.49776015,0.08098126,0.12527722,-0.16908853,0.69346654,0.09993619,-1.1354916,0.4510603,0.015382445,1.1926048,0.18120392,0.0969115,0.17971054,-0.05398396,-0.3962471,0.63742375,0.21995126,0.049605228,-0.026187161,0.39857855,-0.2760329,0.27771145,-0.5693599,-0.25927606,-0.21762618,-0.26835766,-0.28646648,-0.019839501,-0.13752355,-0.4692719,0.38942263,0.5968891,-0.005812802,-0.13965218,0.34761843,-0.7475584,0.1795538,-0.43622264,0.38218886,0.15519518,-0.22958504,-0.09975304,-0.09261929,0.16080494,0.092906885,-0.4401735,-0.4859639,-0.21241061,-0.58969694,0.124455504,0.40434813
365,neutral,-0.080318704,0.5221188,0.51758814,-0.15617962,-0.15132508,-0.3225025,-0.086024955,0.13066132,0.06315939,0.19451492,0.15107536,-0.071182944,0.11140953,0.06460834,-0.10188528,-0.30368182,0.11774624,0.16093639,-0.5943818,0.066477574,0.19747837,-0.06100972,0.08594233,0.1630021,-0.024350638,0.052021064,-0.18606631,-0.1728848,0.2661701,0.07765462,-0.2066145,0.43064773,-0.05296427,-0.053910814,0.30865753,0.25251302,0.01535181,0.00453826,-0.0061196936,-0.105971545,-0.32034448,-0.14305307,0.22423345,-0.3914472,0.110390164,-0.3155398,0.16035694,-0.34476593,-0.06690928,-0.74469393,0.27698714,0.28514022,-0.0029326882,0.9530096,-0.10743247,-1.9427994,0.16506845,-0.23862182,1.5116086,0.3333288,-0.06547933,0.516244,-0.18486069,-0.011417133,0.6173465,0.2877996,0.18858299,0.32592586,-0.041633,-0.112374425,0.39582515,-0.45747265,-0.10272045,-0.1559505,0.089889,0.0068718423,-0.011886762,0.14588071,-0.88972294,0.112714544,0.7919497,-0.13096935,-0.42649823,0.05406426,-1.2601585,-0.093055844,0.021293752,0.18015127,-0.21193062,-0.20409074,0.013233201,-0.020829799,-0.09502482,-0.13233046,-0.6858251,0.1352807,-0.012451604,-0.038698006,0.4208283,0.19096638
366,neutral,-0.098301575,0.23967919,0.26738057,-0.0379466,0.06845187,-0.07649726,0.002696295,0.26964417,-0.33267725,-0.07793919,0.16157675,-0.06365949,-0.049714796,0.07835932,0.21101175,-0.3105449,-0.21415608,0.0010924767,-0.18912876,-0.010721605,0.4543974,0.11112221,0.26308766,0.19684197,0.3167471,-0.20725481,-0.044038724,-0.13522775,0.21363461,0.043806385,-0.14246546,0.3278298,-0.09593132,-0.108095326,0.17444022,0.12488324,0.100985505,0.026800707,-0.15844919,-0.15239331,-0.14662606,-0.3787029,0.10432338,-0.052373692,-0.032823496,-0.1845576,0.15173236,-0.32072285,0.14912781,-0.60367316,0.057261053,-0.115475394,0.028041136,0.74297374,-0.210836,-1.874835,-0.20551804,0.076507665,1.3751299,0.3052797,0.036991965,0.35204318,-0.271376,0.20267843,0.3333782,0.08719141,-0.0725472,-0.074587084,0.17605951,-0.13155012,-0.0701433,-0.17336076,-0.017004298,-0.05882396,0.20502637,-0.08532167,-0.08193364,-0.1345824,-0.3933317,0.042908847,0.4732956,0.02017128,-0.36918378,-0.061080586,-0.7659563,-0.19094902,0.07629544,-0.048941668,-0.0772364,-0.18078798,-0.0012195256,0.04527276,-0.11212554,0.0040612505,-0.51680875,-0.0006581505,-0.017991137,-0.06577621,0.5012694,-0.14245485
367,negative,0.018249337,0.14245826,0.46065778,-0.14023672,-0.3401132,0.258325,-0.18786801,0.09873203,-0.0025455414,-0.10855896,-0.025646746,0.051033154,0.075100474,0.00823319,0.10778246,0.0017813154,-0.11767932,0.1564849,-0.27632788,0.13445567,0.32430953,0.08167807,0.10728801,-0.35604766,0.06897633,0.09985016,-0.21549235,-0.37764257,0.15239966,-0.19393861,0.111294664,0.32993668,0.12463926,0.029594611,0.030129123,0.1351323,-0.15470347,0.019348398,0.2413536,-0.10657232,-0.43766373,-0.102630615,0.010632804,-0.392486,-0.16754784,-0.22048141,0.12655628,-0.2339441,-0.028106347,-0.6653809,0.0024924695,-0.15754883,0.08304798,0.69827485,-0.19868995,-1.5865915,0.19993785,-0.03692154,1.0339104,0.3045629,-0.037184566,0.5297887,-0.1956409,-0.049160212,0.52089834,0.0968785,0.38918707,0.09282381,0.004957067,-0.22998601,0.13479312,-0.2937608,-0.06258347,-0.18097404,-0.010470248,0.14112076,-0.13635238,-0.09470604,-0.46119955,-0.10734382,0.3560014,-0.07937465,-0.337987,-0.14696588,-0.9587881,-0.20114854,-0.04042378,-0.031213794,-0.09115,-0.3076464,-0.15921468,-0.014888849,-0.0896945,0.006943489,-0.33330855,-0.073599555,0.013898484,-0.16928284,0.26165017,0.09141961
368,negative,-0.1360427,0.2831912,0.29342675,0.09204453,0.03447777,-0.14574477,-0.16628502,-0.025035081,0.10715134,0.07754284,0.015001126,-0.011911051,0.1284308,0.07019427,-0.031849757,-0.1752664,0.15750682,-0.11836987,-0.37627795,0.06442743,0.1621396,0.05882273,0.16193084,0.010009574,-0.041969713,0.024502832,-0.14980173,-0.19697538,0.33895633,-0.13334627,-0.023254786,0.26592702,-0.12972079,0.009866641,0.011632287,0.23833495,0.16168474,-0.11519474,-0.14861013,-0.01590495,-0.42987302,-0.14402372,0.11548285,-0.15883932,0.22651532,-0.05058948,0.20314075,-0.0087366365,-0.18526992,-0.42322084,0.060711723,0.20275447,0.08075668,0.6853491,-0.09672905,-1.6102974,0.025351776,-0.36574024,1.0909075,0.28188133,-0.11749769,0.2189215,-0.106365375,-0.13294056,0.45783398,0.008485302,0.028651727,0.25448918,0.12762025,0.0039436114,0.098667994,-0.20468573,-0.22101653,-0.31482753,0.14074446,-0.053375147,-0.04371164,0.08878389,-0.5899196,0.07496677,0.57832396,0.008298597,-0.3107409,0.13930947,-0.8247663,-0.15223445,-0.058074255,0.2624971,0.12861337,-0.34469005,-0.1490256,-0.044114348,-0.1248842,0.019851437,-0.39514217,0.05064798,-0.07514688,-0.25210544,0.3388827,0.12626085
369,negative,-0.12056419,0.14672719,0.32795507,-0.057738427,-0.033321474,-0.2105905,-0.19038977,-0.05543466,0.12548219,0.065032855,-0.056667794,-0.07909172,0.2522885,-0.040919617,-0.096040145,-0.078066915,0.049921937,-0.04190115,-0.29010853,-0.011852522,0.17745222,-0.22122198,-0.028043857,-0.20508398,0.16316518,-0.004501613,-0.08323583,-0.14373937,0.14206924,-0.14824204,0.024328219,0.38372174,0.002166213,-0.033370465,0.032467715,0.1231775,0.16648018,-0.032612637,-0.07524326,-0.1495153,-0.45803136,0.017773246,0.11564649,-0.12584822,-0.112930804,-0.07809387,0.30581096,-0.011099864,-0.18104975,-0.5925924,-0.15769601,0.07927078,0.050020304,0.73095584,-0.010216553,-1.6180031,0.06377174,-0.26169252,1.1267132,0.25126085,-0.051568203,0.41461888,-0.3109363,-0.24056017,0.5280418,0.070794456,0.103119984,0.13252355,-0.053079117,-0.22241552,0.20594084,-0.20781933,-0.24378894,-0.34370422,0.110162675,-0.08363995,-0.09544735,-0.03284149,-0.6399527,0.05350514,0.4229817,-0.030926617,-0.27875814,0.04333601,-0.87342924,0.042949133,0.08052155,0.05071548,-0.1422553,-0.29248402,-0.093286216,0.047314554,-0.21649471,-0.12084517,-0.2794143,0.12294294,-0.03814166,-0.21864139,0.37472424,0.1984068
370,negative,-0.07891561,0.21792322,0.3196755,-0.32697296,-0.5154769,0.50488,-0.2749544,0.2093887,0.149722,-0.028054466,0.101010315,0.05135967,0.058600392,-0.011930587,0.12378191,-0.22362009,-0.20602013,0.34731632,-0.3170124,0.2556434,0.13307986,0.036856603,0.0569022,-0.12147396,0.053530883,0.19647701,-0.090908535,-0.3346692,0.33666265,-0.20711805,0.05759308,0.18750423,0.024727099,0.12473451,-0.18428758,0.17627741,-0.01643343,0.07371622,0.22615954,-0.25907144,-0.16355848,-0.0497389,-0.23447548,-0.3855089,-0.19338456,-0.07610122,0.1373752,0.091828525,-0.058688294,-0.84473693,-0.15737237,0.0019182041,-0.061922267,0.7275063,0.106066026,-1.4884665,0.20308466,-0.02402959,0.99799716,0.113382444,0.16865984,0.5721049,-0.34768894,-0.111842565,0.45951188,0.3005411,0.3820956,-0.030824631,0.023249615,-0.2304499,-0.0049657994,-0.17572421,-0.031242598,-0.21698576,0.09942251,0.104279995,-0.21838595,-0.034182362,-0.18652616,-0.088129096,0.31840497,2.0927318e-05,-0.42415336,0.16374592,-1.147329,-0.11427068,0.014992118,0.1418782,-0.29792118,-0.18006475,-0.014437245,0.006299992,0.12111883,-0.07739799,-0.23362365,-0.10992132,0.10564897,-0.09931188,0.28084856,0.10643413
371,neutral,-0.37399933,-0.028878905,0.34055176,0.21035966,-0.12113709,-0.11671991,-0.27161717,0.09277453,0.07051709,0.29751024,-0.20596497,0.0018311846,0.26059315,0.13951872,0.113657735,-0.33311817,-0.10918732,-0.19658257,-0.5489684,0.037348665,0.32646668,-0.11274848,0.25835118,-0.087091975,-0.021980552,-0.032427132,-0.18626212,-0.14169443,0.274105,-0.002382206,0.04163262,-0.16238071,-0.018043954,0.045456883,-0.13354209,-0.13477494,0.20074183,0.14746149,-0.07284584,-0.03252023,-0.6005201,0.0077412715,0.17472576,-0.29398632,0.21077189,0.057135504,0.331804,0.04331484,-0.20094566,-0.25714678,-0.17843044,0.010007662,0.10889916,0.7975498,-0.036267854,-1.4854562,-0.16637807,-0.34460708,1.1695057,0.22307655,0.0018943009,0.22184683,-0.10155752,-0.21626806,0.6663554,0.07304243,0.12911645,0.025865763,-0.03954928,0.02849966,0.19286558,-0.36445197,-0.3255432,-0.43392557,0.16844825,0.083281666,-0.12530385,0.16244888,-0.5124762,0.15390772,0.5147746,0.18545367,-0.13879393,0.03815165,-0.536156,-0.075243555,-0.07761697,-0.1707984,0.144948,-0.2955252,-0.047750182,0.080884784,-0.2153822,0.19600388,-0.3129872,0.19122612,0.06738227,-0.10585529,0.502047,-0.036624994
372,neutral,0.0009647817,0.07996194,0.18828458,-0.2362066,-0.055444133,0.010381239,0.107232444,0.30094093,-0.018711073,-0.16324423,0.15736261,-0.09234152,0.051474087,0.1851741,0.10828712,0.002062512,0.26452368,-0.010441394,-0.42471075,0.07556541,0.16441129,-0.060518302,0.15956883,0.115570076,0.24214439,0.0074982657,-0.21690577,-0.37540442,0.36272493,-0.19052221,0.16205293,0.43818673,-0.046739675,0.12050026,-0.14067811,0.09060076,-0.15989196,0.06315787,0.09931909,-0.121661596,-0.36723888,-0.36492243,0.21773872,-0.026681598,-0.07597249,-0.21543786,0.073508255,-0.23964995,0.026128577,-0.76071924,0.2169307,-0.17498569,0.17943783,0.89242274,-0.27456516,-2.0671737,-0.2231104,-0.07420645,1.1545259,0.32736337,-0.16769065,0.6663594,-0.12877713,-0.24279563,0.55905724,0.11830592,0.24617124,0.37347355,0.022800297,-0.13754153,0.08188945,-0.14874686,-0.4147053,-0.23727392,-0.09315844,0.2988567,-0.049301226,-0.021014094,-0.7412991,0.034264192,0.28144348,-0.044128887,-0.21054463,-0.057621904,-0.81303537,-0.25285664,-0.010921908,-0.10863676,-0.004121415,-0.29456067,0.053675696,-0.11709436,0.17521022,-0.021575343,-0.7794401,0.053965937,0.15627699,-0.036005095,0.20143259,0.11048824
373,neutral,-0.18389481,0.15681222,0.24748251,-0.21700144,-0.4463105,0.05621363,-0.28657284,-0.081499115,-0.021292657,0.1806721,0.0030266314,0.000609838,0.27474976,-0.059697337,-0.011667445,-0.06602246,-0.09564792,0.033312973,-0.4449861,0.24965575,0.24947257,-0.038043384,0.02606676,-0.13126716,-0.08222924,0.12608284,0.025845045,-0.22036053,0.26363242,-0.15444402,-0.061472487,0.33776024,-0.12656458,0.02498939,0.02550945,0.118063584,-0.1125188,-0.09412847,0.07473779,-0.02170572,-0.4233881,-0.06527242,0.19318564,-0.13849016,0.10964691,-0.21051492,0.12780625,-0.16365086,-0.25794142,-0.64842546,0.17574586,0.11061555,0.12645832,0.7262838,-0.14634739,-1.2780708,0.12822652,-0.2247514,1.1373711,0.14384797,-0.021727508,0.48738566,-0.058414124,-0.21757087,0.48244318,0.014957356,0.04156443,0.34951845,-0.11299541,0.01791065,-0.03739875,-0.27230865,-0.23268302,-0.3798725,0.05105571,0.17364441,-0.032583922,0.016946185,-0.59984845,0.10899872,0.5453706,-0.1726056,-0.24361211,-0.026786443,-0.88792217,-0.27449188,0.06507882,0.14756522,-0.13029206,-0.27388167,-0.038221683,-0.06460693,0.015979096,-0.12180985,-0.31176263,0.21452923,0.17427272,-0.050551634,0.18109338,0.12925182
374,neutral,-0.051530298,-0.119635545,0.18224049,-0.059100788,0.095293775,-0.36963388,0.0027442528,0.28902498,-0.13763355,0.08332467,0.16312021,-0.039541647,0.29270825,0.022029957,0.1564639,-0.3052019,0.17207953,-0.36522275,-0.35718173,-0.17155997,0.57229686,-0.10124821,0.14402075,0.0038790873,0.24368642,-0.15500529,-0.31973898,0.064315826,-0.0069218855,-0.10140246,-0.4042826,0.18853964,-0.027558286,0.15180187,0.08216798,-0.0011655899,0.056277175,0.17618564,0.06603226,0.24431664,-0.38569614,-0.50611967,-0.058996763,0.026984055,0.3276004,0.1933391,-0.08196531,-0.33526805,0.031423774,-0.28568408,0.4652447,0.021398388,0.054269727,0.8200219,-0.1840993,-1.796181,-0.053642016,-0.25449193,1.9512461,0.6495442,-0.45277894,0.36846793,-0.080117576,-0.11284668,-0.056515995,0.18785143,-0.08889123,0.13067761,0.31842968,0.076530375,-0.16074274,-0.19416922,0.35761756,-0.29687828,0.20028815,0.1307243,-0.05561967,0.020241076,-0.7645406,0.032825228,0.53998095,0.11216536,-0.1501401,0.20914629,-0.9095602,-0.28368914,0.26918885,-0.10330973,0.088737555,-0.17705774,0.12118327,0.15947531,-0.28943434,-0.11186561,-0.31642422,0.43794334,0.048479702,-0.23407595,0.46722335,-0.03102113
375,neutral,0.17684184,0.33105984,0.3620763,-0.3536066,-0.2865609,0.19897422,-0.21027355,-0.29683468,0.18778262,-0.3253691,0.11103926,0.29123947,0.34229794,0.060683906,-0.071709,-0.18799438,-0.047969617,0.37185162,-0.38061255,0.24793543,0.31350613,-0.24547516,-0.16848305,-0.08681151,0.11253898,0.23618338,-0.064668834,-0.6284316,0.06920992,0.019802568,0.28434876,0.60931593,0.12929142,0.14372425,0.058242332,0.18977337,-0.08252825,0.20036103,0.26703346,-0.31180993,-0.48596,0.15233913,0.4486493,-0.49968013,-0.44982693,-0.30631748,0.15502752,-0.1992872,-0.17105098,-0.47930548,0.3428083,0.28517795,0.091081955,0.74946916,-0.2181841,-1.7963306,0.18274122,-0.043740693,1.1113251,0.50812334,-0.082894444,0.6180543,-0.3275871,0.04553544,0.9530786,0.16311108,0.6062064,0.32122853,-0.44116104,-0.1223025,0.12603892,-0.09397784,0.01708949,-0.3641309,0.20958129,-0.15409042,-0.13875677,-0.25724134,-0.45467478,0.026860517,0.3068008,0.24156433,-0.7401141,-0.13450241,-1.0904597,-0.39378974,-0.059425954,0.24995379,-0.05596456,-0.34481984,-0.27128577,-0.36230025,-0.01157741,0.18596613,-0.05958265,-0.043035984,0.0018592569,-0.26573256,0.16634701,-0.019086448
376,neutral,0.17240219,-0.0049790023,-0.2613726,-0.38780394,0.482811,0.3078626,0.022004604,-0.010437147,-0.21924238,0.18612893,0.041999593,-0.17905596,0.18520841,0.31313536,-0.14141622,0.29975447,0.022236295,-0.17982133,0.051207077,-0.14549358,0.3908584,-0.2403118,-0.0014901869,-0.5474184,0.16652319,-0.23651384,0.11556079,0.0102329645,0.3749021,0.11590554,-0.01802676,0.30695465,-0.06696729,0.09321602,-0.13858767,-0.13862346,0.30238417,-0.030466568,0.0995276,-0.43785444,-0.043624707,0.02414247,0.093529,0.28058925,0.03719514,-0.2302788,-0.043960307,-0.20444673,0.17830457,-0.11485554,0.22567233,-0.20681234,0.33041176,0.36206433,-0.26467714,-1.6789838,-0.30765995,-0.041653644,0.47760183,0.24948667,0.3149219,0.42034015,-0.46542576,0.092854775,0.68211323,-0.10921392,0.18012388,0.20027421,0.35671395,-0.024220549,-0.07462463,-0.1537797,-0.47950643,-0.16650732,-0.27304927,-0.29825774,0.3813916,-0.2759841,-0.40051967,-0.021505574,0.1287037,0.11810974,0.4587933,-0.16982864,-0.7227989,0.0015477217,-0.21458066,-0.17365122,0.11764061,0.14691533,-0.18529128,-0.124770395,0.21283513,0.1911192,-0.20689288,-0.21518771,0.10549923,0.03425157,0.3576698,0.06120994
377,neutral,-0.09434938,0.2842607,0.4366645,0.3009449,0.12939407,-0.34445375,-0.23776942,-0.0065652356,0.0073725604,0.4904587,0.18188967,-0.26973128,0.10444345,0.398222,-0.29598698,0.12920116,0.095134184,-0.19516146,-0.49961388,0.17434889,0.02810301,-0.28027365,0.2818781,0.040389128,-0.3094766,-0.104679815,-0.33981332,0.039748494,0.3426186,0.16132993,-0.17115267,0.23877235,-0.31962726,-0.075192735,0.045615498,0.07014351,0.13809013,0.12539084,0.09127256,-0.045929775,-0.29864815,-0.058200967,0.21183057,0.06598439,0.24081172,-0.43119875,0.20060553,-0.27368835,-0.19052857,-0.5367883,0.28117305,0.18573557,-0.04127617,0.9611202,-0.18603006,-1.8154114,0.014364366,-0.39553356,1.3976324,0.51231176,0.08939374,0.25779122,-0.08596145,0.06599736,0.40693596,-0.15365247,-0.048871737,0.50362927,0.22368415,0.30587465,0.2845648,-0.5082407,-0.00755685,-0.29165614,0.17268491,0.025512278,-0.121500246,0.030476721,-0.77895623,-0.099046834,0.84484226,-0.066961326,-0.18245694,-0.18886653,-1.251087,-0.017687459,0.2442348,0.24032898,-0.067180745,-0.17498845,-0.060169436,0.03135058,0.022754466,-0.21903647,-0.30152628,0.15165697,-0.40987253,-0.4968289,0.290207,0.07967744
378,neutral,-0.043918844,0.14097078,0.5752339,-0.38171878,-0.027184512,-0.101788536,0.029296335,0.1665998,-0.17119448,0.08335987,0.3181256,0.06832002,0.10241649,0.21182832,0.0034946792,-0.3932947,0.17407724,0.031146824,-0.040232543,0.41132873,0.41050535,0.009562391,0.20591258,-0.09826565,0.4016476,-0.018054971,-0.42182574,-0.20645875,0.37690565,-0.14785732,-0.20313244,0.19488987,-0.024890842,0.25385493,0.2729699,0.055191316,-0.010774789,0.35941032,0.16979179,-0.3552921,-0.25883862,0.0017568194,-0.13214801,0.0337641,0.18165928,0.09764315,-0.034575664,-0.078206174,0.29892045,-0.37901065,-0.19905372,0.057471283,0.2364592,0.48994014,-0.21823473,-1.803682,-0.3197885,-0.08231016,0.95658827,0.70981234,-0.23107561,0.74892956,-0.33511165,0.021647176,0.21517421,0.14276963,0.1024522,0.24346948,-0.056325205,-0.19396596,-0.052991986,-0.032195963,-0.14020461,-0.11150165,-0.15073384,0.101501524,0.0998689,-0.0800255,-0.39921606,-0.09446486,0.27441302,0.04305662,-0.013846093,0.23413658,-0.69090956,-0.4747743,-0.17269184,-0.080880284,-0.34309226,-0.11191765,-0.050004795,-0.0121490555,0.005731058,-0.06737402,-0.34663853,0.090808995,-0.024757147,0.0248901,0.34825325,0.19089907
379,negative,-0.0427389,0.22285159,0.11796035,-0.19515714,-0.023669314,0.21035726,-0.086266436,0.1738301,-0.08396028,0.26730776,0.02366139,-0.0074356017,0.2459503,0.30993596,-0.029162511,-0.16432731,0.10679496,0.014642029,-0.42468828,0.23925123,0.35740775,-0.2907933,0.108117945,-0.03484858,-0.019454304,0.0013803012,-0.30769855,-0.3006448,0.15098281,0.07521129,-0.13082924,0.36500496,-0.048328113,0.005164684,0.108575776,0.061270658,-0.17034134,0.12126932,0.27311194,0.038866196,-0.3243021,0.032038465,-0.09607601,-0.23848829,0.2573537,-0.05028803,-0.097854495,-0.18481383,-0.14825721,-0.4613618,-0.10899977,-0.08657041,-0.10785956,0.85730183,-0.10771829,-1.7045996,-0.1879572,-0.1554031,1.4074615,0.39825144,-0.011595954,0.47512478,0.017055819,-0.10648704,0.49545154,0.017861145,0.18916407,0.17771938,0.0077412133,0.05422001,-0.038964935,-0.2881667,-0.2204127,-0.27696985,0.104304105,0.23216456,0.013364443,-0.019134074,-0.5436395,-0.13526307,0.6175573,0.06331808,-0.3184533,-0.14627713,-1.0281221,-0.21011779,0.15671031,-0.049414936,-0.07663416,-0.13887662,0.013336032,-0.10653742,-0.008251519,-0.16968992,-0.44580293,0.077407055,-0.09427695,-0.18854547,0.17606643,-0.013347674
380,negative,-0.062212624,0.1545259,0.29665774,-0.11757939,0.09696592,0.027221799,-0.06688969,0.03418143,0.19992536,-0.01942358,-0.08141973,-0.09515461,0.23670432,0.21692298,0.08649418,-0.16416396,0.02009645,-0.092363186,-0.36151993,0.003661946,0.23781861,0.053036645,0.081904046,-0.08563962,0.2593328,-0.0620911,-0.12619214,-0.34157094,0.19671309,-0.07701638,0.10139548,0.30031767,-0.002878491,0.002126629,-0.032002926,0.15418951,0.049895607,0.040535294,0.0016315549,0.0005696142,-0.48086047,-0.117804214,0.25417867,-0.18142124,0.06605078,-0.19513147,0.16140136,-0.026141148,-0.08800906,-0.557874,0.08748804,-0.057145514,0.14579923,0.92035794,-0.19656602,-1.9050196,0.025465677,-0.21933545,1.2456743,0.32067505,-0.094306044,0.6314398,-0.09316292,-0.1646098,0.4593981,0.10605243,0.33386695,0.27680114,-0.103266954,-0.014062435,0.14827289,-0.3795095,-0.26389703,-0.24475747,0.005421815,-0.040191576,-0.10485525,0.1328512,-0.61602545,0.037587494,0.59460664,0.047195967,-0.27838117,0.117511176,-1.0623839,-0.1110922,0.088555865,0.10559002,-0.058577098,-0.23507829,0.011949308,-0.10967283,-0.12996376,-0.0147280535,-0.454329,0.09554483,-0.09396919,0.046200093,0.45394236,0.09577532
381,neutral,-0.011082875,0.4712484,0.54083085,-0.24081779,-0.42876187,0.14038686,-0.32288283,-0.3959471,-0.017599061,-0.1039559,-0.113343775,-0.1565293,0.27870965,-0.335564,-0.5895282,-0.3648612,0.42738098,0.13867861,-0.42535496,0.34723794,0.2646009,0.29543698,-0.19131643,-0.48301142,0.45657274,0.030627085,-0.050777968,-0.4520115,0.45606187,-0.14456378,-0.34275514,0.49028763,0.4109014,0.031616285,0.1350232,-0.09543372,-0.319499,0.3539934,0.34738106,-0.1677975,-0.4441353,-0.15545575,0.35242164,0.024795543,-0.18841143,-0.25753766,0.57218736,0.10955426,-0.39512774,-0.9556432,0.07334214,-0.18662505,0.42097354,0.6590389,-0.17398767,-1.5783205,0.07760105,-0.1089146,1.2835506,0.13915549,0.13135989,0.53793144,-0.16473524,-0.4168859,0.80113465,-0.38742688,0.35834402,0.7831228,-0.13298155,0.11800666,0.3628278,0.110372946,-0.33309975,-0.15480539,0.22817671,0.33214203,0.024438584,-0.16750707,-0.7651516,-0.30393595,0.026615938,-0.19866073,-0.0151269175,0.2483769,-1.214124,-0.392644,-0.4151308,0.11089255,-0.26959372,-0.7268591,-0.20947012,-0.10592155,0.17907822,0.0285061,-0.7382426,0.09321502,-0.5799846,-0.44052225,0.060483135,0.66800356
382,negative,-0.23984507,0.27348393,0.19701363,0.049370036,0.08058661,0.029177448,-0.2595559,-0.026283799,0.10262866,0.19926727,-0.2842432,-0.07389272,0.22002117,0.044012647,-0.040514164,-0.108271204,-0.019389823,-0.11906044,-0.39337212,0.022682138,0.33808908,-0.09042561,0.25222602,-0.08343229,0.105176516,-0.16682869,-0.026329603,-0.33576867,0.09239468,-0.04806427,-0.026040608,0.32003152,-0.14124782,-0.06737971,-0.024510944,-0.0068604145,0.11399504,-0.08392314,-0.0716975,-0.05578867,-0.506752,-0.10098292,-0.0801985,-0.24732,0.13797781,-0.114551164,0.3555426,-0.1484422,-0.18898898,-0.6100053,0.07627239,-0.050035957,-0.122628376,1.0422132,0.15064177,-2.1240273,0.024335874,-0.2666265,1.436751,0.40753174,-0.12629297,0.45656756,-0.10460121,-0.24003136,0.8063936,0.20194568,0.218255,0.017006515,0.33854157,-0.08629238,0.1448219,-0.2356919,-0.3041582,-0.13012423,0.17756024,-0.17288457,-0.10036597,0.07709278,-0.79512703,0.050361462,0.6542544,0.053072125,-0.3587826,0.06461324,-1.1475801,0.08652754,-0.114954256,-0.08419302,-0.14426617,-0.3293546,-0.10773255,0.07024085,-0.24576083,-0.102019526,-0.4446394,0.04545626,-0.0045788,-0.19186747,0.4827854,0.16402775
383,negative,-0.389238,0.07212051,-0.3724065,-0.2330231,0.30900672,-0.09602253,0.32641923,-0.017186642,-0.034731954,0.09519563,0.23486461,-0.33242208,-0.015141743,0.1908533,0.09880539,-0.21039633,0.43219358,-0.67659986,0.24490304,-0.66938347,0.0660616,0.1525445,-0.18123044,0.20289303,0.48683438,-0.37658244,-0.1603724,-0.3169886,-0.20982976,0.1572932,0.20072888,0.3752082,-0.49801615,-0.09511121,-0.612583,0.20412412,-0.06123628,-0.24217713,-0.2831991,-0.3629517,-0.40654778,-0.33759952,-0.29257742,-0.009835944,-0.39882967,-0.4142447,-0.15718207,-0.36079934,-0.19019876,-0.8284301,0.38357437,0.21633448,0.56642795,0.9538355,-0.34089756,-1.8896078,-1.0982925,0.18914883,1.8761408,0.3716794,-0.31090984,0.6620689,-0.57595843,0.06794319,0.6379568,-0.40086067,0.43150356,0.43322524,0.006601594,-0.3331074,-0.22840635,0.44125977,-0.062733464,-0.26026475,-0.13969295,0.49555132,-0.12887703,0.31589404,-0.94271106,0.36043555,0.42055064,0.07625547,-0.20816621,-0.05106432,-0.8734176,-0.64979535,0.11377063,-0.21361546,-0.059389777,0.044876512,0.41969198,-0.023529012,0.13599123,0.5329732,-0.85377544,0.124628775,-0.13211845,-0.28142735,0.4791749,-0.15884717
384,neutral,-0.04747794,0.1723877,0.23607475,-0.17971706,-0.22399653,0.14480908,-0.1417936,0.19576442,0.08379682,-0.19495735,-0.028179787,0.09815345,0.1380075,-0.002767584,0.1587411,-0.03098151,-0.15019514,0.19298348,-0.14831759,0.22945066,0.22966333,-0.08093509,-0.030104177,-0.12825787,0.013759186,0.15919822,-0.17197323,-0.47789645,0.41348317,-0.11535878,-4.7128808e-05,0.29729518,-0.07989613,0.18586417,-0.055452432,0.17748639,-0.10474448,0.1625799,0.009835453,-0.2252008,-0.18210387,-0.16776453,-0.13934699,-0.26219463,-0.1552398,0.010441107,0.13591208,-0.012803242,0.008177756,-0.7390933,-0.043920718,-0.059500203,0.1298103,0.67952275,0.08666506,-1.7689154,-0.09514408,-0.087172166,1.0741482,0.42751867,-0.008108893,0.8536883,-0.22773634,-0.12285052,0.51941717,0.22442226,0.29081944,0.08272991,-0.062256794,-0.3866429,0.068738975,-0.22457252,0.031971153,-0.27312207,-0.027538009,0.0019271346,-0.044554964,-0.14387494,-0.23643702,-0.023550121,0.40508258,-0.061511688,-0.59469587,0.092076965,-1.193227,-0.14010254,0.26122627,0.086162776,-0.2607088,-0.1793327,0.027348747,0.05660856,-0.027364217,-0.11020938,-0.43088153,-0.10639966,0.059723955,-0.33682835,0.30054784,0.0809717
385,neutral,0.09290099,0.32370815,0.27782324,-0.2870568,-0.37483245,-0.11020987,0.07056687,0.1288153,-0.15374564,-0.2918871,-0.13750787,-0.07905236,0.16255629,0.16356726,-0.18342265,-0.21034163,0.31948596,0.17240155,-0.45296216,-0.047150407,0.20987827,0.08434547,0.098855905,-0.13243693,0.3601007,-0.18778375,-0.3559415,-0.59176576,0.5391498,-0.049290426,-0.28223038,0.6846432,-0.19237861,-0.27189866,0.11160012,0.107676245,0.12969734,0.1043388,-0.10868518,-0.2581545,-0.39036083,-0.12889983,0.29543597,-0.2365916,0.095170096,-0.12367158,0.11517853,-0.13193472,-0.024857886,-0.5810103,0.08038747,-0.023304649,-0.22314388,0.54142356,0.084857225,-1.7700393,-0.13074225,0.013215431,1.0995784,0.7063346,-0.033236668,0.12472794,-0.3794509,0.044273846,0.50636464,0.016157301,0.06253904,0.530725,-0.027479973,-0.24551801,0.112511486,-0.16123779,-0.35417783,-0.5527358,0.17832866,-0.10570936,-0.16213453,-0.11290009,-0.5880666,-0.0047086757,0.35798582,-0.1434931,-0.33588642,0.0423958,-0.94494754,-0.08040886,0.0043574166,0.3883345,-0.029125046,-0.2217886,-0.2528623,-0.13999578,-0.20903689,0.047066793,-0.3902915,-0.03165153,0.0038268054,0.19985029,0.35516965,0.20758225
386,negative,-0.45231086,-0.05967826,0.4399884,0.2847836,-0.06175826,-0.44166166,-0.2759247,0.30701745,-0.13822687,0.4112086,-0.019011797,-0.108867384,0.23964044,0.3896894,0.03638284,-0.15488864,-0.15205164,-0.24235117,-0.5089167,-0.18102601,0.2549817,-0.2581729,0.07450371,0.03854361,-0.029594483,0.1808835,0.09799846,0.40753862,0.32493055,0.0926843,-0.38442653,0.38737628,-0.06676993,0.12998645,-0.10943913,0.008266594,0.1994083,-0.20430169,-0.18986957,0.13131537,-0.7548607,0.000107777334,0.4103479,-0.10925068,0.54853106,-0.3688343,0.113807894,-0.114653,-0.13880949,-0.22912899,0.084184125,-0.09752758,0.14524424,0.8670033,-0.2969867,-1.7217065,-0.11010828,0.14999743,1.3528286,0.17072508,-0.25291452,0.1530629,-0.13294293,-0.2005369,0.31288373,0.30337024,-0.22659358,0.09788304,0.0762353,0.06755088,0.31199473,-0.45646763,-0.5024375,-0.48481044,-0.06010031,-0.0068057235,0.16289313,0.28496996,-1.0450848,-0.055105194,0.6763828,-0.1846985,-0.0296966,-0.13340755,-0.48084047,-0.16175376,0.10647293,0.17315511,0.30843434,-0.1474243,0.23768353,0.2835455,-0.17626864,0.08760333,-0.32805318,0.32164007,0.1816335,0.07400986,0.44942424,-0.10773276
387,neutral,-0.17601594,-0.11598853,0.24616772,-0.032802753,-0.24711953,-0.036884826,-0.21059182,-0.043161478,0.061453518,0.04456844,-0.1767254,0.061349478,0.13126034,-0.006439928,-0.0075832694,-0.12823841,-0.05544525,-0.038046505,-0.4640977,0.1430469,0.41727594,-0.10865269,0.12651671,-0.06558025,0.05168643,-0.033578075,-0.1873316,-0.18476772,0.3050549,-0.17535976,-0.1595515,0.029790634,-0.049687397,-0.021208629,0.10651827,0.024719335,0.28786832,-0.12085931,-0.201092,0.031332538,-0.43565202,-0.11285907,0.039918985,-0.18684244,0.17600979,-0.17867915,0.29703274,-0.16714457,-0.193551,-0.7238791,0.016061625,0.24027367,-0.059596546,0.9050079,-0.07652758,-1.9837685,0.044488378,-0.36162058,1.0681527,0.3721166,-0.16793247,0.32903275,-0.20345263,-0.31969792,0.6472348,0.18069175,0.038554363,0.08913548,0.02211421,0.0045654806,0.29764348,-0.36998382,-0.24573974,-0.31719774,0.19094531,0.07459002,-0.024463939,0.15141319,-0.76864564,0.34507245,0.49395257,-0.121400535,-0.23106676,-0.016114825,-0.8356611,-0.12322582,-0.058926523,0.14026484,0.09100809,-0.5144678,-0.19482496,0.013507468,-0.33513567,0.1299836,-0.43221328,0.1736084,0.10652163,0.015475063,0.31051224,0.17322706
388,neutral,-0.40066102,0.33664355,0.0654708,-0.02796422,-0.038784258,-0.026308231,0.019982401,0.07954185,-0.2829257,0.25601444,0.042965885,-0.20193146,-0.023926945,-0.036617074,0.081105396,-0.17639193,0.2218695,0.042892978,-0.37201306,0.20675524,0.014258449,-0.3210135,0.3280154,-0.14628929,0.38102633,0.47222918,-0.15178607,-0.30184793,-0.17679742,0.36577356,-0.489635,0.4848055,-0.30900928,-0.017850602,-0.120946094,0.09716251,0.22501914,0.16325065,-0.08968287,-0.15784274,-0.44096705,-0.24702747,-0.10447704,-0.21897021,0.4552452,-0.07112889,0.037971724,-0.21447596,-0.37427744,-0.55331194,-0.26783672,0.0794866,-0.1748395,1.1249195,-0.15285477,-2.1143873,-0.34475455,0.12202776,1.653967,0.21769297,-0.13072711,0.5968905,-0.37751526,0.05836176,0.6162132,0.084343545,-0.14331882,0.46215042,0.35980305,-0.072673574,0.19953221,-0.5507615,0.00035456906,-0.2946412,-0.013314632,-0.043053176,-0.3091585,-0.23378567,-0.4983336,-0.06931357,1.0470668,-0.088746995,-0.31909582,0.11902981,-0.9113534,-0.13686767,0.061240427,0.07005407,0.4264933,-0.050615363,-0.1477634,0.20172653,0.1279716,-0.29175794,-0.544661,0.35063472,0.16503155,-0.08571304,0.4444077,0.15139967
389,neutral,-0.12098706,0.25535908,0.40264198,-0.051944587,-0.2115504,0.034512997,-0.086061075,-0.18220195,0.12334921,0.001827679,-0.15359901,-0.14085579,0.16602233,0.07396543,-0.09486024,-0.06084028,-0.14254466,-0.1546082,-0.37253767,-0.08706938,0.14912249,-0.022729572,0.17634204,0.06639547,0.12170241,-0.052429583,-0.14006534,-0.11316575,0.21302155,-0.06509758,-0.057205983,0.2580416,-0.16738622,-0.13136314,0.19503698,0.2443076,-0.056400847,-0.082062274,-0.16508362,-0.23209026,-0.4574471,-0.049461372,-0.01480852,-0.19446403,0.017257443,-0.13732117,0.31427208,-0.22092123,-0.13862325,-0.66767704,0.19060789,0.09246491,-0.07354005,0.82745516,-0.104037985,-1.7568676,0.050516587,-0.24449162,1.2148137,0.29685682,-0.123871975,0.5573861,-0.22855061,-0.27292818,0.574275,5.1832973e-05,0.13692437,0.302518,0.085768245,-0.24072233,0.089039825,-0.39661598,-0.18139778,-0.35786203,0.080800265,0.048628088,-0.24880074,0.13971326,-0.645372,-0.024541238,0.4445588,-0.07553246,-0.3802244,0.16960868,-0.9698459,-0.20461684,-0.16169217,0.028531568,-0.05027937,-0.35633695,-0.1675027,0.094190314,-0.009208272,0.010964076,-0.39784485,0.18985064,0.012135579,-0.006684431,0.4142862,0.4378984
390,neutral,-0.25020766,-0.02201965,0.010376755,0.041431367,0.005503718,0.4066209,-0.39711392,-0.09253875,0.037709758,0.42571986,-0.5576068,-0.1061668,0.14404112,-0.06380108,-0.27541733,0.16679485,0.041821852,-0.08854804,-0.5646055,0.19055651,0.27144817,-0.068113126,0.18438561,-0.39277694,0.10881384,-0.06116234,0.03130054,-0.51442,-0.091662675,-0.23712678,0.06008493,0.6063773,-0.16435994,-0.048945304,0.09245282,-0.07506193,0.2826752,-0.121096514,-0.40425432,-0.5519954,-0.32346952,-0.17245504,0.38239357,-0.21334238,-0.30051675,-0.16020553,0.3149388,0.13156758,-0.15571593,-0.3284091,-0.22717825,-0.17480066,-0.066052206,0.70696104,-0.09212122,-1.3902185,0.14291939,0.047574006,1.0856956,0.007593639,-0.14590284,0.4062244,-0.36788216,-0.15518208,0.88272446,-0.08339898,0.07929572,-0.19517866,-0.2319012,-0.14060563,0.2707206,-0.14195596,-0.22540933,-0.2496237,0.043192852,-0.0113146035,-0.14393413,0.20985456,-0.33215755,-0.021505153,0.28456175,-0.23613402,-0.2454791,0.02851883,-0.50033927,0.52011704,-0.012541742,-0.13056028,-0.07525928,-0.3194238,0.31383422,-0.108146735,-0.11111815,-0.1673657,-0.2566611,-0.19822663,-0.40469518,-0.7234486,0.6172003,0.32175252
391,neutral,-0.053159963,0.22347878,-0.5798621,0.04539729,-0.08256483,0.4523658,-0.110303275,0.12452209,0.18630521,0.29880425,-0.3764978,0.06982666,0.05660346,-0.115611374,-0.3409065,0.28848645,-0.13494422,-0.248592,-0.31675142,-0.20204638,0.5262451,-0.12091756,0.35768038,0.10504173,0.1172425,-0.26848987,-0.13607459,0.20636065,0.51473475,0.11836915,-0.5578967,0.10931928,0.20304056,0.43071392,0.04556931,-0.2552255,0.48584607,0.11904715,-0.3251342,-0.27837816,-0.7242942,-0.14672461,0.6349698,0.07966806,0.13748315,-0.40777096,0.27771035,-0.21907704,-0.13961668,-0.18186416,0.46690843,-0.041208554,0.10102733,0.7296851,-0.2704984,-1.3026589,-0.042220514,-0.072641484,1.246098,0.24888338,-0.4556822,0.114826836,0.054441437,-0.3173901,0.29328364,0.10913591,-0.15007441,0.036855895,-0.033140574,0.14760925,0.15790407,-0.4815746,-0.55419564,-0.45316637,-0.22352932,0.39415008,0.4457288,0.1208953,-0.8461995,0.092504665,0.46475273,-0.116683654,0.3939837,-0.016165555,-0.6201711,-0.11241713,0.04756392,0.5513424,-0.054326624,-0.29929793,0.1302303,-0.15709837,-0.3410887,0.4914485,-0.16813022,0.20721555,-0.08074885,0.26301762,0.57420254,0.17124842
392,neutral,-0.11711265,-0.15530473,0.23526166,-0.032183804,-0.022710798,-0.09813676,-0.2295899,0.14208795,0.21143228,-0.007029263,-0.040772248,-0.064908996,0.046742246,-0.08449308,0.05691116,0.1633468,0.016795369,0.025685372,0.04419842,0.10584321,0.37546006,-0.2172188,0.12819712,-0.059610654,0.51106423,-0.15740365,-0.2095839,-0.37671748,0.3007774,0.03798026,-0.023836326,0.06236849,-0.3879939,0.21953931,0.12100985,0.06832434,0.13786095,0.02898648,0.050296903,-0.26777273,-0.24384144,-0.17517732,-0.027641857,0.017714225,-0.20501746,-0.15618469,0.1456365,-0.17722823,-0.057200804,-0.56846917,0.087847985,0.15320186,0.03057399,1.0430626,-0.07150892,-1.7530468,-0.021762427,-0.13649672,1.1972218,0.26234046,0.04567377,0.5919409,-0.11577756,-0.07591782,0.6009416,0.32159975,0.21804787,0.13530415,-0.06337263,0.03846969,0.34163797,-0.3150917,-0.07678588,-0.063338585,0.0855996,0.082821965,-0.013317347,-0.18055192,-0.32653183,0.000469826,0.3468481,-0.16837096,-0.014387041,0.11643987,-1.0529547,-0.11650855,0.048538566,0.009700653,0.29923585,-0.47286555,-0.21933094,0.15128313,-0.05856589,-0.08982325,-0.094152205,-0.13144392,0.16804306,0.09001628,0.6181114,0.11466697
393,neutral,-0.22554633,0.0012150592,-0.013275656,-0.046734452,0.089728706,-0.16526733,-0.06649451,0.19133264,-0.25542143,0.43260592,-0.064766504,-0.30129123,0.19317186,0.1178503,0.17519897,-0.09291249,0.086366504,-0.047232863,-0.63168687,0.09982664,0.40985152,-0.079691425,0.14429642,-0.15434022,-0.04971333,-0.017034614,-0.045030188,-0.120705016,-0.10901176,0.090124786,-0.06561083,0.25323072,-0.105835184,0.16051227,-0.012359512,-0.12936305,0.15340497,0.09364779,0.118181854,-0.06717582,-0.1795872,-0.23639224,0.17312951,0.09259589,0.4337512,0.075235516,0.0876593,-0.0066495435,-0.040006302,-0.33468643,0.12500575,0.06306311,-0.07325526,0.755164,-0.050623126,-1.966041,-0.061503373,-0.37484178,1.6081088,0.4156757,0.06492981,0.42147648,0.24417236,0.009761632,0.499668,-0.031061392,-0.013447279,0.24963467,0.17735946,0.2562107,0.029869303,-0.37343746,-0.16544266,-0.4363851,0.11502197,-0.17630498,0.02643656,0.1888615,-0.6968206,0.113941036,0.53371805,-0.07284051,-0.35860088,0.038102474,-0.7979566,-0.08073018,0.25822556,-0.03163791,0.15991896,-0.10760375,0.20009665,-0.03147072,-0.13072813,0.118830286,-0.40477535,0.33488953,0.079160325,-0.13205658,0.57994914,0.097196415
394,negative,-0.18492088,0.22712821,-0.02959253,0.11886155,0.03405556,-0.24504888,-0.42977157,-0.10069445,0.25356856,0.68640673,-0.14974369,-0.12746155,0.18728149,-0.086491555,0.08403122,0.20273869,-0.37299824,-0.08680697,-0.60482323,0.11024085,0.26742107,-0.19353373,0.11086617,-0.15369453,-0.066440545,0.10214656,-0.12768844,0.05965281,0.15745717,0.02183185,-0.043409828,0.11714922,-0.04045704,0.0442448,0.014321769,-0.06125528,0.3877004,-0.11905616,-0.055153184,0.18437292,-0.48816407,-0.054565314,0.16105871,0.035435785,0.2590473,-0.30861515,0.3474139,0.048611704,-0.15424654,-0.37516725,-0.0030794053,0.13283029,0.13800767,0.93934506,-0.13199402,-1.5870488,0.07014083,-0.27705,1.2196784,0.21983843,-0.10416231,0.17223406,-0.04631335,-0.2337037,0.5810683,0.30672577,0.00506318,0.18273982,-0.15458871,-0.07837412,0.23415762,-0.42074326,-0.2332027,-0.51420176,-0.04447652,-0.07450995,0.070201546,0.20518577,-0.65050924,0.02381406,0.8101169,-0.02548748,-0.26861677,-0.004687127,-0.8073122,-0.06374717,0.0246056,0.29333025,0.030235775,-0.25924194,-0.04420516,0.12715137,-0.3383684,-0.14221506,-0.41943145,0.058284216,0.053906675,-0.015060928,0.4724505,0.20400639
395,negative,-0.37392458,0.24126056,0.16811445,-0.12327502,-0.060637616,-0.42386815,0.08903372,-0.3059522,0.09323772,1.1760088,0.39939705,0.09586028,0.5437049,0.44374436,-0.22389762,-0.21290149,0.24777193,-0.20826563,-0.12871884,0.043198183,0.7081481,-0.42909542,0.181138,-0.41328618,0.107734516,0.29276493,-0.6827009,0.5547719,0.20124038,0.20941979,-0.30880558,0.30987588,-0.018191902,0.09860764,0.36741334,0.007556347,0.20019232,-0.1109751,0.60583454,0.1902378,-0.4383644,-0.028418032,0.30168808,0.40095297,0.90571463,0.03420958,0.0636957,-0.06629812,-0.061165433,0.04299587,0.14856099,0.9183581,0.19544438,1.0045602,-0.25141293,-1.2668824,-0.33927792,-0.16094014,1.7698352,0.5252701,0.2222823,0.45525897,0.4079586,0.1539374,-0.18329377,0.42790785,-0.31131548,0.21336259,-0.25607976,0.3957669,-0.130892,-0.69320875,0.2607405,-0.15125681,-0.014282355,0.31344208,0.61379594,-0.13474809,-0.898542,0.18268879,0.46223262,-0.49339068,-0.10992053,0.3255908,-0.52987945,-0.54560107,0.6727672,-0.05579255,-0.21309285,-0.21124752,-0.1704089,0.5143059,-0.02089604,-0.06253571,-0.21679482,0.37379232,-0.05787511,-0.06129683,0.23995553,-0.38213894
396,negative,0.074872024,-0.08062003,0.20436732,-0.18113805,0.057438236,0.020508593,-0.30340114,-0.035338778,0.17130224,-0.09456212,0.18805668,0.060285427,0.17081244,0.023906799,-0.16824494,-0.083968036,0.3425998,0.1754235,-0.51032776,0.29488468,0.18755046,-0.26362213,0.15541309,-0.09555442,-0.015518526,0.06631533,0.21189624,-0.4585544,0.13468982,-0.10467371,0.2629007,0.40378907,-0.26991355,0.16681285,-0.0686501,0.09357589,-0.14534482,0.021539384,0.25456238,-0.2499117,-0.2555366,-0.07900434,0.091032594,-0.25763562,-0.050467346,-0.27954116,0.06179609,-0.30686814,0.034242272,-0.5938945,0.5016525,-0.15272462,0.02345861,0.7115554,-0.17192826,-1.5488473,0.057543535,-0.13008985,1.3254488,0.40972257,-0.19813709,0.43201962,-0.15494005,-0.37718734,0.8559434,-0.14845425,0.25826383,0.67047775,-0.10704669,0.034789354,0.1341162,0.17386007,-0.39619103,-0.511122,0.032407157,0.22370452,-0.33296776,-0.08764802,-0.8160886,-0.008757871,0.3687695,-0.1504919,-0.18647264,-0.041147843,-0.95035714,-0.10431575,0.07030841,-0.008872646,-0.06857501,-0.13892491,0.11444817,-0.28265122,-0.19289485,0.009396033,-0.062555775,-0.03222472,0.11140334,-0.0677598,0.34685516,-0.059877247
397,neutral,-0.112047225,0.276666,0.18624505,-0.023666753,0.008328704,-0.43378082,-0.2696751,0.036903482,0.18199673,-0.0014969426,-0.28986752,0.02048941,0.0776683,-0.008305037,0.033072215,-0.171368,-0.12611404,0.06270541,-0.27958143,-0.069304325,0.18605024,-0.0899199,0.20450562,-0.05552829,-0.07340672,0.15223926,-0.21633124,-0.17966405,-0.045886926,-0.109503865,-0.087971516,0.29380307,-0.25967747,-0.12555866,-0.026469436,0.1280115,0.2719971,0.063139684,-0.19926031,-0.096440084,-0.26104394,-0.22106923,-0.16449235,-0.26776835,0.28190476,0.07325232,0.22443649,-0.04479726,-0.29205143,-0.7218035,0.11396608,0.040002823,-0.06263641,0.8060846,0.05835042,-1.54298,0.0711287,-0.31827903,1.3884528,0.19064638,0.014704291,0.15883346,-0.22868516,-0.12570868,0.6529605,0.0860312,0.16649605,-0.18382822,0.3451306,-0.390478,-0.060136292,-0.3294631,-0.028011156,-0.115260504,0.21412382,-0.060259894,0.020962205,0.028136555,-0.7023454,0.1843702,0.63309944,0.010799529,-0.4306381,0.08807336,-1.1370746,-0.11002472,0.1599148,-0.06024784,-0.21164048,-0.30326703,-0.0130363135,0.057938512,-0.13078605,-0.23071,-0.3357531,0.077278845,0.26306903,-0.2268701,0.57313836,0.1365271
398,neutral,-0.09428324,0.15639733,0.26737663,-0.105828986,0.11516126,0.13079986,0.31942308,0.4659276,-0.33267593,0.09481125,0.2846681,-0.14973395,0.18879226,0.1560733,0.15984404,-0.27652258,0.09982955,0.057027504,-0.3353409,0.031086193,0.60259575,-0.1957708,0.06239585,0.24526078,0.47662902,-0.13422619,-0.18997289,-0.10569228,0.24577369,0.16448122,-0.1304812,0.16110657,-0.020873237,0.09168003,0.11120126,0.09999246,-0.20722628,0.089633785,-0.116459236,0.012942357,-0.38221744,0.011467721,0.4369543,0.04551987,0.26078355,-0.111607954,0.13440998,-0.5752094,0.063266456,-0.64710224,-0.12440066,-0.112653725,0.14391732,1.0786065,-0.21125773,-2.631287,-0.13611297,0.0039483146,1.7575277,0.73919624,-0.45636624,0.70909476,-0.13434666,-0.016520986,0.5231384,0.10652953,0.13601775,0.22822367,-0.13243254,-0.14642543,-0.12638924,-0.22004302,-0.252147,-0.2620331,-0.012877173,0.37014762,-0.2845944,-0.19375248,-1.025498,-0.01810132,0.570358,0.016440285,-0.21417487,0.22723141,-1.1816497,-0.14869468,0.2172532,0.03789405,0.1150902,-0.09368211,0.0038014278,0.08685205,-0.13190375,0.11000141,-0.6927007,0.08833704,-0.06938084,0.18560112,0.45647284,-0.10555233
399,neutral,-0.32824817,-0.07917524,0.29642922,-0.045737427,0.020683702,-0.38280168,-0.089205034,-0.110577404,0.10513831,0.88820255,0.2991433,-0.11491396,0.38019964,0.13617976,-0.10525086,-0.118987516,-0.34221542,-0.33775067,-0.46908078,0.27564007,0.5591038,-0.13162406,0.25755247,-0.058251616,0.04746613,-0.1589506,-0.57292974,0.09675132,0.4737547,0.08614604,-0.2611684,0.0969104,-0.012404292,0.09822158,0.15429817,-0.0323986,0.17263961,-0.0653796,0.021085728,0.086513825,-0.40620553,-0.077339984,0.31698206,0.32467803,0.81117654,-0.046856306,0.22611023,0.014601883,-0.05640664,-0.2142583,-0.011600348,0.4511034,0.3047679,0.9065582,-0.26024902,-1.4886407,-0.2807811,-0.2707305,1.4413635,0.52099794,-0.031647094,0.13118957,0.1022496,-0.095506124,0.22531575,0.2568514,-0.35675436,0.09901018,-0.4931866,0.1227792,0.2409991,-0.43208948,-0.24062192,-0.34868434,0.0035656092,0.2695233,0.29813534,0.2415706,-0.9148438,0.14545381,0.97167355,0.040159147,-0.08228596,0.3536417,-0.32757196,-0.37831917,0.14860174,0.0033259531,0.14324133,-0.32946554,-0.2368916,0.30373886,-0.17123552,-0.24671082,-0.45876682,0.568109,0.037432753,0.12391982,0.38894966,0.18635646
400,neutral,-0.07315843,-0.021007063,0.15085542,-0.039858155,0.3147022,-0.40920356,0.047326062,-0.008688325,0.29667088,-0.04448734,0.058208484,0.032104995,0.4929044,-0.068222165,0.039355822,-0.23569177,0.035582107,-0.1119177,-0.20195095,-0.2343411,0.5754682,-0.27608907,0.26003987,0.08617445,0.122074045,0.01857071,-0.48804906,0.084814616,0.2636786,-0.37874594,-0.25620946,0.04439405,0.12834209,0.12705624,0.15256427,-0.036980152,0.12981643,-0.10497153,-0.23359026,-0.15093736,-0.471081,-0.3476028,-0.09723781,0.15164806,0.13659377,0.05180715,0.23145887,-0.13518713,0.04133955,-0.13799825,0.21542227,0.42348498,0.09388461,0.9907055,-0.20764376,-1.5069056,-0.03303349,-0.54271036,1.071394,0.3515981,-0.5896142,0.5420033,0.022570074,-0.11798177,0.28465334,0.5235468,-0.11147158,0.13090676,0.04944116,0.023990033,0.12928131,-0.13531534,0.33714473,-0.20136254,0.07487771,-0.10277829,0.07821267,0.2537004,-0.48629424,0.11090691,0.36402443,0.0060847085,-0.098443784,0.21517308,-0.50621337,-0.17007047,0.16870122,-0.12941995,-0.06320333,-0.32033727,-0.25648585,0.5903782,-0.19722928,0.002952004,-0.3458559,0.1647624,0.07119706,-0.0846129,0.09378022,0.05317338
401,negative,-0.037006903,0.346873,0.28019583,-0.20075671,-0.041539285,-0.4992654,-0.52832246,-0.43472573,0.06042295,0.2149222,-0.21171185,0.09549677,-0.11174869,-0.07547683,0.082594514,0.091096036,-0.5985641,0.02195095,-0.09603414,-0.23114313,0.36604658,-0.29868272,0.12799177,0.09478131,0.042349752,0.31950563,-0.33901733,0.10453164,0.17303182,-0.014207627,0.023544343,0.022791302,-0.45197234,0.14197235,-0.2910983,-0.23476163,0.33201516,-0.32182544,-0.001637375,-0.1459221,-0.6187217,-0.10192652,-0.32662186,-0.20100234,0.5550265,0.0002133757,0.5574428,0.011686788,-0.19314478,-0.86677575,-0.16414022,0.24556533,-0.12697098,0.8313707,0.26088607,-1.7019353,0.25127843,-0.18936661,1.00607,0.17124365,0.22247587,0.34349582,-0.355951,-0.35846287,0.6878695,0.44872928,-0.05067096,-0.21608764,0.40622184,-0.40446052,0.40782022,-0.24957487,-0.35016298,-0.039132845,0.1114975,-0.21501505,0.17772396,-0.0361789,-0.6482393,0.11552575,1.0871165,-0.049264066,-0.57179224,0.2105559,-0.4884548,-0.5205463,0.12414,0.12999132,0.14993139,-0.5349432,-0.018028922,0.2574888,-0.28412968,-0.22168225,-0.29917353,-0.15959981,0.27113047,-0.078927346,0.41914535,-0.09489883
402,neutral,0.16837962,-0.064091645,0.24245676,-0.2365332,0.0328536,0.24419807,-0.38300282,0.38642272,0.359569,0.67604935,0.046249267,-0.24210304,0.26260588,0.24096553,-0.03765404,0.097797774,-0.23210016,-0.19125718,-0.5086025,0.022572877,0.39196873,-0.45250323,0.078727186,-0.4866499,0.01577804,0.05824183,-0.17765574,-0.08114135,0.43042433,0.48143196,-0.042928744,0.1411346,-0.27915305,0.32254165,-0.038532116,0.07162396,0.2526759,-0.16163619,0.31582883,0.11962734,-0.4379086,-0.15213852,0.2802107,-0.18160027,0.055027973,-0.28162062,0.16553964,-0.09785668,0.18320668,-0.5132617,0.21848442,0.18144037,0.26053756,1.1770093,-0.1861165,-1.8387402,-0.28253943,0.054789763,1.3160043,-0.059117414,0.05133297,0.4411678,-0.19256663,0.054598138,0.36740926,0.01603111,0.25964472,0.17474169,-0.25856134,0.31137007,0.036850113,-0.4084788,0.09828202,-0.6497978,0.34893057,0.2903807,0.5829517,-0.14598759,-0.75670993,-0.18861581,0.7854396,-0.09150586,-0.31762475,-0.16734138,-1.0905045,-0.23092496,0.2025839,0.34589648,-0.013036069,-0.27570558,0.25565964,-0.018578589,-0.17843519,-0.010497629,-0.5264669,0.40089887,-0.20457351,-0.1123105,0.53037214,0.1031772
403,negative,0.00030290722,0.14952528,0.31504732,-0.16829608,0.060926624,0.28728706,-0.39235255,0.047563132,0.1049491,0.15112163,-0.12270033,0.15814227,0.165027,0.09467639,-0.05230157,-0.014450055,0.21452187,-0.054724928,-0.6158194,0.23631464,0.058337934,-0.28534153,0.29997364,-0.21863243,-0.044542458,-0.033782676,-0.15055747,-0.40748838,0.26991102,0.16191848,0.2603998,0.41616875,-0.082683265,-0.039054926,-0.05178559,0.053967375,-0.026967777,-0.068690404,0.00421555,-0.05840128,-0.5639814,0.10060163,0.24764316,-0.11127715,0.072927535,-0.24841857,0.12203489,-0.33010498,-0.34957615,-0.53362674,0.15269928,-0.05135277,0.17507412,0.9375943,-0.11300402,-1.5704738,0.113640144,-0.19558866,1.3403757,0.30684626,-0.09475441,0.31081134,-0.17049675,-0.3293461,0.7225026,0.14437965,0.16694637,0.31208616,0.00045836225,0.11107378,0.1775971,-0.31098595,-0.02853819,-0.28153116,0.091145635,0.116516724,-0.14518178,-0.038658377,-0.7547845,-0.12868685,0.56393945,-0.19786806,-0.08836107,0.0019317296,-1.2041492,-0.10872348,0.07709716,-0.01803837,0.20713824,-0.29214808,0.16878858,-0.22282834,-0.08690635,0.14767747,-0.3163619,0.04735911,-0.0707591,-0.20740192,0.39738888,-0.015252786
404,negative,-0.07541867,0.38055512,0.2904958,0.0104339495,0.0391298,0.106937446,-0.13826507,0.011443153,0.08516083,0.15099521,-0.044661447,-0.0799249,0.2032093,0.022943763,-0.044647396,-0.24257027,0.07370226,-0.04974627,-0.32125533,0.09862201,0.4036077,-0.14733484,0.04319844,0.008516623,0.20275736,-0.048950903,-0.12717594,-0.1209496,0.1618642,-0.028269326,-0.05822416,0.28336948,-0.090305395,-0.12874849,-0.24793795,-0.0047394764,0.01602868,-0.03762016,-0.029440667,0.08630664,-0.43470687,-0.1454913,-0.028445456,-0.14523277,0.22530113,-0.01728283,0.21739994,-0.15314104,-0.15500551,-0.48483065,0.0011509872,-0.04911967,0.010484721,0.8927883,-0.014510564,-1.702775,-0.03795271,-0.20917359,1.2735006,0.28882197,-0.048091892,0.58953816,-0.13669379,-0.23906307,0.54016316,0.0202302,0.1335309,0.110674776,0.1274631,-0.056699917,0.24946232,-0.24964918,-0.22617254,-0.20332713,0.24263918,-0.026179973,-0.032362092,0.123430654,-0.6558922,0.10065574,0.49643785,0.12238461,-0.25954983,0.1678144,-0.9009108,0.08502913,0.010280775,-0.18995884,0.034362517,-0.17711945,0.067526534,0.11039481,-0.11984672,-0.08691757,-0.4802338,-0.028622303,0.02727726,-0.104788415,0.36112905,0.14487621
405,neutral,0.0048541105,0.16008115,0.19088596,-0.21212868,0.0823605,0.4114608,-0.10735146,0.21407978,0.18873656,0.102810815,0.07487683,0.03783724,0.30439967,0.11530553,0.024110133,0.08420004,0.05817584,0.03510348,-0.23768018,0.044609122,0.38652754,0.051678784,0.16218124,-0.14099038,0.23489414,-0.1521685,-0.24965811,-0.14305024,0.06387987,0.07603319,-0.04968172,0.059254706,0.037784833,0.09181114,0.10790269,0.0008303972,-0.0721275,0.013153041,0.13105084,0.0025075038,-0.16633715,-0.23669356,0.1557441,-0.16948259,-0.026836589,0.14724898,-0.032167275,0.108016215,0.01024996,-0.3414556,-0.08493348,-0.010498348,-0.008824181,0.82358724,0.018233204,-1.5345848,-0.22760664,-0.078505784,1.1188381,0.3006873,-0.041901223,0.6435334,0.04175207,0.14310741,0.42229265,-0.010759484,0.24771594,0.10157567,-0.12087943,-0.051461894,-0.11931448,-0.16059707,0.03265977,-0.23187473,0.050845668,0.19654621,0.019774593,-0.0952603,-0.43097904,-0.0070776925,0.44344592,0.1803303,-0.20244798,0.005234804,-0.7374156,-0.31214494,0.11027045,-0.040826097,-0.18532236,-0.16654767,0.21246146,-0.04838309,0.1239515,-0.04129064,-0.43890822,0.16056073,-0.11782214,-0.01118126,0.40633643,-0.1350786
406,negative,-0.1660376,0.2861792,0.09807932,0.030637085,-0.067973986,0.11830854,-0.317783,-0.085080326,0.037968434,0.10375026,-0.21672554,-0.040404756,0.28053108,0.009293884,-0.005261563,-0.10877689,-0.051129755,-0.07665751,-0.4804331,0.22716156,0.49108705,-0.109020665,0.18903181,-0.07671471,0.06867852,0.019263582,-0.107132696,-0.29241306,0.26159889,-0.026843024,-0.018017195,0.20014763,-0.1753328,-0.016223941,0.07941677,0.009615463,0.1636687,-0.09618122,-0.03727542,0.009162256,-0.48419863,-0.055453595,0.12601043,-0.16452573,0.124374144,-0.2609307,0.25025344,-0.12556505,-0.17906627,-0.6440073,0.09734773,-0.09315748,0.03103172,1.0579056,0.13273476,-1.7954805,0.10303938,-0.26126328,1.3737366,0.25655264,-0.048884787,0.54970497,-0.2231854,-0.27751642,0.72024894,0.09191708,0.16380931,0.08269377,-0.011571335,-0.05488604,0.18777028,-0.37174973,-0.17629805,-0.1899593,0.15635645,-0.041388128,-0.072939746,0.058844995,-0.68107617,0.0029148126,0.52075624,0.12236307,-0.32466906,0.11850219,-1.1143844,-0.110406466,-0.15382963,0.05898124,-0.07759295,-0.37475583,0.010173371,-0.067963235,-0.11849624,0.058381982,-0.38768247,0.105473906,-0.015588001,-0.10257436,0.33915764,0.099331036
407,neutral,-0.2032118,0.27224922,0.15783235,0.1186635,-0.10255749,-0.1977407,-0.30552477,0.079128414,0.05743325,0.34820387,-0.061906707,-0.11146468,0.05441526,0.056096397,-0.0048210565,-0.1444214,0.13393618,0.04435567,-0.42066318,0.27461565,-0.108355194,-0.33024338,0.034021236,-0.026218344,-0.24224667,0.07181069,-0.1318966,-0.14347126,0.0049616448,-0.0778731,-0.015222873,0.33518898,-0.13859394,0.050763234,0.16448317,0.21075594,0.06529592,-0.20462655,-0.14503475,0.00933396,-0.46375772,0.06765952,0.16563478,-0.13052216,0.22906236,-0.2730498,0.061544184,-0.20411976,-0.29109964,-0.5755826,0.2626475,0.19523793,-0.028171008,0.72940844,0.0803062,-1.2364293,0.3385799,-0.53117853,1.5171206,0.14598563,0.06040132,0.22688428,0.031051317,0.067336135,0.548586,-0.032194104,-0.1329567,0.25284654,0.011694914,-0.008381728,0.07809183,-0.4929827,0.020465452,-0.31208828,0.30162638,0.29654106,-0.04911111,0.114266194,-0.72947055,0.050006185,0.52915084,-0.27836305,-0.39331377,-0.102364965,-1.0689261,0.1331879,0.39488629,0.16840166,0.006816204,-0.14471145,-0.047926623,-0.038685057,-0.08302549,-0.14535838,-0.18180959,0.0944234,0.025489075,-0.09109047,0.29234034,0.013888913
408,neutral,-0.08392656,-0.13988465,0.09026006,-0.32332554,0.083875336,0.16919877,0.24496204,-0.076780155,-0.07781189,-0.1768194,-0.017123904,-0.016112942,0.01807879,0.067471325,0.017411215,-0.22807617,0.168449,-0.07111741,-0.31923714,0.26005515,0.29493165,-0.022203404,0.2650099,0.14852126,0.30155876,-0.02018125,0.1851257,-0.09663419,0.14098135,-0.050340984,-0.34611297,0.3477934,0.031226275,-0.086926766,0.166565,-0.032733932,-0.0073623224,0.4485635,-0.084076695,-0.25531042,-0.23489708,0.07873051,-4.07375e-05,0.29422945,0.006229955,-0.09625651,-0.22783351,-0.49711674,0.17872213,-0.096117005,0.22474587,-0.24164902,0.039639186,0.2179819,-0.11139426,-1.4701536,-0.22398743,0.15161462,0.54157346,0.2514332,0.014773203,0.263625,-0.07536284,0.043972567,0.46949723,-0.16510396,0.20420809,0.22803085,0.06203703,0.23302488,0.025681067,0.26783168,-0.113426305,-0.3874591,0.12525114,0.06582894,-0.26704317,-0.16490012,-0.49894658,0.012985863,0.112588614,-0.087740615,0.022851435,-0.019622438,-0.57852226,-0.046196926,-0.18476687,0.02916397,0.07117503,-0.21284953,-0.13961038,0.0053680427,-0.21322624,0.13173956,-0.26989597,-0.10282835,-0.03991535,-0.02385609,0.031056894,-0.18009353
409,negative,0.11263041,-0.12628597,0.1357826,-0.124174014,0.22571447,0.094225,-0.22565791,0.01720089,0.04896455,0.20901535,0.037258826,0.08204415,0.10795187,0.015075659,0.042250894,0.017195793,0.023416743,-0.13972771,-0.50376624,0.17948051,0.41930568,-0.15292618,0.25005716,0.017255485,0.15756215,0.004222382,-0.045962267,-0.24415943,0.060736,0.10800849,0.06944276,0.12728359,-0.1654941,-0.009083802,-0.03522211,0.0001075529,0.1942831,-0.08931815,-0.011752974,0.001239696,-0.39711377,-0.06727661,0.21721217,-0.072302125,0.097749196,-0.2760942,0.13135202,-0.29492292,-0.09213561,-0.29838353,0.22114263,0.0062249205,0.14874674,0.9249199,-0.20144312,-1.3810017,-0.10285775,-0.14885615,1.289254,0.2710058,-0.05354402,0.20539196,-0.012702522,-0.14771806,0.3523884,0.061963063,0.21704556,0.16742069,-0.013794704,0.14227757,-0.029764144,-0.22606386,-0.090967685,-0.13469523,-0.017171761,0.066069484,-0.030393338,-0.027082233,-0.48746517,0.019089526,0.79368025,0.018408759,-0.32149747,-0.09850648,-0.9283501,-0.102053545,0.27551374,0.033177253,0.032626152,-0.2262974,0.14838752,0.06899723,-0.066663116,-0.04498937,-0.33551985,0.057399858,0.0658988,-0.151491,0.2917563,-0.028716765
410,negative,0.030112399,-0.004386615,0.1610448,-0.20685013,0.13277532,0.29953864,-0.06874038,0.16923718,-0.04623704,0.19716315,-0.038716994,0.09010669,0.025313063,0.13147391,0.15942049,-0.17003179,0.25760847,0.07642522,-0.084322855,-0.037991438,0.011213309,0.062380645,0.2033152,-0.10923451,0.069896266,0.11104383,-0.026761213,-0.13347511,0.08981341,0.08195222,0.19528562,0.25972015,0.10225831,0.22015071,0.050745755,0.16455166,-0.01756345,-0.03306792,0.112330385,-0.2370712,-0.27812022,-0.30092356,-0.08385701,-0.28583083,-0.033669103,-0.30200922,0.017453576,0.04277245,0.1561837,-0.05635449,-0.041611917,0.06327434,0.21683963,0.58661723,-0.31443396,-1.6314082,-0.056837145,0.05302363,0.9792191,0.28021342,-0.11462897,0.38973144,-0.023812301,0.1971047,0.5421838,0.007056168,0.23162505,0.11296881,0.15953176,-0.047038123,-0.18723106,-0.13940568,0.011990595,-0.21429807,-0.008789894,0.10444305,-0.0949222,-0.004925914,-0.3271374,0.06005281,0.18635482,-0.044064596,0.052920364,0.08448018,-0.6161722,-0.123460464,0.028142562,0.19147299,0.16491657,0.080018856,0.11411323,-0.19749562,0.074866,0.14683773,-0.35047713,-0.25053135,-0.2269277,-0.18971223,0.23824859,-0.1122516
411,neutral,-0.583665,0.3166858,0.0692052,0.13013126,-0.1379971,-0.019320507,-0.21672331,0.16465186,-0.37809092,0.21100424,0.1445463,0.16085757,0.67347825,0.425558,-0.13139464,-0.36640716,0.11185652,-0.19315901,-0.3949799,0.49839288,0.5204226,-0.28961918,0.7734705,-0.0021675448,0.0914712,0.25570178,-0.4917747,-0.10002034,0.11370416,-0.11884072,-0.38908592,0.10811276,-0.45977426,0.12044144,0.22878881,-0.42093152,-0.1638606,0.17944849,-0.06372187,-0.20934972,-0.8277062,0.20512386,0.40973017,-0.42076546,0.6990205,0.2342415,-0.0918297,-0.0055779885,-0.026769392,-0.1399034,0.068278395,0.4109177,0.22642227,0.9661982,-0.20215458,-1.3238597,-0.7540546,-0.42159885,1.2346373,0.11953626,-0.46854052,-0.03068468,-0.27922308,0.05351672,0.08105147,0.58282936,-0.38020033,0.3036728,0.035384607,0.1316729,0.30277413,-0.19801956,-0.17160885,-0.33123976,0.19296865,0.46030685,-0.3917196,0.17323393,-0.5402944,0.06071547,0.33447388,-0.15592144,0.102429904,-0.042190533,-0.3421463,-0.06753912,-0.024645308,0.15351425,-0.09973585,-0.16043778,0.11532245,0.23405078,-0.047583744,-0.25682876,-0.22757654,0.36450276,-0.19966634,0.28205922,0.26063973,-0.065369785
412,negative,-0.20146665,0.13595359,0.15282781,-0.0039540017,-0.008418429,-0.10994886,0.0133280475,0.1459194,-0.12853394,0.32388553,-0.0026066045,-0.103717424,0.19602086,0.13340819,0.04379368,-0.07465184,-0.18285885,-0.37472683,-0.41094366,0.12548381,0.4459597,0.010472452,0.22872534,0.08604899,0.26142463,0.009841723,-0.19524159,-0.123870075,0.21702367,0.23663498,-0.25883377,0.19663194,0.0011692618,0.17543915,-0.045933288,0.026518261,0.08412258,0.019406663,-0.0909871,0.20630437,-0.33459714,-0.12936318,0.12191032,0.0187894,0.38567767,-0.12788694,0.11143752,-0.12474445,-0.020047145,-0.57896763,0.008286312,0.11065149,0.2222645,0.8089867,-0.16636297,-1.9550079,-0.16812065,-0.14301744,1.4575152,0.3207468,-0.10311992,0.48638472,-0.08651632,-0.19444273,0.4435431,0.05242847,0.026686886,0.02093484,-0.12347759,-0.16386561,0.0075076777,-0.3764306,-0.26679704,-0.2910387,0.13247474,0.07531578,-0.011653799,0.17337613,-0.58887255,-0.0133053865,0.594117,0.24087933,-0.34142342,0.08435687,-0.8019288,-0.04603738,-0.121519014,-0.112426415,0.23595962,-0.05703948,0.08338616,0.07800309,-0.27368042,0.13709411,-0.63943964,0.27539584,0.20999694,0.21694669,0.57360137,0.16513067
413,negative,-0.037054874,0.4802562,0.21509914,-0.25916797,0.116645284,0.23191664,-0.65965533,-0.3063297,0.031133883,0.33742324,-0.19111443,-0.15215193,0.610274,0.087439574,-0.091927014,-0.1003468,-0.33264297,-0.37903878,-0.5984477,0.042282283,0.51442695,-0.24069479,0.38038337,0.035794105,-0.041934013,0.22295713,0.056740005,0.14055568,0.33882868,-0.05583771,-0.13602205,0.2943306,-0.037908357,0.07147563,0.09868355,-0.041678887,0.50689775,0.21935831,-0.11355044,-0.15442307,-0.97972536,0.174452,0.5602349,-0.41103476,0.2511663,-0.44049528,0.58245087,0.17687728,-0.024174318,-0.46812195,-0.23073903,0.34341493,-0.077156045,0.9161234,-0.19918491,-1.6521776,-0.14272597,-0.12020549,1.4486753,0.2573292,0.058396038,0.17678854,0.18959968,-0.32799417,0.35612467,0.4328439,0.10689365,0.10711542,0.10187547,0.03179926,0.31926116,-0.27352276,-0.38083625,-0.29665187,-0.21324277,0.11868357,-0.342027,0.044198576,-0.6248866,0.3928851,0.6713193,-0.11052451,0.05231299,0.015511028,-0.68348694,-0.22227786,-0.23815133,0.27451602,-0.002694757,-0.12959912,0.20363177,0.027617306,-0.22929522,-0.06016699,-0.4599115,0.23067579,0.054410104,-0.0195757,0.26364893,0.11533582
414,neutral,0.0043492606,0.22952737,0.23664404,0.14669506,0.030939419,0.052956015,-0.27768272,-0.19484304,0.112612434,0.030017113,-0.15937483,-0.0075560575,0.30907315,-0.20202915,-0.023045462,0.008515618,0.12153928,0.14477248,-0.13461763,0.024334913,0.1370836,-0.10373514,0.14187619,-0.23740886,-0.06416774,-0.2485113,0.0055325897,-0.15822817,0.05625785,-0.048407886,0.07475056,0.23181279,-0.15265922,-0.14795536,0.015561846,-0.01927394,0.066515505,0.03768655,-0.05784422,-0.1949986,-0.22551139,-0.09414334,0.050143618,-0.27645335,-0.15557627,-0.14820686,0.21556951,-0.01495536,-0.08525039,-0.4969132,0.019298282,0.1838903,0.18345198,0.67123747,0.05281494,-1.4375656,0.125415,-0.15910774,1.2144929,0.23233263,-0.07567965,0.33349857,-0.16327098,-0.0054686214,0.5679342,0.028308522,0.1587257,0.058282573,0.17861545,-0.16284144,0.035546515,-0.2641523,0.024775084,-0.37106606,0.1323287,-0.12502337,-0.13466798,-0.110288925,-0.6084306,-0.04441713,0.21743631,-0.019786026,-0.3804133,0.18036887,-0.841593,0.034715172,0.022739846,0.035301544,-0.14365147,-0.3346644,-0.09938052,0.044850547,-0.1808753,-0.041609786,-0.19596817,-0.08273096,-0.14740618,-0.3943861,0.1946845,0.26734576
415,negative,-0.0842672,0.23426253,0.29576522,-0.04385263,-0.06043381,-0.3223189,-0.28851452,-0.2139048,0.18009493,0.22833502,-0.23768994,-0.04188842,0.30640557,-0.064176165,-0.13516822,0.04804139,-0.14314152,-0.24116892,-0.41159457,0.0021627594,0.23408878,0.0024226785,0.26431397,0.090232246,-0.009679648,0.005739073,-0.27092308,-0.155069,0.1525148,-0.019931963,-0.087533146,0.2490126,-0.03425387,0.028000405,-0.039595574,0.09218741,0.22901617,-0.0046014576,-0.17140016,0.011041342,-0.5527185,-0.24136789,0.2309847,-0.102732114,0.21687125,-0.19013642,0.2613331,-0.10474452,-0.17511088,-0.5984142,0.10067819,0.13767168,-0.035606388,0.9483832,-0.02860622,-1.6170937,0.09222182,-0.27039868,1.2102133,0.29475135,-0.13393539,0.3790579,-0.014233868,-0.23360385,0.526838,0.22087319,0.066520736,0.22680913,0.012041581,-0.14114821,0.31733966,-0.25339705,-0.19840652,-0.15929523,0.094714835,0.050641347,-0.12703513,0.13397235,-0.68000704,0.18492697,0.64483166,-0.02486666,-0.23499621,-0.02671042,-0.7490919,-0.14405203,-0.027671738,0.1258708,-0.056906562,-0.51693654,-0.03850082,0.20034331,-0.33438593,-0.127462,-0.6352062,0.099656716,0.1071172,-0.10263183,0.37057927,0.111251615
416,negative,-0.112613976,0.07419079,0.34599176,-0.0079870485,-0.1544745,-0.00067682774,-0.2346577,-0.18576358,0.1195334,0.23976329,0.15328981,0.5810269,0.03181446,0.13739367,-0.094416216,-0.24316645,0.09697596,-0.031008583,-0.48210326,0.032260604,0.23057114,-0.33052543,0.12120719,-0.086338036,0.0877356,0.2538881,-0.59220016,-0.19366634,0.29301396,-0.3451081,0.17612918,0.16437238,-0.12694024,0.06737914,0.047077432,0.05061137,0.21257004,-0.41205603,0.08011462,-0.13152246,-0.42472905,-0.12563717,0.2382432,-0.2201633,0.4599337,0.023965739,0.16045316,-0.063653454,-0.24041231,-0.4934289,0.1533856,0.11964891,0.10984434,0.8952302,0.020871611,-1.281155,0.11357463,-0.6109379,1.0083536,0.2501968,-0.17191483,0.19026701,-0.30366254,-0.1795322,0.3674803,0.3193432,0.030125502,0.42012075,-0.32866094,-0.2785861,0.0017791106,-0.20413657,-0.08721541,-0.21975102,0.054468885,0.16381639,0.029154837,0.022846933,-0.61889046,0.042999055,0.79771036,-0.12186925,-0.07115298,0.14840381,-0.6136005,-0.39086643,0.081773095,0.15233928,0.012605153,-0.2384953,0.0029763235,-0.10649132,0.1329151,0.026005173,-0.13280453,0.027697675,0.06746673,-0.10267561,0.14103173,-0.046606395
417,negative,0.009317765,0.013400919,0.2634187,-0.057257522,-0.05708988,0.05885066,-0.356713,0.045441154,0.1211854,0.22590575,0.05764023,-0.030332604,0.05996755,0.06616772,0.17387703,-0.3033213,-0.009402981,-0.08815415,-0.5770667,-0.15353557,0.08938527,-0.1181847,0.01783629,-0.023938123,-0.23427851,0.22862242,-0.116188355,0.11775602,-0.07289551,0.14650898,0.015028205,-0.15547602,-0.17586438,0.527236,0.046081513,0.13754772,0.06919128,-0.13535076,-0.047896244,0.0848065,-0.657309,0.08859369,0.32003054,-0.4144104,0.70841473,0.06704737,0.006855589,0.15299247,0.029250113,-0.5340878,0.15230902,0.20389023,0.12581283,0.71562856,-0.01707101,-1.6080818,0.2529755,-0.49246553,1.6981144,0.27831018,-0.040476054,0.41889152,-0.0067356005,-0.18263534,0.60888517,0.08582649,-0.44222787,0.18413928,0.07514934,-0.10466316,-0.058746573,-0.50916874,-0.2687326,-0.557602,0.39993215,0.4511584,0.112526655,0.22740181,-0.85814965,0.008000254,0.9143092,-0.27551198,-0.34771985,-0.015042851,-0.86110914,-0.002506746,0.3751951,0.34836486,-0.14043432,-0.2339895,0.19483037,0.07252766,0.09849044,-0.25885078,-0.33824268,0.36751944,0.15672754,0.08275175,0.24180205,-0.18487851
418,negative,0.10887558,0.543073,0.9181285,-0.62376475,-0.36052358,-0.16877832,-0.42884573,0.09531223,0.48813343,0.26583993,0.20847292,-0.2542154,-0.08301472,0.16420326,0.26139027,0.07155876,-0.40237138,0.1826115,-0.3614468,0.51784444,0.60697496,0.2414445,0.28444347,-0.5306779,0.14547475,0.32898054,-0.31089264,-0.056508627,0.20784214,0.020204151,0.26287428,-0.07641908,0.010353981,-0.36700457,0.23620029,0.41900542,-0.27523747,-0.102581225,0.053643983,-0.02170017,-0.20305024,0.19523318,-0.07544116,-0.12375468,-0.27504703,-0.1916569,0.19954506,-0.11842427,-0.14344113,-0.83718604,-0.08514021,-0.020083461,0.26977423,0.8128822,-0.3064845,-1.2535809,0.2298335,0.40084326,0.7259848,0.013939707,0.197122,0.72186786,-0.14082476,-0.54351485,0.60905355,-0.18508175,0.38607135,0.40992144,-0.096437655,0.0141063165,0.09245153,-0.48307386,-0.42905518,-0.000909994,0.08714144,-0.04997315,-0.034701366,0.062494136,-0.50475955,0.17861266,0.4131098,0.14430977,-0.04470315,0.2961992,-0.9801566,-0.036414396,-0.03653224,-0.3080927,-0.33537713,-0.40690255,-0.20554554,0.16914877,-0.23955609,0.008109875,-0.543302,-0.23211534,-0.15227906,0.0561741,0.053882975,0.1582632
419,neutral,-0.17762902,0.019469371,0.11261276,0.027747693,0.009577507,-0.07966913,-0.16119806,-0.030861499,0.0522493,0.22681315,-0.027189605,-0.08557026,0.31333864,0.05212728,-0.004201414,-0.12698127,0.025523463,-0.21012278,-0.45743868,0.004500606,0.29991636,-0.16963354,0.10703041,-0.082560584,-0.017797379,0.027094644,-0.1053188,-0.17991433,0.26514515,0.019681817,-0.032553073,0.2093172,-0.020769067,0.041594375,0.09502448,0.023062896,0.105887726,0.037505675,-0.017005952,-0.017954335,-0.4576427,-0.031752728,0.27804193,-0.11878333,0.14729019,-0.17441455,0.2128203,-0.06445804,-0.18901634,-0.3848659,0.062816806,0.1824688,0.13979208,0.8876776,-0.10385312,-1.5999699,0.047462318,-0.26991272,1.26672,0.3235012,-0.110252246,0.28253365,-0.023982646,-0.13802823,0.5502585,0.12748404,-0.02980578,0.20809436,-0.06664698,0.035539094,0.2269561,-0.36574945,-0.16791952,-0.41757524,0.10970401,0.015735086,-0.06665575,0.07320257,-0.7105555,0.04411844,0.5363317,-0.019299429,-0.25181562,0.13403572,-0.8210117,-0.008019469,0.087891415,0.114849396,0.07019638,-0.25363752,-0.063634865,0.025221664,-0.20725396,0.12458994,-0.34761617,0.11052237,-0.04753855,-0.12199444,0.42342383,0.17451192
420,neutral,0.028282536,0.67146313,0.43542856,0.102431074,0.03743063,-0.4929242,-0.48933798,-0.15777528,0.16487585,-0.0744823,-0.12594765,-0.3204739,0.33371675,0.3875033,-0.16218945,-0.26965603,0.5808433,-0.5972062,-0.3337301,-0.26872414,0.6940557,0.32321548,0.14555636,0.3035491,-0.00048014123,-0.029665375,-0.18428631,-0.05984569,0.6747146,-0.1335137,-0.04428172,0.6822965,0.16114968,-0.26475877,0.028765878,0.13906892,0.317018,-0.1364746,-0.34907708,-0.32081458,-0.7364137,-0.18181685,0.3770294,-0.23020352,0.31936666,-0.19143237,0.45842817,-0.15888229,-0.14547528,-0.7096257,0.061073452,0.15898876,-0.10807215,1.1251993,0.0024132014,-1.6173042,0.017118316,-0.20079602,1.5743766,0.38657257,-0.29376915,0.54993963,-0.15519635,-0.14804967,0.50666815,0.09403094,-0.094782315,0.44242963,0.0034959672,0.43393487,0.5627221,-0.29554585,-0.3882275,0.044120323,-0.020698005,0.14504865,-0.25231516,0.29557195,-0.861646,0.26832327,0.7445135,0.18261185,-0.03775115,0.10829413,-0.9942955,0.19310093,-0.35935497,0.14739875,-0.02608332,-0.3952913,0.37514132,-0.03510788,0.021791358,0.19587739,-0.48818573,-0.071640335,-0.30116183,-0.2230428,0.071053326,-0.05155638
421,neutral,0.19375883,-0.15585148,-0.25874507,-0.4750032,0.56932765,-0.0010063746,-0.0699748,-0.09686469,-0.46515727,-0.29749584,0.029469186,-0.29238802,-0.050368905,0.051286116,-0.046508238,0.2602188,0.075366884,0.2019916,-0.14621158,0.23211886,0.13831776,0.14897671,0.46203867,-0.32087314,0.56885445,-0.28800318,0.24980876,0.0030878012,0.1922882,0.27315623,-0.13934569,0.54277956,-0.12485363,0.19568452,-0.17677438,0.1578424,0.123042054,0.25428778,-0.16962527,-0.17327586,-0.14869386,-0.34482214,-0.11945518,0.1800787,-0.16612262,0.0077307336,-0.050294496,-0.28440392,0.42027095,-0.07265009,0.12199014,-0.18772268,0.29404122,0.45486504,-0.24875511,-2.1964574,-0.31733847,0.055753652,0.5899668,0.2204716,0.22649679,0.6980611,-0.11179047,-0.018442536,0.69751,-0.21464097,0.39312634,0.57640105,0.05497706,0.28136432,-0.13538952,-0.02457473,-0.36734626,-0.30506852,0.0071819834,-0.35280317,0.2651715,0.1761271,-0.6678422,0.12814218,0.0418046,-0.051734976,0.52814764,-0.17212246,-0.8014971,-0.23040342,-0.32317317,-0.1254732,0.23545733,-0.18229291,0.29988167,-0.39528328,0.38678202,0.15604126,-0.3727837,0.112948224,0.035833392,-0.10758294,0.22878881,0.07127342
422,negative,-0.11340712,0.46928656,0.42332825,-0.31426787,-0.33591706,0.17929758,-0.04872722,-0.020233719,0.20484623,-0.3854807,0.017037768,0.18902588,0.068673156,-0.17830165,0.0813666,-0.22512779,0.08615878,0.09489934,-0.0855774,0.36064863,0.27369127,0.03705933,-0.03815296,0.072250396,0.16871561,0.25640327,-0.11935944,-0.23272444,0.3440686,-0.07680629,0.030084234,0.46380836,0.26262474,0.05959448,0.19065198,0.098585896,-0.27082977,0.12780836,0.07223261,-0.218153,-0.2446991,0.07895222,-0.074738696,-0.5719754,-0.16557458,-0.16940236,-0.02255118,-0.16948622,-0.51554376,-0.4813673,-0.21634406,-0.08729322,0.13857917,0.61959547,-0.12435088,-1.4060103,0.18142708,-0.04840149,1.1262548,0.23682219,0.037949577,0.5033573,-0.3883223,-0.14710905,0.57688916,0.17910999,0.28905708,0.31161302,0.012413711,-0.3202047,-0.09655598,-0.2521018,-0.065882124,-0.16860008,0.08683447,0.19403456,-0.2017001,0.017524712,-0.41970837,0.028537767,0.43232536,-0.09514157,-0.4784429,-0.11845304,-1.1047522,-0.3934534,-0.2206013,-0.031919066,-0.21251385,-0.25452572,0.05081735,-0.23203781,0.2559711,-0.013311984,-0.5064151,0.14853658,0.18506569,-0.03187286,0.2435657,-0.088708386
423,neutral,-0.003497264,-0.3723431,-0.07412612,-0.5167051,0.28669947,-0.16936548,0.05296733,0.04533541,-0.33837014,-0.2713444,0.010550609,-0.20221584,-0.082622014,0.10983156,0.25658005,0.16410659,0.09896236,-0.039392952,-0.18240236,0.04086706,0.32559612,0.09448449,0.19112137,-0.4212952,0.4697868,-0.04850311,0.34314477,-0.2266698,-0.013366136,-2.6607451e-05,-0.029684605,0.5884343,-0.11319407,0.10827106,-0.120383605,0.18266688,0.10789672,0.13325955,0.02087496,-0.13452767,-0.1491043,-0.093738705,-0.11260938,0.121194206,0.05684979,0.09919774,-0.29013014,-0.39744622,0.12918404,0.08143741,0.14666656,-0.21931358,0.049902808,0.29023746,-0.2151729,-1.5229584,-0.29313025,0.08961153,0.12729354,0.108396895,-0.010845466,0.37825036,-0.06476719,0.12249374,0.4029089,-0.02619985,0.33261997,0.52775025,0.01366335,0.34976697,-0.06208104,0.06940396,-0.19542643,-0.33139336,-0.19773193,-0.28178415,0.18841256,0.1728692,-0.36108014,0.109864354,0.15350887,0.0049932674,0.27982727,-0.16798341,-0.45769298,0.14312547,-0.15526497,-0.06630199,0.16440637,-0.18568474,0.004045436,-0.20685427,0.25273588,0.24880996,0.0406997,0.19164212,-0.04126279,-0.40102163,0.0663969,-0.09577768
424,neutral,-0.19142708,-0.16031873,0.27663836,-0.16302268,0.05413396,-0.039256647,-0.16823351,-0.06268542,-0.15048857,0.29283333,-0.05807166,-0.24811389,0.33858052,0.10501836,-0.016401604,-0.19761032,0.21657595,-0.1799736,-0.7067495,-0.0045003556,0.2866882,-0.0046518804,0.1006834,-0.0035104956,-0.02267493,0.0038808377,-0.12514526,-0.26565924,0.3030563,0.014789782,-0.14380072,0.28546578,-0.11362659,-0.25857556,0.06684238,-0.113293566,0.08439336,0.21375653,-0.09073936,-0.0049291016,-0.31018206,-0.111177236,0.24485241,-0.0094638625,0.3023908,-0.15191962,0.10794925,-0.11469045,-0.20391114,-0.60477227,0.08965676,0.080190375,0.05599836,0.90217936,-0.039385512,-1.770863,0.036761537,-0.5103262,1.699808,0.6005103,0.023999786,0.3583083,0.057272304,-0.071895264,0.63274187,0.122364044,-0.13280198,0.3774054,-0.06019664,0.2373184,0.30950478,-0.4668258,-0.19488502,-0.33849803,0.083063096,0.028622175,-0.11600468,0.40575752,-0.8030495,0.17799968,0.75256103,0.22361745,-0.23692137,0.14028512,-0.97207135,-0.030860795,0.29680994,0.27894482,0.28391913,-0.43250144,0.016543448,-0.20735446,-0.28300092,0.14619467,-0.36658117,0.25088856,-0.043080747,-0.07679605,0.40524977,-0.04082062
425,negative,-0.08016275,0.27854642,-0.06843614,0.10984598,-0.10597564,0.028148744,-0.22685204,0.09604808,0.06891828,0.38960612,-0.14088032,-0.17918822,0.07467945,-0.17316072,-0.0058044675,-0.1105118,0.03213325,0.14238438,-0.47111678,0.07431632,0.22160468,-0.22527845,0.11278049,-0.17051831,-0.023947906,0.07868164,-0.08723766,-0.054411635,0.066152856,0.01523504,-0.13905749,0.09859635,-0.17154627,0.03081415,-0.031691886,-0.1907278,0.13293818,-0.0031758165,-0.12755632,0.045348346,-0.2968428,-0.119926594,-0.01731727,0.05699786,0.19371513,-0.25516918,0.309849,-0.008452432,-0.22143655,-0.404586,0.046407048,-0.050113063,0.110260166,0.83740616,0.07578596,-1.4720831,0.14653601,-0.290502,1.1377044,0.20429248,-0.015860982,0.21614356,-0.06907373,-0.07947213,0.62469286,0.0057322793,0.12062924,-0.06128133,0.22240339,-0.12327304,0.08147647,-0.36660516,-0.15144105,-0.24235067,0.101121426,-0.0553093,0.02213361,0.09794923,-0.71689683,0.26853228,0.57033765,0.16692561,-0.32134962,0.16981772,-0.8180511,0.1433369,0.17035015,0.04327869,0.013138963,-0.17400235,0.015296453,-0.18734924,0.035732977,0.1869908,-0.39638606,-0.06724219,0.08176997,-0.25736412,0.41730252,0.11548281
426,neutral,0.06813331,0.29254606,0.11234831,-0.14354502,-0.10482746,-0.60252464,0.032723345,0.30650303,-0.18034892,0.0060726725,0.20451988,-0.24164733,-0.08570985,0.001956802,-0.02263323,-0.30684075,0.024757382,-0.121354975,-0.29550165,0.12414048,0.6116546,-0.102042004,0.1130371,0.39029214,0.22916609,-0.27934107,-0.20503597,-0.2351723,0.15418778,0.11487235,-0.12577765,0.29886496,-0.40969083,-0.19018292,0.096130885,0.38741472,0.29589227,0.2614532,-0.0134347305,0.07621434,-0.15950581,-0.1844051,-0.006275626,0.0063422835,0.13525715,0.054337263,0.19692343,-0.32213724,-0.094650656,-0.7295779,0.19586869,-0.09771297,-0.04892465,0.8528171,-0.20953703,-1.5687597,-0.43629625,0.11199623,1.2504789,0.21245106,0.28892902,0.01821821,-0.2345989,0.22222231,0.21340251,0.1465416,-0.024827946,0.10263202,0.21974625,-0.22857912,-0.104532905,-0.08348957,-0.09519265,-0.040171057,0.04120486,0.16261275,0.29462516,-0.17006181,-0.79297596,-0.03389356,0.44504216,0.124542,-0.33866784,-0.1526784,-0.6855786,-0.1805249,-0.24213015,-0.19575016,0.0041862493,-0.09788796,-0.012228591,-0.04891681,-0.19241495,0.03202718,-0.3585214,0.19758952,0.052622914,-0.18032013,0.7832941,-0.43068188
427,negative,-0.09667747,0.32360452,0.39488998,0.019647826,-0.05727306,-0.071612634,-0.22290346,-0.09352488,0.12782544,0.08564055,-0.21410674,-0.06455529,0.14213401,0.068810545,-0.026012102,-0.19243872,0.16847572,0.01361181,-0.47279537,0.017318526,0.050237853,-0.15490797,0.074317746,0.07669672,-0.06004114,0.09440269,-0.42958897,-0.07900436,0.5238471,-0.09469644,-0.08201926,0.41814092,-0.022437876,0.062805764,0.16850238,0.2719286,0.0435991,-0.07253585,0.0069612553,-0.16767083,-0.40580612,-0.19731022,0.3461351,-0.6360256,-0.19953077,-0.27943182,0.014766835,-0.26704398,-0.20147383,-0.6188496,0.05118324,0.23177044,0.01759374,1.1623012,0.0683089,-1.8565356,0.118131235,-0.14768662,1.0426542,-0.052208405,-0.17344368,0.33196935,-0.1588213,-0.02411613,0.6763628,0.16739552,0.26534167,0.41271627,-0.24183427,-0.12707233,0.09044807,-0.321924,-0.15120354,-0.3280048,0.13303365,-0.035347153,-0.27048573,0.15640566,-0.6504445,0.12740238,0.7720855,-0.20548904,-0.26859048,-0.15650627,-1.0806366,-0.1672028,-0.120398894,0.45123273,-0.03549475,-0.43814623,-0.03749704,-0.13288404,0.16381346,-0.04531377,-0.3920537,-0.23406059,-0.100996666,-0.0027162554,0.15223424,0.07676763
428,neutral,-0.23075904,0.35225677,0.2093186,0.06357456,-0.00887283,0.08229438,-0.3128908,0.028102512,0.094896786,0.0379206,-0.25437495,-0.053742412,0.2804387,-0.023886623,-0.10639353,-0.22415705,-0.052779038,-0.1282859,-0.41856983,0.07603872,0.20609945,-0.113859884,0.12881424,-0.046294127,-0.012118756,-0.067674115,-0.114013605,-0.24955608,0.29586282,-0.14738278,0.0863128,0.27527228,-0.16539225,0.013592961,-0.06591752,0.10469194,0.18024449,-0.0013270342,-0.1666255,0.025221469,-0.6478621,-0.09214212,0.1388668,-0.1748335,0.10489825,-0.18561995,0.31787294,-0.29488224,-0.11725103,-0.70252144,0.17816979,-0.081983395,0.11171075,0.9968957,0.15759687,-1.8507776,0.17882726,-0.36527625,1.3067294,0.28534713,-0.027596638,0.4474357,-0.20652977,-0.41415995,0.76685977,0.14855875,0.1717745,0.057720274,0.19925918,-0.088230036,0.22403435,-0.31206384,-0.22903265,-0.13448097,0.15573822,0.065878704,-0.1670826,0.08285105,-0.8624607,0.094668545,0.6452023,0.008995925,-0.26524252,0.11308403,-1.1910826,-0.011863952,-0.12744646,-0.015683334,-0.13877462,-0.45201886,-0.0031272618,0.01603016,-0.16395664,-0.02342438,-0.38804975,0.083957426,0.058274984,-0.11812162,0.39284158,0.1971075
429,neutral,-0.19357379,0.16988663,0.43663183,-0.05645305,0.14693922,-0.0021860339,-0.1274983,-0.052221697,-0.038987342,0.060434382,-0.21390623,0.03323888,0.37203458,-0.058518324,-0.116634525,-0.2912914,-0.039074894,0.032745384,-0.5844051,0.053913053,0.13880289,-0.1268088,0.30310845,-0.08796831,-0.1786701,-0.011896803,-0.02133016,-0.30072045,0.2632348,-0.021379478,-0.022525005,0.33083752,-0.029082943,-0.08643709,0.02108977,0.20526968,0.13523269,-0.14945772,-0.112690166,-0.11919426,-0.49105573,-0.04763182,0.36373413,-0.36547887,-0.17356107,-0.20524792,0.22219457,-0.16484419,-0.104594186,-0.5667037,0.12501827,-0.039932635,-0.0083250925,0.8249916,0.0016800341,-1.7395362,-0.06480782,-0.12100715,1.0475867,0.26958346,-0.15312608,0.48487186,0.10495117,-0.305217,0.6302902,0.24481076,0.24580072,0.4133418,-0.07187517,0.015882742,0.22238077,-0.26122075,-0.3501524,-0.351288,0.008271902,-0.09067258,-0.24358527,0.070906945,-0.52363247,0.14818622,0.4763452,-0.16007036,-0.24750783,-0.08536975,-0.7920259,-0.10058096,-0.13929948,0.066786535,0.13872223,-0.28670868,0.02299608,-0.021811277,-0.1773473,-0.07323734,-0.47809252,0.16834946,0.06955714,-0.10187931,0.32635197,0.10525928
430,negative,-0.035923857,0.076084696,0.3971677,-0.14819431,-0.27316177,-0.4669073,-0.10740907,0.011383252,-0.02576002,0.04771293,-0.11490044,0.17853658,0.020041497,0.2051699,0.0810731,-0.020836253,0.046729203,0.037235893,-0.23120637,0.1726539,0.057093456,-0.20542476,0.071937546,0.07089782,-0.07473302,0.10164835,-0.019730834,-0.3729199,0.07742909,-0.14001904,-0.2699074,0.28617573,-0.122768186,-0.004484908,-0.30216485,0.1129328,-0.29156289,0.1319952,-0.1314101,-0.15752605,-0.64149797,0.050411172,0.04378635,-0.45176026,0.016506089,-0.32377788,0.39612514,-0.13493517,-0.25448227,-0.3653015,0.3538893,-0.3331765,0.30105793,0.5678354,0.07012939,-1.3808616,-0.09892689,-0.013929076,0.7509006,0.14431484,-0.14511609,0.0604953,-0.2877679,-0.31111836,0.2790261,0.2709688,0.1938536,0.43602002,0.0056187175,-0.004212048,0.12640132,-0.04181152,-0.2300881,-0.2755574,0.119077936,-0.053959,-0.22916128,0.045259576,-0.5440009,-0.020187452,0.50040406,-0.06441417,-0.558029,-0.055736415,-0.85870296,-0.26396048,0.1501678,0.014185018,-0.119180605,-0.23046927,0.2954089,0.03978876,0.11676275,0.1102088,-0.03415451,0.1090654,0.011223229,-0.00025666266,0.17686306,0.08044692
431,negative,-0.055812895,0.26044083,0.23689781,-0.030873204,-0.094495796,0.31428006,-0.31956992,-0.053382676,0.1290873,0.0075629256,-0.16642253,-0.011712412,0.16693404,-0.009786748,-0.08381472,-0.055203743,0.029293597,0.0055586165,-0.47419816,0.19436349,0.21349603,-0.029879296,0.17724141,-0.018547423,0.14444299,-0.03856758,-0.13329248,-0.21049014,0.21383803,-0.005257034,0.18765584,0.12940316,-0.16175003,0.10564683,-0.057262905,-0.039629504,0.11893772,0.055635143,-0.027000356,-0.06909346,-0.59054005,0.0055318256,0.049837176,-0.20388348,0.16505578,-0.11928904,0.22739625,-0.069977574,-0.16903038,-0.61177367,0.21835783,-0.015690114,0.07094121,0.95225537,0.026137792,-1.8150941,0.021000344,-0.25522423,1.291265,0.23277046,-0.10625958,0.41097242,-0.09808497,-0.20735542,0.7108632,-0.013822113,0.12847543,0.12325041,0.02502186,0.018404944,0.08947085,-0.21541399,-0.22365125,-0.27259323,0.23385088,0.15613371,-0.09398106,-0.0536389,-0.7865923,0.05711143,0.54155684,0.105399884,-0.18431194,0.17700063,-1.028713,-0.20312223,-0.08607024,0.042763382,-0.09665403,-0.41791236,0.002600084,-0.082999706,-0.0086560175,0.03965339,-0.31070814,0.09101462,-0.065009445,-0.16976465,0.33235937,0.16295154
432,negative,-0.29376855,0.030347597,0.14154428,0.10945946,0.004059985,-0.3520413,-0.14457925,0.030670468,0.076025866,0.46082497,-0.101948224,-0.034659777,0.3969223,0.23911597,-0.073336065,-0.03630393,-0.24230103,-0.2825968,-0.38463354,0.0139762955,0.47521234,-0.18586142,0.18171558,0.07812847,0.012966471,0.1959711,-0.26892918,0.09461637,0.18732753,0.0926064,-0.17134662,0.125816,-0.17111415,-0.014695474,-0.032693755,0.008028164,0.22358763,-0.20020762,0.09264089,0.05667872,-0.58102995,-0.038049974,0.27079844,-0.04037995,0.4354524,-0.1280495,0.1765397,-0.09224357,-0.018345866,-0.4608463,0.18336035,0.07928722,0.010500093,1.0421919,-0.1432646,-1.775369,-0.13331299,-0.28282532,1.3645111,0.41574964,0.009386019,0.31775758,0.06418892,-0.16356206,0.42096758,0.1059948,-0.076680645,0.17914999,-0.16618122,0.14246985,0.3478104,-0.59542495,-0.50126326,-0.43261853,0.1643334,0.027219556,0.012988315,0.25416535,-0.8210085,0.16333184,0.82557404,-0.18242544,-0.2786522,0.08846057,-0.7295781,-0.15091155,0.18933448,0.15955168,0.13060905,-0.3099277,-0.07589812,0.24048431,-0.36550277,0.07031662,-0.44687718,0.32467103,0.18560869,0.1714283,0.33135492,0.22151424
433,neutral,-0.13187371,0.017654985,0.14332287,-0.18330054,-0.070961885,0.4094161,0.027727835,0.24994259,-0.03428471,-0.063062385,0.004957484,-0.049109623,0.109874494,0.12595367,-0.07818367,0.0448368,0.017353479,0.17213683,-0.39439178,0.27126715,0.20854406,-0.08332018,0.09645623,0.10539844,0.33172655,0.089195445,-0.40784258,-0.3649614,0.23492508,-0.13558255,-0.2418462,0.32226333,0.17264095,-0.0515702,-0.02515566,-0.21525005,-0.13647234,0.011278834,-0.09418791,-0.103227645,-0.15812415,0.13988301,-0.11077188,-0.25228432,0.079186015,0.18051787,-0.08038224,-0.47189394,0.18058623,-0.32616174,0.14869255,0.32099992,0.25170767,0.5187929,0.040720105,-1.6455768,0.0835641,-0.045137078,0.6944997,0.33167472,0.04971423,0.717801,-0.36149624,0.031822685,0.41955647,0.0826863,0.334146,0.4544056,-0.17255354,-0.29989484,-0.065185755,-0.06606827,0.28318372,-0.2704967,0.116526276,0.21007213,0.0880503,-0.02290152,-0.37084985,-0.14361641,0.080725096,-0.098127924,-0.24711384,-0.071769275,-0.6416207,-0.34239426,-0.013232521,0.0059847333,0.03852369,-0.009474547,0.09667307,-0.019941136,0.018880134,0.19814804,-0.33959943,0.06367573,-0.1385919,-0.057639454,0.12841098,0.20802993
434,neutral,0.020100467,0.18853188,0.25174254,-0.13662772,-0.0059161326,0.15627508,-0.23110807,-0.109811984,0.0012152151,0.01817501,0.0065672267,-0.067082234,0.069957405,-0.024100192,0.16414961,-0.13279882,0.090503536,-0.018228563,-0.19107139,0.3508833,-0.0015539262,-0.031193245,0.19194545,-0.38793078,0.24472035,-0.07883164,0.052149344,-0.09847968,0.18108277,0.08663804,0.031812582,0.49822226,-0.08845274,-0.0065589785,0.18984075,0.13425201,-0.109524556,-0.12513237,0.040552165,-0.18084647,-0.28650153,0.024194213,-0.08464357,-0.06753948,-0.080248475,-0.2244508,0.26124236,-0.2825105,-0.048802502,-0.6175636,0.19031394,0.22461107,0.2073237,0.6309467,-0.09240154,-1.4973676,-0.05772876,-0.14100656,1.0937526,0.10866362,0.053641506,0.47009954,-0.20863996,-0.19539899,0.5167934,-0.020090785,0.25791833,0.24453308,0.024674023,0.028093515,0.0049084863,-0.2688634,0.12875806,-0.25698906,0.01189454,0.019035548,0.06923448,0.0017480074,-0.4437429,-0.13268477,0.460454,-0.38082772,-0.17342614,0.11388109,-1.079787,-0.06524282,-0.059997905,0.027775206,0.08529332,-0.1963399,-0.08056028,-0.020471238,-0.06569806,-0.033476282,-0.17812839,-0.0033710108,-0.3173023,-0.1850574,0.43853396,0.102899075
435,neutral,-0.24389105,-0.002291822,0.20889688,-0.2075932,-0.18326287,0.55470663,-0.119066544,0.13734587,-0.03815605,0.044529248,0.044193033,0.013896739,0.059407935,0.20272487,0.00019433463,0.041525334,0.048336726,0.049759887,-0.25175628,0.16653603,0.17894956,-0.099465385,0.029220013,-0.16326432,0.12946504,-0.05465604,-0.31092447,-0.25773832,0.1625836,-0.22208193,-0.37342116,0.4404692,-0.065325595,-0.044279013,0.006297399,-0.048386324,-0.20169657,-0.092671186,-0.112996735,-0.105896406,-0.11672382,0.04293547,-0.25447512,-0.3494653,0.00932937,-0.038574535,0.015723512,-0.373525,0.20143072,-0.48695037,0.07446362,0.254869,0.063633986,0.736039,0.12519063,-1.7750182,0.0396055,-0.16290924,0.98459375,0.34254053,0.13498671,0.68436855,-0.45186514,-0.059027985,0.53687567,-0.03909262,0.26691717,0.47264388,-0.16308302,-0.37298298,-0.011974673,-0.15138249,0.29321724,-0.6114161,0.03627018,0.038244743,-0.15061226,0.03967204,-0.34964153,-0.18191318,0.2694405,-0.049706288,-0.38881695,0.077731274,-0.6937227,-0.35932836,0.19916046,0.10260427,-0.14497758,0.09175731,0.0030089873,-0.09018896,-0.17801493,0.011411009,-0.41149232,0.07994206,-0.17488074,0.06839849,0.5131464,0.27454448
436,negative,-0.16483879,0.36552426,0.36943612,-0.16501503,0.18242286,0.027449222,-0.06330466,-0.13140444,-0.2751894,0.2009163,-0.1779852,-0.1515425,0.46741655,0.19652155,-0.047215924,-0.060555525,0.31461832,-0.20242248,-0.36960876,0.26998234,0.6025461,-0.20134738,0.11726894,-0.1479892,0.34383643,-0.012497754,-0.075572655,-0.20118727,0.3791294,0.08229612,0.113249905,0.1882324,-0.107706286,-0.40425998,0.09792836,-0.091932654,0.12645385,-0.046243437,0.10219213,0.13330717,-0.6382293,0.009247315,0.3402767,-0.011775092,0.45194972,-0.32042846,-0.06350343,-0.119470574,-0.14362942,-0.32225683,-0.29610848,0.08147068,0.04020471,1.1373616,0.026947761,-1.9680798,-0.079620704,-0.1841204,1.1945632,0.52155125,0.03787108,0.6660415,-0.017518949,0.014022536,0.52926564,0.068575285,-0.057161883,0.35674638,-0.22571512,0.17553546,0.13692382,-0.28577483,-0.38543004,-0.18049964,0.051345766,0.051087067,0.04961738,0.1334942,-0.7001288,0.06568932,0.4980889,0.12268549,-0.032277845,0.079775624,-0.9141081,-0.20179287,0.07523069,0.19698468,0.29285246,-0.14413655,0.19068842,-0.15748224,-0.12959085,0.21765801,-0.54638803,0.09520981,-0.07139381,0.04581866,0.3420883,0.03593591
437,neutral,-0.19398685,0.17002161,0.21127799,0.025565403,0.09213779,-0.118616425,-0.17251523,-0.07685894,0.03892797,0.13794109,-0.19525753,-0.14761922,0.27177927,0.19368766,-0.13171808,-0.08512744,0.13979724,-0.33670473,-0.3661849,-0.027758913,0.20537454,-0.14006406,0.15240698,0.011097317,-0.055848014,-0.12067308,-0.16158539,-0.0993942,0.20889044,0.054128,-0.100398906,0.116313614,0.09602037,-0.23692417,0.091079965,0.18446735,0.21744458,0.07230293,-0.029778702,0.19627798,-0.51469153,-0.23658022,0.093322195,-0.15925215,0.092041075,-0.12899202,-0.03722902,-0.27496803,-0.0747992,-0.30438134,-0.03449871,-0.11522016,0.039578654,0.8157189,-0.10255214,-1.7553385,-0.102123044,-0.2855444,1.0493501,0.29072216,-0.028218089,0.5919821,-0.016679212,-0.24020444,0.5209446,-0.025662566,0.012581037,0.26275405,-0.24301443,0.16624647,0.19995987,-0.32711822,-0.29202527,-0.49172485,0.20421927,-0.10380197,0.010565867,0.08713662,-0.59577686,0.047956977,0.39210266,-0.016844863,-0.10920931,0.09760681,-0.7856933,-0.14531681,-0.14556096,0.14290623,0.08666657,-0.3690481,-0.04234889,-0.059426595,-0.158389,0.09324875,-0.62460995,0.15148132,-0.066378914,0.06407601,0.3587073,0.26106286
438,neutral,-0.027699895,-0.037167672,0.16229469,-0.15875332,-0.042948026,-0.21800688,-0.32364753,0.18076128,0.005997619,0.12958229,0.15813416,0.06485075,0.15016961,0.031268347,0.050723497,0.08198275,0.05445684,-0.1641855,-0.29275835,0.010495893,0.34511706,0.017286317,-0.0363023,0.06429667,-0.025511945,0.3087999,-0.15910421,-0.17595755,0.23375371,-0.11459885,-0.12150189,0.22743483,-0.17230861,-0.029695816,-0.019813191,0.16842206,0.07731664,-0.13106017,-0.18948089,-0.11926853,-0.50488305,-0.13555168,0.20992538,-0.17311989,0.061788235,-0.2787502,0.2602462,-0.18675584,0.005585253,-0.60461545,0.1656177,0.2836949,0.08100657,0.9669961,-0.06388558,-1.8986207,-0.13116455,-0.4263592,1.4512717,0.39064276,-0.39330453,0.52211475,-0.20907655,-0.38420853,0.48094356,-0.06414368,-0.082833774,0.26689467,-0.1930069,0.21585166,0.13257076,-0.38799718,-0.41297957,-0.31808117,0.2550374,0.13774982,-0.12966232,0.18166956,-0.84806705,0.14127347,0.5597887,-0.3755088,-0.093550466,0.13314012,-0.96529704,-0.076678835,0.13488232,0.39272037,0.19195074,-0.63095385,0.07378634,0.015308853,-0.1893491,0.05902971,-0.42489257,0.022494424,0.029033778,-0.3232321,0.3788804,0.28704354
439,neutral,-0.24242266,0.077416204,0.20436467,-0.104824185,-0.046826545,-0.15510678,-0.034767922,-0.13421528,0.13163593,0.16869986,-0.049818333,0.0267713,0.119625844,-0.18193412,0.04738749,-0.18685196,0.039180994,0.031535957,-0.17440365,0.10717483,0.24115327,-0.13662426,0.18764181,-0.20868972,-0.027246455,-0.10219464,-0.08191459,-0.21879691,0.0791191,-0.06920911,0.045450747,0.3631002,-0.21587898,-0.10405996,0.021233672,-0.06429207,0.15823567,0.088349596,-0.11693245,-0.11681603,-0.41211632,-0.013243101,0.14077018,-0.22490221,-0.056859825,-0.28833586,0.2833137,-0.1378156,-0.1606673,-0.50112754,0.16685213,-0.070733346,0.12613215,0.77545136,0.18740924,-1.7503978,0.17508231,-0.022404274,1.0190381,0.37643948,-0.03687615,0.3387874,-0.22910859,-0.111431,0.6154087,0.18508796,0.2589319,0.20918368,0.04468295,0.011468486,0.16280726,-0.15992343,-0.20410413,-0.22236165,0.022479206,-0.10514045,-0.15313818,-0.040501233,-0.6679354,0.09772694,0.46469274,0.029497208,-0.3677462,0.0535082,-0.9443574,0.10274678,0.18024011,0.0449045,-0.04185725,-0.37574384,0.05298968,0.022822926,0.032580525,-0.050773002,-0.18526517,0.13537484,0.026298735,-0.20174551,0.3155495,0.21377629
440,neutral,-0.051417388,0.10933464,0.47383726,0.09044144,0.15412723,-0.3713484,0.012394086,0.22068202,-0.1278539,-0.084230974,-0.27742073,-0.11153091,0.29381904,0.119038604,0.16923685,-0.23958927,0.22151239,-0.23132825,-0.32650194,-0.32622808,0.33602673,-0.0073528015,0.4630097,-0.007270697,0.16956663,0.0063535287,-0.049198188,-0.18089004,0.2814331,0.045891304,-0.29891592,0.25837794,-0.007475249,-0.16913429,-0.013013545,-0.011536037,0.15810207,0.04054158,-0.20129439,0.061690856,-0.6110762,-0.46369243,0.098305665,-0.09120081,0.30272573,-0.031007268,0.2847842,-0.17492093,-0.0020829977,-0.34089434,-0.08067045,0.35797682,0.057167824,0.66421485,-0.17601584,-2.0896618,-0.28517646,-0.30554625,1.6161985,0.2845624,-0.4331875,0.29930583,-0.25374156,-0.3343253,0.4682949,0.0889794,-0.15583663,0.07140551,0.5216817,-0.09524977,0.0613746,-0.42897683,-0.105053894,-0.27492398,0.16650748,-0.32420465,0.036293603,0.18399423,-0.71740395,0.02201038,0.43622154,0.21901405,-0.26440287,0.18926899,-0.8301286,0.031236265,-0.121355034,-0.16040923,0.07575364,-0.16731462,0.002667959,0.05899999,-0.034280185,0.048261784,-0.3006829,0.25272587,-0.25806534,-0.10095631,0.52157366,0.16180588
441,negative,-0.15478621,0.25961065,0.17389879,-0.03640941,-0.10602767,0.23831888,-0.09054045,0.08238857,0.13581993,0.16677055,0.0018739279,0.042432852,0.4198648,-0.01576312,-0.011777816,-0.19308299,0.010637382,-0.15808858,-0.43902245,0.21479836,0.3889396,0.01183685,0.10998958,-0.039850872,0.18491647,-0.10982722,-0.08012724,-0.16697793,0.075495124,-0.0152107375,-0.016450532,0.23026492,-0.14084245,0.005939544,0.0109528415,-0.011344631,-0.00085121655,0.09311548,0.0813562,-0.004752494,-0.50230366,-0.13136604,0.048440836,-0.22838052,0.01833045,-0.046384897,0.09806258,-0.106536254,-0.11098437,-0.48699304,0.10290247,-0.05709481,0.037824802,0.93223894,0.00041727046,-1.7649227,-0.0694994,-0.29218304,1.3044281,0.36909515,-0.07727815,0.6768845,-0.13397758,-0.18013683,0.5434303,0.11901281,0.1589841,0.10544873,0.12901883,-0.063683994,0.08905452,-0.24393009,-0.088920236,-0.289052,0.25704402,0.036951024,-0.041713722,0.095162004,-0.7715299,-0.09929685,0.48831153,0.223417,-0.25106904,0.035870887,-1.0341246,-0.003187525,-0.07305588,-0.16384786,-0.06762972,-0.18861572,0.041385714,0.015266148,0.031842098,-0.09766567,-0.6331481,0.10206073,-0.11193594,-0.09382653,0.28025314,0.18755408
442,negative,-0.11129457,0.40764934,-0.0834767,-0.14173916,0.21238986,0.2982322,-0.2279244,-0.03560406,0.23339854,0.0736658,0.026038278,0.19441064,0.079467975,0.008624718,0.08209806,-0.054779626,0.0010414852,0.25780246,-0.4807801,0.117842555,-0.00040563915,-0.08965806,0.29956844,-0.105580956,0.05861131,-0.18658935,-0.11895312,-0.24282375,0.10373764,-0.3449729,0.20515868,0.3035231,-0.21633758,0.380071,0.03741748,0.08424651,0.17471075,0.054100074,-0.20497027,-0.19300966,-0.4245467,0.25496984,0.35143635,-0.40879387,-0.15893197,-0.094769165,0.4840405,-0.44707447,-0.13237733,-0.79010165,-0.1417056,0.0031698083,0.34344372,0.8359152,-0.20693609,-1.1927677,0.1572017,-0.15428679,0.7851449,0.48610684,-0.08870126,0.4884383,-0.20035522,-0.11901315,0.5434946,0.045081764,0.4297331,0.42408413,-0.04133841,0.064782955,0.20641637,-0.54125327,-0.24220778,-0.09098745,0.14314288,-0.26592535,-0.17916133,0.17822208,-0.7336844,0.12217638,0.4259147,0.0708631,-0.33923894,0.27083343,-1.0213509,-0.19978678,-0.057806164,-0.031378176,-0.31869388,-0.22012998,-0.2469845,-0.2719517,0.07401927,0.0713666,-0.14583601,-0.183386,-0.21897121,-0.109940134,0.18662262,0.34394407
443,neutral,-0.2282602,0.18978837,0.19252862,0.27468115,-0.009889694,-0.06344933,-0.16483311,-0.09932859,0.20392586,0.114958726,-0.063934505,0.049319375,0.015845066,-0.11091594,0.059720043,-0.108925454,0.06415171,0.12399368,-0.18048456,0.027894605,0.16975242,-0.18367408,0.18596953,-0.072745666,0.2358202,-0.06144181,-0.11869973,-0.36327815,0.014617319,-0.23141164,-0.044128343,0.28164124,-0.13149044,-0.08863111,0.065953925,0.12463607,0.24161789,-0.009321694,0.15224144,-0.13611771,-0.3009466,-0.12587866,0.08741054,-0.22836359,-0.17783508,-0.06972305,0.25736082,0.07562495,-0.34788626,-0.43240395,0.096242525,-0.06788364,-0.10060297,0.96348923,0.10665261,-1.3386338,0.08677656,-0.2176171,0.94424736,0.33607554,-0.22665218,0.17542452,-0.16955613,-0.0741911,0.7132513,0.07367135,0.033886705,-0.01991764,0.113898665,-0.15325102,-0.0019238672,-0.17145123,-0.026124543,-0.3645882,0.11584729,-0.2312532,-0.011163958,-0.080869086,-0.5105981,-0.032255296,0.26350278,-0.074476086,-0.27759105,-0.09430048,-0.7355828,0.01236087,-0.008559307,-0.109887965,-0.059761476,-0.21177252,-0.18381917,0.13863494,-0.2715014,0.0076656067,-0.20632,-0.13096498,-0.008498463,-0.16847195,0.27668545,0.27522013
444,negative,0.20800702,0.2950905,0.2791097,-0.18105575,-0.05215145,-0.21120514,-0.07242873,0.11144501,-0.08045065,0.13909924,0.05532278,-0.10420309,-0.13927668,-0.029072996,0.18849975,-0.21659236,-0.24696785,0.2200984,-0.18587975,0.19522122,0.28346744,-0.13836116,0.2038588,0.0940274,0.30579644,0.038066264,-0.23058465,-0.3566499,-0.13645083,-0.06513855,0.009155357,0.24017803,-0.0070978343,-0.048575442,-0.009327444,0.2896412,-0.048496827,0.09915153,0.20949869,-0.053871803,0.105762675,-0.2535054,-0.093267515,-0.2692135,-0.05860277,0.059222028,-0.13128863,-0.36814097,-0.035475083,-0.75722766,-0.088663,-0.15283328,-0.02033282,0.75101274,-0.20193058,-1.2786258,-0.04434593,-0.20314206,1.1718123,0.027892139,0.14661868,0.21278109,-0.25963494,0.032860044,0.29834116,0.11471046,0.3618838,-0.15292464,0.28742546,-0.14375146,-0.17679113,-0.10938708,-0.041307487,0.0757962,0.024007022,0.10257521,0.11458718,-0.13703753,-0.5463655,0.098709516,0.34713364,0.14665568,-0.14768612,0.09822744,-0.67071474,-0.28090417,-0.06054592,0.06465,-0.069775656,-0.22539885,-0.008835171,-0.034770243,-0.07214972,-0.28733012,-0.50424224,-0.13344327,0.15915285,0.0030873234,0.19625154,-0.13257752
445,negative,0.23484224,0.42251548,0.34656745,-0.32583356,0.018837424,0.016883442,-0.6805995,-0.08216186,0.14365156,0.43215966,0.23348935,-0.3702675,0.28155413,-0.020236015,-0.2214932,-0.44160122,0.2563995,-0.4594845,-1.2119546,0.0047326437,0.5124074,-0.21650964,0.21734716,-0.067030065,-0.14126864,0.55163443,-0.2612902,-0.025969377,0.6629124,0.31873304,0.19628417,-0.14600709,0.18521267,0.21194853,0.25042397,0.25911564,0.11400542,0.054489568,-0.22345752,-0.13900736,-0.75307816,0.4775391,0.42929402,-0.56048244,0.1341622,-0.4863088,0.1906377,-0.16049084,0.025864782,-0.37835422,-0.4422565,0.36182764,0.5093866,1.0950723,-0.2630647,-1.2238595,0.026000561,-0.107933305,0.89918333,0.17690139,0.040578328,0.11989775,-0.24464923,-0.42937157,0.35309854,0.3759991,0.40874946,0.09716383,-0.038927156,-0.05631208,0.6590627,-0.14897147,0.10634866,-0.40495485,0.23461378,0.07599133,-0.50611717,-0.16799071,-0.86386937,0.2461042,0.8663777,-0.33242148,-0.31087157,-0.16372961,-0.70949686,0.15444809,-0.46035734,-0.2609829,0.15191965,-0.5179121,0.16771987,0.17713164,-0.17532226,0.46228382,-0.46433455,-0.22799256,0.13184932,-0.2743669,0.27055523,0.14412232
446,neutral,0.1727135,-0.05279639,-0.11054884,-0.4974376,0.11595093,0.2262447,-0.014386028,0.24059509,-0.1568439,-0.44835886,0.2329888,0.09877125,0.1785143,0.3121023,0.12805508,0.02330967,0.07914787,0.35661978,-0.23466864,0.1620386,0.5774248,-0.32309356,-0.2025551,-0.22224537,0.6002167,0.19912682,-0.31566513,-0.34142387,0.121320754,0.23695837,0.057306506,0.17692772,-0.0529483,0.26021373,0.038369402,0.23496205,-0.2514439,0.3957563,0.17895457,-0.18219243,-0.30169666,0.022414047,0.24413328,-0.10271637,-0.68103915,0.15361133,0.04850174,-0.14311221,0.07200441,-0.14087473,0.012090086,0.11261456,0.16242094,0.71678257,-0.057665646,-1.7203356,-0.36652446,0.3787133,0.6946634,0.18367544,0.30094758,0.6845144,0.11484786,-0.0277159,0.578853,-0.070468426,0.22069234,0.17359346,-0.22672242,0.045891374,-0.03219276,0.064675786,-0.01800761,-0.100131586,0.14430048,0.070254214,0.1476462,-0.027575297,-0.16122356,-0.0974536,-0.25398314,-0.14218095,-0.29125053,0.030864425,-0.63827485,0.021987885,-0.16779369,-0.26803553,0.25586104,-0.3178233,-0.07566953,-0.11550882,0.19671029,-0.06754843,-0.20787399,-0.61591625,-0.15953729,-0.48032212,0.58810216,-0.07910465
447,negative,-0.14182031,0.17324713,0.29424593,-0.14422183,-0.0029331113,-0.1448165,-0.22582512,-0.03338825,-0.04589898,0.20856717,-0.010322847,-0.14177781,0.13544893,-0.20848067,-0.039749004,-0.14458455,0.09810375,0.03046928,-0.24528623,0.1391863,0.24538994,-0.27265555,0.15608847,-0.017033584,0.053282063,0.019737843,-0.3058407,-0.21848372,-0.1350052,0.09457077,0.004383297,0.4485773,-0.24206567,-0.1275001,0.06475844,0.12894678,-0.11218178,0.006084538,-0.03452497,-0.12818803,-0.4920321,-0.036080256,0.17716222,-0.29471728,-0.066337794,-0.13015114,0.20203513,-0.29089284,-0.10138429,-0.7075242,0.15354423,0.007353528,-0.025987174,1.0229318,0.11779575,-1.8816087,0.1601057,-0.115429975,1.5865463,0.27277437,-0.15896913,0.28694728,0.11784175,0.06707481,0.6096929,-0.07388562,-0.09800493,0.23509759,0.10599398,-0.16300948,0.27371553,-0.2642071,-0.12642367,-0.17631736,0.05303176,-0.10323832,-0.12902631,0.17783625,-0.7546256,0.105013594,0.6093994,0.03745804,-0.38689753,0.01981521,-1.261224,-0.0367609,0.21670355,-0.046051227,-0.36819077,-0.43063217,0.0100013325,-0.024302024,-0.15371843,-0.034483865,-0.17484231,-0.082703084,0.053797696,-0.2831839,0.40707886,0.11068769
448,negative,-0.23778589,-0.2713203,0.030827386,0.12264724,0.053002663,-0.20615505,-0.24598151,0.16207138,0.0984165,0.20686804,0.023308342,-0.20819826,0.2276407,0.30190346,-0.018092547,-0.13942926,-0.012244525,-0.23639691,-0.8226473,0.16127081,0.2822405,-0.34780365,0.38636294,-0.008316266,-0.052414432,-0.055607073,-0.013557419,-0.3971219,0.4241574,0.12365144,0.020446971,0.1282471,-0.12653962,-0.03365773,-0.18567319,0.019040624,0.2218171,0.026807886,-0.20658796,-0.010696449,-0.52047026,0.04262851,0.4614358,-0.010749687,0.093702056,-0.40781778,-0.022699917,-0.008953225,-0.14607882,-0.39014134,0.37223533,0.04533986,0.26739976,1.1113716,-0.09063205,-1.5982585,-0.121409364,-0.1336917,1.1204934,0.33872497,0.0078821,0.17848861,-0.016594216,-0.19728075,0.60931844,0.19932485,0.15478542,0.5411273,-0.22889695,0.13545245,0.40000883,-0.47276643,-0.36744845,-0.45936555,-0.0030791368,0.06986038,-0.16075535,0.10845578,-0.6477163,0.07876614,0.6199351,-0.086623974,-0.13501716,-0.06105519,-0.75394714,-0.26824665,0.21509697,0.35247633,0.1870913,-0.25961053,0.1822291,0.005047272,-0.23941873,0.21897317,-0.46528116,0.2661849,0.06102787,0.02744797,0.2951681,0.10501838
449,neutral,-0.027889265,0.1682487,0.11945388,-0.23813073,-0.18407674,0.3073242,-0.43658072,0.1820012,-0.043590236,-0.0018257725,-0.13693672,0.10913488,0.13544042,0.05472257,-0.06065384,-0.15269499,0.036826532,0.10713823,-0.3554189,0.16383012,0.40439916,0.06562752,0.09948647,-0.20547484,0.14497048,-0.1182651,-0.17362712,-0.30425417,0.5276767,-0.13962965,-0.17407063,0.45996538,0.18970846,0.01909632,-0.03485403,-0.036471155,0.029481938,0.13126922,-0.22327544,-0.22921975,-0.50218457,-0.08591841,0.35995907,-0.20879723,0.07614266,-0.101607,0.37760675,-0.0024982737,-0.111161806,-0.66272855,0.2068733,0.17935658,0.1803067,0.8604068,-0.21418434,-1.5832117,-0.110357486,-0.048628986,1.165896,0.16879454,-0.15690134,0.33711743,-0.24541178,-0.17240025,0.66260374,0.18556072,0.16720319,0.1255051,-0.008092636,-0.08738219,0.003229489,-0.24214411,-0.24884635,-0.35145992,0.09271589,0.22689962,0.18969461,-0.061987948,-0.69519305,0.07111618,0.26192948,-0.23996024,-0.158009,-0.011456979,-0.91580224,-0.23743491,-0.07633447,0.015363274,0.060881607,-0.06171397,0.016161216,-0.30708078,-0.00013240096,0.095487244,-0.27255154,0.05326891,-0.16532187,0.09360352,0.38630995,0.19345841
450,negative,-0.13372587,0.32248425,0.16326584,-0.050323702,-0.12764284,0.19693847,-0.20575522,-0.0822026,0.13163273,0.1252769,-0.17000565,0.037922964,0.34877294,0.10441717,-0.03201657,-0.20987779,0.030399973,-0.08163379,-0.48185608,0.21891189,0.31638238,-0.10731508,0.12735544,-0.06623309,-0.003060351,0.03953425,-0.068773694,-0.23282166,0.26246083,-0.029962467,0.07836406,0.2435322,-0.07540271,0.059247863,-0.085059464,-0.051352788,0.0477135,-0.0012776331,0.008996768,-0.007978109,-0.4607696,-0.043334488,0.058994167,-0.3282114,0.13886759,-0.09201174,0.26337653,-0.08899771,-0.29401913,-0.6259768,0.11912942,-0.16377148,0.05927016,1.0074797,0.013903677,-1.7947685,0.046371058,-0.21209358,1.1846596,0.23705645,-0.060872383,0.6657541,-0.1342854,-0.3245782,0.66730934,0.19525856,0.25753608,0.18817285,0.062443618,-0.114899315,0.18534598,-0.3294226,-0.1777678,-0.23264663,0.23814097,-0.045241836,-0.05124723,0.12378417,-0.74843013,0.1259609,0.4859628,0.1758024,-0.28556848,0.20497231,-1.0903391,0.034041513,-0.15319528,-0.06693893,-0.07691211,-0.22974789,0.04350221,-0.13337071,-0.0274272,-0.0428284,-0.54584223,0.020219296,0.06469712,-0.13494238,0.44809353,0.099278174
451,neutral,-0.21056655,0.28918418,0.2500925,-0.027715696,0.094933614,-0.007192017,-0.19899832,-0.041293927,0.054406736,0.06285204,-0.14450975,-0.09656442,0.26436198,0.114117794,-0.17971875,-0.2533871,0.17443448,-0.07859198,-0.44403407,0.047334068,0.27840227,-0.07570215,0.23892608,-0.13954373,0.000958602,-0.025919544,-0.13634618,-0.2699514,0.2487963,-0.15804084,0.012984269,0.27353254,-0.14679599,0.08216565,-0.18977675,-0.023383107,0.014861392,0.014255695,-0.17082044,0.043199297,-0.53645176,-0.16091882,0.2201204,-0.23207448,0.101565376,-0.22192426,0.256319,-0.13822079,-0.17169537,-0.68777394,0.27509627,-0.0054270537,0.13931102,0.9023049,0.14511119,-1.9640831,0.1907847,-0.18097049,1.3397529,0.40863064,-0.112382144,0.4130385,-0.17831083,-0.31164238,0.72540396,0.009672885,0.17311583,0.282752,0.07679792,-0.026344512,0.17158067,-0.34148857,-0.2194493,-0.18778089,0.14038926,0.032783747,-0.08408025,0.1689836,-0.92658556,0.062233858,0.53481454,0.08893108,-0.16721399,0.21080118,-1.1357182,0.06410066,-0.14903212,0.03349643,-0.015942931,-0.4791695,0.017145164,-0.05100234,-0.13624598,0.16853099,-0.46240658,0.017062794,0.0628109,-0.16348559,0.4133653,0.2739859
452,negative,-0.10548867,-0.07040037,0.34335914,-0.028380075,0.21530153,-0.122545324,-0.11824292,0.082627766,-0.13886209,0.18342106,-0.05397628,0.07172186,-0.054482237,0.04195436,0.047015656,0.017661506,-0.108020954,-0.048087712,-0.34550595,-0.22720209,0.463756,-0.08348099,0.045918223,0.07688625,-0.005973169,0.087490916,-0.23052397,-0.32201487,0.20634897,-0.2312387,-0.18305804,0.24597572,0.049329784,0.06829883,-0.2811131,0.14861812,0.16489281,-0.027083378,-0.11337157,0.07948328,-0.3839757,-0.36477828,0.2239225,-0.017523296,0.18514495,-0.19322772,0.12505136,-0.18782458,-0.12231252,-0.57195127,0.14966291,-0.08502709,-0.025219575,0.8550576,0.07179574,-1.915189,-0.07328237,-0.17771845,1.1394011,0.5536826,-0.27399248,0.10106812,-0.20041983,-0.10917987,0.3840753,0.043875866,0.14168218,0.19515423,0.10221736,-0.07324644,0.11781693,-0.22843122,-0.1976003,-0.32713717,0.03204881,0.09352481,-0.108804695,-0.0025437907,-0.718089,0.15360191,0.4342946,-0.104224555,-0.3154948,0.019024894,-0.8761301,-0.093566,-0.027654208,0.20709915,0.02412801,-0.46480313,-0.1134072,0.082707286,-0.3310747,-0.015573688,-0.4430151,-0.014290072,0.06747791,-0.14282629,0.35519394,0.27790606
453,neutral,-0.30781087,-0.21425575,0.23578289,-0.51407284,-0.33426392,-0.33401635,-0.11930326,-0.1319396,-0.16750522,-0.2439441,-0.14588846,0.15051667,0.01170666,-0.028348254,0.14121479,0.19349188,-0.098680496,0.15703245,-0.41059506,0.230412,0.31801662,-0.16151685,0.33594295,-0.30487278,0.385271,0.28374937,-0.40662813,-0.20441578,0.085720114,-0.1630875,-0.4152568,0.25558546,0.009797809,0.22212169,0.0017079383,-0.16476367,-0.1064423,0.083286606,0.169297,0.043184068,-0.46893683,0.19981058,-0.18830192,-0.08353995,-0.110636406,-0.09322462,-0.032776866,-0.15148614,-0.36984444,-0.38347787,0.15990059,-0.05213399,-0.25319317,0.7668098,-0.05607385,-1.5488122,-0.37015188,0.053484626,0.7643578,0.36634615,-0.17517301,0.40983632,0.102063276,0.0166312,0.67963797,-0.009895037,0.51057684,0.10857803,-0.0033059472,0.087832876,-0.08554875,-0.33273327,-0.059418105,-0.064689584,-0.059901007,0.07101303,-0.05329546,-0.11091374,-0.23652111,0.10450909,0.47293666,0.16864017,-0.36930194,-0.32789385,-0.8470198,-0.163765,0.028715232,0.122579135,-0.060445502,-0.17482263,-0.075981356,0.17215127,0.032434218,-0.23017718,0.06315998,-0.0026978657,-0.074453235,-0.075557716,0.14444986,0.030857444
454,negative,-0.08442341,0.34194374,0.18979515,-0.0017922036,-0.053349234,0.25101218,-0.33555365,-0.042147107,0.20229843,0.14786637,-0.07072647,0.068541594,0.3200519,0.052730244,-0.083886035,-0.16554491,0.124216415,0.08919861,-0.46746302,0.32348964,0.26837835,-0.11978223,0.20594177,-0.11689661,0.088007525,0.03092131,-0.19662236,-0.20890665,0.2782458,-0.117600426,0.25543386,0.2143312,-0.14963941,0.08969489,-0.026543126,-0.0385485,0.079833284,0.06522007,-0.057234183,-0.024170382,-0.5074489,-0.043313697,0.09810772,-0.21156418,0.11540686,-0.041097872,0.25552973,-0.050101247,-0.32188922,-0.58420396,0.07994781,-0.06675723,0.17882356,1.009863,0.06147983,-1.734905,0.10105488,-0.21950744,1.3507187,0.32940385,-0.10125198,0.60722697,-0.16741236,-0.14080907,0.6669484,0.10853471,0.24614237,0.21258536,-0.001453153,-0.22496973,0.19824968,-0.3264829,-0.13727921,-0.34070104,0.3008169,0.031798515,-0.07830051,0.14888783,-0.78636813,0.23621939,0.6204444,0.23766509,-0.26570255,0.28992686,-1.0803382,0.04094627,-0.010017341,0.025990887,-0.1793219,-0.2623702,0.06165663,-0.22690247,0.12752719,0.031849448,-0.42668465,-0.040425543,-0.065235876,-0.19841936,0.45898375,0.117846645
455,neutral,0.029925484,-0.055426367,0.35579443,-0.189146,-0.13080055,-0.13197884,0.20589472,-0.18667229,-0.03691669,-0.054438345,0.09790571,0.112422295,-0.076965936,-0.11899173,-0.06850561,-0.1450876,-0.110906765,-0.18150914,0.01996314,0.07603834,0.10648094,0.12175953,0.14777774,0.17583872,0.46900108,-0.010566932,-0.21765868,-0.16567667,-0.1598084,0.04809646,-0.13634384,-0.0131669305,-0.013707713,0.19323489,0.26334083,-0.37085629,0.11005083,-0.02350038,0.27953085,0.01744889,-0.18152945,-0.039559204,-0.1293381,0.15243553,0.18350041,0.41101485,-0.21931916,0.21154855,0.05527643,0.059392776,-0.27853888,0.27006316,0.083843306,0.093740806,0.00039723451,-0.079483375,-0.12781723,0.066473186,0.122849025,0.12182697,0.05646807,0.40358227,-0.21125248,0.24141924,0.059269104,0.31956813,-0.28130734,0.22022377,0.053627405,-0.10612974,-0.16554996,0.13832337,0.17191444,-0.25239012,0.06260376,0.32820138,-0.14769135,0.021384886,0.21132532,-0.016800143,0.10867349,-0.10691903,0.170349,0.14054371,0.14271036,-0.21765848,0.021476047,-0.04401424,0.19501482,0.19083697,0.049903948,0.29780835,0.17456347,-0.18278976,0.22203012,0.089405775,0.10393873,0.025254764,-0.20451601,0.2492429
456,negative,-0.040778622,-0.014272142,0.36696956,-0.13404866,-0.0065023564,0.0103838,-0.18047124,0.33326018,0.17388651,0.16557683,0.25880617,-0.058785014,0.06444844,0.06804952,0.12075612,-0.3118628,0.039974015,-0.07801193,-0.31255302,-0.1250409,0.44343826,0.05902527,-0.019886006,-0.33115566,0.0743215,-0.09016111,-0.28972033,-0.1797091,0.2256948,-0.12537675,-0.04091059,0.3074087,0.25554165,0.16286376,0.17846295,0.26677877,0.16076224,0.13391505,0.2108762,-0.13739295,-0.10008534,-0.27031872,0.21907765,-0.04070744,0.32979363,0.23587036,0.06814627,-0.005484787,0.12786298,-0.2517929,-0.014533761,0.14982255,0.097282805,0.79735947,-0.19133526,-1.8875821,-0.16533284,0.01093404,1.5283139,0.1872595,-0.21661334,0.47999263,-0.091143705,-0.16066295,0.27211162,0.016837133,0.04191539,0.040613417,-0.095554635,0.073521614,-0.19457155,-0.33465526,-0.0254874,-0.3968822,0.14086181,-0.09029057,0.3547449,0.068558805,-0.5826519,0.1290325,0.48069662,-0.049439147,-0.23847663,0.10922619,-0.7453819,-0.13402967,-0.016579675,-0.063087,-0.14038302,-0.2687096,0.081368156,0.014350852,-0.10621364,-0.17773037,-0.4667865,0.29854006,0.0861849,0.16091736,0.60200393,0.151579
457,neutral,-0.24549004,-0.10795897,0.21541043,-0.26452065,0.19385861,-0.00027024638,-0.006651038,0.10387212,-0.2526799,-0.10577691,-0.0105843665,-0.16276291,0.08475727,0.08247536,-0.03981789,-0.19123378,0.24554269,0.071581855,-0.5080882,0.049155038,0.22739561,-0.019956,0.2195091,-0.005473692,-0.050791364,-0.04780963,-0.26687643,-0.35061812,0.20766754,0.033576198,0.033731073,0.40510193,0.13346466,-0.0287985,-0.15947744,-0.023187218,-0.112133265,0.008287008,-0.023258045,0.0072744056,-0.33310837,-0.14241096,0.3489588,-0.014155495,-0.077173084,-0.08752126,-0.028309176,-0.28698534,-0.1577105,-0.4419118,0.18964548,0.16938338,0.27759707,0.55081946,-0.123283334,-1.7831804,-0.084036835,-0.22440279,1.1243045,0.43312147,-0.25808358,0.27853575,-0.053315252,-0.028492251,0.6157036,-0.012195967,0.16808651,0.28551358,0.06964185,0.027550003,-0.037716106,-0.06420101,-0.04459513,-0.14951622,0.057786107,0.062342186,-0.058585797,-0.017052991,-0.58527297,-0.03949209,0.1743676,-0.091452524,-0.05004698,-0.043740828,-0.7329298,-0.23136565,0.104689784,0.03750835,0.15464102,-0.21546763,-0.046166442,-0.15679911,-0.07196126,0.3902125,-0.31119582,0.20569967,0.009278483,-0.05683314,0.24345346,-0.19621712
458,negative,0.117248364,0.13054933,0.3266589,-0.20861067,-0.16906004,-0.15542738,-0.2555978,-0.0739151,0.043164574,0.051669773,0.112343244,0.11390748,0.18575332,-0.22552313,-0.02961715,-0.24827936,0.020472618,-0.098120324,-0.6314461,0.19115198,0.26914966,-0.1360148,0.0012141978,-0.11553543,0.1185334,0.10126189,-0.27481776,-0.38162816,0.24250212,-0.17062761,0.03814094,0.57406086,-0.004411969,0.08820194,0.12622957,0.24596956,-0.018011123,-0.19381103,0.13337928,-0.16427141,-0.39227298,0.04164276,0.18067127,-0.50524676,-0.26624432,-0.24889627,-0.059816606,-0.1787677,-0.032672234,-0.8629845,0.09887411,0.13177954,0.15519345,0.8882725,-0.051907048,-2.161781,-0.14331599,-0.24299853,1.4095557,0.32921454,-0.24877438,0.40666625,-0.3559555,-0.5191116,0.57568395,0.03033219,0.26900598,0.60437286,-0.3057261,-0.27593657,0.08684912,-0.36700803,-0.55772275,-0.5409188,-0.14991088,-0.13594772,-0.2851441,-0.06532773,-1.0227016,0.30628964,0.6919665,-0.42199546,-0.08379069,-0.19584754,-1.1985888,-0.08234062,-0.119378425,0.28418076,-0.17064175,-0.33634406,0.07627325,-0.08998377,-0.36335108,-0.025690693,-0.5781094,0.037982564,-0.028200949,0.09504599,0.5288248,0.052493468
459,neutral,-0.35828426,0.2458265,0.3880926,0.07661549,0.0053932,-0.24840775,0.01872162,0.00990011,-0.3888005,0.26949078,0.2781095,-0.001999021,0.37272045,0.26459718,-0.07369509,-0.30038613,0.35132784,-0.24432859,-0.44130358,0.24906242,0.42078063,-0.047817614,0.5418493,-0.1406432,0.02018103,0.17671348,-0.47012755,-0.17486347,0.22877368,-0.15387557,-0.2633151,0.22910789,-0.22222848,0.14053617,0.22970456,-0.10519969,-0.19861531,0.20399491,0.04430533,-0.027560435,-0.5542521,-0.10409195,0.16395545,-0.22189143,0.7655471,0.19056092,0.11711162,-0.08275069,-0.058347225,-0.24028711,0.050645262,0.24705757,0.16771923,0.97663033,-0.18219388,-1.8866284,-0.3735817,-0.30300054,1.5273031,0.36405003,-0.36958382,0.32887927,-0.10622154,0.22550818,0.36923906,0.29557708,-0.01345461,0.3810812,0.12869963,0.25126565,0.224688,-0.17952383,0.15510105,-0.15452448,0.11951341,0.23652577,-0.054028574,0.110236555,-0.78326577,0.13083175,0.63099164,-0.043935455,-0.1896514,0.15368533,-0.739387,-0.13830923,0.051837478,-0.028869677,0.1067236,-0.21167986,0.04301392,-0.029075444,-0.093188316,0.042363014,-0.41044837,0.27253643,-0.3642555,-0.03700783,0.38742998,0.08281541
460,negative,-0.35267854,0.25909102,0.25872335,0.098996945,-0.14897008,-0.437208,-0.03352809,-0.3232033,-0.17279671,0.68265647,0.034497887,-0.13062395,0.3008333,0.06417187,-0.04205532,-0.3808361,0.19032209,-0.28685582,-0.13222602,-0.28747863,0.42357546,-0.38721156,0.21394786,-0.20373458,-0.006368115,0.15821822,-0.5189353,-0.019346686,0.23827775,-0.0054030046,-0.24200848,0.11920755,-0.13649972,-0.2157049,0.3099253,0.050471567,0.08590486,-0.15007846,0.15795432,0.1079449,-0.38278547,-0.36291248,0.08299754,0.017327342,0.62039673,-0.098462164,0.25244373,0.05909906,-0.18624094,-0.11379021,0.3334203,0.45891023,0.10758303,0.8054433,0.06260936,-1.5276922,0.11876518,-0.5086235,1.3996075,0.3951633,-0.14002824,0.424782,0.25822067,-0.030877402,0.29760402,0.22090852,-0.25770506,-0.01833676,-0.1773216,0.23011093,0.26404315,-0.31516427,0.12497086,-0.13762079,-0.06847287,0.039656404,-0.022777742,0.23447743,-0.75014645,0.30000186,0.6734534,-0.32957497,-0.098404296,0.4847768,-0.7485168,-0.08790329,0.11234649,-0.017503908,0.084624186,-0.29105464,-0.22835068,0.04403649,-0.12803492,0.07491145,-0.28997093,0.13752995,-0.25985098,-0.1420096,0.24408174,0.19661577
461,negative,0.07776405,0.26322034,0.23442048,0.14214915,-0.053300995,-0.5893236,-0.34065154,-0.22565916,-0.024909914,-0.14931096,-0.02450902,0.020177256,0.1662044,-0.20042905,0.13251762,0.10875933,-0.35176745,-0.075389266,-0.07166481,-0.17251712,0.51319754,-0.12158085,0.08119921,0.34334967,0.16679583,-0.1648027,-0.22724974,-0.18572448,-0.07085273,0.06433376,-0.018595105,0.017920297,-0.12195472,0.08415739,-0.19539733,0.1603066,0.32958797,-0.074257486,0.013452312,0.03338872,-0.43323064,-0.38425624,-0.077870406,-0.06585788,0.25847435,0.088336274,0.35301933,-0.065808445,0.06478239,-0.8944365,-0.048795003,-0.0448292,-0.028756257,0.8045814,-0.074792944,-2.1058598,-0.046389744,-0.28669015,1.5935875,0.25700542,-0.27261904,0.34241918,-0.26041016,-0.017902683,0.40182176,0.107094295,0.2564266,-0.25313517,0.43859422,-0.10715338,-0.028386649,0.01485831,-0.46064103,-0.12211582,-0.052004404,-0.21043189,0.0141569795,0.15998033,-0.66912174,-0.0024346802,0.6740646,0.24713606,-0.40033388,0.02402504,-0.6945137,-0.5130065,-0.16529706,-0.3277687,0.1760108,-0.2786573,-0.09506101,0.13919005,-0.4398819,-0.018365992,-0.5347758,0.17148066,0.32956415,-0.12239387,0.49304253,0.14413056
462,neutral,-0.060784858,0.17009795,0.44904795,-0.4496683,-0.11373332,-0.21497367,-0.33884948,0.011970384,-0.04381547,-0.41392714,0.045157306,-0.06478269,-0.2142645,-0.35368708,-0.038955063,-0.39468038,-0.11790449,0.35390273,-0.39636305,0.3913932,0.16247837,0.1716606,-0.21437457,-0.097975425,0.19720548,0.05286924,-0.3118452,-0.62062234,-0.1249896,-0.47091702,-0.08861499,0.55465025,0.09398849,0.041095585,0.062668316,0.47401986,-0.026428176,-0.10658395,-0.046010613,-0.09215731,-0.005599961,-0.3432031,0.20121956,-0.007920038,-0.27215466,-0.27624196,-0.03325309,-0.19905363,-0.0020836699,-0.9944296,0.07530363,-0.08216047,0.11091244,0.5283582,0.15059677,-2.041802,0.12667683,-0.07803481,1.1329792,0.062206093,-0.23672394,0.33150932,-0.30011252,-0.2099199,0.41390485,0.14118186,0.24149871,0.5689705,0.1283235,-0.31867474,0.1445967,-0.124950245,-0.38154683,-0.41327658,-0.011253144,0.14329173,-0.2500736,-0.13642374,-0.5570919,0.07572937,0.47886422,-0.26925182,-0.058730543,-0.4734402,-1.1042428,-0.25647107,0.053401683,-0.12031659,-0.30116057,-0.3851268,0.13780083,-0.16781111,-0.18081422,-0.059174355,-0.5326109,-0.080853924,0.19584031,0.05059244,0.33341515,-0.2422629
463,negative,-0.020472972,0.33870268,0.073704205,-0.03341659,-0.20443837,0.063329875,0.08904702,0.26930928,0.14863843,0.39305255,0.08744275,0.06116608,0.39854985,0.22487897,0.18533513,-0.20181347,0.10616422,-0.041783087,-0.6712065,0.32308462,0.4713633,-0.030484105,-0.015964605,0.10342358,-0.52036166,0.085471466,-0.14015192,-0.38490978,-0.17498547,0.3449565,0.13704768,0.28553447,0.1331144,0.45681193,-0.18075944,0.12710156,-0.32880268,0.25888824,-0.13989273,0.12833023,-0.28437108,-0.024736458,0.094289914,-0.35286126,0.5619599,0.11478669,0.24487884,-0.0341766,-0.20424376,-0.41423088,0.11235614,-0.1728511,-0.122613035,0.9011855,-0.13576068,-2.2086883,-0.16206309,-0.4467901,1.608366,0.6486973,-0.0049700243,0.45714048,0.108776845,-0.088094994,0.28397045,0.22871569,0.11927867,0.11255789,0.0025815112,0.23179282,-0.12268054,-0.3040445,-0.18274349,-0.080253474,0.45514265,0.11552302,0.26407388,0.12652357,-0.86858004,0.033087835,0.77179855,0.12588666,-0.27582404,-0.027574515,-1.3105446,-0.013237788,0.4062836,0.14348859,-0.36288422,-0.0484472,0.55788475,-0.20266327,0.031759825,-0.03982701,-0.7298763,0.6490817,0.24563777,-0.0878277,0.65314424,-0.180412
464,neutral,-0.0032949205,0.0807822,0.23326914,-0.30592376,0.18041517,0.021199504,-0.05659688,0.14603102,-0.42547426,-0.25089452,-0.14952403,-0.23130886,-0.0121296635,-0.00036031444,0.024545275,-0.20059425,0.44980898,0.018284502,-0.4917265,-0.11633569,0.38150474,-0.12031956,0.102238975,-0.022215134,0.16770232,-0.076998174,-0.29415154,-0.2098281,0.23834044,0.022076197,-0.015699252,0.36583444,0.16199419,0.11602321,-0.318302,0.234548,-0.16310555,0.08082236,0.1971048,0.033747543,-0.30955622,-0.22246593,0.13355543,-0.13186616,-0.10829732,-0.19025113,0.21278074,-0.36559385,0.02405964,-0.42561024,-0.011188105,-0.18770136,0.40038708,0.4884202,-0.24330863,-1.8994663,-0.10975858,-0.097001955,1.0710218,0.19596203,-0.10967628,0.54173946,-0.05675362,-0.20360558,0.3142958,-0.0391307,0.3046728,0.4265565,0.15244353,0.026298469,-0.12946397,0.0076871812,-0.21858165,-0.2611949,0.002263176,0.06946452,0.19012177,0.107756205,-0.69073397,0.037117127,0.22740053,-0.050396744,-0.27700663,-0.042480603,-0.6547594,-0.2711243,-0.24106759,-0.34903264,0.29459304,-0.16374154,0.09567314,-0.15320867,0.0113869365,0.30234283,-0.5422588,0.039497044,0.14498056,-0.20468217,0.24078678,0.025610909
465,neutral,-0.07237063,0.024797006,0.5299744,-0.11136019,0.12774456,-0.06575026,-0.22951876,0.02205214,-0.25909996,-0.032989863,-0.16401206,-0.20704848,0.19877447,0.01902257,-0.12310004,-0.28348365,0.3476637,0.16702093,-0.5290058,0.22745973,0.062435422,-0.26372427,0.29642206,-0.08145666,-0.1968519,-0.041770343,-0.060336325,-0.45076746,0.4143228,0.0923907,0.04176466,0.65704787,-0.015875375,-0.074707,0.036874816,0.27718878,0.03556844,0.08035109,-0.13901173,-0.18996182,-0.5569133,-0.027022494,0.64824444,-0.27641284,-0.10711781,-0.15345933,0.07415216,-0.26868308,-0.21540435,-0.61576486,-0.034150217,-0.13603446,0.13026814,1.0161326,-0.10861362,-2.1191907,-0.03212251,-0.05134961,1.1666517,0.29347593,-0.281682,0.28987303,0.029375248,-0.21116307,0.73582906,0.087795936,0.2747833,0.72215277,-0.1897291,0.15092482,0.20648137,-0.39790338,-0.37096328,-0.48226902,-0.087820224,-0.07564492,-0.32121027,-0.108326316,-0.51828665,-0.02476023,0.4288725,-0.24284238,-0.1625181,-0.07455869,-1.0304343,-0.17880571,-0.09389918,0.22843891,0.23170218,-0.66170275,0.019093368,-0.043196864,-0.11722808,0.12665327,-0.5758699,0.09174244,0.106717125,-0.28225967,0.43907285,0.07980305
466,neutral,0.015454801,-0.0543223,0.06470453,-0.19141877,0.0023115454,-0.107409,0.061326183,0.059928566,-0.01587675,0.55581385,0.09655439,-0.09453212,0.1507988,0.16517903,0.12155106,0.0390904,-0.117169924,-0.22550371,-0.65181553,0.35187465,0.09021839,-0.15153147,0.05547921,-0.008703789,-0.15673795,0.012047299,-0.009851382,-0.3361331,-0.09612717,0.11620259,-0.1611025,0.011266897,0.12955403,0.017558796,-0.105535,-0.2368622,0.0041484265,0.011404111,-0.06521119,0.22504655,-0.45942935,0.032662414,0.31380188,-0.116653115,0.08786323,-0.2544872,0.14162803,-0.1802976,-0.021584066,-0.6707487,0.064465195,-0.10316795,0.02758525,0.7689582,-0.3273912,-1.6816165,-0.22079211,-0.042305358,1.2502728,0.34340203,-0.1248268,0.41121668,-0.05428772,-0.17632776,0.66488296,-0.15746439,0.1909169,0.34794384,-0.3291671,0.19862032,0.047242586,-0.3356733,-0.29708925,-0.31508127,-0.016940141,-0.037904684,0.016883424,0.008166977,-0.75304365,-0.0749471,0.49768496,0.16915408,-0.11407434,-0.28112355,-1.0280037,-0.31080773,-0.1218976,-0.009311415,0.06253695,-0.1391753,-0.02532972,0.1106726,0.0796224,0.22592252,-0.1903305,0.05979017,-0.23779906,-0.39348504,0.19752158,-0.24513382
467,neutral,-0.25303805,-0.041832678,0.17205115,0.2118612,0.0011724763,-0.10987302,-0.23607598,0.05096373,0.0726782,0.011939763,-0.21505858,0.07378347,0.052820176,-0.020250557,-0.049398966,-0.11897539,-0.10981667,-0.22888637,-0.43477038,-0.13274887,0.19449987,-0.04916368,0.08297344,-0.038781285,-0.102198526,-0.2484291,-0.007145402,-0.010685599,0.15258937,0.09537309,0.078260735,0.22626376,-0.029102372,0.078474276,-0.13253804,0.19883937,0.07427992,0.072471686,-0.13181256,-0.058043115,-0.5084655,-0.22626661,0.29598996,-0.07134107,-0.02084658,-0.28670695,0.08923475,-0.09112274,-0.13532534,-0.6138607,0.21360908,-0.14214784,0.20171791,0.7720793,-0.0776789,-1.7581439,-0.06923633,-0.11632766,1.1891849,0.36150125,-0.17974998,0.15012392,-0.06661751,-0.15744272,0.48664767,0.114307374,0.11962532,0.4486127,0.17963287,-0.06717001,0.06553927,-0.12403123,-0.2604922,-0.4645642,-0.037749175,0.09265914,-0.18773633,0.16096377,-0.6409893,-0.057869144,0.3055827,-0.024781996,-0.114180595,-0.08622133,-0.67645055,-0.25640655,0.020283034,0.24056554,0.1255704,-0.38197482,0.0057043354,-0.030300435,-0.17248456,0.14407666,-0.46205226,0.14111121,-0.036876805,-0.15095381,0.3562943,0.12009669
468,neutral,-0.1295534,0.15093745,0.1825617,-0.068492286,-0.027097264,-0.4678501,-0.018900538,0.067410655,0.068710774,0.0724583,-0.051303606,-0.053565,0.15474209,-0.043216027,0.092421904,0.0065577314,0.038739882,-0.11869349,-0.3075253,0.13311994,0.18428701,-0.21795599,0.0277346,0.09921306,-0.11811865,-0.1254758,0.023998052,-0.25050908,-0.058733042,-0.07803315,0.11623335,0.20930535,-0.036725182,-0.029778887,-0.09250296,0.37358618,0.064596705,0.04608191,-0.0139446845,0.059015535,-0.49532884,-0.26866958,0.02278757,-0.13554533,0.03944186,-0.22783573,0.20025791,-0.24244481,-0.13541666,-0.8428887,0.1935862,-0.227602,0.18661028,0.7701877,-0.2239932,-1.9461356,-0.18930764,-0.29355553,1.2940239,0.43130833,-0.31607842,0.46145347,-0.092527345,-0.09978557,0.5612602,0.099782236,0.12559418,0.38607728,0.26825082,-0.07253796,0.19718736,0.08043484,-0.35309607,-0.3688121,-0.18434739,-0.17034198,-0.03311392,0.15985519,-0.8850238,-0.014797873,0.4095484,-0.016927736,-0.09579324,-0.057064123,-0.9976259,-0.4007057,0.089134045,-0.07669211,0.010183276,-0.19384147,0.08170079,0.027433692,-0.15752447,-0.09347523,-0.3699975,0.06482226,-0.11020851,-0.1775598,0.31537932,-0.0643866
469,neutral,-0.12897916,0.15377645,0.5212355,-0.023016829,-0.31088537,-0.15398999,-0.2502267,-0.053191405,0.0023375396,0.12325771,0.17227837,0.063589305,0.22972997,-0.16718899,-0.019032137,-0.27183717,0.028825324,0.19303422,-0.12953001,0.1335818,0.23401454,-0.020574331,0.14612016,-0.21605594,0.005026512,0.022175241,-0.26391974,-0.21500087,0.17762242,-0.14852673,-0.12407637,0.38044763,-0.22848701,0.084697366,0.1724551,0.08987301,0.0357574,0.14389479,0.18616252,-0.027033558,-0.46636316,-0.116495565,-0.020848207,-0.09945423,0.10104039,0.07235409,0.1664057,-0.19443764,-0.25049403,-0.7218713,0.20324552,0.23142822,-0.050030097,1.0654405,0.10631658,-1.7859217,0.31275606,-0.035899274,1.3944894,0.26838642,0.03920389,0.6697958,-0.16715455,0.0059845173,0.53921235,0.020202184,0.23548949,0.032795805,-0.122173294,0.048652485,0.013822035,-0.38792983,0.07909922,-0.23981562,0.14467777,0.15424816,0.18963435,-0.021980826,-0.4640169,0.10489744,0.34686404,-0.15704179,-0.5377012,-0.03424916,-1.1325439,-0.38541463,0.28888702,0.0015760676,-0.097019434,-0.21297832,-0.12724145,-0.0016414257,-0.040593423,-0.06312178,-0.08069308,0.14946331,-0.12924251,-0.19206715,0.3178886,0.0128014665
470,neutral,-0.11377873,0.12565418,0.19696583,-0.23600288,0.112581626,0.12521863,-0.118671805,0.054569867,0.043357912,-0.045826104,0.04287958,-0.028976286,-0.038085006,-0.1364233,-0.10319162,-0.18124984,0.07657734,0.0622001,-0.37989938,0.15878342,0.34818983,-0.008288185,0.020660779,-0.024639377,0.012961355,0.07284848,-0.32965073,-0.28085014,0.4091547,-0.12597114,0.23116343,0.5254388,0.106075235,-0.015148288,-0.16363709,0.28594494,-0.058409374,-0.08335395,-0.24173552,-0.057923663,-0.33343855,-0.08225701,0.13328375,0.021722497,-0.3859717,-0.24328326,0.08573582,-0.25069073,-0.08546746,-0.66731936,0.07021189,-0.15801382,0.07253041,0.6649333,0.13133542,-1.604632,0.05309681,-0.012501238,0.80074114,0.17721401,-0.23155658,0.3846181,-0.14071228,-0.21415998,0.6390477,0.0025558304,0.20161259,0.31794542,-0.055541515,0.11714681,0.093467794,-0.07066538,-0.4327202,-0.2773846,-0.26750064,-0.177912,-0.15850411,0.14092126,-0.5774698,0.04356652,0.3455289,-0.08740684,-0.00067548524,-0.094127126,-0.79154813,0.039716512,-0.10031157,0.035622224,-0.14680377,-0.40684602,0.027995061,-0.02978899,0.079909146,0.007997052,-0.2693882,-0.14995064,-0.07448018,0.12495633,0.12494843,0.10234277
471,negative,-0.041989017,0.12094911,0.23625612,-0.17455107,-0.069598086,0.16593744,0.00074765587,0.3003355,-0.15832609,-0.15750551,0.019084608,-0.0816813,-0.004308807,0.0020661321,0.12094306,-0.17038757,0.07765035,0.12164204,-0.23079678,0.3595843,0.16667296,0.02138077,0.2104269,-0.3657043,0.34591302,-0.11894283,0.11351713,-0.25879714,0.03666773,0.020096382,-0.16763303,0.3227155,0.14208421,0.18885964,0.001756133,0.14710252,-0.16028216,0.29369926,-0.021490553,-0.18470047,-0.16426922,0.08235388,-0.05366157,0.03633603,-0.20356308,-0.025067478,-0.065902434,-0.101292476,-0.029164454,-0.57079303,-0.0050242054,-0.29783183,0.17943983,0.5819952,-0.021770177,-1.9331268,0.11699136,0.06821727,0.8366052,0.1743711,0.14051697,0.68919456,-0.2988672,-0.22349983,0.46725923,0.036975134,0.3912338,-0.0134938685,0.042101633,-0.0564701,-0.029473657,-0.06767576,-0.20069593,-0.14782146,0.1915854,-0.04140084,0.15875703,0.12634665,-0.47400278,0.0910931,0.27139547,0.18851963,-0.25613126,0.031532973,-1.0364997,-0.1486503,-0.34992218,0.007037593,-0.08298675,-0.24898237,0.088318236,-0.0821164,0.034985524,-0.0017573648,-0.55083454,0.007393847,-0.13291581,-0.12809122,0.31863138,0.23010212
472,negative,0.0386421,0.5040949,0.256207,-0.050561868,-0.003365439,-0.023715042,-0.14980307,0.07486587,-0.13654733,-0.13883263,0.16839248,0.056433577,-0.08653521,-0.058472518,0.023855686,-0.38128662,0.14525686,-0.03367403,-0.35331059,0.22885916,0.3150509,0.047971856,0.03406813,0.17294595,0.07580836,-0.020271977,-0.048966557,-0.26609412,-0.13621382,-0.15113553,0.05635704,0.516771,-0.10613856,-0.09403297,-0.027260901,0.3167738,-0.08158467,0.20143628,-0.16048478,-0.08774145,-0.28941604,-0.16775449,0.019867195,-0.17295884,-0.024835655,0.106174216,-0.26241648,-0.20399971,-0.15236378,-0.7421017,0.045868866,-0.21090133,0.14504005,0.8280511,-0.1265623,-1.874164,-0.043075066,-0.19995475,1.500666,0.23112017,0.1016849,0.27286407,-0.26250684,-0.13832062,0.32920355,0.1708488,0.09941521,0.16429329,0.34014207,-0.17006448,0.040464822,-0.18772706,-0.278047,-0.19558345,-0.025147716,0.03194103,-0.24941073,0.15628617,-0.67462385,0.20313409,0.5079796,-0.0009211444,-0.2029841,-0.03852393,-1.1328487,-0.010929264,0.08899356,0.00084141036,-0.1590594,-0.291229,0.1603469,-0.050265763,0.09362511,-0.19053306,-0.6573269,-0.02786133,0.25879773,-0.024469312,0.54989094,-0.025416726
473,neutral,-0.13662127,0.2266698,0.2848068,-0.13046594,0.018269254,0.054368556,0.016580584,0.077445984,0.116276935,-0.08891454,-0.002660586,-0.030302512,0.3675043,0.122146465,0.061943904,-0.119175486,0.42601496,0.21830629,-0.27090427,0.12904724,0.18152535,-0.0005042826,0.09072176,-0.24501012,0.26741427,-0.14501199,-0.36311328,-0.4929397,0.10057715,0.09121444,0.05279027,0.32080585,0.048986197,-0.110442,-0.02715892,0.34817457,-0.063477576,-0.05014221,0.077423975,-0.25307807,-0.09546077,-0.10346842,0.16876248,-0.23101547,-0.080142945,0.15586056,-0.18233882,-0.35554913,0.05727497,-0.37511915,0.28400692,0.017628249,0.23560925,0.6990671,0.13742095,-1.4876882,0.095791996,0.124392055,0.7826885,0.31221953,0.07320049,0.55894387,0.064884536,0.009056406,0.72252315,0.17670521,0.38341346,0.3381384,0.059269294,-0.25121748,-0.13806333,-0.121461794,-0.053821173,-0.28916082,0.1964918,0.021007184,0.035287276,0.08997703,-0.5329276,-0.018838761,0.04337306,-0.12764966,-0.17115071,-0.1256096,-0.87408614,-0.027499765,0.07736102,-0.06645568,-0.04694977,-0.2894864,-0.06682804,0.025019625,0.36238068,0.058610927,-0.22411117,-0.096839674,-0.17278823,-0.08517126,0.17208356,-0.019524729
474,negative,-0.020320056,0.1462641,0.32217792,-0.34200943,-0.24688679,-0.016063422,-0.00054302585,0.14879884,-0.15544626,-0.33581313,-0.034088485,-0.07204598,0.017614126,0.09337225,0.04066094,-0.1840798,0.032281246,0.23167746,-0.36448738,0.52905697,0.13873228,-0.14444628,0.15968122,-0.20959242,0.3522088,-0.041397747,0.02255636,-0.34688696,0.04953284,0.0028050386,-0.20912643,0.39745182,-0.0072920904,0.12128282,-0.033520345,0.18291484,-0.28213155,0.25226218,-0.047231235,-0.19236532,-0.23238404,0.14934051,-0.117516786,-0.066945724,-0.2932599,-0.032691974,-0.11394165,-0.16316372,-0.13901629,-0.7375871,-0.02212305,-0.27380595,0.11148449,0.5812949,0.014549376,-2.0159054,0.16853365,0.019750288,0.8870714,0.19031088,0.064014666,0.7123161,-0.26516473,-0.30448705,0.594635,0.039984435,0.2969812,0.09697159,-0.048528668,-0.08540733,-0.019454276,-0.12296938,-0.22653683,-0.05510943,0.26170358,0.05783622,-0.04451045,0.017224496,-0.6165461,-0.02357061,0.2462483,0.32760134,-0.3077557,-0.040228605,-1.3083191,-0.21767941,-0.41361472,0.037304576,-0.22499427,-0.41891405,0.033575583,-0.17035194,0.1346072,0.030558765,-0.48126015,0.06765556,0.007606968,-0.19769488,0.24209803,0.25065905
475,negative,0.0061090267,0.38533133,0.26682225,-0.065275885,0.05794601,-0.14150628,-0.079430014,0.20903997,-0.1757216,0.23207906,0.19729784,0.07724637,-0.004081089,-0.048519004,0.023868335,-0.4606879,-0.116951816,0.07318592,-0.30638358,0.2361105,0.38720372,-0.047639266,0.10601536,0.3976719,-0.02372833,-0.053626906,0.053152487,-0.17263685,-0.257575,-0.231527,-0.04694827,0.28366974,-0.10044366,-0.15079036,-0.047198217,0.2675111,-0.026219413,0.057361096,-0.03672359,0.081313856,-0.20842847,-0.3623285,-0.009583522,-0.022746256,0.12138368,-0.019362448,-0.07376445,-0.38482678,-0.2182248,-0.8416404,0.27359805,-0.17288187,0.17549537,0.98871225,-0.21862729,-1.8674216,0.073009446,-0.42105836,1.5356084,0.10519916,0.07596296,0.27451319,-0.28933898,-0.0441106,0.25123695,0.25057882,0.05415027,-0.10517911,0.34880054,-0.24235183,0.025608053,-0.16603315,-0.3088315,0.005146049,0.049121525,0.09115296,-0.21598794,0.096726574,-0.7765307,0.12650777,0.6037843,0.21518822,-0.15542908,-0.0050964993,-1.1093332,-0.1933735,0.089790314,-0.08731288,0.027336553,-0.2505841,0.040789388,0.058362253,-0.112967536,-0.40560392,-0.631143,0.07188143,0.29067883,0.008805623,0.75964075,-0.17486675
476,neutral,-0.27660716,0.1733489,0.3594412,-0.38158235,0.0022007658,-0.15552872,-0.07698388,0.46400985,0.020958485,0.29770324,0.2359749,-0.028923215,0.32514077,-0.08708714,-0.11903994,-0.22665869,-0.23175777,-0.038220152,0.03475469,0.117955305,0.30667064,-0.018256543,0.53802913,0.010924271,0.052535,0.19251288,-0.25161415,-0.065194115,0.2313488,0.04948275,0.025171552,-0.20018485,-0.105615295,-0.14546886,-0.23427281,0.008222896,0.036099374,0.05646561,0.070433035,-0.04971297,-0.2540284,-0.32613558,-0.08227216,-0.19878498,0.051439412,-0.045632526,-0.037667826,0.04587801,0.04285679,-0.5480885,-0.14658321,0.2715345,-0.007557924,0.693712,-0.5160522,-1.2443079,-0.21045081,-0.2942758,0.9942947,0.25999808,-0.46172452,0.48421836,-0.18974398,-0.20510554,0.54840976,0.48472095,-0.0431881,-0.059814725,-0.28882867,-0.12545694,0.086392865,-0.1316878,0.22349241,-0.11020849,0.08189368,-0.04786491,0.5388749,-0.04372133,-0.49936882,-0.017511614,0.405442,-0.22193012,-0.2626844,0.39784905,-0.17549409,-0.20837282,0.16843133,-0.063015305,0.091130614,-0.14146644,0.09187317,0.053490967,-0.12515013,-0.114563726,-0.42259222,0.23794608,-0.14845738,-0.2535597,0.27449387,-0.09237194
477,negative,-0.14648934,0.14688826,0.1484668,-0.097875796,-0.12217224,0.1810345,-0.08180916,0.16362537,0.113446884,0.0048932913,-0.16136302,-0.015318267,0.16861854,0.027830793,0.15177046,-0.21041074,-0.022138566,-0.06901632,-0.40661225,0.11849422,0.19587483,0.12750883,0.018292734,0.011184759,-0.030265843,-0.12271205,0.04668042,-0.4454969,0.032986287,-0.1454343,-0.23281583,0.21662953,0.07214973,0.27762094,0.0824038,0.06367836,0.044489283,0.14314355,0.3417088,-0.18588632,-0.45563683,-0.004192252,0.20044936,-0.20909429,0.3186756,-0.046479896,0.08148541,-0.07093952,-0.11255593,-0.44160193,0.18256426,-0.04634336,0.017483886,0.81874454,-0.016499355,-1.8375423,0.102167375,-0.39921987,1.3519068,0.2908839,0.017960135,0.29840612,-0.104933076,-0.028684469,0.8777578,0.13585709,0.03007593,0.06340649,0.11411256,-0.07152664,-0.29352468,-0.29915392,-0.14240637,-0.12339703,0.440285,0.16864003,0.14500041,-0.035356242,-0.6470319,0.00027645708,0.46132517,-0.11178839,-0.30983528,0.105508424,-0.9739958,-0.12194139,0.18292888,0.05910342,-0.094686225,-0.27441844,0.05996356,-0.13343638,0.12337881,-0.06313743,-0.3666279,0.16601005,-0.07173542,-0.11508139,0.34993744,-0.036752436
478,negative,0.13254653,0.32271755,0.19826095,0.097804084,-0.10128804,-0.6123639,-0.25676396,-0.26905277,-0.02179401,-0.1816221,-0.016315617,-0.057829566,0.13304116,-0.29502258,0.08170722,0.03288281,-0.20664644,0.032220617,0.016536811,0.12593246,0.48919815,-0.09337721,0.056119792,0.25142285,0.05320952,-0.15626952,-0.19905826,-0.20745943,-0.27171993,-0.02029226,-0.06732043,0.16092737,-0.24483521,-0.15303819,-0.120281756,0.16596262,0.304213,-0.0859127,-0.011293387,-0.13020608,-0.26089126,-0.3943197,-0.18941067,-0.037014365,0.20386481,0.1290089,0.19932094,-0.03902579,0.100784436,-0.9996678,-0.13569413,0.0059889727,-0.035486143,0.73775005,-0.018426016,-1.7225862,-0.104386926,-0.20736653,1.5074378,0.2970893,-0.010247154,0.17589368,-0.28216553,-0.0028577133,0.29671854,0.20644796,0.37236336,-0.18486653,0.5896332,-0.05331212,0.024590883,0.02829519,-0.40633288,-0.053652924,-0.018037243,-0.12419927,-0.09997201,-0.016090587,-0.6814421,0.060679775,0.7602012,0.21025889,-0.49114448,0.050464466,-0.70232165,-0.4365141,-0.0043023783,-0.20472029,0.099482365,-0.25502065,0.049406875,0.1452687,-0.20728631,-0.20471233,-0.4663086,0.18530138,0.2704865,-0.20351052,0.47757235,0.14079079
479,neutral,-0.073979296,0.203598,0.38632798,0.078830265,0.012772478,-0.010328906,-0.27635434,-0.027561216,-0.020743573,0.02055768,-0.15824595,-0.06268975,0.07606095,-0.111716695,-0.0036548416,-0.066678345,-0.010330147,0.017291326,-0.31760132,-0.06453858,0.31836763,-0.09582445,0.16093668,-0.048129503,-0.039142754,-0.06307378,-0.19835839,-0.26443884,0.17565487,-0.089545675,0.1395697,0.3374114,-0.1242598,-0.066364355,-0.08073674,0.12878855,0.108081505,-0.17750412,-0.20130856,0.009820364,-0.5050357,-0.17257561,0.30794832,-0.113831356,-0.017009566,-0.20208977,0.2793457,-0.048182294,-0.16228312,-0.55122757,0.16791283,-0.030567458,0.104489364,0.8795034,0.02252046,-1.729245,0.17132358,-0.21959263,1.114436,0.275694,-0.19414733,0.22827274,-0.015288523,-0.029734053,0.48783228,0.11818097,0.038959466,0.33876026,-0.03873602,-0.15046601,0.13191412,-0.22535513,-0.3667716,-0.34979093,-0.0659101,0.0057165287,-0.29427755,0.051534373,-0.7666724,0.011762314,0.34997424,-0.07150193,-0.09577341,-0.00081995426,-0.93680656,-0.25329936,0.11227025,0.15991269,-0.073034525,-0.366043,-0.0060591428,0.010525866,-0.2194072,0.24699816,-0.46130636,0.06571913,0.118238956,-0.015332154,0.35462946,0.03894071
480,neutral,-0.19836034,-0.117934644,0.37603393,0.030283334,0.045190137,-0.3721853,-0.019537285,0.31332812,-0.08629072,-0.10468936,-0.117988974,0.037085067,0.02089728,0.15345673,0.0012721977,-0.08071787,-0.0712946,0.031483103,-0.3324351,-0.022451233,0.31934673,-0.266454,-0.11129746,0.21079731,-0.05231155,-0.08062385,-0.057988983,-0.12445428,0.4545858,-0.12901764,-0.30367395,0.2870184,-0.14043973,-0.043492638,-0.030952757,0.10490019,-0.041112427,-0.121814504,-0.007064566,-0.17509992,-0.5233223,-0.2687635,0.41273248,-0.20196113,0.1714462,0.044503696,0.09323142,-0.03440689,-0.14802706,-0.54133725,0.22395797,-0.36720145,0.21254061,0.9677126,-0.10955399,-2.2084692,-0.1936965,-0.16322902,1.4391526,0.33415955,-0.14604276,0.3427632,0.09179143,-0.10628323,0.6723385,0.07410271,0.046395052,0.4467169,-0.15811026,-0.047785237,0.35325453,-0.5404602,-0.43575147,-0.55139154,0.103745654,-0.052243095,-0.3087219,-0.061418116,-0.63405925,-0.030511215,0.669115,-0.08562893,-0.37853038,0.14464483,-0.8199988,-0.17102534,0.10859831,-0.024344025,0.38030586,-0.35855693,0.014524678,0.12997045,-0.15741253,0.34198245,-0.32804313,0.19387272,0.36093912,0.06982663,0.3904539,0.28742036
481,neutral,-0.41395187,-0.22691645,-0.012030129,0.09437628,-0.043701116,0.34277734,-0.11477858,0.31363648,0.28690252,0.60964245,-0.2458722,-0.16722384,0.28950876,0.16192287,-0.041554492,-0.1766256,-0.13385001,-0.42885298,-0.57032514,0.16239075,0.46278894,0.043418318,0.20208807,-0.14954165,0.15711716,-0.46853486,-0.21138927,-0.23966077,0.22988851,0.08885204,-0.14662202,-0.23959336,0.27925852,0.33814722,-0.373451,0.055355314,0.49555704,-0.014036729,-0.1873498,0.029481959,-0.5373184,-0.09006413,0.25192168,-0.11947619,0.43091336,-0.041379012,0.24350461,0.10093738,-0.033076942,-0.1753647,0.11851843,0.18649405,0.21467215,0.79055494,-0.3734696,-1.5553589,-0.25473496,-0.28161466,1.5323331,0.21941465,-0.09260583,0.3153693,0.1838696,-0.52924746,0.5251896,-0.055708136,-0.4144462,0.082214676,-0.35390916,-0.026118545,-0.24783753,-0.65942043,-0.4411742,-0.48780876,0.10056349,0.20908225,0.42254928,0.33429646,-0.70928913,0.18579043,0.44422108,0.17501356,-0.3977775,0.22643486,-0.35317314,0.07307014,0.19742323,-0.11861201,0.1423062,-0.0065822187,0.23415592,-0.087144546,-0.23610626,0.2704961,-0.76455736,0.84034985,0.19320703,0.22479738,0.57657874,0.38589177
482,neutral,-0.26621276,0.22343242,0.120677575,-0.17219305,-0.046745475,0.012790192,-0.031059293,0.17114295,-0.026320236,0.20791396,0.17938578,-0.105985284,0.21107766,0.1110094,0.15086229,-0.11637436,0.17746,0.059146307,-0.14347966,0.26124808,0.2668808,-0.17130159,-0.0162381,0.06141759,0.018847058,-0.05391746,0.0020033894,-0.16833523,-0.01314814,-0.10523461,0.014744343,0.29060695,-0.10647737,-0.05669822,0.055907004,0.15973982,-0.050058346,0.07338191,0.08323262,-0.065267585,-0.04147871,-0.18252873,-0.07118492,-0.14142884,0.030471234,-0.010612798,-0.08985893,-0.22498402,-0.22800194,-0.4919993,0.15083303,0.015237376,0.0291269,0.70521224,-0.041413266,-1.4707333,0.015813844,-0.09869468,1.3436565,0.3078778,-0.010025556,0.37960175,-0.14861585,0.21700072,0.4239325,0.07633272,-0.0050231507,0.0013577277,0.3816461,-0.009373588,-0.007183804,-0.1680322,0.1050853,-0.17938824,0.10268109,-0.046090562,0.07055909,0.03341651,-0.69811577,-0.08852846,0.3763735,0.007805535,-0.18629608,-0.045859266,-0.890306,-0.02051428,0.08886617,-0.15679148,-0.054453693,0.031669296,-0.1030316,0.08608394,0.030347351,-0.024888612,-0.318366,-0.019491836,0.05443655,-0.17175746,0.41356224,-0.08890167
483,positive,-0.03968343,0.37097645,0.28974614,-0.18175632,0.085618705,0.4132983,-0.1684265,0.016292688,0.020103611,-0.13359423,-0.030907886,-0.009768473,0.22023885,0.12057687,0.043750275,-0.22257002,-0.06304976,0.11482564,-0.39890033,0.26658595,0.09006633,-0.16157418,-0.07213757,-0.050132096,0.25380534,0.39113268,-0.09462635,-0.35908157,0.2541123,-0.2838936,0.240204,0.3769076,0.048475366,-0.08754482,-0.021897398,0.13021688,-0.021261822,0.17771666,0.11763092,-0.1758924,-0.16168785,-0.2267308,0.08193184,-0.45394787,-0.18981482,0.02312825,0.025650017,-0.11367948,-0.09653649,-0.587514,0.040225964,-0.057572115,0.30955777,0.74037033,-0.030182628,-1.3762141,0.08459544,-0.13575396,0.99012876,0.10432491,0.17942324,0.590251,-0.39250538,-0.107804574,0.2946836,0.13429555,0.24386759,0.13458233,0.18615447,-0.5069365,0.07372021,-0.003354039,-0.053917505,-0.3585618,0.25138885,0.14685284,-0.020354109,-0.1958768,-0.27441603,0.038873617,0.24220996,0.105426244,-0.3434748,0.050447203,-0.9220345,-0.13666873,0.17284782,0.06074214,-0.25663018,-0.13169295,-0.13195904,0.034794603,0.15130551,-0.0071841655,-0.36090544,-0.12893803,-0.05079899,-0.3547025,0.3468213,0.16499585
484,neutral,0.09944696,0.5583599,0.0077231666,-0.06816101,-0.25954217,0.08714231,0.070644245,0.01200378,-0.1498843,0.32497272,-0.19034204,-0.14450434,0.24953465,0.12576881,0.2708494,-0.40308464,0.3116268,0.1759034,-0.21049787,0.51394635,0.009927967,-0.34371448,0.16778368,0.12403093,-0.037160993,-0.20912263,0.008214176,-0.53132826,-0.0035379587,-0.027530571,0.078961514,0.747781,0.21958216,-0.1469562,0.04363005,0.04155845,-0.04946895,-0.047245312,0.1525873,0.14692207,-0.2617392,-0.11045636,0.015084103,-0.33605793,0.17731655,0.08247406,0.04675313,-0.08656752,-0.29747224,-0.5970174,-0.13108589,0.004655486,0.1546842,0.7868585,-0.12202149,-2.0771914,-0.2127661,-0.23818795,1.4572139,0.30332682,0.04820789,0.5951867,-0.04384801,0.1760256,0.80558276,0.002228105,0.18207113,-0.030841561,0.16371971,0.13518657,-0.4697395,-0.20891741,-0.005547135,-0.0021935916,-0.10787879,0.06201793,-0.12159419,-0.08411636,-0.89190984,-0.34626597,0.17615803,-0.09179597,-0.2699069,-0.22612713,-1.1119908,-0.11134082,-0.06955031,-0.45601082,0.18351993,0.18487304,-0.2938834,0.03307083,0.23924033,0.34505394,-0.5786794,0.036718745,-0.21013166,-0.4812122,0.5868871,-0.07216183
485,positive,-0.08679634,0.24985135,0.41119882,-0.31226805,-0.22552353,0.4998201,-0.05238676,0.3274002,0.023210803,-0.18808162,0.20717783,0.086080976,-0.07487477,-0.029573468,0.036647946,0.011584532,-0.4595272,0.32563552,-0.07192313,-0.47437993,0.33132446,0.36963683,-0.13630386,-0.46041024,0.3588465,0.07123301,-0.41884485,0.020710811,0.58523566,-0.22753298,-0.117019385,0.30543196,0.17457938,0.19533247,0.10787766,0.25777665,-0.10036348,-0.09002827,0.42715952,-0.24692097,0.2414413,-0.25912535,-0.402273,-0.32678613,-0.14084795,0.04092711,-0.1878313,0.06534207,-0.17608702,-0.8738451,-0.033498954,-0.29626057,0.11851271,0.4976569,-0.31675944,-1.5984142,0.09075423,0.1922365,0.827473,0.25911745,0.10088344,0.86240774,-0.022163244,0.16955583,0.2659317,-0.15811239,0.9362775,0.17300504,-0.0942999,-0.396297,0.053854123,0.051055443,0.19937564,-0.16640913,-0.09776328,0.3618181,-0.08515939,-0.1849538,0.20978121,-0.09450967,-0.1608881,-0.26879835,0.050838526,-0.10675551,-0.8533319,-0.4740906,0.107975475,-0.31580326,-0.13879436,0.029273037,0.24724846,-0.18731485,-0.10644389,0.13806196,-0.118799165,-0.16020119,0.07412123,-0.11313753,0.48115274,0.23116036
486,neutral,0.34648,-0.25063,0.19632,-0.64346,0.29192,0.71598,-0.65998,-0.4203,0.43938,0.82433,-0.49075,0.20074,-0.87495,0.29658,-0.077166,0.73585,0.42515,-0.1798,-0.74023,0.45249,0.71521,-0.52745,0.06129,-0.73869,-0.021832,-0.1763,0.66793,-0.76326,-0.69675,-0.2816,0.51403,-0.27854,-0.09784,0.31692,0.14993,-0.15774,0.17816,-0.88109,0.7805,0.34806,-0.37492,0.18039,-0.26451,-0.21192,0.25585,-0.046468,0.51394,-0.55836,-0.3416,-0.65474,0.36881,-0.13515,-0.49075,1.474,-0.11602,-1.5983,-0.13916,0.33709,1.4884,0.49011,-0.58272,0.47771,-0.57206,-1.2719,0.90758,0.067766,0.16403,0.42555,1.1084,0.85499,0.30687,-1.0201,-0.13125,0.66309,0.37403,-0.44786,-0.46149,0.25608,-0.82215,0.15332,0.47315,1.2242,0.084613,-0.33363,-1.7616,-0.45058,-0.97317,-0.12531,-0.77724,-0.1148,-0.22585,-0.63491,-0.066636,0.13258,0.52252,-0.005387,0.040971,-0.32109,0.60135,-0.64281
487,neutral,-0.23437802,0.124400936,-0.016555218,0.4486881,0.027560113,-0.25204316,-0.26717427,-0.36927179,0.10321664,-0.124686375,-0.20020689,-0.058148727,-0.35247505,-0.06910594,0.3139836,0.067013875,-0.16706036,-0.15633567,-0.1277054,0.16028029,0.0054469984,-0.36323693,0.0410342,0.04936206,0.5074304,-0.08543146,-0.3550373,-0.18172038,0.6013804,0.20286757,0.22157076,-0.19567147,0.0055660396,0.16284011,0.3686425,0.3547701,0.6053457,0.3351975,-0.063487,0.23630342,-0.34092072,-0.55291086,-0.030678213,-0.1936478,0.13796526,0.01980346,0.45108917,0.24661797,0.30705667,-0.49201414,-0.1790711,0.08805928,-0.29642177,0.84098727,0.06580857,-1.651799,-0.1070206,-0.05925533,1.3773416,0.14727138,0.10148992,0.7718047,-0.13359976,0.18222307,0.72505397,0.11457439,-0.38574493,-0.00038355353,0.015997946,0.070630655,0.5759316,-0.54609287,-0.09147922,0.17406477,0.13219155,-0.3619274,-0.16703767,0.2194048,-0.21392964,-0.06809991,0.29758638,0.048442714,0.107638136,0.41081387,-0.90417457,0.039657995,-0.42509016,-0.8408709,0.23065637,-0.16850463,-0.28241193,0.074836165,-0.09081655,0.07859434,0.15621206,-0.2838647,0.21703483,0.101921454,0.6568894,-0.045086812
488,neutral,0.06556295,-0.1719879,0.088748775,-0.32614642,-0.03437485,0.2659825,0.17265934,0.32520562,-0.27975026,0.026895583,0.10830046,-0.04121785,0.08923775,0.17935126,0.025400292,-0.09114433,0.30241755,0.041982204,-0.36801153,0.24788935,0.08334943,0.05223577,0.07744715,-0.1626635,0.46428204,-0.16514549,0.1388323,-0.24237595,0.14125967,-0.08349767,-0.13423786,0.2670544,0.229423,0.26868036,0.082625456,0.038370375,0.024689997,0.1722192,0.13081636,-0.08955126,-0.03876187,-0.116413504,-0.0038205471,0.19932547,0.024154354,0.17739706,-0.29961178,-0.18999185,0.30893555,-0.42118633,0.06629869,-0.0009695022,0.015208927,0.5574975,0.12219332,-1.4066297,-0.2579659,0.021204509,0.6308392,0.22454923,0.06521058,0.4871084,-0.17538758,-0.02032993,0.44477394,-0.20639122,0.32123476,0.23123851,-0.0720122,0.13424832,-0.15417068,0.013663803,-0.26350486,-0.2025287,0.19740288,-0.11191485,0.25329512,0.030303564,-0.15356499,0.21939111,0.33143955,-0.0070606754,-0.1817713,-0.019807989,-0.4613239,-0.18645905,0.12717533,0.19559205,-0.03081993,-0.16889432,0.2210383,0.019564202,0.06627528,0.0031267942,-0.207498,0.114490904,-0.24309942,0.12534092,0.046151806,0.0588894
489,negative,-0.14074877,0.39177233,0.25454858,-0.06993205,0.058506805,0.16138908,-0.23139629,-0.083873495,0.18460374,0.094774775,0.0698292,-0.01246198,0.24358049,-0.11075451,-0.06852584,-0.15511988,0.05658661,0.1358286,-0.28499055,-0.13867909,0.18088731,-0.11831523,0.24433993,-0.2096733,0.23294233,0.018834347,-0.050311405,-0.11421669,0.17147793,-0.22572117,0.015934668,0.14846274,-0.10619601,-0.29232365,-0.018707873,-0.013922203,-0.0053164517,0.0031705466,-0.05183472,-0.13156168,-0.38386837,-0.12717572,-0.13934143,-0.13070697,-0.031210372,0.044050258,0.3489572,0.15151544,-0.071540676,-0.41134903,-0.122871935,0.23886237,0.089960925,0.8169174,-0.02303766,-1.4266274,-0.112455435,-0.03287204,1.1656976,0.24994159,-0.0987494,0.54476625,-0.11885633,-0.21718346,0.53922707,0.12402981,0.3065079,-0.083963305,0.07331092,-0.33283973,0.23272872,-0.3042303,-0.1334277,-0.14217292,0.24362049,-0.1156152,-0.10877783,-0.009545834,-0.56119645,0.34409386,0.24273342,0.13434908,-0.31239033,0.33869576,-0.637013,0.11144818,-0.13973334,-0.06840763,-0.07031484,-0.24662359,0.14370188,0.010720674,-0.11107891,-0.0332465,-0.2605624,-0.1539586,-0.059143446,-0.3012041,0.30384302,0.19639622
490,neutral,-0.15959002,0.14879176,0.251746,-0.11087594,0.25200093,0.3167765,-0.07280112,0.14856045,-0.11216651,0.19468899,0.05207863,0.095186666,0.12935506,-0.05366817,-0.036196668,-0.104579374,0.30885005,-0.15371107,-0.3592669,0.040503595,0.25773257,0.25411174,0.25185972,-0.23847437,0.028766919,-0.23452003,-0.026678728,-0.35798278,0.17736527,-0.0097254785,-0.039041597,0.45123863,0.15978101,0.12972711,0.05141152,0.10766876,0.1068394,0.27839378,-0.13094698,-0.21674623,-0.48944247,-0.20192659,0.3679693,-0.027731491,0.0657454,-0.14454003,0.08732435,-0.14238597,-0.08886393,-0.47536936,0.09690905,-0.23170713,0.14601456,0.92329603,0.011827322,-2.0728135,-0.10760564,0.06856944,1.2740461,0.36650056,-0.17318708,0.36900845,-0.3296752,-0.1921468,0.60299367,0.021834001,0.30681092,0.2614852,-0.036811955,0.01666047,0.20223995,-0.22606677,-0.27304497,-0.52848387,0.115971595,-0.16908094,0.16044798,0.2895112,-0.6314928,0.039057035,0.6206135,-0.110926,-0.1033987,0.049732327,-0.9316165,0.057287976,-0.04134233,0.182917,0.14651522,-0.27030408,0.21164797,-0.10984729,-0.2648198,0.20847291,-0.5778813,-0.16056266,-0.23776643,-0.017083045,0.36039746,0.27230036
