row_id,ground_truth,glove_f0,glove_f1,glove_f2,glove_f3,glove_f4,glove_f5,glove_f6,glove_f7,glove_f8,glove_f9,glove_f10,glove_f11,glove_f12,glove_f13,glove_f14,glove_f15,glove_f16,glove_f17,glove_f18,glove_f19,glove_f20,glove_f21,glove_f22,glove_f23,glove_f24,glove_f25,glove_f26,glove_f27,glove_f28,glove_f29,glove_f30,glove_f31,glove_f32,glove_f33,glove_f34,glove_f35,glove_f36,glove_f37,glove_f38,glove_f39,glove_f40,glove_f41,glove_f42,glove_f43,glove_f44,glove_f45,glove_f46,glove_f47,glove_f48,glove_f49,glove_f50,glove_f51,glove_f52,glove_f53,glove_f54,glove_f55,glove_f56,glove_f57,glove_f58,glove_f59,glove_f60,glove_f61,glove_f62,glove_f63,glove_f64,glove_f65,glove_f66,glove_f67,glove_f68,glove_f69,glove_f70,glove_f71,glove_f72,glove_f73,glove_f74,glove_f75,glove_f76,glove_f77,glove_f78,glove_f79,glove_f80,glove_f81,glove_f82,glove_f83,glove_f84,glove_f85,glove_f86,glove_f87,glove_f88,glove_f89,glove_f90,glove_f91,glove_f92,glove_f93,glove_f94,glove_f95,glove_f96,glove_f97,glove_f98,glove_f99
0,negative,0.024575837,0.24447215,0.31684068,-0.03836888,0.023694385,0.02726094,-0.21294463,0.050608493,0.14410026,0.020293847,0.043396823,0.0152740255,-0.05405612,0.2414209,-0.0533337,-0.01727431,0.038370054,-0.2317973,-0.4243789,0.29531273,0.27058268,0.19248255,0.24276799,0.095626116,0.052745666,-0.32297793,-0.04890349,-0.19271071,0.3775976,-0.0906385,-0.15513405,0.046274215,-0.103677325,-0.12318671,0.1858854,0.058405858,0.21479519,0.00768468,-0.15065978,-0.2153832,-0.52749586,-0.1428829,0.29693034,-0.15151262,0.19721323,-0.14580242,0.48401737,-0.047844764,0.005175618,-0.5003664,0.06013684,0.20835237,-0.040587474,0.8172592,-0.2501732,-1.8119678,-0.041161552,-0.13763548,1.1891464,0.47740382,0.008988382,0.43640476,-0.034964476,-0.2920578,0.64430207,0.09065277,-0.23389664,0.39780748,0.05593964,-0.057697743,0.12964606,-0.46012503,-0.38033614,-0.19875205,0.17175424,0.058128312,-0.101040214,-0.015247453,-0.6338983,0.088128924,0.6531291,-0.08396997,-0.33983842,0.15470062,-0.94954926,-0.20328832,-0.19441013,0.03410625,-0.19595069,-0.27312502,-0.04432096,-0.061741687,-0.023024712,0.057539932,-0.43706337,0.17449215,-0.23991464,-0.032417852,0.3566626,0.012217618
1,negative,-0.19263697,0.21357222,0.2812597,-0.33250248,0.065043174,-0.071979925,-0.2525831,-0.1153907,-0.07158123,0.10435962,0.059614964,0.10466269,-0.004871853,-0.11694344,-0.04465326,0.028793063,-0.023123795,-0.025735997,0.043742724,-0.2130725,0.20046714,-0.15584719,0.037573066,-0.008011068,0.1684405,0.044820108,-0.24692528,-0.26967424,0.048597414,-0.17382118,0.031245274,0.1281835,0.033400014,-0.043697663,-0.0033414941,0.1368963,-0.09185102,0.044465605,0.027683675,0.1047569,-0.2684993,-0.15618105,0.31630698,-0.26450413,-0.029108418,0.012480243,0.09091179,-0.06219566,-0.14031845,-0.45376623,0.14251496,-0.029239576,-0.09925188,0.92833555,0.14446793,-2.028303,0.1353722,-0.04446074,1.2286626,0.49227494,-0.1021087,0.22869444,-0.18108454,0.023768641,0.5801361,-0.06736854,0.21132863,0.25886494,0.28078753,-0.19859661,0.190813,-0.30720285,-0.46041706,0.029808734,-0.022587119,-0.023768384,-0.17348102,0.09419647,-0.66131145,0.18443508,0.7380403,-0.076497875,-0.15069282,-0.12750527,-0.87251526,-0.34991592,0.058502052,0.011141626,-0.14462434,-0.37007433,0.053716905,0.13361984,-0.24671097,0.09927722,-0.27382195,-0.10859393,0.25082207,0.00029692164,0.5519491,-0.17636324
2,negative,0.020963674,0.36843583,0.51217973,-0.044032384,-0.041521814,-0.017419726,-0.1871687,-0.13971469,0.18606882,0.23145959,0.0076935585,0.022523101,0.19948553,-0.016045028,-0.04890492,-0.1192774,0.08052571,0.12844984,-0.46002394,0.3409029,0.35434997,-0.061421514,-0.003195217,0.016786477,0.14939304,0.23391703,-0.1546813,-0.18729414,0.29594997,-0.022099616,0.028255342,0.34096047,0.0072449567,-0.12522243,0.017218582,0.061090857,0.046512023,-0.024537826,0.055734616,-0.17000496,-0.4837557,-0.03269497,0.04003145,-0.24095783,0.040856864,-0.17025043,2.5973199e-05,-0.12854461,-0.30217412,-0.4953213,0.036329795,0.067617334,0.101506,0.92719465,-0.17438172,-1.6040201,0.18531017,-0.16474941,1.1037788,0.2769378,0.019928614,0.45277256,-0.19792481,-0.17885451,0.68479115,0.2013568,0.24023782,0.28707352,0.007922234,-0.18678573,0.17700374,-0.3269697,-0.1724862,0.11332152,0.07720276,0.022505186,0.013041566,-0.06811343,-0.7550521,0.24007566,0.6057114,0.14405148,-0.26334766,0.17174196,-1.040064,-0.124668285,-0.07293364,-0.007327378,-0.04266576,-0.29180154,-0.06593185,-0.17301182,0.13121781,-0.018441573,-0.4432519,-0.09024708,-0.2590348,-0.2122576,0.21093975,-0.11436613
3,neutral,-0.21377148,-0.11892731,0.2504541,-0.12777351,0.15446772,0.3934262,0.12118379,0.36434975,-0.1847346,-0.043778032,0.15455352,-0.18241043,-0.2582426,-0.0044358037,0.38549522,0.1263157,0.25484538,0.04545721,-0.03918359,0.29304495,0.3094698,0.019210251,0.053587973,-0.19770658,0.4175546,-0.13936841,0.1279286,-0.10136526,0.1832194,0.29710847,-0.11886431,0.24249421,0.32745445,0.35649103,-0.102154545,0.022030395,-0.05175555,0.4092277,0.12773766,-0.29344255,0.1289932,0.08378307,0.0049225995,0.2791426,-0.09302306,-0.014757772,-0.21313538,-0.2108686,0.22535072,-0.49467432,0.08144815,-0.29687703,0.317864,0.39785036,0.029963303,-1.7579598,-0.03751612,-0.08186085,0.3472704,0.43522313,-0.010916149,0.6737119,-0.30442226,-0.0267354,0.32246646,-0.20492107,0.5282725,0.07005431,0.04126966,0.1359169,-0.24814732,0.13211861,-0.15738122,-0.030141965,-0.02345484,0.12820585,0.30086115,0.19973145,-0.21367179,-0.01811909,0.04691208,0.037704326,-0.14620359,-0.1291288,-0.6154299,0.008264651,-0.15227099,-0.30591008,0.13651656,0.14786959,-0.20162702,0.015656967,-0.25186127,-0.03610641,-0.34173167,-0.063444726,-0.26552975,-0.013166609,0.121686734,0.15359776
4,negative,0.04810409,0.018298412,0.56428224,-0.25366575,-0.32461408,0.25222036,-0.12968287,0.043951407,0.17479421,-0.02909875,0.19638114,0.10697588,0.06638813,0.010590051,0.10481763,-0.011456546,-0.05966876,0.16301116,-0.21830317,0.36548066,0.30668163,0.16653195,-0.13232508,-0.28619406,0.09746098,0.22684626,-0.35200793,-0.26114205,0.018034758,-0.05473805,-0.06483539,0.4246178,0.026230427,-0.15514146,0.0090142405,0.0817796,-0.28630677,-0.040068325,0.103081286,-0.19463632,-0.3227224,0.031952433,0.2538765,-0.21302883,-0.37677258,-0.06377367,0.16602962,-0.14807156,-0.29973426,-0.79132354,0.23157236,-0.026829321,0.06390759,0.9097139,-0.12892021,-2.0528908,0.09170856,0.1407785,1.3539119,0.23161747,-0.18506747,0.71273625,-0.41367224,-0.16460267,0.71437365,-0.028215382,0.5635316,0.2932187,-0.093109965,-0.2828868,-0.0320168,-0.31531584,-0.0218879,-0.24491668,0.115545414,0.25400114,-0.06832787,-0.04273667,-0.564517,0.0048044184,0.5029891,-4.6495228e-05,-0.3315638,0.008476909,-1.3301638,-0.11083543,-0.097070135,-0.12608376,-0.26819608,-0.49696514,-0.07930981,-0.106288254,-0.041848317,-0.049972385,-0.44333652,0.015910206,-0.17578493,-0.20030272,0.3492804,0.27645615
5,neutral,0.04403898,0.11409824,0.18218797,0.16256396,0.24535128,-0.07445595,0.14146706,-0.1162219,-0.3699874,0.13415565,-0.18696062,0.060890283,-0.026799917,-0.07319558,-0.18647283,-0.03914175,0.11266214,-0.09811585,-0.18870047,-0.0021759744,0.01321798,-0.09952497,0.16952807,0.11395578,0.339683,0.15517956,-0.3996645,-0.2020699,0.5803043,-0.41551194,-0.06826272,0.18484713,-0.10882703,0.04305001,0.14975493,0.016762521,-0.12233368,0.23316722,-0.12727436,-0.19377396,-0.21048819,0.042741433,0.40288582,-0.3234409,-0.059386965,-0.13923068,0.24496366,-0.19655377,-0.10731824,-0.12025774,-0.14834431,0.08439136,0.09977592,0.7730024,-0.09996116,-1.2877338,-0.08921195,0.15512158,0.5253386,0.13086115,-0.051476832,0.34150788,-0.39557925,-0.07904041,0.27837956,-0.08604413,0.100782394,0.013624893,-0.069010034,0.21210605,0.41773206,-0.03867455,-0.27115253,-0.4625338,0.08934479,0.19946195,-0.34288916,0.18889527,-0.41987613,0.0471442,0.3259093,0.21132652,-0.20603059,0.057091713,-0.41315183,0.252669,0.08719129,0.029136725,0.030268854,-0.74495536,0.00521672,-0.27835786,-0.091876134,0.2339535,-0.42298484,-0.024011,-0.05890043,-0.1039669,-0.11778299,0.3703014
6,negative,-0.0064393478,0.08145784,0.3237157,-0.17759742,0.10050902,-0.08614229,-0.19991967,0.24137326,0.07931331,0.41571125,0.53831047,0.24966566,0.24039859,0.11755865,0.16464911,-0.10710371,-0.0200807,0.13279115,-0.30881903,0.32579488,0.32502824,-0.01663407,0.12625799,-0.020027762,0.37104884,0.13112304,-0.24513996,-0.034572825,-0.015704403,0.12028395,-0.11014891,0.020845307,0.24220966,0.36056644,-0.014892177,0.007805929,-0.04557983,-0.0038697754,0.43551552,-0.056457125,-0.36300486,-0.11408185,-0.014793375,0.16734613,0.5487066,0.19864635,0.049482327,0.21982425,0.19841345,-0.22914831,-0.22426167,0.10880999,0.19491279,0.9096479,-0.07586503,-1.7487617,-0.3263139,0.20233098,1.195643,0.5004813,-0.13567428,0.70725137,-0.024838924,0.22291905,0.13891321,0.091529444,0.29253364,0.05590389,-0.23726799,-0.06881172,-0.20319949,-0.138568,0.012197555,-0.11228859,0.08055343,-0.274935,0.35123911,0.1447418,-0.4038786,0.2634247,0.5645143,0.013314694,-0.24495614,-0.004006626,-0.31716004,-0.39929414,0.07773269,-0.06665223,0.10756173,0.021802673,0.26408067,-0.006278934,0.050509002,-0.07843129,-0.24462081,0.20292503,-0.07199908,-0.17555158,0.22830808,-0.23254052
7,negative,0.19622451,0.18242945,-0.31763977,0.04018447,0.080572866,0.24823906,-0.6058767,0.41450122,-0.052548002,0.48179236,0.09228037,-0.04664678,0.32363868,0.35712862,-0.45782852,0.066855066,-0.21101312,-0.25479066,-0.5528854,-0.27922568,0.8547988,0.023061741,0.25464794,-0.16829054,0.23446938,-0.35028377,0.053014874,0.108125664,0.57707584,0.1257596,-0.237417,0.2163661,0.001224103,0.1581441,-0.122485474,0.24126783,0.27799624,-0.035582595,-0.19530146,-0.18611766,-0.5993459,-0.12158387,0.36878833,-0.0009705958,0.7345074,-0.33245054,-0.08646512,-0.035912637,0.0008053787,-0.26981243,0.4529388,-0.09441597,0.23327555,0.8680698,-0.53687036,-1.6332338,-0.4225517,-0.19386284,1.3753538,0.08869023,-0.31642842,0.33261278,-0.16218579,-0.34037408,0.17349586,0.00022682297,-0.12206624,0.09948484,0.076151274,-0.047907986,-0.2379755,-0.29059166,-0.40658966,-0.6945964,0.21412207,0.28819272,0.8839371,0.04468783,-0.97072965,0.12056963,0.665981,-0.31064168,-0.013089311,-0.085663244,-0.8890268,-0.10897962,0.23758845,-0.01059167,0.1197244,-0.08230205,0.30718386,-0.1634202,-0.03561584,0.076996,-0.53459543,0.26436493,-0.009955908,0.41706273,0.30447078,-0.0011548211
8,negative,-0.05859461,0.014920288,0.25282568,-0.11867405,-0.0129824355,0.17850776,-0.17999022,0.13542847,0.10187778,0.08544547,-0.04990225,-0.006400723,0.02481254,0.012488388,-0.053342003,-0.085725814,0.15918165,0.1248517,-0.2505628,-0.0055865985,0.25754195,0.05755577,0.067893475,0.0020708374,0.015997259,-0.01729575,-0.20953679,-0.32023033,0.030575482,-0.04061967,0.06930889,0.3167568,0.07936,-0.057802733,0.040531054,0.14520665,-0.01306665,0.012970826,0.03126162,0.042773116,-0.15144885,-0.26566696,-0.066656984,-0.114457436,0.011504812,0.022316806,0.10980847,-0.15930873,-0.06695591,-0.53702414,-0.0954833,-0.1435736,-0.007912415,0.6224616,0.033956327,-1.367032,-0.0338985,0.12415449,1.0476856,0.22432996,-0.158739,0.31351846,-0.13601202,-0.06506175,0.36154944,0.061125584,0.26467404,0.055173397,0.06398133,0.03312764,0.12899745,-0.24396656,-0.12722102,-0.27729255,-0.01267723,-0.059604984,0.029174931,0.051269468,-0.54582584,-0.12883942,0.2667108,0.06936983,-0.09745214,0.13107489,-0.7149883,-0.035565447,-0.07128566,-0.07566765,-0.0038911027,-0.36478096,0.14369214,-0.057650343,-0.07258285,0.013340141,-0.28184158,-0.028641613,-0.02909158,-0.16717432,0.37964472,0.13557814
9,neutral,0.092044495,0.2827697,0.30060697,-0.15390162,-0.24718174,0.30146322,-0.18787752,0.050807755,0.1951663,0.17162596,0.02123548,0.081405535,0.39135215,-0.05897306,-0.03653656,0.04248648,-0.14564185,0.035275772,-0.55094147,0.36784407,0.19551265,-0.117540345,-0.05662116,-0.06146144,-0.031017343,-0.16432826,-0.027249439,-0.37006533,0.40232655,0.14707825,-0.083526224,0.3276361,0.079751104,0.16860189,-0.0045390297,0.005511857,-0.03432233,0.046944816,0.06533808,-0.34848303,-0.44868112,-0.043142427,0.22560112,-0.32889375,-0.25858217,-0.26598305,0.29015878,-0.26167393,-0.10795045,-0.5627643,0.0497175,-0.14492834,0.105039455,0.55224204,-0.3396618,-1.1703204,-0.021971736,-0.07595423,1.0601845,0.20233463,-0.48355725,0.38791782,-0.19929503,-0.18727893,0.40269962,0.18245682,0.191114,0.2795154,-0.28374222,0.3308846,-0.008690343,-0.31209618,-0.3793236,-0.14423367,-0.20064875,0.25353372,0.29095194,0.18400797,-0.54119736,-0.016286219,0.5037735,-0.12989645,-0.04340687,0.038483657,-0.7163511,-0.20823692,-0.078025445,0.19554111,0.017963963,-0.21613841,0.041703753,-0.20835814,-0.18561196,-0.106725365,-0.42884108,0.047459155,-0.059136726,0.059744477,0.13834666,0.26873502
10,negative,-0.021737147,0.18984169,0.44125727,-0.40912098,-0.16114485,0.23396267,-0.017433437,0.17173024,0.013158892,-0.2245709,0.16078177,0.024197655,0.3207572,-0.09278409,0.20698127,-0.1978497,-0.056278452,-0.037679005,-0.22524245,0.39273885,0.54949164,0.055900764,0.13967058,0.10347406,0.20541543,-0.09747289,-0.17815076,-0.24953532,0.22171941,-0.013218201,0.06323378,0.405768,0.0082868,-0.24661052,-0.15597793,0.15854438,-0.081596695,0.21491826,0.0051353117,-0.10434451,-0.2402084,-0.15883751,0.07104906,-0.24238527,0.009426835,-0.16944101,0.28996277,-0.22597368,-0.005914127,-0.87775797,0.004309782,-0.14126456,0.17516643,0.8980196,-0.29055712,-2.570601,-0.09499997,0.048185986,1.5981584,0.5760932,-0.0721353,0.9427724,-0.57136935,-0.19769365,0.5358006,-0.017142618,0.52955514,0.23132129,0.080258645,0.011615047,-0.1346261,-0.2138641,-0.15996164,-0.032304477,0.116384,0.19241384,-0.017578062,0.03016145,-0.7620372,-0.106455594,0.53320324,-0.06314309,-0.4082457,0.13041836,-1.2324259,-0.41268453,-0.06265815,-0.06336109,-0.22568394,-0.432739,0.24525794,-0.047765072,-0.07990868,0.054821093,-0.5708055,0.104329325,-0.062075343,-0.23791954,0.43123773,0.18866207
11,negative,0.06119242,0.15035065,0.57533854,0.15278958,-0.061405625,0.029689474,-0.12166412,-0.021126127,-0.11429495,0.3450545,-0.0696781,0.27530053,0.2090872,0.20191078,-0.20324218,-0.0015866727,-0.04145795,-0.09869963,-0.35357523,0.32347536,0.09015965,0.2085636,0.15024044,0.07225146,-0.100761935,-0.043564152,-0.13830262,-0.16912019,0.20546727,0.07060831,-0.2021478,0.33485818,-0.20823151,-0.35892177,0.062166438,0.03591548,0.022757472,-0.063457705,0.0722417,0.01850836,-0.22176641,-0.31069663,0.19956203,-0.24731907,0.11702055,-0.28109902,0.18186955,-0.09819774,0.056991607,-0.4785928,0.30615032,0.014564411,-0.027883008,0.89690787,-0.19540052,-1.9670438,0.14561756,-0.04981157,1.369681,0.40409145,-0.18088941,0.6706693,-0.33104032,0.053514317,0.6793603,0.021267803,0.18380508,0.22159827,0.07570274,0.04847193,-0.09034416,-0.3367655,-0.037074823,0.098077565,0.12908258,0.008352535,-0.03065113,0.31892332,-0.65499014,0.066387065,0.7396924,-0.05301812,-0.3107614,-0.019983858,-1.3734547,-0.18615226,-0.27693275,0.04632295,-0.17580459,-0.32162115,0.022649018,-0.07708227,-0.21650392,0.110289626,-0.23341705,0.18120362,-0.23667786,-0.13329713,0.3446532,0.10111015
12,neutral,-0.12804252,0.10371422,0.2643065,0.006064924,-0.1750404,-0.3667893,-0.48189414,-0.15674692,0.030319404,0.09694173,-0.15311852,0.03725681,0.18035103,-0.062764235,-0.14849906,-0.26650816,-0.13498564,-0.110397846,-0.260831,-0.10046874,0.0640202,-0.1264307,-0.1295995,0.13206574,-0.26716268,0.035882756,0.00011241054,-0.3185357,0.017298896,-0.05754652,-0.060311235,0.38354796,-0.22460309,-0.091381505,-0.24821796,0.09447765,0.17304455,-0.038888574,-0.27106076,-0.030685645,-0.42085597,-0.2817579,0.10024597,-0.12253318,0.11892309,-0.016504018,0.23972148,-0.18448891,-0.3595035,-0.7523146,0.060575113,0.022339374,-0.016800363,0.8116943,0.10707564,-1.8244015,0.24171518,-0.50262976,1.3564578,0.33611926,-0.11764702,0.1566603,-0.20968397,-0.0800891,0.6232991,0.1339786,-0.06961906,0.21660538,0.23557237,-0.30090138,0.22407007,-0.32556808,-0.3616591,-0.29846743,0.12763782,0.032915756,-0.19385691,0.156705,-0.67809755,0.11218833,0.72866637,0.060300145,-0.24566928,0.14720824,-0.9575954,-0.03431371,0.08547857,0.097051285,-0.27511492,-0.48481727,-0.28408223,0.0022208616,-0.2278024,-0.3097596,-0.37868497,0.30174622,0.29955444,-0.23118424,0.4968579,0.106066965
13,negative,-0.29145065,-0.002683525,0.07246727,0.103988715,-0.1288819,-0.6044787,-0.21598674,-0.085625015,-0.039526235,0.22029959,0.12049921,-0.10872058,0.0546091,-0.27825686,0.11990734,-0.3644184,-0.15740779,-0.119196355,-0.31162092,0.08085561,0.47137442,0.028226783,0.1382152,0.22279193,-0.12608053,0.21147598,-0.22941767,-0.3431223,0.42616937,-0.1307189,0.049007673,0.37070906,-0.11250646,-0.0028674898,0.0026817,0.29456124,0.20820764,-0.21756427,0.017797446,-0.016633647,-0.4931056,-0.30133143,-0.06090696,0.11267089,0.18333489,-0.107058585,0.65252346,-0.35433334,0.14019416,-0.9227471,0.20491745,0.15240264,0.1856978,0.9802442,0.12263593,-1.7328788,0.2224514,-0.053550635,1.432131,0.16428766,0.04586823,0.37628764,-0.07224049,0.04591216,0.308674,0.4771939,-0.04406485,-0.15289605,0.37551153,-0.18179953,0.44565126,-0.54051304,-0.12623513,-0.24673872,0.29908365,-0.058647778,-0.0528791,-0.09942718,-0.34453887,-0.046407524,0.52592146,-0.06573097,-0.45649973,-0.06045723,-0.7354053,-0.089378916,0.2633772,0.11109393,0.15967228,-0.06683572,-0.003243892,0.20968333,-0.3022126,-0.002619336,-0.51670283,-0.13003421,0.12120559,0.10684372,0.47069675,0.12059722
14,neutral,0.064377375,0.4677127,0.46146375,-0.58360004,0.040067047,-0.08349763,-0.1689992,0.3385077,0.05974671,0.009256765,0.4930772,0.07004468,0.4186222,0.105319336,-0.28710693,-0.071685225,-0.16257264,0.25657988,-0.5922567,0.43024322,0.5131585,0.40053698,0.2062951,-0.26881582,0.08538656,0.1415013,-0.61366993,-0.18130566,0.2372598,0.13980809,-0.3562088,0.6605789,0.153816,0.051861893,0.17439568,0.18205449,-0.32943997,0.069146395,-0.09123089,-0.01801909,-0.08551887,0.11085987,-0.10238172,-0.43488666,-0.38321668,-0.5103253,0.65828365,-0.40297237,0.112422906,-0.9456547,-0.1566412,0.1296683,0.1901409,0.95462304,-0.119891554,-2.4798052,0.029231573,0.34953836,1.4015833,0.45185396,-0.32516342,0.21716747,-0.24119069,-0.062797025,0.8880848,0.41013667,0.6375875,0.15444455,-0.3477261,0.08654902,0.37167364,-0.14016612,-0.20431666,-0.37775484,0.28482515,0.16051814,-0.17687887,-0.05190645,-0.50770694,0.16965622,0.54466474,0.19491993,-0.7019813,-0.02790694,-1.3994391,-0.10746339,-0.00556692,0.19952673,-0.17050461,-0.51207525,-0.057438087,0.05236522,-0.20753813,-0.2601123,-0.5740695,0.10464949,0.014095593,-0.19248974,0.2740714,0.41433176
15,negative,0.026795907,0.19963415,0.33075997,-0.27619627,-0.19692017,0.34388736,-0.4217549,0.17316204,0.13719398,-0.18749447,-0.06826172,0.047268957,0.047933616,0.06735118,0.114781715,0.044572316,0.19570051,0.23572831,-0.46855086,0.3396752,0.13709375,0.03769058,0.08991728,-0.103416644,0.077232905,0.10374926,-0.118646055,-0.5045885,0.1147649,-0.07878616,-0.02317556,0.4295672,0.0802935,0.0054114433,-0.120185785,0.11319493,-0.15216945,0.1652268,0.08068393,-0.2813733,-0.33375767,-0.043810945,-0.15088442,-0.40388906,-0.19824901,-0.014550267,0.0104432,-0.03687106,-0.24002339,-0.5276615,0.01815664,-0.027656049,0.19361576,0.8223888,-0.20724238,-1.5340073,0.18916135,0.09114965,1.2002648,0.41535845,-0.04896403,0.5101437,-0.34837863,-0.18391164,0.6902417,0.26356354,0.2583239,0.23279166,0.1657298,-0.21906815,0.055338524,-0.24860461,-0.08402688,-0.31022942,0.06290047,0.08371403,-0.2884263,-0.020436123,-0.61956143,-0.16579306,0.33080608,0.08929733,-0.022351773,0.071832,-1.2726848,-0.08521034,-0.005865,0.0115082925,-0.28265703,-0.44634283,0.114686295,-0.23150711,0.03661949,0.1415609,-0.29830134,0.012762412,-0.09913,-0.42213568,0.29441673,-0.002474244
16,neutral,-0.14892358,0.24018577,0.33081034,0.11090505,0.07409591,-0.18368733,-0.23387343,-0.010112552,0.17040968,-0.12396719,-0.13153274,-0.16203704,0.118057474,-0.0036465311,0.088518165,-0.17083868,0.109990835,0.013522512,-0.31384936,-0.12244525,0.18637347,-0.11611979,-0.007815409,0.10928911,0.0104724355,-0.17799166,-0.04065662,-0.13917188,0.11675393,0.0059840023,-0.21475668,0.13650815,0.024486125,0.095021896,-0.04100382,0.11553858,0.20681764,0.27814135,-0.2742204,-0.14602359,-0.48368853,-0.2777314,0.22862266,-0.12973304,0.21475402,0.082499035,0.40555453,-0.13628961,-0.1678061,-0.5333142,-0.088685855,0.03324147,0.0052551315,0.8237269,-0.11160147,-1.8591896,0.024976917,-0.1611879,1.3983535,0.31076378,-0.3665648,0.5161253,-0.20625773,-0.14343047,0.5930286,-0.12173294,-0.10854369,0.16755295,0.1337599,-0.062494334,0.007900143,-0.35863495,-0.2228668,-0.36578202,0.0050911247,-0.12686367,0.012457432,-0.06504193,-0.6340613,-0.00072643533,0.31525412,0.083351254,-0.4098457,0.2866681,-1.0774256,-0.06056808,-0.04614056,-0.15902463,-0.02492698,-0.4393095,0.02601195,0.09915489,-0.15365656,-0.044130564,-0.2808265,0.108640246,-0.071332954,-0.013903929,0.57615304,-0.009837658
17,neutral,-0.15746237,0.36585453,0.23873234,-0.035901092,-0.10900167,-0.1465359,-0.14691223,0.047878984,0.24492241,0.279115,-0.099365495,-0.026365543,0.16948935,0.10071445,0.03202223,-0.21844025,-0.15739557,-0.04003,-0.4273891,0.0666876,0.03644324,-0.053974286,0.2167309,-0.078691326,-0.029022174,0.024170335,-0.14146937,-0.1373504,0.08013488,0.14884824,-0.121139884,0.2537605,-0.11194086,0.074823156,0.06607189,0.09357688,0.013683974,-0.14057064,-0.065425344,-0.12285728,-0.4925411,-0.12512913,0.047743823,-0.2817962,0.3871105,-0.10998149,0.28889868,0.03561607,-0.2619148,-0.42183244,0.043861005,-0.08046362,0.14776476,0.8535219,-0.119904935,-1.5223436,-0.091633655,-0.31138566,1.2752826,0.08833104,-0.06598331,0.31820792,-0.08221382,0.0019450017,0.76335436,0.07835616,0.23501758,-0.07088812,0.018722082,-0.3096832,0.08595961,-0.34353644,-0.1384158,-0.31594524,0.14751957,0.114036605,-0.03495209,0.13321206,-0.6916493,0.25177374,0.6433091,0.030645952,-0.41980106,0.2118168,-0.8981241,0.11397105,0.2625451,0.15045735,-0.008731496,-0.23349363,0.17385541,-0.22150275,0.006632951,-0.051496617,-0.44178006,0.13657717,-0.12336379,-0.27439234,0.5011428,0.09543144
18,neutral,-0.16618593,0.21914944,0.18697447,-0.10231632,0.041093245,0.064747624,-0.16053624,-0.08805496,0.11978499,0.0053049196,0.0913079,-0.09696156,0.24244675,-0.06284649,0.09814142,-0.27966073,0.16464403,0.13046797,-0.22458564,0.19344358,0.106813334,0.041846044,-0.07336504,-0.06599093,0.096879795,0.06992003,-0.04444966,-0.22359982,0.024047462,-0.04785108,-0.08741174,0.3124076,-0.11301522,-0.011502848,0.052182585,0.2012782,-0.0073929797,0.1828744,0.04085271,-0.23933649,-0.1871678,-0.08426094,-0.049474187,-0.27634668,-0.15398037,-0.11856678,0.04360191,0.010467726,0.011558888,-0.4386622,0.11632835,0.01103498,0.15457118,0.6965486,0.048774824,-1.6043786,0.0906283,0.040685646,1.1920815,0.30863672,-0.04621857,0.54710793,-0.20168738,-0.15461388,0.6040927,0.14569223,0.35314342,0.12650494,0.23119904,-0.037010398,0.13670832,-0.14403293,-0.066999346,-0.31912974,-0.037472825,-0.012240836,-0.007363628,-0.069341615,-0.54762995,-0.037057918,0.35097617,-0.0392141,-0.2802218,0.051731627,-0.93232715,-0.004598615,-0.030827906,-0.02166978,-0.08774196,-0.23938808,0.052953403,0.11967159,0.17202246,-0.031326685,-0.3029511,-0.062298656,-0.110166736,-0.25081518,0.24327332,0.18896385
19,neutral,-0.26967293,-0.20512994,0.39953935,-0.37864053,-0.018064016,0.21495841,0.18327199,0.14889622,-0.19407196,-0.27681783,0.13920526,-0.22024745,-0.3575271,0.14248087,0.39432216,0.26196018,0.27459803,0.1860681,-0.15721114,0.53669304,0.33958706,-0.2550682,-0.11361462,0.14898644,0.46612158,-0.02254021,-0.014202112,-0.16251208,0.2825468,0.41632617,-0.16120246,0.3228144,0.18026353,0.33456782,-0.21565874,0.01432836,-0.19458035,0.4025772,0.16490746,-0.36404565,0.17316775,0.19487363,-0.06901264,0.23849434,-0.18181829,-0.021818586,-0.37075865,-0.37119567,0.18012424,-0.72880334,0.09939118,-0.2567967,0.2797447,0.2985148,0.11736575,-1.8009025,-0.035004836,-0.24170563,0.16948628,0.600557,-0.21765827,0.70353854,-0.2518753,-0.055212718,0.45505685,-0.32893863,0.44610214,0.2965397,-0.10844422,0.19083324,-0.3482373,0.14757484,-0.17684726,0.18530129,-0.022623453,0.3820824,0.041841563,0.05913183,-0.30964097,-0.2652026,-0.1141958,0.18636371,-0.17261924,-0.33298334,-0.8386174,-0.021764226,-0.15179075,-0.4229167,0.019661317,0.07958117,-0.44638216,-0.07753838,-0.24072261,-0.0011951347,-0.11565154,-0.0019618503,-0.104792215,-0.06653014,-0.10937226,0.14666498
20,negative,0.06323487,0.2772201,0.69174314,-0.46664158,-0.01019438,0.14247923,-0.2550416,0.21717222,0.078309685,-0.22786948,0.26939088,0.050670613,-0.032296192,0.24119812,-0.11045679,-0.38647705,0.3721895,0.4327531,-0.38412097,0.3533448,0.5463245,0.5552931,0.26747355,0.061997604,0.17054223,0.20805137,-0.40422332,-0.49417627,0.45052782,-0.33850917,-0.09523693,0.504485,-0.11666797,0.015285796,0.10584246,0.40936962,-0.09580777,-0.040815692,-0.17632957,-0.12451223,-0.56959426,-0.32545656,-0.1821115,-0.35243842,-0.24426913,-0.057420436,0.121182084,0.057839356,-0.12663858,-0.7350336,-0.10863008,0.15389122,-0.11364929,0.9725207,-0.005502603,-2.4986813,-0.086565025,-0.14672112,1.807509,0.29141152,-0.1579178,0.8817516,-0.14301953,-0.23807831,0.6123465,0.16433172,0.29174775,0.34781587,0.03581436,-0.24799132,0.07811485,-0.29043567,-0.24259219,-0.64533514,0.16944416,-0.06879491,-0.22481966,-0.26361972,-0.561204,0.037274674,0.5024146,0.06160054,-0.6497321,0.22691108,-1.2396611,-0.32083496,-0.28804043,0.04418069,-0.1856407,-0.2915141,-0.03310911,-0.09888128,0.16376868,-0.24918786,-0.72890943,-0.349427,-0.102690026,0.12988661,0.605296,0.37935406
21,neutral,-0.26427305,0.02060786,0.6053799,0.04139687,0.2427024,0.0040665683,-0.049759,0.41472787,-0.42363548,0.0003444154,-0.20813186,-0.20561938,0.16399223,0.012860752,-0.17826806,-0.34912238,0.17233282,0.07318607,-0.7127126,-0.15318811,0.17772539,-0.30203205,0.4396276,-0.20055148,-0.19663046,-0.30535197,-0.013036655,-0.2523223,0.38258922,0.15416428,-0.008270472,0.35615695,-0.14336151,-0.04010037,-0.12274496,0.2015246,0.096321754,-0.109206066,-0.08170025,-0.048951212,-0.7079728,-0.2282788,0.52617586,-0.42146325,-0.008632278,-0.33694297,0.034679517,-0.33339202,-0.26169184,-0.35383648,0.084981136,-0.27757967,0.13405916,0.8402468,-0.13098817,-1.9016544,-0.22162575,0.080063604,1.5160164,0.32110217,-0.13487662,0.23030749,0.09673678,-0.14780158,0.5495445,0.09727328,0.029071776,0.54950166,-0.045169707,-0.051931325,0.26074204,-0.21109432,-0.32179216,-0.5098918,0.08775757,-0.053558562,-0.28985697,-0.29856586,-0.5970277,-0.27001524,0.36459547,-0.14587368,-0.16022633,-0.1212902,-1.0159179,-0.01829143,0.25003257,0.2894343,0.3408982,-0.41887122,0.34615022,-0.10211802,-0.34077692,0.37021524,-0.5671303,0.20712943,0.23442566,-0.35011634,0.57004994,-0.09170308
22,neutral,-0.10346252,0.31711337,0.18764555,-0.16738558,0.24105173,0.01980092,-0.22974657,-0.1965343,-0.18833773,0.1909358,-0.24965495,-0.17701612,0.19025117,-0.07818257,-0.36887786,0.2377127,0.14686091,-0.25901192,-0.49258167,-0.32675225,0.482453,-0.060371254,0.34603444,-0.010609256,0.07889894,-0.028843094,-0.24353914,-0.26594526,0.46304548,0.10909816,-0.074466504,0.23714143,-0.11540175,0.2959344,-0.14085555,-0.013605651,0.15343593,0.14028929,-0.10532291,0.16257931,-0.8320073,-0.48888454,0.23426636,0.08154942,0.06521935,-0.70694983,0.18042515,-0.007191686,-0.028963247,-0.6051514,0.14038625,-0.07984592,0.24646111,0.8194989,-0.08619167,-1.9650662,-0.14126596,-0.0902108,1.493967,0.20978278,-0.46689168,0.25612468,-0.09830957,-0.41330498,0.37925088,0.10571434,0.024312124,0.24290052,0.03497762,0.20044588,0.23728195,-0.27025577,-0.65818816,-0.45983645,-0.055956196,0.23088294,0.29511657,0.1271745,-0.8759093,-0.0032368347,0.7085602,0.09115235,-0.11691305,0.09245862,-0.68467665,-0.07116366,0.037433654,0.36592096,0.17567284,-0.4654929,0.14968404,-0.20648818,-0.1763161,0.19863516,-0.78040546,0.0051677,-0.04424432,-0.02920766,0.47129205,0.43218362
23,neutral,-0.62242675,0.51614076,0.07640105,0.08497706,0.038536698,0.28642732,-0.10394557,-0.30929065,0.18271096,0.63684076,0.044445917,0.054978322,0.36839268,0.21464129,0.17889753,-0.014362333,-0.18989418,-0.17676361,-0.288382,-0.046955526,-0.012635007,0.27528152,0.3211865,-0.20372207,-0.18915403,0.08770599,0.05674013,0.2748106,-0.3290154,0.25060973,-0.3855439,-0.20945993,-0.047380224,-0.3810068,0.26094335,0.14506382,0.5376488,0.45112023,0.3428969,-0.14068237,-0.28079757,0.009864957,-0.047002245,-0.34373063,0.1431405,-0.4586444,0.069234386,0.19107348,-0.45165664,0.073687404,-0.5230363,-0.15272965,0.13949054,1.0666789,0.08776811,-0.8599471,-0.06289741,-0.10352504,1.007587,0.120565,0.35362878,0.2247194,-0.026557306,-0.20450155,0.8616984,0.21381278,0.6888619,0.13495283,-0.50231373,-0.050873563,0.060506005,-0.22256829,0.34270608,-0.26032743,0.16743945,-0.16943541,-0.25363326,-0.048124492,0.11735485,0.07863991,0.5144538,-0.004819946,-0.44589898,-0.16087285,-0.41988602,-0.3597446,-0.21970133,0.28578123,0.492309,-0.104882084,-0.46746644,0.12541445,-0.17442533,-0.06757562,-0.49222928,0.104446396,-0.012511706,-0.19700116,0.08536628,-0.124781586
24,neutral,-0.18193509,0.045057043,0.14855182,-0.19128743,-0.14740443,-0.07067979,-0.11086963,-0.049945462,0.118833706,0.021996913,0.036932614,0.044338137,0.14172086,0.0012707806,0.07591365,-0.011122997,-0.13917743,-0.074072115,-0.35101116,0.17810498,0.21157607,-0.11013507,-0.021352215,-0.2858012,-0.088727385,0.10164946,-0.094909884,-0.09802349,0.09935491,-0.080372244,-0.065443605,0.18244398,0.02367955,0.04597633,-0.11615102,0.22785465,0.0125731975,0.062814415,0.020301154,-0.1163728,-0.39074564,0.066842236,0.17867652,-0.1034788,-0.08927147,-0.277752,0.14130361,-0.05169418,-0.110178486,-0.5649479,0.022011876,0.068235755,0.22859348,0.6193329,-0.24280491,-1.4351847,0.12744525,-0.039812606,0.76691896,0.25737777,-0.15210564,0.40870455,-0.17928727,-0.30414465,0.4093052,-0.02542284,0.25825924,0.32887065,-0.21267444,-0.10466033,0.13764893,-0.2615217,-0.15738954,-0.53703237,0.05560656,0.1733087,0.019849235,-0.07083265,-0.59084535,-0.031184718,0.38207805,-0.2557696,-0.23423748,-0.14191113,-0.9174841,-0.17767057,0.06670623,0.047496703,-0.0323599,-0.27222574,-0.06610262,0.039350312,-0.105388425,0.008506347,-0.29018232,0.022916568,-0.17198434,-0.2931156,0.105817005,0.17331515
25,negative,-0.110312045,0.109934025,0.13223037,-0.13483293,0.05590714,-0.07519788,-0.005992962,0.049796067,0.11053024,0.209923,0.11679919,0.097592145,0.12528892,0.07611841,-0.03170114,-0.03569677,0.057716675,0.046129584,-0.54392743,0.19045523,0.1609207,-0.18495165,0.09311262,-0.15583928,-0.026592087,0.26004568,-0.084539555,-0.2884513,0.19178748,-0.10964368,-0.07400864,0.3079416,-0.12646967,0.035409488,-0.088821016,0.057353843,0.027201738,-0.05033469,-0.13594529,-0.22014315,-0.29105338,0.044757973,0.117799304,-0.20645455,-0.04557393,-0.16177092,0.17864576,-0.1772011,-0.04799676,-0.64642096,-0.05309205,0.024000641,0.1095171,0.8247697,0.012708072,-1.6245867,-0.09389316,-0.0019517319,1.0947475,0.107387096,-0.07326479,0.4256828,-0.14372262,-0.20567147,0.5828402,0.10063652,0.12094639,0.27373224,-0.010104544,-0.18374956,0.16086784,-0.262707,-0.35138175,-0.23343796,-0.05003028,0.07140322,-0.10702904,-0.12036622,-0.5560537,0.0011308815,0.4997378,-0.06892982,-0.3657731,0.0905886,-0.83123344,0.0011139329,0.22242412,0.14736922,-0.16648827,-0.07329673,-0.06266058,0.03425265,-0.23091458,-0.08628872,-0.41799757,-0.12361095,0.08593869,-0.0810623,0.12094759,0.13477558
26,negative,-0.13173588,0.05233732,0.24123865,0.093667865,0.02436161,-0.17246671,-0.035594985,-0.04889031,0.1935774,0.3628322,-0.091678545,-0.05005618,0.123996556,0.052962292,-0.10288274,-0.00024732275,0.038581,-0.13775884,-0.38015747,-0.09761885,0.13408057,-0.13328256,-0.04080021,-0.12826568,0.077602975,-0.11294434,-0.06762187,-0.046161637,0.086164266,-0.06636641,-0.10659158,0.07681528,-0.2346473,0.011262041,-0.1674032,-0.09014016,0.210801,-0.021072844,-0.033959217,-0.010834488,-0.43660048,-0.09461615,0.2225041,-0.12904936,-0.017743979,-0.12522419,0.3619479,0.012950024,-0.21066602,-0.41377473,0.0100607,0.10689373,-0.025153786,0.7697957,0.052429765,-1.4976109,0.09536296,-0.19882768,1.010284,0.18129686,-0.10063768,0.28369677,-0.060786344,-0.1929162,0.59358835,-0.018075723,0.17176573,0.01193995,0.14576182,-0.10496553,0.16069004,-0.19475943,-0.15666215,-0.21968126,-0.07400209,-0.025456373,-0.07292903,-0.007822248,-0.7007254,0.16483115,0.52483076,0.15423281,-0.13668334,0.21413459,-0.6320122,0.11829401,-0.0013826719,0.015948705,-0.068605304,-0.35926265,-0.09088164,0.1268302,-0.18317346,0.0049322564,-0.2530744,0.015325562,0.17057917,-0.11469309,0.2988972,0.35473442
27,neutral,-0.1947179,0.24103479,0.110107034,-0.005811901,-0.0037381088,0.06613692,-0.07349327,-0.3306627,-0.033625472,0.4375375,-0.01031887,-0.12336449,0.18773936,0.08131026,-0.05063101,0.03403257,-0.10444037,-0.15487795,-0.24549818,0.012182349,0.38616908,-0.27124485,0.17118305,-0.18638249,-0.047993883,0.057603437,-0.18767041,-0.31238157,0.18748492,-0.01842048,0.014110288,0.23763543,-0.1512253,-0.1130702,0.22243497,-0.00830841,-0.036909275,-0.17649414,0.15057269,-0.07563559,-0.2393379,-0.017394781,0.09254662,-0.19032171,0.05973035,-0.18865295,0.19221663,0.074527174,-0.17491476,-0.36985254,0.06021626,0.09369351,0.0840768,0.89578575,0.1551455,-1.5557479,0.042151596,-0.06480232,1.2119038,0.38705167,-0.03910908,0.4207273,-0.0071632382,-0.23872371,0.6320764,0.14655721,0.19697073,0.11189047,0.09271098,0.115332566,0.14632808,-0.34758168,-0.2518904,-0.120900646,0.00048016317,-0.21772528,-0.06185928,0.035831235,-0.64446706,0.10678634,0.54078704,-0.064581774,-0.2201962,0.087540925,-0.9750946,0.18433075,0.027824942,0.01427507,-0.14469829,-0.24676593,0.022228975,-0.08403128,-0.11632658,0.20818198,-0.2765696,-0.19515626,-0.08864982,-0.25192723,0.39308628,0.17557426
28,neutral,-0.19906335,0.13415895,0.10056337,0.0031251188,0.012345706,0.01713171,-0.30543572,0.111383915,0.007881078,0.37805197,-0.09710255,-0.10415228,0.28565246,0.0010862395,-0.10412971,0.028100295,0.2691623,-0.09030547,-0.39163554,-0.11134752,0.13753162,-0.20927648,0.14918694,-0.11085767,-0.2084884,-0.12306675,-0.15174598,-0.21607423,0.06165895,-0.052266374,0.16505109,0.15911599,-0.13848394,-0.087349944,-0.10890711,0.13074738,-0.024258805,-0.04686311,-0.11845553,-0.023345644,-0.58191836,-0.083194196,0.17510948,-0.15800923,0.06857363,-0.23724553,0.28461206,-0.1070207,-0.12712176,-0.574298,0.13106431,-0.008660758,0.03314977,0.873694,-0.06409726,-1.7075572,0.17329763,-0.2735958,1.3625644,0.28188875,-0.14381108,0.25401607,-0.018629363,-0.055356428,0.5067766,-0.0013141929,-0.08350088,0.2712065,0.071559645,0.10773743,0.30168423,-0.27340785,-0.3115074,-0.33641264,0.02277159,-0.054012932,-0.16269253,0.10298174,-0.85199136,-0.039815523,0.55422187,-0.048042547,-0.14969562,0.0109904045,-0.84997934,-0.10494756,0.1613083,0.2271491,0.091773905,-0.32037866,0.058915205,-0.06858825,-0.14660975,0.023854822,-0.3577733,-0.0065115783,-0.04458514,-0.22337832,0.29403946,0.05070181
29,neutral,-0.23803759,0.080406934,0.20935647,-0.08352313,-0.049727395,-0.15045425,-0.027213734,-0.12584569,0.13213359,0.17169565,-0.036095925,0.023888761,0.121689014,-0.16789205,0.04821866,-0.18107441,0.03526782,0.03080848,-0.17005607,0.1137494,0.26331672,-0.12585,0.17528509,-0.20095682,-0.03509751,-0.081850946,-0.07220168,-0.20478904,0.09627828,-0.07780211,0.050852858,0.37983665,-0.2066899,-0.09353439,0.01678491,-0.05324004,0.16537212,0.11182656,-0.112176426,-0.1289834,-0.40010083,-0.015778808,0.14076956,-0.2308083,-0.05340713,-0.2808813,0.2683286,-0.123080045,-0.15151228,-0.48151085,0.15513574,-0.06331286,0.13193674,0.76462704,0.18398057,-1.7302141,0.16545121,-0.011092823,1.020191,0.3648497,-0.05974046,0.3201893,-0.24058492,-0.115722604,0.61174864,0.19612713,0.26822302,0.22231427,0.044049427,0.01900265,0.16487062,-0.14682253,-0.1959086,-0.24048917,0.029398533,-0.09770384,-0.15174997,-0.025261771,-0.654237,0.08832811,0.45262852,-0.0029673167,-0.36487535,0.048426487,-0.944295,0.10748125,0.1837781,0.010302639,-0.032138895,-0.37010986,0.049632844,0.03918028,0.02631336,-0.039925955,-0.17966145,0.11799128,0.029612036,-0.21148168,0.31412676,0.1964757
30,neutral,-0.09995243,0.05890506,0.16999674,0.079975635,0.15791108,-0.027057832,-0.12130313,-0.06871658,-0.11653662,0.1493226,0.07415011,-0.06316593,0.044723246,0.05857325,0.0052053593,-0.1838344,0.096560255,-0.17057429,-0.4177632,-0.010149793,0.12175627,-0.14100848,0.255704,-0.09622942,-0.09167672,0.02540344,-0.16351408,-0.0861759,0.45212647,0.07274936,0.21254005,0.39118642,0.10938937,-0.11483198,-0.22241881,0.11701027,0.09516451,0.06732303,-0.35879645,-0.24760617,-0.3681118,-0.05286412,0.46172857,-0.16512623,0.20331964,-0.19739006,0.1259046,-0.11632276,-0.07110388,-0.15932475,-0.2738587,0.09145575,0.1395418,0.7570311,-0.085428946,-1.2937344,-0.20376566,0.20169616,0.9527359,0.23049194,-0.22149129,0.07606551,-0.08207176,-0.21086812,0.40645844,0.017817544,0.040454376,0.15725021,-0.068145484,0.13791667,0.16230005,-0.0073017995,-0.369573,-0.46098608,-0.24511667,-0.15961497,-0.012335843,0.23750718,-0.68156964,0.14289387,0.49051094,-0.1161584,-0.2303506,0.03646079,-0.55431724,-0.062886745,0.14981787,0.22754042,0.10831174,-0.7116924,0.25276393,-0.1477659,-0.27266657,0.27549183,-0.6194476,-0.16142747,-0.060620267,-0.32855737,0.053241145,-0.12386175
31,neutral,-0.19218981,0.084378675,0.2567612,-0.07403183,0.1115147,-0.1328242,-0.17826828,-0.045533597,-0.021268139,0.16857672,0.048332036,-0.08553933,0.21095356,-0.046528738,-0.077017576,0.04586817,0.27905294,-0.12150085,-0.41014174,0.038433537,0.06436027,-0.20801808,0.103906706,-0.10265868,-0.25552076,-0.23195261,-0.093826234,-0.17949252,0.14958274,0.047184348,0.1444298,0.26971185,-0.2655937,-0.1449966,-0.09196961,0.14676955,0.07781845,-0.014920429,-0.19052173,-0.063291475,-0.48382893,-0.06971484,0.13230564,-0.11686041,-0.0072972057,-0.38712516,0.20453325,-0.26979607,-0.2699316,-0.59376407,0.31261188,0.0171581,0.1955579,0.8442288,0.022238297,-1.7086952,0.023615096,-0.22919948,1.3005921,0.2961848,-0.13419391,0.35022917,-0.13796687,-0.18962069,0.6030393,-0.003927315,0.034823827,0.40547425,0.0036466378,-0.012038369,0.25546473,-0.12146459,-0.22177103,-0.41428804,0.058892414,-0.056180213,-0.22051373,0.09761981,-0.8712239,-0.06277635,0.51200813,0.011830608,-0.22233039,-0.12245911,-1.02817,-0.07258393,0.25092745,0.16621664,0.039598055,-0.1884154,-0.033113085,-0.10215283,-0.20940001,0.0073191584,-0.29879433,8.5733394e-05,-0.09845157,-0.32372406,0.2903798,0.12089377
32,negative,-0.036154836,0.25253966,0.20998223,0.0021916653,-0.14068031,0.26833963,-0.15919232,0.0129941655,0.20960113,0.1772214,-0.03474594,0.0797318,0.29453632,0.11181859,0.08900776,-0.21321285,0.06827242,0.03069651,-0.40170524,0.3361012,0.27750757,-0.17694283,0.20571044,-0.08241369,-0.05513265,-0.06025386,-0.07901797,-0.37817603,0.014057029,0.020148624,-0.044104222,0.28826976,-0.018774163,-0.018797401,0.044465426,0.031402566,-0.12544124,0.15543135,-0.032678723,-0.08847575,-0.36833453,-0.049664266,0.02492161,-0.24647573,-0.005436742,-0.019532556,0.24414149,-0.021124585,-0.12149832,-0.5256755,0.11896683,-0.09334984,0.03896969,0.845779,-0.12626758,-1.7298088,-0.0026180856,-0.22989622,1.2901003,0.34665498,-0.13862437,0.67048556,-0.105519466,-0.13967383,0.65193707,-0.029873844,0.31582096,0.100725934,0.06217368,-0.10438093,-0.07379449,-0.37824178,0.0051475056,-0.14365171,0.2669423,0.14400269,0.0355357,-0.10175164,-0.6314786,-0.0607328,0.2851163,0.07477616,-0.16016546,0.02914884,-1.1806116,-0.09810594,-0.042171095,-0.10669024,-0.07968318,-0.29940212,-0.07388679,-0.027792409,-0.03139884,0.04616389,-0.31516394,0.04029582,-0.25662795,-0.23445162,0.27197868,0.005413002
33,neutral,-0.11199252,0.22244102,0.7743556,0.14232706,0.023488665,-0.08679341,-0.012513017,0.2525046,-0.14200805,-0.2285871,-0.14732766,-0.21498208,0.24638808,-0.093922384,0.07765898,-0.05244263,-0.14842655,-0.0066000526,-0.26718166,-0.1675786,0.1745951,0.088955425,0.044299405,-0.09858442,-0.02080714,0.045852814,-0.0010674569,-0.1509522,0.34932196,-0.16960785,0.059890673,0.1160398,0.005920445,-0.0019170527,0.08785038,0.20246114,-0.042955495,0.10186606,-0.2959143,0.024877118,-0.68868136,-0.28499684,0.20412475,-0.1957656,-0.08608204,0.047395464,0.39170298,0.019808605,-0.13557993,-0.50786954,-0.1636328,0.06820266,-0.2467306,0.6559657,-0.12905914,-2.0551052,-0.21995021,-0.10405546,1.1733052,0.21617088,-0.361397,0.7995056,-0.1317271,-0.60442865,0.5087,-0.01978181,-0.18250291,0.06581336,0.16492303,-0.26957333,0.13538314,-0.34249616,-0.29917374,-0.27925643,0.004021001,-0.22852702,-0.051994156,-0.107018374,-0.4877856,0.10874065,0.3234655,0.11281451,-0.22107464,-0.063438945,-0.6794542,-0.080460206,-0.21852687,0.050083857,0.18517724,-0.2742239,0.19665469,-0.010644399,-0.039139777,-0.16434416,-0.5409316,0.22471663,-0.23930965,-0.12871179,0.4675238,0.38191923
34,negative,0.25398,0.51146,0.800145,-0.43261424,-0.021950502,0.52036005,-0.4117,0.1393155,0.051624,0.0006250026,0.08435499,0.21927601,0.19915448,0.45232,0.218475,-0.41524,0.043629974,0.12414999,-0.71609503,0.5048,0.40069598,0.59968,-0.03245499,-0.30549496,0.26007,-0.15726501,-0.19750449,-0.350419,0.15198001,-0.1751385,0.176458,-0.135728,0.354625,-0.013688004,0.23807998,0.44086,-0.21993497,0.32976505,0.707225,-0.62935495,-0.71900505,0.43874997,-0.26916498,-0.18951698,0.298059,-0.303485,-0.36615002,0.066351,-0.08608649,-0.354141,-0.176954,-0.34641,0.3265426,0.97776496,-0.3122645,-1.9539,0.42621502,0.023684982,0.73627996,0.202355,0.42252496,0.90102,-0.57583,-0.64782,0.845105,0.50613004,0.59096,-0.31592497,0.007819998,-0.43311498,0.080134995,-0.079736,-0.015700012,0.033485,-0.061625,0.300797,0.20336498,-0.28814998,-0.0663155,0.113534994,0.007968499,0.701395,-0.40629,0.52758497,-0.932325,0.46752,-0.191905,-0.65211,-0.33272552,-0.15730101,0.26800948,-0.512609,0.64895004,-0.015179994,-0.35051495,-0.581385,-0.05196998,0.080515,0.60949004,-0.53304
35,neutral,-0.22822297,0.102757126,0.03944643,-0.14704251,0.065787636,0.42181182,0.15565959,0.336915,-0.047361363,-0.013103475,0.022093672,0.038576957,-0.1881471,-0.06841035,0.19492756,-0.08311047,0.08129686,0.15309775,0.035930153,0.26072562,0.17159706,0.15180123,0.21152635,-0.12650876,0.33400318,0.016541945,0.06500591,-0.1353186,-0.031375974,-0.06151003,-0.17932698,0.3340269,0.20712414,0.15701857,0.06105165,0.23422006,0.0399884,0.28014377,0.079262495,-0.26912344,-0.029609375,-0.2555536,-0.024580702,-0.050788157,0.05946912,0.101229474,0.011058347,-0.042696852,0.06989651,-0.5894593,-0.12741393,-0.20863542,0.048000757,0.6525988,-0.034433223,-1.681577,-0.060698822,-0.094347276,0.7171034,0.09757023,0.012309163,0.5472126,-0.38989538,-0.09367603,0.3992901,-0.17506005,0.48393607,-0.299068,0.0053704567,-0.1290791,-0.061491244,0.08609535,-0.007449934,-0.17136958,0.03527159,-0.008100753,0.2411093,0.013897169,0.1300637,0.36769933,0.3599669,-0.3154375,-0.14521019,0.20718685,-0.62514323,-0.20773904,-0.08164809,0.0775539,0.27052397,-0.07469405,-0.07890981,0.03397693,-0.38851535,-0.17147423,-0.4524991,-0.28169283,-0.14688744,-0.0059184683,0.49825343,0.16642655
36,neutral,-0.074223705,0.058322378,0.03690235,-0.22337511,0.046002172,0.054966055,-0.11314529,-0.13952954,0.29668087,0.18366432,0.04090569,-0.07035514,0.14952461,-0.36894315,0.18783449,0.063332506,-0.24133815,0.2304309,0.041392174,0.20052147,0.09699817,-0.1656275,-0.008489803,-0.28462213,0.2240365,0.17541714,0.19555263,0.16208686,0.07235873,-0.1369301,0.17483895,0.16003123,0.060390223,0.021534877,0.22453871,0.051773727,-0.08977173,0.075001016,0.047807243,-0.18702568,0.06013019,0.12176816,-0.09397562,-0.0320866,-0.10972918,-0.22508515,0.31580856,0.047607712,0.024321815,-0.4887723,0.03327874,-0.12148059,0.06804236,0.61775064,0.108643375,-1.6592232,-0.19166513,-0.09043749,0.8363663,0.107236244,-0.038084142,0.71398336,0.049560398,-0.14008605,0.52826226,-0.08070232,0.40255073,-0.10259564,-0.08140946,0.07599026,0.27387455,-0.31460658,-0.21258911,-0.11054478,-0.24913003,0.039713375,-0.026302805,0.0059239515,-0.46903056,0.14386408,0.42350176,-0.08325281,-0.10170481,0.07217443,-1.0227982,-0.15809448,-0.25009146,0.04129949,-0.21926442,-0.23805363,0.035239503,0.24918327,0.11100027,-0.16538288,-0.015219876,-0.16814499,0.0073348833,-0.021564284,0.32549515,0.48963308
37,neutral,-0.025467375,0.1405312,0.32896513,0.056236286,-0.17350034,-0.32237864,-0.37638408,-0.013343037,-0.13722332,-0.06970776,-0.12632577,0.089398205,-0.111852996,-0.084568456,0.25794303,-0.09603341,-0.3065809,0.080855,-0.15536249,-0.07220889,0.39609742,-0.008253811,0.07068378,0.062485904,0.1599255,-0.13156283,-0.09888806,-0.43775615,-0.14376462,-0.04489395,-0.17245261,0.30515853,-0.0699158,0.020959951,-0.0285587,0.15334886,0.09018323,0.07523613,-0.13438605,-0.16565663,-0.35954368,-0.34928137,-0.042028736,-0.08162155,0.07692992,-0.16109277,0.2413843,-0.18037641,-0.25837722,-0.846371,0.17632817,-0.114111215,-0.14254996,0.92293364,0.05376745,-2.1851573,0.022649625,-0.20163794,1.520105,0.30366117,-0.016456204,0.36950058,-0.05484225,0.04467914,0.5296651,-0.056215044,0.17839001,-0.033208385,0.3819296,-0.09428771,0.14559175,-0.15791857,-0.16641524,-0.084066726,0.060683995,-0.10939137,-0.11606646,0.094927505,-0.45872512,-0.094156176,0.55371267,0.18385735,-0.37041095,-0.08681278,-0.9690921,-0.35623258,0.07236794,-0.10664174,-0.050005086,-0.4118166,-0.21439119,0.16906054,-0.2242134,-0.18206625,-0.49712932,0.032047667,0.1247958,-0.27803573,0.52509046,0.08308403
38,neutral,-0.29254276,0.13511063,0.07643699,-0.4111109,-0.15649064,0.25664768,0.23703171,0.10425454,0.01726218,-0.23221734,-0.064843126,0.119462445,-0.2507522,0.04566105,0.10110783,-0.058858704,0.007701211,0.35331997,-0.042922508,0.48968002,0.12771703,-0.05406477,0.12760276,0.26245755,0.3380674,0.21873987,-0.11264331,-0.21545704,-0.04663546,-0.13430716,-0.2547386,0.46459797,-0.006593636,0.027302867,0.034268647,0.34083503,-0.05497323,0.20382233,0.090713315,-0.32740632,-0.07045113,-0.32617304,-0.11525168,-0.26977625,0.051895544,0.15662472,-0.027456535,-0.11415049,-0.059651047,-0.87731695,-0.22187904,-0.1205298,-0.13604425,0.68949884,0.019229263,-1.6838188,-0.070658475,-0.26271614,0.736724,0.08271006,-0.18422857,0.5091709,-0.38284287,-0.15856405,0.57478684,-0.28436822,0.3769405,-0.26905817,-0.16537707,-0.21642134,-0.06206653,0.07691113,0.053702172,-0.02965486,0.067775,0.17513135,-0.053029492,-0.2284723,0.21834569,0.32586226,0.36583838,-0.35551012,-0.17138638,0.18237363,-0.85606986,-0.35456428,-0.043085705,0.16598251,0.22460972,-0.26374453,-0.26024505,-0.050385866,-0.45092958,-0.20915598,-0.28360555,-0.3371905,0.079618745,-0.055972345,0.46763232,0.16633278
39,negative,0.05619344,0.1879762,0.25248206,-0.3102528,-0.008059226,-0.10919078,-0.24335454,0.011548926,-0.16588949,0.13341406,0.059043135,-0.01679946,0.20068073,-0.059344698,0.0010164104,-0.039675277,0.15152106,0.1072848,-0.28585532,-0.044081967,0.1309668,-0.039770417,0.11085876,-0.12118011,0.037894562,0.116999686,-0.13935259,-0.28481552,-0.046371672,-0.06976039,0.06934208,0.24245258,-0.15014686,-0.093565755,-0.044746265,0.046127062,-0.11732648,0.09283865,0.047766976,-0.090840474,-0.21512325,-0.21661402,0.19504337,-0.085223995,0.020045932,-0.097480215,0.034027185,-0.07446713,-0.16947676,-0.5368393,-0.0868236,0.033813234,-0.025427777,0.8606724,-0.0038637838,-1.736338,0.026308866,-0.23251787,1.1937091,0.3040663,-0.01238743,0.2793472,-0.19742724,-0.06384222,0.5691037,0.016372768,0.26012307,0.12931406,0.14634466,0.035157904,0.15407254,-0.17651175,-0.13873714,-0.26685122,0.0030597323,-0.10066417,-0.2132721,0.037943337,-0.6187303,0.06020639,0.49337417,-0.011127069,-0.13787328,0.052425858,-0.77074873,-0.15295118,-0.01681511,0.07718805,0.10267444,-0.32087404,-0.018057263,-0.17702904,-0.026074165,-0.06038836,-0.29322124,-0.07345122,-0.10252205,-0.2993422,0.39981,0.124935344
40,negative,0.3153693,-0.068855256,0.47548088,-0.19785173,-0.09398584,0.16924775,0.047264274,0.33412614,0.022665516,0.036411323,0.42169765,0.47163796,-0.19715452,-0.3138077,0.29526663,-0.53354806,-0.020936819,0.2959056,-0.34774485,0.118646406,0.53175926,0.07319759,-0.08583898,0.044348523,0.12174606,0.12365136,-0.02852396,-0.16838789,-0.23766162,-0.27218315,-0.07132022,0.39829844,-0.022612397,-0.15678348,-0.1768649,0.30825943,-0.07401969,-0.108664215,-0.0035839288,0.001550618,-0.05286915,-0.1939332,0.013851945,-0.044037517,-0.09701623,0.004795129,-0.069894746,-0.245385,-0.1506717,-0.6025559,-0.019291252,-0.14093214,0.44432983,0.52038234,-0.22808182,-1.7636781,0.059487123,-0.12815893,1.4760652,0.11726409,0.112522125,0.26767173,-0.21070026,-0.0161989,-0.0037670538,-0.055426642,0.096407056,0.10654492,0.07160735,-0.24102944,-0.23274343,-0.27763182,-0.12359237,0.015128775,0.019142002,-0.016711054,-0.21270925,0.15540425,-0.45370972,0.12289833,0.56125313,0.17965966,-0.27166277,-0.266206,-0.9422153,-0.15311156,0.19986719,-0.09021468,-0.21913576,-0.2199521,0.045153663,0.037309993,-0.21351226,-0.18587142,-0.579877,0.1756643,0.28723407,-0.054764543,0.5962301,-0.44535157
41,neutral,0.19375883,-0.15585148,-0.25874507,-0.47500327,0.5693277,-0.0010063793,-0.06997479,-0.096864685,-0.4651573,-0.29749587,0.02946919,-0.29238805,-0.050368916,0.05128613,-0.046508234,0.26021883,0.07536689,0.20199162,-0.1462116,0.23211884,0.13831778,0.14897671,0.46203867,-0.32087314,0.5688544,-0.28800318,0.24980876,0.0030877988,0.19228819,0.27315626,-0.1393457,0.5427796,-0.12485363,0.19568454,-0.17677437,0.1578424,0.12304205,0.2542878,-0.16962528,-0.17327586,-0.14869386,-0.34482214,-0.11945516,0.18007872,-0.16612262,0.0077307518,-0.0502945,-0.28440395,0.4202709,-0.072650105,0.12199012,-0.18772268,0.2940412,0.454865,-0.24875513,-2.1964576,-0.31733844,0.05575366,0.5899667,0.2204716,0.22649679,0.6980611,-0.11179049,-0.018442532,0.69751,-0.21464099,0.39312637,0.576401,0.054977056,0.28136432,-0.13538954,-0.02457473,-0.36734626,-0.30506855,0.007181991,-0.35280317,0.26517156,0.17612712,-0.6678422,0.12814221,0.041804586,-0.05173497,0.52814764,-0.17212246,-0.8014971,-0.23040342,-0.32317317,-0.1254732,0.23545733,-0.1822929,0.29988167,-0.39528328,0.38678202,0.15604128,-0.37278372,0.11294826,0.03583339,-0.10758291,0.22878878,0.07127342
42,negative,-0.03651953,0.1878733,0.3458008,-0.13658258,0.0144398,-0.042148463,-0.1903103,0.06878841,0.008144607,0.14982365,0.031469647,-0.008340076,0.17109932,-0.081144296,-0.0071574184,-0.060730614,0.03776556,-0.015246865,-0.33164802,-0.047092468,0.33621934,0.020591768,0.113889635,-0.068681665,0.11513246,0.10267164,-0.15279596,-0.12805064,0.21697178,-0.052562963,0.017368302,0.2480831,-0.0048910854,-0.122796625,0.014734853,-0.002555198,-0.06300306,0.00815086,-0.010317629,-0.0923006,-0.26453233,-0.16036786,0.093899146,-0.29091975,0.17425232,0.014568977,0.20143978,0.010920597,-0.14250712,-0.5636216,-0.071068205,0.101627305,-0.01720088,0.731554,0.04923041,-1.7185956,0.037178326,-0.12312722,1.27358,0.29740095,-0.07187027,0.3314592,-0.15801932,-0.09668335,0.56294614,0.083687484,0.15749931,0.060419418,-0.07779181,-0.09182167,0.09640065,-0.11360244,-0.07848199,-0.20558944,0.11101608,-0.031569555,-0.09313351,0.056448087,-0.42388546,0.14117335,0.5292695,-0.0013674863,-0.38408253,0.24462335,-0.6651512,-0.18789937,-0.047855448,-0.04480989,0.027940813,-0.26743305,-0.05146555,-0.02541219,-0.059128955,-0.07684267,-0.52442396,0.0001630228,0.11458344,-0.16241919,0.37870765,0.16921696
43,neutral,0.17038406,0.17036289,-0.34550714,-0.3770871,0.5202194,0.37174246,0.038010776,-0.16205093,-0.31899798,-0.08368809,-0.19774559,-0.4292923,0.2115081,0.23633994,0.06862815,0.4461183,0.092617266,-0.0122896675,-0.40573043,0.1144576,0.3324969,0.021470115,0.44801018,-0.5584936,0.30307055,-0.32081166,0.269356,-0.14507498,0.21121782,0.28009015,-0.06580529,0.26095462,-0.12434141,0.2698744,-0.21819234,0.17623891,0.21043079,0.3015616,-0.29381874,-0.16322905,-0.43223432,-0.043054122,0.062416926,0.20805532,-0.18770565,-0.30726525,0.120435566,-0.15352249,0.37525082,0.16116865,0.19588852,-0.09523594,0.1558655,0.27617544,-0.27196318,-2.2425563,-0.41881394,-0.009324918,0.7256578,0.19477342,0.3601671,0.47264528,-0.22889535,-0.066063836,0.7873198,-0.15982784,0.3411302,0.52222145,0.21204664,0.058814853,-0.18121469,-0.067268856,-0.36768523,-0.39681813,-0.050183337,-0.2715167,0.20893088,0.06367589,-0.68709314,-0.16521253,-0.12609527,0.0820004,0.35432827,-0.051827855,-0.6666819,-0.26556903,-0.40288,-0.04668253,0.31458023,-0.29907197,0.09927863,-0.32454833,0.422494,0.23479678,-0.5843518,0.00448163,0.08312206,-0.1638768,0.40021387,0.30476004
44,negative,0.203432,0.3183945,0.19429727,0.07491982,0.0140882665,-0.6755806,-0.23670103,0.14803815,-0.09426603,0.032827217,-0.03210959,-0.10347114,0.084358945,-0.18726134,0.10832044,-0.110566296,-0.1983125,-0.045526627,-0.07131449,-0.112716265,0.40348032,-0.17412174,0.0023638825,0.20881873,0.13608098,0.034407306,-0.18619603,-0.26259547,0.16643314,-0.08693171,-0.14948346,0.15850745,-0.20748349,0.13995089,-0.070874654,0.19245744,0.32273367,-0.30346403,0.042717237,-0.0893271,-0.27660105,-0.2895449,-0.15127845,-0.20134665,0.36317647,0.018996723,0.043691285,-0.20054767,0.17700645,-0.9714552,0.1491783,0.048177574,-0.010138984,0.99697477,-0.073293254,-2.1009395,-0.12200629,-0.2555302,1.6109214,0.18347976,-0.09033091,0.25630978,-0.2972228,-0.12967332,0.50925106,0.29448614,0.34573954,-0.1271317,0.2573101,-0.24595147,0.13618791,-0.23944823,-0.283628,-0.20461562,0.16482301,-0.11890319,0.092319496,0.118054785,-0.62573135,0.0065432726,0.81671536,-0.0020658842,-0.39532104,-0.121111654,-0.7492445,-0.58301514,0.22323477,-0.14869045,-0.029688401,-0.26033673,-0.07464535,0.0539065,-0.4822888,-0.17689879,-0.7062048,-0.14326686,0.07369732,-0.13410251,0.4942309,0.026758999
45,neutral,-0.14650492,0.04275105,0.34519908,0.012280725,0.097433895,-0.21858504,-0.28831774,-0.14614066,-0.016275477,0.161815,-0.062481884,0.029100463,0.18554157,-0.17596576,-0.14958861,0.005963483,0.15108497,-0.11135257,-0.4562986,-0.043495074,0.08832138,-0.37903905,0.23635684,-0.25644082,-0.115573876,-0.14196338,-0.07830675,-0.3049353,0.20883596,0.095152244,0.13606943,0.37290603,-0.19034453,-0.100508146,0.016289297,0.06494911,0.13820295,-0.069914676,-0.20731233,-0.20947199,-0.535888,-0.016255733,0.24722362,-0.25359783,0.046284746,-0.31266156,0.25619355,-0.10772992,-0.304913,-0.52613056,0.19246048,-0.06566258,0.11654681,0.9459438,0.1910231,-1.6922673,0.087367475,-0.09184336,1.1794916,0.30741808,-0.22902466,0.07340489,-0.15499498,-0.14271139,0.7127865,0.0755108,0.021543544,0.32066524,0.0073783896,-0.03964298,0.27493483,-0.30470234,-0.31045654,-0.46025816,0.055444397,-0.26628947,-0.18591082,0.0075096283,-0.75579655,0.05900446,0.52279335,-0.10330832,-0.21338636,0.012336397,-0.8872718,0.13875745,0.27602747,0.24202374,0.044819836,-0.30789423,0.07824644,-0.1736503,-0.2660238,0.17863286,-0.407071,-0.049300276,-0.015589791,-0.3653953,0.30168027,0.17796038
46,neutral,0.17533897,0.42604378,0.5588795,0.20251039,0.23329888,-0.541709,-0.374909,-0.11886471,0.19541267,0.079537176,-0.35761407,-0.24065661,0.25175083,0.31598204,-0.14921248,0.12078284,-0.0032898632,-0.26236823,-0.46406513,-0.2453737,-0.0077559077,0.20188461,0.1464017,0.19198874,0.026069356,0.014630836,-0.08336757,0.15152293,0.28874186,-0.032087546,-0.24677603,0.32327026,-0.04675905,0.06909361,-0.08245453,0.032983657,0.4375781,0.1259658,-0.42998078,-0.26002586,-0.71309566,-0.2693511,0.13533543,-0.3240088,0.24401896,-0.2914847,0.55839545,-0.098990865,-0.063196614,-0.4194097,0.19663592,0.30638507,-0.009059043,0.82618916,-0.27811232,-1.8072501,0.21438305,-0.35391253,1.1755227,0.0669754,-0.067767374,0.29232267,-0.17680356,0.03632096,0.49821645,0.19230956,-0.2313662,0.2620636,0.09198185,0.22429506,0.1901163,-0.31118846,-0.17840227,0.024543962,0.15059334,-0.21472153,-0.0040167053,0.012549539,-0.8530788,0.35196844,0.60416025,0.059378263,-0.27459592,0.18847391,-0.7443925,0.045604736,-0.33147934,0.15399274,-0.09612938,-0.5157591,0.089337766,-0.03261222,-0.17958671,-0.060448963,-0.5887097,0.09889857,-0.18070203,-0.343193,0.35333544,0.24536714
47,neutral,-0.122306995,0.25729364,0.23976113,-0.37982458,0.2822237,0.3803245,0.29448578,0.15507588,-0.027797243,0.2609447,-0.017852759,-0.24256289,-0.047463663,0.04756791,0.027284887,-0.08296412,0.41970304,-0.13027212,0.044177987,0.048127707,0.0337655,-0.013823763,0.21592432,-0.2215483,0.06312902,0.216416,0.10236222,-0.35192204,0.5225864,-0.030591186,-0.37610143,0.3026378,-0.103627644,0.07937235,-0.15891945,0.16823351,-0.080816075,0.34511527,-0.5728132,-0.7555119,0.015569036,-0.00479772,-0.056932196,0.13443989,-0.042100653,-0.17213845,-0.0057612793,-0.18336174,0.26874936,-0.44554594,-0.31324306,0.11586431,0.018723924,0.34844223,-0.2713079,-1.5688183,-0.1237266,0.17156273,0.8748358,0.57558495,0.113519415,0.5219739,-0.22987187,-0.12107112,0.52947414,-0.06629191,0.683771,0.19919333,0.10836414,-0.24725977,0.043072876,0.1378788,-0.06961788,-0.009164873,-0.16001913,0.20163794,0.087364964,0.066034555,-0.101782165,-0.11017607,0.03900558,-0.17281948,0.05439197,-0.0052730194,-0.79244024,0.05751376,-0.5189899,-0.4943003,0.050258026,-0.06514731,-0.06422592,-0.03846799,-0.118169025,0.19617233,0.09986459,-0.17834386,-0.63120556,-0.52988225,0.6445394,0.37104014
48,neutral,0.014139632,0.2324901,-0.05979153,0.12525202,-0.34832883,-0.01759246,-0.10395883,0.057431556,0.057782687,0.11689829,0.3746354,0.2509828,0.11534497,0.12824447,-0.06363476,-0.4588248,-0.0686763,0.05614722,-0.33150065,0.19849977,0.5673138,-0.08069444,-0.067313,-0.024607932,-0.074758746,0.0975628,-0.30886695,-0.27470595,0.1272933,-0.16228428,0.057471216,0.5905325,-0.15940854,0.09618789,0.30695483,0.2684291,0.13665813,-0.16497889,0.17052832,-0.017667692,-0.17204997,-0.09289624,0.12464967,-0.3782949,0.1556939,-0.09350632,-0.18329205,-0.29017097,-0.18812735,-0.67235935,-0.10090318,0.06618577,0.14295258,1.0545665,0.07560596,-1.601018,0.10855736,-0.3150607,1.5409312,0.3596986,0.012458348,0.17029788,-0.7109581,0.17583616,0.3264261,0.20600553,0.16989739,0.52254295,0.060091417,-0.2681097,0.16024417,-0.4172874,0.12479215,-0.44352078,0.11684393,0.17454697,-0.15856725,0.16115646,-0.820613,0.053124197,0.5461175,0.080645934,-0.4441265,0.03348145,-0.93531334,-0.12975487,0.125245,0.29130927,0.029584028,-0.3989091,0.08537302,-0.14542352,-0.22976469,-0.1356394,-0.5697501,0.15251622,-0.10111608,-0.18362567,0.4366446,0.04133997
49,neutral,-0.23873825,-0.2774362,0.12992084,-0.24100804,0.09281554,-0.060239322,-0.8529521,-0.23946598,0.25644112,-0.013529525,0.13256149,-0.034102615,0.12027373,-0.18435219,-0.110180326,0.52264917,-0.22072953,-0.1708863,-0.121152796,-0.100181505,0.1196501,-0.36257893,0.21765132,0.049516927,-0.035154298,0.040598534,-0.29259926,-0.17146237,-0.0046129767,0.23513287,0.1053979,-0.19490325,-0.34450176,0.4009161,-0.12069271,0.14679113,0.14529647,-0.13325104,-0.018655397,-0.28343794,-0.15795079,-0.047427855,-0.18820171,0.18122724,-0.23349395,-0.23495734,-0.019732818,-0.051920593,0.56300825,-0.7448428,0.0015687556,-0.09306635,0.0521858,0.8798696,0.09281995,-2.1671941,0.046395462,-0.2778833,1.0712304,-0.1504222,0.026509043,0.3960876,-0.27987474,-0.1846244,0.31687313,0.49717966,0.5141919,0.013857184,0.24922612,-0.035412095,0.3766318,-0.19002783,-0.61885715,-0.34492972,-0.07013395,0.06626115,-0.14391497,0.106179684,-0.50003207,-0.08226877,1.0666419,-0.20903622,-0.16818415,-0.07757358,-0.9754038,-0.35405976,-0.023214674,0.24046594,-0.010593816,-0.121479355,-0.010252935,0.061687786,-0.3609717,-0.35416847,-0.3595427,-0.37865028,0.087359324,-0.108317606,0.4668893,-0.14229126
50,neutral,-0.3297013,0.30949956,-0.0780389,-0.00086510205,-0.09921871,0.3853796,-0.056072313,-0.39948028,0.23891206,0.3857943,0.035722353,0.32092923,0.29474112,0.0082685845,0.3287278,0.09975765,-0.30497304,0.047731876,0.33510396,0.28188977,0.097494096,-0.009042923,-0.27251655,-0.3922648,0.15735185,0.22643502,-0.27006948,0.073909946,-0.27107123,-0.25072026,0.19711518,0.03378339,0.011144678,0.03833354,-0.21418875,-0.18839799,0.19903512,-0.13682188,-0.22887106,0.06291095,0.046949603,-0.32562932,-0.016188981,-0.10871702,-0.07592722,-0.010506388,0.21129842,-0.23744704,-0.19721642,-0.48001552,0.18710501,0.13481255,0.238248,0.38212016,-0.0429107,-1.3610404,0.20190896,-0.53542006,1.1616759,0.30664733,0.086376324,1.1240143,-0.30155832,0.3194016,0.7425101,-0.34940144,0.22219464,0.08045208,0.25537634,-0.6827414,-0.12152952,0.07036078,0.30114973,0.0563461,0.47091383,0.0032394216,-0.19594021,0.3345569,-0.2929171,0.13990884,0.523531,0.20996313,-0.27836594,0.16092847,-0.84487337,-0.014800477,0.030144023,0.1980027,-0.19256166,-0.33532777,-0.101793416,-0.3487813,0.11671938,-0.1505463,-0.09027541,0.34416175,0.36870524,-0.53816706,0.35243517,0.21807258
51,negative,-0.13148019,0.23477232,0.0731518,-0.26122546,-0.10041922,0.2995948,-0.31302324,-0.091627516,0.15098861,0.06536149,-0.03160609,0.067318745,0.23579596,-0.12550494,-0.13593742,-0.056486122,-4.891001e-06,-0.045719013,-0.3327424,0.26205978,0.25839248,0.053594016,-0.041132893,-0.08466236,-0.015692575,-0.15966353,-0.043969177,-0.20658766,0.32457757,-0.13525887,0.044568144,0.4278551,-0.07796442,0.11135611,-0.05766613,0.10790205,0.0035424447,0.024500795,-0.014852536,-0.15644492,-0.40664852,-0.10904636,-0.026655072,-0.35018805,-0.13466027,-0.088999495,0.020316593,-0.04495428,-0.17365508,-0.6189042,0.18403709,-0.029205548,-0.0051806816,0.65680707,-0.13667065,-1.6180984,0.12670445,-0.06882773,1.3416344,0.1303825,-0.16602366,0.6317154,-0.22489204,-0.053647902,0.57383823,0.20602596,0.47244218,0.09213493,0.13871104,-0.24119402,-0.15983625,-0.18570685,-0.056542177,-0.2647567,-0.022632265,0.090899445,-0.0025492655,-0.0408957,-0.5922721,-0.07888688,0.3701244,-0.052745413,-0.19711255,0.062424198,-1.0895483,-0.22824264,-0.08486634,0.062208004,-0.14697161,-0.20140275,0.14238897,-0.17965677,0.17080943,-0.10947447,-0.5201373,0.077598445,-0.013834745,-0.27585882,0.34110522,0.18143004
52,negative,-0.11610056,0.060555145,0.16463484,-0.11987376,-0.08203983,0.12914617,-0.18896964,0.0867965,0.14427069,0.15031432,0.03482048,0.035171162,0.23218682,-0.011715132,-0.00017387012,-0.03539765,0.062181287,-0.04156091,-0.45134303,0.21793118,0.4453238,-0.006547557,0.0762109,-0.029092379,0.048819356,0.111037344,-0.020990698,-0.22671781,0.2851441,0.060294796,-0.010509622,0.4627164,-0.11592396,0.041561663,0.10307671,0.10337534,0.096540555,-0.05774287,-0.017190479,-0.1502262,-0.527919,-0.10742765,0.19285151,-0.17322798,0.037045226,-0.08371343,0.18184535,-0.28146404,-0.082366094,-0.568797,0.14901145,0.18348591,0.01523588,0.80350095,-0.14647542,-1.6801546,-0.06383686,-0.21783613,1.6260988,0.25744045,-0.29752278,0.3347506,-0.052442856,-0.08070524,0.5897878,0.08167011,0.26270887,0.3417601,-0.031433396,-0.03602417,0.022390204,-0.34513554,-0.15625654,-0.37120584,0.1454855,0.07716859,0.025267288,0.21828929,-0.70575935,0.0054316316,0.6555571,-0.1881904,-0.27764684,-0.027704718,-0.9845162,-0.24769908,0.22472882,0.15276228,-0.1072628,-0.3258986,0.07506474,0.0008497839,0.004283506,-0.14198868,-0.273073,0.024604423,-0.080911584,-0.036594063,0.36703807,0.123915434
53,neutral,-0.13760069,0.15812634,0.05763513,-0.23826413,0.015420684,0.13592061,-0.21596102,0.01946752,0.10252442,0.16354614,-0.009006021,0.002080963,0.21705335,-0.016855763,-0.10581764,-0.038544077,0.09200679,-0.030656248,-0.26973587,0.27503583,0.34942785,-0.016829224,0.089397065,-0.05728148,-0.004082997,0.016618859,-0.07950943,-0.12390416,0.15808028,-0.06228025,-0.0071030282,0.3567586,-0.09929143,0.09278874,-0.02202568,0.11095884,0.03298697,-0.0277953,-0.0127081415,-0.11158294,-0.38241845,-0.10858626,-0.007165842,-0.19357705,0.09523079,-0.14637199,0.067669705,-0.08243675,0.013729947,-0.56851023,0.11658125,0.004985186,0.0054847994,0.80132663,-0.11407901,-1.699286,0.0014498825,-0.058987953,1.350137,0.2264865,-0.1766423,0.6685226,-0.09013671,-0.07710793,0.5774443,0.17493348,0.4423183,0.05581729,0.09999435,-0.08802219,-0.070139006,-0.21551053,-0.09410812,-0.21384422,-0.040361807,-0.04939976,0.048762742,0.07828582,-0.6410327,0.022504674,0.5342925,-0.11767191,-0.22810222,0.059603754,-1.039769,-0.19444928,0.04390101,0.028535955,-0.14126931,-0.24527265,0.09103822,-0.12710427,0.024040574,-0.09890226,-0.34760365,0.15798573,-0.004111392,-0.15036692,0.40481147,0.056833465
54,neutral,-0.27729973,0.036187053,0.13859947,-0.20750113,0.08861456,0.10648112,-0.26437944,0.034146726,0.115538664,0.07107344,-0.05978882,-0.035279974,0.34406865,0.01874867,0.21644835,-0.08288457,-0.01864017,-0.19794036,-0.33005133,0.069351606,0.259599,-0.018373588,0.115984604,-0.1333422,0.1959042,0.35300484,-0.04958892,-0.1523821,0.117471434,-0.051300555,0.021151057,0.16229206,-0.007874475,-0.026275475,-0.0074109323,0.17948435,0.116681844,0.18377191,0.075791016,0.027754838,-0.38549513,-0.18821044,0.27910432,-0.28176966,0.11238138,0.020714486,0.09168054,0.11242244,-0.109325126,-0.388825,0.013645603,-0.09754589,0.11697593,0.97219926,-0.068284295,-1.3255898,-0.0008968545,-0.28800723,1.1411077,0.104582004,0.064994596,0.57994795,-0.10885079,-0.1525675,0.59132755,-0.12768227,0.100343116,0.068264276,0.054210935,-0.18950151,-0.034519278,-0.34485763,0.060656212,-0.2719223,-0.004022582,-0.009279642,-0.21876664,-0.07310516,-0.5180375,0.1368176,0.5044002,-0.009960429,-0.33534965,0.115011625,-0.8250645,-0.270959,-0.03308063,0.09691413,-0.12298829,-0.15968935,-0.0280695,0.0056817075,-0.013711453,0.041221637,-0.3848143,-0.07682067,-0.19166687,-0.16716696,0.35756725,0.0028817833
55,neutral,-0.07465543,0.43733463,0.23261166,-0.42252418,0.38817853,0.57760024,-0.43784234,-0.2632758,-0.33660263,0.0512812,-0.3017437,-0.30197924,-0.4150747,0.24994297,-0.21412547,0.05228845,0.5799933,0.08328868,0.16909164,0.91947484,0.43419713,-0.19275275,0.18785271,-0.60112333,0.23489851,-0.09100615,0.13406356,-0.2045955,0.18072683,0.05430723,-0.9055565,0.48043135,-0.018999098,-0.20664302,0.028817164,-0.021734027,0.23094253,-0.039522454,-0.18691751,-0.69499946,0.16693667,0.40242377,-0.8379645,0.21165347,-0.12962015,-0.47012514,-0.50162286,-0.55013317,0.33351177,-0.49946284,-0.4304108,0.12926462,0.6244266,0.059205294,-0.07309871,-1.8424861,-0.04446827,0.35163972,0.8073786,0.6015486,0.5299814,1.2409002,-0.45874903,-0.38084397,0.7116315,-0.57219607,0.60830337,0.07135804,0.017824236,-0.14214547,-0.40957695,0.35052195,-0.12610418,0.24103644,-0.26608157,0.0063641276,-0.07719289,0.18539497,-0.210033,-0.45882088,-0.57715607,0.24178314,0.49249712,-0.34554923,-1.310547,0.16986002,-0.4251894,-0.2758409,-0.41177768,0.0256999,0.02694807,-0.15232985,-0.16944076,-0.029260356,-0.363059,-0.036828853,-0.3243633,-0.40917745,0.38556623,0.30145317
56,neutral,-0.14140977,0.17353846,0.33395848,-0.22887866,-0.074901596,0.1350142,-0.102837935,0.2653284,0.090752535,-0.062869586,0.1507331,-0.06303923,0.0730039,0.10355678,0.041091125,-0.38222754,0.022392273,0.03564152,-0.055900693,-0.1278627,0.16796738,0.18790779,0.20384672,-0.18751521,0.18164702,-0.13956195,-0.21518333,-0.15553859,0.25183105,-0.0128538795,0.020440474,0.31644747,-0.2459925,0.26646653,0.15193921,0.24798688,0.12226322,0.13481432,0.19607432,-0.0709099,-0.23034452,-0.11845341,-0.13923933,-0.07792098,-0.033868704,0.030064797,0.19857125,-0.21546803,-0.008100195,-0.59322894,0.06690645,-0.026731044,0.03179511,0.854379,-0.15252392,-1.8173872,-0.036420412,-0.034037516,1.3390144,0.31843185,0.0010796869,0.5487761,0.009558382,0.18699911,0.46019098,0.054068808,0.48119643,0.04801504,0.032976512,0.04247348,0.1856944,-0.36909357,0.23097442,-0.25113678,0.04892888,0.079484254,0.044680554,0.040120985,-0.50495183,0.026244985,0.5374791,-0.21193242,-0.1703788,0.12569517,-1.0647848,-0.19584389,0.024236307,0.04543389,0.010820802,-0.0704288,-0.0015070483,-0.06739208,-0.16408454,-0.13471793,-0.37041968,0.027178554,-0.19739239,-0.18012597,0.55844116,0.21209945
57,neutral,-0.06258061,0.12274895,0.3163618,-0.4742799,-0.43189624,0.14093389,-0.20223223,-0.019089978,0.06856984,-0.15468837,0.11470471,-0.10450919,-0.001852867,0.17349708,0.11563716,-0.053340513,0.127713,0.15253738,-0.08724298,0.3826649,0.096462,-0.039306413,-0.1374536,-0.3269038,0.018538926,-0.045874726,0.015756717,-0.34472832,-0.013940925,0.0127536,-0.1371735,0.25094917,0.032132223,0.22764407,-0.2434654,0.025185961,-0.37277973,0.058625914,0.46740767,-0.2277154,-0.3452356,0.1606905,0.06614312,-0.23850723,-0.4960867,-0.105691954,-0.063304886,-0.14703585,-0.003382731,-0.49500987,-0.12990548,0.06887244,0.24553418,0.46412128,-0.18963417,-1.0901605,0.14898047,0.055283368,0.67036784,0.4875994,0.21371552,0.50823903,-0.26574537,-0.084386095,0.3468294,0.076034516,0.5347952,0.023449095,-0.0027285418,0.15369222,0.0953267,-0.11460417,-0.11881759,-0.17973357,0.07257846,0.07222121,0.19823533,-0.43138716,-0.35259,-0.13067316,0.28716752,0.00031823412,-0.2588939,0.07120909,-1.1181278,-0.34171098,0.0061298525,0.04613917,-0.12780085,0.004161594,0.07868989,0.1300203,0.038658462,-0.108934425,-0.062306203,0.036232803,0.05485593,-0.24336378,0.111103356,0.26208398
58,neutral,-0.007326444,0.046336424,0.37170735,-0.12265247,-0.027161626,0.3459892,0.33572063,0.4436016,0.07339349,-0.19721287,0.40913266,-0.3812114,-0.103016734,-0.21796587,0.33266148,-0.13477626,0.3276799,0.10114789,-0.16307738,0.34077397,-0.20662203,-0.0057529313,0.023855986,0.13564964,0.18062027,0.26330006,0.0109197665,-0.42691046,-0.04580157,-0.23974329,0.121925406,0.23076044,0.16396348,-0.4767087,-0.15115161,0.20131096,-0.041551806,0.43734357,-0.13692683,-0.08666613,-0.20172215,0.050352998,-0.3796148,-0.26917592,-0.27155444,-0.110296845,0.12445817,-0.37413564,-0.21646853,-0.023828328,-0.12957351,-0.34221655,-0.03001945,0.41544563,-0.3962265,-0.9614575,0.027197907,-0.073812485,0.5496956,0.39382258,0.5030754,0.541341,-0.37772205,0.016210716,0.41902685,0.22001159,0.1838581,0.41347423,0.2906372,0.013627022,-0.08552419,0.05148281,0.2313118,0.19514525,-0.37100396,-0.19862764,-0.12846819,0.03177409,-0.48715702,-0.13918838,0.27929774,-0.04895895,0.21539673,0.054619703,-0.28218302,-0.16164045,-0.12577027,-0.6576236,-0.43439555,-0.03245466,0.09395269,0.14717749,0.6223329,-0.13201997,-0.54483914,-0.012985594,-0.243262,-0.7573315,0.042031717,-0.16681898
59,negative,-0.11176712,0.25216785,0.30909193,-0.038734253,-0.039967537,-0.08137605,-0.30815938,-0.026299195,0.15809868,0.24380718,0.11325446,-0.10365161,-0.04954616,0.07413224,0.029356413,-0.06632173,0.13633047,0.032076202,-0.4413527,0.006487587,0.18445864,-0.09082328,0.13989255,0.14954986,-0.1426411,-0.031839762,-0.10160034,-0.11858203,-0.28480428,0.04703401,0.049610026,0.22250482,-0.10448599,0.084766,-0.2099636,0.31849542,-0.092981026,0.034037452,-0.17488188,-0.001251786,-0.2865367,-0.07628467,0.057778507,-0.0075272773,0.0075754365,-0.062267322,0.20892358,0.15697965,-0.31760058,-0.535607,-0.016907472,-0.07533796,0.034781825,0.71189946,0.020430028,-1.5038799,0.19022684,-0.28296208,1.0757018,0.2097973,0.021870842,0.34597367,-0.020851845,-0.47993198,0.40659574,0.052128505,0.0019895372,-0.0023249304,0.15137625,-0.24016805,0.06347546,-0.20004441,-0.30639076,-0.003223114,0.075073846,0.09994888,-0.005418262,0.12545165,-0.70492697,0.11943638,0.36932448,0.06786058,0.051498685,-0.030394472,-0.96561605,-0.115081996,-0.17480873,0.13479652,-0.19881983,-0.4300334,0.15827642,0.06374089,0.07200678,-0.17770255,-0.44150734,0.0150421355,0.13121149,-0.054957546,0.50718766,0.036332734
60,negative,-0.13518915,0.41194174,0.2115484,-0.14636308,-0.106181756,0.27607346,-0.36185774,0.07288317,0.13998303,-0.1282263,0.052139405,0.24139526,0.23002604,0.073451705,-0.09799957,-0.23623708,0.010266813,0.21542454,-0.4414232,0.10117999,0.1637754,0.01931207,-0.0073577827,-0.0011621484,0.15364544,-0.015796421,-0.18442199,-0.28177837,0.28477508,-0.19892251,0.11053218,0.20937937,-0.054155376,0.14255095,-0.03127649,0.15721065,0.041866824,-0.01742243,0.21280219,-0.2299659,-0.24919617,-0.14149415,0.12974553,-0.46434578,-0.19184846,-0.011713676,0.051254693,-0.010345236,-0.042489495,-0.7660887,0.009478142,-0.15374088,0.19318955,0.97086823,0.113995664,-1.7596221,-0.060446844,-0.085344285,1.0963881,0.23333518,-0.09795061,0.6295805,-0.2922383,-0.06422209,0.3832917,0.19875324,0.34201047,0.2605872,-0.13909361,-0.3968507,0.06267185,-0.14237589,-0.068337426,-0.35186177,0.18567187,0.18138091,-0.15321133,0.009383175,-0.44934204,0.022920916,0.28276178,0.13735169,-0.3888271,0.13286251,-0.83834803,-0.14185052,0.0061766263,0.07411524,-0.21986724,0.0021396487,-0.022414308,0.018651828,0.12935938,0.051890086,-0.54544383,-0.14278191,0.07102908,-0.21065299,0.3327052,0.2481327
61,negative,-0.011736579,-0.04561467,0.07818059,-0.16812982,0.03502821,0.26379815,-0.19965258,-0.059689123,-0.047380254,0.05120972,-0.12280033,0.06973254,-0.06988449,-0.086038314,-0.13340187,0.028304452,0.035559896,-0.19048247,-0.33133343,0.075987436,0.3904979,-0.46933717,0.22322263,-0.027702965,-0.004528666,0.05760658,-0.2417808,-0.15643466,0.5409104,0.008269401,-0.057565253,0.096774995,-0.060909465,-0.057332,-0.16006848,-0.058776747,-0.03470467,-0.11008998,0.17842884,0.1636771,-0.46043515,-0.038501464,0.56881505,-0.24992065,0.2138056,-0.15976132,0.20701201,-0.08499741,-0.029384667,-0.48444673,0.36451155,-0.1718387,0.18449582,0.8242684,-0.10311071,-1.4178029,-0.108457506,-0.1684108,1.1411208,0.35993463,-0.30684724,0.44900098,0.06491032,-0.22512758,0.63665605,-0.08757682,0.25506875,0.29310408,-0.12529616,0.27865088,0.21221027,-0.41671798,-0.35836795,-0.3666715,0.012184871,0.23183462,-0.021392502,-0.010648099,-0.75019467,0.11790343,0.49356154,-0.24953346,-0.032040074,-0.054713476,-1.0479379,-0.004228779,0.14324868,0.24374582,-0.08162877,-0.40783358,0.19355,-0.24585816,-0.059729178,0.41186088,-0.027585298,-0.043792248,0.2528778,0.09842191,0.14180432,0.014861919
62,neutral,0.003932333,0.35605034,0.35083604,-0.20310955,-0.31556728,0.028586995,-0.23339672,0.096147716,0.10772179,-0.054598033,0.10111597,0.08872232,0.23033643,-0.18702133,-0.08852509,-0.37915593,0.024746327,0.413458,-0.21889824,0.3927485,0.12164582,-0.09819754,-0.13247404,-0.34994176,-0.10447679,0.108097345,-0.21452266,-0.49407232,0.30149215,-0.23897448,-0.08679677,0.5334543,0.05852513,-0.020111319,0.08977327,0.24255651,0.071231574,0.041823942,0.045997936,-0.20964935,-0.128356,0.003766202,0.08565446,-0.4547604,-0.37555933,-0.03912322,0.055903498,0.0845698,-0.13848807,-0.8687787,-0.09226035,0.019011673,0.19722496,0.7329887,0.18449205,-1.6791058,0.28101867,-0.107287556,0.87318325,0.32593915,0.14581569,0.78003776,-0.47014955,-0.15260528,0.6902881,0.15641467,0.21335134,0.30995432,0.054558955,-0.4114904,0.32568797,-0.30076644,-0.02901609,-0.26044363,0.3577416,0.09018506,-0.2299297,-0.21479264,-0.3107772,0.13845149,0.27190256,0.1127412,-0.38375187,-0.08152651,-1.1104146,-0.110201254,0.09919257,-0.22250974,-0.32528204,-0.31261247,-0.10904512,-0.038336895,0.13731198,-0.23562525,-0.34660792,-0.24596515,-0.066491604,-0.41568172,0.39740995,0.22852018
63,neutral,-0.056489386,0.32249054,0.39456135,-0.0041530794,-0.014854142,0.16895136,-0.14418408,-0.07559412,0.23215267,-0.014509186,0.054893307,0.051933404,0.22073267,-0.12501386,0.09949899,-0.1856238,0.15879785,0.18328248,-0.24974011,0.27450654,0.16295019,0.027738716,0.064527325,-0.27500275,0.02824475,0.08332303,0.019584995,-0.08877953,0.08562414,-0.09175216,-0.01596009,0.3852126,-0.018822849,-0.054823212,0.19501321,0.1270654,-0.088331744,0.1733211,0.08279467,-0.19595882,-0.21452215,-0.07227865,0.004429417,-0.19044894,-0.20821023,-0.12900828,0.13465944,-0.06683624,-0.005138662,-0.5078847,0.043103162,0.044837147,0.24665615,0.7505955,-0.0151914,-1.7396938,0.1408891,-0.071293764,1.2143072,0.21517795,-0.007120415,0.62539667,-0.26550806,-0.22415704,0.7473166,0.0031988313,0.38260308,0.15832607,0.07839941,-0.15752696,0.08883286,-0.18170372,0.075812764,-0.22300072,0.15162309,0.00524984,-0.018154169,-0.13561371,-0.4629374,0.0031363463,0.3666067,0.022464653,-0.30558693,0.05571875,-1.1767005,-0.023544217,0.081808195,0.10315112,-0.1320643,-0.30538878,-0.014232656,0.07582346,0.036164798,-0.088978276,-0.36666456,-0.09176153,-0.17109594,-0.2750735,0.22969194,0.29568523
64,neutral,0.040091034,-0.09686182,0.18957715,-0.18343212,0.029669927,0.2246489,0.25158274,0.098074235,0.17106377,-0.061751205,0.17036685,0.16711786,-0.0013048454,0.0896129,0.06652314,-0.26060757,0.13237698,0.047505848,-0.1732018,0.20517413,0.3790781,-0.028973611,-0.009439302,-0.14993122,0.25668624,0.04652064,-0.07128209,-0.37371382,0.15784003,-0.25796792,-0.051239237,0.055663493,0.06922645,-0.05146034,0.17531812,0.18326998,0.20057142,0.12436152,0.1410752,-0.12907824,0.06609501,-0.17987722,-0.09510803,-0.32864395,0.018057397,0.071567886,-0.2888374,-0.1833733,-0.42828685,-0.34034464,-0.26136917,0.25018448,0.083007194,0.38258898,-0.056557305,-1.5006123,0.0004241312,0.14359458,0.95285785,0.1413831,0.012100025,0.39733702,-0.32880178,-0.26492223,0.34335434,-0.16186883,0.20604622,-0.09404389,-0.108021304,0.23959833,0.1928916,0.18365139,-0.080847286,-0.29593477,-0.019504102,0.015721867,0.025183776,-0.10863023,-0.39099082,0.1416493,0.24017566,-0.10223961,-0.18801749,0.07108061,-0.60624063,-0.07471815,0.023608875,-0.092598245,0.1028143,-0.21862444,-0.15052488,-0.10014209,0.0577691,0.04149677,-0.2978464,0.018610684,-0.27610445,-0.39827842,0.15102668,0.16466047
65,neutral,-0.13214524,0.1679115,0.24192984,-0.07700183,0.06966533,-0.5092478,-0.1597697,-0.07024606,0.06576833,0.12522095,0.045771617,0.044673722,0.07025512,-0.028869601,-0.07632169,-0.30266875,-0.073119186,-0.11870249,-0.098629706,-0.08456903,0.1922068,-0.19151488,0.107173555,-0.0031743047,0.045390792,0.10070442,-0.1367722,-0.027402401,-0.034908336,0.008315004,-0.095955454,0.3201894,-0.07899856,-0.05617033,-0.07142159,0.06266035,0.11396705,0.16348146,-0.08510747,-0.04270184,-0.32284927,-0.3781275,0.013053652,-0.0030664552,0.0905668,0.016783135,0.14571644,-0.16563319,-0.1341601,-0.5580351,0.096351534,0.29125804,0.036014408,0.73343587,-0.13853545,-1.6605769,0.06681501,-0.19246097,1.2471371,0.27431366,-0.03344141,0.24614315,-0.07108005,-0.06087419,0.47506168,0.083010174,0.17473605,-0.021221831,0.1784752,-0.2035785,0.236881,-0.1751593,0.0025489961,-0.14689067,0.057573266,-0.14514196,0.010546798,-0.030641438,-0.5704179,0.19510618,0.66876906,0.018430278,-0.32834956,0.034715336,-0.7367937,-0.18344417,0.12198562,-0.080004185,-0.042142924,-0.31389707,-0.069288604,0.042857014,-0.19035485,-0.1896397,-0.3015984,0.23217529,0.099758856,-0.24885808,0.36022997,0.12640157
66,neutral,0.052731223,0.33127555,0.4886437,0.07083651,-0.06108925,-0.35189274,-0.07982583,0.4087294,-0.34618747,0.06103616,0.26180908,-0.07217775,-0.08556216,-0.11464515,-0.18754458,0.33558074,0.21768305,0.029101528,-0.19096176,-0.29375872,0.2648937,-0.30380893,0.28097183,0.3138726,0.22287428,-0.33375534,0.1776127,-0.12232181,0.43947718,0.05738715,-0.62438154,-0.14599137,-0.1263906,0.042756755,0.35240674,0.13103004,-0.00012941707,0.3982742,-0.56865716,0.11725913,-0.6378879,0.054857448,-0.19261542,0.12151176,0.36092147,0.06049643,0.012313979,-0.426563,-0.24496499,-0.84027874,0.03957062,-0.09674885,0.12388137,0.9960252,-0.11580753,-2.7822359,-0.4161335,0.3106206,1.2351359,0.5126787,-0.20375462,0.7226667,0.0024924823,-0.18859924,0.70991576,-0.14232817,0.017857937,0.2014282,0.085658,-0.15645999,0.24538536,-0.06897159,-0.5409345,-0.14300823,0.10051672,-0.030417245,-0.0961403,-0.26730397,-0.8179535,-0.4707296,0.5741003,0.10582003,-0.2682789,0.3782356,-1.4035589,-0.3223783,-0.21638963,-0.12652099,0.03894774,-0.085037254,0.1523425,-0.11821477,0.18511672,0.25478926,0.03879776,0.3562332,-0.2529487,-0.22821781,0.74148524,0.24976137
67,neutral,-0.053619012,0.3236907,0.33393714,-0.6702631,-0.7044111,0.07295438,0.14724,-0.3032917,-0.22532484,0.118134394,0.20964727,-0.13368525,-0.031191941,0.14266706,0.21957517,0.030809632,-0.20193084,0.1338754,-0.5633201,0.3708494,0.17918375,-0.35549867,-0.24362709,-0.5164311,0.15247844,-0.06351063,-0.24398345,-0.14884941,0.41627133,0.10158169,-0.26724878,0.28141856,0.11153354,0.056947924,-0.03725043,-0.16808616,-0.41599,0.09785786,0.5924872,0.04255482,-0.11729161,-0.012603156,0.6602019,0.0021971832,-0.037937842,-0.12885977,0.31722787,-0.030460496,-0.2429324,-0.90471303,0.031721786,0.27085122,-0.1665033,0.7062464,0.0043645576,-1.7829041,0.17212106,-0.06190318,1.0930151,0.31926647,0.08312594,0.7857375,-0.110231295,0.019352317,0.39010236,-0.16647534,0.5575359,0.48961225,-0.69316405,0.42715818,0.15092622,-0.76197314,0.090655565,-0.52625346,-0.0021378188,0.11848925,0.20617206,0.15902147,0.16804323,-0.12528396,0.36657825,-0.20607793,-0.50812125,-0.051192805,-1.1584293,-0.36316866,0.18900678,-0.23436871,-0.14517994,-0.06410032,0.20766784,-0.23551716,-0.22443423,-0.024342857,-0.35683885,0.39109623,-0.2835167,-0.0103497,0.33471984,0.27117604
68,neutral,-0.08927242,-0.0037145785,0.254101,-0.16799994,0.21073352,-0.009905273,-0.2578241,0.15589216,-0.049806435,0.08414998,0.035824884,-0.17622295,0.051443674,0.18686853,0.15432847,-0.25016442,0.2231426,-0.20871064,-0.108667895,-0.05280997,-0.032320574,0.08661769,0.16466025,0.023391852,0.20842305,-0.37255684,0.07879332,0.22733468,0.25309435,0.15193868,0.052757446,0.36783147,-0.09441042,0.06263473,0.2187228,0.17963763,0.03694363,-0.1205835,0.026157642,-0.21939771,-0.20808111,-0.07423638,0.09523801,-0.07472016,0.03302757,-0.18659404,0.33889225,-0.19226263,0.17525753,-0.33362794,0.065397725,0.27433312,0.08627821,0.5390538,-0.2144834,-1.4578404,-0.059495244,-0.26677892,1.1064037,0.23035237,0.11373964,0.32141572,-0.009160095,-0.08357657,0.4045286,0.109151065,-0.29557604,0.07577106,0.19704914,-0.035509128,0.061669655,-0.1645073,0.15898287,-0.1846471,0.27326986,0.07411224,0.09343135,0.17264442,-0.48606315,0.037381798,0.30651355,-0.32677504,-0.23833485,0.07899886,-0.7702362,0.108239144,0.24040887,-0.18670516,0.13202691,0.04603914,-0.09137962,0.06996194,-0.035468668,0.11035751,-0.36454606,0.05328193,-0.010889602,-0.023461768,0.32425734,-0.23168537
69,negative,-0.12691931,0.13739736,-0.004168771,-0.22919518,0.008197214,0.35490566,-0.18762934,0.13433848,-0.033646706,0.10427179,0.010820905,-0.028039688,0.26696292,-0.15352432,-0.104540326,-0.16584636,0.112255774,0.059952274,-0.5236422,0.12208002,0.17565024,-0.09905735,0.11217731,-0.15125404,-0.11249267,0.050935563,-0.14188996,-0.23587455,0.11422915,-0.03295592,-0.0011612807,0.4028921,0.013465265,0.10049118,0.08601554,0.036707982,-0.07747359,0.048008468,0.058413472,-0.1535886,-0.3377028,-0.06287249,0.1635981,-0.2855768,-0.071478695,-0.19795562,-0.18621045,-0.18463723,-0.20056158,-0.5667547,0.10829526,0.020986434,0.040540416,0.7239497,-0.15648896,-1.4218477,0.11000129,-0.16455814,1.4041129,0.25530055,-0.13845491,0.35247687,-0.09227474,-0.053360723,0.5516802,0.09933032,0.109724425,0.18509068,0.1484498,-0.11772142,0.08216041,-0.2923016,-0.13614988,-0.34601048,0.013520311,0.14706306,0.0063514966,0.059089392,-0.58818924,-0.035277244,0.541366,-0.07876704,-0.08971887,-0.045092802,-0.97528523,-0.1057233,0.10585841,0.13785625,-0.019324103,-0.24219824,0.04791035,-0.23769137,0.12037722,-0.07185989,-0.22666425,0.07606136,0.041178666,-0.17723331,0.42053777,0.20210856
70,neutral,-0.009936801,0.30905786,0.27642497,0.084516,-0.18249907,-0.12714899,-0.37454388,-0.01498497,0.11327747,0.27677572,-0.36023962,0.035737146,0.14102678,0.24466836,-0.04509524,-0.25755474,0.06557878,0.006236883,-0.07532947,0.0684939,0.24716212,-0.1952711,0.2332858,-0.076243795,0.12752719,-0.06647736,-0.2471595,-0.33850986,0.44461533,0.118033044,-0.1112991,0.23199578,-0.24145196,-0.11053321,0.003449058,0.30723757,0.20396043,0.09740233,-0.23355,0.1022798,-0.6424234,-0.205869,-0.08404681,-0.019784853,0.2813705,-0.2469209,0.30967012,-0.110871084,0.055282388,-0.44324678,0.0092209615,0.25573772,0.042028647,0.78745234,-0.019478146,-1.6045835,-0.10217578,-0.13864589,1.50307,0.18201078,-0.15751451,0.38489488,-0.043029696,-0.012603349,0.6271528,0.09330904,0.14738584,0.11615063,0.0997944,-0.19401523,-0.033042174,-0.3799159,-0.051751565,-0.27610445,0.092466325,-0.11066032,-0.15846512,-0.097815864,-0.46954116,-0.056880545,0.23485504,-0.051323798,-0.3246797,0.07111867,-0.7929377,-0.21843332,-0.09779911,-0.18795505,-0.17163445,-0.2685437,-0.38532716,-0.23047505,-0.017866522,-0.124235794,-0.1865376,0.12480305,0.04028072,-0.2184295,0.41566747,-0.044301115
71,negative,-0.16511102,-0.11900294,0.31837907,-0.9156688,-0.35474956,-0.1248566,-0.095333286,0.054939613,0.16131657,-0.102037504,0.20749848,0.009816658,0.49523014,-0.14381014,0.042909455,0.40960187,-0.05455559,0.41564393,0.12453056,0.6416856,0.6941811,0.12868366,-0.35182303,-0.60632455,0.19708681,0.3031368,-0.13931902,0.19720888,0.4383809,-0.110058814,-0.21770407,-0.074662074,0.491189,0.53131294,-0.37523502,0.46995878,-0.54895526,0.047391273,-0.22897288,-0.6214044,0.29055262,0.13195033,-0.64086527,0.061559174,-0.7825482,-0.49852565,-0.27441755,-0.32123676,0.4545364,-0.33076632,-0.7031235,-0.042027317,0.55593127,0.58393764,-0.87052286,-1.2381849,0.08598852,0.36278564,0.31340316,0.17402181,0.34246352,0.74658257,-0.5301511,-0.27661654,0.72966367,0.67800075,0.4926468,-0.23058963,-0.40873355,-0.17962565,0.0017113654,0.1541779,-0.11264367,0.35138947,0.0685689,0.40100935,0.0537243,-0.34243622,-0.36458936,0.13310468,0.023782989,-0.17711963,-0.04012349,-0.041438255,-1.132198,-0.12611966,-0.24019252,0.02610161,0.16800854,0.003651288,-0.21684705,-0.333466,-0.1912395,-0.0044651018,-0.0040533314,-0.46899915,-0.28201124,-0.40130404,0.49179488,0.2753809
72,negative,0.2647617,0.42397255,0.33663425,-0.24770741,-0.22456619,-0.017455162,-0.12316115,0.3861458,0.08649034,0.08000137,0.08221356,0.24051225,0.08122376,-0.011295581,0.09986992,-0.38364384,-0.14006126,0.07429852,-0.30338365,0.2815317,0.48363587,0.15202373,0.016932888,0.1907121,0.2326822,-0.07716903,-0.36781767,-0.60068154,0.21651728,0.078088924,0.09931736,0.55822605,0.10674523,0.02797082,0.057741597,0.2006283,-0.116599716,-0.007269075,0.28957245,-0.2022419,-0.09685715,-0.34829554,0.028720671,-0.34350297,-0.08407897,0.15303166,-0.3243355,-0.22719589,-0.02779008,-0.9467196,0.00096145686,-0.18744381,0.15031365,0.82158935,-0.18601322,-1.6866214,-0.036169495,-0.09686512,1.3851962,0.19165844,0.13140932,0.3346088,-0.4464721,-0.1490582,0.28073567,0.15348387,0.54754835,0.08103971,-0.05020824,-0.1742652,0.07625414,-0.18779756,-0.07261176,-0.026177607,-0.07758453,0.13802475,0.23492731,-0.08662573,-0.7726363,0.025606379,0.6126525,-0.09688198,-0.21896894,-0.12694083,-0.8670948,-0.2057502,-0.31742245,0.05442887,-0.09883104,-0.31191045,0.10331541,-0.10194892,-0.20718421,-0.45292425,-0.63390124,-0.09093463,0.10473833,0.1835506,0.33041823,0.04872765
73,negative,-0.11524612,0.21477781,0.09041134,-0.24654572,-0.21305253,0.0135815,-0.07009908,0.0031250136,-0.15116262,0.0829193,0.037295282,-0.10944632,0.064975634,0.054312095,-0.06956434,-0.052512463,0.1663058,0.10903107,0.06586455,-0.010765151,0.4017893,0.06808221,-0.04228684,-0.07999151,0.330932,-0.0700076,-0.051234335,-0.29820582,0.05166655,-0.013899519,-0.047840785,0.17673813,-0.11052563,-0.26733473,-0.015542679,0.04829831,-0.034121968,-0.022230403,0.081157036,-0.038567096,-0.29957896,-0.24617183,0.086848885,-0.17947601,-0.062057998,-0.09875614,0.116563216,0.099728286,-0.1754488,-0.32799447,0.0041930075,0.031486757,0.06604776,0.8888791,0.026726773,-1.4693075,0.046161972,-0.16590652,1.2908468,0.2529879,-0.11281407,0.51127744,-0.24227712,-0.033237193,0.61433697,-0.025147399,0.49005553,0.2863043,0.0768325,-0.09065208,0.16500592,-0.1801451,-0.061142437,-0.041569263,0.11914653,0.07709397,-0.22716066,0.24075396,-0.35636124,0.116219476,0.4036019,0.16897526,-0.31337866,0.0760416,-0.93836975,-0.38230827,-0.07025506,-0.13509426,-0.03360994,-0.21285157,-0.25164577,-0.08473184,-0.050011475,0.12284588,-0.067485034,-0.05102905,-0.1238167,-0.21135078,0.3099627,0.13253585
74,neutral,-0.18054393,0.19732037,0.26752207,-0.23007871,-0.21589366,-0.08182688,-0.21394902,-0.059113313,-0.0486432,0.2035081,0.093725614,0.06430277,0.28087258,-0.060778778,-0.10769123,-0.029554514,0.037867934,0.10137095,-0.37463915,0.13616289,0.25309217,-0.03717247,0.13147499,-0.14500654,0.06130154,-0.023665162,-0.23706855,-0.3985617,0.105406776,-0.09912961,0.14727934,0.32481244,-0.10020394,-0.08742986,0.026456969,0.1457481,0.08228908,0.039323714,0.0277541,-0.17452645,-0.45466733,-0.08178914,0.18730384,-0.34879676,-0.12456038,-0.15696883,0.2995127,-0.1379454,-0.14682609,-0.6812185,0.07253818,-0.11509182,0.061135713,0.8909259,0.13463783,-1.9459479,0.031121522,-0.091218434,1.3390639,0.27930278,-0.15795368,0.3432023,-0.27075434,0.0068152435,0.63239974,0.07217844,0.28049627,0.31753653,-0.06914783,-0.041665494,0.1773806,-0.18043736,-0.21828188,-0.33029142,0.13457224,-0.14572652,-0.15465167,0.04667342,-0.57074714,0.09161586,0.7389202,-0.08557875,-0.4403951,0.020251293,-1.0842929,-0.122725315,0.1170348,0.1458741,-0.090972774,-0.34561732,0.08751364,-0.079192676,-0.12705994,-0.064220466,-0.38318598,-0.013729635,-0.061497495,-0.32759133,0.41912168,0.21075685
75,negative,0.2153427,0.26164272,0.1758594,-0.029054862,0.15526618,-0.8089577,-0.19765481,0.14277534,-0.16850467,0.1605891,-0.13088398,-0.26564968,0.014495311,-0.19275868,0.12046471,-0.12696014,-0.21508189,-0.22477494,-0.09892425,-0.12062196,0.4055004,-0.12076721,0.0006469861,0.22002673,0.108153015,0.038027085,-0.1007362,-0.15513705,0.03727086,0.08447575,-0.08905589,0.24906063,-0.2559547,0.17216074,-0.19182819,0.051367793,0.3335622,-0.35328317,0.040371645,-0.055807304,-0.1935832,-0.44094196,-0.23458692,-0.19980991,0.42750093,-0.03970967,0.00952896,-0.3527341,0.21893543,-0.9019475,0.14588192,0.17174378,0.024764907,0.82265556,-0.15609737,-2.1163466,-0.030860106,-0.34424224,1.6819354,0.15213063,-0.17629063,0.13701397,-0.18495587,-0.09686329,0.49111235,0.10418436,0.29566506,-0.14772817,0.285146,-0.10390131,0.17355302,-0.26097935,-0.2909581,-0.2057823,0.21617685,-0.16320276,0.16277495,0.16756117,-0.86595464,0.014466057,0.88199955,-0.0005545397,-0.25040552,-0.018967213,-0.7081318,-0.51033825,0.17090942,-0.12140418,-0.042271547,-0.3757556,0.013811458,-0.0062434603,-0.4091063,-0.2835995,-0.78910136,-0.012323446,0.1391819,-0.11039882,0.5759614,0.13217667
76,neutral,-0.08501205,0.10220947,0.24400416,-0.16034152,0.10178751,0.05630714,-0.4650168,0.08205884,-0.0003077454,-0.11862951,-0.00641737,-0.15348573,0.21505612,-0.108584,-0.0806994,-0.12311527,0.10032368,0.10328665,-0.30612132,-0.034196824,0.18476622,-0.17456047,0.022100467,0.00030367333,-0.07853127,-0.15209591,-0.1567662,-0.43035215,0.28692162,-0.12574226,0.25503945,0.55322254,0.021243645,0.12357486,-0.16615328,0.24640688,0.047225557,-0.105605915,-0.14528844,-0.11843444,-0.6098924,-0.1135397,0.42270958,-0.42814943,-0.07851188,-0.2778264,0.021026338,-0.30172622,-0.07165763,-0.56764364,0.1230986,-0.09347405,0.083779536,0.8951549,-0.0014286079,-1.9687511,-0.107818864,-0.28344938,1.501507,0.34411103,-0.2123629,0.3322697,-0.19340582,-0.0039769025,0.63697255,0.09523269,0.19640726,0.3736231,0.07582935,-0.4229144,0.18561085,-0.20022221,-0.3076713,-0.61638117,0.07619405,0.20822288,-0.22873302,0.10379193,-0.8578621,-0.09310189,0.5686181,-0.23914833,-0.34347817,-0.20223637,-1.0734661,-0.20977564,0.18234256,0.15117942,0.08966875,-0.4548917,0.035435986,-0.16768353,-0.4423222,0.088055514,-0.38545212,0.09914024,0.065815434,-0.06984826,0.49839926,0.025001653
77,neutral,-0.5787074,-0.10765151,0.29326683,0.27364126,-0.31503996,0.012209986,0.2802265,-0.12849331,-0.047792412,-0.09082747,0.23511446,0.14331397,0.34902424,0.089129046,0.14462614,-0.2547293,0.37954912,-0.42085397,0.39187634,-0.12572737,0.35126042,-0.1900764,0.3234534,0.2500529,0.33329716,-0.03163139,-0.21436845,0.07900392,-0.07209209,-0.43405277,-0.14323397,-0.43911964,-0.18854403,0.1250877,-0.4271378,0.01056639,-0.069159865,0.21212426,0.28569996,0.13012064,-0.39018917,0.05874945,-0.11059035,-0.023779023,0.4866512,-0.011538013,0.46926373,-0.2696932,0.33457705,-0.6379989,0.004764974,0.18000664,0.021266267,0.9570438,0.31434554,-1.7402415,0.16065457,0.21134122,1.2882671,0.71830434,-0.044725176,0.7049727,-0.12217405,0.25304577,0.48819876,-0.3632938,-0.21049173,-0.006957259,-0.12806143,-0.053377055,-0.5883147,-0.5835482,-0.0062842076,0.1701249,0.40539134,0.166521,0.25454295,0.035922825,-0.52762616,-0.11398957,0.6215724,0.014062219,-0.23828335,0.34225762,-0.90904254,-0.33991492,-0.15020354,-0.2956537,0.23018417,0.13975665,0.2296077,-0.1937123,-0.34946343,0.36690685,-0.266199,0.14090574,0.3627791,0.18484029,0.11460427,-0.24221873
78,neutral,-0.17058507,0.038931567,0.18706232,0.3547309,-0.19233918,-0.33714494,-0.18892932,-0.11397152,0.049612932,0.26725948,-0.1274839,-0.0011263161,0.26054075,0.0012975562,0.038190763,-0.077234305,-0.061341934,0.018609433,-0.39601636,0.022488127,0.15605606,-0.1483395,-0.1007655,-0.19922553,-0.17847049,0.14256626,-0.03352938,-0.06411389,0.05715027,-0.113706216,-0.17080668,0.21790707,-0.34258184,0.054766305,0.007292197,0.006794674,0.2547812,-0.026272805,-0.22588646,-0.0014646669,-0.48188636,-0.06714131,0.15002325,-0.1632854,0.19963624,-0.18452087,0.42290363,-0.11657755,-0.42574137,-0.5923088,0.21693471,0.1687028,-0.106262505,0.9965625,0.027702168,-1.8378155,0.09548067,-0.23718989,1.253157,0.118946135,-0.26332498,0.20826837,-0.117261775,-0.21769993,0.7000576,0.20603043,0.0005926665,0.07753627,0.18723881,0.050410166,0.19552304,-0.14161944,-0.1910722,-0.36982414,0.2034155,0.18825285,0.0038632904,-0.030609095,-0.83310175,0.083540194,0.5573685,0.0010116405,-0.2588697,-0.028518822,-1.1158859,0.026515434,-0.051058915,-0.008651262,-0.1607365,-0.35832506,-0.34027094,0.07851141,-0.22731385,0.07055641,-0.3876448,0.18132001,-0.0403183,-0.31287396,0.37347472,0.287651
79,neutral,-0.22246239,0.07918469,0.3090565,-0.098474264,0.07403634,0.12458966,-0.368215,0.16720141,0.2621127,-0.10493172,0.1195425,-0.08477156,0.22081636,-0.049081787,-0.041597143,-0.15006113,0.3810847,0.052226517,-0.48773202,0.11258846,-0.02441943,-0.20461252,0.19083469,-0.23142812,-0.30617034,-0.28520843,-0.011920877,-0.30685288,0.27088174,-0.07330943,0.14700155,0.59061164,-0.025115823,0.11475999,0.1273316,0.17514205,-0.06852032,-0.054940175,-0.07087653,-0.0002714335,-0.49786085,-0.1840068,0.13565136,-0.31405893,-0.19284317,-0.283564,-0.21689633,-0.32024497,-0.15787394,-0.6633551,0.2475854,0.10612899,0.08605951,0.7929374,-0.0608462,-1.8700074,0.015077956,-0.27878502,1.7231274,0.19140923,-0.36896068,0.3297722,-0.12556165,-0.1849472,0.7106902,0.12249555,0.27284274,0.35668764,0.20323817,-0.26906058,0.024608789,-0.24109235,-0.16112925,-0.6543279,0.12333535,0.14790948,-0.21092689,-0.031572554,-0.87871456,-0.11389277,0.49419886,-0.21712849,-0.27212968,-0.15971132,-1.1669556,-0.10469413,0.2676133,0.32678878,-0.030981261,-0.23859967,0.007805878,0.108436964,0.027576262,-0.03803768,-0.29174152,-0.08327936,0.07840139,-0.1490513,0.42129913,0.07299869
80,neutral,0.031555306,0.03422043,0.15573312,-0.018762428,0.10927477,-0.57844114,-0.20077401,-0.004027655,0.22488706,-0.042756107,0.025385814,0.11436674,0.11720921,-0.1325559,-0.04176662,-0.1168276,0.03722364,-0.08691459,-0.22663176,-0.110072024,0.2556543,-0.09054461,0.08986984,0.01437341,0.016022367,0.122701794,-0.28647035,0.00205984,0.04703151,-0.07817947,-0.20121072,0.3482819,-0.10315676,0.07706268,-0.17914578,0.0157471,0.1704868,-0.05622387,-0.2271687,0.043292213,-0.38463837,-0.35361892,0.016735522,0.03428125,0.06988523,0.07244812,0.097568154,-0.163057,-0.12657706,-0.52214,0.30019006,0.17277399,-0.015622844,0.6914274,-0.014304832,-1.5458542,0.026460411,-0.20494436,1.364546,0.28248835,-0.19925843,0.1663035,-0.13334508,-0.19570477,0.35809755,0.15950882,0.054585405,0.18713996,0.13957267,-0.1843225,0.072015524,-0.18459153,-0.19633861,-0.3729429,0.13583352,-0.101828575,-0.09141917,0.058617555,-0.6283818,0.078739606,0.51632786,-0.0387184,-0.20314807,0.16488323,-0.8847501,-0.14606738,0.05800142,-0.04618812,-0.007361294,-0.43731683,0.0025220686,0.17371413,-0.30926582,-0.13350928,-0.22902521,0.27047274,0.20353368,-0.1601178,0.45178255,0.019932747
81,neutral,0.07238342,0.013144427,-0.06601982,0.11586633,-0.01530207,0.09481145,0.1667595,0.22529507,-0.16908036,-0.18817972,-0.16603734,-0.09184805,-0.28685006,0.2806832,0.0775598,0.063726455,0.3537578,-0.060704608,-0.1532289,-0.0748301,0.122301206,0.22024016,0.34847572,-0.21589383,0.29482466,-0.0065080943,0.056937333,-0.035115823,0.12824477,0.07494085,0.048310958,0.14659064,0.3429046,-0.022612682,0.007853673,0.2168955,0.1535427,0.27807865,0.2562005,-0.29388347,0.007524414,-0.16333611,-0.13639885,0.056938533,0.039688393,-0.0965049,-0.20885043,-0.19977209,0.13617682,-0.27938205,-0.10170789,-0.11233891,-0.09157673,0.30053353,-0.21276927,-1.1720403,-0.39314562,0.06918581,0.4905713,0.14570946,0.097574435,0.27522385,-0.07502327,-0.06909123,0.124463275,-0.36254674,0.39304867,0.16801305,0.2422688,-0.12926875,0.0826363,0.18048745,0.11719796,-0.23971537,0.040886,-0.17412181,0.14765176,-0.009827075,-0.26281047,0.2835834,0.18838347,-0.13429666,-0.34359097,0.07207725,-0.40657791,-0.012584219,-0.12143597,-0.25887948,0.21425115,-0.0599975,0.3547331,-0.14025621,-0.204158,0.13322327,-0.35314885,-0.19254483,-0.043187384,-0.18452942,0.08663987,0.33977792
82,neutral,-0.15191779,0.11365377,0.124011,0.00593354,-0.089345425,0.09170468,-0.12353686,0.04702575,-0.023692694,0.12567575,-0.01702446,-0.03909482,0.13217226,-0.05318768,-0.03194258,-0.13934197,-0.113915235,-0.046153143,-0.19491139,0.0028142864,0.42460075,-0.16724099,0.070864365,-0.070571624,0.090654574,0.02225894,-0.25059357,-0.18758656,0.1315917,-0.06471015,-0.009538187,0.18338832,-0.14687896,0.010227205,0.12851185,0.053448148,0.050822567,-0.062403522,0.13252632,0.0599051,-0.2602704,-0.2125747,0.18761158,-0.27570504,-0.026617948,-0.03207378,0.23535292,0.025474573,0.069054656,-0.65386754,0.19618507,-0.08882681,0.021743352,0.93054533,0.17941529,-1.7805271,-0.071093634,-0.05474863,1.1767737,0.22555795,-0.101360455,0.38192174,-0.211564,0.059870362,0.50903946,0.12698403,0.10244525,0.13503523,-0.006978157,-0.01186781,0.09698078,-0.32005286,-0.090826586,-0.342106,0.15878095,0.011859832,0.034107044,-0.006768687,-0.5263439,-0.038087416,0.5570583,-0.109629326,-0.26723054,0.07603159,-0.90142566,-0.10442469,0.015339033,0.020603517,-0.14971538,-0.36887714,-0.08945647,-0.037443403,-0.19674067,0.012688851,-0.43131107,0.09414948,-0.057404395,-0.13296951,0.35174766,0.18674082
83,negative,0.054239295,0.08143914,0.29925448,-0.07168115,-0.07188613,0.14959955,-0.20616968,-0.32156345,-0.021798855,0.11902411,0.07818543,0.048171047,0.17572284,0.031154186,-0.10111458,-0.19795656,0.03984619,0.17963687,-0.17176165,0.3017219,0.15625294,0.1315132,-0.070036,-0.13740155,-0.086702175,0.1295753,-0.16107695,-0.17854303,-0.082317136,-0.07330331,0.1331339,0.5511089,-0.1659958,-0.21080263,-0.07174392,0.255488,-0.048104163,-0.0006360233,0.04176239,-0.2113387,-0.24793276,-0.30707598,-0.013722561,-0.14263742,-0.09918038,-0.15656841,0.16091764,-0.15940085,-0.13028799,-0.76102453,-0.021548143,-0.029038696,0.1025014,0.7640013,-0.012058842,-1.7551707,0.0044045397,-0.033464238,1.5160946,0.15453762,-0.14690313,0.25785094,-0.26643932,-0.06157606,0.6392422,-0.08801504,0.32569072,0.2952259,0.22438145,-0.11465134,0.032082375,-0.30417126,-0.280716,-0.37566763,-0.03438166,0.11195457,-0.13713948,0.007822011,-0.47792348,-0.030409483,0.63079923,-0.1148435,-0.17930804,0.07919231,-1.0517774,-0.21735351,-0.047453374,-0.078207776,0.040687013,-0.34885952,-0.056764156,0.021488681,0.09500914,-0.16829719,-0.3514561,0.03193777,0.03043579,-0.12470056,0.3869826,0.19662213
84,neutral,-0.16909966,0.0053324956,0.1635304,0.043270696,0.12282881,0.37455073,0.14453849,0.46033946,-0.26637495,0.2042344,0.11700992,-0.0229121,-0.12081319,-0.22691016,0.16769847,-0.037985597,0.21431506,0.07667932,-0.24352151,-0.061457828,0.2921102,0.14406163,0.2852218,-0.2627223,0.4711624,-0.3133219,0.1210818,-0.025537802,0.105396815,-0.07816282,-0.19515848,0.2158215,0.29706612,0.24680267,0.05997948,0.15194468,0.011966503,0.24332133,-0.10603293,-0.249241,-0.054821633,-0.17105998,0.031656817,0.096190885,-0.061406188,-0.10471247,0.07958711,-0.15724482,0.25688556,-0.4419845,-0.056384135,-0.22674194,0.35337475,0.65558887,-0.07224147,-2.0108411,-0.1121091,-0.025129922,1.0005982,0.26394206,-0.092408895,0.67095095,-0.28874946,-0.24922231,0.27120686,0.046595864,0.3198767,0.14065222,-0.023922153,-0.037357174,-0.04797766,-0.116808645,-0.16656233,-0.4158897,-0.093721114,-0.20966834,0.28162512,0.2892848,-0.41785344,0.4650985,0.41502014,-0.22685465,-0.18712196,0.12269073,-0.64839894,-0.11389457,-0.20440568,0.040607292,0.3331588,-0.060159463,0.13181302,0.10228191,-0.24437946,0.024062468,-0.6685357,0.02513076,-0.09811045,0.04906823,0.48192847,0.24315687
85,neutral,-0.19218981,0.084378675,0.2567612,-0.07403183,0.1115147,-0.1328242,-0.17826828,-0.045533597,-0.021268139,0.16857672,0.048332036,-0.08553933,0.21095356,-0.046528738,-0.077017576,0.04586817,0.27905294,-0.12150085,-0.41014174,0.038433537,0.06436027,-0.20801808,0.103906706,-0.10265868,-0.25552076,-0.23195261,-0.093826234,-0.17949252,0.14958274,0.047184348,0.1444298,0.26971185,-0.2655937,-0.1449966,-0.09196961,0.14676955,0.07781845,-0.014920429,-0.19052173,-0.063291475,-0.48382893,-0.06971484,0.13230564,-0.11686041,-0.0072972057,-0.38712516,0.20453325,-0.26979607,-0.2699316,-0.59376407,0.31261188,0.0171581,0.1955579,0.8442288,0.022238297,-1.7086952,0.023615096,-0.22919948,1.3005921,0.2961848,-0.13419391,0.35022917,-0.13796687,-0.18962069,0.6030393,-0.003927315,0.034823827,0.40547425,0.0036466378,-0.012038369,0.25546473,-0.12146459,-0.22177103,-0.41428804,0.058892414,-0.056180213,-0.22051373,0.09761981,-0.8712239,-0.06277635,0.51200813,0.011830608,-0.22233039,-0.12245911,-1.02817,-0.07258393,0.25092745,0.16621664,0.039598055,-0.1884154,-0.033113085,-0.10215283,-0.20940001,0.0073191584,-0.29879433,8.5733394e-05,-0.09845157,-0.32372406,0.2903798,0.12089377
86,neutral,-0.04421779,0.0010545992,0.23972127,-0.165305,-0.020553313,0.03235738,-0.16461943,0.06361006,0.093615495,0.1876407,0.12891412,0.009731434,0.11468547,0.11158241,0.031842526,-0.04996415,-0.024155827,-0.18124697,-0.29941413,-0.065217584,0.46430945,-0.21032648,0.13068543,-0.12138702,0.058432225,-0.007812446,-0.16216789,-0.1708243,0.1945667,-0.03423542,-0.030818889,0.19464794,-0.2227217,0.027942706,-0.011768251,0.11636234,0.18302713,0.019465627,0.025217284,0.024235638,-0.3127775,-0.27874422,0.21632038,-0.13436957,0.07714679,-0.005910477,0.12673895,-0.014394485,0.0016738229,-0.59253865,0.008765805,0.08152493,-0.05336247,0.9872575,0.03937007,-1.6608804,-0.08073068,0.08126542,1.2830352,0.20728447,-0.05042468,0.43472323,-0.15445352,0.049061727,0.48769805,0.045697305,0.052455224,0.08372711,0.07724673,0.057090145,0.015683684,-0.35993406,-0.09974464,-0.36307386,0.067347884,0.067394465,0.17794876,0.02639252,-0.68049794,0.05928729,0.6045594,-0.045911144,-0.22787565,0.06486883,-0.7417693,-0.11115707,-0.100127615,-0.057419777,-0.074321896,-0.32233065,0.011094909,-0.096387394,-0.0896092,0.06664138,-0.36994255,0.10195016,-0.06990681,-0.13508932,0.40002784,-0.054597672
87,neutral,-0.1314977,0.053024445,0.0055423025,-0.15518053,0.07060879,-0.11684155,0.00250039,-0.23692751,-0.18823181,0.17991771,0.031337246,-0.18939482,0.08263335,0.23590194,-0.032121994,-0.1616053,0.16315694,-0.04807527,-0.4045431,0.15644287,0.12272445,-0.08677686,0.1212646,-0.26435018,-0.034500968,-0.001996608,-0.029623117,-0.2924909,0.11493346,0.055445902,-0.25327602,0.3426865,-0.075562514,0.012283128,-0.24919775,-0.0064183366,-0.1265077,0.19588591,0.11212409,-0.03407039,-0.305315,-0.031226948,0.19476837,-0.09223524,0.013986875,-0.121683754,0.16155033,-0.17662767,-0.16744474,-0.4731719,0.28660852,-0.18829711,0.1223636,0.6336264,0.031093627,-1.4779127,0.1778062,-0.33078465,0.9809485,0.1004732,-0.05001375,0.37202656,-0.01715579,-0.2942467,0.595381,-0.18041751,0.2307549,0.4437986,0.052693304,0.39076716,0.16114669,-0.0652018,-0.14098847,-0.3822254,0.04562077,0.023143314,0.042694014,0.042239882,-0.61941415,-0.1161959,0.32333624,-0.010512359,-0.15524177,-0.11179689,-0.83984274,-0.055219494,-0.002462172,-0.052927323,-0.044710808,-0.4558014,0.024530042,-0.09870859,0.00839996,0.27133805,-0.21756165,0.11080794,0.051214844,-0.22037728,0.1083743,0.25804314
88,negative,0.08217537,0.23768292,0.15446256,-0.08697088,-0.044432513,0.06275679,0.11419053,0.30809557,-0.14238329,0.23805772,0.123462684,-0.11137537,0.16327141,0.22746235,0.17324054,-0.043198984,0.2571851,0.107292436,-0.43415025,0.27409673,0.13368551,-0.19164012,0.1823118,0.0934454,0.11196463,-0.15421908,-0.06506522,-0.27585623,0.005005213,0.10505185,-0.10878306,0.28376067,0.046060883,0.059289783,-0.009169521,0.09815384,-0.17959855,0.055642977,-0.07296014,0.05350189,-0.49020007,-0.05384839,0.060642876,-0.08244204,0.17253013,-0.07446254,0.10715322,-0.28979906,0.08396163,-0.50006217,0.028929707,-0.16955075,0.13325222,0.8297033,-0.14093006,-2.11314,-0.123935,-0.18165316,1.5116593,0.5230652,-0.13564184,0.61887515,-0.011955424,-0.018727954,0.51663566,-0.007304387,0.12331846,0.25979748,0.019263186,0.17314342,-0.03435691,-0.16073819,-0.05632212,-0.2114674,-0.09166885,0.19381791,0.08347422,0.0053745937,-0.85383934,-0.2657678,0.43566492,0.071709454,-0.14022885,-0.028907064,-1.1425045,-0.18376216,0.06682,-0.0680624,0.08520195,-0.06864395,-0.089726806,0.09910351,-0.012449133,0.2179198,-0.478964,0.121305645,-0.149395,-0.12004152,0.3207169,-0.009377213
89,negative,0.31284726,0.25321934,0.44802338,-0.07642769,0.05853696,0.35898882,-0.4092644,-0.35068017,-0.08170307,0.19984213,-0.19777727,0.02762342,0.15397377,-0.14726137,-0.041040543,-0.16158469,0.18632936,-0.13164957,-0.6247424,0.1840005,0.46752316,-0.035415623,0.2616892,-0.2780959,0.2159915,0.09638539,-0.1294566,-0.43109486,0.3519662,-0.05946067,0.12142087,0.4938969,-0.18292509,0.14920029,-0.14748867,0.035094175,0.093576014,0.5589649,-0.16370529,-0.16484001,-0.8230781,-0.07698514,0.13017796,-0.12322036,-0.15656199,-0.5594737,0.35593453,0.07540171,-0.13035616,-0.28654456,0.08038581,0.1461858,-0.032256283,0.88127875,-0.0065445113,-1.5890437,0.4986706,-0.077909075,1.6201549,-0.00588005,-0.12128943,0.053812392,-0.37213975,-0.2933836,0.8131832,0.1607734,0.23853023,-0.14212029,0.352749,-0.05703601,-0.12048597,-0.15227841,-0.018076634,-0.1721551,0.081638165,0.03047666,-0.08972673,0.011404462,-0.71856916,-0.14155872,0.1519759,0.031600635,-0.108253196,0.18552557,-1.0904167,0.14995515,-0.074492775,0.0026461724,0.07128781,-0.3587848,-0.08606909,-0.38328525,0.046693422,0.11439225,-0.59204286,-0.14728796,-0.09983695,-0.39305753,0.38629758,0.3113308
90,neutral,-0.14612421,0.22624394,0.20693395,-0.032782387,0.124846,-0.010093909,-0.1490702,-0.014768788,-0.13280049,0.02967782,0.08318529,0.025477158,0.1522244,-0.037855513,-0.043488212,-0.031238928,0.016266286,-0.11398681,-0.4631601,0.12547606,0.027982889,0.01207331,0.008493066,0.00027803646,0.12309563,0.05820804,-0.11350949,-0.26768196,0.17191732,0.011107164,-0.14797537,0.34082383,-0.0480669,0.05287498,-0.10518301,0.20639518,0.074749656,0.11185956,-0.12868455,-0.019826619,-0.4344731,-0.045211136,0.13327217,-0.007319819,-0.14592445,-0.14192982,0.059493743,-0.2569485,-0.063275024,-0.36151615,0.15630059,-0.025492249,0.17606363,0.64955044,-0.02953116,-1.4346976,-0.068111315,-0.13592482,0.89368975,0.08830112,-0.001513755,0.4374401,-0.18376319,-0.2304305,0.59118515,-0.08909069,0.28102168,0.38480362,-0.115616605,-0.04962869,0.056908432,0.03104267,-0.15721594,-0.21366198,-0.008211148,0.008828729,-0.04472363,0.06237045,-0.47327092,-0.13105865,0.31838834,0.05637667,-0.03488551,-0.06593294,-0.7403601,-0.020719634,-0.05105651,0.13355635,0.024993693,-0.26150835,0.04634303,0.0071553583,0.017137535,-0.030410003,-0.3562517,0.08631649,-0.121734396,-0.29918063,0.13793412,0.2921308
91,neutral,-0.13214524,0.1679115,0.24192984,-0.07700183,0.06966533,-0.5092478,-0.1597697,-0.07024606,0.06576833,0.12522095,0.045771617,0.044673722,0.07025512,-0.028869601,-0.07632169,-0.30266875,-0.073119186,-0.11870249,-0.098629706,-0.08456903,0.1922068,-0.19151488,0.107173555,-0.0031743047,0.045390792,0.10070442,-0.1367722,-0.027402401,-0.034908336,0.008315004,-0.095955454,0.3201894,-0.07899856,-0.05617033,-0.07142159,0.06266035,0.11396705,0.16348146,-0.08510747,-0.04270184,-0.32284927,-0.3781275,0.013053652,-0.0030664552,0.0905668,0.016783135,0.14571644,-0.16563319,-0.1341601,-0.5580351,0.096351534,0.29125804,0.036014408,0.73343587,-0.13853545,-1.6605769,0.06681501,-0.19246097,1.2471371,0.27431366,-0.03344141,0.24614315,-0.07108005,-0.06087419,0.47506168,0.083010174,0.17473605,-0.021221831,0.1784752,-0.2035785,0.236881,-0.1751593,0.0025489961,-0.14689067,0.057573266,-0.14514196,0.010546798,-0.030641438,-0.5704179,0.19510618,0.66876906,0.018430278,-0.32834956,0.034715336,-0.7367937,-0.18344417,0.12198562,-0.080004185,-0.042142924,-0.31389707,-0.069288604,0.042857014,-0.19035485,-0.1896397,-0.3015984,0.23217529,0.099758856,-0.24885808,0.36022997,0.12640157
92,negative,0.05729289,0.18232599,-0.025017837,-0.25788456,0.10012796,0.35164902,0.030722374,-0.15264003,-0.055659622,0.3020872,0.041583255,-0.30068338,0.062894955,-0.13839892,0.104623005,0.12696365,0.06850598,0.0234884,-0.14399625,-0.021721276,0.4103761,-0.057803717,0.1465297,-0.1852031,0.09978013,0.01867379,-0.14760913,-0.23642838,-0.20900956,-0.13271235,0.107833885,0.49046454,-0.061488934,-0.2058263,0.22142605,0.13345204,-0.2873981,-0.01728759,0.06552452,0.09455152,-0.25047827,-0.1006199,-0.09896232,0.15705335,-0.1264094,-0.32398537,0.013319701,-0.08746374,0.07975363,-0.51960695,0.09666628,-0.14626567,0.0875698,0.7957956,0.07079816,-1.8192312,0.15067266,-0.14886193,1.2783495,0.16765931,-0.042916678,0.38584256,-0.04359462,-0.07145695,0.7466655,-0.11479335,0.5283993,0.1731179,0.17115444,-0.06953076,0.15492107,-0.27798277,-0.24492052,-0.15393971,-0.09366304,0.111368336,-0.048625536,0.13207923,-0.5825677,-0.16004948,0.45891693,0.03103733,-0.08999873,-0.045961935,-1.2396277,-0.3872869,-0.037621215,0.04229663,-0.006747989,-0.33027306,-0.007301206,-0.057753813,0.18854947,0.07567462,-0.23829232,-0.30198914,-0.4384487,-0.13009267,0.5023832,0.19694178
93,negative,-0.15230997,-0.048780743,0.23503673,-0.21981426,0.11422727,0.00520406,-0.37071463,-0.033492822,0.064344764,0.3028138,0.0909667,-0.08927932,0.1512528,0.15076841,-0.07902318,0.12684754,0.18382263,-0.18170282,-0.5089256,-0.0143909715,0.123717375,-0.11035141,0.1661256,-0.112757295,-0.12838809,0.06356765,0.001670912,-0.2400018,-0.112320594,-0.104536384,0.32417914,0.25110632,-0.025686491,-0.004740876,0.0629856,0.157468,0.006487328,-0.033994164,0.12160669,0.25044665,-0.48703098,-0.34650654,-0.03428945,-0.011217181,0.19696186,-0.19755335,0.053591006,-0.15158527,-0.10512469,-0.5718108,0.37866834,-0.013646942,0.12394086,0.9359649,-0.08315392,-1.838651,-0.01499607,-0.16436484,1.6003308,0.33515805,-0.25453308,0.39462313,-0.001914393,-0.25494784,0.64782286,0.09060021,0.2324125,0.36069626,0.38625953,0.06887961,0.060692877,-0.22358951,-0.1935011,-0.36541736,0.1882977,0.054484446,-0.10124568,0.04995877,-0.7745253,0.1464245,0.5552197,-0.1211328,-0.18387721,-0.06402599,-0.9368956,-0.17329149,0.23186697,0.047786713,-0.008017376,-0.14447789,-0.025610484,-0.11302965,-0.019742504,0.02110419,-0.33379084,0.06554588,0.011079095,-0.18275148,0.4137761,-0.05515001
94,negative,-0.11214126,0.15360147,0.2614769,-0.063041575,-0.013570492,0.08658151,-0.26940727,-0.14691783,0.22721784,0.100160256,-0.045949753,-0.044820473,0.096696734,0.08910967,-0.0082876105,-0.01702426,-0.035846088,0.05845599,-0.3547068,0.12545487,0.20763546,-0.11336716,-0.0637207,-0.3229524,0.0026559867,0.02137562,-0.20556164,-0.18666619,0.06296843,-0.101025805,0.13196504,0.38591424,-0.12664677,-0.102938026,-0.057405345,0.11081549,-0.028743181,-0.005172759,-0.00071913,-0.07761551,-0.3120273,-0.096714534,0.0833523,-0.08458082,-0.09676398,-0.21119605,0.13940743,-0.049549382,-0.1806217,-0.43314996,0.10015678,0.09504944,0.12039662,0.8543817,0.011606268,-1.4650359,0.17739408,-0.24216908,1.1416333,0.15774657,0.008349952,0.31780493,-0.07030257,-0.027572958,0.62843984,-0.12361972,0.21741709,0.18829077,0.06517753,0.002132508,0.12942977,-0.25561103,0.0022455975,-0.15724163,0.09944364,0.08575513,-0.16991037,-0.04892657,-0.5731406,0.13899167,0.390098,0.0100994725,-0.27302545,0.058822952,-1.0011326,-0.0011982607,0.027361447,0.07653141,-0.06340607,-0.38141406,-0.122399025,-0.060323395,-0.022549408,-0.13106692,-0.17350173,-0.07147959,-0.033045813,-0.31261703,0.29373574,0.3474262
95,neutral,-0.21551856,0.025157021,0.4233621,-0.2572944,-0.17907849,0.10776239,0.15217532,0.1434452,-0.42313123,-0.047010675,0.08049754,-0.20982136,-0.09207663,-0.13089198,-0.03551055,-0.046457272,0.15689957,0.29280862,-0.4639258,0.16915408,0.27523628,-0.018722925,0.20876972,0.22939315,0.4932961,-0.23691082,-0.27305058,-0.39076188,0.20715421,-0.019614736,-0.32500026,0.3437991,-0.03879417,-0.0035801143,0.049975026,0.19075465,-0.25549293,0.056973238,-0.22120945,-0.3038504,-0.17056215,-0.11828588,0.21755154,-0.16079317,-0.10804177,-0.0912323,0.13683367,-0.42948735,0.22627568,-0.9730045,-0.17506401,-0.16520777,0.20355874,0.8239866,-0.08975247,-2.393095,-0.13688684,-0.2913536,1.1205946,0.6639603,-0.47735417,0.8257254,-0.28773007,-0.40700573,0.25486195,0.11470798,0.1625342,0.6400927,-0.36148554,0.04821303,-0.07171435,-0.33487254,-0.25630015,-0.27129182,-0.2801653,0.03472184,-0.2144122,0.12668757,-0.78853273,0.440382,0.5986294,-0.2522864,-0.10913277,-0.01667096,-1.118601,-0.29981086,-0.3818573,0.14110999,0.063596606,-0.39226806,-0.20937428,0.055662584,-0.14418782,0.21324442,-0.44377354,0.1731981,0.14990997,0.09427738,0.51004785,0.28920513
96,negative,0.08326869,0.34907064,0.41789603,-0.098996304,-0.15189806,0.24983174,-0.29954943,-0.17047827,0.2541436,0.06205093,-0.029855976,0.15355606,0.05526514,0.06995094,-0.007539203,-0.0448955,0.0020476326,0.17979349,-0.4680271,0.22902463,0.2733253,0.060032714,0.04711905,-0.31209525,0.09234215,0.038510464,-0.14594692,-0.28383422,0.250407,-0.111631885,0.21047394,0.16342905,0.049163252,-0.123691075,-0.024185747,0.118960574,-0.0023610147,0.01901387,0.03245149,-0.19056939,-0.38698745,0.12279045,0.045832105,-0.34230596,-0.23514418,-0.21715689,0.4506243,-0.15216157,-0.3558386,-0.7734099,0.0041732625,0.03338869,0.18892126,0.89263433,-0.20904034,-1.5358578,0.07735889,-0.0006919735,1.1212866,0.103319496,-0.07890344,0.50362045,-0.2767091,-0.27236655,0.7107016,-0.040110655,0.35618207,0.24477212,-0.013299533,-0.10438996,0.13067426,-0.25508767,-0.32823116,-0.15598992,0.10554556,0.0054861405,-0.19220479,0.04091714,-0.598851,0.21095392,0.41824353,0.05920128,-0.26125363,0.05392031,-1.0016743,-0.12163226,-0.14953019,-0.002415658,-0.10802422,-0.2294806,-0.09812359,-0.09708493,0.024331266,-0.09905706,-0.29712877,-0.21990277,-0.2605905,-0.20539512,0.19156566,0.14685003
97,negative,-0.084827915,-0.0664633,0.13100341,-0.15066743,-0.14274205,-0.028921723,-0.15257083,0.0146480305,0.020294705,-0.00282813,0.16338952,-0.037156146,0.06367117,-0.09807248,-0.0155552495,0.048862636,0.0380118,-0.047910634,-0.32520008,0.09195648,0.257441,-0.15170464,-0.116220884,-0.030717306,0.034115534,0.03360442,-0.055269767,-0.1446049,0.035379514,-0.060245745,0.05379374,0.23235428,-0.15541609,0.12683362,-0.020864192,0.09187345,0.08921831,0.01582541,0.1690233,-0.03885865,-0.26216197,-0.14293072,0.11173269,-0.083629645,-0.06741646,-0.054684296,0.08081291,-0.0014841676,-0.014219315,-0.52761143,0.07755878,-0.055451058,0.08215453,0.61720634,-0.007036237,-1.373339,-0.091102704,0.066764355,0.8552991,0.103278466,-0.115977496,0.30766732,-0.12554392,-0.0015406162,0.31346625,-0.029213743,0.21352866,0.23722269,0.08164083,0.069576986,0.05262035,-0.1936894,-0.18644655,-0.3142992,-0.013291131,0.0013758703,0.12243133,0.034049314,-0.46857357,0.04254368,0.41712555,-0.10620135,-0.11696861,-0.048167992,-0.6482196,-0.13140607,-0.15919837,0.013691879,-0.034778025,-0.2968946,0.12396206,0.038635567,-0.06462142,-0.015621472,-0.19398569,-0.059039734,0.011826404,-0.11435365,0.22338751,0.05560839
98,negative,0.014747407,0.21448927,0.13091338,-0.17331035,-0.059633274,0.21029845,-0.11221576,0.17354442,-0.04083717,0.2784196,0.026186632,-0.0730424,0.27466366,0.32046163,-0.069546245,-0.19375168,0.085155964,-0.020020006,-0.38629538,0.2896363,0.25689664,-0.23310275,0.11375771,0.026059624,0.015323422,-0.0047741304,-0.2618308,-0.2318757,0.12873033,0.111040086,-0.11747955,0.40228775,0.008070158,-0.022496495,0.08148219,0.07727893,-0.106540345,0.13553508,0.27173668,-0.046385773,-0.27593237,0.07067447,-0.11397098,-0.23981331,0.22879742,-0.02813296,-0.09758225,-0.09799712,-0.10110743,-0.41554508,-0.142036,-0.07303685,-0.12606613,0.8246992,-0.09468578,-1.5693122,-0.16868572,-0.15109856,1.2630731,0.38353541,0.028387096,0.39953145,-0.0363231,-0.12004441,0.47039086,0.044924416,0.16156355,0.19874038,0.07691758,0.08300223,-0.046642687,-0.23090443,-0.16888572,-0.3006144,0.082684666,0.21571153,0.034413703,-0.06877437,-0.53455615,-0.16346923,0.51363415,0.039826795,-0.24271439,-0.12119816,-1.015783,-0.15514146,0.0967873,-0.061464507,-0.032414448,-0.14896746,-0.008593666,-0.07077242,0.030954937,-0.13721088,-0.44005987,0.10172225,-0.07392006,-0.19393936,0.17372154,-0.023096643
99,negative,0.025622688,0.02565964,0.20472883,-0.45632857,-0.060684994,0.083619185,0.03397098,0.085739315,-0.23652767,-0.33034658,0.058935117,-0.013134858,-0.14971541,0.064404674,0.053622715,-0.079990715,0.21464941,0.013719589,-0.37687707,0.2262518,0.085886426,-0.025877856,0.1461549,-0.026682587,0.2374315,0.06758148,-0.1795258,-0.2291425,0.15546843,0.016925948,0.12980832,0.16007024,0.09747649,0.07832113,0.0069183023,0.19041285,-0.06831693,0.027649643,0.13539706,0.18659787,-0.11053399,0.05145529,0.21329083,-0.14356896,-0.13672599,-0.06160879,-0.25987127,-0.37952226,-0.024109678,-0.29013652,-0.018575674,-0.12121694,-0.12236086,0.30141944,-0.052103087,-1.3564744,-0.1627951,0.062537126,0.3484618,0.16800976,-0.08769876,0.23420312,-0.042788036,-0.026820423,0.3337306,-0.27744249,0.24283986,0.4783574,-0.049563065,0.00056145183,-0.069829136,0.13107042,-0.20089093,-0.21265653,0.024356479,-0.09380251,-0.07579244,-0.0019686813,-0.3467213,0.07335695,0.37567708,-0.055237114,-0.23616818,-0.09988752,-0.40435153,-0.09142205,0.03723663,-0.11367088,-0.05186682,-0.4339715,0.048767198,-0.19443104,-0.14745268,0.3510737,-0.14092101,-0.0029215638,0.07512515,-0.22559221,0.03500546,-0.16359107
100,neutral,-0.09995243,0.05890506,0.16999674,0.079975635,0.15791108,-0.027057832,-0.12130313,-0.06871658,-0.11653662,0.1493226,0.07415011,-0.06316593,0.044723246,0.05857325,0.0052053593,-0.1838344,0.096560255,-0.17057429,-0.4177632,-0.010149793,0.12175627,-0.14100848,0.255704,-0.09622942,-0.09167672,0.02540344,-0.16351408,-0.0861759,0.45212647,0.07274936,0.21254005,0.39118642,0.10938937,-0.11483198,-0.22241881,0.11701027,0.09516451,0.06732303,-0.35879645,-0.24760617,-0.3681118,-0.05286412,0.46172857,-0.16512623,0.20331964,-0.19739006,0.1259046,-0.11632276,-0.07110388,-0.15932475,-0.2738587,0.09145575,0.1395418,0.7570311,-0.085428946,-1.2937344,-0.20376566,0.20169616,0.9527359,0.23049194,-0.22149129,0.07606551,-0.08207176,-0.21086812,0.40645844,0.017817544,0.040454376,0.15725021,-0.068145484,0.13791667,0.16230005,-0.0073017995,-0.369573,-0.46098608,-0.24511667,-0.15961497,-0.012335843,0.23750718,-0.68156964,0.14289387,0.49051094,-0.1161584,-0.2303506,0.03646079,-0.55431724,-0.062886745,0.14981787,0.22754042,0.10831174,-0.7116924,0.25276393,-0.1477659,-0.27266657,0.27549183,-0.6194476,-0.16142747,-0.060620267,-0.32855737,0.053241145,-0.12386175
101,negative,0.07593277,0.25369424,0.5512668,0.004282226,-0.04563406,-0.019633664,-0.15257598,0.076617986,0.14182311,0.014001446,-0.08768541,0.0695789,0.1650202,0.11967976,-0.054311108,0.010065557,0.11531574,-0.13161393,-0.21599784,-0.023682004,0.30439663,-0.06543416,-0.016747478,-0.062649705,0.19811738,0.23698017,-0.1656416,-0.22061926,0.3435338,-0.04515255,-0.017437289,0.14325579,-0.05064199,0.005759341,-0.04922525,0.20297125,0.028745499,-0.032617696,-0.18077065,-0.11943497,-0.35494384,0.11760746,0.3132039,-0.18401518,0.069962114,-0.15460096,0.16991927,-0.09161853,0.015070618,-0.41825494,0.06343997,0.12256136,0.23717585,0.66261685,-0.21319446,-1.1722066,0.16280635,-0.21547058,0.9987445,0.16185892,-0.06252624,0.32563293,-0.10246638,-0.37541872,0.51258105,0.013584692,0.21809061,0.19201785,-0.25383493,-0.26392305,0.073438376,-0.10181647,-0.13639131,-0.29871947,0.09066563,0.44401547,-0.20160946,-0.1624573,-0.54835385,0.045573477,0.3654132,-0.04037861,-0.03924342,0.10311845,-0.7385234,-0.06001765,0.07727438,0.039569482,0.19419758,-0.19460341,-0.023734247,-0.02553933,-0.22729567,0.15690333,-0.40145722,0.036277924,0.05496701,-0.057783592,0.2760793,0.053320296
102,neutral,-0.0964306,0.21114679,0.2847598,-0.24406254,-0.077389054,0.08967258,-0.2012425,-0.08800705,-0.08655578,-0.10283678,0.31197518,-0.079621896,0.046041343,0.010732245,0.027806899,0.099781916,-0.21138698,-0.14305916,-0.11625749,-0.06376254,0.24908301,-0.012555718,0.061011456,0.015604419,0.14581032,-0.042473402,-0.09727365,-0.120870404,0.09958942,-0.01820778,0.037112966,0.34112558,-0.15120411,0.078140706,0.0391879,0.042571403,-0.15935941,-0.074543096,0.038275544,-0.25102198,-0.06917603,-0.27016264,-0.22306475,-0.34061366,-0.06893348,-0.27769697,0.17961346,0.010170632,0.08085005,-0.583091,0.07572378,0.02904197,0.031645242,0.57138944,-0.06590433,-1.5701098,-0.012073555,0.16235177,0.76748633,0.244096,-0.086877316,0.52138394,-0.31206107,-0.05614097,0.36421365,-0.032810368,0.19559151,0.04683831,-0.015400406,-0.20648111,-0.17347912,0.03184284,0.053282026,-0.078609005,0.031266868,0.1083935,0.06787381,-0.10888538,-0.25147054,-0.2723884,0.31756732,-0.18890068,-0.32085323,-0.2876753,-0.670672,-0.13803984,0.0411961,-0.09295185,-0.050115388,0.03126331,0.051115986,0.22424741,-0.24205053,-0.13973005,-0.35077217,-0.019665172,-0.24769093,0.06411991,0.3275809,0.02467587
103,neutral,-0.038666017,0.14083637,0.4250879,-0.16513294,-0.23672777,-0.041992802,-0.071550466,-0.115698986,-0.038688827,-0.030054003,0.096614875,0.08116821,0.1562147,0.0073734387,-0.0684721,-0.14442639,0.030926565,0.05442085,-0.39172965,0.41631135,0.17851408,-0.14230496,0.18670666,-0.05936193,0.077578105,0.039019722,-0.110286,-0.36113206,0.28476936,-0.07127459,-0.0414876,0.48888698,-0.052686196,0.0320473,0.10720451,0.14899273,-0.13379934,0.14873953,0.10583532,-0.09560829,-0.27839452,0.046241086,0.094038054,-0.34318772,-0.21643032,-0.12010503,-0.07603805,-0.07169117,-0.13977194,-0.60353565,-0.019698143,-0.24238184,0.1325731,0.63592845,-0.10047488,-1.3970349,-0.06970056,0.019793639,0.71405995,0.1575838,-0.113759376,0.29449937,-0.20407023,-0.013581407,0.50669575,-0.052831177,0.28251523,0.42035908,-0.078195736,0.014259527,-0.03267447,-0.026406946,-0.21795852,-0.31809315,0.025039706,0.08559835,-0.11343866,-0.09748012,-0.35624826,-0.18505749,0.36121595,-0.09328237,-0.17282034,-0.20520839,-0.7354358,-0.101003535,-0.07795869,-0.0069711097,-0.010434493,-0.3380212,-0.024940586,-0.109726295,0.011663868,-0.0661662,-0.31561884,0.18774422,0.11132754,-0.25272074,0.030845657,0.0803108
104,negative,-0.23518525,0.34944907,0.1291351,0.0047777714,-0.13821621,-0.03300651,-0.004032903,0.07165828,-0.08769476,-0.1719135,0.3582264,0.0449235,0.0280625,0.013533714,0.08024682,-0.02158894,0.05806528,0.113241345,-0.12648883,0.045235097,0.15817767,-0.16323316,-0.27590877,-0.29202044,0.28595912,-0.04211295,0.0900885,-0.05409161,0.1222213,0.052388113,-0.05732323,0.026620131,0.01443514,0.077389486,-0.071740955,0.12384739,-0.08249734,-0.056699086,-0.06703167,-0.21495935,-0.20274298,-0.09958297,0.03814659,-0.107235655,-0.1535839,-0.3880315,-0.11239267,-0.062182635,-0.06360044,-0.5043149,0.0012300925,-0.14639156,0.23710819,0.62769395,-0.36375168,-1.4465587,0.014699849,-0.09168297,1.1606431,0.090397015,-0.41880667,0.86488914,-0.5079291,-0.041621827,0.50222784,-0.010371036,0.19267705,0.14114143,-0.109152034,-0.24716656,0.18489364,0.05880886,-0.04494428,-0.107852444,0.30995864,0.24092244,-0.098315574,-0.06748783,-0.39217588,0.12561819,0.4271604,0.052936792,-0.027810004,-0.01234655,-0.6992711,-0.090101235,-0.117966585,-0.076825276,-0.023361458,0.13044474,0.08319167,-0.20457125,-0.17804113,0.23810098,-0.2254,-0.14036568,-0.1054162,-0.15909964,0.45191067,0.31791556
105,neutral,-0.08515834,0.2689443,0.44200274,0.009888511,0.18703783,-0.13302673,0.12578286,-0.03334313,-0.11356878,0.0013347008,0.26012588,-0.018565744,0.10259563,0.0020724789,-0.20074981,-0.1943278,0.09454523,-0.22805353,-0.1775117,0.20168795,0.35946158,-0.07061234,0.04951377,-0.031356327,0.21403627,-0.06835432,0.08781918,-0.3240725,-0.0985317,-0.073273495,0.1613426,0.24773826,-0.26224184,-0.10975115,0.13495453,0.12125604,0.20865935,0.118272066,-0.18809602,-0.01635133,-0.31594524,-0.2660064,0.07743118,-0.18058051,-0.026250502,-0.26423138,0.13060668,-0.10620401,-0.08888258,-0.5324294,0.015548175,-0.10651837,0.1665819,0.5902468,-0.1719279,-1.892755,-0.18112801,-0.113464266,1.3969054,0.31019568,-0.13468608,0.28535268,-0.3442378,-0.123691075,0.52141446,0.017509965,-0.058732808,0.3884457,0.10968793,-0.22579841,0.09899863,-0.010828205,-0.23754525,-0.33360976,0.039052058,-0.094349265,-0.14474207,-0.099656664,-0.74935025,-0.19274586,0.49556544,0.04267984,-0.10003474,-0.015276511,-0.79582494,-0.024840461,-0.09604283,-0.1675544,0.08131375,-0.1692377,0.07378869,-0.15413487,-0.32703474,-0.08770089,-0.5733442,0.25188595,-0.15149051,-0.002307033,0.62682945,0.2692601
106,neutral,-0.18594341,0.080301896,0.33453232,-0.10889541,0.13497074,0.113648385,-0.43568015,-0.033743847,-0.120267116,0.57055575,0.102419004,-0.18011528,0.44172427,0.37856486,-0.15038803,-0.02595705,-0.2181155,-0.5214258,-0.66961485,0.36296496,0.34037694,-0.26851237,0.29487604,0.0039089513,-0.24288474,0.13496311,-0.08530298,-0.0005231664,0.5304417,-0.009588829,-0.07766924,0.0977745,-0.0059285206,0.0063444097,0.0049230517,-0.044920515,-0.071207084,0.04628098,-0.031889297,0.17168295,-0.62374765,0.20665862,0.42447376,-0.4135991,0.2167475,-0.42889503,0.17501971,-0.14180057,-0.15552554,-0.67383265,0.0666405,0.47100228,0.33528075,1.1920583,-0.3482815,-1.659017,-0.46019146,-0.31398153,1.4191291,0.19814685,-0.24497253,-0.014115557,0.18912047,-0.3415722,0.4733898,0.4499636,-0.121250935,0.48793694,-0.24951142,0.12635705,0.18561402,-0.6464364,0.007808836,-0.5507782,0.13437715,0.3193615,0.14474659,-0.014436218,-0.7260862,0.35776976,1.0250608,0.21552555,-0.37886003,-0.059400827,-1.0035615,-0.15056096,0.017229125,0.059292782,-0.16579655,-0.35228154,-0.09508006,-0.035507374,-0.09249106,-0.3065862,-0.582045,0.11694303,0.02598196,0.011159138,0.34110564,-0.1718113
107,neutral,0.14049485,0.022302445,-0.060421996,0.042876434,-0.16137564,-0.08862769,0.17691039,0.04092412,-0.18665838,-0.40539366,-0.27552217,-0.17656557,-0.3347185,0.48698342,-0.019782636,0.096028045,0.3831057,-0.037584998,-0.19397688,-0.004235768,0.05825848,0.1934167,0.34535035,-0.039267603,0.2412519,0.124181286,-0.09370541,-0.15752007,0.16930526,0.14681487,0.08990234,0.16445842,0.2491804,-0.19714278,-0.013378729,0.2519429,0.115129195,0.22929141,0.3435171,-0.3270821,-0.008726239,-0.14346336,-0.13371275,-0.04039779,0.059331574,-0.08927944,-0.289618,-0.3032133,0.084581524,-0.39649603,-0.15603523,-0.052832797,-0.29382566,0.2330473,-0.26692536,-1.0075277,-0.4981105,0.014882685,0.35387602,0.23539889,0.037535794,0.18927382,-0.0010107919,-0.05844715,0.068544626,-0.48138288,0.3669635,0.34031674,0.22395363,-0.13304931,0.119923495,0.21186516,0.18575743,-0.13182652,0.026489668,-0.08216997,-0.0602958,-0.16596724,-0.3302422,0.21294752,0.17012902,-0.11068165,-0.3720994,0.00918184,-0.4765489,-0.03828714,-0.15070125,-0.32935002,0.0853526,-0.16824476,0.32031888,-0.2390718,-0.15761878,0.2325491,-0.17112558,-0.21930054,0.056628156,-0.25031698,-0.040462185,0.3881038
108,neutral,-0.49401534,0.021317516,-0.08961905,0.020652357,-0.017866172,0.016883377,0.1999993,0.088116124,-0.13267507,0.5002618,0.2607131,-0.1443093,0.3396968,0.26139274,-0.018730355,0.035665978,0.051495977,-0.3248164,-0.4741758,0.118032634,0.4520621,-0.30912653,0.105986185,-0.09673779,-0.15756525,-0.03001571,-0.14661504,0.09572353,0.27995968,0.053706013,-0.1288876,-0.03951058,-0.2169643,-0.036248542,0.25130087,0.098040104,0.069339454,0.191313,0.16442917,0.0559169,-0.33644715,-0.025988884,0.36839098,-0.056996614,0.45393142,-0.07642593,-0.086865894,-0.065430604,-0.05737211,-0.28927565,-0.12651324,0.19369818,0.01454847,0.97222245,-0.16635706,-1.3739461,0.08216857,-0.26698685,1.4721426,0.4574247,-0.065136105,0.62067276,0.10503957,0.051525008,0.52335346,-0.018615816,-0.29497918,0.19171827,-0.06832386,0.46395668,0.18046835,-0.7745871,-0.31071153,-0.2430327,0.17491293,0.24198851,-0.18671966,0.25578165,-0.74060786,0.09977437,0.5872029,-0.22098845,-0.072874404,0.19688159,-0.76743346,0.06386595,0.34051257,-0.11496363,0.07197469,-0.066814564,0.054729726,-0.0047218166,-0.13251546,0.16127665,-0.46796924,0.11700637,0.020718267,-0.030373843,0.21851772,-0.0193067
109,neutral,0.16703758,0.006466861,0.33989915,-0.37208375,0.045733023,0.0739679,0.045746427,-0.027682964,-0.25753817,-0.14465165,0.017439056,0.08603675,-0.16053243,0.09561051,0.1588004,-0.2668305,0.26963785,0.2942329,-0.12530598,0.21760367,0.2858315,0.10417483,-0.052798964,0.19057325,0.49934456,0.36412632,-0.43548232,-0.42687201,0.5970531,-0.18609549,0.17588042,0.57522416,0.29424664,0.21782045,0.19017886,-0.02392265,-0.08699321,0.062968574,0.1947123,-0.07804592,-0.15313786,-0.12006226,0.24222545,-0.17165448,-0.10779946,-0.06896862,0.27588752,-0.11854962,-0.4390249,0.17537712,-0.19342794,0.4199093,-0.30155823,0.4321196,-0.23092835,-1.6651882,-0.29866984,0.20472987,1.171697,0.45728523,0.05373663,0.7303126,-0.22193258,-0.02902846,0.33219236,-0.048712604,-0.0016453395,0.14101833,0.09875611,0.22203276,0.31085345,0.10197631,-0.16073506,-0.76540196,0.14545609,-0.17902948,-0.3606353,0.30227542,-0.5188219,0.11122163,0.12226375,-0.038502615,-0.6701177,0.18946563,-0.37335432,-0.10819768,-0.21670718,-0.07035756,0.14657669,-0.5223764,-0.26875553,-0.4739465,-3.7043117e-06,0.18696703,-0.37401,0.28503639,-0.3934474,-0.30446815,0.3013115,-0.026835449
110,neutral,-0.18478686,0.25593278,0.32243335,0.0047060424,-0.075534515,-0.18590325,-0.07934392,-0.08968885,-0.09500775,0.023252985,-0.047102086,-0.05004104,0.05934059,-0.09732684,0.11484754,-0.19030367,0.079535335,0.016148144,-0.2099023,-0.023017148,0.13158654,0.090099335,0.0012602784,-0.14895219,-0.07434967,-0.028230868,-0.1621615,-0.19245633,-0.05256789,-0.0924833,-0.062477604,0.22562364,-0.20037524,-0.06598664,-0.12761788,0.009955963,-0.04893395,0.0069008893,-0.062299065,-0.25087452,-0.3705599,-0.16466159,0.06516589,-0.16008532,-0.064915895,-0.058896367,0.26731852,-0.0603539,-0.237953,-0.6547552,0.036684107,-0.06829656,0.01807235,0.79681444,0.00034951282,-1.7396673,0.12828746,-0.076271504,1.2951337,0.35607767,-0.18785618,0.5331097,-0.2695335,-0.08240836,0.5217746,0.024365013,0.028212585,0.09449933,0.28543347,-0.107908815,0.046085246,-0.008963708,-0.12973936,-0.26465896,-0.028439924,-0.017057799,-0.19062382,0.08224932,-0.6521971,0.085932545,0.42787397,0.0574278,-0.3814787,0.06542836,-0.9769942,0.020623755,-0.009083993,-0.13142875,-0.17242824,-0.2792806,0.2663494,-0.036670253,-0.1621631,0.027356027,-0.2769883,-0.02141889,-0.037650723,-0.21034704,0.284533,0.09520737
111,neutral,-0.23803759,0.080406934,0.20935647,-0.08352313,-0.049727395,-0.15045425,-0.027213734,-0.12584569,0.13213359,0.17169565,-0.036095925,0.023888761,0.121689014,-0.16789205,0.04821866,-0.18107441,0.03526782,0.03080848,-0.17005607,0.1137494,0.26331672,-0.12585,0.17528509,-0.20095682,-0.03509751,-0.081850946,-0.07220168,-0.20478904,0.09627828,-0.07780211,0.050852858,0.37983665,-0.2066899,-0.09353439,0.01678491,-0.05324004,0.16537212,0.11182656,-0.112176426,-0.1289834,-0.40010083,-0.015778808,0.14076956,-0.2308083,-0.05340713,-0.2808813,0.2683286,-0.123080045,-0.15151228,-0.48151085,0.15513574,-0.06331286,0.13193674,0.76462704,0.18398057,-1.7302141,0.16545121,-0.011092823,1.020191,0.3648497,-0.05974046,0.3201893,-0.24058492,-0.115722604,0.61174864,0.19612713,0.26822302,0.22231427,0.044049427,0.01900265,0.16487062,-0.14682253,-0.1959086,-0.24048917,0.029398533,-0.09770384,-0.15174997,-0.025261771,-0.654237,0.08832811,0.45262852,-0.0029673167,-0.36487535,0.048426487,-0.944295,0.10748125,0.1837781,0.010302639,-0.032138895,-0.37010986,0.049632844,0.03918028,0.02631336,-0.039925955,-0.17966145,0.11799128,0.029612036,-0.21148168,0.31412676,0.1964757
112,neutral,-0.1947179,0.24103479,0.110107034,-0.005811901,-0.0037381088,0.06613692,-0.07349327,-0.3306627,-0.033625472,0.4375375,-0.01031887,-0.12336449,0.18773936,0.08131026,-0.05063101,0.03403257,-0.10444037,-0.15487795,-0.24549818,0.012182349,0.38616908,-0.27124485,0.17118305,-0.18638249,-0.047993883,0.057603437,-0.18767041,-0.31238157,0.18748492,-0.01842048,0.014110288,0.23763543,-0.1512253,-0.1130702,0.22243497,-0.00830841,-0.036909275,-0.17649414,0.15057269,-0.07563559,-0.2393379,-0.017394781,0.09254662,-0.19032171,0.05973035,-0.18865295,0.19221663,0.074527174,-0.17491476,-0.36985254,0.06021626,0.09369351,0.0840768,0.89578575,0.1551455,-1.5557479,0.042151596,-0.06480232,1.2119038,0.38705167,-0.03910908,0.4207273,-0.0071632382,-0.23872371,0.6320764,0.14655721,0.19697073,0.11189047,0.09271098,0.115332566,0.14632808,-0.34758168,-0.2518904,-0.120900646,0.00048016317,-0.21772528,-0.06185928,0.035831235,-0.64446706,0.10678634,0.54078704,-0.064581774,-0.2201962,0.087540925,-0.9750946,0.18433075,0.027824942,0.01427507,-0.14469829,-0.24676593,0.022228975,-0.08403128,-0.11632658,0.20818198,-0.2765696,-0.19515626,-0.08864982,-0.25192723,0.39308628,0.17557426
113,negative,-0.04256507,0.22283214,0.12283859,-0.17849371,-0.026100548,0.20825006,-0.08006653,0.17525221,-0.08038596,0.26799062,0.03243172,-0.008997853,0.24554908,0.3126942,-0.027422825,-0.16050923,0.102972604,0.014371002,-0.4178283,0.24200797,0.37160918,-0.28074634,0.100419715,-0.031882085,-0.02521557,0.01446243,-0.2973463,-0.28935182,0.16224833,0.06687817,-0.12431512,0.3770103,-0.044220757,0.011103171,0.10407401,0.06734393,-0.16030806,0.1376584,0.27071244,0.027795076,-0.3169729,0.02953968,-0.0925429,-0.2425321,0.25514844,-0.048479617,-0.102942266,-0.1735176,-0.14185977,-0.44785038,-0.11330854,-0.080998704,-0.10019501,0.8482979,-0.10578054,-1.6907705,-0.18946585,-0.1452858,1.4024953,0.38959277,-0.028412854,0.4597185,0.005131627,-0.1096465,0.49460953,0.028293315,0.19688536,0.18762985,0.007836851,0.05899932,-0.03447106,-0.27683368,-0.21427673,-0.28918907,0.10805844,0.23247927,0.011878517,-0.008495483,-0.5356446,-0.13854492,0.6066024,0.03947108,-0.31712458,-0.14695029,-1.0268272,-0.20204599,0.15960522,-0.07288696,-0.06912768,-0.13835956,0.0115140285,-0.09284634,-0.012148508,-0.16011663,-0.43788683,0.065772854,-0.09009578,-0.19574285,0.17712441,-0.022398537
114,negative,-0.030043164,0.10120754,0.3452603,-0.2323756,0.16613686,0.3389817,-0.08776374,0.06145454,0.13765028,-0.018502772,0.13860908,-0.09115884,0.0851063,0.030218862,0.17290199,0.15445924,0.16190426,-0.054937247,-0.20723575,0.21760714,0.2994697,-0.060721472,0.0709165,-0.13357721,0.19075854,-0.029288888,-0.14991106,-0.23940031,0.16953461,-0.16056824,0.24397723,0.34756362,-0.05979558,0.15648393,0.10754557,0.20023653,-0.14956914,0.017827783,0.065706156,-0.15075849,-0.1740978,0.021849921,-0.039311312,-0.020415997,-0.03653227,-0.0099108815,0.0075753676,-0.34931424,0.091406316,-0.5760317,0.13780245,-0.085055456,0.113614336,0.6982551,-0.07457978,-1.9800079,-0.16206282,0.030984994,1.2314231,0.18930863,-0.16860074,0.7479917,-0.10649818,-0.18158144,0.6775097,-0.09285786,0.55198675,0.21425228,-0.07030742,0.024321169,0.03294397,-0.116721526,-0.18239969,-0.10839008,-0.020402072,0.02225192,-0.1236173,-0.00162049,-0.44570163,-0.041891582,0.38406497,-0.057014536,-0.069497235,0.11536241,-1.1565697,-0.0920616,0.05766601,-0.20496252,-0.028218845,-0.19100372,-0.049227092,0.06355615,0.058876738,0.004665442,-0.19123042,-0.17121518,-0.065896526,-0.154987,0.3708137,0.06581861
115,neutral,-0.024965746,0.16379969,0.67882264,-0.07815942,-0.42834115,-0.027852258,-0.10472896,-0.21990699,0.2753826,0.04718221,0.14043155,0.38743293,0.3697393,-0.06962823,0.10471111,-0.105808236,0.101776265,0.4170956,-0.4016438,0.58390397,0.056384914,-0.25474936,-0.20229663,-0.5187794,-0.26626706,-0.0023074504,0.24123251,-0.50881904,0.16741934,0.055558275,0.08625873,0.41403535,-0.07525306,0.09152168,0.120886154,0.10795385,-0.30044436,-0.06664155,0.07844697,-0.35228446,-0.44592294,0.14392702,0.1669659,-0.32663444,-0.27768326,-0.18221764,0.36085516,-0.40414956,-0.33901352,-0.9977427,0.6225585,0.09247003,0.29581934,0.5944332,0.035212323,-1.8924774,0.05078771,0.13036753,1.1603328,0.12998861,-0.2598802,0.5991977,-0.33844835,-0.15188666,0.7421532,0.14777295,0.3385417,0.503237,-0.31046975,0.014396171,0.037477147,-0.23590028,-0.14877908,-0.5783916,0.49091002,0.009606387,0.09894945,-0.46137503,-0.7876837,-0.06157254,0.12470399,-0.0023147676,-0.30439255,-0.07028584,-0.9551536,-0.48850745,0.11653417,0.14390999,-0.19872406,-0.09884251,0.08896109,-0.15583348,0.108408585,-0.15010446,-0.38704196,-0.115146644,-0.4177519,-0.14774808,0.1253105,0.3265442
116,negative,-0.20182465,0.24646579,0.14210436,0.18155575,0.10682171,-0.26412335,-0.25241366,-0.04857372,0.010376621,0.49387944,-0.07837147,-0.1355939,0.30336648,-0.10208705,0.13368191,0.05750422,-0.33499,-0.2721369,-0.42485124,0.11130739,0.3399413,-0.1298919,0.1807908,-0.19576333,-0.047520507,-0.122637056,-0.06483221,-0.014521927,0.23086353,-0.09989585,0.12263641,0.09957467,-0.057442155,0.08632583,-0.028293906,0.08850574,0.17221802,0.0022132525,-0.25837174,0.18255329,-0.42730704,-0.08321071,0.3299506,-0.06512894,0.2461012,-0.29222342,0.44264466,0.130671,-0.041345757,-0.30645376,0.34622806,0.124301665,0.16931754,1.0420761,-0.11814437,-1.8070469,0.036239248,-0.2726037,1.4233376,0.24225925,-0.12264958,0.3804179,-0.065255545,-0.15429212,0.4955413,0.09754219,-0.17538136,0.100926384,0.013454418,0.13868569,0.28097698,-0.43786198,-0.24777013,-0.34500837,0.20851532,-0.11030191,0.007712336,0.04727907,-0.77595407,0.034993857,0.7829748,0.10583583,-0.19947635,-0.1582451,-0.9632984,0.050355736,0.09401417,-0.019743491,-0.011015315,-0.11531156,0.11943371,0.15709728,-0.31147933,-0.11866203,-0.54646367,0.12901916,0.10026053,-0.12421895,0.6781236,0.28498667
117,neutral,-0.12640499,0.13941301,0.3261314,-0.20961975,-0.036376532,-0.12912174,0.0013765949,0.17957163,0.009553063,0.07877201,0.1561017,-0.08772883,-0.016596325,-0.11575266,-0.044964865,-0.2464657,0.0025156988,0.1202692,0.030610764,0.13368279,0.36019754,-0.027422028,-0.06776753,-0.047034994,0.20388201,-0.02010179,-0.22061604,-0.33614624,0.25228837,0.05264009,0.0409049,0.28865385,-0.010030634,0.119020924,-0.040246654,0.30551356,0.07918738,0.036410548,0.12786752,-0.24838845,0.16137274,-0.19918877,-0.09716429,-0.20577033,-0.06687491,0.10913144,-0.056035984,-0.20924968,-0.16818105,-0.6754599,-0.014884645,-0.023350155,-0.10639937,0.7118488,-0.09364235,-1.3583704,-0.1415591,0.14358887,1.0391682,0.24430396,0.13551526,0.31826264,-0.20837423,0.12331285,0.4345543,0.17264776,0.364076,-0.16780004,0.27953705,-0.08722746,0.05596612,-0.15690266,0.008942806,0.006399623,0.0004041092,0.14372033,0.22703095,-0.14339079,-0.39238307,-0.120994,0.28591233,0.019404503,-0.14602344,-0.13036251,-0.567406,-0.30385146,0.042094596,-0.3393562,-0.22880387,-0.15678613,-0.06893037,0.06756494,-0.031053863,-0.030597987,-0.35841155,-0.022673525,-0.02537035,-0.14706923,0.49967515,-0.12805068
118,neutral,-0.23381047,0.054183748,0.19177322,0.11214868,-0.028181639,0.044110626,-0.13628434,0.06255553,0.14923,-0.075188234,-0.11273603,0.09459788,0.03333268,0.15672404,-0.050117847,0.050339136,-0.025001628,-0.2139959,-0.19922377,-0.034496177,0.13240755,-0.14695601,-0.066485465,0.030835485,0.02826802,-0.055672325,0.0857548,-0.12479136,0.26840422,-0.20040607,-0.2718521,0.08812007,-0.0053778645,0.031473394,-0.029331172,0.21197192,0.18100391,0.0013344826,-0.11372959,-0.17687078,-0.37534183,0.048305795,0.09130137,-0.14774883,-0.11546996,-0.12201015,-0.120959796,-0.0023633218,-0.11130583,-0.3344394,-0.07541925,0.05985507,-0.04903066,0.5035785,-0.18383834,-1.0144792,0.0010806938,-0.1589536,0.6399583,0.014873232,-0.1730224,0.12797391,-0.14392415,-0.3824887,0.4551375,0.048156377,0.035746895,0.31658044,-0.17879464,-0.00032615304,0.16776027,-0.16943055,-0.33731395,-0.60004956,-0.06746637,0.09694207,-0.09447473,0.080264375,-0.41191697,-0.17219485,0.14822473,-0.24273622,0.17629853,0.028134683,-0.78092694,0.09428582,-0.050690882,0.12053304,-0.06363755,-0.3068423,0.0780371,0.06841147,-0.2169871,0.20251568,-0.007760457,-0.02170529,0.09033402,-0.11318064,0.25643557,0.22401741
119,neutral,-0.17813614,0.4054664,-0.20521528,0.3683833,-0.03372714,-0.3809597,-0.1494592,-0.04908142,-0.09987377,0.36198485,-0.16693959,-0.37215292,0.016955428,-0.13671547,0.09716595,-0.29079702,0.30150217,-0.0754695,-0.37047812,-0.027966732,0.11553667,0.059259165,0.30511528,-0.055607397,0.41350615,0.30432537,-0.055782326,-0.30958048,-0.039998192,0.16038197,-0.3727761,0.45573434,-0.35682702,-0.11791146,-0.12191475,0.20920208,0.50551814,0.14002949,-0.37681043,-0.15753222,-0.21249045,-0.41558823,-0.114569314,-0.07587208,0.3004058,-0.039799657,0.2047967,-0.09327134,0.06505563,-0.6518955,-0.14362624,0.1836584,-0.15136753,1.0143365,-0.00010730796,-2.0607564,-0.08937744,-0.28054547,1.816198,0.16879946,-0.21772021,0.3570076,-0.3355692,-0.049190175,0.5912789,0.0022310729,-0.03823767,0.3845296,0.36004418,0.023712538,0.5570166,-0.3932047,-0.14755446,-0.5198725,0.07021006,-0.20508164,-0.45128724,0.18173835,-0.6256834,-0.12724626,0.81317556,-0.10134791,-0.079880476,0.39213994,-0.9777,0.11600401,-0.02979695,-0.13253342,0.30770046,-0.03387257,-0.32404152,0.3862606,-0.17264855,-0.35969383,-0.4365074,0.117734626,0.20267403,-0.08599753,0.55380785,0.2780331
120,negative,-0.10891281,0.31000218,0.266141,-0.15144078,-0.0076501095,-0.009395213,-0.062882654,-0.018433444,-0.029282955,-0.021996044,-0.014694881,0.0459722,-0.022064468,0.050856255,0.08443911,-0.020452525,0.20463057,0.013758759,-0.17325726,0.0072474377,0.09713894,-0.09836617,0.079666056,0.037659504,-0.054009244,-0.025493331,-0.20246585,-0.1774044,0.124568634,-0.10711993,-0.003892233,0.13838398,0.009275253,-0.034678433,-0.042018674,0.16093491,-0.03716375,0.040202685,-0.005778693,0.07587385,-0.3863685,-0.28886873,-0.13560966,-0.10856507,-0.07818223,-0.13517043,0.081629835,-0.041733522,-0.2290935,-0.40846464,-0.06342418,-0.078431875,0.12725931,0.6230771,-0.09094312,-1.6252706,0.022220282,-0.05003738,1.0966874,0.27033305,-0.13294898,0.24232733,-0.106941625,-0.124882594,0.70268726,0.15448838,0.09078391,0.02238219,0.15860336,-0.15506156,0.09107651,-0.058798317,-0.3249464,-0.32102418,-0.15205756,0.003752515,-0.020532468,0.11465647,-0.52923846,0.08052932,0.25603646,-0.008385727,-0.0126583,-0.066306,-0.6562795,-0.07089116,-0.23564802,-0.13790429,0.17012523,-0.2722527,0.018119052,-0.04346569,-0.016693652,0.063953534,-0.09595927,0.066089004,-0.043631244,-0.047792047,0.47442448,0.112350814
121,neutral,-0.09709691,-0.0075858952,0.2925009,-0.34449032,0.06310722,-0.07194868,-0.06387287,-0.07115777,-0.14884175,0.055859692,0.09256839,0.009503535,-0.059497993,0.009832523,0.034600306,-0.07245854,0.041113097,-0.23201106,-0.38840145,0.07882036,0.26896924,-0.13631803,0.1845115,0.025264079,0.05860852,0.10542159,0.048092257,-0.20971076,0.14582115,0.081051186,-0.04440021,0.18810202,-0.09714816,0.2586865,-0.03924144,0.043040764,-0.042966396,0.030898817,-0.024982471,-0.1400094,-0.6853714,0.04311499,0.14556095,0.06938274,0.20647752,-0.12569275,-0.0071967593,-0.28693905,0.041341063,-0.21201646,0.27408066,0.044850133,0.031510837,0.6137164,-0.098082766,-1.7314408,-0.09241339,-0.18766467,1.1797216,0.35180548,-0.18564413,0.44862497,-0.10665065,-0.31827924,0.5875809,-0.116754614,0.087037355,0.2825318,-0.21512121,0.091821484,0.053500727,-0.031743135,-0.2783841,-0.29161635,-0.009479865,0.017658764,0.16324604,0.07567559,-0.6878554,0.10059741,0.5463966,-0.14321183,-0.08420167,0.04045915,-0.86476606,-0.06285569,0.04332401,-0.05030125,-0.16187587,-0.4032077,0.06934244,0.02097397,-0.07383558,0.115790315,-0.23113717,0.39745715,0.059780106,-0.071135886,0.29526114,-0.051852874
122,neutral,0.09189914,0.12396381,-0.26927084,-0.35966668,0.7339884,0.08489645,-0.34606823,0.07211216,-0.4310235,-0.059405547,-0.20289609,-0.37122488,0.36362532,0.06714634,0.15414035,0.48710048,-0.027978191,-0.014038741,0.22693907,-0.29397655,0.09316085,-0.008562396,0.3080916,-0.67093253,0.5724698,-0.10400062,0.23896106,0.05558851,-0.09230289,0.05944416,-0.104171194,0.33002263,-0.15586087,0.14458443,-0.2010244,0.28199032,0.006449614,0.098976664,-0.10857117,-0.26534462,-0.123170935,-0.47622845,-0.27636042,0.025297718,0.04599478,-0.07763706,0.18556829,0.17288505,0.39236912,-0.061829206,0.11600669,-0.29720277,0.39929762,0.64193493,-0.31106833,-2.2610247,-0.20515633,0.1318784,0.7261886,0.044647403,-0.12491565,0.9807086,-0.6033807,0.01098955,0.7662262,-0.09835464,0.44211861,0.13826089,0.16483608,-0.007797541,0.10402842,-0.09399975,-0.29903316,-0.39517513,-0.021040339,-0.063277304,0.38689086,-0.031733565,-0.518513,-0.2713543,0.16469112,-0.027241524,0.35477078,-0.0982329,-0.7079699,-0.38661388,-0.2795522,-0.028652864,0.33450562,-0.17160292,0.42019528,-0.168945,0.4869134,0.038814977,-0.51610565,0.10587067,-0.35056442,-0.2000594,0.23046345,0.16117683
123,negative,-0.16653493,-0.02618339,0.28747585,-0.20676632,-0.13694635,-0.30864793,-0.2122828,0.05639536,-0.08496202,0.025844082,-0.012700515,-0.048103083,0.045183145,0.02040438,0.13637537,-0.06788813,-0.024485677,0.009262391,-0.2443544,-0.120113924,0.17229483,-0.04743965,-0.21156347,-0.06925599,-0.0740322,0.19991739,-0.11763433,-0.09594212,0.13409726,0.01079434,0.07855859,0.3611467,-0.233784,-0.04774134,-0.24608728,0.21045047,0.043896206,-0.024165357,0.09412921,-0.14825793,-0.15462394,-0.3691384,0.057885706,-0.16453551,0.021383978,0.1258509,-0.013856305,-0.032687422,-0.16690943,-0.5397859,0.124634966,0.12475474,0.07408157,0.67329633,0.0022812951,-1.5072808,0.12855175,-0.24354772,0.7544948,0.15572833,0.12439122,0.2074333,0.038237754,0.015252614,0.4830945,0.031365994,0.3400917,0.2534323,-0.015729023,-0.10976871,0.17399919,-0.028328547,-0.037850305,-0.2831337,-0.06784825,0.026315467,-0.07090527,0.22293468,-0.40349996,0.04150738,0.60803854,-0.07101199,-0.25529552,-0.021817466,-0.5126808,-0.3803827,0.0031918015,0.22012603,0.044522725,-0.36934558,0.007554486,0.042571045,-0.19958563,-0.07187641,-0.3506407,0.13756394,0.23706222,-0.072875895,0.13693991,0.13893718
124,negative,-0.27991733,0.25977057,0.31271544,-0.14037369,-0.20404059,0.21192893,-0.29753932,-0.06615608,-0.011073861,-0.11915556,0.061697837,-0.05250387,0.1468402,0.21542397,-0.04864815,-0.25733623,0.27317137,0.2101711,-0.47514194,0.108955584,0.056447167,-0.07808757,0.17763767,-0.18041445,-0.13260646,-0.03798641,-0.15723981,-0.42305273,0.109278776,-0.23360533,0.017314449,0.5500544,-0.1102646,-0.11630864,-0.03268277,0.36922845,-0.062810905,0.12908453,0.0780212,-0.06332303,-0.34486708,-0.10061831,0.009048415,-0.32529283,-0.4152078,-0.21069382,0.033903494,-0.13204125,-0.11074673,-0.530673,0.28502846,-0.12409888,0.05814778,0.7136291,0.005901473,-1.5447043,0.07088873,-0.04065011,1.0448537,0.46731174,-0.068198286,0.51173484,-0.05716389,-0.20028132,0.6616294,-0.078046195,0.61632407,0.40420532,0.05529494,-0.01790331,-0.12700528,-0.039941438,-0.049245413,-0.32200038,-0.008716179,-0.037232913,-0.23844376,0.121543236,-0.49144387,0.11721216,0.35266396,-0.02922922,-0.29787797,-0.26610982,-1.2229624,-0.19220003,-0.23550987,-0.017568301,-0.025350196,-0.47792363,0.075568885,-0.20397782,-0.051156633,-0.06114434,-0.20472264,0.089713976,-0.19534485,-0.4274648,0.18320127,0.17870727
125,neutral,-0.2010214,0.4667566,0.50696254,-0.26058704,-0.37220454,0.3523895,-0.45431036,0.31972766,0.3046854,-0.38862512,0.15828158,0.16645914,0.20150821,-0.055068273,-0.3715094,-0.35381514,-0.098848216,0.468327,-0.79794264,0.3677693,-0.052453604,-0.20243306,0.004683784,-0.6178777,-0.36910972,-0.053559337,-0.18120119,-0.32638907,0.7695676,-0.13237134,0.098489836,0.7404056,0.0026426646,0.4606433,0.18860771,0.5738254,0.02642848,-0.054705556,0.47027692,-0.50906265,-0.5999563,0.040721983,-0.10961737,-0.368136,-0.7503995,-0.4899709,-0.030197347,-0.32229337,-0.113409236,-0.98656315,0.37262285,-0.018430123,-0.037471578,0.8586683,0.06301656,-1.4785111,0.15701504,-0.089904815,1.3165752,0.24416085,0.056426723,0.6658667,-0.4828328,-0.6502862,0.7542868,0.29917064,0.41219938,0.67044765,-0.2933305,-0.40057242,0.22691995,-0.38302118,0.17954321,-0.68894124,-0.13390939,0.077863336,-0.1979756,-0.10346477,-0.24964608,-0.42424494,0.73815393,-0.2821488,-0.44941792,-0.06675899,-1.6929086,-0.19207829,0.0034852293,0.18786325,-0.22422484,0.12655643,0.03602091,-0.112034164,-0.2426491,-0.42378017,-0.5456367,0.053990323,-0.23917717,-0.52770144,0.37522048,0.48291743
126,negative,-0.24064726,0.20982581,0.30051583,0.003591364,-0.06321751,-0.10779644,-0.14397343,-0.17477845,0.09782075,0.00053618796,-0.05078533,0.034054916,-0.054950986,0.030985031,-0.034479547,-0.32868072,0.029087028,0.08017062,-0.33412606,0.13591951,0.13227078,-0.08088042,0.064028464,-0.04283545,0.09899027,-0.0162107,-0.13527083,-0.2935294,0.10159867,-0.1581199,0.108644135,0.25153732,-0.15727468,-0.05783221,-0.105700284,0.16999425,0.11011993,0.11370113,-0.11301924,-0.057761844,-0.23015408,-0.07240906,0.029461652,-0.024913162,0.027739232,-0.051894445,0.14497538,-0.07102714,-0.18631397,-0.43382776,0.052879732,-0.08187447,0.12790462,0.6959777,0.014068967,-1.3936571,0.02282863,0.0075072963,0.83557814,0.12312636,-0.061482728,0.3058917,-0.119732164,-0.040662512,0.35632873,0.11056175,0.27947965,0.26187187,0.046695255,-0.23963869,0.07543972,-0.25140885,-0.29421678,-0.17611507,0.034424495,-0.0036237254,-0.1578055,0.21862127,-0.5437098,0.04087027,0.3604513,0.09720575,-0.21153615,0.058088984,-0.7247259,-0.07622558,-0.027196024,0.03193038,-0.07461896,-0.63201135,0.06481495,-0.0984061,0.037978493,-0.068127,-0.31183267,-0.044428185,0.12057965,-0.289924,0.2509298,-0.015600179
127,neutral,-0.19920062,0.26425087,0.35754034,0.066274725,0.476202,-0.37921867,-0.22333227,-0.044373296,0.34555307,0.17939374,0.08530671,-0.17772889,0.10530373,0.059953548,0.26808164,-0.17252812,0.20935026,-0.048797335,-0.13971302,0.012049331,-0.10772912,-0.04779804,0.4932956,-0.060580537,-0.0063193645,-0.33551487,0.2819259,-0.060788244,-0.11115777,0.23676409,-0.15121795,0.41770673,-0.16992827,0.05014052,0.33796906,-0.18799077,-0.17072919,0.11432174,-0.04826497,-0.10407008,-0.28791723,-0.3076216,-0.12323607,-0.032011874,0.095931835,0.033831727,0.3921275,0.17563294,-0.015785675,-0.20814921,0.100285724,-0.006127582,-0.016059171,0.73718697,0.15007253,-2.1407554,-0.22329962,-0.35548168,1.5697399,0.21964501,-0.03920194,0.24885525,-0.024811057,-0.14948265,0.545619,0.23316365,0.027895484,-0.1310907,0.48048812,-0.053250633,0.1862204,-0.2030863,-0.0067729712,-0.38307646,0.2747147,-0.43446022,0.048257977,0.35855302,-0.5695349,-0.18813802,0.52839875,0.32014626,-0.35139388,0.24075212,-1.0149132,0.1655779,0.09845506,-0.25058714,0.19320476,-0.09249231,0.07134305,0.24447681,-0.070579626,0.09062262,-0.26981536,0.07687274,0.1640405,-0.08327243,0.6466377,0.25468254
128,neutral,-0.19016331,0.25750962,0.27678072,0.18263274,0.106967986,-0.46862006,-0.027389843,0.0120634725,0.0574856,0.42883146,0.06701339,-0.28143317,0.2674964,-0.011869238,0.014018695,-0.030059189,0.18828247,0.14354885,-0.06028855,0.011243889,0.35181415,-0.113385096,0.25675783,-0.023800487,0.15771817,-0.12470303,-0.14929208,0.16489351,0.03865089,0.035952546,-0.20026056,0.19414772,-0.15368682,-0.06465082,0.103940085,0.09429034,0.1511495,-0.15748389,0.11918664,-0.05694306,-0.25493634,-0.2632269,0.01884872,-0.010115698,0.39430815,-0.17830451,0.16335814,-0.15724668,-0.12870543,-0.34624827,0.074606754,0.38407263,-0.009650573,0.84410906,0.072115794,-1.4182056,-0.08300828,-0.10577146,1.4119604,0.092405744,0.075071745,0.22338192,0.07362262,0.3522382,0.2974396,0.03210829,0.015441879,0.0024680335,0.12478204,0.04100414,0.20191352,-0.35182965,0.17514731,-0.10981899,0.10317886,0.07611508,0.12881726,0.20978221,-0.75676113,0.11049927,0.7142455,0.07602743,-0.23926717,0.1607028,-0.76320624,-0.23777722,0.18564136,-0.018076278,-0.035546046,-0.10007647,-0.028057924,0.027032003,-0.19612789,-0.027677085,-0.2125242,0.09253184,-0.20457134,-0.074587196,0.3792632,-0.10791375
129,negative,-0.07405957,0.17625332,0.078505024,0.13065977,-0.041987374,-0.43535733,-0.1410908,0.103642136,-0.09162916,0.35896343,-0.14207213,-0.072430015,0.11073531,-0.03642153,0.08453753,0.0052398825,-0.3015225,-0.051498394,-0.37809256,-0.119382165,0.48208758,-0.1509358,0.21831262,-0.03928074,0.23763925,0.054050673,-0.22592264,-0.027117629,0.108889066,0.024539106,-0.18672056,0.012085786,-0.09597118,0.09027221,-0.10297343,-0.05660209,0.27295423,-0.19801618,-0.1360598,0.0994063,-0.41096696,-0.1703443,0.09137808,-0.0805417,0.3755399,-0.1387282,0.28766543,-0.117298745,0.07355072,-0.61244786,0.11134854,0.12442891,0.017270634,0.8703091,-0.15166484,-2.0667813,-0.026474299,-0.23419046,1.4955099,0.3751415,-0.15562099,0.32570714,-0.16903888,-0.1737492,0.5965375,0.12961644,0.012441669,0.010766364,0.02789416,-0.14528109,0.050631054,-0.29013094,-0.38134527,-0.4120614,0.14487933,0.03768255,0.028044157,0.039324112,-0.79792243,0.10163815,0.7906166,-0.010738802,-0.39741236,0.015940964,-0.8306525,-0.28296635,0.07727937,0.015616452,0.09604346,-0.25059965,0.034419175,0.13809413,-0.4004739,-0.009642205,-0.58686244,0.2245135,0.24309856,0.08597821,0.49660495,0.13764878
130,neutral,-0.08137987,0.15163839,0.30644748,0.029227681,0.0010891905,-0.3367222,-0.20053132,-0.09821142,-0.08063783,0.101569265,0.06204883,-0.07531998,0.047149155,-0.041433137,-0.050637886,-0.11744842,-0.027868375,-0.034856632,-0.15927483,-0.030787127,0.22156428,-0.22832379,0.08508721,0.016265579,0.051572137,0.21182616,-0.17255351,0.030169757,-0.047387853,-0.12582152,-0.04586131,0.29131415,-0.14587279,-0.11346269,-0.04300912,0.0052398504,0.021037955,0.14118752,-0.101958014,-0.09745643,-0.16216905,-0.2929839,-0.086482316,-0.016830299,-0.021053614,-0.040327616,0.17715514,-0.05673651,-0.08411158,-0.5361364,0.2692741,0.14398082,0.021652734,0.69885534,-0.07128496,-1.6116909,0.033303622,-0.27235696,1.1531396,0.20302485,-0.020051427,0.21174617,-0.05598947,-0.057242386,0.46973926,0.050312907,0.15879731,-0.043794006,0.2643112,-0.12395171,0.08801041,-0.12156903,-0.034666263,-0.18442112,0.03652248,-0.19978304,-0.027238086,0.006433908,-0.5873841,0.15340513,0.61905366,0.014834585,-0.1464992,0.060020696,-0.7905409,-0.14171931,0.08786918,-0.1746471,-0.022418326,-0.44422084,-0.08808454,-0.051303793,-0.12505625,-0.09349449,-0.33839983,0.11845388,0.024322333,-0.35678983,0.3086833,0.23403136
131,negative,0.051673733,0.016519448,0.20707366,-0.21659525,-0.1621027,0.16407318,-0.06840637,-0.060193527,0.20498407,-0.27414885,-0.011267472,-0.021429729,0.16927281,-0.085395694,0.1599078,0.024356624,-0.21931475,0.16424885,-0.029548904,0.34738857,0.4135594,0.10761465,-0.16877462,-0.02276874,0.15435871,0.22244608,-0.058030043,-0.117812455,0.079648055,-0.00036780897,-0.151846,0.342594,-0.11770292,-0.08052953,-0.031470582,0.25039428,-0.118539095,0.043258846,-0.03279877,-0.24254343,-0.03888558,0.08938842,-0.1983561,-0.19795902,-0.05948225,-0.13105929,-0.004939437,-0.050303698,0.2447803,-0.3321025,0.019832347,0.030452276,0.17356065,0.48890224,-0.253833,-1.18854,0.035498094,-0.014897784,0.38544723,0.11302375,0.022668479,0.41628078,-0.5127577,0.058502965,0.564037,0.045684535,0.41205838,0.05279194,-0.23570313,-0.16418427,-0.0715814,0.107239254,-0.031505924,-0.023518898,0.05265806,0.35556498,-0.17550975,0.00093838276,-0.22278567,-0.1593305,0.12748602,-0.1845244,-0.523221,0.008248229,-0.78558016,-0.330738,0.038338277,-0.034726866,0.06064484,-0.20775624,-0.11819691,-0.02922805,-0.08204985,-0.13643073,0.07768994,-0.2332609,-0.029265907,-0.2365821,0.015586942,0.23666115
132,neutral,-0.29587778,-0.024109827,0.20114124,0.08315809,-0.19409765,0.23627622,-0.19498938,0.09963181,0.22817063,0.47474468,-0.116030276,-0.040568106,0.31099892,0.013062276,0.012164241,-0.24818203,0.028008658,-0.24808365,-0.5161665,0.24632235,0.5090461,-0.15398736,0.26516718,0.027271902,-0.17311992,-0.31454742,-0.23996115,-0.23791304,0.119133405,-0.116527535,0.006078198,-0.122667134,-0.1128168,0.1892907,-0.043180585,-0.097413205,0.2326124,0.15521783,0.15429817,0.0067949425,-0.6648969,-0.15048063,0.041039824,-0.0626577,0.6502101,0.078401245,0.11273422,-0.10782222,-0.076274164,-0.43174562,0.042600844,0.012523567,0.013965177,0.80205697,-0.011274408,-1.3259156,-0.100090496,-0.47501037,1.5238432,0.3023497,-0.041444067,0.30467668,0.14962772,-0.16973814,0.5151093,0.0021491887,-0.21162099,0.13044584,-0.12304721,0.062546186,-0.03929671,-0.488591,-0.3783856,-0.45143256,0.33500716,0.16533644,0.17435531,0.4371322,-0.53450423,0.11416966,0.7530841,0.1085364,-0.4695767,0.18970582,-0.6825475,-0.1347584,0.1668521,0.11994994,0.07552539,-0.10951316,0.3139894,-0.11212473,-0.11008919,-0.048265755,-0.74096936,0.33879763,-0.077189736,0.27413535,0.40228793,-0.0054765153
133,neutral,-0.07880054,0.06476368,0.2579249,-0.35870638,-0.25683588,0.2846886,-0.01859672,0.20349132,-0.12408549,-0.21494286,0.06818276,-0.12463984,0.024376813,-0.13343544,0.13072726,-0.14600082,0.06939017,0.21193618,-0.23319738,-0.032152403,0.03007774,-0.1336824,0.086344585,-0.18550576,0.11690826,-0.1678025,-0.18289131,-0.2117071,0.27427003,-0.06363528,-0.2600953,0.30076972,0.009885412,0.09596218,-0.107448384,0.25136334,-0.18684205,0.0648042,0.2517411,-0.13241705,-0.29001516,-0.17237881,-0.047437027,-0.14963602,-0.1818413,-0.020998094,-0.086933516,-0.27991587,0.08418331,-0.5683715,0.07027831,-0.07493876,0.08983249,0.35251307,0.061897345,-1.6809356,-0.023641698,0.074909486,0.7136788,0.1548963,-0.25919285,0.5475262,-0.07841762,-0.032863557,0.32307887,-0.19970572,0.27393076,0.32633075,-0.3300199,-0.22498332,-0.032830946,-0.0559239,-0.2878328,-0.33007136,0.05311941,0.08015669,-0.14958504,-0.22616318,-0.16665453,-0.19047152,0.1000305,-0.3438188,-0.00310484,-0.0643345,-0.58190805,-0.098549224,-0.05067134,-0.06028179,-0.22545671,-0.19863369,0.10461307,-0.048314746,-0.08207876,-0.017190512,-0.2579588,0.030755917,-0.06395022,-0.13618606,0.24355458,0.26500943
134,negative,0.0059501175,-0.046062432,0.23166057,0.15001687,-0.016295634,-0.20318507,-0.13203448,0.1846339,0.12373448,0.45505902,0.056677822,-0.2196046,0.3052941,0.2173699,-0.05327856,-0.15686414,0.024610775,-0.2957364,-0.7792368,-0.082230516,0.4169769,-0.23432352,0.07198788,-0.03448581,0.03307377,0.07547893,-0.32024655,-0.0917665,0.6374323,0.017443,0.11380195,0.14665829,-0.3032579,0.24150121,-0.08720069,0.122089945,0.3109509,-0.22904843,-0.3121824,-0.003996645,-0.57185465,0.105073735,0.31734586,-0.023198854,0.2674888,-0.34537122,0.20367573,-0.020334993,-0.13160764,-0.5541729,0.28063303,0.14034483,0.22830085,0.8432262,-0.22934724,-1.4988493,0.08698065,-0.2653599,1.25922,0.2328712,-0.032881938,0.15944314,-0.09024572,-0.20536236,0.39178813,0.030247442,0.11983488,0.5222594,-0.36625934,-0.03335599,0.08515988,-0.4570027,-0.192964,-0.528332,0.024554886,0.25352293,0.028261008,0.13284427,-0.864996,0.11987853,0.7113566,-0.12495923,-0.29473695,0.05222997,-0.49054575,-0.0730831,0.180025,0.231154,0.20586267,-0.29001907,-0.031635933,-0.038333893,-0.2883281,0.2761673,-0.73177856,0.17453927,-0.03572838,0.13053143,0.4800296,0.11739778
135,neutral,-0.3638854,-0.11924003,0.10722531,-0.007984895,-0.024260534,0.03185067,0.1067874,0.16478696,0.06229586,0.19779533,0.12022686,0.085870795,0.26936734,0.16063088,-0.009488064,-0.11306034,0.33980772,-0.27617854,-0.54269314,0.36344737,0.39691678,0.012221409,0.14906365,-0.02816764,-0.06461598,-0.18471302,-0.18112731,-0.060768735,0.20147516,-0.15770099,-0.08083474,-0.039435998,-0.10494543,0.14675653,0.10700146,-0.07456357,0.20100959,0.20971374,0.42526272,0.07429695,-0.42318124,-0.15201753,0.2470375,-0.042639285,0.21409959,0.05305234,-0.07812947,-0.00028630238,-0.099684335,-0.27208653,0.018092742,0.1938603,0.12357353,0.9239291,-0.053046037,-1.4155898,-0.15442939,-0.18190788,1.4666265,0.33161333,0.04822317,0.5795868,0.15725212,-0.11367975,0.59668005,-0.050140057,0.07867959,0.24708629,-0.17000419,0.31227237,0.030902805,-0.605689,-0.09597506,-0.39427486,0.09171777,0.04669127,0.13002479,0.2879685,-0.6827619,0.13405202,0.4163681,0.21837403,-0.23074377,-0.05157035,-0.6181301,0.016193777,0.2457933,0.06949029,0.14417036,-0.16558088,0.12412787,-0.07041544,-0.00722135,0.23199414,-0.42304042,0.1477367,-0.09985417,-0.006477429,0.30474275,-0.007305617
136,neutral,0.06204054,0.12132934,0.029870968,-0.2505968,0.2685275,-0.35484716,-0.19913983,0.14795671,0.16086785,0.073021315,0.061350036,0.10330943,0.36610135,-0.07872222,-0.10383475,-0.17289919,0.20090543,-0.12308962,-0.053316746,-0.21013121,0.407064,-0.036138855,0.118416674,-0.05613925,0.007614868,0.047811676,-0.5231222,0.13144393,0.18100333,0.025768649,-0.25046927,0.070280984,-0.12737791,-0.011105637,0.050589483,-0.013301708,0.027927289,0.07766316,-0.032458123,0.17791182,-0.3458978,-0.35275644,-0.024181506,-0.0060895598,0.2756161,0.18236686,0.06781464,-0.13276571,-0.09602196,-0.1706306,0.17266028,0.35050434,0.14445685,0.659224,-0.40051916,-1.1989135,-0.0038486938,-0.22038904,1.3102483,0.41620815,-0.44029912,0.2342536,0.11433891,-0.047720455,0.101114765,0.1293188,0.20323463,0.07622387,0.09774043,-0.29129305,0.05642886,-0.25303134,0.3533859,-0.047881905,0.040202916,0.07220644,0.06369194,-0.10505871,-0.54918385,0.13335076,0.5818867,-0.04342183,-0.09041539,0.30924037,-0.48048866,-0.16369215,0.12763362,0.13879079,0.003303998,-0.27617985,-0.074482985,0.20342429,-0.4435478,-0.2980345,-0.26137993,0.29744554,-0.06039509,-0.07124841,0.28287226,0.058207452
137,neutral,0.053142633,0.33364102,0.27014557,-0.08464237,0.11527518,-0.70908445,-0.19356567,0.26330742,-0.05730835,0.11403239,-0.06384236,-0.075157106,0.22194408,-0.02262907,-0.024694627,-0.28128448,-0.24332818,-0.08395166,-0.21011388,-0.06775843,0.39083904,-0.20586099,0.24680385,0.21511093,0.2041459,0.08531482,-0.21623282,-0.25044918,0.2018273,0.052307423,-0.16820759,0.08987951,-0.25158224,-0.17020506,-0.15489587,0.2814017,0.111740835,-0.03082451,-0.19375832,-0.17740431,-0.2860408,-0.36042446,0.1233077,-0.18989567,0.21236195,-0.0010287331,0.007155149,-0.2941174,-0.015297833,-0.8612443,0.0014949944,0.029608889,0.07383523,0.96796703,-0.17681244,-1.9813542,-0.33938894,-0.25737396,1.6194594,0.4055997,-0.026022235,0.16698283,-0.26863745,-0.29011863,0.5277682,0.1531699,0.20980935,-0.0040869,0.16740343,-0.29849374,0.20538549,-0.18220311,-0.22275446,-0.1861851,0.087840945,-0.043470453,-0.11249075,0.0019804803,-0.75712013,0.09657378,0.6713967,0.116259955,-0.4537681,0.2421125,-0.92546225,-0.17012149,0.15854184,0.044369213,0.0026453028,-0.41696712,-0.046088383,0.17965624,-0.23603122,-0.13307731,-0.6455768,0.07814436,0.19258426,-0.060101833,0.4708794,-0.045363784
138,neutral,0.037690703,0.19488034,0.29078445,-0.06749313,0.1860126,-0.58073014,-0.4477361,0.05051241,0.053458214,-0.0049934434,-0.04852468,0.18519905,-0.039514784,0.028980596,0.069091946,-0.23702024,-0.024679689,-0.00699611,-0.107799485,-0.122207135,-0.014354281,-0.1501637,0.09575286,0.16793326,-0.13131942,-0.17068595,0.064380206,-0.32963103,-0.20465982,0.05490123,0.056774825,0.33471432,-0.32065028,-0.09859397,0.0375452,0.16964674,0.13371408,-0.10706951,-0.20396237,-0.2090009,-0.20816597,-0.34003943,-0.019756874,-0.014101528,0.24028164,-0.0917917,0.09655218,-0.15335952,-0.24824402,-0.6601369,-0.008810869,0.15002021,0.04445287,0.73234385,0.087791815,-1.5476484,0.048126467,-0.4406811,1.615492,0.27789465,-0.0019962566,-0.17435618,-0.41347918,-0.07761027,0.543741,0.071513265,-0.081073165,-0.015556213,0.591372,-0.2961558,0.15060514,-0.27529216,-0.10932383,-0.089334294,0.07482419,-0.011131371,-0.23191997,0.0631745,-0.78626513,-0.14606391,0.7736914,0.020844592,-0.04861796,-0.0015279575,-0.8361925,-0.10396595,0.055847872,-0.052307654,0.11070751,-0.41638908,-0.05264085,0.22965282,-0.17719942,-0.44609097,-0.28937256,0.21913217,0.27630866,-0.19373792,0.60362047,0.12769207
139,neutral,0.1275519,-0.25073498,0.47443995,0.076327816,0.057453696,-0.38196394,-0.55041736,-0.1936204,-0.069853924,0.18411562,-0.028423786,0.005936533,0.38247856,-0.34695396,-0.055495273,0.15488812,0.43484545,0.17821245,-0.18307403,-0.089132056,-0.20156132,-0.11533307,0.13275614,-0.95941794,0.05551342,0.23821963,0.01395783,0.08194694,-0.25779888,-0.57074124,-0.2849223,-0.3100214,-0.552858,0.18263449,-0.031386193,-0.17696741,0.256124,0.10275952,-0.072830796,-0.035371747,-0.2200005,-0.2861177,-0.16176881,0.27031428,-0.18370208,-0.13645332,0.35115793,-0.03645294,-0.011490291,-0.25777224,-0.07823031,0.31034163,-0.40500668,0.7386864,-0.22537273,-1.1203053,0.77790505,-0.2147627,0.79972416,0.0054067993,-0.26978913,-0.22681151,-0.69957167,-0.0115453405,0.17737056,0.30051452,-0.30263102,-0.21979403,0.655672,-0.10833571,0.34874752,-0.13305107,0.5133929,-0.033181198,0.4739168,-0.26577803,-0.17833889,0.02623365,-0.83347267,-0.01927876,0.50788176,0.15068899,0.37520462,0.5797356,-0.64262444,0.44785467,-0.013192725,0.14839934,0.14810859,-0.32981232,0.092317395,-0.29122746,-0.21470857,-0.17326827,0.6988979,0.2915621,-0.25337377,-0.8329321,0.0943621,0.36209747
140,neutral,0.09867872,0.15090835,0.57452714,0.004678485,-0.16292794,-0.15839252,0.03836429,0.14462033,0.15131643,-0.25014737,-0.07876304,0.104430616,0.27239427,-0.16650173,-0.19530629,-0.09341097,0.041146204,0.35539976,-0.07014124,0.021999657,0.28034446,-0.082817435,0.01814032,0.12128198,-0.045000423,0.16383104,-0.1507123,-0.16044204,0.18862945,-0.16226944,-0.025345372,0.47484726,-0.23270969,-0.192561,-0.13084014,0.15914096,0.23263954,-0.020947263,0.044327866,-0.3045724,-0.26257086,-0.107976034,0.47199142,0.17220329,-0.5496582,0.047014773,0.1537906,-0.054211017,0.0270783,-0.755907,0.16584483,-0.3754041,-0.03484816,0.80852574,-0.014253848,-1.9060453,-0.25580958,0.18529697,1.1113864,0.1963776,0.04980439,0.61792517,-0.22114927,-0.06657171,0.54481226,0.1046938,0.04138174,0.16125743,-0.09889615,-0.16977936,0.1927244,-0.099909835,-0.58363104,-0.30726403,0.16450027,0.1919476,0.019903176,-0.25656834,-0.8472309,-0.05803271,0.29436818,-0.019473646,-0.43130678,0.2686959,-0.9710522,-0.38259467,-0.1766692,-0.1659146,-0.18198083,-0.29689077,0.13699813,0.060862288,-0.0034664453,0.03789282,-0.35303494,0.16705854,0.14812993,-0.29425576,0.5436004,0.19144168
141,neutral,0.09867872,0.15090835,0.57452714,0.004678485,-0.16292794,-0.15839252,0.03836429,0.14462033,0.15131643,-0.25014737,-0.07876304,0.104430616,0.27239427,-0.16650173,-0.19530629,-0.09341097,0.041146204,0.35539976,-0.07014124,0.021999657,0.28034446,-0.082817435,0.01814032,0.12128198,-0.045000423,0.16383104,-0.1507123,-0.16044204,0.18862945,-0.16226944,-0.025345372,0.47484726,-0.23270969,-0.192561,-0.13084014,0.15914096,0.23263954,-0.020947263,0.044327866,-0.3045724,-0.26257086,-0.107976034,0.47199142,0.17220329,-0.5496582,0.047014773,0.1537906,-0.054211017,0.0270783,-0.755907,0.16584483,-0.3754041,-0.03484816,0.80852574,-0.014253848,-1.9060453,-0.25580958,0.18529697,1.1113864,0.1963776,0.04980439,0.61792517,-0.22114927,-0.06657171,0.54481226,0.1046938,0.04138174,0.16125743,-0.09889615,-0.16977936,0.1927244,-0.099909835,-0.58363104,-0.30726403,0.16450027,0.1919476,0.019903176,-0.25656834,-0.8472309,-0.05803271,0.29436818,-0.019473646,-0.43130678,0.2686959,-0.9710522,-0.38259467,-0.1766692,-0.1659146,-0.18198083,-0.29689077,0.13699813,0.060862288,-0.0034664453,0.03789282,-0.35303494,0.16705854,0.14812993,-0.29425576,0.5436004,0.19144168
142,neutral,-0.21110477,0.47541243,0.82454747,0.0360398,0.1415746,0.09611795,-0.2697837,-0.008367915,0.29497105,-0.3121813,0.56341994,0.30107403,0.24973106,0.23939164,0.4179684,0.117328055,0.33268225,0.493177,-0.17300113,0.13682273,0.06585598,0.0010527852,0.15226808,0.052926127,-0.3939108,-0.3721616,0.013211713,-0.030702455,0.042223334,0.009059236,0.053081404,0.03937791,-0.17678958,0.109618425,0.26578036,0.12469216,0.017256295,0.011301091,0.54437315,-0.26299927,-0.30457866,-0.0302217,-0.3001791,0.15874566,-0.42221165,-0.11032277,0.26559484,-0.06280166,-0.03299932,-0.49393323,0.44967058,-0.009272801,0.4250653,1.0186003,0.33053493,-1.6079708,-0.08484739,-0.2894346,1.1523217,0.22938748,0.0684906,0.44422042,-0.0009941512,-0.27179676,0.90748644,0.24033223,0.47766155,0.09628601,0.2925082,-0.018957524,-0.18362112,0.31462628,0.50837713,-0.38338646,0.34631464,-0.057660148,0.17530623,-0.12714851,-0.47695634,-0.011822882,0.33331168,0.41980305,-0.71420664,-0.19450864,-1.3492649,-0.3978405,0.14554073,-0.18551284,0.004481046,0.09897036,-0.21577139,0.2226474,0.11279834,0.027921544,0.342365,0.10677246,-0.21311909,-0.4161584,-0.017669775,0.20656845
143,neutral,-0.023160812,0.009084437,0.55440915,-0.079046406,-0.33377424,0.075450964,-0.09625594,0.06809472,-0.09051077,0.009951408,0.15852877,0.06781557,0.18889566,-0.05511549,0.22163029,-0.07597824,-0.11576494,0.11711332,0.0487791,0.27775434,0.26481968,0.2065593,0.057739235,-0.1458222,0.13535725,0.1027338,-0.06765579,-0.14076161,0.09825338,-0.20041431,-0.25349286,0.23041639,-0.1257812,0.09972949,0.065727435,0.10827569,0.0115552535,0.16592397,0.336189,-0.1389498,-0.35297525,-0.19988987,-0.12610756,-0.13940519,0.028379666,-0.032613844,0.22522992,-0.029273033,-0.011486813,-0.46658906,0.0929654,0.25347936,0.20071691,0.7717202,0.15615648,-1.6586324,0.10902781,0.10469088,1.248188,0.23729591,-0.022285523,0.6128196,-0.17889015,-0.18040766,0.37920776,0.06284239,0.115980305,-0.02759141,-0.032475334,-0.12782955,-0.1934932,-0.26584062,0.09203235,-0.18895236,0.20264441,0.0020359084,0.18287009,0.014147061,-0.39914885,0.011737812,0.23968074,-0.039176088,-0.2736365,-0.025698131,-0.85433203,-0.22248812,0.14454071,-0.12595041,-0.15295082,-0.11384475,-0.15041427,0.18820022,-0.03054209,0.054540772,-0.23424691,0.015564317,-0.049012918,-0.24448028,0.21633409,-0.03357413
144,positive,-0.31587672,-0.041711997,0.28478393,-0.29462314,-0.21947113,0.4686327,-0.09496149,0.5222057,-0.20412928,-0.07522337,-0.013970415,0.11594468,0.44070226,-0.33675146,-0.018370632,-0.07046959,0.17862704,-0.33976525,-0.2797261,-0.17270724,0.24874009,-0.09958553,-0.18020459,0.10483679,0.11958206,0.10510828,0.014101889,0.31874898,-0.019735869,0.19874679,-0.15991966,0.15350565,-0.2749137,0.08459494,0.16295744,0.24440396,-0.10162821,-0.055718563,-0.120622106,-0.1677543,-0.23905149,-0.26984143,-0.04980381,-0.0106466245,-0.07492415,-0.36802456,0.06489972,-0.12069485,0.2744168,-0.77528286,0.21381661,-0.3761121,0.317473,0.73912627,0.0044621974,-1.7706354,-0.1453438,0.21497805,1.1562841,0.31577736,-0.3035331,0.33927628,-0.6800909,-0.49742758,0.31969336,0.07565146,0.2668546,0.48019162,-0.07025932,-0.21345486,-0.073559396,-0.45991048,-0.028498998,-0.64236426,0.3308272,0.5366438,-0.07137164,-0.012687136,-0.7232313,-0.44598436,0.4783623,-0.23245466,-0.113094084,-0.01415627,-0.86514443,-0.5897,-0.11096664,0.38691092,-0.22091544,-0.2687704,0.43915078,0.008585303,0.14291355,0.23985203,-0.8511528,0.34348506,-0.035671115,-0.3300948,0.32742393,0.46436512
145,neutral,-0.08004276,-0.054449927,0.2970262,-0.15403573,-0.14605269,0.299959,0.0043363213,0.14575246,0.020246547,-0.065766305,0.1756294,-0.07078942,0.037313312,0.11483268,0.13305783,-0.08161598,0.07154815,-0.0100635495,-0.2069455,-0.03951117,-0.01643561,0.09321296,-0.02386219,-0.061659176,0.26201558,-0.034000814,-0.05746255,-0.20456527,0.18993421,-0.066208825,-0.009826883,0.16204987,-0.034026608,0.13790983,0.16935381,0.02253733,-0.032887086,0.08259493,0.23115696,0.009015232,-0.11796032,-0.034600362,-0.12862006,-0.1468287,0.012179963,0.10672943,0.11521322,-0.08412463,0.01221398,-0.44537148,-0.051824313,0.07654477,0.16645686,0.48853415,-0.11607215,-1.3801223,-0.07468302,-0.026919223,0.8956681,0.27178136,0.04882258,0.49928966,-0.33322722,-0.082703896,0.35825866,-0.0023342108,0.30512822,-0.021641906,-0.04038502,0.04298367,-0.039185636,-0.11991881,0.1488241,-0.3308928,0.02651741,0.104746506,0.04678094,-0.10763306,-0.3781075,-0.120977916,0.3292949,-0.31903237,-0.21483354,-0.020668829,-0.62453395,-0.22639704,-0.0009616663,0.19032176,0.15046984,-0.018800862,-0.07744285,0.22014455,-0.14067888,-0.059483826,-0.18740599,0.13288236,-0.10130238,-0.19149107,0.34055382,0.17141601
146,neutral,-0.07583456,0.08607263,0.42199293,0.058930002,-0.018532002,-0.06669205,-0.34252512,-0.058109887,0.04292091,0.28894582,-0.20206372,-0.20934351,0.32911688,0.08719314,-0.1540667,-0.123641916,-0.057363763,-0.22313192,-0.53469515,0.0501621,0.29731852,-0.0208127,0.06591929,-0.007329971,-0.04629574,0.14444551,-0.29811314,-0.11039441,0.55502415,0.07079816,0.0859089,0.339864,-0.13422672,0.13914225,-0.13501398,0.2871936,0.19120397,-0.09222306,-0.19431585,0.0074094404,-0.727528,0.0039558993,0.12135648,0.06677682,0.113532975,-0.16445796,0.33417603,-0.07460538,-0.095441625,-0.70448965,0.11653498,0.20093304,0.11753096,0.8785708,-0.107501514,-1.5726798,0.044307124,-0.20760746,1.3976138,0.23743957,-0.076546334,0.21118237,0.025279377,-0.23926297,0.5186539,0.10721368,0.0823115,0.43518633,-0.086247586,0.023816815,0.17253716,-0.35649434,-0.22520301,-0.6366357,0.049605478,0.10692704,-0.023874685,0.12135637,-0.75266707,0.19374941,0.51829195,-0.123274975,-0.18335417,0.04538185,-0.78930056,-0.20964767,-0.07557507,0.2001916,0.12706245,-0.4824581,-0.03357951,0.081211194,-0.23995978,-0.040789403,-0.5272012,0.113395184,-0.16538152,-0.018250616,0.34892035,0.18883511
147,negative,-0.13173588,0.05233732,0.24123865,0.093667865,0.02436161,-0.17246671,-0.035594985,-0.04889031,0.1935774,0.3628322,-0.091678545,-0.05005618,0.123996556,0.052962292,-0.10288274,-0.00024732275,0.038581,-0.13775884,-0.38015747,-0.09761885,0.13408057,-0.13328256,-0.04080021,-0.12826568,0.077602975,-0.11294434,-0.06762187,-0.046161637,0.086164266,-0.06636641,-0.10659158,0.07681528,-0.2346473,0.011262041,-0.1674032,-0.09014016,0.210801,-0.021072844,-0.033959217,-0.010834488,-0.43660048,-0.09461615,0.2225041,-0.12904936,-0.017743979,-0.12522419,0.3619479,0.012950024,-0.21066602,-0.41377473,0.0100607,0.10689373,-0.025153786,0.7697957,0.052429765,-1.4976109,0.09536296,-0.19882768,1.010284,0.18129686,-0.10063768,0.28369677,-0.060786344,-0.1929162,0.59358835,-0.018075723,0.17176573,0.01193995,0.14576182,-0.10496553,0.16069004,-0.19475943,-0.15666215,-0.21968126,-0.07400209,-0.025456373,-0.07292903,-0.007822248,-0.7007254,0.16483115,0.52483076,0.15423281,-0.13668334,0.21413459,-0.6320122,0.11829401,-0.0013826719,0.015948705,-0.068605304,-0.35926265,-0.09088164,0.1268302,-0.18317346,0.0049322564,-0.2530744,0.015325562,0.17057917,-0.11469309,0.2988972,0.35473442
148,neutral,-0.048775095,0.24781016,0.29677305,0.03462821,-0.19452602,-0.14173122,-0.22593616,-0.073276885,-0.038513724,0.11222026,0.08138878,0.06706294,0.066491954,0.124197766,0.046234738,0.16790824,-0.18379682,-0.19343589,-0.016933044,0.07304526,0.2891618,-0.25542644,0.12857689,0.117705695,-0.0093641365,0.15124539,0.035317536,-0.23899318,0.15290825,-0.34869912,0.06029529,0.27639052,-0.09504973,-0.14937665,-0.16764842,-0.064663246,-0.0042092185,-0.03129038,-0.34065184,0.026191387,-0.51320875,-0.20570664,0.16400498,-0.335251,-0.071242526,-0.12072087,0.17889418,-0.08927685,-0.119636364,-0.6668046,0.045518976,0.053534657,0.08229876,1.0944086,0.07031419,-1.7718304,-0.03422103,-0.28177103,1.3384051,0.25606686,-0.28069142,0.11155265,-0.39457077,-0.06666314,0.6201181,0.23613288,-0.19947538,0.0137764495,0.045012444,-0.09817986,0.11535052,-0.061122008,-0.38319513,-0.21537006,0.012737489,-0.21739021,-0.32228413,0.15481219,-0.8199514,0.1978626,0.5385427,-0.039363258,-0.20062968,-0.062003832,-0.96391535,-0.15303925,0.088255115,-0.006726568,-0.1281482,-0.3073849,-0.13649108,-0.0891094,-0.26688865,0.20123881,0.0037421877,0.052178577,0.25145742,-0.1237354,0.43140155,-0.027650017
149,negative,-0.02431488,0.18696001,0.11557891,-0.09240473,-0.034864444,0.4170755,-0.149568,0.1324155,0.1975115,0.011992222,-0.05495567,0.2030466,0.42727455,0.20078771,0.102612086,-0.20048428,-0.0034997032,-0.11818945,-0.4408218,0.32577297,0.15819879,-0.1212965,-0.027262058,0.14508155,0.22259961,0.049790215,-0.20989284,-0.5447911,0.25019902,0.0113877235,0.23694354,0.40558618,0.08904412,0.060649168,-0.045148272,-0.036804613,0.060060073,0.20830284,0.0370079,-0.0026702303,-0.22011054,-0.039156377,0.14909902,-0.32853374,-0.060698062,-0.0077549405,-0.127406,0.032679085,-0.003445967,-0.51114964,-0.030626874,-0.02246005,0.41413176,0.8218278,0.08869703,-1.6642911,-0.16747098,-0.24396653,1.1130568,0.36326703,0.11447513,0.5350774,-0.18136245,-0.10402392,0.4706523,0.2671852,0.27377075,0.14325334,0.11772571,-0.2627917,-0.03695312,-0.12518032,-0.10076117,-0.24613802,0.3337258,0.30254275,-0.095981374,-0.0077421092,-0.5539116,-0.052883357,0.44506606,0.313834,-0.06803974,0.18534333,-0.9932647,-0.10420966,0.05543473,-0.046052564,-0.25623357,-0.06797975,0.007185686,-0.046554554,0.21390176,-0.024557639,-0.6108504,0.06817692,0.11146745,-0.11299308,0.37304333,-0.05803696
150,negative,0.03157333,0.18010326,0.31386828,-0.110379,0.010335404,-0.41684687,-0.20294625,-0.08144073,0.08808393,0.19250323,0.2494278,0.07503813,0.24691713,0.26167062,-0.005724472,0.12393911,-0.021329187,0.19491635,-0.5709272,0.007532006,0.4557474,-0.20007208,0.0072850175,-0.27190053,0.15874112,0.3796765,-0.25467262,-0.11697132,0.1641344,-0.08280121,0.011241348,0.09125915,-0.18564726,0.06562841,0.10526167,0.1668257,0.34537208,-0.246084,-0.041645747,-0.13945499,-0.15203597,0.0800874,0.5059825,-0.16162866,0.085168675,-0.29481414,0.06330894,-0.07882358,-0.052324213,-0.50354505,0.0013227458,0.00499372,0.16780058,0.61552286,0.018553114,-1.6597137,-0.032287512,-0.2037829,1.0526803,0.072710045,0.09222093,0.3656857,-0.33325246,-0.025017137,0.50102043,-0.21216208,0.20537306,0.4961266,-0.23103943,-0.13108599,-0.07181735,-0.24222383,-0.32440713,-0.3638769,-0.10165693,0.3134723,-0.14765939,-0.12542133,-0.6159012,0.116054825,0.6976159,-0.18750298,-0.14974628,-0.16359323,-0.7105485,-0.19583148,0.15267652,0.108022,-0.0027043228,-0.23769177,0.061448928,-0.02757046,-0.13075027,0.043664366,-0.4511838,-0.067929044,0.04422583,-0.041934945,0.42371976,0.11085651
151,negative,-0.090326406,0.10640452,0.35393977,-0.071342535,-0.027875325,-0.05988151,-0.037700616,0.28001875,0.13684525,0.19763157,-0.054202326,-0.022066489,0.23288634,0.23277518,0.019808937,-0.073973514,0.25806952,-0.21471566,-0.3832996,0.008849861,0.37786338,-0.120874055,0.11205085,0.123420216,-0.00024655208,0.08562257,-0.17569341,-0.2954177,0.4822328,-0.008253718,-0.13486035,0.27163064,-0.019870177,0.27478,-0.10019051,0.1543219,0.13535686,-0.03106062,-0.16255495,-0.10007243,-0.4600671,-0.060368698,0.3227435,-0.10855537,0.13209693,-0.15598674,0.09639421,-0.14678574,0.11075786,-0.52736443,-0.031802032,0.10868465,0.18330443,0.76773953,-0.285819,-1.5185761,-0.03430617,-0.163048,1.0838279,0.20534962,-0.16021991,0.30709073,-0.1792568,-0.31233427,0.28830215,0.09491907,0.05019185,0.26874766,-0.24270412,0.019059429,-0.0061366274,-0.2507499,-0.22446401,-0.4579566,0.14941894,0.10038465,-0.072311044,-0.008511009,-0.5911797,0.010129843,0.72661525,-0.106311485,-0.21918248,0.015249983,-0.8675253,-0.01953521,0.015094025,0.11545264,0.11764536,-0.090866864,0.012608431,0.0866506,-0.20990871,0.18035121,-0.47530115,0.07877267,0.0444847,-0.12779175,0.36032844,-0.008295928
152,neutral,0.034251694,0.118819475,0.24929683,0.121997416,-0.0050966134,-0.23039976,0.052825987,-0.038394637,0.0026950839,-0.21154554,-0.013566347,0.09582439,-0.04819478,-0.016625606,0.2623731,0.068570346,-0.057536684,-0.1912155,-0.062388677,0.047248084,0.02547096,-0.2334916,0.027636565,0.09966462,0.49235523,-0.24420474,-0.15704519,-0.11557441,0.0070194015,-0.24239558,-0.055256724,0.109207936,-0.10827633,0.1626127,0.04917375,0.13808976,0.21524781,0.06033705,-0.056826785,-0.11412088,-0.25469014,-0.103548065,-0.045094218,-0.12918502,-0.15597957,0.044400007,-0.09032299,-0.15750255,-0.0311881,-0.54317695,0.039871562,0.067561276,-0.17197211,0.6849,-0.08632331,-1.5968447,0.16266765,-0.07490462,1.2289146,0.42880017,0.00231528,0.27138588,-0.24854991,-0.010225706,0.40976003,0.027367393,-0.07122113,0.15744919,0.23830245,0.09778209,-0.023172794,0.02663711,-0.012990487,-0.24183793,-0.15293756,-0.062290467,-0.13082473,-0.026705574,-0.37815437,-0.15589666,0.4748654,0.1713504,-0.35070673,-0.19865102,-0.9443461,-0.27567896,0.106389776,0.04662705,0.074992195,-0.31757808,-0.13899036,0.18551178,-0.11900483,0.120429374,-0.25271627,0.18482442,0.15506005,-0.18546611,-0.008192625,0.18960783
153,negative,-0.09264014,0.23948565,-0.1043101,0.09477984,0.054758955,-0.024012584,0.10041199,0.09856672,-0.010243144,0.006222076,-0.16877793,0.22008286,0.044581555,0.1451154,0.2550247,0.047053456,0.1020099,-0.46441385,-0.52006346,0.2252971,0.4452534,0.09018538,-0.020281352,0.28853264,-0.1961658,-0.08124773,-0.063358136,-0.00012635709,0.26265985,-0.24206029,0.14520834,-0.078526385,0.041853845,-0.29591992,0.04785102,-0.09954888,0.2766615,-0.241768,0.310256,0.06525921,-0.4294625,-0.114087984,-0.21675268,-0.08097782,0.43840522,-0.11468502,0.20052698,-0.21529143,0.22060409,-0.43446276,-0.16890064,0.16598472,0.027138513,0.7774007,-0.23501393,-1.1900177,-0.13689199,-0.09983842,1.2909162,0.19511263,0.015319154,0.53351706,0.095816225,-0.10999767,0.6651275,0.1710439,0.16873091,0.049616072,0.11575576,0.035225656,0.07235119,-0.70690423,-0.24706836,-0.28833476,-0.2139921,-0.1851596,0.0053205458,0.19228496,-0.5035992,0.13381775,0.501995,0.14635588,-0.42728308,0.15493846,-0.531556,0.13977146,0.014554278,0.042308766,0.17648546,0.16814898,0.2605129,-0.1267421,-0.0072073974,0.41186208,-0.39299506,-0.13287438,-0.03313604,0.108192936,0.26295143,0.15956154
154,negative,0.086853266,0.33359152,0.24798837,-0.29094863,-0.11470838,0.09781288,-0.2880142,-0.011700361,0.10164,0.52052414,0.034205507,0.21257271,0.07088088,0.12929304,0.0965044,0.051380016,-0.10497361,-0.023389388,-0.6595423,0.14150926,0.47187352,-0.09557352,0.18091583,-0.013565433,-0.022196017,-0.053028584,-0.21732359,-0.30744725,0.3743181,-0.085977405,0.031452842,0.27772203,0.01040134,-0.026869228,-0.07320131,0.14011313,0.25132784,-0.13747558,-0.12896143,-0.18983369,-0.6048022,-0.017762464,0.21219295,-0.24884877,0.10774991,-0.15245657,0.19127499,-0.077639475,-0.2552215,-0.6900782,-0.060880907,0.03384921,-0.004901518,1.1173404,-0.13937823,-1.6383214,-0.12746668,-0.012796244,1.4542481,0.22588213,-0.046111226,0.45054498,-0.15906003,-0.31228143,0.799907,0.24214926,0.069798574,0.12693073,-0.048322234,-0.11329901,0.054154545,-0.45811698,-0.25958833,-0.3075077,-0.04761771,-0.09333106,-0.04545963,0.06524966,-0.5810307,0.3407751,0.6789472,0.101391226,-0.3785363,0.037770938,-0.9210995,-0.09417188,0.17069624,-0.02627445,-0.10085073,-0.34062377,-0.011566521,-0.05575644,0.07605164,-0.024143573,-0.35139367,-0.34919077,-0.017100295,-0.059850123,0.38758257,0.06922181
155,neutral,-0.20745051,0.15590587,0.28061152,-0.05002025,-0.109421514,-0.08135142,0.018538808,-0.15249692,-0.14162873,0.3946183,0.033956163,-0.13488425,0.12453301,0.11810818,-0.012805128,-0.11936008,0.3507534,-0.19320416,-0.37291676,0.023172457,0.31765,-0.114963606,0.10502933,0.031343378,0.07109125,-0.071825124,-0.21469994,-0.082491346,0.27228886,0.1254919,-0.28014117,0.3552751,-0.2514478,0.03377603,0.12427085,0.08588388,-0.12307241,-0.020570291,0.07038074,-0.004458429,-0.39465016,-0.017566804,0.138769,0.13197778,0.31069142,-0.23484711,0.04129069,-0.30699676,-0.04819404,-0.45305753,0.1696545,0.20162603,0.03918254,0.92057306,-0.17027207,-1.6484814,0.0888211,-0.11685015,1.4599771,0.46504217,-0.0340214,0.39819348,0.09563863,0.032985516,0.4529632,0.021477658,0.05441789,0.1661975,0.08727273,0.2738946,0.19945677,-0.4459368,0.029096749,-0.20476429,0.014797056,-0.08947781,0.0429667,0.19224992,-0.81542265,0.052734815,0.68510234,-0.11648262,-0.16149276,0.065740176,-1.0264074,-0.065854006,0.116554506,0.10022069,-0.058212437,-0.25756165,0.030673994,0.05399219,-0.072750375,0.16492766,-0.3394258,0.016953873,-0.13912292,-0.18164423,0.26651126,-0.019806188
156,negative,0.06272481,0.12096933,0.42285782,0.14047752,0.06501103,-0.18788742,-0.23345296,-0.014450927,0.07889117,-0.001207806,-0.14342824,0.22065403,0.19205311,-0.024966983,0.07775994,-0.04424191,-0.19530821,-0.072104625,-0.3338685,-0.17146136,0.32994878,-0.19579734,0.09523995,0.21081033,0.23934634,0.013187062,-0.087416545,-0.18314713,0.3659519,-0.14453638,-0.17128918,-0.021876873,-0.24493857,-0.011695359,-0.022207545,0.23976296,0.30993384,-0.24670374,-0.16481143,-0.0303067,-0.534886,-0.14259006,0.45060366,-0.08521217,0.26952064,-0.2614693,0.24185382,-0.09733347,0.24230343,-0.77032876,0.1206623,-0.05856413,0.0655805,0.86462915,-0.031895254,-1.9100119,-0.028474726,-0.55107605,1.252584,0.19643994,-0.14961906,0.20830406,-0.17310785,-0.2122345,0.4183936,0.11138851,0.16572161,0.058341604,-0.13621856,-0.10673395,0.072495684,-0.22740665,-0.5041146,-0.4012785,-0.03648161,0.37605402,-0.27579284,-0.07405241,-0.943384,0.010632996,0.6880651,0.02958414,-0.25226521,0.24969323,-0.74528176,-0.19945566,-0.062449757,0.07727139,0.2278375,-0.32323322,-0.15552038,0.2003245,-0.41166288,0.2865189,-0.37926245,0.020311475,0.23893967,0.18022689,0.33366162,0.15251487
157,neutral,-0.20646004,0.10553249,0.056385003,0.17509,-0.46766752,0.16645251,0.11227,-0.307465,0.30046174,0.11700998,-0.43514997,-0.068275005,0.0416025,-0.102244996,0.599245,0.458286,0.17030945,-0.2442105,0.15044175,-0.3759775,-0.57691,-0.51974,-0.44138503,-0.0046149967,0.16122,0.19767499,0.21164851,-0.032552496,-0.091768496,-0.33348346,0.42284802,0.19373778,0.031170001,-0.020117,0.072064,-0.1502975,0.07086227,0.3499565,0.040770028,-0.04740225,-0.0063650026,0.22384253,-0.53068274,-0.65732753,-0.5133225,0.38872525,0.423269,0.09338525,-0.15293,-0.36774212,0.17105,-0.157792,0.111825004,0.57937825,0.1932385,-0.56978077,0.24798,0.16529277,0.020419978,0.067395,-0.040709995,0.72893244,0.139119,-0.16494225,0.5684203,0.28041425,0.1934075,-0.64238024,-0.06957255,-0.130975,-0.4239372,0.35791248,-0.17142475,0.37573132,0.81055,-0.07673524,-0.082314245,-0.005016499,0.0032567491,-0.325551,0.053907495,-0.254235,-0.35460597,0.50779,-0.836709,0.21504824,0.41151997,-0.00075475516,-0.39479774,0.43058997,-0.14995725,0.24091,0.20691825,-0.018127492,0.27218002,0.40768495,-0.19253317,-0.87546754,0.06393775,-0.54612577
158,neutral,-0.1233073,0.2403211,0.20482714,-0.10932196,-0.08081423,0.2908572,-0.2382643,-0.18523377,0.1625465,0.15755646,-0.14517958,-0.025769364,0.22519317,0.016417746,0.06329317,-0.020796858,0.063923314,-0.039294943,-0.36947387,0.1705246,0.23602803,-0.039707035,0.04705283,-0.11730663,0.03238593,-0.040045336,-0.050665747,-0.1695479,0.06442232,-0.0607938,-0.14345673,0.40929767,-0.07366158,-0.057391692,0.06265256,0.09779735,0.01640316,0.06521397,-0.0774961,-0.1768902,-0.4829482,-0.08146592,-0.0035505763,-0.22873399,-0.03199177,-0.13920732,0.12828083,-0.057649046,-0.07818345,-0.62273556,0.12636675,-0.0116308695,0.06663285,0.69522053,-0.059196845,-1.4896988,0.18077712,0.0022367758,1.1618496,0.14127214,-0.13303775,0.47260046,-0.26330408,-0.21608962,0.6022066,0.1221758,0.31372836,0.06632917,0.073359676,-0.21209946,0.04554551,-0.112821355,0.028544154,-0.2931615,0.0057339394,0.18031597,-0.03839856,0.021174269,-0.472182,-0.090867326,0.32725194,-0.07726509,-0.19452389,0.09158818,-1.0025338,-0.088183075,-0.15599383,-0.037594385,-0.041629933,-0.23518537,0.01369521,-0.056034967,-0.021048713,-0.04411898,-0.26244402,-0.13488899,-0.19779693,-0.30833685,0.19260001,0.20440876
159,neutral,-0.31139395,0.27495188,0.021744007,0.33675358,-0.116215095,-0.21283484,-0.18474819,0.0070842556,0.033640712,0.219637,-0.043992925,-0.10667891,0.1605819,-0.013983863,-0.008821914,-0.14802705,-0.024320578,0.09099393,-0.18996662,0.056772057,0.1904915,-0.07759123,-0.07416504,-0.19425383,-0.1490269,0.025056802,-0.082714684,-0.050184797,-0.057692952,-0.009458231,-0.05740733,0.23651515,-0.1005065,-0.057463214,0.14104442,0.21198498,0.1799181,0.06374233,-0.032346833,-0.023845242,-0.28218338,-0.17953753,0.101923734,0.04301927,0.037342027,-0.14338611,0.11217367,-0.13931368,-0.18938643,-0.61427426,0.18407612,0.062420677,0.09697261,0.82209015,-0.03779425,-1.8090432,0.069479205,-0.4611415,1.5247209,0.30812845,-0.021627992,0.45080107,0.04324029,0.039279316,0.8584467,-0.1727526,0.08591243,0.13181347,0.18362254,0.06810276,0.13747974,-0.3860077,-0.10292418,-0.4404717,0.06797655,0.07382257,0.022646494,0.07558104,-0.70122373,0.15418243,0.5610596,-0.11210926,-0.126037,-0.025438877,-1.0461341,-0.16392002,0.1700067,-0.037122384,-0.041572265,-0.3466605,-0.27130207,-0.047373746,-0.093479395,-0.08402772,-0.47394112,0.020817328,-0.14504403,-0.26983863,0.6144706,0.21656506
160,negative,-0.08248267,0.29909793,0.2069619,0.4304126,0.031509645,-0.35214385,-0.35502386,0.06324655,0.26845998,0.087294854,0.07276227,0.017800026,0.36418003,0.27300796,-0.16626893,0.06539327,0.06890113,-0.37360078,-0.28083393,-0.21769747,0.499974,-0.13985321,0.14593774,0.06928472,-0.0025150802,0.15828723,-0.14589892,0.08824386,0.69734734,-0.20673288,0.14294565,0.32936347,-0.059895635,-0.06494202,-0.022492686,0.19860859,0.39700967,-0.16672212,-0.15485956,0.048693147,-0.5370019,0.14221884,0.08654898,-0.29436895,0.22103342,-0.09907968,0.63847274,-0.21173224,-0.36817056,-0.4752506,0.12947853,0.19975334,0.07059747,0.98529524,0.15696281,-1.6522294,0.14804806,-0.15873581,1.4508117,0.26417252,-0.43381333,0.21375038,0.09496572,-0.20969352,0.48739472,0.15989706,-0.20166564,0.22066565,-0.15781951,0.16581285,0.08664007,-0.03908452,-0.25448725,-0.041937824,0.20854151,0.029077865,-0.03948733,0.44043913,-0.697477,0.18534093,0.63544226,0.37168953,-0.1766659,0.23769744,-1.2325863,0.322046,-0.083806604,-0.22740686,-0.047576196,-0.2967828,-0.09782232,0.25544262,-0.32953268,0.4941984,-0.095167,0.04070973,0.044162795,-0.38783556,0.31756365,-0.32580814
161,neutral,-0.07760106,0.0005851745,0.24146701,-0.050726246,0.090446,0.0054813433,-0.17564507,0.054982215,0.053824995,0.18387114,-0.108168826,-0.05397487,0.3250715,0.0997123,-0.08672004,0.014665413,0.018154467,-0.18037869,-0.53293097,0.011804058,0.3400171,-0.22364752,0.15099372,0.0016961148,-0.19024831,0.026618736,-0.09959742,-0.09498463,0.27797547,0.09579106,0.09969471,0.26725933,-0.07483297,0.015618504,0.100053854,0.029488543,0.13288105,0.0012983166,-0.12864876,-0.10621245,-0.51703614,-0.016882507,0.3560363,-0.12931931,0.06482229,-0.11584555,0.16288674,-0.12616475,-0.17231709,-0.49041557,0.07550712,0.07899238,0.10182399,0.82016474,-0.02474976,-1.7371912,-0.00836693,-0.28146914,1.3103915,0.35175782,-0.052738797,0.16000909,0.013288129,-0.06748218,0.63524634,0.07708754,0.020483552,0.4306157,0.04735635,0.083510615,-0.014436441,-0.33971438,-0.18541327,-0.41074145,0.12452541,-0.014139624,-0.13019992,0.13407868,-0.6884579,0.0006274315,0.5203718,-0.18952289,-0.23486191,0.048175506,-0.8921195,-0.09391762,0.08977915,0.14226775,0.14042379,-0.2777707,-0.05490753,-0.022588333,-0.1428683,0.20463683,-0.46850526,0.1095369,0.008011673,-0.039633498,0.38918003,0.07867081
162,neutral,-0.27715832,0.28042534,0.37426513,-0.20064238,-0.06820594,0.48051104,-0.1144121,0.11170539,-0.0838132,-0.18205486,0.020962674,0.11162981,0.3009056,-0.08936949,-0.074057564,-0.1541474,-0.15936077,0.22885315,-0.3328041,-0.2122172,0.13912208,0.010952808,0.073135726,-0.44187003,-0.13158117,-0.18886334,-0.28590587,-0.23809755,0.52929765,-0.10016836,0.15493079,0.5716393,0.14820682,0.14836086,0.07411043,0.21914278,-0.06925754,0.008081343,0.1397678,-0.332507,-0.29264188,-0.2345964,0.25801757,-0.36430934,-0.37826815,-0.0747702,-0.08933483,-0.21636996,-0.3405413,-0.7862258,-0.18997048,-0.21267341,0.015075553,0.729564,-0.21467564,-1.6527896,0.05205057,0.23967618,1.0767684,0.22508295,0.028075058,0.50734866,-0.034659818,-0.07656832,0.5983456,0.0372042,0.67584735,0.4378361,-0.06688465,-0.17571537,0.23275694,-0.20533311,-0.21762742,-0.36973912,0.025390947,0.10685597,-0.2668556,-0.12637028,-0.21858174,-0.25582454,0.123885185,-0.114862464,-0.17859957,-0.0064187674,-1.0147067,-0.3219704,0.18905221,-0.0055621476,-0.060740065,-0.32414275,0.19289371,-0.19103488,-0.108621,0.19660707,-0.48568264,-0.031979356,0.08860787,-0.22970152,0.33250928,0.08141978
163,neutral,-0.021126457,-0.03315705,0.3046456,-0.047341008,-0.055397388,-0.02850992,-0.027200816,-0.09455063,0.03476554,-0.07468306,0.05902006,0.02553364,0.1822332,-0.07517344,-0.07961504,-0.122792155,0.044630434,0.08278872,-0.27793357,0.26479936,0.15744208,-0.121206775,0.064855844,0.0075307335,0.030074084,-0.077553555,-0.039554793,-0.34310588,0.02842212,-0.07482175,-0.018515423,0.37253273,-0.015811346,-0.0081962785,-0.033997234,0.22500959,0.07498469,0.07294268,0.019267652,-0.17714933,-0.23341638,-0.16708378,0.3218892,-0.16231321,-0.040607095,-0.22239777,-0.05735299,-0.014178064,-0.06393446,-0.47141713,-0.11662891,-0.100009866,0.026101686,0.66009873,-0.03828356,-1.6650417,-0.15144901,-0.008963367,0.9319225,0.3078218,-0.24584049,0.3869731,-0.25740966,-0.14657874,0.3755919,0.09681792,0.31812724,0.3635348,0.045163475,-0.09333339,0.046085227,-0.13723385,-0.21261829,-0.33816952,-0.099796474,-0.014421965,0.003844043,-0.030133214,-0.55327475,0.01063125,0.45062196,-0.13271233,-0.11494266,0.020166397,-0.84055066,-0.21932694,-0.23161434,0.060174696,0.0922132,-0.39490002,0.049145587,-0.0015763037,-0.029484816,0.062933035,-0.3371242,0.13537395,0.14168786,-0.1826635,0.469937,0.10031529
164,negative,0.14179355,0.11212042,0.5328148,-0.22419661,-0.12506106,0.043172322,-0.36072788,0.0633223,0.04703244,0.17554133,0.06945332,-0.03998974,0.11788256,0.22249514,0.13101752,-0.051717818,0.35342482,-0.23217578,-0.50958174,-0.26367068,0.44809252,-0.1281788,-0.10111481,-0.07511827,-0.0009842811,0.31683883,-0.33663493,-0.09498018,0.4091232,-0.17421855,0.25233904,0.22814827,-0.08157771,-0.04149738,0.019480133,0.12873055,0.08067981,-0.100504,-0.123604335,-0.17274673,-0.2378018,-0.12942064,0.29752976,-0.16643144,-0.1728876,-0.19809303,0.44750336,-0.10053923,0.12092635,-0.4448148,0.066191666,0.3528679,0.40380988,0.90476084,-0.070218205,-1.6600751,0.10276824,-0.30254656,1.3952177,0.2368614,0.12046145,0.18437621,-0.26457536,-0.22454496,0.55016136,-0.14674783,0.26002416,0.28339702,-0.34104708,-0.10039402,-0.08406972,-0.07991771,0.022874033,-0.29848027,0.23946156,0.31602687,-0.06966889,0.3168537,-0.4831522,0.21953295,0.52740544,-0.06375277,-0.18571447,0.048257392,-0.93465936,-0.036001407,-0.043113355,0.14198631,0.18571651,-0.20573327,0.041799307,-0.1481056,-0.2828141,0.081736974,-0.3310682,-0.07163969,-0.12332939,-0.023180453,0.38071403,-0.022907821
165,negative,-0.13986504,0.10564108,0.45202112,-0.09490024,-0.28768557,-0.1300037,-0.2587045,0.08060969,0.26367414,-0.032804947,0.22198622,-0.005510067,0.1552452,0.009528805,-0.23699306,-0.05904406,-0.13382618,0.15538293,-0.4666323,0.14715384,0.08519228,-0.09404935,-0.052453406,-0.095269755,-0.20168874,0.058949154,-0.071933255,-0.16822359,0.044713955,0.15098484,-0.04406385,0.44358087,-0.11155588,-0.075303786,-0.038989786,0.27736303,-0.10998418,0.012290124,0.15635163,-0.08639279,-0.4846143,-0.08899447,0.11060047,-0.20492955,-0.27824143,-0.30254373,0.044321455,-0.17685327,-0.24426888,-0.72443324,0.4426162,-0.116473325,0.0821849,0.6566949,-0.18111011,-1.3653724,0.13915429,-0.09760631,1.0513117,0.21099076,-0.18634342,0.24021618,-0.19243704,-0.07240745,0.5897411,-0.23769513,0.29130292,0.56336296,0.044476204,0.19808313,0.16878387,-0.23916067,-0.16271323,-0.35970137,0.21774364,0.11503028,-0.13431932,0.10652078,-0.6620889,0.048138667,0.44061908,-0.20313582,-0.19973463,-0.14659368,-1.0010782,-0.19781712,0.03334909,0.06756294,-0.038598657,-0.4115773,0.20099178,-0.011933912,-0.1094315,-0.10058236,-0.14669372,0.11933145,-0.088714555,-0.14413445,0.14831585,0.31247547
166,negative,-0.18550158,0.21062796,0.16707793,-0.11390842,0.25251913,0.16880876,0.015899021,-0.25227657,0.122408606,0.4600423,-0.15536983,-0.08563856,0.16869071,-0.025010124,0.2530178,0.07930577,0.12678632,-0.20230483,-0.27071276,0.023418529,0.26371315,-0.103046544,0.3373957,-0.12836416,-0.049733475,0.02078285,0.089939624,0.19299681,0.18326809,0.15901543,-0.036972202,0.2792798,-0.38074484,0.115454614,-0.05391811,0.063953675,0.12810212,-0.10718731,-0.106925644,0.0605533,-0.40075424,0.045130663,-0.14953592,0.033963513,0.34964013,-0.21098122,0.15975238,-0.25883117,-0.19730711,-0.5692033,0.20133172,0.28083456,0.24223746,0.9438004,-0.021760082,-1.5850773,-0.14359374,-0.05887831,1.0605805,0.0981726,0.11116759,0.69834673,0.096151926,0.020441076,0.5512882,0.08270414,0.2814964,-0.0752603,0.044567555,0.10514822,0.17309345,-0.35809976,0.038936745,-0.112264134,0.050294578,0.11563975,0.2711126,0.1514038,-0.72785455,0.07873529,0.54307634,-0.12779804,-0.26460332,-0.061044965,-0.98443437,-0.06985278,0.20251887,0.05730602,-0.045330014,-0.32762218,-0.043299,-0.030601515,-0.2844679,-0.0498648,-0.20607235,0.16809008,0.032824494,-0.26148224,0.48094672,0.12316336
167,negative,-0.09763598,0.118521,0.13774917,-0.14386488,0.059569523,-0.08409052,0.007976973,0.06512618,0.098503344,0.20858456,0.11344676,0.09505769,0.12805052,0.073767416,-0.030967563,-0.04431396,0.06024254,0.042904798,-0.5405627,0.19196041,0.16620804,-0.1839878,0.09451606,-0.12586689,-0.014113753,0.24438795,-0.084432445,-0.29952124,0.18918878,-0.118436866,-0.075711265,0.30463222,-0.11817299,0.027207302,-0.09839275,0.07171653,0.017478114,-0.038151935,-0.14638369,-0.21952584,-0.29094163,0.03999474,0.12630266,-0.20086046,-0.04362799,-0.1574675,0.18538769,-0.20419765,-0.04627898,-0.6601182,-0.054921206,0.0009560524,0.11613925,0.8327225,0.0011757277,-1.6524894,-0.09565944,-0.0069163614,1.1155363,0.11858855,-0.079957396,0.43394506,-0.15090682,-0.1993263,0.57380766,0.10346698,0.11955056,0.26860675,0.00909846,-0.18526845,0.16774064,-0.25927272,-0.36835065,-0.2247608,-0.06802372,0.07262155,-0.110719584,-0.11697052,-0.57741123,-0.0030512032,0.5086019,-0.06856584,-0.36881214,0.09575215,-0.838765,-0.0032193807,0.22098495,0.13086437,-0.16376139,-0.07897389,-0.06283821,0.04194078,-0.23540203,-0.086146384,-0.4284999,-0.11422314,0.08624637,-0.07042898,0.12905832,0.116763905
168,neutral,-0.28608534,0.40862152,0.08693424,-0.16970903,-0.08818206,0.3696096,-0.2189962,0.06746797,0.09183459,-0.2107749,-0.022527862,0.11711918,0.31034392,0.21070285,-0.108372435,-0.11517482,-0.2338194,0.30561575,-0.40770116,-0.19267218,0.12267942,0.033729795,-0.2698729,-0.14156431,0.18398038,0.37818322,-0.2434389,-0.4032427,0.5549138,-0.6094411,0.18008935,0.4058032,-0.1648805,-0.0041398094,-0.123544544,0.11722659,0.12610878,0.050347105,0.031661153,-0.38427117,-0.45347688,-0.5201888,0.15085508,-0.63192874,-0.32435542,-0.20867234,-0.14421943,-0.057118665,-0.09200925,-0.70728725,-0.19639745,-0.09466185,0.040113904,1.0398952,0.23288128,-1.9551743,-0.22005865,-0.08197834,1.3242913,0.17036623,0.12741421,0.5370831,-0.45806408,-0.07150118,0.56411606,0.23283723,0.19425038,0.68896264,-0.22645198,-0.3323667,0.2431212,0.06297441,-0.12222635,-0.6431564,0.27154908,0.13202463,-0.33613038,-0.12047041,-0.019132882,0.07185334,0.37624127,-0.06538618,-0.5526728,0.093937665,-0.86819607,-0.18065023,0.2651464,0.19365908,-0.054981694,-0.07115504,-0.25669074,0.1378346,-0.09179019,-0.2921292,-0.50892293,-0.42176795,0.08686487,-0.09479891,0.4623443,0.17985795
169,positive,0.1749034,0.4067966,0.6109467,0.0462629,0.017943963,0.14546508,-0.24985695,0.16864161,0.084077545,-0.14256476,-0.012891286,0.21578056,0.37556142,-0.09605946,0.010149674,-0.37863058,-0.03860873,0.54484636,-0.49792215,0.5076527,0.5705546,-0.019824237,-0.06488667,-0.4172379,0.114193805,0.07262514,0.019142063,-0.33096257,0.33094093,-0.52671826,-0.06068457,0.29858395,-0.23273703,-0.18360716,0.0741042,0.39723176,0.11922625,0.1559138,-0.13442911,-0.1563203,-0.15917638,-0.023570908,-0.019453473,-0.24813835,-0.14740227,-0.24397655,0.108928286,-0.089950085,-0.15884483,-0.84003764,0.08082032,-0.14711785,0.12563796,0.88399297,-0.15556636,-2.1093712,0.27937564,-0.22357582,1.2988403,0.40250203,0.18282388,0.45735446,-0.39021352,-0.23328301,0.63238865,0.10734203,0.2981732,0.26451668,-0.12339892,-0.4174898,0.104798876,-0.18924604,-0.060095247,-0.20268701,0.08371167,0.08092298,-0.29507312,-0.25936663,-0.5577647,-0.05083965,0.22696394,0.14653388,-0.3903211,0.041114923,-1.1657081,0.005565476,0.18189389,-0.22618382,-0.03917172,-0.016721228,0.025942497,0.0034051142,-0.16772793,-0.16089812,-0.5239947,-0.26812863,-0.05935196,-0.3218215,0.33752796,0.18100588
170,neutral,-0.19769771,-0.013499689,0.41690376,0.043295395,-0.17657332,-0.024276825,-0.36550513,0.04285554,-0.14539857,0.28331602,0.15089121,-0.10382587,0.37362286,0.099874645,-0.2834235,-0.30291265,0.13889702,-0.21224178,-0.060882717,0.09785523,0.37717023,0.008060966,0.1884868,-0.33263817,0.12834246,-0.2065622,0.12431783,-0.2916413,0.16838267,-0.01608093,-0.46082693,0.10009535,-0.18464963,-0.09826858,0.1498124,0.30192667,0.018101392,0.47597265,0.11634109,-0.024923049,-0.5605695,-0.23377377,0.18125111,-0.10665979,0.40527615,0.2105639,0.08267942,-0.010178663,0.19801044,-0.32359502,-0.29074588,0.24265282,0.086843275,0.87469244,0.05850233,-1.5248114,-0.082329206,-0.16736798,1.6135397,0.32974485,0.11655102,0.35211158,0.12346305,-0.2923551,0.20321134,-0.019557914,-0.40599784,0.12583916,0.04852416,0.022860534,-0.24013625,-0.4179715,-0.34723994,-0.19848731,0.16022351,-0.019493664,0.24007452,0.065855466,-0.8592632,0.1656798,0.51057184,-0.26151866,0.09689409,0.36697578,-0.55888987,-0.48995596,0.069796376,0.12165361,-0.21661656,0.014672811,-0.07324627,0.004059031,0.10094731,-0.121927895,-0.28720015,0.4639186,0.18736808,0.15618001,0.2581366,-0.027719107
171,neutral,-0.044049323,0.1756341,0.25976098,-0.1440975,-0.14982519,0.01385713,-0.19699152,-0.027146151,-0.16447073,0.1334459,-0.040905733,0.07403453,0.28609005,0.29212907,0.26530075,-0.05118333,0.31795442,0.23473598,-0.02078332,-0.01139919,0.12937716,-0.07035486,0.030180944,-0.25261387,0.1630487,0.025713138,-0.23297545,-0.2078994,0.1438893,-0.27661264,-0.16978252,0.15135202,0.14588542,0.16992739,0.35292897,0.12480749,0.013980696,0.0036550981,-0.030798743,-0.12592289,-0.35418084,-0.15663542,0.13649349,-0.28343722,-0.09368747,-0.15327375,0.29358518,-0.1921814,-0.28204057,-0.7915048,0.30250487,0.027844155,0.009902112,0.9460346,-0.14679793,-1.803317,0.031093352,0.17547242,1.6450661,0.25110683,-0.20903733,0.7251454,-0.14211708,0.07783954,0.42962098,0.0048209014,0.23429908,0.047724392,-0.24257746,-0.31154123,-0.01185981,-0.35182694,-0.1280117,-0.14604874,0.3523446,0.31480622,0.1654568,-0.09411554,-0.4531872,0.19567187,0.31482527,-0.13243957,-0.31562102,-0.22102778,-1.0145645,-0.27778944,0.32908443,-0.21052097,0.09608567,-0.11400393,-0.2147801,-0.038698778,-0.06547139,-0.13431917,-0.43712035,-0.23212397,-0.18003848,-0.27306396,0.28550214,0.094076715
172,negative,-0.04487113,0.16693692,0.5445105,-0.03008648,-0.17502846,0.23263763,-0.2626331,0.03149631,0.09277886,0.034884498,0.056467507,0.24767035,0.03671548,0.012165766,-0.03796428,-0.0014981783,-0.06095582,0.13376327,-0.27639905,0.15847848,0.28349587,-0.14373389,0.19760555,-0.21534613,-0.16201425,0.15541203,-0.21006326,-0.4693464,0.3906801,-0.04913433,0.17374308,0.42970228,0.0032561915,-0.18190505,-0.12422123,0.09513709,-0.07665676,-0.055810954,-0.016978033,-0.06358634,-0.5237644,0.0032411064,0.011095725,-0.35292333,-0.2934448,-0.52994174,0.30426577,-0.28882614,-0.19778785,-0.795867,0.1965585,-0.008350249,0.25001395,0.81836355,-0.14272282,-1.5818251,0.19564201,-0.08738067,1.2175366,0.22728671,-0.27692935,0.27136236,-0.19568317,-0.117251165,0.6377229,0.22395022,0.27147472,0.25817192,-0.24170461,-0.1689042,0.051767286,-0.13136356,-0.20802842,-0.21735401,-0.055776216,0.11472171,-0.15664293,0.120607115,-0.606477,-0.23231252,0.0830998,-0.043686226,-0.25232354,-0.049717125,-1.1027461,-0.26539442,-0.116729364,0.079183035,-0.11153615,-0.37641802,-0.09814611,-0.012150757,-0.13639244,0.06617217,-0.2847018,-0.06705786,0.13813515,-0.12876296,0.19013306,0.08428967
173,negative,-0.301494,0.00911766,0.08156833,0.0831855,-0.07420802,0.30715632,-0.102476686,0.26784655,0.1510533,0.41570225,-0.19901784,-0.021492576,0.49851382,0.23716745,0.044308443,-0.29084373,-0.051942952,-0.5473572,-0.86563087,0.43698865,0.7052824,0.0441781,0.233722,0.121515974,-0.5408252,-0.1364531,-0.016438246,-0.227705,-0.08096496,0.144838,0.027783027,-0.12991226,-0.055732284,0.08368381,-0.16585284,-0.2828011,-0.070310496,0.29811314,0.17327319,0.16695909,-0.32803017,-0.114971004,0.15297897,-0.20879963,0.63914406,-0.12894188,-0.06264158,-0.1270336,-0.18245065,-0.32517275,-0.15580125,0.054213334,0.025780458,0.8254765,-0.33606607,-1.4495662,-0.10631638,-0.3709109,1.4318745,0.3959611,-0.047939215,0.5256897,0.19257835,-0.027581468,0.21660216,0.09182507,-0.05276626,0.0346422,0.09074915,0.17250696,-0.16368589,-0.5598645,-0.027197344,-0.23844093,0.30470994,0.08236407,0.10258749,0.31187773,-0.8539572,-0.039272055,0.4751441,0.25751576,-0.42308474,-0.21942054,-0.75007147,-0.027900496,-0.13751483,0.14693873,0.062560566,0.2370842,0.80805594,-0.23570131,-0.16288875,0.24696161,-0.7810225,0.6069007,0.2877947,0.15418474,0.40928516,0.010568612
174,neutral,-0.27117297,-0.17759727,0.2705759,0.062156573,-0.10871609,-0.14986216,-0.47090873,-0.22477639,0.06895837,0.23172691,-0.25968775,0.066649444,0.24887842,0.06708618,-0.13234718,-0.034870267,-0.14183787,-0.11678446,-0.61559314,-0.043595403,0.13613465,-0.26573637,-0.015010419,-0.2371262,-0.1230323,0.21542928,-0.13473156,-0.16560788,-0.006225985,-0.07619311,-0.12798268,0.24656633,-0.25774658,-0.17671287,0.07595759,-0.06843291,0.1712378,0.06239559,-0.22497134,-0.008418804,-0.56827533,-0.11064667,0.32212517,-0.17402722,0.18113708,-0.26722783,0.24063227,-0.1370732,-0.43654126,-0.59945613,0.17135888,0.075561285,-0.13622007,1.0510358,0.17524707,-1.6459758,0.3218185,-0.25690287,1.1500152,0.24815327,-0.23334801,0.19716223,-0.12581787,-0.10608397,0.40503863,0.11958311,-0.086903505,0.21107948,0.012455369,-0.18903837,0.27765757,-0.38616,-0.009119649,-0.4862929,0.09627688,0.17484829,-0.21149197,0.3674747,-0.7412908,0.2680431,0.563147,0.14754789,-0.079649284,0.07857559,-0.89263546,0.009300484,0.012189181,0.3891915,0.06537944,-0.5930631,-0.055330932,-0.12831916,-0.2537438,0.1584358,-0.29380706,0.22705804,0.19469267,-0.28448564,0.44402903,0.2977511
175,neutral,-0.1650026,0.13825703,0.18741034,0.0451902,-0.15646344,-0.082769975,-0.2036701,0.14559512,0.11857629,0.042502806,-0.106516086,0.0380264,0.20159054,0.050152134,0.042145643,-0.13767236,0.05431087,-0.09957906,-0.36360708,-0.0004155086,0.21180241,-0.108037874,-0.07896981,0.03226246,-0.057358436,0.3316991,-0.21534942,-0.20903267,0.31966078,0.06449207,-0.03000062,0.18266018,-0.20994395,0.13620341,-0.1457015,0.109778166,0.17050996,0.022095077,-0.1766981,-0.12242834,-0.46422082,-0.0982345,0.21140748,-0.15847759,0.0869351,-0.07610751,-0.0076946057,-0.100615606,-0.0041233865,-0.6006816,0.048928525,0.01449716,0.1687925,0.8722291,-0.082802065,-1.4792508,0.081748664,-0.1881536,1.2430546,0.17298469,-0.0814243,0.3495637,-0.2703874,-0.36866012,0.55469596,0.044722933,0.23007077,0.13696052,-0.083385386,-0.19150117,0.053576164,-0.35929182,-0.17161395,-0.47650647,0.15416162,0.28782538,-0.13739365,0.08381324,-0.5347371,0.017729945,0.5771553,-0.026777701,-0.17331661,0.19031751,-0.8203132,-0.27085775,0.05958487,0.22349407,0.008347806,-0.21872991,0.08368433,-0.024567675,-0.10979967,0.20413037,-0.5146949,0.11841317,0.06315125,-0.27618837,0.4547886,0.11623652
176,neutral,-0.1195107,0.28182748,0.3682398,-0.46438077,0.14992675,-0.12495607,0.120932065,-0.07350269,-0.38341078,-0.24345505,0.29138458,0.03845205,-0.1711209,0.07003399,-0.13265477,-0.21976268,0.08475058,0.07676824,-0.49884257,0.21582668,0.25620875,0.08039039,0.33370233,0.3774654,0.08081186,0.20827954,-0.13773096,-0.51550066,0.3358844,-0.016628841,-0.26806888,0.16105224,0.058306128,0.07470488,0.11891677,0.20880713,-0.03845962,0.2920273,-0.25752684,0.04582479,-0.20066838,-0.07927369,0.15382093,0.2814119,-0.08208666,-0.020339046,-0.17485687,-0.31335685,0.29661173,-0.23962995,0.040733524,-0.10888893,-0.10976969,0.23650976,-0.18267016,-1.9471294,-0.21170129,0.03289463,0.5388282,0.53757787,0.11492369,0.751109,-0.15864792,0.19212675,0.25875297,-0.14605771,0.43784374,0.55136293,-0.073151335,0.13489959,0.021401368,0.015274724,-0.2354585,-0.2371236,0.1511313,-0.07854968,0.027297502,-0.17294033,-0.26951313,-0.10947797,0.3895112,0.11720836,-0.32957387,-0.0008617572,-0.72747284,-0.17633119,-0.18783101,-0.09241017,-0.017801352,-0.35102862,-0.114251,0.15683389,0.113071926,0.25954902,-0.33215573,0.009075358,-0.12667517,-0.2552003,0.09280585,0.08857646
177,neutral,-0.2687082,0.022478022,0.34336329,-0.041748364,-0.12297352,-0.10215534,-0.15639448,-0.09164776,-0.15528582,0.4031352,0.22037482,-0.19316624,0.08059439,0.017887242,-0.09328246,-0.17970806,0.32496932,-0.16981791,-0.3629789,0.00034267487,0.28810897,-0.11154392,0.05900496,-0.10242357,-0.0823995,0.12709844,-0.2948548,-0.2394084,0.11647231,-0.02425272,-0.28076622,0.26388037,-0.18728368,-0.07569006,0.083173335,0.27376783,-0.30318865,0.068546295,0.22697182,0.054603465,-0.4374366,-0.07531612,0.26348016,0.14147292,0.18268935,-0.08524368,0.10579344,-0.19350976,0.06831365,-0.51357013,0.3338301,-0.13177769,0.14739601,1.0366572,0.03763374,-1.5740469,0.11327922,-0.22668928,1.3522829,0.50401366,-0.20414004,0.3851158,0.18832958,-0.03352014,0.4443902,-0.13368057,0.08151648,0.2711482,-0.04724993,0.5402606,0.13926803,-0.3670611,-0.08856741,-0.30146638,-0.043550204,0.031318817,-0.113901444,0.16538608,-0.8574756,0.2540379,0.53458935,-0.22156061,-0.0813062,0.09797233,-0.9077297,-0.11697905,0.068206035,0.0887817,-0.042331394,-0.32996786,0.08745746,0.01443454,-0.05734557,0.08647555,-0.44306675,0.111741915,-0.09205669,-0.1455522,0.25992724,0.17734583
178,neutral,-0.1899302,-0.112376,0.270398,-0.0013914764,0.09637098,-0.11818197,-0.17937574,-0.17724946,0.1297319,0.23032017,0.14574762,0.0029645802,0.38289708,0.07041087,-0.13578829,-0.124694556,0.028911369,-0.25242594,-0.4970913,0.10808619,0.2879687,-0.22286998,0.24282649,-0.1210599,-0.14800654,-0.08477255,-0.018384606,-0.26028228,0.21961723,0.061554775,0.25479293,0.14486974,-0.1818601,-0.10870423,0.046926096,0.11316771,0.17462154,-0.03994479,-0.07532163,-0.06908553,-0.39887014,-0.05197448,0.38726848,-0.07970286,0.24827832,-0.32303432,0.09011319,-0.03846806,-0.16388631,-0.5270248,0.20937303,0.029390415,0.1513921,1.027842,0.1419797,-1.6328136,-0.06227135,-0.22003642,1.3632344,0.4024142,-0.17821392,0.161146,-0.06646241,-0.06171507,0.51718694,0.08647664,0.073746376,0.3081043,-0.026751803,0.11018591,0.25731623,-0.43544406,-0.15826277,-0.41285282,0.08704007,-0.16226514,-0.22047715,0.15217438,-0.7634222,0.13389087,0.554189,-0.08236177,-0.32363835,0.05692475,-0.8600215,0.025557,0.22614244,0.15527129,0.012371924,-0.17874561,0.22625166,-0.105546825,-0.12899554,0.28046387,-0.35665566,0.09851366,0.04616412,-0.265117,0.30715704,0.20055185
179,neutral,-0.079477474,0.18601334,0.11256312,-0.09832776,0.0015872944,0.1240115,0.21773425,0.26721036,0.08625425,0.026716135,0.20671734,-0.01815964,-0.052582543,0.04403196,0.1925407,-0.24776146,0.1843885,-0.065363586,-0.1682519,-0.037195683,0.27577633,0.112003125,0.07317143,-0.15517336,0.0058184927,-0.12379283,-0.016623858,-0.14520429,-0.09304584,-0.10019628,0.06458444,0.42788184,0.04033321,0.14011091,0.035851575,0.26191986,-0.14014648,0.023707889,-0.28917617,-0.41797513,-0.038384162,-0.13189094,-0.08543932,-0.039996248,-0.107682236,-0.17127079,0.078304656,-0.32946762,0.026596535,-0.49100146,-0.095882595,0.087423876,0.1208782,0.5437354,0.033671595,-1.4970455,-0.24780197,0.05086875,1.0287907,0.31430274,-0.1797999,0.44509056,-0.0494254,0.0032054754,0.3864301,0.0684634,0.008966389,0.12444245,-0.10956812,0.06359998,0.007186406,-0.2564968,-0.1729917,-0.15228601,0.19567981,0.13242428,-0.2107724,0.038010694,-0.38559726,-0.018431881,0.114225365,-0.36458325,-0.1381215,-0.042341646,-0.7805207,0.25114307,-0.16642737,-0.104869716,0.062383495,-0.18308422,-0.06910018,0.027905827,0.15030722,0.018268138,-0.21168284,-0.19643655,-0.34930268,-0.19252397,0.6339083,0.086343765
180,neutral,-0.44507325,-0.01426569,0.04319988,-0.41097367,0.096455574,-0.014040348,0.14134471,0.3015408,0.020830177,0.060418375,0.30807173,-0.13921112,-0.11764317,-0.058263883,0.19307481,-0.28752497,0.15169704,-0.026283575,-0.06332339,-0.089253776,-0.050699238,-0.06800664,-0.035641983,0.021041574,-0.07459645,-0.16426224,-0.0067132525,-0.15110268,-0.17438939,0.02950534,-0.10752675,0.33462274,-0.030003633,0.21766564,0.09721725,0.30152982,-0.05656449,0.1299081,0.012881093,-0.258294,-0.09097563,-0.22920384,0.10432043,-0.1418375,-0.22893193,0.06129673,-0.17628056,-0.13594082,0.17073485,-0.3805559,-0.04513745,0.15645318,0.16855314,0.51190215,-0.11443392,-1.4351913,-0.3712765,-0.11035298,1.0731832,0.3001419,0.12489877,0.23315185,-0.0016376472,0.1057566,0.26238135,0.08611373,0.07877104,0.22121812,0.18717358,0.06543271,0.109869696,-0.13267697,-0.08483193,-0.41957217,0.16216415,0.3381156,0.0027426449,0.033821117,-0.54785043,-0.02912493,0.2607312,-0.22181487,-0.10215899,-0.1302835,-0.8397015,0.15847279,-0.030818015,-0.0017467214,0.053185932,0.289949,0.03493609,0.15741496,0.11686866,0.05876919,-0.084747665,-0.10768047,-0.09001071,0.0021911813,0.47698727,-0.08675323
181,neutral,-0.04265711,0.16094473,0.098599814,-0.31010252,-0.1005461,0.18071198,-0.3878654,0.069428064,-0.34096444,-0.15220593,0.049772035,-0.03370767,0.38452408,-0.12241591,-0.0007222785,-0.31943434,0.08627145,-0.14670287,-0.20439927,0.30940178,0.29580012,0.08604125,-0.1963655,0.0012938471,0.39866766,0.18489285,-0.15503626,0.06687657,0.21720088,0.25070348,0.20562251,0.3801658,-0.04301356,-0.2299305,-0.13026299,0.21495222,0.06409126,0.09376621,0.17031796,-0.06940904,-0.28799924,0.049925935,-0.07125709,-0.25021434,0.027927108,0.033970572,-0.08531697,0.13078505,0.1651805,-0.40571475,0.019961927,0.01225513,-0.0041210563,0.7839866,-0.05361171,-2.0224373,0.062503085,-0.13910963,1.5563862,0.41761646,0.32378802,0.40934017,-0.06820575,-0.2575704,0.57026666,0.16658366,0.04337225,0.06762915,-0.024466725,-0.27094403,-0.03517691,0.006429648,-0.027270408,-0.29751116,0.09957854,0.12681687,-0.101940975,-0.28056425,-0.7384704,0.07605505,0.24634582,0.08974429,-0.1888978,0.20041275,-0.9558834,-0.5290303,0.07409776,0.19999526,0.27721396,-0.17413768,-0.04158038,0.049877364,-0.07444244,0.15154193,-0.38509145,0.29306394,0.1457762,-0.27464274,0.28430685,-0.033147097
182,neutral,-0.23154925,0.1639464,0.2665991,0.0026292612,-0.08827522,-0.36324382,-0.1545844,0.26555988,-0.021738933,0.35141963,-0.017941924,-0.2541266,0.23049776,-0.029735014,0.12028424,-0.503903,-0.016720008,-0.124830574,0.24563181,-0.31431037,0.4120603,-0.35592687,0.23164335,-0.09344297,0.12514797,0.2960391,-0.24234955,0.07888205,-0.13960752,0.05820612,-0.10688562,-0.053243652,-0.19848566,0.09667692,-0.1563871,0.16690712,0.17549126,-0.03603328,-0.02569412,0.06391888,-0.33977395,-0.24119304,-0.074922465,-0.40451485,0.6693179,-0.0734917,0.2221026,0.29293677,0.10685772,-0.43656522,0.23248444,0.093780674,0.28635988,0.7498623,-0.047609612,-1.3344737,-0.015000731,-0.11517744,1.033896,0.09417625,-0.47428122,0.8046069,-0.25336576,0.061373547,0.046927985,0.34326023,0.07509581,0.026772251,-0.28865597,-0.08358184,0.4154864,-0.530084,0.21821438,-0.5188891,0.040406693,0.030012732,0.23614173,0.045563187,-0.5501824,-0.031600114,0.5737782,-0.050942067,-0.39917135,0.12861174,-0.67850846,0.08138435,0.08183686,0.08085384,0.24315636,-0.11087461,0.14643516,0.16281281,-0.3121047,-0.058834154,-0.55168605,0.61784,0.13324256,-0.03257041,0.23355938,-0.031102998
183,negative,-0.3861723,0.07013941,0.50885177,-0.12045443,-0.37875953,-0.52226424,0.17488964,-0.16847473,-0.13126479,0.8536194,0.30758193,-0.38345823,-0.067490384,-0.04827548,0.3381101,-0.29447868,0.18395561,0.045968324,0.0016790588,-0.11302457,0.37584057,0.02267755,0.04034888,-0.14263804,0.18435964,0.22756766,-0.46824247,0.38317832,0.20856103,0.054167878,-0.17151639,0.38617828,0.083474696,0.23582134,0.29477972,-0.017376686,0.24229625,-0.2551024,0.14516504,0.08239081,-0.25410134,-0.13675174,-0.04018118,0.16688208,0.5651074,-0.033631492,0.28778422,-0.24044386,-0.036977638,-0.44711918,0.19429791,0.38369927,-0.1263483,0.59419256,0.031477533,-1.1234902,0.34175342,-0.15443666,1.4498489,0.55264765,0.13684583,0.65285754,0.28148788,0.3880286,0.018288955,0.23423281,0.01458128,0.16810422,-0.26251957,0.46058935,0.30160448,-0.53019947,0.18787873,-0.41935855,0.01765101,-0.024404243,0.35325357,0.46296635,-0.39221963,0.14027636,0.5845947,-0.23524371,-0.29867625,0.028302675,-0.5751564,0.21222657,0.53184545,0.16329975,0.09215715,-0.08542268,-0.093890846,0.27009976,-0.2853346,0.025626827,0.09189586,0.46401197,-0.04516422,-0.08350645,0.10621259,-0.037889276
184,negative,0.017325332,0.30580583,-0.32695958,0.13054168,-0.05083297,0.52401006,-0.43076456,-0.38525614,0.3880716,0.43855956,-0.073555715,0.29257894,0.3781376,0.05464394,-0.022400647,0.22828025,-0.025957711,-0.53195995,-0.6076518,-0.092214085,0.72382337,-0.3077352,0.7696636,0.023330826,-0.15470728,-0.442403,-0.18620585,-0.052863255,0.573784,-0.321859,0.32149428,0.3055228,0.25831592,-0.0073104,-0.25228795,-0.24180542,0.27896735,0.14662048,-0.100720815,-0.37063453,-0.81259197,0.03149612,0.52468145,-0.2543777,0.3242865,-0.41993758,0.6106301,-0.3735824,0.017830564,-0.37136686,-0.41173038,-0.35431057,0.42385867,1.5604762,-0.29962927,-1.4321077,0.0907362,-0.25292534,1.7314054,0.38340178,-0.12789175,0.50871855,-0.36516353,-0.35409042,0.8748211,0.3244493,-0.061945397,-0.22238381,0.30023965,0.16856642,0.34543407,-0.53418195,-1.0844074,-0.41395953,-0.14177378,0.32613787,0.032148764,0.77384895,-1.5874665,0.12659985,0.8894007,0.17048255,-0.28217348,0.33018816,-0.9843108,0.3776313,0.08455389,0.08486061,0.13741392,-0.4034666,0.5436165,-0.5225845,-0.61877704,0.41727012,-0.91130596,-0.12602967,0.01314172,-0.043950934,-0.1253469,-0.2529484
185,negative,-0.080721326,0.3467992,0.20232674,-0.19672124,-0.19977279,0.08149805,-0.02891391,0.02782149,0.0074184695,0.19997776,0.14881651,-0.06545271,0.3059996,0.032281555,-0.05481879,-0.041862126,0.045131646,-0.11397322,-0.4234198,0.15856762,0.41066918,-0.03920243,0.055355188,-0.0337623,0.004440025,0.09931912,-0.23222539,-0.22584233,0.37507796,-0.036439374,-0.072771855,0.17245527,-0.046103835,-0.04545249,0.09002136,0.028345982,-0.12729122,0.07903397,0.088753395,-0.108140714,-0.23383604,0.0459837,0.08138279,-0.2951355,0.018708918,-0.06494192,0.10276675,-0.102482356,-0.08766941,-0.5702119,0.015845535,-0.059165273,0.09365404,0.89319605,-0.07839403,-1.7366012,0.091064386,-0.109726906,1.1613214,0.3642437,0.038355123,0.6753759,-0.15783653,-0.046170063,0.60904896,0.1708253,0.22165535,0.13330616,-0.1153176,0.02944872,0.18784674,-0.3276157,-0.2342894,-0.20069808,0.15749872,0.1691056,0.019128475,-0.013482775,-0.6229179,0.04594033,0.6162323,-0.044378515,-0.2401406,0.16455872,-1.04769,-0.17846055,-0.039360825,-0.11057332,-0.026738517,-0.22758383,-0.040150695,-0.08219954,0.0028790922,0.056234717,-0.54268813,-0.09148646,0.012523012,-0.04429458,0.32452115,0.059566326
186,negative,0.17352653,0.17702678,0.22210129,-0.5975364,0.031006519,0.24162391,-0.12555613,-0.02709333,-0.02670827,0.12791607,-0.04634965,0.03995106,-0.13396725,0.3173608,0.07667605,-0.2543319,0.23117079,-0.15048672,-0.57025987,0.05309434,0.18567018,-0.08335966,0.06580549,0.1017389,0.14702238,0.12769642,-0.061665863,-0.7013304,0.055785537,0.23943476,-0.009431288,-0.123374075,-0.003476361,0.064500116,0.037674315,0.37493,-0.29067293,-0.18188852,0.41997617,-0.09433797,-0.20043689,0.09975261,0.15502022,-0.06666895,0.017614057,0.034269337,-0.17916903,-0.2935852,0.015695397,-0.19233903,0.03544255,-0.4329577,0.21353035,0.7442621,0.0031623705,-1.2341545,0.24926127,-0.03654796,0.5238261,0.3466522,-0.0159435,0.26645988,-0.36570743,-0.42506707,0.4097433,-0.06755893,0.43961114,0.38801122,0.05550952,0.25532833,0.12149349,-0.19835581,-0.23358999,-0.031045925,0.019041361,0.12640205,0.10188691,-0.112424485,-0.25459468,0.3814301,0.342143,-0.019533345,-0.00792463,0.014203496,-0.85194904,0.12521653,-0.2780758,-0.09431927,-0.055753417,-0.051333684,0.1402939,-0.28581113,-0.013058448,-0.05584894,0.105590776,-0.07904588,0.03530552,-0.08100075,0.11152191,-0.41407588
187,negative,0.17352653,0.17702678,0.22210129,-0.5975364,0.031006519,0.24162391,-0.12555613,-0.02709333,-0.02670827,0.12791607,-0.04634965,0.03995106,-0.13396725,0.3173608,0.07667605,-0.2543319,0.23117079,-0.15048672,-0.57025987,0.05309434,0.18567018,-0.08335966,0.06580549,0.1017389,0.14702238,0.12769642,-0.061665863,-0.7013304,0.055785537,0.23943476,-0.009431288,-0.123374075,-0.003476361,0.064500116,0.037674315,0.37493,-0.29067293,-0.18188852,0.41997617,-0.09433797,-0.20043689,0.09975261,0.15502022,-0.06666895,0.017614057,0.034269337,-0.17916903,-0.2935852,0.015695397,-0.19233903,0.03544255,-0.4329577,0.21353035,0.7442621,0.0031623705,-1.2341545,0.24926127,-0.03654796,0.5238261,0.3466522,-0.0159435,0.26645988,-0.36570743,-0.42506707,0.4097433,-0.06755893,0.43961114,0.38801122,0.05550952,0.25532833,0.12149349,-0.19835581,-0.23358999,-0.031045925,0.019041361,0.12640205,0.10188691,-0.112424485,-0.25459468,0.3814301,0.342143,-0.019533345,-0.00792463,0.014203496,-0.85194904,0.12521653,-0.2780758,-0.09431927,-0.055753417,-0.051333684,0.1402939,-0.28581113,-0.013058448,-0.05584894,0.105590776,-0.07904588,0.03530552,-0.08100075,0.11152191,-0.41407588
188,neutral,-0.2846192,-0.10476775,0.18677592,0.20185193,0.06158287,-0.17209925,0.03773462,0.120438375,0.018348504,0.17230822,-0.11850039,0.1118451,0.8238905,0.12770082,0.0648504,0.08652166,-0.37521002,-0.110832565,-0.6043038,-0.3799723,0.24576527,-0.35433403,0.2915561,-0.11506988,0.1742297,0.07729126,-0.45388743,-0.25258636,-0.098475836,-0.31315526,0.12116683,0.046569217,0.14399952,-0.13270032,-0.08677038,0.0072450964,0.33340147,-0.24787946,-0.35155103,-0.13631898,-0.4246696,0.25496492,0.6842416,0.014508055,-0.09549697,-0.49071482,-0.08397225,-0.12589046,-0.28017485,-0.4595179,0.40797195,0.1140085,0.02337968,0.87304366,-0.25450885,-1.7251918,0.23673385,-0.3498793,1.4170083,0.47611815,-0.16603945,-0.10413717,-0.78365207,-0.5188131,0.7261276,0.27382737,-0.27902704,0.1986169,-0.007266408,-0.5399793,0.3822018,-0.4867568,-0.36197174,-0.5468462,-0.014401195,-0.22658703,-0.28167972,0.19866349,-0.92771083,-0.10464698,0.4427949,-0.33289042,0.027231123,0.00071272824,-0.6606956,0.2947541,0.34262002,0.16262218,-0.21788096,-0.3347078,-0.34842074,0.04371054,-0.545817,0.05772668,-0.6740631,0.38498765,0.04464563,0.22806151,0.51874095,0.34687015
189,negative,-0.22847667,-0.13653046,0.1584514,0.10359704,-0.06359698,-0.2977266,0.10474516,-0.029565837,0.05339009,0.68265504,0.052482884,-0.14652061,0.20679262,0.12343641,0.10638021,0.027131304,-0.15233849,-0.29248837,-0.47468463,-0.059046857,0.39898944,-0.21677968,0.14068753,0.021914057,0.17487079,0.18256727,-0.3810301,0.15446064,0.33878952,0.08570148,-0.16118237,0.11623966,-0.17814533,0.293305,0.065204605,-0.09087801,0.20498805,-0.19459404,-0.034877703,0.05894175,-0.6243117,0.07473862,0.16002615,0.18061112,0.33420148,-0.32617056,0.29370323,0.013773962,-0.09345695,-0.36014387,0.23643692,0.4211518,0.2913837,0.9168354,-0.22997035,-1.6520841,-0.17495938,-0.0754193,1.1598332,0.33163875,-0.10145576,0.5334917,0.16811098,-0.1798654,0.3120085,0.25787577,-0.047013443,0.28061512,-0.28418472,0.012246824,0.1684337,-0.5289849,-0.17536134,-0.3579993,-0.17389399,-0.04863184,0.21830226,0.1730606,-0.7776357,0.08273754,0.8736604,0.017646004,-0.21247375,0.09482181,-0.5737011,0.05493601,0.33745888,0.24248575,0.116111435,-0.18899333,-0.084749274,0.44514027,-0.20043166,0.050137375,-0.530997,0.26164532,-0.11829143,0.12643874,0.38957834,-0.034553397
190,neutral,-0.18193509,0.045057043,0.14855182,-0.19128743,-0.14740443,-0.07067979,-0.11086963,-0.049945462,0.118833706,0.021996913,0.036932614,0.044338137,0.14172086,0.0012707806,0.07591365,-0.011122997,-0.13917743,-0.074072115,-0.35101116,0.17810498,0.21157607,-0.11013507,-0.021352215,-0.2858012,-0.088727385,0.10164946,-0.094909884,-0.09802349,0.09935491,-0.080372244,-0.065443605,0.18244398,0.02367955,0.04597633,-0.11615102,0.22785465,0.0125731975,0.062814415,0.020301154,-0.1163728,-0.39074564,0.066842236,0.17867652,-0.1034788,-0.08927147,-0.277752,0.14130361,-0.05169418,-0.110178486,-0.5649479,0.022011876,0.068235755,0.22859348,0.6193329,-0.24280491,-1.4351847,0.12744525,-0.039812606,0.76691896,0.25737777,-0.15210564,0.40870455,-0.17928727,-0.30414465,0.4093052,-0.02542284,0.25825924,0.32887065,-0.21267444,-0.10466033,0.13764893,-0.2615217,-0.15738954,-0.53703237,0.05560656,0.1733087,0.019849235,-0.07083265,-0.59084535,-0.031184718,0.38207805,-0.2557696,-0.23423748,-0.14191113,-0.9174841,-0.17767057,0.06670623,0.047496703,-0.0323599,-0.27222574,-0.06610262,0.039350312,-0.105388425,0.008506347,-0.29018232,0.022916568,-0.17198434,-0.2931156,0.105817005,0.17331515
191,negative,0.16471738,0.13327768,0.17496786,-0.2102701,-0.068645574,0.22644176,-0.027437873,0.033299524,0.06203514,0.3969165,0.145726,0.10478308,0.2477515,0.33089948,-0.20977172,0.067350745,0.16502187,-0.022472998,-0.7507688,0.35024083,0.19003035,-0.18814504,0.19317587,-0.11967302,-0.094830535,-0.07463171,-0.17974481,-0.42467234,-0.023521533,0.09081223,-0.060449623,0.20253482,-0.03113055,0.19351445,-0.08175891,-0.115535006,0.001741048,0.08667415,0.29269764,0.10373911,-0.6855264,0.00074080244,0.24739352,-0.23296513,0.096221894,-0.10847091,0.07175113,0.024103563,-0.10589723,-0.46576577,0.15386744,-0.19307631,0.035970747,1.0109674,-0.21696593,-1.8478491,-0.28604412,-0.20110428,1.447175,0.37118703,-0.14296494,0.51699084,0.10265231,-0.1069576,0.5888214,-0.08543695,0.19555712,0.34652105,-0.1019351,0.39026475,0.07111128,-0.3587424,-0.19636135,-0.12773402,-0.10908526,0.19269238,0.22552103,0.07008886,-0.8099185,-0.11304255,0.50054014,0.26251528,-0.2505434,-0.16914278,-1.0594623,-0.3426814,0.06895565,0.05141449,-0.054097388,-0.29879543,0.025074944,-0.19669242,-0.10541885,0.12532862,-0.2908752,0.08500196,-0.23076852,-0.13441834,0.30540377,-0.040087953
192,neutral,-0.09020266,0.276338,0.52091676,0.07835396,0.08372874,-0.2744395,0.11807667,0.23837401,-0.11716333,0.3202248,0.1559459,-0.111278445,0.3483038,0.023741588,0.05614451,0.10312886,-0.009798376,-0.14490046,-0.45611376,0.022463603,0.36984912,-0.08705058,0.24349764,0.21486904,0.3426077,-0.14017452,-0.15976667,-0.12051153,0.08450809,-0.028932046,-0.10145746,-0.017629853,-0.030299274,0.026438143,-0.15263322,0.008288705,-0.13987723,-0.031657506,-0.33177114,0.04444073,-0.6076778,0.06570045,0.35652158,0.052003197,0.22351252,-0.17190728,0.45802513,-0.31847262,0.07535937,-0.5754672,0.10986426,0.025801899,0.12307827,0.964986,-0.1554889,-2.129299,-0.22267435,-0.29975432,1.3757167,0.5455036,-0.39319384,0.6161084,0.015212222,-0.30303586,0.8165347,0.03910398,0.004403708,0.2795179,-0.03660141,-0.10946874,0.038296767,-0.17792706,-0.38991004,-0.33928284,0.082817264,-0.064051405,0.065473534,0.078745194,-0.93832076,0.027608745,0.6101012,0.10689317,-0.3773592,0.24308418,-0.8862069,0.122442335,0.10828745,-0.2144444,0.18194857,-0.19801667,-0.13842605,0.15269034,-0.19697607,0.30300352,-0.6531658,0.05832171,0.18712728,0.033999953,0.41080052,0.06276871
193,neutral,-0.17127918,0.25863436,0.28860885,-0.29244658,-0.12673305,0.31572276,-0.10078277,0.10556249,-0.051851265,-0.12849088,-0.08330994,-0.017733112,0.32047507,0.08084802,0.04192956,-0.25285727,0.14313664,-0.018070333,-0.07016817,0.20117863,0.17933662,-0.06900834,-0.02254398,-0.13127823,0.3481781,0.066360295,-0.15082468,-0.32486773,0.19650814,0.019288763,0.048372447,0.3239919,0.0774467,-0.023766113,0.23272516,0.19080235,-0.1820954,0.25950417,0.16105002,-0.09152044,-0.20546417,-0.09004821,0.17020798,-0.3587096,-0.111437045,-0.026827404,0.01722114,-0.0046360907,-0.0780622,-0.501029,-0.11743354,-0.19825405,0.124556236,0.75129074,-0.13858886,-1.7911527,-0.18294436,-0.011629737,1.0547636,0.3921061,-0.14041463,0.5575168,-0.15754808,0.12503435,0.6239216,-0.040211167,0.31735364,0.17726824,0.08324519,-0.06903412,-0.036766246,-0.24912867,-0.0550939,-0.25526166,0.12107002,0.22693545,-0.15082954,-0.18202822,-0.36160573,-0.13179472,0.22413023,-0.1553654,-0.20022307,-0.06978072,-0.99465615,-0.24046546,0.055344913,-0.003942125,0.13209598,-0.19180919,-0.056034718,-0.19840547,0.079396084,0.061205283,-0.5269231,-0.08213223,-0.33111945,-0.21298495,0.30288294,0.004686142
194,neutral,0.042785812,0.06289932,0.047049776,-0.43802282,-0.046464007,0.01677009,-0.1659946,0.08257047,-0.39707077,-0.24451433,0.11422288,-0.031733356,-0.092869475,0.114840254,0.09497123,-0.12335115,0.20616631,-0.017926972,-0.47015575,0.3279789,0.038780313,0.14516476,0.16623938,-0.08446261,0.33146593,0.0021532758,0.11187175,-0.4372615,0.101070546,0.30563742,0.124570675,0.45757723,0.09375346,0.25613755,-0.31187373,0.12806937,-0.19505721,0.22633144,-0.15540826,-0.31198815,-0.0025778688,0.10152654,0.14458133,0.052273214,0.013394617,-0.12556633,-0.038731333,-0.28851172,-0.0426405,-0.3828038,0.16180293,-0.21148443,0.37064472,0.55410767,-0.05148457,-1.200149,-0.14594439,0.24113673,0.15621823,0.28977668,-0.004153399,0.38215536,0.24449389,-0.12506728,0.33401042,0.05213723,0.40252492,0.5003684,-0.15923087,0.175807,-0.03938572,-0.057926625,-0.051401038,-0.14140388,-0.11551853,0.076202095,-0.01807493,-0.039974425,-0.03879427,-0.2338276,0.2909364,-0.062496837,-0.15519132,-0.094547115,-0.37212393,0.019532729,-0.074832894,-0.14341833,0.17227767,-0.12637389,0.34647825,0.066179045,-0.12493487,0.10945992,-0.08940003,-0.041761514,0.10176493,-0.18620667,0.057177175,-0.014371943
195,negative,-0.00893733,0.17545715,0.31052402,-0.06865206,0.014566882,0.13097675,-0.123755485,-0.0129335495,0.071984775,0.14056106,-0.011881033,0.066685736,0.1399764,-0.105559155,0.010238787,-0.14322695,-0.048227847,-0.038742494,-0.34934524,0.12044137,0.27724618,-0.05197712,0.09350683,-0.058338463,0.013591408,-0.026221065,-0.19971457,-0.25959614,0.2583307,-0.060656805,0.12734185,0.37096515,-0.07344261,-0.044283222,0.0148681,0.19739003,0.031105826,-0.061422482,-0.008673329,-0.15921293,-0.45424473,-0.09778831,0.22703746,-0.26754233,-0.0909739,-0.1347067,0.09356469,-0.1228727,-0.12539223,-0.5233174,0.13148415,0.02089794,0.1938809,0.81187,-0.14261577,-1.5682473,0.08728421,-0.09702297,1.1307228,0.22326255,-0.07911295,0.36115664,-0.0758773,-0.17716345,0.48915082,0.042361118,0.25985208,0.2479004,-0.10770543,-0.03175633,0.10116691,-0.20080927,-0.25319412,-0.31813526,-0.02199323,0.021840053,0.04098919,0.00018296996,-0.6309245,0.11828146,0.47160035,-0.16088176,-0.21521747,-0.090117164,-0.8720479,-0.10884226,-0.008618804,0.22383769,0.054445874,-0.46461296,0.04453072,-0.11841294,-0.16568507,-0.079959914,-0.4491973,-0.037633628,-0.09944015,-0.09100781,0.30246523,0.14331648
196,negative,-0.048704106,0.057050202,0.30672437,-0.36877808,-0.060562175,0.08323655,0.030938908,-0.11738848,0.18744525,0.12922218,0.0675101,0.02147013,0.028435143,-0.063868344,0.10245854,-0.094531864,-0.08222497,0.10781986,-0.18877515,0.13314424,0.31660587,0.0544232,0.0629838,-0.16927882,0.06035416,0.08543215,-0.16537091,-0.051829446,0.19248104,-0.062187344,-0.015824568,0.49512175,0.13002048,0.08742911,0.09622125,0.049729373,-0.25481847,-0.040265962,0.10230944,-0.16146056,-0.050930515,0.002956706,-0.037026208,-0.26012304,-0.19138633,-0.29375866,-0.008716913,-0.20135343,-0.042735282,-0.6731747,0.06271164,0.28672004,-0.01139565,0.59170264,-0.23709998,-1.4893936,0.013440561,0.06948509,0.94670373,0.28794724,0.038108602,0.45602223,-0.047733203,0.13759935,0.4885432,-0.14117715,0.49935114,-0.074247435,-0.17708173,-0.1633133,0.06272701,-0.24304347,0.16725451,-0.042561788,0.047709446,0.05668952,0.008009386,-0.013718856,-0.0070599252,0.16213568,0.27992058,-0.070502646,-0.55668044,-0.09673785,-0.90055203,-0.09711495,0.19863884,-0.23692307,0.003115094,-0.18240528,-0.07386455,0.10185075,-0.25959846,-0.28068092,0.007260987,-0.24383873,-0.06814271,0.06193591,0.3524016,0.0068602343
197,neutral,-0.13610655,-0.012700631,0.42693377,-0.25662357,-0.09135924,0.015456761,-0.13010436,0.28754517,0.17750861,-0.07965926,0.1407663,0.09890443,0.1751578,-0.05651795,0.050454985,-0.16136062,0.02668334,0.17028764,-0.23945852,0.057587683,0.122798644,-0.16862799,0.123561755,0.029640416,0.09474073,0.079154894,0.041616544,-0.121890366,0.19501296,-0.014274452,-0.16320324,0.12957773,-0.034641754,0.26823357,-0.032568436,0.19909506,-0.10149032,0.0038549644,0.048362866,-0.18324673,-0.23146899,-0.13222784,0.054282982,-0.17490129,0.078498654,-0.073890455,0.10641298,-0.13084412,0.023754472,-0.6283543,-0.036791153,-0.053324897,0.018517436,0.7191044,-0.20516482,-1.3881211,-0.18903637,0.030877167,1.0107453,0.25958246,-0.25889495,0.4281739,-0.20427448,-0.15208866,0.3082454,0.12567966,-0.12995966,0.13783069,-0.017378239,-0.0029575778,-0.06352218,-0.32978284,-0.14570536,-0.13219444,0.09913616,0.019282429,0.14961734,0.06837292,-0.49479154,-0.10917723,0.37688234,-0.23847808,-0.051332735,0.16137813,-0.7830388,-0.05094153,-0.059231307,-0.040889204,-0.09326321,-0.020088356,-0.0983572,0.03336467,-0.10454467,-0.1773404,-0.26823273,0.24122268,0.21659717,-0.055897433,0.35029277,0.055597924
198,neutral,-0.095914796,0.02859946,0.25379828,0.058082197,0.18778108,-0.18893535,-0.10859776,0.03442805,-0.11979568,0.14350305,0.09321299,-0.073239125,0.21343729,-0.0727938,-0.03887462,-0.016024826,0.19942361,-0.069013044,-0.07667336,0.054204036,0.25253388,-0.11391761,0.09596668,0.16068345,-0.06557955,-0.06537861,0.007343187,0.018916829,0.10016479,0.008997044,-0.019427927,0.34043336,-0.21526407,0.109087154,0.045726415,0.07868473,0.016178096,0.1062865,-0.07363113,-0.10025339,-0.21343821,-0.2301711,0.10988306,0.0095457295,0.0003810935,-0.080902524,0.13215202,-0.15199052,-0.01826754,-0.6121329,0.009089938,0.09447811,0.13193865,0.9210828,-0.14457153,-2.1569626,-0.24628747,-0.22144195,1.5225759,0.4461417,-0.13334651,0.45532766,0.049032982,0.02355262,0.4366392,0.020622352,0.14613369,0.26713523,-0.0004202489,0.038379617,-0.015573119,-0.12814878,-0.113149226,-0.31179705,0.11993141,0.05798911,0.00290071,-0.10128105,-0.7218033,-0.0194843,0.5320852,-0.06977372,-0.2646487,0.21391912,-0.9318959,-0.28037515,0.19242743,0.080242746,0.18169543,-0.12665233,0.05449999,0.081301115,-0.05141851,-0.077732645,-0.311957,0.08249655,-0.030361313,-0.20081715,0.43796504,0.16312116
199,negative,-0.03500533,0.34429306,0.24036331,-0.063313544,-0.20573667,0.021612715,-0.14919773,-0.014524044,0.035297483,0.0050634695,-0.034620207,0.07438303,0.1324831,0.08953302,0.023685398,-0.0634431,-0.023922147,0.05307869,-0.24301895,0.193618,0.3453815,0.079767235,0.09416017,0.016107531,0.12607904,0.077169865,-0.22100328,-0.19414118,0.0812478,-0.052848577,-0.04290512,0.15162565,-0.074167974,0.03927369,0.0871321,0.1472916,-0.02711943,0.008125344,-0.007884811,-0.1353906,-0.3485101,-0.025756298,0.034280837,-0.25026327,0.03245996,-0.0854237,0.19043392,-0.13183545,-0.0034280317,-0.5738603,0.0012650023,-0.059221942,0.103131615,0.8037258,-0.06630749,-1.7520037,0.03118378,-0.1815137,1.1091651,0.30617428,-0.0015345073,0.52699435,-0.13722521,-0.14514884,0.52009624,0.07232731,0.21516666,0.11380805,-0.028988259,-0.07874874,0.044674117,-0.24105835,-0.2299925,-0.22249347,-0.04100892,0.10561599,-0.07621302,0.068012975,-0.5442866,0.09373709,0.56219196,-0.030632466,-0.2399279,0.07268151,-0.94335943,-0.078071125,-0.026426159,-0.039097648,-0.19246157,-0.34096882,-0.08597121,0.016955137,-0.08539746,-0.11608422,-0.34936857,-0.08310929,-0.062197316,-0.04522579,0.46352062,0.0656029
200,neutral,-0.24375074,0.36461538,0.21459344,-0.27449837,0.062498763,0.3711891,-0.11495757,0.3251556,-0.23289725,0.033873398,0.024962658,-0.016761018,0.14797027,0.0822481,0.05806415,-0.21202461,0.32246035,0.3589598,-0.34614876,-0.09015695,0.2712796,0.20891604,0.0665179,-0.30925205,0.25310132,-0.12571105,-0.14271338,-0.17922401,0.08526,-0.1760926,0.17023222,0.39372623,0.09330566,-0.15223208,0.13774173,0.19553983,0.18122481,0.15217726,0.12159111,-0.00053901505,-0.16374084,-0.40259495,-0.07668861,-0.14421926,-0.12870134,-0.18625258,-0.018853553,0.014109852,0.09147383,-0.2896974,-0.030972386,-0.10263845,0.10017238,0.89859897,-0.19672103,-2.1830826,-0.030641986,0.10339758,1.4577562,0.30997765,-0.22078851,0.8710564,-0.104498476,0.12646167,0.543477,0.046472054,0.368329,0.12225741,-0.000726504,-0.26928464,-0.11482742,-0.22653519,-0.13870615,-0.39324495,-0.03526468,-0.23636314,0.09576884,0.047399558,-0.2926305,-0.05168217,0.46840996,0.10379549,-0.48086357,-0.14912483,-1.0849435,-0.09702561,0.17582609,-0.18953653,-0.15042534,-0.119923405,0.05963419,0.07140349,-0.058996715,-0.3052462,-0.44193944,-0.23135589,-0.08609833,-0.18838163,0.6179488,0.43630463
201,neutral,-0.11726294,0.09035255,0.38565978,-0.15501009,-0.18519011,0.020347217,0.01411476,0.07205791,0.23627555,0.05614262,0.26721117,0.13289039,0.2230554,0.03250642,0.25824448,-0.42748573,0.028832337,0.22098973,-0.067475796,0.09160939,0.35357964,0.15981013,0.02859597,-0.1586248,0.060822856,0.001445066,-0.21965337,-0.20449094,0.22146483,-0.1579342,-0.09657001,0.28563964,0.062394917,0.16783114,0.09137814,0.18874371,-0.00941159,-0.011159338,0.2089452,-0.05746692,-0.29438418,-0.25093284,0.043674707,-0.20918784,-0.024292793,-0.043957856,0.09509866,0.050423026,-0.106027305,-0.5773803,0.052911296,0.25142127,0.12197463,0.88113517,-0.005690208,-1.708275,-0.13929984,0.11891983,1.4691246,0.1912801,-0.035668332,0.72977614,-0.09501533,-0.012621939,0.580508,-0.018894061,0.36444363,-0.08647118,-0.10091789,-0.12056334,-0.1061767,-0.41472605,0.1517689,-0.30820432,0.22607239,-0.2177557,0.0726734,0.08991487,-0.53523487,0.2323154,0.3307796,-0.10720664,-0.28444755,0.03264772,-0.87275374,-0.14583924,0.08456449,-0.18806808,-0.120316096,-0.21607797,-0.038344134,-0.14138873,-0.060192097,-0.07428408,-0.43327084,0.1381142,-0.19913433,-0.0032480503,0.32045105,-0.009475831
202,neutral,-0.30919963,0.16224262,0.29414642,-0.36224043,-0.12574168,0.2024888,0.0021056884,0.04779363,0.28920817,0.014418535,0.26104662,0.11013735,0.18087906,-0.16279802,0.13347362,0.013763247,0.12237732,0.0060196724,-0.06661333,0.15220545,0.27405214,0.14011092,0.04487117,-0.39013028,0.112052165,0.33145615,-0.14733978,0.007316482,-0.048450947,-0.01238485,-0.08583184,0.14559743,-0.24267772,0.30690223,0.032633502,0.08650601,-0.022098083,-0.013737683,0.017611185,-0.14011192,-0.48546895,-0.24479297,-0.14616786,-0.27840957,-0.12361615,0.062950194,-0.12633045,0.1206314,0.1906681,-0.532344,0.26856184,-0.14670752,0.07429822,0.71298593,0.0117552355,-1.5007824,-0.1805505,0.14037572,0.9012994,0.5118376,-0.007453375,0.96853316,-0.22486997,-0.0007978678,0.5601957,-0.08044783,0.47126138,0.21249907,-0.074892275,-0.4556484,0.11000607,-0.13104483,-0.09567764,-0.035092767,-0.16062866,0.34681472,0.035400648,0.31642216,-0.41590136,-0.067134194,0.1943599,-0.05855198,-0.06620135,-0.107966796,-0.7982761,-0.13317667,-0.11754156,-0.0017229832,-0.32387486,-0.06761596,0.13953096,-0.052221656,-0.14248846,-0.274076,-0.015119376,-0.091876715,-0.3346643,-0.17692024,0.5688725,0.20184526
203,negative,0.09141323,0.2649369,0.31916404,-0.13387495,-0.014669591,-0.18860933,-0.03177422,0.16911498,-0.012068823,0.43457064,0.12089093,-0.12175257,0.050313085,0.09879617,0.12451392,0.06734516,0.15511665,0.12194033,-0.13666229,0.011299362,0.19915697,-0.24231863,0.063110724,-0.2675199,0.3406542,0.06542953,-0.11016747,0.18280241,0.06346229,0.0155636165,0.022542272,0.1672645,-0.2481914,0.1624494,0.07681284,-0.12973826,0.030458419,-0.15605351,0.027365753,-0.0829607,-0.09799473,0.025681356,-0.0832147,-0.14185327,0.15305682,-0.16748865,0.2525714,-0.07805518,0.0107150655,-0.3555994,0.105271146,-0.010979728,0.08574434,0.6939245,0.022015011,-1.46316,-0.121309586,0.010874587,1.0366286,0.24898835,0.070102364,0.4418125,-0.04536571,0.17566563,0.58629555,0.026452176,0.14263998,0.04179496,0.14095515,-0.07537198,0.060617674,-0.10181334,0.11476088,-0.01854133,0.037718132,-0.028510053,0.24247444,-0.10050501,-0.6598065,0.10401029,0.5604134,0.13757026,-0.29894626,0.066459246,-0.80788594,0.26502421,0.30812722,-0.019114943,-0.10866184,-0.21989177,-0.13501082,0.22897676,-0.14723608,0.117214516,-0.2228501,-0.20801726,0.078489356,-0.29508013,0.38347566,-0.09569078
204,negative,-0.01949442,0.26402652,0.23165601,-0.21628816,-0.104962334,0.086625345,-0.10858173,-0.26074612,-0.120209716,0.0075493823,0.14986807,0.0800239,0.085501954,-0.07113554,-0.037555967,0.064106956,-0.030033926,0.104839,-0.25984946,0.3428591,0.17502445,0.044332754,-0.1793345,-0.23619002,0.095878944,0.48667863,-0.17871054,0.021694273,0.012607692,-0.12681557,-0.02509927,0.2519252,-0.10581721,-0.0770665,-0.024722628,0.13725002,-0.13978738,0.22654107,0.07909084,-0.13139495,-0.33603042,-0.029601246,-0.13705671,-0.20444474,-0.049011495,-0.25893447,0.44064283,0.035595853,-0.112954,-0.23745623,0.1533388,-0.10421245,0.35029873,0.60320055,-0.1563488,-1.5206314,0.36848527,-0.16927823,0.6364678,0.21019195,0.18264954,0.4390476,-0.16416577,0.009185521,0.5507598,-0.15545303,0.122637555,0.14466923,-0.06870998,-0.22849074,0.15591815,0.15206677,-0.04390066,-0.18004076,-0.080296904,-0.111930124,0.06820717,0.1821996,-0.5395305,0.13006538,0.19926508,0.2762071,-0.08350956,0.13792999,-0.7843463,0.07920558,-0.18101658,-0.17115581,-0.10455311,-0.38872367,-0.120635875,-0.08320071,-0.15569898,0.08864486,-0.0401954,-0.028442826,-0.20160341,-0.5509224,0.07826232,0.23262462
205,neutral,-0.2540403,0.078718804,-0.07449616,-0.2954026,0.2683613,0.060057767,-0.25060835,0.08037608,-0.055255953,0.093304045,0.33297187,-0.17084481,0.14573355,-0.4152059,0.17314875,0.29877055,-0.15001084,0.0006690732,0.0635725,0.12646309,0.109818295,-0.06286926,0.09135302,-0.021352042,-0.19504969,-0.02733375,-0.038981397,0.22451077,0.22913878,-0.19790436,-0.00013264162,0.11698493,-0.23765181,0.3478284,0.18828994,-0.004741973,-0.09837948,-0.37659734,-0.00861282,-0.21085426,-0.14657812,-0.014467955,-0.24373832,-0.15301919,-0.16508313,-0.3657522,0.07064655,-0.37498444,0.14836025,-0.9426245,0.33167347,0.064867884,-0.060316637,0.7926474,0.12845336,-1.5260003,0.05842051,-0.146746,1.2056483,-0.16231716,-0.19669011,0.84669995,-0.002842538,-0.2168512,0.576145,0.35136923,0.31250703,0.10645653,0.2001401,0.020829646,0.2908242,-0.03960679,0.12630296,-0.08848184,0.09196971,0.3763651,0.1774071,0.12538217,-0.41703936,-0.00020878598,0.64490545,-0.101087935,-0.13816735,-0.13719493,-0.99124026,-0.2114675,0.12681313,-0.10932427,-0.008621442,-0.25986966,0.023079867,0.12647206,0.21641688,-0.5841186,-0.22227892,-0.22744672,-0.008256508,-0.30271274,0.41610998,0.1481725
206,negative,-0.06907965,0.22135067,0.269676,0.042986967,0.034436118,-0.09397838,-0.3815344,0.14351825,0.057468496,0.08778404,-0.09924096,0.22999403,0.07179992,0.019848546,-0.15661895,-0.2723553,-0.06039763,-0.023657339,-0.18383467,-0.17858881,0.13216798,-0.015945025,0.030970788,-0.0720847,-0.16357705,-0.10223535,-0.25416365,-0.4094115,-0.07162174,-0.09420708,0.046109412,0.1825892,-0.17209211,-0.057753105,0.06312047,0.004676353,0.17491075,-0.002224034,-0.18761826,-0.03716456,-0.33782,-0.42118236,0.005601745,-0.08117297,0.15548699,-0.14639688,0.18253337,-0.07050606,-0.11242472,-0.911527,-0.21043116,0.10790134,0.071704336,0.75509125,0.13641237,-1.928528,0.13130511,-0.34877148,1.4962339,0.39706585,-0.028426614,0.38604102,-0.23426113,0.029988771,0.5905894,0.11523517,-0.01146356,0.15651098,0.33379707,-0.2309577,0.34723902,-0.36565062,-0.23325314,-0.34929347,0.08401095,-0.07838928,-0.17009792,0.16231251,-0.5765661,0.00275808,0.7385308,0.087202065,-0.32998616,-0.075383455,-0.7537202,0.019366408,-0.10084319,0.0038194882,-0.18707208,-0.15321237,-0.035296943,0.06878063,-0.18579312,-0.21489565,-0.45813912,0.08563864,0.13382201,0.025786988,0.4383462,0.18089199
207,negative,-0.25420222,0.29683784,0.25634265,0.032964453,-0.13119626,-0.2826304,-0.3589042,-0.050323732,0.15348159,0.046944253,-0.069864415,-0.011613656,0.30763343,0.015011025,-0.067437336,0.010993365,-0.12997293,-0.1900701,-0.32737577,-0.19283947,0.42201212,-0.13044159,0.09426022,0.100067705,0.05751108,-0.048647005,-0.3007737,-0.021596624,0.2667016,-0.0161522,0.0125123365,0.011775277,-0.1809715,0.09866184,-0.2116821,0.07881716,0.10501386,-0.26202628,-0.07688407,-0.08235156,-0.4166502,-0.20190194,-0.14799748,-0.15634383,0.31431368,-0.08631295,0.42975765,-0.07630297,-0.0641234,-0.77379525,0.10011028,0.034071513,0.034726236,0.82369983,-0.025402484,-1.6384729,-0.079366036,-0.25825724,1.1464303,0.39004922,-0.08000796,0.5134267,-0.00092600187,-0.16761427,0.47788787,0.3412094,0.09179717,-0.04264216,0.14107405,-0.12837572,0.32491463,-0.30142692,-0.27674624,-0.26641178,-0.053220373,-0.021171585,0.15287513,-0.030608628,-0.6673857,0.08470573,0.7282973,-0.109702654,-0.46228564,0.2133134,-0.6582861,-0.17520908,0.092703275,0.08540406,0.014017868,-0.38196704,0.015909819,0.20732845,-0.2503096,-0.02277257,-0.372831,0.22793584,0.18187907,0.045691516,0.36359042,0.21327135
208,negative,-0.020547036,0.1500215,0.49490005,-0.43475717,-0.08700378,0.16826084,0.07656232,0.03216949,-0.21056646,-0.058085028,0.09087487,-0.17085965,0.060068168,0.18493927,0.16127889,-0.10914028,0.22637185,0.15403247,-0.51334023,0.3027078,0.24397384,0.09205138,0.0857871,0.09452363,0.28755918,-0.007553873,-0.2201342,-0.5330886,0.24678792,0.113354705,-0.18272956,0.58915424,0.017970292,0.12043511,-0.02870263,0.2199406,-0.37161186,0.20440452,0.024737695,-0.16302899,-0.2425711,-0.25118414,0.27526447,-0.3321263,-0.06648674,-0.09592433,0.018607205,-0.3609248,0.20369537,-0.75592494,-0.07335879,-0.055423904,0.20149991,0.9110989,0.13358192,-2.3528368,-0.23041664,0.095681705,1.2215928,0.6064306,-0.1338987,0.5925689,-0.25032127,-0.097025834,0.5998138,-0.06288472,0.5641158,0.57352024,-0.11484202,0.2174214,0.18439968,-0.20659243,-0.11585629,-0.411915,-0.095916,0.2111152,-0.21291612,0.07446614,-0.64329934,0.09404811,0.6530145,-0.08009793,-0.35715458,0.038943868,-1.439817,-0.25924167,-0.21409786,-0.03439403,-0.11436825,-0.43456924,0.038389612,-0.17758124,-0.089721486,0.12237777,-0.53697616,-0.21314687,-0.257338,-0.06932589,0.35713494,-0.022044566
209,negative,-0.10464247,0.16481505,0.42663002,-0.05768248,-0.30071133,-0.09511156,-0.16657571,-0.07431521,-0.001973777,0.03740859,-0.029838856,-0.009299469,0.38623562,0.055888593,0.08220098,-0.14996222,-0.12183039,0.019845136,-0.37398627,0.2793784,0.29254228,0.20454,0.18850017,-0.0898053,-0.023097338,-0.09217195,-0.18349251,-0.3808215,0.3154248,-0.13719124,-0.05874588,0.40532428,0.0080809025,-0.044074252,0.040826906,0.21912314,-0.14417909,0.1193938,-0.09460897,-0.090348214,-0.37378308,-0.09907492,0.085538514,-0.31154346,-0.16682677,-0.13866001,0.5447214,0.044114534,-0.072786815,-0.61184925,0.08851644,-0.05385972,0.032633893,0.9266158,-0.03852061,-2.1016304,0.16628928,0.00054956693,1.4077272,0.265426,-0.15531643,0.682902,-0.25020194,-0.0947846,0.76883084,0.11080128,0.3681313,0.34706104,-0.031062387,-0.31473038,0.22330911,-0.33278647,-0.2674375,-0.39195526,0.17521645,-0.18538268,-0.2617605,0.14487633,-0.5048138,-0.10258186,0.38481933,0.18738985,-0.500155,0.04900155,-1.1092933,-0.07177583,-0.02464289,-0.056536756,-0.09769898,-0.37887296,-0.17561302,-0.038803004,-0.1748575,0.07541857,-0.4420743,0.098063275,-0.077692054,-0.12073705,0.37270364,0.39594513
210,negative,-0.04256507,0.22283214,0.12283859,-0.17849371,-0.026100548,0.20825006,-0.08006653,0.17525221,-0.08038596,0.26799062,0.03243172,-0.008997853,0.24554908,0.3126942,-0.027422825,-0.16050923,0.102972604,0.014371002,-0.4178283,0.24200797,0.37160918,-0.28074634,0.100419715,-0.031882085,-0.02521557,0.01446243,-0.2973463,-0.28935182,0.16224833,0.06687817,-0.12431512,0.3770103,-0.044220757,0.011103171,0.10407401,0.06734393,-0.16030806,0.1376584,0.27071244,0.027795076,-0.3169729,0.02953968,-0.0925429,-0.2425321,0.25514844,-0.048479617,-0.102942266,-0.1735176,-0.14185977,-0.44785038,-0.11330854,-0.080998704,-0.10019501,0.8482979,-0.10578054,-1.6907705,-0.18946585,-0.1452858,1.4024953,0.38959277,-0.028412854,0.4597185,0.005131627,-0.1096465,0.49460953,0.028293315,0.19688536,0.18762985,0.007836851,0.05899932,-0.03447106,-0.27683368,-0.21427673,-0.28918907,0.10805844,0.23247927,0.011878517,-0.008495483,-0.5356446,-0.13854492,0.6066024,0.03947108,-0.31712458,-0.14695029,-1.0268272,-0.20204599,0.15960522,-0.07288696,-0.06912768,-0.13835956,0.0115140285,-0.09284634,-0.012148508,-0.16011663,-0.43788683,0.065772854,-0.09009578,-0.19574285,0.17712441,-0.022398537
211,negative,-0.037880935,0.2988014,0.26547676,-0.25267142,-0.0019073352,0.2810381,-0.19669102,0.14914413,0.12674792,-0.02152529,0.030042246,0.10845842,0.24376367,0.13828029,-0.008711493,-0.1826547,-0.05853967,0.10765254,-0.2811217,0.325288,0.09542751,0.029071385,-0.100012206,-0.14824755,0.19166943,0.34647405,-0.12607734,-0.4605315,0.25239572,-0.34763327,0.1910019,0.28029832,0.039560575,-0.01493247,-0.12270861,0.14478238,0.054610055,0.23846136,-0.02769725,-0.19075559,-0.09263725,-0.12856193,0.007774977,-0.4779528,-0.18872501,-0.058121342,-0.034145463,-0.09736294,0.02921262,-0.59230435,-0.008244411,0.021593085,0.16930562,0.67391795,-0.022212924,-1.7490132,0.021753367,-0.02082139,1.0635672,0.16568358,0.112121664,0.6414876,-0.39743432,0.06875115,0.31513697,0.22795779,0.3233014,0.077533185,0.16057561,-0.4045698,0.17839259,-0.08793736,-0.033437863,-0.21016946,0.28310612,0.38903418,-0.07560722,-0.05569388,-0.45662054,-0.0088686105,0.2764691,0.12796766,-0.16778088,0.111802414,-1.0849696,-0.07359277,0.14445902,0.030901076,-0.2738847,-0.20003684,0.010466567,-0.07713899,0.048644584,-0.08929802,-0.40615094,-0.21254107,-0.042452183,-0.19946986,0.22712247,0.2309882
212,neutral,-0.08466062,0.033710014,0.06361796,0.46776715,0.0012441305,-0.34933963,-0.158492,-0.24612394,0.1551917,0.26617178,0.05604751,0.002073459,0.17510742,-0.18366918,-0.0040599615,-0.15411948,-0.15235288,0.1468323,-0.36687133,-0.07386041,0.35805374,-0.2638373,-0.104749784,-0.2136099,-0.15226935,0.26320016,-0.18507075,-0.2009711,-0.08549548,-0.19584018,-0.20411706,0.13633445,-0.34370324,-0.12141704,0.11963132,0.20822841,0.15987782,-0.2529169,-0.099943094,-0.40655673,-0.10923969,0.1663584,0.49971306,0.02114171,-0.11492821,-0.3507547,0.034737412,-0.021426132,-0.27865577,-0.31270477,0.037326645,0.06937773,-0.17237732,0.7389703,0.23339787,-1.0349576,0.51512045,-0.47133732,0.97931445,-0.21676803,0.104613565,0.00069569447,-0.46412283,-0.23994216,0.6885668,-0.19697729,-0.146985,0.13692008,-0.18426464,-0.32769164,0.18877244,-0.26244542,-0.1624197,-0.53406465,-0.32132858,0.1434714,-0.2477236,0.12586947,-0.53249055,-0.12827638,0.38597447,0.033559695,-0.067231715,0.06725107,-0.73306715,0.060831137,0.24854769,0.033406954,0.043860834,-0.2759082,-0.1693845,0.062620066,0.079959236,0.13329104,-0.25506335,-0.14397769,-0.12636141,-0.182908,0.39307013,0.65162903
213,negative,-0.04813804,0.061212357,0.25802386,-0.3169124,0.080421306,0.023443516,-0.20740093,-0.010354173,0.15736508,0.10293156,-0.1384678,0.0050456035,-0.028245263,-0.017137142,-0.088431865,-0.014222392,-0.027546816,-0.029986713,-0.5219137,0.10574824,0.67165285,-0.13714568,0.25303352,-0.34614405,-0.16999009,0.08113376,-0.40267324,-0.25793603,0.26118395,-0.14957008,0.33915925,0.25196058,-0.010769629,-0.012523119,-0.086209565,0.13747627,0.1661073,-0.3054905,0.09429989,0.14869507,-0.55730426,-0.073126055,0.29892832,-0.08147057,-0.09015003,-0.28495613,-0.025320288,-0.41323495,-0.3137238,-0.5264964,0.18090674,0.19142193,0.19439733,0.6536248,-0.047516715,-1.5862802,0.27669057,-0.25419304,1.1245184,0.21296825,-0.050189804,0.022690555,-0.016320625,-0.13547519,0.7353416,0.029073382,0.36579168,0.5418524,-0.09462538,-0.15281162,0.27125117,-0.5087872,-0.31514373,-0.18290798,-0.060737364,-0.17782111,-0.18100771,0.16636437,-0.8044917,0.02588063,0.35366535,-0.39979175,-0.055051755,-0.027587505,-1.0028275,-0.066815846,0.37157443,0.08496908,-0.030805623,-0.4484874,-0.08104026,-0.17044225,-0.32694522,0.5817359,-0.4238976,-0.16596545,0.11124368,0.22059597,0.37666065,-0.06883593
214,negative,-0.1771779,0.2789287,0.25095072,-0.13444903,-0.08146592,0.4332047,-0.31061602,0.0216221,-0.030341377,-0.07950445,-0.0024146752,0.011692212,0.15761186,0.041157298,-0.009845429,-0.19894539,-0.13002147,0.048612952,-0.43283343,0.08849168,0.0921483,-0.015910527,-0.12112725,-0.037002694,0.20445678,0.2555081,-0.26223597,-0.258565,0.33706987,-0.3079658,0.13305493,0.36590087,-0.027706977,0.069121666,-0.088595614,0.116493486,0.11329361,0.13772224,0.08993407,-0.16946456,-0.17289557,-0.18187767,0.07393652,-0.465892,-0.20794931,0.091468476,-0.07367323,0.039620742,-0.053241905,-0.61963373,-0.02923894,-0.025957972,0.13979784,0.83110154,0.09579965,-1.588023,-0.023000339,-0.21728384,1.0865985,0.22105922,0.07940776,0.4952259,-0.37574664,-0.10646566,0.44208235,0.09135062,0.13550076,0.26645124,0.07062981,-0.4106982,0.08344609,-0.14899534,-0.05731561,-0.42609644,0.46688738,0.31166866,-0.21750502,-0.012736175,-0.33343107,0.06894404,0.34775087,0.15149152,-0.21972369,0.112960674,-1.1019276,-0.12809457,0.04434452,0.09320181,-0.43426028,-0.16803022,-0.11810575,-0.081476256,0.096467204,-0.1081968,-0.39553162,-0.17138518,0.045413602,-0.15980011,0.32447773,0.12940803
215,neutral,0.08241166,0.42575175,0.39967144,-0.27001065,0.3330444,0.08478695,-0.10072553,0.3231829,-0.41744962,-0.20793454,-0.4293287,-0.38086605,0.38731125,0.4465566,-0.01382522,-0.027766956,0.71588373,-0.01368702,0.04316102,-0.28858986,0.32439417,0.04840814,-0.047568657,0.03574096,0.10240496,0.42332315,0.10152732,-0.6462074,0.17193586,-0.2094022,0.40690136,0.44202006,0.06294034,0.09129055,-0.11142339,0.06241894,-0.11954484,0.3790044,0.17149201,0.0018930655,-0.31431308,-0.5188991,-0.025539938,-0.18337828,0.06589081,0.11042108,0.29202965,0.23034728,-0.043544352,-0.5450048,-0.0112158125,0.122637525,0.292338,0.67433614,-0.23480006,-2.6019044,0.08717667,-0.032196186,1.5605261,0.3763754,0.028179623,0.3985038,-0.0660427,0.03265748,0.3605271,0.18366764,0.20301257,0.43633404,0.25824508,0.10765697,-0.002236094,-0.14578341,-0.23538974,-0.04122145,0.2584776,0.26920465,0.23226805,0.162231,-0.5978036,-0.13412996,0.6945595,0.064324714,-0.30686718,0.28827745,-0.9609152,-0.18179,-0.04012767,-0.0404059,0.21794856,0.03636133,-0.15418915,-0.5528866,-0.3916758,0.41771665,-0.91412014,0.29652342,-0.3381416,-0.22719151,0.20280387,-0.2620208
216,neutral,-0.2885918,0.10648014,0.013122212,-0.039980188,0.12637067,0.043112893,-0.09308436,-0.109298535,-0.034088474,0.3936342,0.27736577,-0.11111448,0.3861084,0.12788138,0.096933395,-0.05713559,0.05339109,-0.23150681,-0.3691528,0.010772788,0.1679382,-0.25018206,0.10975035,-0.104394406,-0.037519414,-0.09148581,-0.09545723,-0.32752228,0.25951126,0.08908571,0.08169215,0.16159143,-0.06041017,-0.10614521,0.04754628,0.038631164,-0.030614423,0.07959666,0.12402182,-0.021838153,-0.22677359,0.010307711,0.19938958,-0.1510241,0.21096614,-0.04151933,0.06042228,0.15499446,-0.20720398,-0.25233305,0.047744896,0.10281574,0.14424357,0.8866103,-0.0735492,-1.4921412,0.02280876,-0.2771695,1.2296754,0.5844,-0.060104035,0.5279964,0.11355753,0.034969103,0.53542227,0.10940531,0.17201504,0.18159783,0.028700935,0.12520081,0.278773,-0.31550467,0.023474855,-0.25073624,0.09650712,-0.024193907,0.057642158,-0.11641837,-0.4139804,0.1044797,0.47472158,-0.011530499,-0.46761635,0.18813796,-0.74663025,0.17932555,0.2585732,-0.07421478,0.18210351,-0.12820658,0.05618596,-0.08738225,-0.18681683,0.1738204,-0.25102487,-0.10839817,-0.009894826,-0.4133372,0.19214903,0.10441567
217,neutral,-0.01766962,0.25812742,-0.05104917,-0.08570473,-0.2759969,0.1989203,-0.25068578,-0.040655155,0.09714559,0.16732016,0.1016518,-0.0029683022,0.21452968,-0.0051470227,0.07923619,-0.22176981,0.21373372,-0.15245487,-0.26618522,-0.024048323,0.0047316775,-0.08597189,-0.093643636,-0.05001265,0.0035332115,0.017552473,-0.03709608,-0.09490232,-0.023330681,-0.088210285,0.03190246,0.30841413,0.1135987,0.14837477,-0.070144266,0.08771607,-0.2227743,0.037003644,-0.002601961,-0.371609,-0.25541282,0.17021628,0.13141018,-0.41796586,0.02920891,-0.3160115,0.07194497,-0.23627211,-0.17429657,-0.4178717,0.27768007,-0.050382417,-0.15620321,0.8230515,-0.12328838,-0.7662416,0.4977902,-0.62212956,1.381157,0.3360593,0.10880122,0.04672635,-0.12084591,0.045646302,0.67977136,-0.12186343,0.17777795,-0.0013407593,0.19737348,-0.024650896,0.008318924,-0.0673543,0.17896883,-0.28888485,0.18433627,0.45167887,0.022034345,0.031238852,-0.5175496,-0.25221914,0.4123878,0.15887156,-0.12738389,0.13496047,-0.9635624,0.012302786,0.20541377,0.07585619,-0.09085625,-0.3650847,-0.080864556,-0.14432059,-0.13529718,0.03168989,0.1335932,0.24495576,0.09370042,-0.26848453,0.084504835,0.3333999
218,neutral,-0.10748438,0.02555169,0.21109736,-0.06782541,0.011478196,0.067360304,-0.18826553,-0.11784957,0.18690856,0.05978241,0.03579627,0.22617653,-0.06380871,0.073509835,-0.07376099,0.039523434,0.020289725,0.074874565,-0.4968771,0.14080153,0.119014814,-0.05734373,0.019070117,-0.0856003,0.0552914,0.049544584,-0.124544695,-0.1147002,0.191063,-0.10570851,0.098769665,0.36638954,-0.11057165,0.07082395,0.0439129,0.1332954,0.086914904,-0.080855235,-0.000607959,-0.07887447,-0.31717396,-0.09294807,0.06738352,-0.27426815,-0.18208161,-0.0059497263,0.17721233,-0.05236114,-0.03739809,-0.51459736,0.12340929,0.012660328,0.050223816,0.84526193,-0.055986095,-1.479863,-0.07265566,-0.18600467,0.9797702,0.15847641,-0.21410704,0.51613593,-0.12240191,-0.055083767,0.5665806,0.010742446,0.30208963,0.2364951,-0.06540428,-0.0043552667,0.03939016,-0.25166216,-0.15089515,-0.30219987,-0.04987303,-0.043917853,-0.042039234,0.011490868,-0.602805,0.20253417,0.37623417,0.030057596,-0.15775019,-0.1492105,-0.9591309,-0.09158799,-0.0077990084,0.2779512,-0.07373279,-0.1932021,-0.098226935,0.056423757,-0.063777834,-0.056365326,-0.12340076,-0.10167391,-0.051294245,-0.093901955,0.30418506,0.15194815
219,negative,-0.19601381,0.2298961,0.09514378,0.004301802,0.0021497486,0.11000754,-0.030375728,-0.30683064,-0.04339437,0.47652444,0.00010077032,-0.10773995,0.25780123,0.05638506,-0.05050345,0.017097954,-0.15541683,-0.14875682,-0.26421544,0.018698886,0.39399567,-0.24666376,0.17818998,-0.20801671,-0.053683996,0.06488545,-0.20453835,-0.2738453,0.20130756,-0.027624013,-0.001455772,0.23240624,-0.15786487,-0.11089208,0.19961786,-0.00956688,-0.01871606,-0.17949231,0.15828267,-0.08329916,-0.23413055,-0.023114426,0.11741328,-0.19245209,0.062836714,-0.17553163,0.22239128,0.06749765,-0.19699103,-0.3586658,0.07216267,0.10474237,0.0986726,0.93062407,0.13257354,-1.5307395,0.04917267,-0.064967364,1.2090731,0.37820068,-0.051290166,0.3974764,0.013168907,-0.2357262,0.6045856,0.12700315,0.18532982,0.103037566,0.09330752,0.13044685,0.10730834,-0.3657711,-0.23073037,-0.11640589,0.02391295,-0.23508547,-0.04960284,0.050399177,-0.67929435,0.15358205,0.5570028,-0.05020961,-0.23087662,0.099203765,-0.91830224,0.21372543,0.037324093,0.0036061015,-0.15426518,-0.24056675,0.07268051,-0.12421633,-0.13092147,0.22897145,-0.2416131,-0.19068024,-0.095893286,-0.26612395,0.39038423,0.17192726
220,neutral,-0.23803759,0.080406934,0.20935647,-0.08352313,-0.049727395,-0.15045425,-0.027213734,-0.12584569,0.13213359,0.17169565,-0.036095925,0.023888761,0.121689014,-0.16789205,0.04821866,-0.18107441,0.03526782,0.03080848,-0.17005607,0.1137494,0.26331672,-0.12585,0.17528509,-0.20095682,-0.03509751,-0.081850946,-0.07220168,-0.20478904,0.09627828,-0.07780211,0.050852858,0.37983665,-0.2066899,-0.09353439,0.01678491,-0.05324004,0.16537212,0.11182656,-0.112176426,-0.1289834,-0.40010083,-0.015778808,0.14076956,-0.2308083,-0.05340713,-0.2808813,0.2683286,-0.123080045,-0.15151228,-0.48151085,0.15513574,-0.06331286,0.13193674,0.76462704,0.18398057,-1.7302141,0.16545121,-0.011092823,1.020191,0.3648497,-0.05974046,0.3201893,-0.24058492,-0.115722604,0.61174864,0.19612713,0.26822302,0.22231427,0.044049427,0.01900265,0.16487062,-0.14682253,-0.1959086,-0.24048917,0.029398533,-0.09770384,-0.15174997,-0.025261771,-0.654237,0.08832811,0.45262852,-0.0029673167,-0.36487535,0.048426487,-0.944295,0.10748125,0.1837781,0.010302639,-0.032138895,-0.37010986,0.049632844,0.03918028,0.02631336,-0.039925955,-0.17966145,0.11799128,0.029612036,-0.21148168,0.31412676,0.1964757
221,negative,-0.007886598,0.19482808,0.15146793,-0.009896256,-0.15256077,0.16806163,-0.15896194,0.036953036,0.027014516,-0.00868643,-0.15856831,-0.07107047,0.34382564,0.033369564,0.0011207322,0.04744365,-0.009090887,0.022646751,-0.49624434,0.12395789,0.3605807,0.13092919,0.32782602,-0.24257027,-0.03209661,0.085708,-0.16218247,-0.46512827,0.03433678,-0.099184945,0.041808568,0.4045474,-0.15108822,0.049923144,0.10204444,0.13984431,0.10735767,-0.091209956,-0.1934986,-0.24807285,-0.43150628,0.004382977,0.20142724,-0.22161216,-0.06452842,-0.1186477,0.16556479,-0.019342352,-0.30945715,-0.49724653,0.36800343,-0.03206635,0.043262824,0.83073735,-0.12127226,-1.6881055,0.011295568,-0.24399023,1.0859187,0.2694076,-0.12096663,0.16733634,-0.2345875,-0.14631559,0.6751768,0.09988103,0.1999962,0.4017865,-0.1693378,-0.3230892,0.05387567,-0.2720923,-0.090374835,-0.30504245,0.14868663,-0.12090366,-0.2555158,0.10960084,-0.6107071,-0.05699081,0.4192451,0.1386794,-0.18727812,0.0964405,-1.0957813,-0.04817913,0.20516005,0.13251954,-0.20061386,-0.30158833,-0.15973994,-0.26006302,-0.06538372,0.2134408,-0.3744421,0.1225891,-0.19170523,-0.048008192,0.378092,0.14511932
222,negative,-0.19951108,0.14395976,0.50365794,-0.14682727,-0.095320225,-0.16162738,-0.28392556,-0.067532465,0.095761314,0.09728886,-0.028583044,-0.08161431,0.041859657,-0.09314487,-0.074079834,-0.07008937,0.032968678,-0.013320669,-0.39659086,0.20391963,0.14873943,-0.086175084,0.038093995,-0.14836231,-0.16173469,-0.034968425,-0.17493469,-0.23639594,0.22312348,-0.09667209,0.09071076,0.34568122,-0.15500282,-0.0002592591,-0.055473223,0.17236209,-0.0028325561,0.042879548,-0.07896374,-0.05638673,-0.47625718,-0.12669697,0.07905551,-0.24214967,-0.18392876,-0.3602736,0.021332894,-0.2893329,-0.16949756,-0.7160737,0.21013102,0.1261742,0.049744,0.75719213,-0.0574858,-1.8750777,0.2024651,-0.33396226,1.4516294,0.26561615,-0.054291584,0.31186086,-0.102221526,0.012741634,0.7723046,-0.08148953,0.23796298,0.3691799,0.0023272226,-0.08083706,0.07322655,-0.41212794,-0.2633655,-0.37766302,0.15328386,0.22082157,-0.08477263,0.0088055525,-0.82938415,0.042512033,0.5698875,-0.10555189,-0.1944434,-0.031966373,-1.2184578,-0.14254235,0.14059299,0.23864421,-0.19527966,-0.43108678,-0.06996273,-0.1657264,-0.07383898,-0.112174295,-0.5892136,-0.11156426,0.049984653,-0.22742108,0.3618356,0.14813691
223,neutral,-0.18193509,0.045057043,0.14855182,-0.19128743,-0.14740443,-0.07067979,-0.11086963,-0.049945462,0.118833706,0.021996913,0.036932614,0.044338137,0.14172086,0.0012707806,0.07591365,-0.011122997,-0.13917743,-0.074072115,-0.35101116,0.17810498,0.21157607,-0.11013507,-0.021352215,-0.2858012,-0.088727385,0.10164946,-0.094909884,-0.09802349,0.09935491,-0.080372244,-0.065443605,0.18244398,0.02367955,0.04597633,-0.11615102,0.22785465,0.0125731975,0.062814415,0.020301154,-0.1163728,-0.39074564,0.066842236,0.17867652,-0.1034788,-0.08927147,-0.277752,0.14130361,-0.05169418,-0.110178486,-0.5649479,0.022011876,0.068235755,0.22859348,0.6193329,-0.24280491,-1.4351847,0.12744525,-0.039812606,0.76691896,0.25737777,-0.15210564,0.40870455,-0.17928727,-0.30414465,0.4093052,-0.02542284,0.25825924,0.32887065,-0.21267444,-0.10466033,0.13764893,-0.2615217,-0.15738954,-0.53703237,0.05560656,0.1733087,0.019849235,-0.07083265,-0.59084535,-0.031184718,0.38207805,-0.2557696,-0.23423748,-0.14191113,-0.9174841,-0.17767057,0.06670623,0.047496703,-0.0323599,-0.27222574,-0.06610262,0.039350312,-0.105388425,0.008506347,-0.29018232,0.022916568,-0.17198434,-0.2931156,0.105817005,0.17331515
224,neutral,-0.20928715,0.17887862,0.102940336,-0.39954007,-0.18486859,0.10916265,0.13504063,0.24050568,0.043790165,0.38177085,-0.08392153,-0.41670266,-0.05158501,0.08985582,-0.42090985,-0.1849908,0.1320758,0.015757855,-0.59796673,-0.23954608,0.80118877,-0.31226027,-0.07068191,0.31089032,0.48233548,0.1605099,-0.09115249,-0.007725598,0.3011127,0.041034743,-0.31304604,-0.07184871,-0.5109999,0.19625379,0.28295392,-0.4393909,-0.2869874,0.14949664,0.08490109,-0.2682895,-0.01913447,-0.20523153,0.16153342,-0.39661473,0.15117858,0.26784685,0.19743706,0.04491105,-0.22098231,-0.49852934,-0.32030812,0.6707841,-0.1308015,0.8958649,-0.07749081,-1.5300767,-0.28959623,-0.17695522,1.0130004,0.19716437,-0.052426353,0.34605753,0.097998366,0.14189091,0.13503174,0.20055166,-0.2459859,0.0060282773,-0.064709954,-0.12637748,0.04528831,-0.51047254,-0.034788374,0.14716329,-0.04813708,-0.24035074,0.21137443,0.010335491,-0.72708386,0.2742248,1.4859185,-0.15448208,-0.33830413,0.48767093,-0.73968256,-0.15801838,0.110570155,0.17831874,-0.070028774,0.09774787,0.09682598,0.04401609,0.13440235,0.19806835,0.06317177,-0.16365114,-0.23484392,0.09354811,0.16436394,0.17291722
225,neutral,-0.086784855,0.31613812,0.37142754,-0.08782882,0.010661377,-0.3696561,-0.47613668,-0.022651138,-0.041113466,-0.2573549,0.07373208,0.01764729,0.0987132,-0.016000295,-0.10019093,-0.20710333,-0.009184731,0.16687283,-0.3519666,0.14686042,0.11164035,0.18929885,0.039180838,0.023105979,-0.24719232,-0.03100271,-0.06387136,-0.41981363,-0.046293717,-0.02132429,-0.091392115,0.43968087,-0.21575919,-0.0957363,0.036728658,0.34488606,0.15270267,0.24445738,-0.15410614,-0.16577055,-0.30447182,-0.31091186,0.009833607,-0.16558978,-0.021490175,-0.13271199,0.1699585,-0.019056162,-0.29107553,-0.96432924,0.11134065,-0.15049581,-0.05924869,0.6931901,0.11814889,-2.0605094,-0.03447089,-0.05202398,1.5608928,0.34625518,-0.112664215,0.31723472,-0.34042937,-0.22864898,0.56368506,0.21767618,0.31389236,0.26059824,0.44383484,-0.2738107,0.08306513,-0.27062508,-0.26233977,-0.3458178,0.097150326,-0.077069245,-0.1817337,0.029954204,-0.78578055,-0.19487473,0.8105589,0.01775871,-0.35071376,0.09600076,-1.199944,-0.32681945,-0.21309173,-0.15844296,-0.11677648,-0.393927,0.1782823,-0.06735208,0.08361764,-0.27004954,-0.3150722,0.23234384,0.012678056,-0.3060568,0.6361563,0.23537157
226,neutral,-0.09433506,-0.026185244,0.08431242,-0.19639325,-0.002109972,0.20265037,0.07434298,0.30276558,-0.16582192,0.0023772272,-0.04359977,-0.064494595,-0.044151083,-0.011477075,0.12797286,-0.18154281,-0.10779133,0.13600916,-0.22708054,0.18099919,0.14486313,0.037585493,0.14385836,-0.16692969,0.46327296,-0.053760525,0.06960194,-0.17850493,0.24231145,0.04834696,-0.27182174,0.20481612,0.16881083,0.06225036,-0.007952205,0.11390061,-0.03985556,0.12775289,-0.047057543,-0.0952189,-0.14779106,-0.001205076,-0.09549798,0.077700645,0.060804747,-0.03402893,0.12787358,-0.14136061,0.01522331,-0.57982457,0.10714506,-0.32045072,0.060787756,0.6528747,-0.020800322,-1.719217,-0.13290507,-0.0073919804,0.55656826,0.25716767,0.100517824,0.5954679,-0.13117214,0.06711721,0.3635089,-0.02512872,0.45884085,-0.013419812,0.044972263,0.07226189,-0.020400586,-0.016956655,-0.14547288,-0.46495748,-0.034874704,-0.019822724,0.09112511,0.14893235,-0.3156004,0.2905309,0.44261837,0.06626038,-0.36913383,-0.014710722,-0.5508013,-0.20699991,-0.08094322,0.109323695,-0.0131989205,-0.13964154,-0.029449482,0.019988587,-0.091628425,-0.022875562,-0.35903093,-0.100694016,-0.14878216,0.031581208,0.44104475,0.16641507
227,negative,0.026374541,0.33142474,0.2662447,-0.115288354,-0.095069736,-0.06719445,-0.25600398,0.16246076,0.0116412705,0.025262894,0.18517457,0.10849174,0.018482743,0.044629198,0.013398765,-0.32126462,-0.025724467,0.1335911,-0.23651244,0.26636404,0.29440242,0.1425517,0.063355766,0.16601807,0.08139172,-0.15133975,-0.21019232,-0.43185803,-0.0023109578,-0.19231158,0.044970553,0.42322573,-0.052491803,0.02659428,-0.038251255,0.27367222,-0.022198958,0.1100597,-0.026541198,-0.058091994,-0.12033051,-0.25098878,0.051416148,-0.18222326,0.0146070225,0.010200422,0.13700211,-0.2726234,-0.10211116,-0.7460475,-0.033287805,-0.082138136,0.0070826896,0.8533335,-0.036696594,-1.8512583,0.011933933,-0.21158227,1.4380274,0.36764976,0.008905781,0.30543575,-0.17633471,-0.10125087,0.482206,0.15474442,0.20376268,0.20259644,0.17909315,-0.25140408,0.048061233,-0.18869333,-0.21523575,-0.17752056,0.073939495,0.056076065,-0.08926404,0.105994806,-0.72506917,0.096777,0.58598864,0.09575131,-0.31075072,-0.041896738,-1.0060818,-0.18351553,-0.03938409,-0.036241293,-0.19305179,-0.2771684,-0.022220662,-0.019367225,-0.030106775,-0.32539234,-0.5302166,0.039512508,0.21055919,0.008268079,0.54431415,-0.024694176
228,neutral,-0.19422211,0.16415031,0.31262866,0.33210656,-0.32543007,0.06009853,-0.20038855,0.11056427,0.31318378,0.027660238,0.2915337,0.3578525,0.2078714,0.21957622,0.031198941,-0.06731863,-0.10338551,0.2832203,-0.76945287,0.21393716,0.38457078,-0.47427982,-0.048306327,-0.32798833,-0.025256254,0.41244504,-0.26365158,-0.3154481,0.5540529,-0.13712405,-0.05189072,0.16850904,-0.24630517,-0.16942695,0.24067697,0.065275915,0.2649944,-0.42952362,-0.11866033,-0.17303507,-0.37355518,0.21779966,0.4241789,-0.18668456,-0.023361657,-0.27448243,0.12899944,-0.16608533,-0.31896502,-0.84422517,0.15154295,-0.02682265,-0.020676775,0.75136584,0.03964432,-1.2211626,0.29424244,-0.53793955,1.5272712,0.32147634,-0.032018587,0.25438458,-0.5312618,-0.31265908,0.78980154,-0.045526568,0.108703695,0.35127944,-0.2188593,-0.05040461,0.041763816,-0.86145973,-0.36389238,-0.49540368,0.3386769,0.11642022,-0.17509036,-0.015709624,-0.5335194,0.11825337,0.73141783,-0.073774196,-0.24021183,0.29056615,-0.7426944,-0.021491822,0.5247298,0.18879792,0.04688491,-0.07470296,-0.32712713,-0.4082404,-0.03858918,0.15364276,-0.283828,-0.023653196,0.14313969,0.33678007,0.24214907,0.21777771
229,negative,0.1439411,0.22848926,0.35716102,-0.10143102,-0.05623864,-0.51936316,-0.08286008,-0.04095048,-0.09023374,0.03609675,-0.08896498,-0.01875584,0.01633114,-0.130184,0.21482281,-0.1309688,-0.30428198,-0.033416163,-0.0015489722,0.012388182,0.43501356,-0.16437247,0.028310489,0.13082242,0.14579466,-0.054201774,-0.13037673,-0.2606294,0.116371915,-0.09048395,-0.036256306,0.12507275,-0.32370526,-0.04871859,-0.19702561,0.07903824,0.12312966,-0.035993986,0.0974121,-0.16371576,-0.122186154,-0.4073228,0.020809608,-0.19872849,0.2773295,-0.060771964,0.17871773,-0.25541556,0.060034864,-0.87325805,-0.025801033,0.046983413,0.03142002,0.7008256,-0.057620592,-1.700701,0.021986717,-0.4281765,1.1893084,0.14926215,-0.14439073,0.1399915,-0.32226,-0.15309082,0.33770555,0.08246026,0.20787518,-0.25853387,0.21103574,-0.18933095,0.019978555,-0.12029672,-0.35591772,-0.10185398,0.05635436,0.015205252,-0.016679492,0.009607684,-0.6457534,0.086416185,0.56927586,0.15082957,-0.36466292,0.1082864,-0.652086,-0.37442422,0.03508847,-0.052219402,0.05146642,-0.26869678,-0.04076278,0.0572735,-0.17937429,-0.073817,-0.53393406,-0.0020440316,0.29630452,0.007100622,0.4242703,0.028975345
230,neutral,-0.37901035,0.05292629,0.30700415,-0.12331459,-0.07602785,-0.08392669,0.033320814,0.1492435,-0.24920785,0.28185245,0.1511754,-0.3864858,0.009670374,0.10297318,0.2927404,-0.29785573,0.24253555,-0.14797057,-0.17689998,-0.3361513,0.3549629,-0.20064752,0.29636514,-0.069935665,0.096649915,-0.033842534,-0.18421024,0.02261999,0.120691694,0.099661924,-0.07452077,0.4273337,-0.18854715,-0.12433955,0.18468697,0.052660853,-0.06325428,-0.004263979,-0.08544978,-0.08754998,-0.21405873,-0.29528645,0.016561499,-0.27588385,0.3433481,-0.03074815,-0.023171213,-0.29605433,0.080299936,-0.4320037,0.14964743,0.2574199,0.16760333,0.94989973,0.07698604,-1.6310488,0.11820335,-0.1017848,1.5722628,0.36073425,-0.041186705,0.36776057,-0.09251941,0.13929842,0.31883803,0.010667842,-0.038864814,0.055088878,0.04315378,0.25907084,0.19798905,-0.2097238,0.062478498,-0.4548284,0.29548946,0.031295933,-0.05147476,0.39907217,-0.5975251,0.017680729,0.5599591,-0.18586533,-0.10060913,0.05452946,-1.2695608,0.027260695,0.3041401,0.051706657,0.05600452,-0.034156356,0.12559891,0.17345871,-0.16298762,0.082030214,-0.17668352,0.20955569,0.022544438,-0.18888286,0.1785553,0.031053828
231,negative,-0.24874446,0.08998245,0.2962632,0.08850312,-0.15695941,0.06551916,-0.15099229,-0.17823675,0.27137572,0.2645662,-0.32683134,0.08196126,0.23704113,0.09957285,-0.07859875,-0.15845191,-0.048404083,-0.16766591,-0.5959357,0.20514363,0.34201017,-0.115586445,0.058592107,-0.15522133,0.09068479,-0.3741515,-0.23095436,-0.39464366,0.18685213,0.02038231,0.13318372,0.32125422,-0.15759079,-0.120289184,0.11751417,-0.10634162,0.19311135,0.011618016,-0.036978416,-0.20647667,-0.42178,-0.23667888,0.12758371,-0.034892403,0.10018417,-0.29997072,0.30828714,0.17192876,-0.124941714,-0.5636843,-0.048595488,0.13287282,0.2250638,0.9407607,-0.19545417,-1.438502,0.12150402,-0.18484862,1.0481611,0.28173128,-0.009595653,0.39282206,-0.19344789,-0.10625323,0.78612715,0.17655568,0.20401242,0.15706477,0.03743937,-0.2922949,0.17924684,-0.47488633,-0.22553244,-0.07543317,0.13915113,-0.04821655,-0.16070092,0.10134824,-0.7408791,0.0076837246,0.51056325,0.23810449,-0.19046916,0.31431744,-0.90066004,-0.11988076,-0.038902014,0.01747322,0.107780695,-0.29823616,-0.010562799,-0.07992092,-0.088181466,-0.076679364,-0.47731942,-0.10179823,0.05001724,-0.08403029,0.2028165,0.12072652
232,negative,0.073262036,0.2580764,0.17194271,-0.00304538,-0.0479569,-0.6002397,-0.24335131,-0.14670964,0.022083502,0.01358348,0.05796613,0.15161334,0.06580597,-0.069218986,0.095420904,-0.16341978,-0.2381742,-0.18819916,-0.018909415,-0.05641538,0.33903217,-0.115456,0.03352019,0.100643404,0.087349504,0.12357387,-0.08823991,-0.27231333,-0.06613874,-0.11323692,0.013053101,0.2552752,-0.047778834,-0.1399494,-0.1979351,0.18175909,0.22061628,0.006244934,-0.17591241,-0.12541047,-0.31986025,-0.33511287,-0.07374266,-0.0065665627,0.19941802,0.017440801,0.07381216,-0.3089676,-0.22783834,-0.88181764,-0.10736113,0.03912074,0.19514124,0.77573615,-0.19914839,-1.7973665,-0.00044301202,-0.12764254,1.2460304,0.1544339,-0.18978968,0.2178487,-0.20600392,0.019254968,0.2937375,0.16770136,0.01860187,-0.11284804,0.3262817,-0.24238668,0.265171,-0.26696673,-0.27957746,-0.050873574,0.12172898,-0.34182245,0.008452337,0.08553098,-0.6074492,0.15924054,0.6453104,0.02655572,-0.41802984,-0.076227956,-0.79967225,-0.020864874,-0.077468306,-0.20882113,-0.021893593,-0.4794735,-0.11502154,0.0663612,-0.18549742,-0.20460296,-0.38986126,0.0038614564,0.24428384,-0.28781378,0.47166944,-0.029703254
233,neutral,-0.06687433,0.15037975,0.47586417,-0.41851616,-0.02713881,-0.045705542,0.13369787,-0.04865733,-0.3370052,-0.06888669,0.3632167,-0.034955647,-0.1565422,-0.019538837,0.008190774,-0.0006231645,0.11336028,0.06923016,-0.20538858,0.07566155,0.36865652,-0.09427576,0.086384945,-0.008872823,0.39391786,0.03143106,-0.030908814,-0.19999896,-0.0021707753,0.03601522,-0.0064098714,0.24065648,-0.05552614,0.033662632,-0.0022367698,0.08721593,-0.18430167,0.18930157,0.046949737,-0.04705291,0.09076299,0.0884332,0.01212946,0.014992187,-0.13657679,0.039870225,-0.10206091,-0.12584217,0.20075525,-0.34748194,-0.18744452,-0.06907731,0.1592135,0.36669675,-0.005398055,-1.8162571,-0.36554405,0.13194667,0.84912205,0.43181118,-0.058988575,0.69891393,-0.17580967,-0.15028204,0.42686686,-0.22905001,0.3872041,0.6305828,0.09887644,-0.066454716,-0.07175625,0.08119313,-0.21599339,-0.20531881,-0.0011010432,0.2329075,-0.15768364,-0.25351518,-0.41509622,-0.007652225,0.3078777,-0.15160829,-0.13922298,-0.17304656,-0.8312598,-0.15586728,-0.1874693,-0.353398,0.013260437,-0.13357846,0.12859038,0.10450429,-0.049827218,0.05533695,-0.28783005,-0.101361945,-0.02147257,-0.26974258,0.35243168,0.02547358
234,negative,-0.31799838,0.24409102,0.31982026,-0.512012,-0.0013201988,0.113901675,-0.14554404,-0.14824055,0.19471578,0.06814837,0.0057449113,-0.0087489495,0.037689768,0.0708798,0.093928576,0.04310429,0.27703524,0.1712917,-0.15008016,0.5662189,0.42466348,0.114994064,0.22602515,-0.67243034,-0.01936602,0.14747189,-0.2736727,-0.48425895,0.19699833,-0.18919851,-0.032365315,0.7218726,0.2398606,-0.22373828,0.1418266,0.1283,-0.08503795,0.12098493,-0.026167484,-0.25604433,-0.33671188,-0.21256958,0.23221579,-0.21685953,-0.21071877,-0.26248115,0.074586615,0.011192298,-0.199688,-0.5834618,-0.07403439,-0.060740355,0.08485322,0.8996407,0.046032183,-2.0266144,0.19635119,0.51453656,1.1181949,0.12598215,-0.15311216,0.39620396,-0.4985147,0.049097013,0.9789293,0.16780698,0.3022103,0.19400637,-0.05174979,-0.3353945,0.30634946,-0.10927951,-0.37350312,-0.29440984,0.014400175,0.13742821,-0.3009971,0.04232076,-0.3784997,0.12139815,0.1242553,0.051341582,-0.31891403,0.052873038,-1.1345416,-0.15655477,0.049874004,0.14788792,-0.09272401,-0.07759835,0.24874799,-0.34764686,0.013871214,0.094571024,-0.36614743,-0.19688505,-0.08826214,-0.06353811,0.20588169,0.2156054
235,neutral,-0.1443368,-0.08429391,0.20974192,-0.04724287,0.13183968,0.10586965,-0.13829608,0.3456111,-0.044781834,-0.10689604,0.12009163,-0.19714427,0.011394831,0.08854962,0.09179163,-0.30374774,0.21777175,-0.048983797,-0.46908948,0.20081377,0.0915722,0.108273074,0.10485651,-0.13998787,-0.17249891,-0.37691602,0.109018505,-0.24180894,0.42331424,0.17856616,-0.15408573,0.2511291,-0.19904621,0.22984102,0.331772,0.21190406,0.006771685,0.13058637,0.06449632,-0.26682326,-0.33214164,0.08069485,-0.14475872,-0.12402519,-0.16201438,0.07424011,0.22662212,-0.2817884,-0.044744838,-0.38328952,0.091087885,0.23223855,0.15193452,0.6460938,-0.22228737,-1.728963,-0.21327722,-0.14666615,1.3973749,0.3052266,-0.14015904,0.6129442,-0.250328,-0.19088073,0.5613674,-0.015141103,-0.08507829,-0.010366173,0.43397343,0.27839306,-0.054956175,-0.28990287,0.1058461,-0.4779727,0.34430003,-0.0047246753,0.06593452,-0.1603761,-0.67653847,-0.02451974,0.6252052,-0.15213424,-0.019881753,0.02019524,-0.7772126,0.09179966,-0.05434128,0.26923436,0.16108952,-0.14332813,-0.21302128,0.0052570445,-0.19938263,-0.07035106,-0.24183805,0.08856778,-0.17335519,-0.05500278,0.6402455,0.2985834
236,negative,-0.39300245,0.1620192,0.30016294,0.12633902,-0.11499825,0.21952479,-0.09397732,0.34658542,-0.02573606,0.20803641,0.24173115,0.027823534,0.19879001,0.17763563,0.08942151,-0.40475982,0.2474421,0.03254506,-0.80503863,-0.12928571,0.24056353,-0.004572871,0.05975612,0.11414916,-0.15862083,0.039273366,-0.120057076,-0.30665505,0.3316901,-0.038071387,0.07277051,0.1762109,0.053362176,-0.24298003,0.35659274,0.2315744,-0.06852592,0.16125567,0.02436498,0.1653516,-0.33319557,0.0977263,0.07475716,-0.28003007,-0.02316985,-0.12196814,-0.12751184,-0.010279623,0.02194236,-0.5675554,0.03421891,-0.0026873483,0.118807554,0.9147997,-0.13577609,-1.554495,0.05224422,-0.17456457,1.2313849,0.37909034,0.19978227,0.5275388,0.039547183,-0.31487694,0.587099,0.14133687,0.22182538,0.42328542,-0.07878704,0.31260732,0.1873668,-0.38837168,-0.22139347,-0.4185234,0.3243589,0.02599746,-0.04469088,0.21154262,-0.5544682,0.01645472,0.83745754,-0.16678235,-0.17969282,-0.012291816,-0.77900696,-0.23968571,0.31808236,0.20803571,-0.1989388,-0.21721482,0.029531263,-0.31202024,0.0699154,0.16354275,-0.5767062,0.070357494,0.08989186,0.07586093,0.1072016,0.038162243
237,neutral,-0.35691267,0.13707815,-0.17713071,-0.35281944,0.13402764,0.25521797,-0.24807519,0.04487314,0.05960665,-0.15341966,0.25067902,-0.1023279,0.1222624,0.020253848,-0.02091983,-0.07169998,0.46578327,0.2750284,-0.14069808,-0.22097738,0.079128034,-0.067382164,-0.025761107,-0.18059272,0.3080672,0.01740442,-0.09445379,-0.29650572,-0.0651202,-0.22838654,0.08986346,0.3685679,0.21137688,-0.16115342,0.08372819,0.37748677,-0.053839926,0.095106125,0.0067501515,-0.013445653,-0.15101808,-0.056058034,0.15329725,-0.23712148,-0.43860742,-0.29538932,0.07678056,-0.06350737,-0.30895537,-0.42764097,0.096542574,0.13899244,0.09999924,0.61859906,-0.11091405,-1.5109748,-0.15645787,0.13277268,1.0989106,0.047971446,-0.015441635,0.6403406,-0.22316796,-0.11169632,0.5729269,-0.021842297,0.26429954,0.4913885,0.12919863,-0.08881187,0.2552928,-0.00038558533,0.018658126,-0.31840935,0.16147,0.18912014,-0.068123356,0.1206782,-0.47817397,0.020112641,0.12188994,-0.41244438,0.020726813,-0.2748482,-0.84258175,-0.22149742,0.0052701817,-0.43597487,0.24667102,-0.11257677,-0.06279517,-0.16561252,0.21341336,-0.11393822,-0.36807117,-0.09453605,-0.07350574,-0.43574634,0.21588756,0.028179036
238,negative,0.035902012,-0.086310506,0.026390562,-0.26193318,-0.016237477,0.086403795,-0.18613753,-0.13683745,0.1925955,-0.03527426,0.09720821,0.09600148,0.026281245,0.15964979,-0.08766006,-0.22212176,0.17285362,-0.14352795,-0.6791883,0.13959007,0.25268418,-0.024094682,-0.056784183,-0.14611442,-0.10755329,-0.063981935,-0.08035363,-0.25903496,0.21933435,-0.057945386,0.1407336,0.37592334,0.055808995,-0.025348566,0.03472803,0.101563536,-0.10753027,0.1127796,0.12744309,-0.017173253,-0.3610118,0.023775266,0.15692514,-0.38696712,-0.19562769,-0.07700194,-0.029587232,-0.5375381,-0.04340396,-0.60135233,0.21469949,0.049134206,0.11779925,0.5898306,-0.0608052,-1.2776399,0.11563471,0.042130534,0.7110958,0.19766256,-0.16334313,0.08240797,0.0081214635,-0.11688525,0.37127656,-0.14234465,0.5999898,0.56570417,-0.12241516,0.23991708,-0.018143615,-0.011763555,-0.2476635,-0.17812917,-0.029717607,-0.034111593,-0.071875654,0.03320575,-0.6941073,0.098281056,0.2989195,-0.101234175,-0.17024834,-0.28020605,-0.86558676,-0.048414566,-0.052377656,0.050501887,-0.034624565,-0.2382768,-0.0051419656,-0.23794904,-0.0444809,0.15783726,0.022937924,-0.069141164,-0.32601774,-0.16727205,0.064207606,-0.26310325
239,neutral,-0.058027275,0.26676422,0.14541902,-0.08925121,0.1344155,0.08934319,-0.20384721,0.11380942,-0.10556096,0.019335408,0.23834625,-0.25086907,0.22089495,-0.10639288,0.0012926868,-0.13027495,0.1213929,-0.01824514,-0.2430682,0.07243279,0.1813911,0.042520054,0.07608254,-0.0041634473,0.101531565,-0.21761623,-0.03653195,-0.25066718,0.06883851,0.10740513,-0.1044163,0.45996514,-0.16855139,-0.016990699,0.051727366,0.12771833,0.056180872,0.10174555,-0.10846947,-0.12505996,-0.3919527,-0.13256824,0.1396631,-0.1906162,0.20593992,-0.021837123,0.16370031,-0.22790277,0.027370818,-0.62365264,0.08107099,0.010330323,-0.051660486,0.72640073,-0.11903095,-2.0386171,-0.06855734,-0.20193742,1.4662092,0.39925948,-0.101302065,0.6192,-0.21351783,0.046647124,0.63527906,0.034631323,0.132656,0.09773364,0.33907756,-0.022631325,0.11553365,-0.090495676,-0.03196699,-0.25790378,0.09465891,-0.022897027,-0.026817678,-0.1491758,-0.7033708,-0.15506937,0.6125386,-0.016550673,-0.2728163,0.022795087,-1.014733,-0.06490457,0.09824728,-0.17386058,0.047642145,-0.2530145,-0.022961134,0.20932284,-0.08160815,-0.1752661,-0.27573743,0.17034587,-0.1714686,-0.1978336,0.58517677,0.1792749
240,neutral,-0.07405309,0.24230726,0.25126427,-0.02109826,0.06329084,-0.24872053,-0.13602959,-0.076500356,0.049023967,0.083528966,-0.073730074,-0.019195048,0.08754834,0.040024795,-0.029256335,-0.15623775,0.0576864,-0.107215375,-0.20993249,0.017301442,0.15644154,0.04396595,0.03795959,0.15837029,-0.07855221,-0.15207992,-0.10871075,-0.18179767,0.19985686,-0.06961794,0.07714815,0.22381279,-0.03889363,-0.010047389,-0.03803812,0.1127569,0.10067163,0.20533463,-0.15951623,-0.05544473,-0.16474673,-0.2006487,0.12548666,-0.09952698,0.091741085,-0.17493567,0.15430005,-0.042821534,-0.1016984,-0.57142776,0.0394261,0.13319768,-0.072189115,0.78012085,-0.035219043,-1.5782773,0.05922254,-0.4125861,1.1315418,0.33183083,-0.13313293,0.19492286,-0.14698884,0.07349896,0.5209078,0.20958799,0.14041428,0.19769336,0.20160827,0.007911168,0.18629482,-0.23837,-0.21598335,-0.19435616,0.17333108,-0.030644244,-0.12491889,-0.035126943,-0.54628825,0.14924124,0.5051571,0.06799368,-0.267328,-0.022036606,-0.79850376,-0.2076234,-0.0055268286,0.014829651,-0.0024210182,-0.3230038,0.018104183,-0.11705097,-0.050190654,-0.10758865,-0.2766516,0.0690737,0.13610423,-0.018190213,0.31652567,0.09020611
241,neutral,-0.07269286,0.30829751,0.34164312,-0.18377027,-0.09009805,0.19065425,-0.1849226,0.13206047,0.10013604,-0.21320927,0.1426842,0.02351068,0.23125112,-0.0059470567,0.02305254,-0.15165627,-0.084438086,-0.032937065,-0.23984931,0.14672144,0.16561048,0.16593911,0.113888286,-0.17731349,0.17435937,-0.07515361,-0.0139687,-0.31651047,0.2983081,0.06826102,-0.017136816,0.33343104,0.015003554,0.062035285,0.23241441,0.24029402,-0.027772175,0.01593096,0.19189237,-0.24147336,-0.28763995,-0.042265408,-0.034219537,-0.19768244,-0.15629451,-0.12706423,0.17594366,-0.21805395,-0.06292408,-0.6838084,0.039810482,0.021619981,0.0800026,0.5544786,-0.20896122,-1.584737,0.09776645,-0.26179597,0.95544994,0.20186177,-0.07801307,0.6513851,-0.18322244,-0.27289814,0.49795943,0.11740073,0.28658462,0.10649823,0.046048384,-0.019138329,0.14298281,-0.15114221,0.124189205,-0.26056266,-0.015003719,-0.0916479,0.05868493,0.058745664,-0.356885,-0.023589427,0.43356448,-0.19147134,-0.323668,0.0472193,-0.99192256,-0.09718421,0.012695852,-0.04276004,-0.022819098,0.006341848,0.07985431,0.061457127,0.024508266,-0.068966694,-0.40888298,0.12835711,-0.20106469,-0.13473159,0.2931304,0.2539647
242,negative,-0.088935584,-0.051695198,0.12630466,-0.39590412,-0.1798009,0.008184123,0.1001022,0.13043751,-0.16530387,-0.14228682,-0.12758094,-0.047119983,-0.033834174,0.08788666,0.038800724,-0.20132306,-0.22827898,0.26711157,-0.37853214,0.3086427,0.10485212,-0.14598106,0.061214644,0.085086316,0.51390004,0.059005618,-0.050630048,-0.24949098,0.33311853,0.039034963,-0.35781047,0.24662025,0.007943514,-0.061852284,-0.051870752,0.14255236,-0.13458125,0.018974518,-0.08594402,-0.07086734,-0.21955782,0.04444809,-0.18397531,-0.02505733,0.05610075,-0.04606106,0.14466679,-0.22691563,-0.0939264,-0.7738355,0.12910804,-0.30135617,-0.060802963,0.67830384,0.021076893,-1.7346845,-0.1664617,-0.09077638,0.5106277,0.3060287,-0.0017370039,0.58721465,-0.030588428,0.08208323,0.47072318,-0.044670817,0.3761157,0.11288487,-0.05756841,0.086821124,-0.005589449,-0.061395794,-0.15457673,-0.47633407,-0.038523715,0.10160414,-0.16626562,0.032548666,-0.4199287,0.2332583,0.47723442,0.18000682,-0.4699655,-0.11385706,-0.68179107,-0.30750257,-0.054214373,0.18177503,-0.14970748,-0.29343426,-0.13560899,-0.04309189,-0.02460176,0.0062512676,-0.20851895,-0.07180549,0.005983351,0.011102935,0.39885685,0.16634643
243,neutral,-0.16423623,-0.08376987,0.31797624,0.07282118,0.049195144,0.08973891,-0.16723277,0.41017365,-0.03388643,-0.026524223,0.061989047,0.103363924,0.23585677,-0.01030438,0.042957988,-0.35519373,0.11903094,-0.11355714,-0.21165597,-0.01512965,0.2772675,0.11071984,0.29417357,0.004271496,0.12333371,-0.08123837,-0.058245268,-0.043373987,0.21258609,-0.14744565,-0.27388328,0.12388974,-0.15400796,0.042338237,-0.10966053,0.16647618,0.017670283,0.14764972,-0.03935937,0.14209957,-0.59732777,-0.18194084,0.0052789645,0.03432624,0.20075344,0.14660588,0.1632543,-0.05840616,-0.006694448,-0.075131856,0.12730281,0.12426104,0.04138711,0.7535756,-0.0066572325,-1.4253352,-0.031114608,-0.13968618,1.3585758,0.4225868,-0.25802308,0.42817214,0.1918633,-0.40445518,0.2859613,0.12591915,-0.060874376,0.118524514,0.14736569,-0.0866088,-0.06340488,-0.2521423,-0.153646,-0.31175494,0.31393367,0.23535888,-0.021469697,0.20458215,-0.6474315,-0.02958644,0.4452587,0.068800405,-0.20484045,0.07077662,-0.800502,-0.011537315,0.009143653,0.030695062,-0.14907795,-0.28717643,0.040112,0.10005222,-0.16291595,-0.13233954,-0.4957792,0.19391006,0.07869727,-0.02356755,0.25213915,0.00048782048
244,negative,-0.0017770552,0.041940816,0.40038306,0.14767332,0.06198543,-0.37845677,-0.2506653,0.14148022,0.017269505,0.10541753,-0.009959944,-0.0030778705,0.2671772,0.086930096,0.011884571,-0.13067268,0.18645324,0.034604084,-0.65813327,0.056894984,0.3634324,-0.15040873,0.15433525,-0.064265326,0.047869265,0.28711605,-0.13705483,-0.18277353,0.42623207,-0.09555854,0.05607516,0.25958717,-0.26627013,0.09486584,0.036864933,0.33784544,0.38874355,-0.118732855,-0.31049538,-0.22292538,-0.45088708,0.036311146,0.5979805,-0.07443937,0.20569192,-0.38033804,0.21414353,-0.21242519,0.05761823,-0.6122105,0.032485947,0.009416176,0.20549572,0.77656573,-0.021803772,-1.7426796,0.17325473,-0.4316707,1.3852326,0.09303538,-0.0049901814,0.12847628,-0.20381339,-0.33393043,0.60410357,-0.01676778,0.18430935,0.5343053,-0.11483283,-0.11826886,0.10629793,-0.33112618,-0.36448693,-0.5359269,-0.026392628,0.26615036,-0.2013068,0.12680483,-0.92017275,0.05986659,0.84739316,-0.16126974,-0.16907324,0.1721473,-0.751102,-0.048337594,0.11964249,0.15079951,0.20748794,-0.46527067,-0.00979792,-0.047360815,-0.18425971,0.11109794,-0.66928345,-0.057297766,0.10456071,-0.0618369,0.40256935,0.19500841
245,positive,-0.19071545,0.30067593,0.13634096,0.30040142,0.05203275,-0.1713306,0.03495032,0.009009936,0.022497764,-0.15084198,-0.005148447,-0.12126543,0.12739787,-0.1689279,0.019858737,0.008107404,0.09525796,-0.11319112,-0.3399997,0.32891908,-0.17691727,-0.23291606,-0.07269333,0.07702193,-0.14736246,-0.15610377,-0.04213502,0.067216344,-0.027105398,-0.1264986,-0.21422637,0.23460354,-0.29326546,-0.0300854,0.04617378,-0.010204793,-0.16500635,0.011843618,-0.27929354,0.06115092,-0.29327554,0.16366483,-0.047479976,-0.11513237,-0.2020002,-0.08429937,0.32218406,-0.18292432,-0.06362646,-0.6043955,0.30971318,0.061184164,0.14324474,0.5809909,0.2075188,-1.2947278,0.45488578,-0.5682753,1.1902568,-0.093898416,-0.18721747,0.37076858,-0.1738908,-0.2674201,0.6556176,-0.08015091,0.05292034,-0.0004281373,0.28558266,-0.17171971,0.2512916,-0.069474794,0.0019345806,-0.362074,0.08707541,0.051418208,-0.2243102,-0.038943544,-0.5585702,-0.36736533,0.47974607,0.19575934,-0.04311476,-0.095502034,-0.94981307,0.03090955,0.047359064,0.051853545,-0.23894764,-0.19723678,-0.08191596,0.1036576,-0.17951182,-0.28763974,-0.12261419,0.015043794,-0.009053375,-0.28827614,0.26734245,0.5679072
246,neutral,-0.21741098,0.07426565,0.20147477,-0.18134812,0.041800436,0.26768014,-0.12331599,0.20537682,0.006095135,0.09253256,0.08404489,-0.041400254,0.024614561,-0.0051923324,0.35744563,-0.39350638,-0.01812167,-0.09143715,-0.092856474,0.1524129,0.039301585,0.03719619,0.1255999,-0.10507456,0.22220448,-0.11638602,0.15919524,-0.09085596,0.2659901,-0.061585113,-0.07510982,0.3411424,0.008045511,0.19161151,0.1267418,-0.0042461627,0.14606255,-0.10985882,0.25819907,-0.32278872,-0.14842695,-0.19207735,-0.17548762,-0.11497691,-0.11015344,-0.08751012,0.09779798,-0.15033469,0.04883812,-0.57135135,0.13065085,0.10271354,-0.03420421,0.5923177,-0.101058416,-1.4732561,0.011076334,-0.015588862,1.1010916,0.33272713,-0.046159405,0.54115933,-0.08442731,-0.08601325,0.4300043,0.036574095,0.217321,-0.15667427,0.15469337,-0.04364832,-0.17085093,-0.2556993,0.10701644,-0.25171584,0.10124218,-0.02801374,0.21008135,-0.14929737,-0.34050936,-0.1589159,0.35993057,-0.43166324,-0.3539884,-0.004234352,-0.73498666,0.08942478,0.25130138,-0.15440142,-0.10210941,0.08632596,-0.091430806,0.049808543,-0.17854972,-0.037804577,-0.2664761,-0.10515987,-0.21516024,-0.10235971,0.45624697,0.031354945
247,negative,-0.07315932,0.17971468,-0.11575095,0.04600349,0.052426178,0.12462793,-0.002800653,0.14609854,-0.04565318,0.49427152,-0.012972337,-0.13193062,0.2675395,0.15223819,0.12105605,0.0959815,0.26389298,-0.1578339,-0.44431853,0.19409177,0.22714011,-0.21326196,-0.04227818,0.03747729,-0.024153152,-0.071474805,-0.08551008,-0.16147503,0.11723006,-0.032844305,-0.14306259,0.22343275,0.03946525,0.18652199,-0.04965384,-0.014377902,0.29881957,0.03481486,0.040846925,-0.03377145,-0.25963962,-0.060932413,0.41710797,0.042254828,0.39038998,0.068411894,0.14278446,0.1424582,-0.04620177,-0.19665273,0.07434589,0.0427549,-0.09015107,0.6335905,-0.2734791,-1.6437466,-0.118431725,-0.2818399,1.2826214,0.25803939,-0.24234612,0.5943854,0.14474505,-0.10296356,0.23645024,-0.005536811,-0.09880469,0.0071779815,-0.03981709,0.1436966,-0.08762074,-0.59063643,-0.1772007,-0.4259997,-0.0038563157,-0.035119943,0.36370984,0.15171522,-0.7173253,0.029169183,0.3695856,0.098565154,0.065378144,0.0758013,-0.7743031,0.043278508,0.19229238,-0.17642011,-0.067419656,-0.031681933,0.2480999,-0.17128935,0.043361045,0.23175666,-0.39616427,0.10077459,0.0028135404,-0.09888408,0.46247002,0.07418008
248,neutral,-0.19816592,-0.07354234,0.17778713,-0.13656718,-0.0538822,0.117401324,-0.055304255,0.25964692,0.091440834,0.14167266,0.044185292,0.039001245,0.19919632,0.21931554,0.0648442,-0.033361536,0.14531337,-0.092748046,-0.2658064,0.17094685,0.29771203,-0.032861147,0.03173022,0.02448944,0.22756457,0.1824473,-0.111488014,-0.25393143,0.18360674,-0.038010236,-0.13813967,0.097260386,-0.03778765,0.10748011,-0.041990202,-0.02800715,0.0794216,0.076436706,0.09383058,0.012369535,-0.25144458,-0.12391903,0.052521855,-0.16944134,0.03710661,-0.09895471,-0.09133703,0.037649292,0.07298329,-0.3347387,0.011367399,0.098447524,0.0995566,0.689233,-0.008667643,-1.5703138,-0.05746171,0.06351359,0.9665689,0.3056295,-0.047828905,0.5257662,-0.02011388,-0.10454708,0.49101707,0.14134128,0.099221475,0.118097134,0.026872505,0.025576364,0.04572941,-0.12868676,-0.017144019,-0.31596243,0.16981484,0.061900962,0.06685858,0.08127403,-0.44720706,-0.062885046,0.3753857,-0.08600627,-0.18074295,-0.014002064,-0.78432375,0.09641453,-0.020894604,-0.023246868,0.006429526,-0.06615544,0.1263947,0.004837025,-0.07236204,0.089535326,-0.3222534,0.078829035,-0.08409801,-0.18306059,0.25007257,0.010577837
249,neutral,-0.19284193,-0.0055256775,-0.03292824,-0.15142456,0.10875921,0.49221247,-0.36102498,-0.22903733,0.1574325,0.511133,-0.073644035,-0.031506207,0.3155005,0.031954825,0.10935982,0.1820414,0.07244718,-0.19898412,-0.59928924,0.11438304,0.20247035,-0.18748568,0.19218932,-0.122900225,-0.059832253,-0.01591337,0.19420303,-0.070828676,0.32093212,0.10781521,-0.029579295,0.15031728,-0.09012998,0.35732478,0.08601154,-0.16643295,-0.072516814,0.0036951394,0.32980615,0.09042439,-0.46761853,-0.004013295,0.25134817,0.022527184,0.5183499,-0.1961155,-0.047114287,-0.056661274,-0.07354604,-0.17839664,0.029555354,0.08678336,0.068595,0.9209794,-0.1422715,-0.8432869,-0.12942815,-0.059431072,1.4087335,0.04356787,-0.12877876,0.34170642,0.102435276,-0.14236625,0.526001,0.16018704,0.10769055,0.13666509,-0.3169295,0.3028131,0.022643575,-0.6888177,0.053797778,-0.17794284,0.0012721453,0.29914886,0.26823476,0.19956921,-0.709154,-0.22751912,0.80665225,-0.136633,-0.1769937,0.1586654,-0.4854667,-0.017944748,0.35328856,0.44536167,0.07879474,-0.048930854,0.21033755,0.10030725,0.01950911,-0.17893063,-0.17054789,0.17687273,-0.011377511,0.14801401,-0.027477149,-0.0077339313
250,neutral,-0.24260668,-0.010038861,-0.10130841,-0.19850692,0.051429898,0.3780592,-0.2501402,-0.12878828,0.16404374,0.5357236,-0.028167643,-0.07655909,0.28032377,0.12139154,0.14992799,0.159829,0.07374287,-0.124730974,-0.5728206,0.097643375,0.25223094,-0.19304392,0.119555876,-0.15973634,-0.0039331093,0.04351497,0.051454548,0.04101385,0.2478864,0.11444088,-0.030772166,0.09552228,-0.12514034,0.439969,0.104574084,-0.17065056,-0.07089425,-0.073730126,0.31208757,0.07842034,-0.42602593,0.018501718,0.17706296,0.052283224,0.5086537,-0.13104135,-0.033412077,-0.011649899,-0.08243442,-0.27458763,0.07249121,0.1037974,0.08209211,0.8745996,-0.088723116,-1.1609423,-0.07747275,-0.05844163,1.42271,0.08266201,-0.075479545,0.44073886,0.15785173,-0.083460495,0.45453578,0.13410947,0.10256079,0.060752302,-0.2718489,0.22790627,0.01893335,-0.6143713,0.022554828,-0.1931005,0.009493651,0.3517776,0.31440315,0.22465661,-0.70326495,-0.16734438,0.77631474,-0.09804343,-0.20242192,0.1103191,-0.57252544,-0.037839714,0.34913087,0.30658406,0.038707167,-0.06260912,0.24269447,0.1770932,0.041722927,-0.09002565,-0.22688484,0.17342739,0.049213585,0.17920762,0.12029512,-0.006563972
251,neutral,0.24466547,0.51668376,0.48398998,-0.03226677,-0.1986042,-0.14097461,-0.0031500994,-0.12613414,0.051031757,-0.025025386,0.10796595,0.13641398,0.3728269,-0.18907511,-0.08671404,-0.021227345,-0.08127556,0.38846698,-0.22438784,0.31225458,0.2640481,0.1396021,-0.12359148,-0.06930183,0.11503832,-0.23614968,-0.1532191,-0.407909,0.33759722,-0.22157532,-0.14173888,0.122141205,0.13190632,-0.16804972,0.14396064,0.112152144,-0.34706613,0.3404651,0.02343183,-0.28785032,-0.31458554,0.06755396,0.32594967,-0.17960161,-0.06537393,-0.036903888,0.5619674,-0.6412735,-0.069010876,-1.1355742,0.47879627,-0.17443511,0.3839219,1.1012849,0.019717893,-2.2302015,-0.2747044,0.1901052,1.2927368,0.5892565,-0.21198241,0.46886373,-0.4511486,-0.070613936,0.8134028,-0.07656757,0.16144553,0.13868615,0.022444243,-0.13844804,0.22638896,-0.31384146,-0.5276404,0.026345108,-0.1408448,0.010134533,-0.07372481,-0.25530946,-0.43990147,-0.18539076,0.30946767,0.14095157,-0.4489552,-0.23668769,-1.3462162,-0.41751686,-0.06736647,-0.082536906,0.0049900548,-0.34953037,-0.017266914,-0.075008266,-0.14476097,-0.24461336,-0.45808694,-0.12011939,-0.2680451,-0.17461018,0.44584092,-0.011016215
252,neutral,-0.2045414,0.09677673,0.40615255,-0.13249527,-0.18850356,0.1470043,-0.121596694,0.09392976,0.06128733,0.18525626,0.13540688,0.011168156,0.15732868,-0.040396266,0.05578485,-0.076894134,0.10383061,0.16210234,-0.31797454,0.034960385,0.10787381,-0.11475632,-0.031028373,-0.09973233,0.1554102,-0.05481235,-0.11561193,-0.09011724,0.30263606,-0.072836556,-0.10783693,0.3057025,0.013183716,-0.08332672,0.04376775,0.18362385,-0.19357534,-0.069466375,0.114433244,-0.2889752,-0.22312023,-0.18456428,0.1608798,-0.16580692,-0.09975851,-0.10659318,0.07985724,-0.06425629,0.056268547,-0.4465489,0.09451812,0.08687475,0.169671,0.8137806,-0.10768423,-1.4771055,0.035657402,-0.0041871886,1.1402956,0.36405596,-0.17943531,0.51669794,-0.05734967,0.047826026,0.3271194,0.124617584,0.12891059,0.30046692,-0.01368491,-0.072601266,0.20354022,-0.24617358,-0.15794891,-0.34647298,-0.0042778472,0.23928766,-0.07005343,0.110220924,-0.5782041,0.17747948,0.47935137,-0.15202655,-0.23317699,-0.10634874,-0.82164884,-0.23444158,0.082943164,-0.10999774,-0.02595087,-0.19880244,0.07388589,0.10333969,0.012638313,0.0005542886,-0.16338503,0.010361741,-0.19855218,0.030843345,0.33552825,-0.046582557
253,neutral,-0.2045414,0.09677673,0.40615255,-0.13249527,-0.18850356,0.1470043,-0.121596694,0.09392976,0.06128733,0.18525626,0.13540688,0.011168156,0.15732868,-0.040396266,0.05578485,-0.076894134,0.10383061,0.16210234,-0.31797454,0.034960385,0.10787381,-0.11475632,-0.031028373,-0.09973233,0.1554102,-0.05481235,-0.11561193,-0.09011724,0.30263606,-0.072836556,-0.10783693,0.3057025,0.013183716,-0.08332672,0.04376775,0.18362385,-0.19357534,-0.069466375,0.114433244,-0.2889752,-0.22312023,-0.18456428,0.1608798,-0.16580692,-0.09975851,-0.10659318,0.07985724,-0.06425629,0.056268547,-0.4465489,0.09451812,0.08687475,0.169671,0.8137806,-0.10768423,-1.4771055,0.035657402,-0.0041871886,1.1402956,0.36405596,-0.17943531,0.51669794,-0.05734967,0.047826026,0.3271194,0.124617584,0.12891059,0.30046692,-0.01368491,-0.072601266,0.20354022,-0.24617358,-0.15794891,-0.34647298,-0.0042778472,0.23928766,-0.07005343,0.110220924,-0.5782041,0.17747948,0.47935137,-0.15202655,-0.23317699,-0.10634874,-0.82164884,-0.23444158,0.082943164,-0.10999774,-0.02595087,-0.19880244,0.07388589,0.10333969,0.012638313,0.0005542886,-0.16338503,0.010361741,-0.19855218,0.030843345,0.33552825,-0.046582557
254,neutral,-0.224401,0.12078545,0.22620559,-0.12270515,0.11860572,-0.44243398,-0.050188504,-0.14829099,-0.015810901,0.52294767,0.22926077,-0.4771278,0.11335684,0.19752459,0.22762848,-0.105004385,0.15985066,-0.21084689,-0.10065482,0.14359564,0.08819955,-0.093220025,0.07229207,0.072261706,0.070281886,-0.207046,0.05999563,0.14961475,0.10445132,0.13829762,0.015488355,0.4500877,0.031653654,0.42644385,0.2262563,0.29892683,0.13586882,0.0707784,-0.14974712,-0.070011616,-0.36003208,-0.1874732,0.30684045,0.12597893,0.1574949,-0.2454115,0.17377812,0.07423931,-0.051528253,-0.52468425,-0.01817089,0.41291744,0.17609468,0.87994516,-0.18239504,-1.6084344,-0.017068854,-0.06363036,1.337837,0.38153604,0.03477082,0.32877198,0.24704687,0.01916409,0.3463674,0.25467682,0.01802742,0.096105725,-0.2785709,0.20300412,0.17377289,-0.37013423,-0.045838077,-0.27949512,0.001954302,-0.067557625,0.2518518,0.099334024,-0.47496164,0.31692895,0.5943686,0.10183676,-0.17163864,-0.08805607,-0.65272063,0.06073138,0.28982764,0.14886414,0.099980675,-0.20451888,0.0012653836,0.08777534,-0.044814393,-0.16884771,-0.4136929,0.21508971,-0.1366154,-0.18289977,0.39709467,-0.091869056
255,neutral,0.010375241,-0.054160718,0.3863461,-0.22855875,0.20836826,-0.14752914,0.062241726,0.047904756,-0.41124678,-0.11864509,-0.28478447,-0.22111104,0.086095765,0.15804556,-0.26278183,-0.076812066,0.47221148,-0.113898575,-0.7498364,0.1740443,0.13101737,0.062593624,0.26769587,-0.12161239,-0.15667173,0.13706636,-0.02235228,-0.5976861,0.17556322,-0.12647958,0.09547628,0.49261132,0.060630333,0.23824938,-0.21859941,0.004347982,0.116868086,0.24153005,0.13568269,-0.19915754,-0.63672304,-0.061145503,0.14987108,-0.23532957,-0.1317323,-0.34799004,0.20279802,-0.015551322,-0.034543518,-0.30171707,0.18745007,-0.29966044,0.30134115,0.4708242,-0.031321745,-1.8857833,0.10691902,-0.095607966,1.2307621,0.41703022,0.0014604926,0.27213988,0.09747697,-0.14866877,0.6558285,0.093803525,0.33257508,0.5858324,0.058988906,0.44700098,0.16442207,-0.18495362,-0.38664737,-0.056731597,-0.042216185,-0.031677194,-0.040481266,-0.0890127,-0.68060124,-0.0035455308,0.10879379,-0.041607734,-0.30763596,-0.16835777,-0.7804345,-0.09829037,0.25669315,0.024231538,0.14231075,-0.5353042,0.47349373,-0.40568024,-0.2528204,0.3904227,-0.6041715,0.10172822,-0.014076239,-0.25571555,0.31595454,0.13719422
256,neutral,0.4688595,0.5841285,0.3896369,0.12144171,0.43029445,-0.56973535,-0.60970974,0.14079139,-0.25486064,0.4806147,0.057322673,-0.7325169,0.47670972,-0.09504196,-0.44384646,0.37297234,0.41806868,-0.21699178,-0.79835075,-0.2232559,-0.20015654,0.1842147,0.7060983,-0.18271439,0.19935244,0.36767215,-0.18266886,-0.25785074,0.53062224,0.38131174,-0.5966087,0.19163059,-0.880602,0.6063989,-0.13347073,0.16277388,0.76383173,0.5496549,-0.8307974,-0.08344072,-1.0087436,0.17005397,0.21189182,-0.16986997,0.5456412,-0.21484947,0.28563443,-0.016708178,-0.18956237,-0.46483773,0.18969028,0.39647076,-0.20352371,0.843127,-0.46417275,-2.2615485,-0.14160009,-0.034639116,1.776936,-0.076693654,-0.2575426,-0.04983052,-0.5322759,-0.19258878,0.23205976,-0.19471465,-0.56360734,0.67153096,0.53415215,0.34787866,0.19245207,-0.3371581,0.06945241,-0.5087276,0.26523256,-0.3132733,-0.045649607,-0.30728975,-1.6267709,0.017038247,1.5834615,0.007910674,0.2610575,0.098199956,-1.1877825,0.11650842,-0.24642482,0.40332064,0.5141403,-0.6289421,-0.4013479,0.43944362,-0.4140162,-0.28063232,-0.19410169,0.9374907,-0.08776965,-0.015081995,0.9595606,0.48541626
257,negative,-0.43051243,0.1096894,-0.085545495,0.16733247,-0.19162355,-0.09235966,-0.04812415,-0.022700522,0.19337538,0.36874545,0.06299933,-0.06010082,0.34078178,0.081998564,0.089947045,0.0056157177,-0.14916518,-0.34666526,-0.47841433,-0.015000213,0.49243292,-0.13605273,0.13931541,0.007455595,0.0058544334,-0.069493815,-0.30735174,-0.16543265,0.25510713,-0.09704236,-0.05205822,-0.12567276,0.00043703368,0.1410204,0.27992377,-0.15590596,0.30068415,-0.14444953,0.0676741,0.00093500275,-0.38600492,-0.023634454,0.2392113,-0.10630859,0.20525971,-0.20513496,0.19169185,-0.007857056,-0.18866774,-0.45632225,0.18132561,0.27668023,0.24494864,1.0653208,-0.118294485,-1.7360531,0.14653894,-0.44020882,1.3378183,0.27805,0.15753685,0.41988882,0.16588737,-0.08972273,0.64446294,0.20042594,0.029458556,0.0952184,-0.09874848,0.10846744,0.38806018,-0.5662336,-0.38441285,-0.43693823,-0.0630816,0.07175598,0.15306783,0.31949237,-0.7968724,0.271234,0.9157239,0.0654197,-0.165102,0.10279964,-0.60966647,-0.12268637,0.3402195,0.034583796,0.31384745,-0.21789223,-0.107465975,0.07023434,-0.28444463,0.35472783,-0.5560278,0.06638959,0.10620053,0.20270579,0.49415997,0.2976464
258,neutral,-0.04136523,0.1231289,0.29214495,-0.026411824,-0.064243935,-0.46546715,-0.13385089,0.05150469,0.0053706444,0.22943419,0.0065597696,-0.13373576,0.15710396,-0.020766301,-0.090010785,0.0030759734,0.029168021,0.08822316,-0.19485229,-0.04480202,0.230448,-0.31215346,0.00956605,0.13842149,0.13636708,-0.033790592,-0.025971428,-0.123098895,0.032259967,0.10165764,-0.28773466,0.18114555,-0.17949872,-0.09928091,0.0071125887,0.2059584,0.16421075,-0.0066368673,-0.1776107,-0.062099516,-0.18825726,-0.030129965,0.022482231,-0.10169057,0.16780466,-0.13408643,0.00034131747,-0.28521672,-0.10686435,-0.5396627,0.0400361,0.10042032,-0.021174697,0.6992047,0.12930076,-1.4597697,0.01125872,-0.1791098,1.0881847,0.09916695,0.015374188,0.32019413,-0.15096284,-0.107061386,0.4539564,-0.019503722,0.1714303,0.25855637,-0.02688852,-0.05391549,0.24125028,-0.07879769,-0.08168942,-0.19440854,0.08209765,0.13809098,-0.15967554,0.04522306,-0.6183827,0.14530711,0.38999322,0.027997334,-0.294458,-0.016536493,-0.9330346,-0.18578893,0.016005225,-0.11337522,-0.07969048,-0.28586766,-0.0362511,0.064355135,-0.12093145,-0.009409615,-0.23832934,0.010980712,-0.032454938,-0.32038742,0.47271267,0.10348184
259,negative,-0.13277853,0.35021454,0.35874608,-0.07668456,-0.0011805012,-0.09449416,-0.17580435,0.13470313,0.029251646,-0.037670635,0.036861535,0.02987753,0.14089307,-0.19874492,0.014018454,-0.1805674,-0.14849937,0.16258474,-0.14717811,0.11471996,0.3245206,0.040934827,0.062523015,-0.2456526,0.21772645,0.17424528,-0.23522995,-0.3324422,0.20194037,0.035581876,-0.10453801,0.4794082,0.010061862,0.06489175,0.04254378,0.17248505,-0.056313336,0.10854817,0.09945924,-0.14564718,-0.18034102,-0.19490542,0.17873265,-0.11540926,-0.283716,-0.08002009,0.0055129253,-0.14880499,-0.08927418,-0.7760497,0.028554777,0.02560925,0.059016377,0.6777422,-0.07028035,-1.9165136,0.03595408,0.016970996,1.3931378,0.25291112,0.04106254,0.5097748,-0.34543774,-0.12665857,0.5731379,0.025974575,0.31919542,0.062186223,0.113418445,-0.31604826,0.12481745,-0.06257214,0.055823456,-0.14140324,0.10891325,0.13604341,0.015703034,-0.085620634,-0.40232667,-0.15084706,0.28721988,0.12519214,-0.3500048,-0.00317354,-1.0186095,-0.08688641,-0.01807601,-0.11008607,-0.19558729,-0.24712728,-0.09466256,0.0054478697,-0.16009557,-0.19621018,-0.46103296,-0.05634932,-0.10414713,-0.12537429,0.419553,0.2564851
260,neutral,-0.18877703,0.45757663,-0.0042475234,-0.027857764,-0.12974524,-0.021592459,-0.113548435,0.022082053,0.20621276,0.17484246,-0.08240132,-0.08794506,0.13207458,-0.011756057,-0.1488492,-0.094611675,-0.07459502,-0.15589748,-0.48011017,-0.19808799,0.25634086,0.05075088,0.34094852,-0.22496319,0.029062266,0.26190668,-0.23138088,-0.06817848,-0.053362112,0.055838242,-0.35107467,0.08537869,-0.08565704,0.10577688,-0.14369795,0.18788002,0.24741594,0.14003937,-0.36146745,-0.15172875,-0.40447074,-0.012554364,-0.31118143,-0.28700042,0.30613056,-0.049347963,-0.028914476,-0.014896837,-0.17749012,-0.47434276,-0.16850303,0.12692612,-0.19972955,0.8020252,-0.06366305,-1.5532432,-0.023618722,-0.25378972,1.3443415,0.11981563,2.4455176e-05,0.25612208,-0.08354794,-0.39327538,0.7286696,0.13297853,0.056535885,0.18100402,0.42246416,-0.28467888,0.2803719,-0.42733318,-0.3668056,-0.2251722,0.17137013,0.12108093,-0.32111844,0.21520764,-0.46759272,0.102450736,0.29846546,0.07483494,-0.23062131,0.15566269,-0.78386676,0.049032386,-0.09865878,0.06801259,-0.10214791,-0.20602569,-0.10657575,0.14050011,-0.010202434,-0.14418192,-0.4598522,-0.17317383,0.1607425,-0.06360603,0.6198721,0.43074444
261,neutral,-0.31989333,0.2998904,0.27120408,0.19960873,-0.32082072,-0.59879947,0.39145434,0.15094808,0.2754355,1.0220635,0.13096085,-0.012328186,0.2899963,-0.12472164,0.36343044,-0.08608856,0.044428196,0.3231161,-0.42754215,-0.13300347,0.5000665,-0.50239265,-0.04677936,0.36255568,0.04354689,0.058971316,-0.263591,0.3212557,-0.017316395,0.14895828,-0.15746242,0.22868232,-0.30127952,0.12315032,0.59384143,-0.058201868,0.042119153,-0.062309064,0.18003319,-0.027908163,-0.47810122,-0.15450077,0.0234798,-0.094009615,0.31654915,-0.5488956,0.11665042,-0.19380412,-0.592976,-0.39977127,0.40712106,0.4105213,0.17549273,0.8942905,-0.16275372,-1.3996462,0.028421791,-0.31070304,1.1330453,0.42135206,0.30176428,0.32356024,0.24232645,0.51575303,-0.02126009,0.31564575,-0.16914088,0.24870592,-0.25174442,0.069130294,0.34138784,-0.08708969,0.14536005,-0.34353676,-0.010994883,-0.22146916,0.09579358,0.17662326,-0.9705407,0.016553396,0.78557736,-0.029543687,-0.43682858,-0.24929598,-0.66916394,-0.14865002,0.46464443,0.06489327,0.099774115,0.089676306,0.076818764,0.37473494,0.16643915,-0.3826994,-0.1789913,0.1328279,-0.14081939,-0.021038773,0.6300694,-0.14430659
262,negative,-0.15567833,0.11167512,0.27451026,-0.14124845,0.017522665,-0.2302835,-0.18358506,-0.11316639,0.037478257,0.16721334,0.075863324,-0.12990336,0.103600234,-0.19336684,0.11908412,-0.058934603,-0.012573929,0.068061136,-0.24188295,0.1016056,0.21633722,0.0106600495,0.00120819,-0.061507314,-0.26131704,0.012310917,-0.16516407,-0.029315667,0.018831132,-0.1532961,0.08133035,0.24837607,-0.10809379,-0.011156424,0.11368059,0.3550494,-0.057082523,-0.16469719,-0.34910998,-0.08701006,-0.24814385,-0.21192288,-0.18245636,-0.19789422,0.03031348,-0.26288018,0.20939055,-0.30911186,-0.033564318,-0.7793688,0.19819051,-0.041462664,-0.053301826,0.9334587,-0.08358983,-1.831927,0.066864975,-0.27816707,1.6128473,0.15504397,-0.019176222,0.40847734,-0.34109268,-0.085754745,0.53358996,0.33847177,0.112003036,0.16165091,0.2193278,-0.3653233,0.26313302,-0.4240701,0.105343185,-0.24016766,0.07330873,0.23373221,-0.07342448,0.058141675,-0.6049244,-0.052746177,0.54892284,-0.26662642,-0.37286347,-0.1256094,-1.3029454,0.01114591,0.12897182,0.10943576,0.096502185,-0.20513704,-0.1814008,0.019543154,-0.24764459,-0.026663499,-0.25009674,-0.13469008,0.016266644,-0.22895582,0.55277216,0.23408645
263,neutral,0.08331891,-0.31351602,-0.19576128,-0.5312765,0.41112304,-0.10936477,-0.009340325,-0.014833359,-0.20994416,-0.18264394,-0.05150944,-0.1946305,-0.001989799,0.04825405,0.23545115,0.18873219,0.15950468,-0.16892296,-0.07733753,0.022943899,0.3668726,0.13106357,0.10432206,-0.45776957,0.4904135,-0.12690453,0.33123282,-0.18743297,-0.021907713,0.028636733,0.028044952,0.49529403,-0.120398015,0.21210997,-0.13828653,0.15818287,0.15311927,0.018825565,0.01971468,-0.20664454,-0.09625783,-0.11392971,-0.27716893,0.08630034,0.11347066,0.09247557,-0.2728433,-0.43862402,0.17947565,0.25585514,0.14801477,-0.15194233,0.039089035,0.42433015,-0.37161565,-1.569908,-0.24922566,0.13456784,0.25063652,0.14826691,-0.10662614,0.45359597,-0.16477928,0.04115199,0.54612666,0.052966952,0.30777532,0.36502647,0.07178125,0.29738948,0.009086103,-0.025445964,-0.13836354,-0.41915867,-0.19777972,-0.2791771,0.21542004,0.049771618,-0.3770347,0.06833005,0.14705293,0.034925207,0.24549255,-0.22300318,-0.58502966,0.14057174,-0.15286009,-0.09675867,0.19520316,-0.14067923,0.07537113,-0.11011806,0.31438825,0.33725712,0.17299274,0.12240001,-0.09516715,-0.35521978,0.28154686,-0.090361185
264,neutral,-0.17857862,-0.09722864,0.07088032,-0.062532924,0.14884469,-0.009866852,-0.08681845,0.060931228,-0.07756698,0.043481667,0.22139554,-0.06437375,0.06252331,-0.091629535,0.23418482,-0.22651757,-0.011529989,-0.19478242,-0.0016354088,0.14234698,-0.15497093,0.07003788,-0.027327396,-0.14791319,-0.052418545,-0.1807672,0.07976268,0.025962763,0.09933565,0.07487041,-0.12613207,0.46343443,-0.30738682,0.068961404,0.05022523,0.14505088,-0.067400575,-0.035554346,-0.020053875,-0.12972027,-0.13034359,-0.13303442,-0.1824654,-0.03782024,-0.08522607,-0.044948075,-0.006452536,-0.31092006,-0.011875616,-0.38861006,-0.041286264,0.18088032,0.22429793,0.5760757,0.055377536,-1.4591595,-0.03307884,-0.16658135,1.1790498,0.047565527,-0.088084295,0.58499116,-0.1258775,-0.22950156,0.49056545,5.2799638e-05,0.24495147,0.056744616,0.10733551,-0.0827749,-0.031318955,-0.03023939,0.34044123,-0.28492022,0.012514062,0.1274545,-0.07752749,-0.044844624,-0.4962251,-0.13731618,0.33556446,-0.24164559,-0.18969378,0.020390863,-1.01273,0.113996275,0.116998605,0.03374245,-0.086721,-0.09533394,-0.090531364,0.16444804,-0.0077014435,-0.1611173,-0.21297385,-0.10260374,-0.20491752,-0.36740434,0.4816088,0.24935387
265,neutral,0.013750149,-0.12727137,-0.082512446,-0.43851072,0.29060677,-0.03666823,-0.10554743,0.0076966,-0.5377002,-0.3482678,0.005953624,-0.21886279,-0.01085169,0.20128848,0.15110035,0.15772009,0.0069324626,0.124977656,-0.3419218,0.040673397,0.17922342,-0.03039251,0.52646303,-0.33271283,0.45871872,-0.020949896,0.35285258,-0.1886451,0.04300183,0.20079856,-0.19081567,0.4917632,-0.111024305,-0.009771328,-0.1924058,0.08881522,-0.03322784,0.3120514,-0.047339574,-0.11771563,-0.2773707,-0.13913636,0.019235425,0.12720639,-0.06816309,-0.025669307,-0.2765727,-0.2001155,0.22555622,-0.03189369,0.2549404,-0.24980891,0.36920685,0.23507532,-0.1160214,-1.9995224,-0.49884242,-0.05958712,0.1757357,0.049119286,0.18059231,0.52955854,-0.09938822,0.21777533,0.41246155,-0.24274848,0.3156457,0.7627144,0.19765846,0.33736125,-0.16914235,-0.03153161,-0.39455608,-0.2918311,-0.13632862,-0.39781323,0.105161525,0.14107902,-0.4998223,0.17351279,0.08875151,-0.07373119,0.50184524,-0.0025528783,-0.46820405,-0.26427567,-0.37257794,-0.16672817,0.1925416,-0.20224276,0.11112015,-0.52636606,0.48905033,0.053246524,-0.25942147,0.1578634,0.1748734,-0.2746878,-0.04206876,0.022124615
266,neutral,0.05357881,0.04620253,0.19345036,0.14185086,-0.032500442,0.2343846,-0.093428105,0.120554745,0.05294836,0.10250208,-0.1681689,0.003534706,0.308026,-0.06045326,0.066992946,-0.18989585,-0.055414606,-0.10233496,-0.6550845,0.11558106,0.40261462,-0.09188939,0.12863661,-0.04228511,-0.0024050984,-0.24940388,-0.087310955,-0.27947623,0.25648764,0.0071289046,-0.03791018,0.13598551,0.023625828,-0.118018076,-0.16187172,-0.014050312,0.10373058,0.102970846,-0.17314538,-0.04840589,-0.5333612,-0.23454297,0.28233013,-0.01177229,0.1347377,-0.18377118,0.16231827,-0.1720724,-0.20027344,-0.49519062,-0.08717797,-0.060817022,0.21837662,0.9835822,-0.16527656,-1.6258994,0.040175892,-0.39408067,1.4862946,0.27181336,0.050533924,0.33822313,-0.18553077,-0.30926582,0.7126326,0.083614565,0.035930593,0.12843303,0.006370241,-0.21723193,0.16461663,-0.30218437,-0.23015735,-0.16918328,0.012152425,0.066063,-0.2299603,0.12428954,-0.8399698,0.039813943,0.51433176,0.23241565,-0.16046521,0.29050004,-0.8527744,-0.004797079,0.07678133,-0.12371284,0.21345307,-0.12759353,-0.096611716,0.030439388,-0.25333083,0.023588829,-0.5357294,0.09384321,-0.10865122,0.12328324,0.36807436,0.06860517
267,negative,-0.033237055,0.20723806,0.115951106,-0.2378193,0.13937947,0.2374511,-0.0535203,-0.036152788,-0.020720482,-0.089410454,-0.023934271,0.13708512,-0.2288881,0.03618759,-0.09222764,0.26488593,0.30668658,0.07099949,-0.12514204,0.2622362,0.10870105,-0.19905774,0.10379747,-0.1508926,0.3457094,0.013233988,-0.18778422,-0.35859597,0.39932635,-0.22889693,-0.013370667,0.090943955,-0.14897451,0.12514262,0.01940714,0.0697267,-0.0054404363,0.28716826,0.03284761,-0.11061253,-0.24633218,-0.12836789,-0.03662655,-0.44689232,-0.1020012,-0.16994616,-0.015350859,-0.20996788,-0.30803472,-0.27824336,0.013600557,-0.25343683,0.19665854,0.79914564,-0.3533026,-1.1729071,-0.15317354,0.19500777,0.8719912,0.05292301,-0.15862319,0.6264513,-0.63120145,-0.10238259,0.5471408,-0.047761183,0.19633506,0.3517313,0.029284002,0.07785847,0.13921665,-0.30594748,-0.20368373,-0.013111881,-0.056546353,-0.0041823806,-0.16668588,-0.22817859,-0.38114274,-0.052902143,0.48682743,0.27608785,-0.12662527,-0.0149360215,-0.85675067,-0.016501265,-0.1693202,-0.08205883,-0.047631077,-0.1925982,-0.123035625,-0.17436141,0.07086925,-0.025628792,0.043797612,-0.13040465,0.13447809,-0.026327608,0.41824088,0.09909881
268,neutral,-0.12974262,0.08612085,0.18025695,0.0022647192,0.07812425,-0.6379502,-0.27893943,0.09011657,0.054034296,0.07844234,-0.26451823,-0.23183039,0.28940064,0.009471442,0.022341866,-0.07846961,-0.06527148,-0.32100767,-0.36652085,0.0446124,0.5342025,0.13508809,0.0727418,0.020790465,-0.044937775,0.0574832,-0.15101065,-0.1682252,-0.06693511,-0.3041304,-0.32192153,0.1372841,-0.027744507,-0.011332721,-0.07226687,-0.10516099,0.05260574,0.008547253,-0.16124675,-0.09436737,-0.48452854,-0.26509705,0.13731128,0.110721976,0.41474265,-0.1766149,0.6034046,-0.020138785,0.0883182,-0.6174531,-0.061314005,0.13185665,0.165703,0.8859659,0.023570515,-1.8500243,-0.12435843,-0.23110399,1.5020458,0.36028326,-0.22410814,0.4806181,0.053857032,-0.3810692,0.41218385,0.38403308,0.10236902,0.013613795,0.36217263,-0.18470569,0.3250699,-0.2174933,-0.16121967,-0.3427318,0.11839191,-0.054640703,-0.115722656,0.22662914,-0.6901531,0.09431344,0.6969303,0.20227912,-0.23682094,0.19853973,-0.7099647,-0.062034693,-0.048627023,-0.29758632,0.017474549,-0.4915457,-0.032308295,0.15431102,-0.43545496,-0.13284086,-0.5162161,0.1717122,-0.028932586,-0.049041476,0.55844885,0.046192348
269,negative,-0.011810082,0.24514063,0.4208952,-0.09010816,-0.05256569,-0.031714037,-0.29415858,-0.04222388,0.21695563,-0.1357366,0.013447896,0.16029744,0.24226612,-0.031737074,-0.1858019,-0.1390261,0.054144762,0.23057488,-0.3167163,0.09585781,0.2959814,0.046109967,0.03383481,-0.044605356,0.1056941,0.1371805,-0.13691418,-0.35812774,0.0354398,-0.23986419,-0.074051104,0.316924,0.09004321,-0.06017068,0.09757676,0.09939869,-0.07120389,0.032020085,-0.15926619,-0.18522032,-0.38775185,-0.16082966,0.0814177,-0.30820283,-0.013535541,-0.25370052,0.28340742,-0.08690754,-0.1375545,-0.7694679,0.22385886,-0.16095354,0.012308979,0.787278,-0.012691099,-1.8300753,0.10551388,-0.118386835,1.4383986,0.25962755,-0.32751644,0.4532252,-0.3060071,0.006622211,0.5156864,0.0871194,0.1719483,0.34624308,0.043699753,-0.1466192,0.13272811,-0.25928122,-0.14283381,-0.26764384,0.061978895,-0.005237044,-0.18116368,-0.08155414,-0.6407535,-0.06613586,0.59562284,-0.021177223,-0.303258,0.055322018,-1.2465247,-0.14354181,0.036069136,0.10383952,-0.16330433,-0.30788597,0.13762279,-0.01532322,-0.09071722,-0.09171109,-0.39589795,0.06862688,-0.07286435,-0.3389717,0.3740893,0.06869222
270,neutral,-0.008459004,-0.056445844,0.10449572,-0.19796303,0.18615326,0.15537041,0.013497783,0.31650952,-0.03355437,-0.12871784,-0.00735708,0.077983506,0.17202558,0.10760466,0.2044371,-0.19905964,0.16192158,-0.091072984,0.040609688,0.05463618,-0.08368044,-0.058317058,0.10586275,-0.04387562,0.44929153,0.058281686,0.13471588,-0.13841817,0.21211435,0.15304312,0.023653442,0.37937737,-0.028540323,0.2270275,0.1905765,0.013808123,-0.05267724,-0.1762741,0.01583838,-0.129569,-0.18563066,-0.21284497,-0.23708226,0.16646554,-0.0765568,-0.21460062,0.1510927,-0.18743089,0.10237316,-0.58693296,-0.021140352,0.075484976,0.1629209,0.7152233,-0.030842017,-1.6412045,-0.000110265595,-0.08603553,1.2228451,0.32912365,0.103008464,0.4860799,-0.26486996,-0.14755824,0.46128944,0.17911607,0.066392116,0.09035821,0.1287772,-0.08732861,-0.102185056,-0.2469424,-0.0047570057,-0.33689728,0.22035745,0.06609513,0.05202681,0.17053182,-0.45575836,-0.290643,0.40387762,-0.3346896,-0.30758566,0.02341107,-0.95731765,-0.13119945,0.19049168,0.15332823,0.11741988,0.052278023,0.15589568,0.12289649,-0.15184331,0.23833013,-0.40334088,0.07861624,-0.039918657,-0.10832165,0.38199246,0.050018564
271,neutral,-0.32769597,-0.026276244,0.18332973,-0.07441775,-0.26932538,-0.12848371,0.44864824,-0.008826963,-0.24908295,0.5690917,0.35899314,-0.036940403,0.29435053,0.13593948,0.4856554,-0.12124699,0.08353656,0.14439243,-0.3438073,0.30783784,0.8960322,-0.014356998,0.027591424,-0.060660433,0.36584228,0.6377535,-0.36140826,-0.12760785,0.18793605,0.01593584,-0.15345828,0.35848588,0.22419333,0.3193803,0.1907459,-0.06033818,0.19053008,-0.18503363,0.11368422,0.5717408,-0.35031268,-0.28865877,0.330104,-0.04671243,0.37296262,-0.06875789,0.28821674,-0.05635254,-0.12805207,-0.47720483,-0.1045365,0.33319283,0.13272478,0.73478794,-0.02953563,-1.3705026,-0.14196186,0.03217602,1.4339792,0.5262763,0.22224201,0.79846513,0.11044353,0.4230496,0.14863954,0.30140436,0.13343605,-0.016547937,0.099738464,-0.17628227,-0.049810246,-0.28166422,0.23543724,-0.1619083,0.33232933,-0.04805976,0.030449724,0.1758056,-0.29370272,0.23690993,0.41553378,0.08486134,-0.515941,-0.014598029,-0.582311,0.04634743,0.4402525,-0.27314323,-0.024862427,0.21714045,0.003642983,0.10287544,-0.009688121,-0.124800764,-0.3321793,0.16385305,0.13871992,-0.17338069,0.6112466,-0.40059474
272,neutral,-0.051994815,0.30306482,0.14438528,-0.3345431,0.2120459,-0.49350885,0.047950886,0.21391392,0.13886602,0.35262367,0.4800915,0.275846,0.2164977,-0.05249568,-0.06324594,-0.41743892,0.018642418,-0.0847608,-0.14710651,-0.037456702,0.5420153,-0.12647633,0.09742776,-0.015879525,0.20680694,-0.008923569,-0.47681743,0.25639725,0.006398535,0.07247859,-0.10097385,0.08626017,-0.2073976,0.050518267,0.08977376,-0.04154555,0.2522391,0.12513372,0.053809203,0.20918472,-0.21948846,-0.51487374,0.0018427138,-0.018187622,0.47936156,0.29089242,-0.19099252,-0.27790037,-0.36487368,-0.31867212,0.067918934,0.2724292,0.07331765,0.9864569,-0.26423743,-1.4271511,-0.17284358,-0.34119466,1.3630043,0.35188815,-0.08485366,0.23372293,-0.10187285,0.07708835,0.32605696,0.26801652,-0.036890198,-0.04104143,0.05859177,-0.169683,0.0182849,-0.10133114,0.3395964,0.016246416,0.11176178,0.108831726,0.16273458,-0.103534155,-0.7117542,0.2074362,0.47727224,-0.066942334,-0.3628264,0.31240815,-0.32662275,-0.24699634,0.26568335,-0.23077197,-0.054629784,-0.3046679,-0.035998207,0.16249117,-0.30067867,-0.44021234,-0.2576996,0.32291204,-0.13288891,-0.08492356,0.44484425,-0.03855281
273,neutral,-0.21114834,-0.11918569,0.30275214,0.052257646,0.06619434,-0.071179494,-0.13488504,0.043602314,0.04066502,0.22110726,0.15808228,-0.009719957,0.11992999,0.09695501,-0.104838714,0.21996479,0.1985018,-0.27991372,-0.5584652,-0.121905364,0.10339489,-0.35014403,0.09608459,-0.21970154,-0.29350293,-0.43514383,0.04679259,-0.14326899,0.112021916,0.009838875,-0.11236404,0.242112,-0.35346264,-0.17189288,-0.14898267,0.0008897741,-0.03201459,0.19043736,-0.2549871,0.13481446,-0.48077998,-0.2503861,0.27225122,0.16307801,0.022096548,-0.15583637,0.021268813,-0.15480602,-0.05721013,-0.5317997,0.39669386,0.061943114,0.231677,0.9205554,-0.13177422,-1.4985712,0.05350777,-0.2298357,1.3424726,0.35935813,-0.016018061,0.18881164,-0.17825441,-0.038898893,0.71553624,0.06373788,-0.044793803,0.30229917,0.3480107,0.07375917,0.16675428,-0.20163502,-0.1393533,-0.5357195,-0.035772886,0.20324224,0.07025777,0.017952189,-1.041217,0.016494099,0.61906874,0.12600553,0.12959959,0.07886257,-0.9779527,-0.25120655,0.17041917,0.33792123,0.22223131,-0.22599757,0.13163409,-0.23960444,-0.13585915,0.12774731,-0.1352489,0.12709038,0.0057574348,-0.18310907,0.4366817,0.13332027
274,neutral,0.008071239,-0.033040553,0.2698586,-0.45729896,-0.11157256,0.20496027,0.00861904,0.00032210627,0.141509,0.02411681,0.18190083,-0.04086883,0.087847255,0.13579951,-0.024997378,-0.104210965,-0.012596651,-0.031041311,0.012383336,-0.26131898,0.23219472,0.20282474,-0.107378185,-0.28059897,0.247911,-0.024793305,-0.25724852,-0.11857809,0.31941032,0.04252418,0.017427994,0.2970369,0.07432885,0.30731234,0.118976444,0.06580568,-0.09152063,0.10082081,0.25595638,-0.30073938,-0.052442916,-0.11359403,-0.094981834,-0.16191429,-0.09357509,-0.12293689,0.13189961,-0.04889306,-0.08687998,-0.41485333,0.053918805,0.07722615,0.09728368,0.6265957,-0.08700949,-1.5740749,-0.17361256,-0.027298491,1.134409,0.61524945,0.24173005,0.47289345,-0.053678293,0.16218656,0.3887453,0.059781995,0.49798292,-0.07318463,-0.03299722,-0.05344971,0.15885995,-0.015422318,0.14497149,-0.2149924,0.12584384,0.0740978,-0.018503308,0.020404443,-0.2066161,-0.07693971,0.2533775,-0.066521175,-0.047941137,-0.043900087,-0.66655004,-0.1955699,0.13224936,0.07620181,0.054969657,-0.098469704,-0.014925252,0.033423863,-0.17276414,0.10445384,-0.106818184,-0.086604826,0.007934889,-0.19476026,0.38548806,0.13084629
275,neutral,-0.034609374,0.10080066,0.33289924,0.06388055,-0.04802268,-0.14328437,-0.29823354,-0.08889215,0.13814944,0.041239712,-0.20166864,0.0042865137,0.23628363,-0.070994966,-0.08728327,-0.19953774,-0.14540325,0.06897809,-0.42800677,0.062363118,0.30123693,0.051460847,0.10701431,-0.00020692093,-0.09821433,0.12586333,-0.071361974,-0.30696952,0.18576314,-0.04590277,0.063912295,0.13452384,-0.059373505,-0.048370894,0.049608666,0.041452505,0.065428674,0.06547755,-0.10604861,0.051253308,-0.54755706,-0.12254766,0.16626538,-0.18031271,0.16043013,0.030499417,0.37492934,-0.03456393,-0.29184267,-0.6148342,0.11332255,-0.025894891,-0.18130553,0.8318086,0.11095902,-1.831974,0.10007458,-0.32457626,1.4090669,0.30352038,-0.20816393,0.46670657,-0.18742998,-0.16980515,0.51116633,0.08638307,0.22806454,0.040073484,0.22888055,-0.112959385,0.12737706,-0.3536464,-0.10891018,-0.24386871,0.30885696,-0.04991768,-0.1942361,0.109097734,-0.70678097,0.132448,0.61556387,0.07441463,-0.3379109,0.1929939,-1.0018284,-0.17872053,-0.051038176,0.019428799,-0.08134382,-0.47072974,-0.09216882,-0.039671894,-0.0667571,0.0068693077,-0.3031171,0.24014306,0.073233165,-0.2510553,0.3647341,0.0052185594
276,negative,-0.040860362,0.0041811354,0.25978506,-0.16934925,-0.39345247,0.114842094,-0.014574841,-0.0073063634,0.09439915,0.24486703,0.13679707,0.15796228,0.058421627,0.07449365,0.17433457,0.036724888,-0.007983534,0.21938077,-0.28529346,0.08053081,0.4614126,-0.04270237,-0.044111878,-0.29122555,0.033762313,0.34657827,-0.37698668,-0.15502098,0.22421968,-0.05218742,-0.022920288,0.2149827,-0.040609956,0.010540345,0.27355257,-0.0051756175,-0.049047105,-0.16387893,0.30655122,0.0038963603,-0.22769032,0.0025298798,0.018863792,-0.2314036,0.1704831,0.008091309,0.1637127,-0.05919107,-0.23937629,-0.3629013,0.12923475,0.10521403,-0.06133661,0.7319248,0.03464229,-1.3133211,0.016276332,-0.0119531425,0.87882376,0.11100308,-0.06673249,0.38356537,-0.23768026,0.046428338,0.43489507,0.23508507,0.30623293,0.03944929,-0.16121227,-0.08535197,-0.011138406,-0.40601358,0.07267207,-0.14382848,-0.06741879,0.13473567,0.009330841,-0.0016734336,-0.4062536,0.16012321,0.46218073,0.048731472,-0.2785566,0.11676901,-0.797135,-0.07874045,0.1314315,-0.091498256,-0.017091561,-0.17570607,-0.2577714,0.048901305,0.06915032,-0.02010175,-0.110872254,-0.0644183,-0.039267626,-0.16730222,0.2463941,0.048866265
277,neutral,-0.063291535,0.2779356,0.15659332,-0.34188294,0.15446995,-0.45847636,0.046284065,0.16670127,0.17085922,0.37042594,0.52095544,0.30658555,0.2275435,-0.06354005,-0.068786845,-0.3914402,0.03777294,-0.15925919,-0.13050061,-0.01568873,0.520141,-0.12345251,0.09825453,0.062131505,0.23917553,0.042993657,-0.5152803,0.24550657,0.03434492,0.053016867,-0.07339233,0.07657125,-0.18793276,0.10091035,0.11111329,-0.08061554,0.18928105,0.13318549,0.083340704,0.17176953,-0.17322007,-0.545273,-0.07060211,-0.035047416,0.46605858,0.26758972,-0.18330695,-0.26576316,-0.41751957,-0.27624947,0.008681112,0.29447708,0.042774435,0.98948926,-0.25538194,-1.3154359,-0.18525113,-0.2508342,1.2506502,0.33369443,-0.040775847,0.25450292,-0.09714748,0.10531442,0.33193666,0.26995474,-0.045689713,-0.06174518,0.011166025,-0.1973802,-0.002485677,-0.13182573,0.36365378,-0.0151261585,0.10207617,0.09536593,0.18546918,-0.13101864,-0.725688,0.14657028,0.4577184,-0.09022482,-0.29598674,0.32204103,-0.2770201,-0.18791957,0.24560696,-0.20476346,-0.060896546,-0.27717268,-0.037458386,0.22083688,-0.277047,-0.39526245,-0.1687537,0.32202238,-0.11795367,-0.07411212,0.39578867,-0.07603006
278,negative,-0.07055882,0.25557873,0.2284108,-0.120284,-0.09712648,0.06768346,-0.2003865,0.08717275,0.31014186,0.26060256,0.02137973,0.008900246,0.18738337,0.18539804,0.14453317,-0.037339102,-0.10322067,0.0012739942,-0.39222857,0.11474141,0.21543187,-0.07475164,-0.076900676,-0.32968208,-0.06448176,0.021810276,-0.11133139,-0.12832522,-0.07504126,0.12729341,-0.0135029815,0.16738123,0.031050166,0.12593535,-0.08872028,0.09318208,-0.031082487,0.092004,-0.036321137,-0.22520204,-0.02594058,-0.08672953,-0.051509555,-0.266874,0.04775165,-0.19077846,-0.044388108,0.09247359,-0.09941367,-0.48753834,0.105924234,0.0988631,0.13957503,0.6024918,-0.209109,-1.5459762,0.11302256,-0.088556424,1.1299078,0.017592238,-0.09885253,0.49304095,-0.115464844,-0.10500822,0.6361136,0.10909514,0.16175339,-0.033744276,-0.071907416,-0.17757349,-0.1357142,-0.24047253,-0.0074593504,-0.32366565,0.26324973,0.079755954,0.16560145,-0.084704846,-0.43010002,-0.053608347,0.3442013,0.0059141563,-0.45861435,0.015104848,-0.9063159,0.07091897,0.080849096,-0.180152,-0.29238376,-0.23642945,0.10520394,-0.046600703,0.098875694,-0.08513905,-0.45362642,-0.016476523,0.13142976,0.017084537,0.43215784,0.32082567
279,neutral,0.0016305196,-0.22579277,-0.12687148,-0.62576985,0.48951694,-0.089275986,-0.34892005,-0.02394935,-0.34868598,-0.27402273,0.016742064,-0.18503582,-0.15699363,0.2005869,0.17993395,0.27166525,-0.03394273,-0.025865495,-0.285814,-0.10245213,0.22401275,0.07611627,0.22174029,-0.50982237,0.4755404,-0.28669906,0.14331527,-0.2533309,0.07454829,0.421381,-0.02360843,0.40848067,-0.07615414,0.3230684,-0.29408047,0.048425194,-0.06447919,0.3571207,-0.34162518,-0.11298025,-0.123386145,-0.18880667,-0.14975707,0.2259733,-0.04322719,-0.07331309,-0.0723249,-0.35827374,0.29545045,-0.14974867,-0.07193344,-0.2433364,0.37466377,0.43448666,-0.21367711,-1.9467506,-0.32360858,0.027035689,0.25804076,0.30894196,0.112428404,0.6219618,-0.17895333,-0.1648521,0.82729536,-0.1214901,0.47693038,0.4879319,0.04918027,0.212579,-0.20473059,-0.011526329,-0.38149983,-0.33378324,-0.14074849,-0.10556162,0.3762803,0.051805086,-0.48124298,-0.1470771,0.01305484,0.013849391,0.28887945,-0.17007135,-0.51887953,-0.15220274,-0.23060665,-0.03900748,0.32923326,-0.15008593,0.3461001,-0.21797441,0.44399178,0.12868655,-0.36651883,0.039637655,0.15665706,-0.20836711,0.2825739,0.13669297
280,neutral,-0.10138955,0.39882073,0.23973328,-0.16101149,-0.154067,0.34099945,-0.4167447,-0.057302978,0.026030367,-0.20300071,-0.17597653,-0.16336745,0.15758759,0.0009487343,0.0014124389,-0.03227374,-0.11705746,0.30957678,-0.33709395,0.09743908,0.13004096,-0.114320114,-0.13735236,-0.12052843,0.070257396,0.19772495,-0.18966724,-0.026427632,0.29089808,-0.28632838,-0.11580973,0.29864824,-0.000998029,-0.07975627,-0.16928637,0.21400274,0.1602398,0.014732055,-0.035282742,-0.30402318,-0.2500263,-0.06466,-0.021463873,-0.34316066,-0.06336007,-0.10566027,0.26594695,0.0044047213,-0.049002647,-0.6930191,0.16280904,-0.0067958804,-0.11784311,0.7141289,0.14439382,-1.6506413,0.23837116,-0.027460026,1.2075992,0.09208483,-0.1068698,0.5448652,-0.22333862,-0.32680115,0.7128245,0.21313639,0.30468202,-0.17010956,0.18911605,-0.43625206,0.114432365,-0.11195833,-0.0664095,-0.11269395,-0.03384945,0.16750343,-0.08201012,-0.1943228,-0.6015518,0.10566848,0.594613,-0.11039628,-0.42648646,0.16591555,-1.0396801,-0.10539588,0.030535828,-0.03431015,-0.23177224,-0.5206868,-0.019859865,0.050688412,0.000581918,-0.09480734,-0.48799533,-0.27291915,0.11273575,-0.25383008,0.21357617,0.24020186
281,neutral,0.1503084,0.0919293,0.06426806,0.055436313,-0.1502349,0.40708962,-0.17525543,0.050107464,0.5142611,-0.12706712,0.16605717,0.39942074,-0.1487127,0.07842237,-0.0038985272,-0.41287056,0.030736027,0.19295308,-0.41084248,0.39664477,0.5003919,0.25775802,0.04996159,-0.24653,0.114087194,-0.24231586,-0.3788912,-0.46373826,0.026181666,-0.0913246,-0.13910192,0.25526762,-0.1167219,0.03938869,0.11738758,0.34727776,0.045209195,0.23618495,0.25291649,-0.23730993,-0.604593,-0.081765,-0.11860728,-0.1851159,0.06594758,-0.041086514,0.13251337,0.3037303,0.07533493,-0.6789539,0.029993676,-0.1039534,0.12829405,0.80534214,0.16450338,-2.0687916,0.10487865,-0.51776856,1.6583499,0.18773925,-0.26725337,0.61951494,-0.025080083,0.039565183,0.54475236,0.034004916,0.34481546,0.10374603,0.06660087,0.0546422,-0.17935959,-0.3813148,-0.066218525,-0.59713703,0.11170111,0.023592005,0.044616796,-0.071910225,-0.6383604,0.088037625,0.67305416,0.23446116,-0.42134765,-0.12809354,-0.9800478,-0.112731524,-0.08816532,0.15881678,-0.010395819,-0.447982,-0.08087389,-0.16084273,0.12551071,-0.21786217,-0.58080894,-0.15312724,-0.04282884,-0.036441468,0.14356805,-0.04336199
282,negative,-0.095639415,0.073570445,0.17554602,-0.09281534,-0.102891736,0.26596785,-0.07208871,0.3786391,0.05037008,0.015078861,0.2733009,0.031342212,0.10610615,-0.17345725,0.14771537,-0.18665883,-0.2575656,0.20520408,-0.027426524,0.05386795,0.15484956,0.16643035,0.015367037,-0.12730898,0.3500786,0.17687267,-0.1331861,-0.087582044,0.0864866,-0.023921117,-0.10464189,0.27777603,-0.006026474,-0.011867735,-0.0009407297,0.04028392,-0.117105834,-0.1720056,0.1639154,-0.047082085,-0.14775752,-0.07396361,0.041376427,-0.067404285,-0.07581443,-0.12659028,0.2978779,-0.17682819,-0.05657935,-0.6692111,0.04818582,-0.0139737595,0.07729228,0.5737071,-0.11467815,-1.4670125,0.07038546,-0.168108,0.89957523,0.24004853,0.047505166,0.5454315,-0.22612697,-0.12769464,0.32403246,-0.0020570117,0.103328645,-0.097630575,-0.0402616,-0.079474896,0.092332155,-0.40420184,0.27736568,-0.006780866,0.12056784,0.0028669382,0.06391419,-0.10661743,-0.21325125,-0.111339144,0.1868339,-0.2564484,-0.26132816,0.017358268,-0.93508947,-0.10283999,0.058366437,0.22926712,-0.050478663,-0.025439374,-0.11723146,0.111521065,-0.037394494,-0.08534978,-0.3542518,0.056278273,0.0046955314,-0.024606405,0.12629053,0.0721595
283,negative,-0.058773633,0.2730444,0.2686049,-0.0566066,-0.012595252,-0.16757627,-0.09364149,-0.026472019,-0.03583701,0.06662874,-0.07603812,0.0143087935,0.086753316,-0.09508172,-0.008771022,0.014130084,0.040408842,0.063518666,-0.38079768,0.30575475,0.11336249,0.017508406,0.115293935,0.08665534,-0.089611255,0.21465111,-0.23361099,-0.042684846,-0.115651175,-0.005431924,0.016350865,0.38506705,0.03077643,0.057556625,0.1257556,0.42834327,0.06474044,-0.07654235,-0.083166026,-0.24179138,-0.090128385,-0.19652505,0.09967589,-0.3151637,-0.020422215,-0.053187527,0.0028441418,-0.12754178,0.018540345,-0.52755487,-0.079253286,-0.10365865,-0.058643196,0.6325713,-0.18026084,-1.4410756,-0.091731034,-0.22381148,1.0822575,0.13748837,0.02496188,0.29013726,-0.02347876,0.14774765,0.33244497,-0.046080306,0.036138482,0.31413645,-0.16365626,0.10832073,0.03783352,-0.24578099,-0.117138796,-0.2609609,0.10637667,0.21762542,-0.1927257,0.10318216,-0.50405097,0.20604382,0.5841728,-0.036907148,-0.37989932,-0.03078804,-1.0040151,0.031257983,0.14559256,0.33082312,-0.20126894,-0.17522179,0.040355295,-0.02529426,-0.035355132,-0.15966171,-0.48023036,-0.13352457,-0.016668102,-0.08891229,0.21622784,0.08480977
284,negative,-0.058773633,0.2730444,0.2686049,-0.0566066,-0.012595252,-0.16757627,-0.09364149,-0.026472019,-0.03583701,0.06662874,-0.07603812,0.0143087935,0.086753316,-0.09508172,-0.008771022,0.014130084,0.040408842,0.063518666,-0.38079768,0.30575475,0.11336249,0.017508406,0.115293935,0.08665534,-0.089611255,0.21465111,-0.23361099,-0.042684846,-0.115651175,-0.005431924,0.016350865,0.38506705,0.03077643,0.057556625,0.1257556,0.42834327,0.06474044,-0.07654235,-0.083166026,-0.24179138,-0.090128385,-0.19652505,0.09967589,-0.3151637,-0.020422215,-0.053187527,0.0028441418,-0.12754178,0.018540345,-0.52755487,-0.079253286,-0.10365865,-0.058643196,0.6325713,-0.18026084,-1.4410756,-0.091731034,-0.22381148,1.0822575,0.13748837,0.02496188,0.29013726,-0.02347876,0.14774765,0.33244497,-0.046080306,0.036138482,0.31413645,-0.16365626,0.10832073,0.03783352,-0.24578099,-0.117138796,-0.2609609,0.10637667,0.21762542,-0.1927257,0.10318216,-0.50405097,0.20604382,0.5841728,-0.036907148,-0.37989932,-0.03078804,-1.0040151,0.031257983,0.14559256,0.33082312,-0.20126894,-0.17522179,0.040355295,-0.02529426,-0.035355132,-0.15966171,-0.48023036,-0.13352457,-0.016668102,-0.08891229,0.21622784,0.08480977
285,neutral,-0.077896185,-0.07847161,0.41841748,-0.23886915,-0.19630258,0.07092354,-0.27211255,0.09625337,0.20739187,0.08715312,-0.13268743,0.2302953,0.03042282,-0.16543369,0.010313043,-0.23748095,0.056289215,0.21564947,-0.52653116,0.20726076,0.15790801,-0.11895595,-0.08327106,-0.18307272,-0.07557611,-0.024945013,-0.16646782,-0.120054245,0.29770866,-0.1904654,0.05588968,0.41810456,-0.13383542,0.041829526,0.107838705,0.33155674,0.08117893,-0.03575962,-0.1075268,-0.2719368,-0.40200767,-0.03524094,0.06404974,-0.3580092,-0.17239253,0.09544588,0.11950435,-0.007883799,-0.1458741,-0.7177182,0.14283602,-0.061744127,0.2546138,0.5783521,-0.36213037,-1.5803304,0.08151072,-0.025719408,0.9199114,0.14421801,-0.18795046,0.2327088,-0.21762002,-0.22626269,0.40385965,-0.07767847,0.29169193,0.64418477,-0.14520195,-0.037696924,-0.016191201,-0.20738886,-0.2638478,-0.5746083,-0.119757056,0.17913565,0.03379647,-0.07548346,-0.6396472,0.18186148,0.2685321,-0.4111438,-0.24511795,-0.12326928,-0.9069753,-0.31564388,0.07872199,0.39487764,-0.06780139,-0.4208266,0.05138679,-0.120513074,-0.190442,-0.22749224,-0.42734128,-0.12531012,0.12930939,-0.022474932,0.3172185,0.4067452
286,neutral,0.06253529,0.18594956,0.2910616,-0.2922389,0.19355169,0.1461874,-0.27398688,0.23594125,-0.089324795,0.17338377,-0.17082025,0.006527603,0.28089255,-0.029005846,-0.2149829,-0.33249986,0.027591089,-0.024645785,-0.2707071,0.17899318,0.12724012,0.3260347,0.08578937,0.031013872,0.012929738,-0.2550646,-0.21888877,-0.6557489,0.17530774,0.10588965,-0.21833785,0.35298663,-2.4933817e-05,-0.007911947,0.24954322,0.30013928,-0.07466148,0.23725347,0.057974987,-0.07674992,-0.4451755,-0.40342814,0.20190807,-0.23938227,-0.14454804,-0.27452752,0.13106191,0.055907294,0.029801464,-0.50699806,-0.37253523,0.06300764,0.27766228,0.7716968,-0.014804594,-1.6590465,-0.3998996,-0.07290407,1.2782663,-0.024272494,-0.05180489,0.3948226,-0.055324867,-0.02755554,0.5440838,-0.04290052,0.06538549,0.14752115,0.049359437,-0.053392168,-0.2347189,-0.15840533,-0.31203246,-0.12045632,-0.04984983,-0.055005256,-0.0019701691,-0.098511554,-0.4287927,-0.023455996,0.6701551,0.020821875,-0.27576616,0.10759966,-0.7581414,-0.10957292,-0.17001845,0.13128625,-0.13153146,-0.50060326,-0.40043175,-0.10729195,0.37554,-0.28839818,-0.45687145,0.08716053,-0.10164279,0.009119864,0.51287746,-0.09501804
287,negative,0.057674963,0.44541147,0.31447846,-0.14215721,0.03693863,-0.8334138,-0.052178513,0.09589311,-0.04425885,0.29579455,0.07085744,-0.12797157,0.11577165,-0.063113704,0.07234689,-0.16617444,-0.5058409,-0.1064001,-0.08542649,-0.094324544,0.5903222,-0.2332847,0.30982852,0.29230297,0.18816578,-0.013052639,-0.49395865,-0.21195562,0.14466722,-0.069055654,-0.11010711,0.07869891,-0.3179165,-0.008394098,-0.09063353,0.13998139,0.26925516,-0.099331714,-0.14493461,-0.1293371,-0.3662258,-0.33062136,0.11972738,-0.12232398,0.47568625,-0.16373865,0.27058342,-0.7063016,0.16943948,-1.1170069,0.29237786,0.14550908,-0.117991485,1.0855763,0.010683023,-2.0224166,-0.10764256,-0.22634727,1.7335298,0.14422314,-0.095799364,0.1246619,-0.13796633,0.13168293,0.5539323,0.2613084,0.22720215,-0.2779672,0.19450907,-0.095417805,0.19531928,-0.21557827,-0.4538555,0.080394864,-0.12106151,0.047961023,0.1894773,0.12635385,-0.9695601,0.25559378,0.86987805,0.04743748,-0.52446806,0.102098964,-0.6906156,-0.16627614,0.12347704,-0.1987446,-0.34594437,-0.39720473,-0.23968288,0.31459516,-0.47720495,0.040686827,-0.8089295,0.027549988,0.24436176,0.07036207,0.5833138,-0.14251636
288,negative,0.028593276,0.16670689,0.19710393,-0.033875246,-0.10399389,-0.2747459,-0.40116292,0.026675195,0.121030316,0.095221624,-0.011304377,0.12986642,0.09769471,0.008426649,0.06857562,-0.0027836235,-0.011779069,0.11305511,-0.15996769,0.022657594,0.29090643,-0.14484558,-0.047428448,0.0038628336,0.026728578,-0.11780894,-0.14543682,-0.41308048,-0.14331847,-0.0322955,-0.0069855778,0.1848607,-0.10767648,0.0824848,-0.10479288,0.2319223,0.10495223,-0.13292786,-0.003684301,-0.19748987,-0.28250283,-0.1503056,0.06922548,-0.20170678,0.07937916,-0.07370732,0.18124767,-0.16858068,-0.08374478,-0.6911344,0.10439053,-0.05353261,-0.08920019,0.74288577,-0.045169987,-1.691222,-0.02080765,-0.17822333,1.4289039,0.27101666,-0.13499795,0.30440924,-0.22529879,-0.1110651,0.42118365,0.15756543,0.15073705,0.05593632,0.32227343,-0.19535972,0.007889671,-0.21097992,-0.14342639,-0.12259377,0.07803196,-0.09375465,-0.057037015,0.0494217,-0.65350133,-0.035812143,0.5221137,0.15145746,-0.29291958,-0.009466536,-0.8721259,-0.26215193,0.012732583,-0.12514988,-0.057023887,-0.36026707,-0.13464728,-0.0056738635,-0.12719482,-0.06708762,-0.28536135,0.043507215,0.116280206,-0.21119648,0.46391922,-0.10809433
289,neutral,0.04680537,-0.03592805,-0.08872015,0.0015518811,-0.11510201,-0.21214937,0.13134839,0.7488167,-0.07377565,0.21761057,0.45552897,0.057055112,-0.31485185,-0.0871383,-0.12729014,0.18914405,0.19751284,-0.15357581,-0.56606984,0.046602808,0.09082482,0.097473025,0.13875526,-0.22981487,0.18410644,0.16256823,-0.12173851,-0.507306,-0.016519137,-0.05499484,-0.37334338,0.22436348,0.46859363,0.19268422,0.25763157,0.28658724,-0.11712583,-0.101843506,0.42231283,-0.1617389,-0.058103114,-0.5628747,0.02300464,-0.37320122,-0.18460333,0.09621053,-0.029583659,0.16729619,0.104159005,-0.0014210697,-0.06629329,-0.22102945,0.13582878,0.32315812,-0.027382327,-1.5529621,0.19907014,0.16916434,0.39706427,-0.04177676,-0.18662731,0.5197159,0.051200554,0.19699268,0.081982136,0.016228579,0.6445911,0.21359926,-0.24603306,-0.4286229,-0.3361611,0.22744653,0.03335737,-0.27461457,0.039864063,-0.38477266,0.17216913,-0.041445203,-0.26823327,-0.051114902,0.1618922,-0.1566893,0.12132958,0.1072982,-0.3432665,-0.18152085,-0.26162767,-0.03183799,0.053400133,-0.024211995,-0.14493132,-0.3860191,0.17805912,0.36852732,0.10021792,0.1743725,-0.14737032,0.043081183,0.27561736,0.17797072
290,neutral,0.023203088,0.28413758,0.20551091,-0.16924411,-0.6163919,0.022303157,-0.2644166,-0.094760396,0.08418622,-0.1472616,0.00826026,-0.082719244,0.29443085,-0.045413334,-0.07850598,-0.036388975,-0.15606554,0.2998637,-0.5541324,0.6279101,0.08639865,0.2077348,-0.25058413,-0.41805252,-0.016821785,0.3223785,-0.1740199,-0.42739436,0.40208778,-0.51150197,-0.14076471,0.681419,0.15393941,0.20317154,0.112919874,0.2544815,-0.13358389,0.11713485,0.22648147,-0.31361067,-0.1778682,0.09731305,0.15066904,-0.30564424,-0.23319544,-0.20581485,0.17023762,-0.15560734,-0.28247324,-0.8995508,0.11904571,0.11569171,0.015105675,0.6118906,-0.13706686,-1.252486,0.30640522,0.19897018,0.72691375,0.031979036,-0.131244,0.5328546,-0.41029364,-0.22674306,0.48286265,0.3232861,0.48459095,0.5504421,-0.2175617,-0.3807414,0.34887785,-0.20404659,0.15213098,-0.41858757,0.19311927,0.11218623,-0.010687271,-0.26202118,-0.119554386,-0.19263217,0.45332602,0.012334608,-0.43671367,-0.04554928,-1.0272827,-0.043434694,-0.15011646,-0.064364,-0.365883,-0.3927116,0.08682471,-0.3283011,-0.023039324,-0.08365154,-0.47281232,-0.0486214,-0.18311778,-0.23141013,-0.059657402,0.62816316
291,neutral,-0.002432431,0.37234753,0.58480763,0.19787608,0.15743129,-0.5364961,-0.35875964,-0.03218774,0.10740695,0.5991894,0.11732697,0.0974829,0.22582711,0.4129802,-0.23836745,0.2543175,0.23829131,-0.3601051,-0.4568395,0.008013173,-0.015036779,0.030669108,0.10194609,0.061452895,-0.54420674,0.18757004,-0.24223496,0.33494213,0.24882075,0.14531277,0.09840868,0.179404,-0.5934038,-0.30278546,0.00245079,0.06357409,0.2742161,0.21707517,-0.2729392,-0.1643653,-0.3298878,-0.36646724,0.27189243,0.12174547,0.43781134,-0.3445725,0.07030072,-0.09480595,-0.25664425,-0.48209247,0.29162166,0.365811,0.110554434,1.1015599,-0.029501345,-1.6610583,0.2763608,-0.7845812,1.5768929,0.32731685,0.15734658,-0.14780468,-0.1188354,-0.018915035,0.40548337,-0.021859761,-0.18915863,0.45935112,0.4726271,0.5608255,0.27242705,-0.6050304,-0.4587873,-0.31740773,0.26578343,-0.035799462,-0.20679128,0.37922356,-0.954031,0.19433643,1.1022446,0.26614413,-0.017977357,-0.13610353,-1.1414545,0.19561596,0.20279722,0.0946256,-0.047081232,-0.67754877,-0.026841648,0.0074084313,-0.054715406,-0.23715957,-0.36660373,0.26930684,0.14445196,-0.28290206,0.18196957,0.23034851
292,negative,-0.091294646,0.1271586,0.16451629,-0.17612614,-0.09541722,-0.18924335,-0.0894718,0.081296846,-0.046814974,0.12097305,-0.012394964,-0.038729064,0.34750465,0.058865197,0.024582596,-0.05362319,-0.09453009,-0.14363031,0.07480458,-0.06260652,0.20413102,0.025825117,-0.1585109,-0.15202178,0.124690615,0.27471817,-0.31140143,-0.1396516,0.025808133,-0.060439657,0.09883602,0.29004693,-0.11392772,-0.04494661,-0.10401394,0.098649375,-0.09227148,0.018006764,0.12836395,-0.044217385,-0.28059083,-0.377722,-0.0822117,-0.15465967,-0.03811828,0.02336177,-0.020038517,-0.10594949,-0.018754896,-0.59856474,0.13614094,0.16710538,0.12827286,0.8453048,-0.1260091,-1.6914074,-0.046424344,-0.16231525,1.26898,0.24419521,0.13156894,0.58035815,-0.09769038,0.1253936,0.4735953,0.10961613,0.3292008,0.0959788,-0.012569179,-0.29498607,0.018449515,-0.10711121,0.061383005,-0.1669112,0.2831394,0.0025888497,-0.061663926,0.023472523,-0.42830285,0.18537778,0.48302826,0.063405484,-0.39311773,0.14657803,-0.886621,-0.21414554,0.09075581,0.060651835,0.019042779,-0.2428854,-0.10504503,-0.0463409,0.0055198106,-0.15299693,-0.24937198,0.19142438,-0.11002209,-0.16101862,0.3720933,-0.051225655
293,negative,0.390054,-0.040402234,0.5099132,0.26473278,0.08226634,-0.38566005,-0.07408516,-0.03218206,0.23832363,0.23217757,0.3883175,0.4893321,0.42021978,-0.053726833,0.042656973,-0.09726308,0.16013134,-0.11238072,-0.65324724,0.07992078,0.322159,-0.32322994,-0.19541393,-0.22937797,0.22314042,0.49686852,-0.24652128,0.029412352,0.24917077,-0.35727924,0.011489976,0.22009958,-0.3297279,0.040201902,0.25180075,0.35257158,0.64246845,-0.45869505,-0.3882014,-0.24103038,-0.038000744,0.2865355,0.7789303,-0.2359842,0.042532872,-0.37768292,-0.07430525,0.016519753,0.08741948,-0.42484617,0.060505386,0.09279487,0.22754751,0.5931933,-0.11364377,-1.2497901,0.3967705,-0.9051536,1.0874674,0.030548198,0.06373886,-0.12652715,-0.6128283,-0.62698513,0.6673928,-0.11728732,0.28262472,0.7114299,-0.59217024,-0.27400938,-0.08724588,-0.4195887,-0.4635803,-0.80531925,-0.14462405,0.273117,-0.41281164,-0.16389996,-0.9701203,0.15621822,0.81639594,-0.3230519,0.1769965,0.23684794,-0.68767667,0.21643537,0.33172852,0.2973412,0.19158384,-0.3102239,-0.26419413,-0.1932384,-0.29654634,0.09390734,-0.39498177,0.0012220448,0.11619628,0.25486007,0.40102807,0.27641076
294,negative,-0.13562745,0.25562745,0.24706337,-0.108437456,-0.2734953,0.012078964,-0.23094948,0.18684156,0.027736528,-0.051602107,0.08355926,0.08088845,0.13020797,0.101233095,0.02654793,-0.18400595,0.005063162,0.16098359,-0.3593471,0.20019886,0.24680659,0.14064103,0.016218957,-0.12537624,0.05658739,0.14778554,-0.2748649,-0.38210547,0.13505736,-0.22082558,-0.2883359,0.49571338,-0.055206895,-0.055078227,0.17529292,0.20968206,-0.10136125,-0.026221683,0.0403885,-0.13820544,-0.23247586,-0.22268793,0.12672009,-0.35299963,-0.18357415,-0.06463374,0.041446917,-0.24351344,-0.013897823,-0.80493253,-0.024762668,-0.04833314,-0.06022327,1.0331057,-0.038956765,-2.257257,0.008582164,-0.07313364,1.513743,0.29143262,-0.098000936,0.5517498,-0.44265154,-0.1405343,0.8256718,0.056595773,0.24556029,0.26928806,-0.17004329,-0.40062386,0.17945841,-0.31563532,-0.1868616,-0.4955672,0.1404471,0.02478085,-0.22557645,0.07524273,-0.48906547,-0.10632411,0.51613355,-0.037540432,-0.50676745,0.0039412174,-1.1742419,-0.10075203,0.12165496,0.04219346,-0.25722906,-0.3830753,-0.047355123,-0.013464055,-0.12192963,-0.02661466,-0.6018931,-0.028064797,0.08304677,-0.07447563,0.4632224,0.3158874
295,neutral,-0.04122635,0.13577735,0.24365509,-0.23625596,-0.17056488,0.13343433,-0.08584838,-0.04258228,-0.085771225,0.038440466,-0.09074673,0.009794653,0.24626341,0.05269888,0.004073237,-0.13013196,0.19887282,0.07769438,-0.03694112,0.2808801,0.3170188,-0.0321482,0.050548874,-0.10450869,0.22432224,0.02752302,-0.30257657,-0.1653999,0.102834135,-0.049977407,-0.13726741,0.45961028,-0.09292934,0.09407648,0.029378982,0.28832227,-0.078015864,0.107380845,0.10044924,-0.049639113,-0.17127138,-0.080793664,0.05666312,-0.28150368,-0.10812884,-0.0034951372,0.105856754,-0.1561659,0.035084236,-0.42324024,-0.07231875,-0.032366116,0.10475413,0.7655393,0.04170612,-1.4068956,-0.02222098,-0.15184373,0.81080216,0.20350073,0.021382727,0.57502294,-0.15490167,0.05990666,0.47038266,-0.11175803,0.14779699,0.14614981,-0.10610136,-0.058392312,-0.09857283,-0.21239762,-0.035403542,-0.20231986,0.19638497,0.11137703,-0.06343504,0.040758032,-0.48217702,0.05188474,0.2654543,-0.04781881,-0.30355585,-0.22529331,-0.95672053,-0.16764648,0.059055343,-0.085556634,-0.22211182,-0.09274562,-0.03120898,-0.20417741,0.11571298,0.015460533,-0.3303445,-0.13201034,-0.11783511,-0.15133928,0.21818684,0.039612386
296,negative,-0.07602315,0.115593545,0.3086013,-0.05544577,-0.17142329,-0.2753939,-0.03739801,0.10959679,0.061807882,0.041851863,0.11916851,-0.16133907,0.13802193,-0.061639138,-0.05937912,-0.13626394,0.21931063,0.2550605,-0.2012088,0.33176184,0.15322717,-0.1728997,0.04859541,0.090878665,0.110250264,0.041127924,-0.12769686,-0.21040164,0.019353628,-0.20248367,-0.05528438,0.5072857,-0.045777094,-0.14037429,-0.10440563,0.19674206,-0.02248135,-0.09557583,-0.07573846,-0.23889154,-0.05979728,-0.10620933,0.16264848,-0.31866166,-0.18011448,0.059933707,0.026302325,-0.21023293,-0.07948517,-0.51794153,-0.052301556,-0.027257724,-0.06298737,0.56364644,0.07299711,-1.36701,-0.023782138,-0.015315052,1.0222918,0.30000502,0.12073348,0.24054654,-0.30068275,0.04576938,0.3470218,0.059460916,0.07678202,0.44297343,-0.10503618,-0.24586429,0.058069006,-0.1062776,-0.12113567,-0.20785451,0.16386376,-0.058799036,-0.13153909,0.03349164,-0.58738,0.030544287,0.45850873,-0.03910127,-0.29293737,0.103031754,-0.9107126,-0.17852549,0.015300076,0.13123938,-0.1281263,-0.28377935,-0.029044982,0.028291095,0.05313694,-0.024409207,-0.23300406,0.074203886,0.098221704,-0.13030726,0.50052404,-0.14457
297,neutral,0.16292,-0.31798,0.42328,-0.86767,0.45101,0.57857,0.026645001,-0.12648,0.33465,-0.042047,-0.040596,0.16478,-0.67344,-0.33751,0.35912997,0.57383,0.8461999,0.36373997,0.3063,-0.06805,-0.6761,-0.19147,-0.14594,0.0032621,0.66949,-0.33588,0.17868002,-0.3936,0.177,-0.33642,0.19288,1.003,-0.21793999,0.24270998,1.0935,-0.10303,-0.79196995,-0.13506,0.12156,-0.98377,1.03,-1.0242,0.60269,-0.15986,-0.26773,-0.5563,0.25834,-0.085021,-0.15221,-0.33717,0.026357997,0.23171,-0.18056001,0.57107,0.38556,-1.5732,-0.14902,0.037826,1.8485,0.70210004,-0.11697,0.077822,0.07462,0.09957,-0.21427,-0.60061,0.094903,0.80589,0.55333,-0.31359,-0.90991,0.053645004,-0.14494,-0.48532,0.10335,1.2182,-0.22199,-0.014934,-1.1355,0.3279,1.1733,-0.52838,-0.66953,-0.62109,-1.366,-0.44052,-0.29538,-0.71655,0.5992,-0.0003455,-0.82363,0.93572,0.62134,-0.26649,0.099595,-0.11545,0.6,0.072834,0.66487,-0.6451
298,negative,-0.06469255,0.092651896,0.2455344,-0.19799875,0.055503618,0.23584144,-0.26067296,-0.07753909,0.07475287,-0.05601596,0.12971745,-0.0073341555,0.13653052,0.008595182,-0.017757505,-0.14724223,0.17057504,0.13327664,-0.3877419,0.27507108,0.18099017,-0.012195879,0.13315174,-0.028387342,0.03854029,-0.0575802,-0.085228495,-0.3062682,0.09872088,-0.13263136,0.12255763,0.41633943,-0.197171,0.09844621,-0.052430987,0.1313815,-0.06744251,-0.08113737,0.12314826,-0.062452085,-0.3036744,-0.060351,0.00026566893,-0.18890892,-0.14392576,-0.114488296,0.14995635,-0.1461643,-0.0070701004,-0.61453336,0.17679793,0.0042063706,0.033864018,0.76748353,-0.041321605,-1.7425028,-0.08699926,-0.11397586,1.3203557,0.2369634,-0.24412753,0.5686609,-0.13605046,-0.041099582,0.59289795,-0.047072913,0.29168928,0.2661429,0.039236784,-0.0420733,0.03144603,-0.106259815,-0.17241317,-0.44877005,0.086698264,0.0054228073,-0.12457778,0.0027276617,-0.5649583,0.05223537,0.396822,-0.027744392,-0.23353536,-0.097619705,-1.1399436,-0.18245064,-0.014795608,0.066480994,-0.1582696,-0.26556194,0.06330954,-0.062301405,-0.094670855,0.033292733,-0.28150925,-0.008036406,-0.04144188,-0.17189896,0.3088868,0.14821388
299,neutral,-0.081993595,0.24183597,0.3680073,0.10303535,0.23077588,-0.7578442,-0.33065724,0.03950057,0.107439995,0.18373008,-0.02462395,-0.22544825,0.24845044,0.27399158,-0.10661705,-0.054952938,0.25512636,-0.3031496,-0.5550112,-0.0773405,0.12073166,0.033512797,0.23314743,0.20739265,-0.15839285,-0.08453943,-0.10966732,0.11488273,0.291172,0.0849695,-0.18852945,0.44546327,-0.18710211,0.1149635,0.013972381,0.119367115,0.26198414,-0.01766639,-0.17949665,-0.05289872,-0.57186717,-0.30638167,-0.09664179,-0.06510925,-0.010133588,-0.24933127,0.25387144,-0.04265487,-0.0108733,-0.50095797,0.25227815,0.03169284,-0.04465245,0.81407505,-0.050958477,-1.8202127,0.088046186,-0.42979857,1.5286282,0.19781944,-0.027563754,0.22237878,-0.08161649,0.226733,0.38142255,0.13139606,-0.013236791,0.37912402,0.15939538,0.27913693,0.25111663,-0.12401502,-0.1574013,-0.22270688,0.30694857,0.19012146,0.057062726,0.16359907,-0.88229144,0.0649883,0.6702504,0.18744619,-0.34706417,0.13728666,-1.0511999,0.11117264,0.19975342,0.027385237,0.0516626,-0.2699404,0.3432323,-0.12712403,-0.109912835,0.025893783,-0.4199835,0.10632541,-0.15508588,-0.48888713,0.43526468,0.094394796
300,negative,-0.06539915,0.04412306,0.2434685,-0.2805525,-0.14535916,0.09430802,-0.15239051,0.18583971,0.22411071,0.23440021,0.039102547,0.18180536,0.2647747,0.017289154,-0.005032409,-0.09149716,-0.06272647,0.030986294,-0.26027203,0.05601771,0.39526492,-0.27605775,0.0918738,-0.24453115,-0.07570833,0.020051386,-0.2962437,-0.27035528,0.060174465,0.03329717,0.083067626,0.28288835,-0.23521587,0.073688656,0.06375893,0.076585315,0.020045316,0.009008714,0.33976972,-0.007488887,-0.22460459,-0.2034064,0.2054406,-0.24628437,-0.10963768,-0.09015508,0.14231633,-0.002807097,-0.09650713,-0.73413694,0.22735922,-0.08017011,-0.024510702,0.94461966,-0.049198307,-1.6357428,-0.07319252,0.25501,1.4026666,0.2040357,-0.0746968,0.6100931,-0.15095343,0.26621532,0.47578743,-3.6577426e-06,0.17961161,0.024526086,0.03291424,0.04147146,0.0038115636,-0.41159162,-0.036631297,-0.3605332,0.15278466,0.1724936,0.24607009,0.02218289,-0.7316978,-0.08583337,0.6001724,-0.081463166,-0.35872838,0.009754347,-0.95089364,-0.21903476,0.11272431,0.0634382,-0.17446598,-0.20757541,0.14706033,-0.045993973,-0.124713786,-0.06917054,-0.2621863,0.14249367,-0.0699971,-0.07298956,0.35468334,-0.04333362
301,neutral,-0.077732064,0.19240771,0.23600495,-0.19266848,-0.24266775,0.0551116,-0.219782,0.1105951,-0.004819491,-0.034919564,0.005270201,0.09246065,0.14825045,0.09382585,0.060849227,-0.1813833,0.052052177,0.14999363,-0.3248905,0.18865171,0.25639862,0.11201333,0.0009697945,-0.18134281,0.1220746,0.11005875,-0.283541,-0.2953159,0.13745137,-0.18064287,-0.27206433,0.47460008,-0.008830644,-0.077905044,0.0791569,0.20423119,-0.11706991,-0.03953845,0.09484592,-0.11041606,-0.18642406,-0.12136522,0.14086054,-0.33275115,-0.21922722,-0.060533974,0.08946685,-0.26547432,-0.011194501,-0.69166327,-0.0076956153,-0.048749503,0.022555495,0.9196575,-0.036327627,-2.0086925,-0.00058091176,-0.104170725,1.2110318,0.21496129,0.02900846,0.588831,-0.33734295,-0.11539439,0.7799149,-0.0016249719,0.28900203,0.25709453,-0.15405601,-0.33782744,0.14747961,-0.22704497,-0.12345806,-0.42123187,0.12884949,0.06604661,-0.178112,0.06606429,-0.48117843,-0.09834835,0.4161816,-0.015975108,-0.3922667,-0.019546859,-1.1195967,-0.08264588,0.06986776,0.03890347,-0.26041386,-0.36389133,-0.02281996,-0.051183607,-0.015222491,-0.011931705,-0.5062661,-0.04750174,0.025742726,-0.14836165,0.3530166,0.31292394
302,neutral,-0.07547988,0.14203228,0.28487945,-0.09259026,-0.16379151,-0.09703021,-0.047322135,0.042155948,-0.024619196,0.056188345,0.03815926,-0.09996562,0.20464951,-0.017332744,-0.04859617,-0.14641066,0.21802448,0.1586612,-0.11551666,0.31426296,0.23666316,-0.11185976,0.08000746,0.043001786,0.14376776,0.024682812,-0.21666622,-0.2209034,0.08181942,-0.13966456,-0.08298455,0.4994585,-0.11354315,0.0027299088,-0.001578434,0.23959024,-0.035247542,0.02500142,-0.013429953,-0.14431691,-0.12955302,-0.1400928,0.104988165,-0.32003582,-0.08617878,0.027906634,0.04772356,-0.15144867,-0.024361933,-0.48995095,-0.07299545,-0.049435433,-0.002613534,0.6974841,0.07476019,-1.4469726,-0.05066276,-0.078582324,1.0452821,0.28851324,0.02696934,0.374339,-0.22439098,0.055953745,0.38251495,-0.016047178,0.060141735,0.29518092,-0.097801894,-0.13061987,-0.055754256,-0.17426817,-0.09234555,-0.20228106,0.1996594,0.0057464256,-0.1133183,0.037589997,-0.55602986,0.062244203,0.3831998,-0.03695287,-0.32883528,-0.06087059,-0.94398516,-0.21193561,0.06649107,-0.011643468,-0.16994913,-0.18165849,-0.03687214,-0.11377039,0.056573275,0.0099179195,-0.3199933,-0.015650094,-0.021968791,-0.12887986,0.4067236,-0.1127019
303,neutral,0.07875086,-0.035712764,0.15225686,-0.3793804,0.05763709,0.2637912,-0.16653089,0.20615134,0.22285049,0.021254808,-0.054110326,-0.016609741,0.039218593,0.19637975,-0.008981282,-0.18416211,0.023915045,0.1572997,-0.20409286,0.2518025,0.08018365,0.032999653,0.010993423,0.06294795,0.14304845,0.050804712,-0.1603811,-0.103392236,0.39639148,-0.11105573,0.023763865,0.3226642,0.081520356,0.06808155,0.3089463,0.058876198,-0.054287214,-0.007195351,0.09735145,-0.047500957,-0.30689672,0.060418162,-0.103752546,-0.18407892,0.020665988,0.022068718,0.29411954,-0.17856975,-0.003797178,-0.5106059,-0.04132969,0.27541858,0.14669652,0.5836989,-0.13737015,-1.4743917,-0.051524233,-0.1296524,0.79288685,0.3387809,0.024820475,0.564567,-0.30056325,-0.22185084,0.34168503,0.16945082,0.28007972,0.049218353,-0.15404435,-0.09897105,0.14623094,-0.20744549,0.1322898,-0.14342692,-0.01820983,0.3383696,0.1171619,-0.041561857,-0.407189,-0.008937853,0.42740884,-0.2648025,-0.24445169,-0.062969856,-0.8879977,-0.2273342,0.051211257,0.12860884,0.12866528,-0.120011196,-0.011699922,0.20745443,-0.040448833,0.033902857,-0.28283376,-0.10717982,-0.11001491,-0.063785054,0.2147933,0.019322958
304,neutral,0.17038406,0.17036289,-0.34550714,-0.3770871,0.5202194,0.37174246,0.038010776,-0.16205093,-0.31899798,-0.08368809,-0.19774559,-0.4292923,0.2115081,0.23633994,0.06862815,0.4461183,0.092617266,-0.0122896675,-0.40573043,0.1144576,0.3324969,0.021470115,0.44801018,-0.5584936,0.30307055,-0.32081166,0.269356,-0.14507498,0.21121782,0.28009015,-0.06580529,0.26095462,-0.12434141,0.2698744,-0.21819234,0.17623891,0.21043079,0.3015616,-0.29381874,-0.16322905,-0.43223432,-0.043054122,0.062416926,0.20805532,-0.18770565,-0.30726525,0.120435566,-0.15352249,0.37525082,0.16116865,0.19588852,-0.09523594,0.1558655,0.27617544,-0.27196318,-2.2425563,-0.41881394,-0.009324918,0.7256578,0.19477342,0.3601671,0.47264528,-0.22889535,-0.066063836,0.7873198,-0.15982784,0.3411302,0.52222145,0.21204664,0.058814853,-0.18121469,-0.067268856,-0.36768523,-0.39681813,-0.050183337,-0.2715167,0.20893088,0.06367589,-0.68709314,-0.16521253,-0.12609527,0.0820004,0.35432827,-0.051827855,-0.6666819,-0.26556903,-0.40288,-0.04668253,0.31458023,-0.29907197,0.09927863,-0.32454833,0.422494,0.23479678,-0.5843518,0.00448163,0.08312206,-0.1638768,0.40021387,0.30476004
305,neutral,-0.13399927,-0.22516881,0.17208377,-0.28796622,0.21762079,0.09350287,-0.20819648,0.15425943,0.27680898,0.04934905,0.18684956,-0.072321646,0.05745708,-0.01443953,0.0653175,-0.32942885,0.13685027,-0.14533703,-0.18176107,-0.07658629,0.1536788,0.14274892,0.11344064,-0.0065475483,-0.0023502307,-0.11859008,-0.06992737,-0.1612528,0.2917546,-0.014982018,-0.07864993,0.31236744,-0.015858958,0.22711529,0.27150533,0.12358024,0.042809304,-0.03956599,0.0116820745,-0.19012514,-0.10840725,-0.20309408,-0.14771374,-0.21580708,0.0054835044,0.012373052,0.16277607,0.03862638,0.030198196,-0.46273807,0.0014110601,0.09593505,0.12710078,0.5554107,0.067289166,-1.3139919,-0.07053384,-0.17798667,1.0070902,0.28505182,-0.10033802,0.41076154,0.057235483,-0.00874012,0.3795448,0.15166427,0.082271494,-0.060993988,0.033908486,-0.1284567,-0.038338926,-0.32281232,0.04523464,-0.3410706,-0.008907554,0.09629324,0.16967873,-0.022618664,-0.22991556,0.021193508,0.5513237,-0.07209993,-0.25156733,0.050467078,-0.51080036,0.046953656,0.18199684,0.1462217,-0.013503956,-0.059451338,-0.07309083,0.22410949,-0.002438576,-0.10680996,-0.17803861,-0.10153203,-0.047053955,0.11080067,0.32023078,-0.049738225
306,neutral,-0.0035508375,0.1995286,0.08007777,0.06118193,0.02956045,-0.3064416,-0.26456797,-0.5251818,-0.1389276,0.3579273,-0.03251032,-0.48707893,0.21004492,0.3257928,0.0063013574,0.42080125,0.16055432,-0.31368777,-0.40605918,-0.3660144,0.09604632,-0.20441508,0.106138445,-0.10814725,-0.18469821,0.089505136,0.024955006,0.008480342,0.11564283,-0.016537085,0.20475625,0.21496013,-0.012621679,0.034008034,-0.0044303513,0.022443699,0.27778587,-0.16825742,-0.014603467,-0.08674787,-0.6652587,0.15005028,0.2917232,-0.0014333457,0.43548074,-0.18850768,0.4095867,-0.11222417,-0.3840326,-0.3463286,0.19690767,0.33330473,0.37395447,0.98976654,-0.014233802,-1.5211323,0.41757298,-0.27495912,1.2046539,0.20697027,-0.12559535,0.22475457,0.0038133962,-0.3410215,0.5972668,-0.076851316,-0.018529234,0.36862126,0.20964408,0.514007,0.06347254,-0.6234052,-0.37152892,-0.20482026,-0.024436776,-0.38512507,-0.075572625,0.20184599,-0.7135665,0.25520477,0.6162468,0.23060927,-0.21008852,0.2745167,-1.0674131,-0.03567446,0.05981851,0.32095623,0.19823134,-0.47829473,-0.20002446,0.103017986,0.20658657,0.30267268,0.025973726,0.047044344,0.18461113,-0.19724554,0.48471716,0.2964448
307,negative,-0.07298208,0.2003896,0.099164434,-0.19528465,-0.039664827,0.4301683,-0.14843561,0.2239948,-0.177338,0.14449911,-0.017411644,0.069704,0.30076057,0.11512957,-0.038252525,0.02335738,0.2686676,0.06538176,-0.22202732,-0.071059704,0.13802215,-0.2823491,0.06957321,0.060001343,0.29542312,0.07312348,-0.22076555,-0.24499452,0.21303564,-0.03269897,0.16423023,0.04671431,-0.019589642,0.08836986,-0.017356709,-0.072592504,-0.010613027,0.09129318,0.03831509,0.025082957,-0.2518055,-0.26991162,0.1750896,-0.20270595,-0.069386,-0.09078361,-0.012098357,-0.060431838,-0.12498188,-0.49038568,0.1281766,-0.06731031,0.21174845,0.908703,-0.1018319,-1.6148812,-0.21749558,0.07478915,1.0750029,0.27926403,-0.048311688,0.59887516,-0.047660884,-0.03182146,0.41601026,-0.043886177,0.253762,0.2098821,-0.12078456,-0.15673803,0.042759314,-0.058642957,-0.057286296,-0.19162846,0.2189917,0.30365464,-0.00036927973,-0.12055232,-0.36108574,-0.09525149,0.40004995,-0.103215784,-0.054499242,0.009097084,-0.8648089,-0.36392206,0.028785931,-0.018339729,0.08396377,-0.10413827,0.024163177,-0.09484258,0.06692016,0.14176561,-0.32458755,-0.0922138,-0.04924459,-0.17222181,0.34817088,-0.016870761
308,negative,-0.00053046556,-0.046015106,0.39146855,-0.047322676,0.117541164,-0.2649221,-0.28889623,-0.026431693,0.016186528,0.20446745,0.15088508,-0.04913759,0.19858176,-0.13413437,-0.07247285,-0.06256013,0.07975378,0.0028676484,-0.38537028,-0.010335648,0.108206116,-0.18760467,0.1583667,-0.02096136,-0.29014915,-0.16125627,-0.13075398,-0.29462576,0.13612358,-0.14174223,0.062286023,0.4369962,-0.1965351,0.06497779,0.068980604,0.16486861,-0.027474921,0.09359956,-0.40796533,-0.1672665,-0.5698674,-0.105305836,0.5029527,-0.10327815,0.093596,-0.30805573,0.16721296,-0.2793,-0.20270926,-0.6781616,0.2520062,-0.053889304,0.01497714,0.9394133,0.088543646,-1.8920028,-0.0112019135,-0.10930436,1.2483106,0.2596218,-0.27406016,0.0766291,-0.17270708,-0.22402893,0.7045224,-0.03244416,0.062820666,0.48156047,-0.1153605,-0.029121721,0.1580325,-0.19581975,-0.23783632,-0.48798218,0.0097257225,-0.14478372,-0.23332883,-0.03664907,-0.8107484,0.05193237,0.5503997,-0.08800649,-0.17848459,-0.08962748,-1.0943958,-0.12009091,-0.012366261,0.18230906,0.15062968,-0.2896599,-0.07224448,-0.07221165,-0.19914512,0.09375339,-0.5705516,-0.07654458,-0.06498603,-0.03588954,0.4044394,-0.066206485
309,neutral,-0.1695814,0.1156069,0.27484855,-0.06688176,0.13130495,-0.5335577,-0.18278696,-0.07992844,-0.04542535,0.6476056,0.30101517,-0.522787,0.15785816,0.18980275,0.23214793,-0.10940524,0.16584508,-0.18787408,-0.10816869,0.16192378,0.117552206,-0.105856024,0.060761232,0.14874023,0.106492445,-0.1845909,0.15324701,0.20473985,0.052463822,0.21110255,0.017344773,0.40895444,0.0023099734,0.44618565,0.29696935,0.26752374,0.062216986,0.05596562,-0.09774211,-0.023220574,-0.26122725,-0.21558115,0.2617361,0.14317419,0.24746026,-0.22397383,0.23084182,0.10530779,-0.03807642,-0.65720546,-0.058891956,0.51690775,0.17537801,0.94594187,-0.1317002,-1.7480117,-0.09933647,-0.17422312,1.475731,0.3629545,0.021800663,0.38076,0.34100395,-0.08555891,0.30256194,0.28904012,-0.0031196773,0.09257648,-0.34734333,0.26788735,0.1947942,-0.40465644,0.013102848,-0.28799465,0.1339195,0.0009030663,0.33622345,0.22031246,-0.46418974,0.3053002,0.7116883,0.09654668,-0.2371591,-0.06439671,-0.6798277,0.1131016,0.3730715,0.12707716,0.09413748,-0.20819545,-0.07414678,0.16146436,-0.050175864,-0.27228394,-0.51913136,0.28512225,-0.15024318,-0.18406257,0.36247623,-0.095289566
310,neutral,-0.009782577,-0.09721189,0.090597235,-0.11348593,0.16795234,0.34621295,-0.037915964,-0.12023029,0.10911924,0.18025193,0.225021,-0.23876528,0.028291827,0.0020380719,-0.30985862,-0.20606829,0.1379195,-0.17653395,-0.005298102,0.40395033,-0.12934935,-0.13071144,0.15103993,0.050610263,0.19673108,-0.23894918,0.052921634,-0.024355385,0.20280139,0.02768741,-0.20866345,0.25892898,-0.19644019,0.41323653,0.12837678,-0.10996878,0.124624394,0.18797795,0.046125874,-0.4609913,0.07134985,-0.09822781,-0.089905046,0.07481735,-0.010960864,-0.17350964,0.18127713,-0.12059349,0.23677261,-0.113730595,-0.09652786,0.30083215,0.23129836,0.3685867,-0.34825253,-1.3564897,-0.16054194,0.0353474,0.6174424,0.2697924,0.10066865,0.441736,-0.26008424,-0.19116132,0.19416271,0.19916183,-0.14710702,0.08787697,0.018172365,0.06605969,-0.20687023,-0.060776956,0.015356342,-0.05105257,0.06253149,0.120959006,0.081349276,-0.09266467,-0.32827488,-0.2069269,0.13320966,-0.3314221,-0.07837408,-0.122415334,-0.4445867,0.12073076,-0.14072831,-0.1676836,0.15641762,0.08464241,0.04016013,0.06290276,-0.01666308,0.019430807,-0.22709967,0.09147562,-0.24225529,-0.001316376,0.39161786,-0.13895999
311,negative,-0.14207114,0.21726556,0.11987532,0.10864987,0.06664747,0.063955575,-0.3554732,-0.119142205,0.29416177,0.5370349,-0.19554386,0.06173708,0.4115444,-0.00026913494,-0.06513251,0.121627726,-0.013532736,-0.30831498,-0.6079181,-0.050831888,0.4195074,-0.1280915,0.13638483,-0.10425273,-0.13689166,0.014727882,-0.22745436,-0.12473859,0.25943568,0.13360824,0.068345174,0.16192633,0.023291318,-0.06696288,0.35919496,0.009387224,0.21024728,0.05289783,-0.08169703,-0.017092958,-0.5168115,-0.020856323,0.2571179,0.049774475,0.22338393,-0.23587415,0.059661467,-0.1201628,-0.16037059,-0.3648847,-0.05245449,0.3397538,0.21505886,1.1219953,-0.102368966,-1.4869939,0.04883815,-0.36773938,1.4782096,0.222119,0.006314128,0.09344258,0.13395871,-0.037883863,0.6847524,0.15480916,-0.09171053,0.23904794,-0.3162262,0.07719214,0.12996939,-0.45900452,-0.2275236,-0.47260138,0.039590176,0.043969795,-0.027753152,0.3125498,-0.89363825,0.15207696,0.527173,0.004564413,-0.21499127,0.13908005,-0.8009958,0.007959402,0.27290943,0.21534799,0.18688948,-0.2950565,-0.14303641,0.054900184,-0.32575926,0.1285728,-0.653115,0.08853683,-0.19593775,0.0017814812,0.40881297,0.1279551
312,negative,0.03004704,0.17124495,-0.010028423,-0.3583125,0.05997329,-0.1732037,-0.12047411,-0.10762591,0.012549055,0.09146938,0.08598758,-0.35721442,0.31873932,-0.13572879,-0.1776416,-0.28308454,0.25901663,-0.28442025,-0.30752906,0.0866451,0.02906067,-0.059369795,0.13825864,0.1446468,0.025335405,-0.30532405,-0.0068201637,-0.14800166,0.21310419,0.07596134,0.092545286,0.39660642,-0.08691805,-0.22729789,0.17728123,0.16447337,-0.067239076,0.12447586,0.020019555,0.10589278,-0.5442687,0.03470861,0.095311046,-0.15880166,-0.037860807,-0.21184862,-0.10821089,-0.29404676,0.059032816,-0.6979274,0.14754389,-0.046400618,0.20819014,0.8263917,-0.040638447,-1.6308072,0.008577263,-0.6050951,0.9609769,0.30285525,-0.019086245,0.44908565,-0.1399228,-0.2835302,0.4476465,0.024718288,0.24053824,0.45175034,0.072097,0.15870416,0.16077141,-0.24456488,-0.501033,-0.3421004,-0.11255999,-0.029859846,-0.05706342,0.03450304,-0.8526039,-0.07283906,0.8442096,0.32036823,-0.1289398,0.11363774,-0.9146114,-0.1780444,0.11999322,0.10948943,-0.065224595,-0.39605936,0.031632584,0.02318493,0.0721601,-0.16600044,-0.5029744,0.100231014,0.1331298,0.19437207,0.25717303,0.074771434
313,neutral,-0.2448423,-0.056661982,0.37256792,-0.017143104,-0.32645845,-0.16100478,-0.18217586,0.08386716,-0.15094964,0.05252317,0.09383841,0.23777041,0.26117894,-0.06990356,-0.049780704,-0.22566505,0.1317221,0.12978539,-0.26703277,-0.03681932,0.05386524,0.003704984,-0.022990922,-0.08790988,0.011905461,-0.08323835,-0.24944316,-0.35685652,0.05024995,-0.2743262,-0.32906204,0.027467512,-0.1329054,0.022277433,-0.16177924,0.24192654,0.09628769,-0.0997841,0.12044917,-0.027027877,-0.46330008,-0.27359298,0.21747291,0.024626516,0.088086076,-0.21964878,0.09374859,-0.21182035,-0.17207347,-0.7744608,0.20143934,0.009160591,0.00786836,0.93204063,-0.08058585,-1.8372396,0.29453787,-0.20323402,1.4341028,0.36213312,-0.07719294,0.38207462,-0.019946245,-0.2891411,0.68382335,0.049901724,-0.07257112,0.27895397,-0.037699755,-0.34098703,0.09462661,-0.5134064,-0.312181,-0.30356613,0.16302465,0.15019098,-0.04241914,0.07704324,-0.5310989,-0.07232702,0.6417607,-0.14909858,-0.19448091,0.3494588,-1.133591,0.18642516,0.33198616,-0.026590338,-0.04569031,-0.15756348,-0.13873237,0.089553416,-0.061153203,-0.1965147,-0.45501006,0.07489369,0.27522504,-0.037131917,0.27756628,0.36867595
314,neutral,0.041095287,0.1429313,0.0008436258,-0.30234808,0.1870118,0.040806066,-0.12850906,-0.09997361,-0.14072393,-0.06269416,0.036441077,-0.12840185,0.18410441,0.17673752,-0.06751819,-0.09711888,0.18716092,0.078999236,-0.31119958,0.22087337,0.14621092,-0.18691409,0.23842613,0.033407535,0.23742823,-0.092706144,0.047804784,-0.27050385,0.09320959,-0.15996385,0.026597537,0.31234038,-0.055471886,-0.039456833,-0.02887651,0.18064122,0.0070375036,0.13542949,0.023281457,0.0016120024,-0.16046982,-0.152646,-0.020394523,-0.12459904,-0.21409024,-0.1508574,0.1600353,-0.11727212,0.035139073,-0.44828007,-0.02388378,-0.011408309,0.03367551,0.62978745,-0.108664766,-1.706502,-0.08528708,0.038282428,0.9929167,0.4016212,-0.22957191,0.36593217,-0.14340353,-0.112528,0.4975189,-0.022152828,0.2100879,0.42719445,0.21530642,0.10260482,0.05618154,-0.27002707,-0.27180633,-0.1886881,0.1396477,-0.039979994,-0.029836081,-0.06833632,-0.6418099,0.16689725,0.33091938,0.0517633,-0.124861404,0.15416117,-1.0223236,-0.32498,-0.32451624,-0.0953424,-0.08352281,-0.16533141,0.002428224,-0.13647644,0.19716188,-0.089159444,-0.29185003,-0.08727486,-0.11064803,-0.13674936,0.23418675,0.0011920849
315,negative,-0.30267617,0.12220039,0.15107676,-0.07086572,-0.15251268,-0.015069035,-0.07224042,0.11392691,0.09953289,0.34031507,0.23619495,-0.04007757,0.013631837,0.04303556,0.09372879,-0.03447324,0.15330802,-0.05070466,-0.25911587,0.18875976,0.29537398,-0.21297078,-0.008925924,-0.06731088,0.030578375,-0.041826557,-0.070719,-0.053184625,-0.0053494354,0.01296344,0.019074107,0.1313278,-0.15947112,0.047740515,-0.020491257,0.01940319,-0.011814656,-0.14435609,0.162617,0.034845468,-0.1890859,-0.17024626,0.07175909,-0.10244141,0.09423822,-0.056012005,0.10024373,-0.04156495,-0.12715611,-0.5408983,0.1751358,0.079155095,0.05146836,0.77816236,0.042517018,-1.2855431,-0.014644254,0.03335614,1.1208941,0.10884604,-0.006612576,0.41516808,-0.00805461,0.1772086,0.30831808,0.037100337,0.034333993,0.06538886,0.11929751,0.034513116,0.105251916,-0.3194081,0.056837697,-0.26348257,0.12790872,0.027233979,0.15557796,0.10170523,-0.6552796,-0.045325357,0.54352957,0.022202864,-0.2455139,0.012308404,-0.70378536,-0.14078611,0.19572678,0.03927024,-0.12128431,-0.12422252,0.13023864,0.013760171,0.026429573,-0.10493173,-0.31736943,0.12554428,-0.0635237,-0.112738974,0.27348182,0.07464329
316,negative,-0.1416201,0.10304939,0.31101108,-0.04326712,-0.1114435,-0.18036465,-0.37093818,0.012054649,0.39566705,0.04551343,0.14397213,-0.037505925,0.19585009,-0.278605,0.019209828,0.021922551,0.026654992,0.08962096,-0.19721876,0.009722786,0.046211686,-0.1082152,0.11855449,0.12768763,0.06180986,-0.21463245,0.13914628,-0.034893844,-0.13458432,0.016664939,0.1456183,0.44514224,-0.021376291,0.027585909,0.038513225,0.16715917,0.01671984,-0.10094489,0.29424354,-0.35786805,-0.13547686,-0.045729067,-0.122238405,-0.19608568,-0.08102723,0.043418862,0.12685256,-0.26078078,0.00063218037,-0.33198184,0.60998297,0.085531995,-0.14697862,0.6177945,-0.09272681,-1.2159635,-0.055743214,-0.22083424,1.4013064,0.11044042,0.021098344,0.019067042,-0.058635358,-0.13694675,0.5037892,-0.02117523,0.1963034,-0.07183326,0.34825772,-0.051487584,-0.09387644,0.01892846,-0.014013647,-0.35089332,0.08302735,-0.027346518,0.0014551244,0.022762999,-0.7359914,0.10697997,0.42358258,-0.09193073,-0.37405986,-0.09953639,-1.1194266,-0.31130943,0.0820979,-0.07538397,-0.23001762,0.013662587,0.11299411,0.3153237,-0.14343707,-0.16901119,-0.11327398,0.20680034,0.20886555,0.0013459631,0.35902485,0.18794723
317,neutral,-0.011596554,0.15450467,0.10232839,-0.012267036,-0.09595815,0.038905628,-0.29751253,-0.04987788,0.101938374,0.04380507,-0.15277293,-0.01121158,0.27640903,-0.04939756,-7.5980265e-06,-0.13477963,0.025460718,0.026750429,-0.52846855,0.08149207,0.22516076,-0.0423189,0.25301743,0.002322425,0.045448918,-0.05142336,-0.08623841,-0.24430513,-0.015589798,-0.012447065,-0.001429343,0.03110631,-0.12723619,0.19686529,-0.12690061,0.050394997,0.2152662,0.25955486,-0.00040419318,-0.018691761,-0.68778515,-0.110512495,0.0887975,-0.24336472,0.24006525,-0.123713546,0.10062974,-0.15888444,-0.28856334,-0.5239638,0.39049864,-0.021888584,-0.06939154,0.90753585,-0.10726317,-1.7288947,0.10246084,-0.3785691,1.6659503,0.39062104,-0.012387601,0.3458296,-0.19190525,-0.07276052,0.6568725,-0.0011235556,-0.15022144,0.14276323,0.13206008,0.07608176,0.08718631,-0.4194316,-0.24170302,-0.30119634,0.336097,0.05030253,-0.1528282,0.12988211,-0.8326784,0.06925504,0.71040744,-0.010539683,-0.1662667,0.12429992,-1.0615783,-0.079868756,0.16927671,0.05360841,-0.035520718,-0.423869,-0.024174552,-0.14865683,-0.21664545,-0.055506278,-0.38187194,0.27173764,-0.002704157,-0.11039028,0.4686417,0.041862167
318,neutral,-0.1284199,0.2674928,0.4230688,-0.15908256,-0.3219444,-0.014334014,-0.5468344,-0.32990178,0.05937904,-0.04933494,-0.1584856,-0.07770516,0.4537293,0.15642351,0.03082416,-0.17554894,-0.026994295,0.33644858,-0.6200813,0.19493641,0.4691536,-0.15630625,0.040816803,-0.05722955,0.2258687,0.21840246,-0.50427973,-0.22193788,0.34645015,-0.06584405,-0.19553764,0.31457815,0.01978262,-0.06724053,0.13808663,0.20394874,-0.048630893,0.36171016,-0.24600102,-0.32123703,-0.24656853,0.085851185,0.21918489,-0.5132809,-0.37637606,-0.20385139,0.27583846,-0.23542778,-0.35144287,-0.7221512,0.14371729,0.32630086,-0.041894406,1.0856731,-0.19924477,-2.0513196,0.32518864,-0.08193972,1.4832215,0.5089943,-0.08145782,0.60649455,-0.25529847,-0.2894644,0.8221893,0.036595915,0.51489353,0.12421629,-0.3162075,-0.22650993,0.15706573,-0.28804994,-0.26621968,-0.4109712,0.6330223,0.23655519,-0.40368584,0.021871524,-0.4678309,0.30170467,0.4344477,0.42799714,-0.38675958,0.10238662,-1.2184151,0.022294363,-0.04635441,0.034823816,-0.1501833,-0.6452227,-0.17868176,-0.3326188,-0.11476933,-0.0808003,-0.6543268,-0.07502222,0.032973792,-0.23701638,0.21374524,0.21711996
319,neutral,-0.17333202,0.110544845,0.3280186,-0.056736376,-0.09334898,0.07921641,0.19771409,0.005458462,0.07553912,-0.019885523,0.14691794,0.1801153,0.03597671,0.0015075341,-0.056921747,-0.04553876,0.3001086,0.11358512,-0.11234241,0.25462726,0.25847593,-0.2980329,0.21244311,-0.025769722,-0.055201944,-0.07340295,-0.25416207,-0.060306165,-0.18732817,0.041346435,0.04860338,-0.033978496,-0.047076188,0.03167106,-0.18640676,0.015719209,-0.079414904,-0.10350311,0.19100505,-0.019318253,-0.20040762,-0.17026307,-0.052447103,-0.35978326,-0.06935099,-0.10724401,0.10556472,-0.4045832,0.14925247,-0.660102,0.3142651,-0.11373203,0.22807221,0.5054691,-0.10856111,-1.3382653,-0.026438057,0.016099153,0.9008667,0.37338096,-0.15675172,0.42762434,-0.05330456,0.022902258,0.5547867,-0.23693743,0.14122824,0.16212869,0.13536213,-0.019644672,-0.19143783,0.15092313,-0.0885219,-0.1390916,0.39392444,0.0992531,0.03046537,0.022336222,-0.49981165,-0.2939408,0.41785783,0.22407871,-0.16555579,-0.1455933,-0.71235234,-0.23089434,-0.021966327,-0.1110926,-0.057045154,-0.21754052,-0.023336168,-0.0766493,-0.13890822,-0.07622007,0.0430633,0.14960803,0.26774812,-0.09626922,0.087328896,-0.069409385
320,neutral,-0.17333202,0.110544845,0.3280186,-0.056736376,-0.09334898,0.07921641,0.19771409,0.005458462,0.07553912,-0.019885523,0.14691794,0.1801153,0.03597671,0.0015075341,-0.056921747,-0.04553876,0.3001086,0.11358512,-0.11234241,0.25462726,0.25847593,-0.2980329,0.21244311,-0.025769722,-0.055201944,-0.07340295,-0.25416207,-0.060306165,-0.18732817,0.041346435,0.04860338,-0.033978496,-0.047076188,0.03167106,-0.18640676,0.015719209,-0.079414904,-0.10350311,0.19100505,-0.019318253,-0.20040762,-0.17026307,-0.052447103,-0.35978326,-0.06935099,-0.10724401,0.10556472,-0.4045832,0.14925247,-0.660102,0.3142651,-0.11373203,0.22807221,0.5054691,-0.10856111,-1.3382653,-0.026438057,0.016099153,0.9008667,0.37338096,-0.15675172,0.42762434,-0.05330456,0.022902258,0.5547867,-0.23693743,0.14122824,0.16212869,0.13536213,-0.019644672,-0.19143783,0.15092313,-0.0885219,-0.1390916,0.39392444,0.0992531,0.03046537,0.022336222,-0.49981165,-0.2939408,0.41785783,0.22407871,-0.16555579,-0.1455933,-0.71235234,-0.23089434,-0.021966327,-0.1110926,-0.057045154,-0.21754052,-0.023336168,-0.0766493,-0.13890822,-0.07622007,0.0430633,0.14960803,0.26774812,-0.09626922,0.087328896,-0.069409385
321,neutral,-0.13788822,0.18146765,0.37411642,0.3102813,0.07845571,-0.35526523,-0.08600413,-0.09238492,0.09192762,0.26852736,0.08584536,-0.11431821,0.3947827,0.11700853,-0.014642999,-0.010394097,0.12141627,-0.17380005,-0.3395356,-0.017679753,0.20530732,-0.24758054,0.11463474,-0.13966426,-0.18684669,-0.17180583,-0.10281318,-0.084051244,0.23879865,0.06568828,-0.05707758,0.23388071,-0.24625066,-0.012216777,0.16376285,0.09498005,0.22854361,-0.015342455,0.007851478,0.06486949,-0.36112505,-0.13510765,0.20774922,-0.049441397,0.130309,-0.25039187,0.13595703,-0.1847394,-0.106283724,-0.419496,0.37901,0.20605941,0.09805345,0.9345301,0.0067635775,-1.7786237,0.15696253,-0.3471333,1.5336375,0.36129037,-0.15799543,0.55253816,-0.020834837,-0.024606902,0.62093794,-0.029813977,-0.061635915,0.2482797,0.06332179,0.14554228,0.033873353,-0.45865113,-0.2043941,-0.3608098,0.2529104,0.0933485,0.0564812,0.03941354,-0.9108853,-0.08377622,0.5285008,-0.0021091516,-0.12107376,0.033328246,-1.1610504,-0.06656951,0.2979236,0.03656407,-0.1024002,-0.24884346,-0.040295534,-0.09081103,-0.11518315,-0.11160518,-0.40972647,0.15677327,-0.20632407,-0.1824034,0.41675276,0.14386465
322,neutral,-0.107468955,-0.088707745,0.1401382,-0.16011609,0.15874168,0.0031445457,-0.071669884,0.17052622,0.051364504,-0.020379595,0.09131578,-0.023114406,0.22543423,-0.022078304,0.14041786,-0.13297743,0.07991016,-0.23591937,-0.12726739,0.12653041,0.13614877,-0.09670984,0.18263684,-0.08514271,0.075018585,-0.10565135,-0.04005835,-0.029152593,0.2985353,0.12583642,-0.13790524,0.24260879,-0.08215236,0.2864157,0.24141166,0.043888234,0.03746866,0.095150344,0.01979732,-0.22856851,-0.36677387,-0.10671888,0.048917193,-0.22448441,-0.117431305,-0.20145789,0.09824932,-0.14231367,-0.09951966,-0.47816113,0.061663456,0.34570074,0.18699263,0.69980717,-0.35717192,-1.7549617,-0.10069113,-0.21973048,1.1307853,0.08110077,0.019955108,0.4722962,-0.13408422,-0.33266664,0.4625648,0.27066174,0.09895384,0.09847543,-0.02862828,0.005932372,0.16010636,-0.2486491,0.18541355,-0.23290625,0.101783566,0.07517566,0.07023395,-0.035178877,-0.44796878,-0.03804561,0.50020295,-0.1012422,-0.3272897,0.14565372,-0.9599955,0.17577271,0.14661105,-0.051326424,0.28402856,-0.101872586,-0.11772654,0.05578602,-0.022786338,0.13608067,-0.38649702,0.024681931,-0.16784845,-0.17615893,0.36801735,0.05999269
323,neutral,-0.11446528,0.11064002,0.38941553,-0.19541462,0.14789884,0.048871987,-0.30054134,0.3238843,-0.110815376,0.005861766,0.10347634,-0.23117782,0.1242326,0.10996625,0.09103578,-0.27439776,-0.00583935,-0.345847,-0.15802547,-0.051458985,0.16291901,0.21960786,0.3663896,0.030030811,0.23817857,-0.0969061,0.13960028,-0.15632652,0.21168195,-0.04890021,-0.22914757,0.27529886,-0.100528166,0.03224257,0.27177915,0.033460356,-0.00807787,0.17472546,-0.20336409,-0.02479689,-0.30197367,-0.19041234,-0.066208005,-0.20178999,0.11809212,0.106137134,0.41625014,-0.03875833,0.112752095,-0.26685908,-0.27786556,0.47232178,0.14064781,0.48978722,-0.28664157,-1.5896394,-0.2472166,-0.43487716,0.8476947,-0.07287507,-0.059457097,0.33692056,-0.27766967,-0.31442013,0.32007998,0.10818884,-0.15641095,0.05876449,0.20924184,0.037474163,-0.013561315,-0.17229407,0.2723689,-0.2886874,0.11920453,-0.013144412,0.023130402,0.07485833,-0.47016713,0.06552798,0.54138196,-0.12311404,-0.26170486,0.077139355,-0.5819329,-0.0007257713,-0.028163288,-0.04539021,0.2148074,-0.007830909,-0.12772422,0.093827926,-0.049307007,0.03284619,-0.34587914,0.28295287,-0.23218098,0.0007224847,0.31376955,-0.038650814
324,neutral,-0.27531195,-0.13135414,-0.06504942,-0.32296297,0.06400931,0.20248695,0.37302536,0.049731966,0.15020047,0.24196751,-0.17400458,-0.09803617,0.10786675,-0.36719465,-0.16386539,-0.07666795,0.22867593,-0.15496968,0.18173818,0.13891155,-0.22664323,-0.05593344,-0.098682344,-0.32823193,0.20241022,-0.21979003,0.14280802,0.17078939,0.16276614,-0.12997794,-0.05061261,0.11345129,-0.050765224,0.2301316,0.17282782,0.025175141,-0.093317896,0.0078005753,0.104624875,-0.08382504,-0.43975195,-0.14050266,-0.20198636,0.13262323,-0.34793863,-0.27331984,-0.2636158,-0.3518589,-0.055272132,-0.0955247,0.27867988,0.15155344,0.08124644,0.30902636,-0.14783183,-1.4112059,0.24068889,0.012642553,0.8610788,0.3197432,0.024175717,0.15266068,-0.00902035,0.15509124,0.6463604,-0.32904533,-0.050968233,0.12132996,0.08371904,-0.066790216,0.2710326,-0.04159687,0.1879041,0.072032325,-0.38608253,0.03359948,0.06921391,-0.015228341,-0.39833832,-0.20660512,0.1532008,-0.07295947,0.2378583,0.21065947,-0.6161618,-0.18940729,-0.010973378,0.22753254,0.017446976,-0.35564843,-0.07296454,0.4499308,-0.306958,0.6252995,-0.01721561,-0.15977193,-0.009361665,-0.14557049,0.20857775,0.5034555
325,neutral,-0.1195107,0.28182748,0.3682398,-0.46438077,0.14992675,-0.12495607,0.120932065,-0.07350269,-0.38341078,-0.24345505,0.29138458,0.03845205,-0.1711209,0.07003399,-0.13265477,-0.21976268,0.08475058,0.07676824,-0.49884257,0.21582668,0.25620875,0.08039039,0.33370233,0.3774654,0.08081186,0.20827954,-0.13773096,-0.51550066,0.3358844,-0.016628841,-0.26806888,0.16105224,0.058306128,0.07470488,0.11891677,0.20880713,-0.03845962,0.2920273,-0.25752684,0.04582479,-0.20066838,-0.07927369,0.15382093,0.2814119,-0.08208666,-0.020339046,-0.17485687,-0.31335685,0.29661173,-0.23962995,0.040733524,-0.10888893,-0.10976969,0.23650976,-0.18267016,-1.9471294,-0.21170129,0.03289463,0.5388282,0.53757787,0.11492369,0.751109,-0.15864792,0.19212675,0.25875297,-0.14605771,0.43784374,0.55136293,-0.073151335,0.13489959,0.021401368,0.015274724,-0.2354585,-0.2371236,0.1511313,-0.07854968,0.027297502,-0.17294033,-0.26951313,-0.10947797,0.3895112,0.11720836,-0.32957387,-0.0008617572,-0.72747284,-0.17633119,-0.18783101,-0.09241017,-0.017801352,-0.35102862,-0.114251,0.15683389,0.113071926,0.25954902,-0.33215573,0.009075358,-0.12667517,-0.2552003,0.09280585,0.08857646
326,negative,-0.28816015,-0.07196904,0.38800478,-0.29230902,-0.04332143,0.22078699,-0.08241533,0.1298494,0.11623628,0.46457428,0.16628629,0.024146242,0.5764422,-0.06265484,0.02016816,-0.037370834,0.29638842,-0.26053867,-0.30913213,0.022445418,0.67931706,-0.31532586,-0.08373393,-0.1170327,0.03863965,0.35473248,-0.3149819,-0.10930604,0.14084612,0.098728776,0.076382436,0.003906531,-0.2846982,-0.10912105,0.037372217,-0.27005988,-0.16555057,0.22267699,0.49902597,0.25630137,-0.4775034,-0.034578506,0.14095949,0.1280408,0.2113989,-0.0062841917,-0.102462634,0.29836005,-0.33778375,-0.3618723,-0.042704888,0.09939541,0.1327216,0.9888287,0.16460496,-1.416761,-0.37477756,-0.05930017,1.4919412,0.38288715,0.4058456,0.58355045,0.07274079,0.111353524,0.36798245,0.18801832,0.17317137,-0.077101,-0.2794651,0.19880222,0.15450372,-0.44087663,0.044624127,-0.34974664,0.26484466,0.092053354,0.3833464,0.11872222,-0.5694364,-0.0026116408,0.77522516,0.17931907,-0.3044755,0.023930274,-0.6776223,-0.23560047,0.30180675,0.16050646,-0.009856572,-0.18010135,0.15082803,-0.28255072,0.13091126,-0.06139017,-0.5184068,0.110433765,-0.1624583,-0.07610583,0.42746034,-0.24541292
327,negative,-0.14829114,0.31903842,0.25584143,0.053755723,-0.023533206,-0.08827561,-0.25283512,-0.045713052,0.18187986,0.14408375,-0.098119706,-0.009150077,0.38649756,0.014568794,-0.042824563,-0.16677684,-0.11425798,-0.1281508,-0.3719285,0.035980575,0.32439512,-0.0035744903,0.23281746,-0.14545214,0.07141346,-0.11465165,-0.1412518,-0.18235892,0.18036877,-0.06768976,0.20538892,0.23935656,-0.16002817,-0.033242147,-0.07601688,-0.006853173,0.03763259,0.06381646,-0.0041706115,0.0059954557,-0.56924564,-0.09823456,0.1684652,-0.19555669,0.07396926,-0.13788955,0.3256147,-0.03845813,-0.16459353,-0.6048465,0.19120546,-0.002217386,0.11633481,1.0272913,0.14951327,-1.9148194,0.10267649,-0.28738007,1.3097578,0.33805174,-0.037339695,0.45609564,-0.14015496,-0.21189135,0.73678815,0.07861135,0.21697196,0.05254436,0.053416073,-0.050531697,0.17475426,-0.27958915,-0.19419686,-0.12797832,0.18359746,-0.01941696,-0.044384915,0.0170811,-0.70054847,0.07362597,0.62177473,0.16720024,-0.23747097,0.099778645,-1.0606909,-0.05530008,-0.17267558,-0.016542336,-0.13900784,-0.3815874,-0.019633023,0.049147256,-0.10332308,-0.040436413,-0.4817824,0.09318835,-0.024299882,-0.12731312,0.43598354,0.17035387
328,neutral,-0.09785235,-0.069342226,0.24743456,-0.18414567,0.057487704,0.24323376,-0.11208295,0.15032114,-0.10224683,-0.03111411,0.34255195,-0.031090248,0.017668188,0.006367033,0.15460512,-0.13648017,-0.15237251,-0.18209521,0.009919062,0.16883843,0.1490876,-0.024076331,-0.023198612,-0.12589318,0.032141156,-0.15810005,0.21177432,-0.05792388,0.28556234,0.15871412,0.0594977,0.27151135,-0.08269036,0.33344677,0.08562944,0.044387523,0.015759943,0.021956652,0.2773807,-0.1937026,0.07869499,-0.011032166,0.039087806,-0.06488907,-0.18110576,-0.23809153,0.36132604,-0.26373446,-0.030863753,-0.45080823,0.0077647115,0.09367406,0.13626692,0.4193644,-0.063505284,-1.4541466,-0.06078559,-0.15420178,0.89954,0.27497843,0.11249888,0.50147676,-0.2294492,-0.10345404,0.43361586,-0.044866417,-0.03719543,-0.09759249,0.043981597,0.14113535,-0.050317377,-0.10397363,0.15867603,-0.2877598,0.15829879,0.12289496,0.22137652,-0.05819124,-0.4393485,-0.24990824,0.21193068,-0.32319456,-0.18336539,-0.15485567,-0.7281605,-0.047619194,0.13389747,0.08069783,0.033735607,0.09875819,-0.068985075,0.114504874,-0.3290766,-0.029554583,-0.15597096,0.118232824,-0.2437322,-0.09890718,0.2824553,0.16272426
329,negative,-0.003922715,0.27822196,0.28460443,-0.123792976,-0.19358154,0.035426885,-0.21483156,0.24528556,0.007819058,-0.12920065,-0.082285896,0.22830917,0.13918532,0.036354464,0.15253395,-0.14094338,-0.21336709,0.14178309,-0.3992141,0.18063658,0.28471467,-0.17338075,-0.1604303,0.010465569,0.07689299,0.21746568,-0.28553954,-0.3081866,0.284852,-0.20107578,-0.012224325,0.20612502,-0.068284914,-0.038605012,-0.19950505,0.13983959,0.092407614,-0.12079887,0.03105217,-0.20323916,-0.37424392,0.048243474,0.13925493,-0.26594362,-0.04694111,-0.09426383,0.35325912,-0.14037198,-0.1717634,-0.8571167,0.2086049,-0.16006911,0.01010086,0.99898267,-0.02273125,-2.0324388,0.071911946,-0.21796715,1.288609,0.3256277,-0.04131685,0.6385584,-0.1871426,-0.29977846,0.71786416,0.24355957,0.18892996,0.047282264,-0.09531038,-0.35418072,0.036960036,-0.3511049,-0.1903444,-0.2575182,0.15201706,0.008152098,-0.20433912,0.0059894267,-0.69649535,-0.107970126,0.6070295,-0.115602575,-0.37680924,0.14863035,-1.2953705,-0.10859263,0.18051334,-0.1904228,-0.09083474,-0.16024868,0.047817856,0.048915353,-0.083494276,0.08374042,-0.43723318,-0.027042346,0.2182385,-0.07706933,0.31085443,0.046969842
330,neutral,0.018231379,0.09359445,0.07130534,-0.27413183,0.014759559,0.024953363,-0.07726476,0.08635171,0.05673004,-0.04503103,0.18979593,-0.2747658,0.16335401,-0.032150738,-0.048085626,-0.31609055,0.17121065,-0.04063931,-0.2564097,0.28285062,-0.029876027,-0.14512512,-0.031095231,0.09610674,0.26252556,-0.22481237,0.039729092,-0.20091465,0.30099303,0.040029515,0.1260005,0.44216284,-0.18173043,-0.2176809,-0.011627403,0.15863127,0.051837083,-0.028827505,0.054254796,-0.2055052,-0.22509755,-0.03148555,0.17507894,-0.33123907,-0.04186198,-0.13903883,-0.10570638,-0.32216167,0.03798925,-0.43083274,0.20695321,-0.14876913,-0.05609226,0.68895066,-0.14463267,-1.6403396,0.1106396,-0.41525662,1.1357957,0.34606367,-0.07277365,0.22157693,-0.3828562,-0.3676208,0.63945293,0.13936004,0.09344979,0.46257487,0.04751731,0.046800666,0.12547427,0.09958051,-0.2681074,-0.267223,0.046585906,0.012536853,-0.24349129,0.01232725,-0.7301702,0.021718485,0.41948402,-0.18686777,-0.053793926,-0.19956863,-0.6562433,-0.1996732,0.0073478376,0.124908514,0.09261847,-0.12603985,-0.12635444,-0.012179206,0.14067198,0.050128486,-0.22071846,0.12735799,0.16378109,0.09413938,0.421568,-0.07201912
331,negative,-0.09444737,0.2251208,0.31068277,-0.11020291,0.07384592,0.018240662,-0.20163605,0.16523607,0.21140859,-0.120456934,0.108329624,0.032158345,0.28654796,-0.110720664,0.090446614,-0.26047185,0.034844726,0.15017089,-0.1122539,0.1566308,-0.024741922,0.032195065,0.09953254,-0.21620394,0.08903823,-0.1378637,-0.09494136,-0.10368777,0.017494371,-0.20945245,0.049514722,0.35486326,-0.068313904,-0.1520458,0.051197693,0.23662896,0.004733266,0.032586623,-0.07534716,-0.022032613,-0.25445846,-0.21225643,0.03266015,-0.04606024,0.050413154,-0.087874584,0.2515281,-0.2998397,-0.042850435,-0.6163046,0.34682065,0.013120498,0.011001738,0.7525568,-0.089173764,-1.6301907,0.001883038,-0.155271,1.6118107,0.34296733,-0.18233106,0.30210516,-0.065985516,-0.124816656,0.6397693,0.18008626,0.2815922,-0.10588368,0.46763524,-0.08039476,0.027476318,-0.29550892,0.031062705,-0.21947223,0.3486921,0.12456829,0.09808973,-0.11467208,-0.4580301,-0.015364536,0.5324626,-0.05676627,-0.27571094,0.0049496046,-1.2119782,-0.0057329955,0.081366725,-0.12423844,-0.052080184,-0.13946193,-0.1016565,0.12539437,-0.09848031,-0.17879143,-0.37782913,-0.024729,0.058611322,-0.082668036,0.48648006,0.23031476
332,negative,-0.113766976,0.082499065,0.41186857,-0.215345,-0.14067426,-0.076997526,-0.11899456,0.1616652,-0.010016891,0.09737259,0.19316053,-0.068052284,0.12112726,0.08363285,-0.09485585,-0.07133445,0.19296238,0.1549051,-0.30691805,0.13124517,0.31480312,0.024767067,0.08404673,-0.20537451,-0.11579532,-0.025110474,-0.18991695,-0.2817882,0.042657346,-0.11310961,-0.16618232,0.38311863,0.0045221075,0.026466608,0.11620256,0.23297548,-0.11570216,-0.026471347,0.09055124,-0.14136814,-0.22121532,-0.1311941,0.07787943,-0.18396966,0.0683994,-0.2739951,0.105462894,-0.26133698,-0.034359936,-0.7337247,0.27717215,-0.09466571,-0.012487899,0.8413381,-0.020224815,-1.8290046,0.05135947,0.0055233114,1.3448128,0.4634659,-0.086237915,0.5305577,-0.113652326,-0.05549863,0.63152564,-0.021046124,0.31646454,0.38868102,-0.009186285,0.12978569,0.18498972,-0.37410393,-0.15739465,-0.32277012,0.0995082,0.105704084,-0.100319795,0.07626311,-0.5893172,0.0032804313,0.40940866,0.016298737,-0.33069202,-0.060436893,-1.1766863,-0.12002516,0.09674688,0.035280928,-0.15534212,-0.25261098,-0.06597583,-0.1452835,-0.254108,0.055490766,-0.37304473,0.06485864,-0.067818396,-0.04745429,0.35019332,0.11724062
333,neutral,-0.092877746,-0.008389612,0.2452584,0.2144878,-0.39110926,-0.10724739,-0.21973276,0.35981813,0.11743463,-0.098132886,-0.06984067,0.3603997,0.29216507,-0.1436736,0.14631052,-0.7458179,0.45074296,0.5792622,-0.33894068,0.16254759,0.16775079,-0.13494763,-0.29388666,-0.028030915,0.0028686745,0.34256253,-0.34604594,-0.11272537,0.31994584,-0.37463063,0.13746308,0.1710492,-0.030098671,0.04641723,0.015662832,0.36335257,0.07476974,-0.08762295,-0.14009932,-0.31217903,-0.48720437,0.1349694,0.0976373,-0.2674211,-0.054473188,-0.11973551,-0.2925247,-0.2488877,-0.03315861,-0.6145288,0.10295575,-0.2304123,0.21605244,0.712281,-0.18872644,-1.6623894,0.18767089,-0.034277484,1.3570803,0.20316555,0.022691214,0.4654139,-0.24689049,-0.43713394,0.4680232,0.15808861,0.2461158,0.55064505,-0.44713056,-0.18173067,0.11985928,-0.21012156,-0.41186807,-0.34295917,-0.04916508,-0.0012957685,-0.17709908,-0.02347428,-0.56135595,0.10777899,0.6344773,-0.24434112,-0.03875189,-0.061572317,-0.76130897,-0.18431215,0.06432963,-0.040874224,0.3954945,-0.18249139,-0.12080667,0.09302073,-0.012916782,-0.24017951,-0.4228124,-0.087955005,0.12065192,0.1341155,0.17446332,-0.32043186
334,negative,-0.18140937,0.37249598,-0.10492081,0.13413072,0.12820047,-0.026537772,-0.111221276,-0.054135688,0.2855847,0.50547916,-0.13908525,-0.2652178,0.25848994,-0.15190887,-0.059777357,-0.07238104,0.16915458,-0.18276706,-0.60511386,0.15101106,0.1916792,-0.079657495,0.17707877,0.15345126,0.21328437,-0.38607287,-0.15306063,-0.024587266,0.35604465,0.13948874,0.05162831,0.17713246,-0.14985968,0.11486653,0.08130315,-0.021566685,0.30696332,-0.07582229,-0.36474144,-0.06533208,-0.5106747,-0.09919609,0.06067159,-0.12570827,0.056607384,-0.17049246,0.29518327,-0.081384555,-0.041961614,-0.2487834,0.29978994,0.20711808,0.08185489,0.9772995,-0.19442597,-1.7144496,-0.045486853,-0.006428233,1.641845,0.2927549,-0.14077795,0.11152004,0.17563038,-0.34733862,0.941422,0.23460634,-0.09326374,-0.0068038884,0.294385,-0.056467902,0.38079482,-0.24138454,-0.2426368,-0.48699644,0.13869636,0.0064562596,0.12539467,0.14761731,-0.89237463,0.15305664,0.59357435,0.09857809,-0.27220124,0.24712436,-0.6610695,0.104630336,0.22100145,-0.07548135,0.08102924,-0.20392497,-0.044043854,0.16853784,0.19875842,0.18144403,-0.24787529,-0.14528944,-0.013585437,-0.26314187,0.65557164,0.28288236
335,negative,-0.012843265,0.2677005,0.32061377,-0.1797208,0.07045091,0.10017131,-0.19339901,0.016110733,-0.1145123,0.065132625,-0.027296523,0.13039972,0.112121046,-0.054186206,-0.015955256,-0.21907799,0.08222113,0.13486399,-0.20166343,0.121080995,0.25827783,0.0140696755,0.05276918,-0.20105459,-0.03908313,-0.016959691,-0.19911902,-0.33899757,0.06966662,-0.25667566,0.106612206,0.33478948,0.11364135,0.020756746,-0.0071625356,0.1404973,-0.0096177235,0.009337885,0.027998805,0.02206313,-0.33525166,-0.36399448,0.10980344,-0.20663157,-0.03524675,-0.17571855,0.21830274,-0.111897774,-0.16967972,-0.55813223,0.0537941,-0.06100728,0.10250727,0.69205034,-0.12907651,-1.9151055,0.024382079,-0.060251743,1.2240695,0.29975328,-0.24024913,0.5541547,-0.15544707,0.061330162,0.49165374,-0.0041961065,0.1430425,0.14985397,-0.00016484257,-0.09768476,0.038715187,-0.20930481,-0.16889305,-0.26227435,0.1533721,0.054914653,-0.02439744,0.049613725,-0.59036446,0.10731699,0.2683035,-0.036554463,-0.13991071,0.006328772,-0.7929698,-0.2553997,0.046458714,0.025665574,0.069941856,-0.25111854,-0.014377651,-0.19423714,-0.00070718676,0.0030191687,-0.51422524,-0.031930063,-0.11591227,-0.091629416,0.3716311,0.077000044
336,negative,-0.090969525,0.05693142,0.035955645,-0.20003673,-0.199235,0.28732494,-0.04183507,0.15767749,0.17491128,0.2860341,-0.007624344,0.14779271,0.4709567,0.13172236,0.13178955,-0.2127047,-0.08389659,-0.34786204,-1.0150349,0.1917897,0.5772789,-0.25563374,0.18032922,0.31113297,-0.21076785,0.012083317,-0.021582557,-0.18663895,0.034414187,0.2954122,-0.03753151,0.2265709,-0.26276404,0.19293307,-0.29070732,-0.12684181,-0.27620497,0.427221,-0.26539198,0.21400921,-0.5146045,-0.0374616,0.3705372,-0.16978419,0.44892922,0.049115043,-0.1567554,-0.14279553,-0.29787272,-0.65995485,0.320597,-0.2342675,-0.023373643,1.0993652,-0.19473144,-1.9409822,-0.35383207,-0.096636355,1.6991166,0.7967319,-0.19737971,0.50479436,0.056751188,-0.10652117,0.3194405,0.35972905,-0.002888503,0.37502462,0.28480697,0.06999251,-0.11945234,-0.5013409,-0.18208125,-0.3076026,0.24238487,0.25950843,0.04491994,0.3990516,-1.147154,-0.05659499,0.80443144,-0.005623278,-0.3330069,-0.035617705,-1.0820466,-0.30478275,0.09262962,0.39859343,-0.35579494,-0.18348598,0.78896815,-0.26308665,-0.12482119,0.24985126,-0.86519235,0.5826321,0.024246316,-0.04055401,0.3523024,-0.47003907
337,neutral,-0.11978099,0.057470597,0.27244768,0.032120917,-0.096980736,-0.08275538,0.03201611,0.112103395,-0.06996698,-0.09050978,-0.03422592,-0.009880316,0.1863992,-0.023914326,0.033009358,-0.11796673,0.080439344,-0.17955223,-0.34296376,0.010756703,0.028280359,-0.09333827,0.04172506,-0.1576146,0.047764737,0.2024167,-0.1981331,-0.24441528,0.2642995,-0.11829101,-0.026828902,0.2583125,-0.045478977,-0.009651712,0.04572709,0.2840119,0.12283014,0.0286262,-0.24218309,-0.15167135,-0.3376433,0.03446194,0.3086938,-0.24700885,-0.18365087,-0.081866585,0.022133851,-0.20370263,-0.028338498,-0.62749296,0.0471465,0.027149063,0.011807702,0.7532818,-0.12109743,-1.6598443,-0.048194483,-0.25504723,1.2566729,0.15195017,-0.14889836,0.2347897,-0.22446151,-0.39058495,0.73117393,-0.064322874,0.29773128,0.28293458,-0.11829302,-0.32681534,0.1401724,-0.28956535,-0.34667888,-0.4856899,0.12708433,0.12212166,-0.31648195,-0.004407282,-0.6275831,-0.09429242,0.4151927,-0.11299643,0.0020311284,0.07738747,-0.9998897,0.11745749,0.12071716,0.18813281,0.01552326,-0.30908215,-0.09742572,0.04223694,-0.3673407,0.25880226,-0.44027215,0.028891172,0.012534563,-0.13121296,0.47420827,0.22538552
338,negative,-0.1582348,0.16874833,0.25766274,-0.17656447,-0.18542384,0.20263986,-0.12711567,0.07697384,0.12319361,0.21606049,0.044230483,-0.013551363,0.11392234,-0.00013192846,-0.0780029,-0.16690992,-0.0010245445,0.08660762,-0.4063096,0.09942552,0.3611166,0.029100254,0.2457153,-0.31418929,0.09337165,0.035111316,-0.3835477,-0.20595188,0.17286259,-0.15235226,0.07180832,0.28746358,-0.08472014,0.02072452,0.07394782,0.08835996,0.19654118,-0.03916555,0.13021371,-0.090389855,-0.4726363,-0.087967366,0.091699295,-0.13857159,0.113411985,-0.12947723,0.20468308,-0.08421349,-0.3475368,-0.5088346,0.16797182,0.0011091989,0.060456418,0.7372923,-0.12045957,-1.3663355,0.047099482,-0.20818463,1.2340654,0.24256822,-0.18804365,0.33914202,-0.32034796,-0.10650101,0.38128752,0.12173897,0.17643495,0.28923252,-0.07670736,-0.06861657,0.2059787,-0.48608884,0.041940987,-0.10095803,0.13901266,0.007460167,-0.18215083,0.058311157,-0.5121977,-0.0101410365,0.49087614,-0.059219133,-0.22025514,0.22606906,-0.9476624,-0.14408737,0.143996,0.08779788,-0.00014256615,-0.24312249,-0.1632889,-0.13294707,-0.002233533,-0.13260418,-0.24961452,0.12977631,-0.23294567,-0.18211515,0.19893128,0.12923217
339,negative,-0.025829528,0.271113,0.36418548,-0.40571633,-0.1707918,0.19414818,-0.14087395,-0.0031730435,0.13222657,-0.043894414,0.10359768,0.06549461,0.09086506,-0.09644133,0.0020325384,0.041503385,-0.022781596,0.17943239,-0.20751421,0.20477684,0.29455823,0.0829014,-0.033281423,-0.23795405,0.0036833193,0.08155903,-0.23184499,-0.18766582,0.3587347,-0.1544649,0.023377748,0.29571408,0.17954637,0.007932501,-0.026812296,0.16460665,-0.08184031,0.07613805,0.045111462,-0.26191792,-0.17016539,-0.22336084,-0.032635152,-0.2699025,-0.30232957,-0.13094562,0.14097618,-0.18117769,-0.118609674,-0.6366894,-0.030805212,-0.051976945,0.16038054,0.6424102,-0.21768251,-1.5642322,0.14875881,0.1272971,1.0712252,0.1876534,-0.044647325,0.5002152,-0.32062274,-0.060151212,0.6441678,0.19267303,0.23647384,0.072180256,-0.014403061,-0.18959536,0.18787014,-0.07856993,-0.2673546,-0.26542714,-0.045441974,0.080544196,-0.12512647,-0.059108067,-0.38169405,0.038738053,0.3886707,-0.062899806,-0.3095706,0.048588626,-0.90664625,-0.1538915,0.044271432,0.072396986,-0.11566238,-0.18825261,0.021333331,-0.21103464,-0.1256035,-0.03396265,-0.19653581,-0.1700383,-0.05291871,0.07592916,0.1655931,0.29313996
340,negative,-0.057785977,0.07421815,0.30840784,-0.39514187,-0.26684234,0.16949172,-0.15870583,0.046538748,0.08639063,-0.11406037,-0.08869156,-0.008604913,0.25464597,0.13146928,-0.009579396,0.13886754,-0.007476162,0.18197674,-0.25911343,0.20578308,0.10731918,0.03476263,-0.12916476,-0.21616445,0.015743725,0.2229631,-0.14740796,-0.1652967,0.3290425,-0.19050638,0.020825252,0.28875366,0.09396838,-0.031883556,0.039019316,0.13950048,-0.049852945,0.014411602,0.17787768,-0.2845076,-0.104150064,0.031338863,0.13399945,-0.33078954,-0.1297691,-0.060748775,-0.02736538,-0.15827392,-0.15832643,-0.5847796,0.04528557,0.07045638,0.09113222,0.56362075,-0.08431407,-1.3777218,0.09760548,0.11650151,0.8508033,0.2664079,0.10994456,0.44246918,-0.23365025,-0.13062704,0.5352929,0.06902391,0.26827675,0.23430733,-0.16699247,-0.12498637,0.07550626,-0.21091177,-0.2432626,-0.2578622,-0.04362136,0.16426963,-0.02848809,0.041297186,-0.38322306,0.10662552,0.33573732,-0.14340578,-0.3159462,0.1411497,-0.9481566,-0.0049446756,0.03716508,0.13213389,-0.14879301,-0.18317612,-0.08246322,-0.12041419,-0.10119112,0.12686792,-0.19499063,-0.13716169,0.03140252,-0.07319344,0.06749702,0.16699475
341,neutral,-0.20147866,0.26240015,0.3272639,-0.049151506,-0.29582542,-0.27096096,-0.024114754,0.063908234,-0.17475161,0.3147417,0.083358355,0.027172357,0.010856893,0.0529763,0.07274463,-0.16890363,-0.118214935,0.043641645,-0.18231237,-0.19052103,0.22767575,-0.24135591,-0.019545479,0.044245817,0.26308653,0.0045671086,-0.2683785,-0.10451884,-0.03820395,-0.014369043,-0.0075959335,0.1456236,-0.16520691,-0.063340515,0.13698235,-0.0072264085,0.17521317,-0.035604227,-0.057925522,0.05520917,-0.35728705,-0.19532284,0.042798176,-0.25099987,0.38876346,0.0016671971,0.35702386,-0.20931564,-0.31539187,-0.57905793,0.033201132,0.013968583,-0.048242748,0.8613896,0.16303843,-1.7335161,0.12886465,-0.27389908,1.2487547,0.48970342,-0.009872296,0.55491555,-0.020004615,0.1512168,0.46692207,0.19547634,0.14988953,-0.023986496,-0.035594147,-0.20723164,0.29082894,-0.3351617,0.008621528,-0.088670224,0.048538852,-0.035640795,-0.05131431,0.04083201,-0.6292852,0.11143737,0.5544057,0.1110636,-0.37310165,0.0018895131,-0.7811579,-0.019646762,0.19233051,0.022758147,0.02661117,-0.03407634,-0.09009925,0.1684581,-0.21882144,-0.082594186,-0.3287011,0.081336275,0.06762628,-0.052441735,0.35725155,0.09547918
342,negative,-0.112671226,0.05430275,0.28407893,0.21717553,0.10425866,0.05552446,0.050719015,0.20057234,-0.032600436,0.39122418,-0.08525494,-0.07068769,0.28927374,0.14582999,0.067454554,-0.14939588,-0.059675504,-0.22630022,-0.52465785,-0.1142203,0.46913347,0.018425187,0.284809,0.02898114,0.17848545,-0.17609319,-0.06361499,-0.14638068,0.33481836,0.08691911,-0.31128687,0.03314835,0.13350531,0.018594556,-0.027191311,-0.037997097,-0.023145504,-0.086281836,-0.016113406,0.17348252,-0.47201824,-0.14057617,0.2300536,-0.019181695,0.3553735,-0.038748045,0.25679964,-0.0031566268,0.0123340795,-0.3819189,-0.012085253,0.03573429,0.087931454,0.87219054,-0.27723992,-1.9799676,-0.29887065,-0.18968976,1.5101731,0.4667902,-0.14246467,0.55799896,0.07730078,-0.27641088,0.5091862,0.09435345,-0.060607925,0.053082697,-0.28424513,-0.0069420044,0.17964296,-0.36925077,-0.3861127,-0.41295934,0.091323055,0.16416435,0.066012084,0.048850417,-0.68750256,0.027103603,0.50947183,0.27359003,-0.37604335,0.12962969,-0.69470954,-0.04079233,-0.017098274,-0.19886622,0.2654912,-0.09284194,0.014918612,0.043476257,-0.25179452,0.29526603,-0.64848554,0.32769346,0.15727004,0.26181835,0.45451942,0.1806324
343,negative,-0.04256507,0.22283214,0.12283859,-0.17849371,-0.026100548,0.20825006,-0.08006653,0.17525221,-0.08038596,0.26799062,0.03243172,-0.008997853,0.24554908,0.3126942,-0.027422825,-0.16050923,0.102972604,0.014371002,-0.4178283,0.24200797,0.37160918,-0.28074634,0.100419715,-0.031882085,-0.02521557,0.01446243,-0.2973463,-0.28935182,0.16224833,0.06687817,-0.12431512,0.3770103,-0.044220757,0.011103171,0.10407401,0.06734393,-0.16030806,0.1376584,0.27071244,0.027795076,-0.3169729,0.02953968,-0.0925429,-0.2425321,0.25514844,-0.048479617,-0.102942266,-0.1735176,-0.14185977,-0.44785038,-0.11330854,-0.080998704,-0.10019501,0.8482979,-0.10578054,-1.6907705,-0.18946585,-0.1452858,1.4024953,0.38959277,-0.028412854,0.4597185,0.005131627,-0.1096465,0.49460953,0.028293315,0.19688536,0.18762985,0.007836851,0.05899932,-0.03447106,-0.27683368,-0.21427673,-0.28918907,0.10805844,0.23247927,0.011878517,-0.008495483,-0.5356446,-0.13854492,0.6066024,0.03947108,-0.31712458,-0.14695029,-1.0268272,-0.20204599,0.15960522,-0.07288696,-0.06912768,-0.13835956,0.0115140285,-0.09284634,-0.012148508,-0.16011663,-0.43788683,0.065772854,-0.09009578,-0.19574285,0.17712441,-0.022398537
344,negative,0.16744648,0.14453782,0.22867344,-0.13091564,0.10540378,-0.62009585,-0.26197964,0.35254255,-0.08839941,-0.004694463,0.12949604,-0.0682792,0.13978755,-0.06723719,-0.11991116,-0.13805158,-0.264713,-0.0074031423,-0.04234677,-0.08685054,0.38381612,-0.06826157,0.26738423,0.16947621,0.1821628,0.10177044,-0.19084606,-0.20358612,0.26208696,-0.012099994,-0.18031241,0.11417626,-0.1264296,-0.122564025,0.012772047,0.26995537,0.18649341,0.18056509,-0.012112967,-0.14195512,-0.19697334,-0.22303528,-0.18129838,-0.07878622,0.14086594,0.07302418,0.057193737,-0.2290709,-0.15307763,-0.8248603,-0.045700256,0.34019142,-0.03195278,0.8768561,-0.19803898,-1.7590984,-0.2299163,-0.29638848,1.3915062,0.24523029,-0.040678523,0.24690871,-0.01769096,-0.11056596,0.39832336,0.20686737,0.043104406,0.027233958,0.047046814,-0.18911813,0.14366387,-0.22902988,-0.101024635,-0.11842481,0.025048595,-0.0018805098,0.18020092,-0.06048434,-0.5797936,0.320343,0.62023306,-0.12684068,-0.4638959,0.22460961,-0.79201263,-0.2660293,0.22551304,-0.003441178,0.23124419,-0.28467917,-0.050714225,-0.03658424,-0.25418606,-0.30427158,-0.57285357,0.1629602,0.02918537,-0.1220685,0.5068965,-0.0064078565
345,neutral,-0.17813614,0.4054664,-0.20521528,0.3683833,-0.03372714,-0.3809597,-0.1494592,-0.04908142,-0.09987377,0.36198485,-0.16693959,-0.37215292,0.016955428,-0.13671547,0.09716595,-0.29079702,0.30150217,-0.0754695,-0.37047812,-0.027966732,0.11553667,0.059259165,0.30511528,-0.055607397,0.41350615,0.30432537,-0.055782326,-0.30958048,-0.039998192,0.16038197,-0.3727761,0.45573434,-0.35682702,-0.11791146,-0.12191475,0.20920208,0.50551814,0.14002949,-0.37681043,-0.15753222,-0.21249045,-0.41558823,-0.114569314,-0.07587208,0.3004058,-0.039799657,0.2047967,-0.09327134,0.06505563,-0.6518955,-0.14362624,0.1836584,-0.15136753,1.0143365,-0.00010730796,-2.0607564,-0.08937744,-0.28054547,1.816198,0.16879946,-0.21772021,0.3570076,-0.3355692,-0.049190175,0.5912789,0.0022310729,-0.03823767,0.3845296,0.36004418,0.023712538,0.5570166,-0.3932047,-0.14755446,-0.5198725,0.07021006,-0.20508164,-0.45128724,0.18173835,-0.6256834,-0.12724626,0.81317556,-0.10134791,-0.079880476,0.39213994,-0.9777,0.11600401,-0.02979695,-0.13253342,0.30770046,-0.03387257,-0.32404152,0.3862606,-0.17264855,-0.35969383,-0.4365074,0.117734626,0.20267403,-0.08599753,0.55380785,0.2780331
346,neutral,-0.32613525,-0.108222336,0.21265227,-0.32929796,0.05020965,-0.06457386,-0.23324716,0.25704518,-0.21732762,0.12348626,0.3010093,-0.24073578,-0.094902456,-0.11421008,0.28207573,-0.25098708,-0.21733826,-0.24638116,0.15299796,0.118955664,0.016478222,-0.00018551215,0.18071745,-0.18785639,0.15311673,-0.043536566,0.1775181,0.12585579,0.05243117,0.39200106,0.0895164,0.4403532,-0.2669986,0.1910417,0.23617968,0.16169041,0.010006554,0.12051427,0.20203446,-0.24637304,0.15211,-0.21291298,-0.14845502,-0.19324122,-0.20544928,0.011668343,0.42294514,-0.16667233,0.0076549724,-0.5105049,-0.027734179,0.2906037,0.3987465,0.4893965,-0.045110676,-1.2954435,-0.0549055,-0.23377836,1.1138477,0.072220914,0.17985323,0.34060436,-0.08251522,-0.24968551,0.53802955,0.13063361,0.009362598,-0.19394648,0.18759613,0.07552491,-0.12918876,-0.27002445,0.41289377,-0.04381324,0.10390945,0.005442146,0.04989919,0.004116849,-0.35599038,-0.05217564,0.34223375,-0.38998327,-0.33939174,0.1776982,-0.8096153,0.15220082,0.3719939,0.020982532,-0.010152272,0.015294259,-0.2876298,0.27096066,-0.25957832,-0.06942347,-0.28981006,0.05545081,-0.2589077,-0.12332843,0.47429925,-0.080112815
347,neutral,0.0062682084,0.34464085,0.34291226,0.043288305,0.35990685,-0.80697054,-0.2961126,0.0072231973,0.0648122,-0.03165681,-0.16949475,0.12055764,0.056264687,-0.005060011,-0.060830776,-0.2515062,0.014711751,-0.08146104,-0.092868894,-0.1925504,0.26866347,-0.2030352,0.08436145,-0.12104744,-0.20861357,0.3708683,-0.2785698,-0.14505261,0.050484635,0.20636569,-0.20535344,-0.20734894,-0.20163763,-0.08094466,0.0040199347,0.058867194,0.22519663,0.04549755,-0.12797795,0.0334036,-0.3301878,-0.48497623,0.146879,-0.18813919,0.50799215,0.029679738,0.058923546,-0.12055699,-0.17357686,-0.4841265,0.2555397,0.43551064,0.00085153047,0.69435585,0.055190165,-1.6098222,0.0750693,-0.44724873,1.6446366,0.15792926,-0.16242199,-0.012859996,-0.17870535,-0.18032047,0.6820467,0.009058979,0.10060789,-0.18304448,0.3499421,-0.5796959,0.040957917,-0.33994743,-0.035239153,-0.14289802,0.31777698,-0.08084862,0.021980919,-0.11825325,-0.7974764,0.11397976,0.83579284,0.037631728,-0.4736261,0.30374673,-1.0756764,-0.18909305,0.39525476,-0.044962794,-0.17504625,-0.34953228,0.1230132,0.027362283,-0.17176795,-0.21609624,-0.46307284,0.15084514,0.28368974,0.07757973,0.4336735,0.06675966
348,negative,-0.022112992,0.280141,0.16500255,-0.05686265,-0.064875975,0.069480985,-0.16840623,0.02135898,0.045521792,0.16722006,-0.19264862,-0.0067386017,0.37397462,0.016156562,-0.017247414,-0.20967197,0.08629434,0.010290656,-0.4840094,0.26636747,0.22438534,-0.07205049,0.22259372,-0.069519125,-0.0060553853,-0.11647967,-0.09908868,-0.44013047,0.0020413648,0.15903425,-0.026089655,0.23616211,-0.043815922,0.12207713,-0.0791894,0.021035401,-0.05805239,0.14986677,0.02700944,-0.10953328,-0.4644038,-0.0011261363,0.115227915,-0.2893557,0.16529392,-0.11979864,0.134131,-0.21215664,-0.15999964,-0.58749855,0.1605741,-0.11385739,0.08495816,0.90760964,-0.04204688,-1.8437748,-0.11645486,-0.2888016,1.4856933,0.26049984,0.06715587,0.48090163,-0.09872495,-0.20767243,0.7018788,-0.036057886,0.15367244,0.044596586,0.13464475,0.11857626,0.06202115,-0.2679863,-0.16076958,-0.11625216,0.20137632,0.10455112,0.09182385,-0.018033944,-0.73072505,-0.027531063,0.40898073,0.19947028,-0.20409338,-0.02770605,-1.2309827,-0.20823805,-0.012633381,0.012536065,-0.11056187,-0.44041935,0.1084536,-0.15751646,0.071132466,0.026928017,-0.42170817,0.24210753,0.07331878,-0.19275922,0.42646456,-0.04743183
349,neutral,-0.032314554,0.01803499,0.1471259,-0.16974634,0.009510636,-0.083045624,-0.33939162,-0.06177384,-0.06157955,-0.0103785265,0.022111239,-0.029183626,0.039900582,0.03149795,-0.14932384,-0.07312812,0.22997503,0.2932019,-0.43522716,0.27858928,0.37526402,0.026262278,-0.27607948,0.0076413495,0.26019722,0.15898097,0.0521988,-0.1271453,0.17823668,0.09806243,-0.21327198,0.34393805,-0.03894296,0.05209597,-0.026803691,0.42248443,-0.0764637,-0.10525946,-0.17779441,-0.13462077,-0.14500749,0.13715641,0.116586566,-0.16193944,-0.027958116,-0.05161498,0.023915898,-0.10573989,0.2410626,-0.25211927,-0.27504197,0.08711166,0.198242,0.5069744,0.040533427,-1.6785647,-0.011618719,0.019119514,0.82989436,0.15863211,-0.1787125,0.40963748,-0.41836184,-0.16505456,0.43021852,0.07346027,0.07360121,0.4484311,-0.079872005,-0.1356846,0.10138727,-0.038940255,-0.17689133,-0.23823534,-0.20313889,0.10165938,-0.21158549,0.13940695,-0.53541034,0.1608285,0.39385286,-0.2929879,-0.025324024,0.005711811,-0.77971655,-0.09163571,-0.35020688,-0.21372567,0.25854468,-0.37056893,0.13440306,0.14295958,0.0063089123,-0.3069969,-0.31225625,-0.18922697,-0.106835626,-0.33573312,0.3769343,0.108751714
350,neutral,0.061544545,0.038284607,0.2745398,0.013497204,-0.04310604,-0.022540538,-0.29187557,-0.042741507,-0.15454194,0.3071954,-0.04192938,-0.10414549,0.42518967,0.035584036,-0.09748594,-0.009422291,-0.44910303,-0.023813527,-0.31734163,-0.40703923,0.2367118,-0.053044133,0.076754324,-0.083350524,-0.015951639,-0.1786757,-0.10103065,-0.2895263,0.21158883,-0.22679096,0.1318681,0.07365777,-0.11713702,-0.07825033,-0.10366242,0.09671494,0.112123825,-0.26383322,-0.26381597,-0.2610848,-0.73514587,-0.19942622,0.3260943,-0.2745271,-0.03848424,-0.3805966,0.28141785,0.005700468,0.07134939,-0.46818456,0.14310336,-0.060033582,-0.114917874,1.1813276,0.24989243,-1.685932,0.12801637,-0.12445025,1.142405,0.15020254,-0.08298991,-0.029516801,-0.22763638,0.07462185,0.5931321,0.14924681,0.17260003,-0.19745585,-0.20340349,-0.093333215,0.31795245,-0.12532258,-0.30396584,-0.32320464,0.022867303,-0.16806,-0.165928,-0.024184365,-0.7002222,0.14639376,0.7213677,0.07305513,-0.20829873,0.07084945,-0.8879265,0.1911327,0.20233406,0.13025749,0.06870792,-0.5720596,-0.023918083,0.17497112,-0.4237025,0.2150912,-0.28282312,0.004561889,0.163948,-0.1520051,0.37773812,0.17922825
351,neutral,-0.026148783,0.11626879,0.12968345,-0.15222175,0.16248262,0.30154696,-0.21212304,0.033554766,-0.010785823,0.1899447,0.020117834,-0.027768329,0.052884866,0.07243203,0.32683817,-0.2945711,-0.2605886,-0.21309139,0.22214939,0.0979281,-0.09701873,-0.038240664,0.0466998,-0.13123399,0.45770213,-0.14446588,0.1439201,-0.0022054794,0.11422999,0.15084234,-0.014160333,0.39646813,-0.12979312,0.062139384,0.21756789,0.07927113,0.00591096,0.077541195,0.17337847,-0.13962665,-0.06556035,-0.095352314,-0.35713676,0.07534597,-0.15682131,0.02466521,0.2720106,-0.25780007,-0.044895444,-0.4669704,-0.21676394,0.293121,0.5314921,0.7146947,-0.13655625,-1.1850904,-0.057257634,-0.13458067,0.8382665,0.041569337,0.2065846,0.4896106,-0.13677555,-0.40369618,0.43255806,0.0935119,0.2156034,-0.2365757,-0.0037653572,-0.115110464,-0.19102603,-0.13086778,0.30609393,-0.2278477,0.235904,0.09173752,-0.06145643,0.009529912,-0.26087144,-0.18951446,0.16900231,-0.48412907,-0.44436365,-0.121296406,-0.90465117,0.13608627,0.31218752,-0.07340684,0.033979565,0.049583856,-0.08106114,0.18303637,-0.07018979,0.0836731,-0.18828155,-0.029181657,-0.22904252,-0.3552955,0.22580495,0.054185465
352,neutral,-0.058454726,0.19007862,0.32434395,0.057350487,-0.21061857,-0.10845964,-0.08459247,0.010155818,-0.021040363,0.25320172,0.18846613,0.31488147,0.09483847,-0.0716065,-0.12703557,-0.3301552,0.13020915,-0.048295036,-0.41817153,-0.08484516,0.33990252,-0.02914071,0.11801495,-0.1050269,0.11851342,-0.009290272,-0.4545361,-0.1686354,0.08263307,-0.025678622,-0.07936842,0.09515209,-0.018321952,0.0068302304,0.032412462,0.052845415,0.041737992,-0.021227313,0.060474377,0.06043114,-0.56527585,-0.33175364,0.031028628,-0.25468028,0.3257372,-0.10401635,0.0045655626,-0.19418323,-0.17560484,-0.4383344,0.26620448,0.1188451,0.23710091,0.888219,-0.13587356,-1.5239124,0.03422285,-0.39361772,1.4859107,0.4293483,-0.24026836,0.2999218,-0.060523983,0.049807478,0.5439063,0.28532934,-0.07484755,0.23352605,-0.070294484,0.040943358,0.16688761,-0.1247543,0.10260829,-0.16228138,-0.06108616,0.09773658,-0.0241708,0.08836764,-0.70426947,0.1369994,0.5527105,-0.1865182,-0.10299218,0.21275648,-0.68538976,-0.16974804,0.074016154,0.07565641,0.22450466,-0.24735685,-0.09154505,0.061448365,-0.1834622,-0.01912891,-0.13274007,0.15677519,-0.11481596,-0.042180166,0.39604476,0.13711064
353,neutral,-0.12018909,0.16531496,0.31129417,-0.20998651,0.035505164,-0.4321856,-0.03589634,0.20384823,-0.0144917,0.057597876,0.07014222,-0.19053876,0.17240103,0.03238616,-0.050866645,-0.16641948,-0.031945955,-0.11014074,-0.23392433,-0.02006004,0.3426091,-0.15592322,0.16766642,0.05157003,0.07553734,0.1773777,-0.073073,-0.12678887,0.17433383,0.059010714,-0.1277467,0.13754375,-0.18998706,-0.027670102,-0.051294893,0.13685466,0.13765602,0.05070031,0.09203355,-0.12219359,-0.12584639,-0.27790585,0.03346469,-0.20746616,0.10392052,0.11924212,-0.057310972,-0.13562304,-0.04014928,-0.6989295,-0.033908438,0.108517036,0.008743467,0.6908504,-0.18233474,-1.4722247,-0.19718073,-0.10459637,1.2814276,0.19742088,0.06341687,0.18595052,-0.21059763,-0.028658483,0.46346816,0.05842195,0.20731407,0.039778586,0.15996894,-0.055005085,0.09439789,-0.19240339,-0.08877211,-0.20458716,0.11926921,-0.06624806,0.06719062,-0.03947585,-0.5342251,0.11569992,0.6403744,0.026508497,-0.39644024,0.12361329,-0.65737927,-0.15167294,0.11470607,-0.021296259,0.04695264,-0.24365285,0.027903967,0.006527328,-0.2593706,-0.11657879,-0.4262964,0.21048471,0.046062753,-0.13115877,0.42162687,-0.047715507
354,neutral,0.13711324,0.1495637,0.41609427,-0.19553082,-0.40152764,0.113057144,-0.008267051,-0.042868856,0.21195309,-0.0017994021,0.04098048,0.0701985,0.4307711,-0.049501,-0.020544333,0.08498711,0.13403387,0.100922816,-0.19596441,0.40129176,0.19653618,0.24434358,-0.19862384,-0.50311685,0.12286617,0.41244394,-0.13836671,-0.33756274,0.06304423,-0.007343549,0.05099049,0.44701904,0.0949493,-0.01575666,0.056653503,0.27752346,-0.21419537,0.17780921,0.3354759,-0.40556005,-0.03556839,0.10949125,-0.0064128195,-0.47826147,-0.041570038,-0.09020217,-0.07664144,-0.124616645,-0.2743241,-0.5852661,-0.03200103,-0.124810405,0.044008877,0.6981141,-0.2227745,-1.361098,-0.039960966,0.20962925,0.7153322,0.2916527,0.010487393,0.5324952,-0.2030184,-0.15201607,0.6649927,0.014606142,0.25174662,0.095521174,-0.17726472,-0.115957245,0.04855837,-0.1218884,0.028448062,-0.04045782,0.21392836,0.18946283,0.010989133,-0.14144675,-0.25021955,0.07419853,0.3847442,-0.19177504,-0.19268852,0.04854392,-0.9135587,-0.06498235,-0.10387518,-0.016826073,-0.22757336,-0.25644755,0.1776399,0.037639305,-0.027658533,-0.107783936,-0.33301255,-0.23989643,0.01304288,-0.3342365,0.24150656,0.14204141
355,neutral,-0.094869815,0.31096584,0.25904557,-0.031827107,0.03107494,0.059622087,-0.09747063,0.16660342,0.20993029,-0.0047190646,-0.17970537,-0.04489274,0.3915801,-0.039241,0.03628284,-0.19548358,-0.0042703836,-0.16040266,-0.39941907,-0.03873082,0.3645171,0.021737615,0.30617905,0.10779849,0.04508585,-0.13050292,0.015686674,-0.07311953,-0.035126958,-0.027134484,0.00985226,0.13938174,-0.09057355,0.17605372,-0.028304137,-0.13099276,0.24181223,0.25855854,-0.15375023,0.04931178,-0.5736733,-0.1343927,0.15442745,-0.1961752,0.32973114,0.10098937,0.21791305,-0.113615185,-0.113852516,-0.3938706,-0.022377638,-0.0061948798,0.00622983,0.66666794,-0.03818034,-1.7282672,-0.020529088,-0.3800994,1.434961,0.4035491,-0.062843084,0.52216744,-0.037839912,-0.12760477,0.6185699,0.13058165,-0.014816577,0.08464527,0.3666073,-0.0419828,0.13092446,-0.2737225,-0.27776423,-0.1792997,0.46062088,0.027353942,-0.17339247,0.31140715,-0.6521825,0.06787494,0.577802,0.044577636,-0.38870147,0.19458057,-0.84683466,0.11365169,0.007535059,-0.04379141,-0.14461662,-0.21656401,0.1307289,0.060677994,-0.19560908,-0.12596492,-0.5024898,0.23362695,-0.0017353991,0.034031585,0.478549,-0.040350046
356,negative,0.15443017,0.23313087,0.18766071,-0.15095007,0.025778448,0.06757035,-0.31616905,-0.15759854,0.15639761,0.12204828,0.046885453,-0.029030148,0.14850655,-0.028904987,-0.28236052,-0.026767928,0.30052042,-0.29426578,-0.43671042,0.18535346,0.33572417,0.07296723,-0.21554434,-0.16424017,-0.104606554,-0.03759156,-0.10302071,-0.040677443,0.3121388,-0.13177362,0.25426877,0.14078149,-0.18512477,-0.2427089,0.0776267,0.1861635,0.10531618,-0.20437096,-0.12007042,-0.15516163,-0.47354123,-0.14745393,0.060897503,-0.081016704,0.077619046,-0.5123844,0.0424742,-0.21454127,0.015065428,-0.44457012,-0.04292451,0.2354991,0.17839213,0.8692883,-0.20171623,-1.4129146,0.076556794,-0.20502464,1.3541665,0.15341458,-0.3228446,0.29461917,-0.20224883,-0.2207733,0.48222533,0.035363898,0.40160012,0.23392726,0.12843642,-0.08223115,0.19727436,-0.39123544,-0.23183179,-0.13025956,-0.10278724,-0.062178556,-0.17860594,0.27383086,-0.7475294,0.046652842,0.9451403,-0.085184336,-0.13540734,0.054020792,-1.0159485,-0.2419075,-0.013543812,0.024718212,-0.28514782,-0.5964903,0.0058003184,-0.104956694,-0.018920435,-0.06671072,-0.37259826,-0.17890789,-0.188856,-0.111610085,0.30926663,0.26161042
357,negative,-0.04341148,0.25460917,0.21259396,-0.16716458,-0.07302486,-0.23275213,-0.32814077,0.0023097687,-0.10619858,0.13032891,0.0066998145,-0.1082651,0.3124447,0.053528745,-0.16987634,-0.14103517,0.069446586,-0.1009984,-0.23322575,0.05691761,0.1999177,-0.006054186,0.0582039,-0.1908332,-0.1096637,0.14319748,-0.10696509,-0.11254486,0.1313588,-0.23995975,0.02650485,0.38377857,-0.22762083,-0.09752653,-0.093592025,0.23710963,0.05372866,0.18104616,-0.033580128,-0.097722754,-0.23506998,-0.12263695,-0.012422578,-0.26755342,0.013742512,-0.039270468,0.15676762,0.055616006,-0.072449036,-0.57784075,-0.09416252,0.042053156,0.06209009,0.7365248,-0.15368189,-1.7026143,-0.037074383,-0.2197364,1.1647371,0.2921069,0.14777836,0.23991764,-0.20800254,-0.112323284,0.49850076,0.15660661,0.26622275,0.22944032,0.12021742,-0.034452453,0.046830308,-0.060103618,-0.14979927,-0.35626727,-0.012991347,-0.10569234,-0.042773724,0.063375086,-0.67344004,0.12348579,0.5646813,0.043271974,-0.3482308,0.0789896,-0.74458086,-0.082636364,-0.045798186,0.015548938,-0.0010522759,-0.4190134,-0.045316808,-0.19838156,-0.22074084,-0.21171968,-0.482542,0.07299551,-0.07830168,-0.28112167,0.3489917,0.076868
358,neutral,-0.23700435,0.21340166,0.2950758,0.192506,-0.063484475,-0.15455507,-0.23057447,-0.12185797,0.051330384,0.21380618,-0.09098952,-0.041598402,0.12465061,-0.13739105,-0.06264836,-0.089103796,-0.008783294,-0.14248854,-0.20678195,-0.10095051,0.28265154,-0.2137011,0.12613332,-0.10343206,0.017105475,0.06871901,-0.0629013,-0.20467371,0.1401107,-0.23502208,-0.0108674485,0.12971307,-0.1371752,-0.16269805,0.093360156,0.06498008,0.008877996,0.110143356,-0.19759959,-0.011486426,-0.328126,-0.07207999,0.09903312,-0.2020794,-0.012012278,-0.1934746,0.37203607,-0.10369946,-0.14058542,-0.46630204,0.051102694,-0.016716328,-0.051386077,0.97879225,0.27190098,-1.7105012,0.21993974,-0.32351038,1.0019829,0.23223841,-0.114669465,0.3318939,-0.048022386,-0.17298582,0.6138514,0.088307515,0.03228859,-0.029066904,0.027737053,-0.03925208,0.20007253,-0.14099483,-0.26786032,-0.16816366,0.06257902,-0.12991574,-0.14093333,0.15978043,-0.6699024,0.09466167,0.4017817,-0.015030542,-0.13135675,0.11493563,-0.9325705,0.051395133,0.03938562,-0.015939644,-0.22378437,-0.3756042,-0.11741426,0.0663255,-0.06264586,0.041294225,-0.2607021,-0.0045325663,0.22047597,-0.1531893,0.38918853,0.27832097
359,neutral,-0.18193509,0.045057043,0.14855182,-0.19128743,-0.14740443,-0.07067979,-0.11086963,-0.049945462,0.118833706,0.021996913,0.036932614,0.044338137,0.14172086,0.0012707806,0.07591365,-0.011122997,-0.13917743,-0.074072115,-0.35101116,0.17810498,0.21157607,-0.11013507,-0.021352215,-0.2858012,-0.088727385,0.10164946,-0.094909884,-0.09802349,0.09935491,-0.080372244,-0.065443605,0.18244398,0.02367955,0.04597633,-0.11615102,0.22785465,0.0125731975,0.062814415,0.020301154,-0.1163728,-0.39074564,0.066842236,0.17867652,-0.1034788,-0.08927147,-0.277752,0.14130361,-0.05169418,-0.110178486,-0.5649479,0.022011876,0.068235755,0.22859348,0.6193329,-0.24280491,-1.4351847,0.12744525,-0.039812606,0.76691896,0.25737777,-0.15210564,0.40870455,-0.17928727,-0.30414465,0.4093052,-0.02542284,0.25825924,0.32887065,-0.21267444,-0.10466033,0.13764893,-0.2615217,-0.15738954,-0.53703237,0.05560656,0.1733087,0.019849235,-0.07083265,-0.59084535,-0.031184718,0.38207805,-0.2557696,-0.23423748,-0.14191113,-0.9174841,-0.17767057,0.06670623,0.047496703,-0.0323599,-0.27222574,-0.06610262,0.039350312,-0.105388425,0.008506347,-0.29018232,0.022916568,-0.17198434,-0.2931156,0.105817005,0.17331515
360,negative,-0.06327228,0.06302695,0.2895936,-0.1157248,-0.0863919,0.08916844,-0.17135054,0.009502066,-0.026990514,0.2667264,0.018608756,-0.08447263,0.044363063,0.030430418,-0.08756033,-0.09661831,0.19520527,-0.034684896,-0.33266875,0.03908479,0.17122385,-0.15044619,0.14521118,-0.108742185,0.09659295,0.024755009,-0.18193683,-0.1329063,0.12738179,-0.12979211,0.038218874,0.26191354,-0.11525971,0.019637764,-0.022211049,0.07858017,-0.049475655,0.11222798,0.20024514,0.10265958,-0.20274012,-0.17783317,0.16185889,-0.2115006,0.020970164,-0.09560001,0.04014527,0.013126667,-0.09213867,-0.55067295,0.03824125,0.027667908,-0.010114277,0.92419505,-0.0356716,-1.5431682,0.02409024,-0.009493867,1.2252982,0.15112053,-0.12141433,0.31949294,-0.22439773,0.02003831,0.44280863,-0.007674018,0.10650294,0.1099799,-0.037234098,-0.031510115,0.07423405,-0.30357486,-0.05589628,-0.30739692,0.15725167,0.103254244,-0.058079455,0.21264814,-0.54431134,0.11605934,0.5408036,0.028187687,-0.108556226,0.034115773,-0.87580234,-0.112124786,-0.06250964,0.13184758,-0.044934813,-0.27608806,0.15152518,-0.17094739,-0.21364175,-0.0066484986,-0.36738402,0.04172322,-0.109842494,-0.07245802,0.2760457,0.089058794
361,neutral,-0.23246457,0.06311463,0.7264267,-0.15521288,0.2244241,-0.77498364,-0.044590864,-0.31490055,0.004477322,-0.28709805,0.16795342,0.14211804,0.12812297,-0.092869416,0.0762039,0.38447565,-0.07517059,-0.19414467,-0.4499797,0.2458509,0.34718835,-0.7994033,-0.40481558,-0.0574184,-0.31707203,-0.14073044,0.40027574,0.2518651,-0.47799817,0.35907564,-0.23158121,0.23925425,-0.8749669,-0.13863723,-0.41334346,0.07315544,-0.067268744,0.76750535,0.05524025,-0.15199402,-0.6166884,-0.049644943,-0.5458809,-0.13168429,-0.8464583,0.19848095,0.42297807,-0.5711409,-0.11628718,-0.72936165,0.5479985,-0.42483658,0.07292292,0.23382887,0.2524375,-1.6852523,0.05299669,-0.2774046,0.850135,-0.0889235,0.12329322,0.3843818,-0.40085834,-0.31186837,0.33595175,-0.6025901,-0.11256216,-0.16988853,0.63409954,0.32474077,0.07613069,0.55606,-0.3851889,-0.75977546,-0.03773296,0.26984927,0.33618334,-0.5437165,-1.0765362,-0.6039764,0.55361205,0.7525513,-0.21989368,-0.16639,-0.6685522,-0.5509252,0.32576573,-0.109639004,0.003708704,-0.19430031,0.44570613,-0.19629678,0.26648054,-0.56372046,0.14246304,0.3991534,0.08336521,-0.9723353,0.2824782,0.9028507
362,neutral,-0.09979818,0.38603908,0.2728378,-0.20928052,0.10617219,0.0062242467,-0.06390054,0.2083735,-0.16356902,0.052718736,-0.091969624,-0.026407916,0.36874765,0.11316145,-0.06144377,-0.03636648,0.1366254,-0.16976811,0.021542277,-0.14437215,-0.050217688,0.018571943,0.027411746,0.26433393,0.32351553,0.010998109,-0.04629818,0.13378966,0.3457237,-0.06454417,-0.033508115,0.12872608,-0.07017926,-0.04852091,0.11319483,0.015306494,0.043148223,0.20711438,0.030273201,-0.09031386,-0.23183516,-0.1794127,-0.2576982,-0.023711221,0.05183058,-0.22809494,0.026699984,0.03014234,0.19935343,-0.27090275,0.0804079,0.024548834,0.05704969,0.6809043,-0.26672855,-1.7529984,-0.056208253,0.10756907,1.1112576,0.40941492,-0.13697027,0.42481786,-0.2639866,-0.14088492,0.59934676,0.26311585,0.15193714,-0.24968804,0.40583307,-0.1626052,-0.09224731,-0.040836856,-0.047450304,-0.16289586,0.109576814,-0.15655816,0.08704102,0.047715906,-0.18990481,-0.12326887,0.34350008,0.077214606,-0.34649965,0.063808605,-0.5901984,-0.07164065,-0.1376317,-0.2140717,0.1859363,0.08222892,-0.020032365,0.04332751,-0.12381349,-0.05868723,-0.31506824,-0.15014552,-0.020859784,-0.06819757,0.40689093,0.21678054
363,negative,-0.1320135,0.003704733,0.35862482,-0.22212335,-0.23502024,0.16549842,-0.1994863,-0.1149915,-0.04404269,-0.0030562317,0.12710327,0.10993487,0.117120564,0.07900041,-0.12614612,-0.056385417,0.15436327,0.2989015,-0.33761805,0.4286889,0.31866527,-0.15136674,-0.05214631,-0.03298876,0.20946158,0.39035666,-0.19024864,-0.26257694,0.24445108,-0.09291252,0.05609021,0.32455236,-0.12187079,0.0074026617,-0.04511412,0.19419087,-0.17426012,0.17755213,0.10549763,-0.17047244,-0.062800765,0.029838044,-0.028212393,-0.19214505,-0.19497387,-0.073806174,0.010067034,-0.0896353,-0.110452786,-0.4341986,-0.059565324,-0.23945975,0.031248257,0.69510067,-0.12858081,-1.3026906,0.1718513,-0.058766242,0.73046434,0.23585692,0.11708304,0.36869007,-0.16630888,-0.029006107,0.42051452,-0.009727846,0.39093634,0.20559467,-0.103992976,-0.16608119,-0.104664125,-0.10140642,-0.2847559,-0.3611649,0.09593284,0.18754409,-0.09071302,-0.035617493,-0.44161353,0.1649526,0.39970556,0.13736625,-0.20201184,-0.09644125,-0.74101144,-0.05397377,-0.08718388,-0.045416586,-0.08290579,-0.23454393,-0.025799952,-0.2881102,0.03895866,0.029546317,-0.3058108,-0.25409976,0.0897317,-0.25596768,0.2167156,0.1041887
364,negative,0.30811566,0.46084017,-0.014658109,-0.1599707,-0.12718296,0.5398219,-0.6246353,-0.53351265,0.09729987,0.5802202,-0.11983775,-0.14500931,0.50606734,-0.26966336,-0.13964647,0.09510825,0.04103109,-0.11795526,-0.58692724,0.17828105,0.38406008,-0.10857778,0.43623504,-0.078788035,0.16898128,-0.040666368,-0.13561934,-0.14488214,0.4213311,0.045123845,0.13613729,0.10743934,-0.18911724,-0.07340898,-0.17093995,0.17097794,0.18019293,0.15208916,-0.4363067,-0.061774272,-0.73701364,0.26881582,0.33849233,-0.13800512,0.26065215,-0.5726951,0.7290245,0.33303556,-0.05449968,-0.46201587,0.06281429,0.13140938,-0.14727224,0.6767836,0.096985325,-1.1219147,0.42297685,0.034633335,1.1881274,0.16741815,0.050024327,0.15173708,-0.08161499,-0.39328802,0.62989527,0.2388152,0.07453807,0.0067548533,0.38399208,-0.25134677,0.2771248,-0.52986765,-0.242196,-0.25095475,-0.24466927,-0.2659874,-0.02235873,-0.10597457,-0.45176014,0.36116758,0.56981194,-0.06383925,-0.14305712,0.32716623,-0.7549114,0.18529719,-0.4063622,0.3061164,0.16548981,-0.22482826,-0.10009594,-0.05832716,0.1444792,0.107290596,-0.42025423,-0.4941766,-0.1972943,-0.59278077,0.12910452,0.36548042
365,neutral,-0.079675734,0.5181934,0.5166393,-0.14210197,-0.15178618,-0.31738806,-0.08060089,0.13246997,0.064366885,0.19606335,0.15708864,-0.071717985,0.112815425,0.07022666,-0.099412695,-0.2985196,0.11425725,0.15878862,-0.58616066,0.07114714,0.21199848,-0.055215884,0.0794931,0.16301501,-0.02932993,0.062811434,-0.17859273,-0.1646678,0.27452734,0.07032816,-0.19992247,0.4402995,-0.04930827,-0.047940925,0.30210376,0.2553318,0.021709546,0.020409295,-0.004573416,-0.11377134,-0.31398037,-0.14295375,0.22314304,-0.39298946,0.11037906,-0.31049263,0.15253101,-0.33278862,-0.06237153,-0.7291662,0.26817444,0.28516304,0.002406324,0.94387794,-0.10573992,-1.9275832,0.15913737,-0.2286786,1.5059012,0.3265971,-0.07949666,0.5022207,-0.19266184,-0.015424416,0.6150175,0.2934063,0.19534957,0.3326657,-0.040904477,-0.10601502,0.39408067,-0.44534096,-0.0988862,-0.16822736,0.093363695,0.010089621,-0.012857716,0.15303835,-0.8782047,0.10660316,0.7800825,-0.14930698,-0.42392397,0.050858542,-1.2559947,-0.08751881,0.025596375,0.15660644,-0.20359273,-0.20278642,0.011639595,-0.009964332,-0.097302906,-0.12443817,-0.67576087,0.124340646,-0.009860143,-0.04695533,0.41855785,0.18037522
366,neutral,-0.09830153,0.23967919,0.26738057,-0.037946615,0.06845185,-0.07649727,0.0026962855,0.26964414,-0.33267722,-0.07793919,0.16157673,-0.06365949,-0.04971478,0.078359276,0.21101175,-0.31054494,-0.21415612,0.0010924869,-0.18912876,-0.010721613,0.4543974,0.11112221,0.26308763,0.19684193,0.3167471,-0.20725478,-0.04403871,-0.13522771,0.21363458,0.043806393,-0.14246547,0.32782978,-0.0959313,-0.10809532,0.17444023,0.12488322,0.10098551,0.026800709,-0.1584492,-0.15239333,-0.14662601,-0.3787029,0.10432339,-0.052373696,-0.032823503,-0.18455759,0.15173236,-0.32072282,0.14912778,-0.603673,0.057261065,-0.11547539,0.028041141,0.74297374,-0.21083596,-1.8748347,-0.20551804,0.07650764,1.3751298,0.30527973,0.036991976,0.35204327,-0.2713761,0.20267844,0.3333781,0.087191395,-0.07254719,-0.07458707,0.17605948,-0.13155009,-0.070143305,-0.1733608,-0.017004283,-0.058823943,0.20502633,-0.085321665,-0.081933655,-0.13458239,-0.39333174,0.04290885,0.47329554,0.020171275,-0.36918375,-0.061080612,-0.7659563,-0.19094904,0.076295435,-0.04894167,-0.07723639,-0.180788,-0.0012195203,0.04527275,-0.11212552,0.004061251,-0.51680875,-0.00065814663,-0.017991135,-0.0657762,0.5012694,-0.14245483
367,negative,0.018249342,0.14245829,0.4606578,-0.14023677,-0.34011313,0.25832504,-0.18786801,0.09873202,-0.0025455428,-0.10855899,-0.02564674,0.051033158,0.07510049,0.008233179,0.10778246,0.0017813173,-0.11767934,0.15648492,-0.2763279,0.13445568,0.32430956,0.08167806,0.10728802,-0.35604766,0.06897632,0.099850185,-0.21549241,-0.37764254,0.15239966,-0.1939386,0.111294664,0.32993668,0.124639265,0.029594613,0.030129125,0.13513228,-0.15470347,0.019348396,0.24135357,-0.10657231,-0.4376638,-0.10263062,0.010632803,-0.39248607,-0.16754788,-0.22048143,0.12655626,-0.23394415,-0.02810635,-0.6653809,0.002492464,-0.1575488,0.083047986,0.69827485,-0.19868998,-1.5865916,0.19993787,-0.036921535,1.0339105,0.3045629,-0.037184563,0.52978873,-0.19564092,-0.049160216,0.5208984,0.09687851,0.3891871,0.0928238,0.004957067,-0.229986,0.1347931,-0.29376078,-0.062583454,-0.18097408,-0.010470249,0.14112078,-0.1363524,-0.09470606,-0.46119958,-0.10734383,0.3560014,-0.07937467,-0.33798707,-0.14696588,-0.95878816,-0.20114857,-0.040423777,-0.031213801,-0.091150016,-0.30764636,-0.15921468,-0.0148888575,-0.08969449,0.0069434876,-0.33330858,-0.07359958,0.013898462,-0.16928285,0.2616502,0.09141964
368,negative,-0.13555185,0.28290293,0.29413533,0.095924854,0.033443708,-0.14473988,-0.16396731,-0.023659265,0.10737803,0.07864437,0.01779087,-0.012379859,0.12885463,0.07218011,-0.031291842,-0.17401841,0.15607145,-0.11783278,-0.37435392,0.066109166,0.16750449,0.060337074,0.15926595,0.010729701,-0.043670397,0.028495558,-0.14729507,-0.19392018,0.34160858,-0.13498309,-0.021715896,0.27015376,-0.12805259,0.011706189,0.010674497,0.23941067,0.16327707,-0.10895134,-0.14739002,-0.019119276,-0.42708182,-0.14398357,0.11560099,-0.16047946,0.22596823,-0.05002118,0.20013818,-0.006019061,-0.18309137,-0.41916376,0.05856734,0.203148,0.08227719,0.6833307,-0.096173,-1.6064035,0.023881275,-0.36158517,1.0908313,0.27971128,-0.122274056,0.21529031,-0.10952603,-0.13380724,0.45774588,0.011799337,0.031822816,0.2572368,0.12708957,0.005676937,0.099433,-0.20152359,-0.21909022,-0.31848076,0.14175089,-0.051941093,-0.043910496,0.09161408,-0.5871969,0.0729548,0.5750732,0.0010805667,-0.31036037,0.13776283,-0.82531166,-0.14997485,-0.056162294,0.25368056,0.13000655,-0.34356534,-0.14883743,-0.040114515,-0.12556036,0.021965954,-0.39289767,0.047126148,-0.073925644,-0.25406432,0.33845282,0.122770734
369,negative,-0.12007789,0.14713386,0.328591,-0.052414645,-0.034154743,-0.20907028,-0.18756512,-0.05367048,0.125646,0.06638103,-0.05303605,-0.079271406,0.25210792,-0.038007814,-0.09504287,-0.07714482,0.048838522,-0.04169255,-0.2883409,-0.009483397,0.18360405,-0.2179399,-0.03010836,-0.20307799,0.16007373,0.00029632458,-0.080684386,-0.14047807,0.14622186,-0.15006338,0.025858087,0.38799375,0.0033881334,-0.030997561,0.031241328,0.12505361,0.16830476,-0.025805524,-0.07422404,-0.15252477,-0.4546345,0.016940448,0.115782894,-0.12793368,-0.11172164,-0.077283904,0.3017634,-0.007928689,-0.17854087,-0.58695674,-0.15900108,0.08039926,0.05195447,0.72836244,-0.010040564,-1.6134362,0.061853923,-0.25742903,1.12643,0.24890529,-0.057477564,0.40933514,-0.31349775,-0.24098252,0.527558,0.07430736,0.10640061,0.1363797,-0.052713733,-0.2191708,0.20624691,-0.20412728,-0.24142648,-0.3477932,0.11149858,-0.08180882,-0.095397286,-0.02889123,-0.6365166,0.051283527,0.4200482,-0.039102137,-0.27848986,0.04206015,-0.8737986,0.04451432,0.081990294,0.041620106,-0.13916399,-0.29146084,-0.093370505,0.05146617,-0.21678258,-0.117622994,-0.27743474,0.11845698,-0.036923513,-0.2210999,0.37402996,0.19395852
370,negative,-0.0789156,0.21792321,0.31967542,-0.32697293,-0.5154769,0.50488,-0.27495444,0.20938866,0.14972195,-0.028054459,0.1010103,0.05135967,0.058600377,-0.011930594,0.123781905,-0.22362006,-0.20602015,0.3473163,-0.31701237,0.25564337,0.13307984,0.036856614,0.05690218,-0.12147395,0.053530883,0.19647701,-0.09090857,-0.33466917,0.3366626,-0.20711803,0.05759307,0.18750425,0.02472711,0.1247345,-0.18428758,0.17627741,-0.016433423,0.07371623,0.22615954,-0.25907144,-0.16355847,-0.049738903,-0.23447546,-0.38550884,-0.19338456,-0.07610121,0.1373752,0.0918285,-0.058688298,-0.84473693,-0.15737236,0.0019182074,-0.06192225,0.72750616,0.106066026,-1.4884665,0.20308462,-0.024029577,0.9979971,0.11338245,0.16865982,0.5721049,-0.3476889,-0.11184256,0.45951185,0.3005411,0.3820956,-0.030824654,0.023249608,-0.23044994,-0.0049658064,-0.17572418,-0.031242596,-0.21698575,0.099422485,0.10427999,-0.2183859,-0.034182366,-0.18652613,-0.0881291,0.31840497,2.0930598e-05,-0.42415333,0.16374591,-1.1473289,-0.114270665,0.0149921095,0.14187817,-0.29792118,-0.18006475,-0.014437248,0.006299994,0.121118814,-0.07739799,-0.23362365,-0.10992131,0.10564896,-0.09931187,0.2808486,0.1064341
371,neutral,-0.37399936,-0.0288789,0.3405518,0.21035968,-0.12113711,-0.1167199,-0.27161717,0.09277454,0.07051709,0.29751027,-0.20596497,0.0018311851,0.26059318,0.13951872,0.11365773,-0.33311823,-0.10918733,-0.1965826,-0.5489684,0.037348673,0.3264667,-0.11274847,0.25835118,-0.08709199,-0.021980545,-0.032427143,-0.18626215,-0.14169444,0.27410504,-0.0023822042,0.04163262,-0.16238071,-0.01804396,0.04545689,-0.1335421,-0.13477495,0.20074186,0.14746147,-0.07284585,-0.032520227,-0.6005202,0.0077412766,0.17472576,-0.2939863,0.21077189,0.057135504,0.33180404,0.04331483,-0.20094569,-0.25714678,-0.1784304,0.010007663,0.10889916,0.79754996,-0.036267854,-1.4854562,-0.16637808,-0.3446071,1.1695058,0.22307655,0.0018943049,0.2218469,-0.101557516,-0.21626808,0.6663555,0.07304245,0.12911646,0.025865763,-0.03954929,0.028499655,0.1928656,-0.364452,-0.32554322,-0.4339256,0.16844827,0.08328167,-0.12530385,0.1624489,-0.5124763,0.15390776,0.51477456,0.18545362,-0.13879393,0.03815165,-0.53615606,-0.07524355,-0.07761698,-0.17079842,0.144948,-0.29552522,-0.047750175,0.08088479,-0.21538222,0.19600388,-0.31298718,0.19122614,0.067382276,-0.105855316,0.50204706,-0.036625
372,neutral,0.0009647787,0.07996195,0.1882846,-0.23620664,-0.055444136,0.010381223,0.10723246,0.3009409,-0.01871108,-0.16324422,0.1573626,-0.09234152,0.051474098,0.1851741,0.10828711,0.00206251,0.26452366,-0.010441403,-0.42471075,0.07556542,0.16441126,-0.060518302,0.15956882,0.11557007,0.24214435,0.00749827,-0.21690576,-0.37540442,0.36272493,-0.19052222,0.1620529,0.43818673,-0.04673967,0.12050025,-0.1406781,0.090600744,-0.15989195,0.06315788,0.09931909,-0.12166158,-0.3672389,-0.3649224,0.21773872,-0.026681595,-0.07597248,-0.21543789,0.07350826,-0.23964992,0.026128588,-0.7607193,0.21693072,-0.17498568,0.17943785,0.89242274,-0.2745652,-2.0671735,-0.22311042,-0.074206434,1.1545259,0.32736334,-0.16769065,0.66635936,-0.1287771,-0.24279562,0.5590572,0.11830592,0.2461712,0.37347358,0.02280029,-0.13754152,0.08188944,-0.14874685,-0.41470537,-0.23727392,-0.09315843,0.29885677,-0.04930123,-0.021014096,-0.7412992,0.034264185,0.2814435,-0.044128876,-0.21054463,-0.057621904,-0.8130353,-0.25285664,-0.010921911,-0.108636744,-0.0041214176,-0.2945607,0.053675696,-0.11709436,0.17521021,-0.021575343,-0.77944005,0.053965937,0.156277,-0.03600508,0.2014326,0.11048822
373,neutral,-0.18389477,0.1568122,0.2474825,-0.21700144,-0.44631043,0.056213625,-0.28657278,-0.08149911,-0.021292666,0.18067211,0.0030266389,0.0006098355,0.27474973,-0.059697345,-0.011667448,-0.06602248,-0.095647916,0.033312976,-0.44498605,0.24965575,0.24947262,-0.03804338,0.026066763,-0.13126718,-0.08222923,0.12608284,0.025845056,-0.22036059,0.2636324,-0.15444402,-0.06147249,0.33776024,-0.12656458,0.02498939,0.025509434,0.118063584,-0.11251879,-0.0941285,0.074737795,-0.021705728,-0.42338818,-0.065272406,0.19318566,-0.13849016,0.109646924,-0.2105149,0.12780625,-0.16365083,-0.2579414,-0.64842546,0.17574586,0.11061555,0.12645833,0.726284,-0.14634737,-1.2780707,0.12822652,-0.22475141,1.1373713,0.14384796,-0.021727493,0.48738563,-0.05841412,-0.21757089,0.48244318,0.014957367,0.04156443,0.34951857,-0.112995416,0.017910657,-0.03739875,-0.27230874,-0.23268305,-0.3798726,0.05105571,0.1736444,-0.032583915,0.01694619,-0.5998485,0.10899877,0.5453705,-0.1726056,-0.24361213,-0.02678644,-0.8879223,-0.27449188,0.06507881,0.1475652,-0.13029207,-0.2738817,-0.03822168,-0.06460691,0.015979094,-0.12180983,-0.3117627,0.21452923,0.17427273,-0.050551627,0.18109335,0.12925181
374,neutral,-0.051530298,-0.11963555,0.18224049,-0.059100784,0.095293775,-0.3696339,0.0027442572,0.28902498,-0.13763359,0.08332467,0.1631202,-0.03954166,0.29270828,0.022029955,0.15646388,-0.3052019,0.17207949,-0.36522275,-0.3571817,-0.17155999,0.57229686,-0.10124822,0.14402075,0.003879067,0.24368645,-0.15500528,-0.319739,0.06431581,-0.006921903,-0.10140245,-0.4042826,0.18853961,-0.02755829,0.15180188,0.08216795,-0.0011655804,0.05627716,0.17618565,0.06603225,0.24431664,-0.3856961,-0.5061196,-0.058996767,0.02698407,0.3276004,0.1933391,-0.081965305,-0.33526805,0.031423777,-0.28568408,0.46524468,0.021398393,0.054269727,0.82002187,-0.18409929,-1.7961814,-0.05364201,-0.25449193,1.9512463,0.6495443,-0.45277902,0.368468,-0.0801176,-0.11284669,-0.056516014,0.1878514,-0.08889122,0.13067761,0.3184297,0.076530375,-0.16074276,-0.19416924,0.35761756,-0.29687828,0.20028816,0.1307243,-0.05561967,0.02024108,-0.76454073,0.03282522,0.539981,0.11216536,-0.1501401,0.20914628,-0.9095602,-0.2836891,0.26918888,-0.10330974,0.088737555,-0.17705773,0.121183276,0.15947527,-0.2894343,-0.1118656,-0.3164243,0.43794337,0.04847971,-0.23407593,0.46722338,-0.031021133
375,neutral,0.17684184,0.3310598,0.36207628,-0.35360658,-0.28656086,0.19897419,-0.21027352,-0.29683468,0.1877826,-0.3253691,0.11103925,0.29123944,0.34229794,0.06068391,-0.07170899,-0.18799438,-0.047969606,0.3718516,-0.3806125,0.24793541,0.31350613,-0.24547519,-0.16848306,-0.0868115,0.112538986,0.23618338,-0.064668834,-0.62843156,0.06920991,0.019802565,0.28434873,0.60931593,0.1292914,0.14372423,0.05824231,0.18977335,-0.08252825,0.20036101,0.2670334,-0.31180987,-0.48595995,0.15233913,0.4486493,-0.4996801,-0.44982687,-0.30631748,0.15502752,-0.19928719,-0.17105098,-0.47930542,0.3428083,0.28517795,0.09108196,0.74946916,-0.21818408,-1.7963305,0.18274122,-0.043740686,1.1113251,0.5081232,-0.08289443,0.61805415,-0.3275871,0.045535453,0.9530785,0.16311105,0.6062063,0.3212285,-0.44116104,-0.122302495,0.12603891,-0.093977824,0.017089488,-0.3641309,0.20958126,-0.15409042,-0.13875677,-0.25724134,-0.45467478,0.026860517,0.3068008,0.2415643,-0.74011415,-0.13450241,-1.0904598,-0.3937897,-0.05942594,0.24995378,-0.055964537,-0.34481978,-0.27128577,-0.36230022,-0.011577415,0.18596613,-0.059582632,-0.043035984,0.0018592599,-0.2657325,0.16634701,-0.019086463
376,neutral,0.17240219,-0.004978996,-0.2613726,-0.38780394,0.48281097,0.30786267,0.02200463,-0.010437148,-0.21924236,0.18612891,0.041999593,-0.17905594,0.1852084,0.31313536,-0.14141624,0.29975447,0.022236302,-0.17982136,0.05120708,-0.14549357,0.39085844,-0.2403118,-0.0014902152,-0.5474184,0.16652319,-0.23651382,0.115560785,0.01023295,0.3749021,0.11590551,-0.018026758,0.30695468,-0.0669673,0.093216024,-0.13858768,-0.13862349,0.30238417,-0.030466573,0.09952759,-0.43785444,-0.04362473,0.024142513,0.09352899,0.28058925,0.037195142,-0.23027879,-0.043960303,-0.20444673,0.17830454,-0.114855535,0.22567233,-0.20681234,0.33041173,0.36206436,-0.26467708,-1.6789836,-0.30765995,-0.041653648,0.4776018,0.24948667,0.3149219,0.42034015,-0.4654258,0.09285478,0.6821132,-0.10921391,0.1801239,0.20027417,0.35671392,-0.024220537,-0.07462463,-0.1537797,-0.4795064,-0.1665073,-0.27304924,-0.29825774,0.38139164,-0.27598417,-0.40051964,-0.021505577,0.12870368,0.118109755,0.45879328,-0.16982862,-0.7227989,0.0015477242,-0.21458067,-0.17365122,0.11764061,0.14691529,-0.18529132,-0.124770395,0.2128351,0.1911192,-0.20689288,-0.21518773,0.10549926,0.034251567,0.3576698,0.06120994
377,neutral,-0.09275727,0.28268248,0.43687275,0.31656864,0.12144085,-0.33404568,-0.22349834,0.00037355212,0.011103428,0.48599473,0.19270197,-0.26576552,0.10732797,0.4006528,-0.28633735,0.12825462,0.08897987,-0.19033863,-0.48615643,0.1806325,0.06034626,-0.26359072,0.26451933,0.043499723,-0.3118962,-0.079942934,-0.32154238,0.05023162,0.35679916,0.14510584,-0.15914942,0.26220053,-0.30587107,-0.06315303,0.03960612,0.080164984,0.14725272,0.15293328,0.09180125,-0.062471192,-0.28693047,-0.060145065,0.21004148,0.05150047,0.23750809,-0.41856208,0.18451193,-0.25239652,-0.17867321,-0.51209825,0.2640854,0.18828128,-0.030022815,0.94331926,-0.1807905,-1.7892954,0.0067277653,-0.37242386,1.3895028,0.4948354,0.058484424,0.23727247,-0.103483334,0.056326948,0.40774313,-0.13173847,-0.02985643,0.51214486,0.21841095,0.30760342,0.28400326,-0.48358506,-0.0025631469,-0.31189865,0.17729706,0.031243877,-0.12061272,0.047174003,-0.7595477,-0.10549432,0.8206428,-0.10390921,-0.18363811,-0.1889303,-1.243292,-0.008914238,0.24691541,0.19344312,-0.054756276,-0.17320745,-0.061393037,0.05097538,0.015400464,-0.20164582,-0.29180378,0.13016312,-0.39487702,-0.5012115,0.28911912,0.062068775
378,neutral,-0.043918833,0.14097078,0.57523394,-0.3817188,-0.027184509,-0.101788536,0.02929633,0.16659984,-0.17119448,0.08335988,0.31812564,0.06832002,0.1024165,0.2118283,0.0034946732,-0.39329466,0.17407726,0.03114682,-0.040232547,0.41132876,0.41050535,0.009562387,0.20591258,-0.09826564,0.4016476,-0.018054966,-0.4218258,-0.2064587,0.37690568,-0.14785732,-0.20313247,0.1948899,-0.024890844,0.25385493,0.27296993,0.05519133,-0.010774791,0.35941035,0.1697918,-0.35529214,-0.2588386,0.0017568292,-0.132148,0.033764098,0.18165928,0.09764315,-0.03457566,-0.07820618,0.29892045,-0.37901062,-0.19905375,0.05747127,0.23645924,0.48994014,-0.21823473,-1.8036819,-0.3197885,-0.082310155,0.9565884,0.7098124,-0.23107558,0.7489295,-0.33511165,0.021647168,0.21517421,0.14276965,0.102452226,0.24346945,-0.056325223,-0.19396596,-0.052991986,-0.032195948,-0.14020456,-0.11150169,-0.15073386,0.101501524,0.099868916,-0.08002549,-0.39921606,-0.09446486,0.27441305,0.043056615,-0.013846082,0.23413661,-0.6909096,-0.47477433,-0.17269185,-0.08088029,-0.34309226,-0.11191766,-0.050004803,-0.012149057,0.005731046,-0.06737401,-0.3466386,0.09080901,-0.024757143,0.024890104,0.34825322,0.1908991
379,negative,-0.04256507,0.22283214,0.12283859,-0.17849371,-0.026100548,0.20825006,-0.08006653,0.17525221,-0.08038596,0.26799062,0.03243172,-0.008997853,0.24554908,0.3126942,-0.027422825,-0.16050923,0.102972604,0.014371002,-0.4178283,0.24200797,0.37160918,-0.28074634,0.100419715,-0.031882085,-0.02521557,0.01446243,-0.2973463,-0.28935182,0.16224833,0.06687817,-0.12431512,0.3770103,-0.044220757,0.011103171,0.10407401,0.06734393,-0.16030806,0.1376584,0.27071244,0.027795076,-0.3169729,0.02953968,-0.0925429,-0.2425321,0.25514844,-0.048479617,-0.102942266,-0.1735176,-0.14185977,-0.44785038,-0.11330854,-0.080998704,-0.10019501,0.8482979,-0.10578054,-1.6907705,-0.18946585,-0.1452858,1.4024953,0.38959277,-0.028412854,0.4597185,0.005131627,-0.1096465,0.49460953,0.028293315,0.19688536,0.18762985,0.007836851,0.05899932,-0.03447106,-0.27683368,-0.21427673,-0.28918907,0.10805844,0.23247927,0.011878517,-0.008495483,-0.5356446,-0.13854492,0.6066024,0.03947108,-0.31712458,-0.14695029,-1.0268272,-0.20204599,0.15960522,-0.07288696,-0.06912768,-0.13835956,0.0115140285,-0.09284634,-0.012148508,-0.16011663,-0.43788683,0.065772854,-0.09009578,-0.19574285,0.17712441,-0.022398537
380,negative,-0.06202312,0.15493399,0.2975605,-0.11125131,0.09523924,0.027476877,-0.064477466,0.03561204,0.1996556,-0.017399127,-0.07720073,-0.095258094,0.23659684,0.21861494,0.08649995,-0.16260678,0.019064412,-0.091822304,-0.35910496,0.0062213833,0.24434239,0.055043396,0.07892198,-0.08411972,0.25528422,-0.056365754,-0.1230725,-0.33671305,0.20103216,-0.07949029,0.10264001,0.3056109,-0.0014789843,0.0045686527,-0.032984205,0.15610227,0.0526493,0.047715306,0.0023052327,-0.0037153868,-0.4769162,-0.11791164,0.25348797,-0.18341896,0.06631556,-0.1935115,0.15774652,-0.022497201,-0.08576505,-0.5517723,0.084533274,-0.055050824,0.14738275,0.9162995,-0.19523427,-1.8981557,0.02355054,-0.2148173,1.2446328,0.3176137,-0.100665495,0.6242007,-0.09735816,-0.1655453,0.45927402,0.10977289,0.3361371,0.28024232,-0.102552064,-0.011696229,0.14896682,-0.3743283,-0.26112816,-0.24994029,0.007556016,-0.038404875,-0.10474184,0.13626744,-0.6123219,0.03519574,0.5902755,0.037562087,-0.2780829,0.11563034,-1.0616469,-0.10840099,0.090152256,0.09506721,-0.05562365,-0.23428151,0.011214179,-0.10406633,-0.13081305,-0.011764644,-0.4510466,0.09068645,-0.09226469,0.04183357,0.45268217,0.09141724
381,neutral,-0.011082878,0.4712484,0.5408308,-0.2408178,-0.42876184,0.14038688,-0.3228828,-0.39594707,-0.017599056,-0.1039559,-0.11334377,-0.15652929,0.27870965,-0.335564,-0.5895282,-0.36486116,0.42738092,0.1386786,-0.42535493,0.34723794,0.2646009,0.29543698,-0.19131643,-0.4830114,0.4565727,0.030627081,-0.05077797,-0.45201147,0.45606187,-0.14456378,-0.34275514,0.49028763,0.41090134,0.03161629,0.1350232,-0.095433705,-0.319499,0.35399336,0.34738103,-0.1677975,-0.4441353,-0.15545575,0.35242164,0.02479555,-0.18841141,-0.25753763,0.57218736,0.10955425,-0.39512774,-0.9556431,0.073342144,-0.18662503,0.4209735,0.6590388,-0.17398767,-1.5783204,0.077601045,-0.10891459,1.2835506,0.13915549,0.13135989,0.5379314,-0.16473526,-0.4168859,0.80113465,-0.38742685,0.35834402,0.7831228,-0.13298155,0.11800667,0.3628278,0.11037293,-0.33309972,-0.1548054,0.22817671,0.332142,0.024438566,-0.16750707,-0.76515156,-0.3039359,0.026615955,-0.1986607,-0.0151269175,0.2483769,-1.2141238,-0.39264396,-0.41513082,0.11089254,-0.2695937,-0.72685903,-0.20947011,-0.105921544,0.1790782,0.028506095,-0.73824257,0.093215,-0.57998455,-0.44052222,0.060483135,0.66800356
382,negative,-0.23984505,0.27348393,0.19701363,0.04937004,0.08058662,0.029177452,-0.25955585,-0.0262838,0.10262866,0.19926724,-0.28424323,-0.07389273,0.22002113,0.04401264,-0.040514167,-0.10827118,-0.019389823,-0.11906044,-0.3933721,0.022682136,0.3380892,-0.090425625,0.25222602,-0.083432294,0.10517652,-0.16682868,-0.026329607,-0.3357686,0.092394665,-0.048064284,-0.02604061,0.32003152,-0.14124784,-0.06737973,-0.024510939,-0.006860412,0.113995045,-0.08392314,-0.071697496,-0.05578866,-0.506752,-0.10098292,-0.080198504,-0.24731998,0.13797782,-0.11455118,0.35554263,-0.14844221,-0.18898903,-0.6100053,0.0762724,-0.050035946,-0.12262837,1.0422131,0.15064177,-2.124027,0.024335863,-0.26662654,1.436751,0.40753174,-0.12629297,0.45656744,-0.10460122,-0.24003135,0.80639344,0.20194566,0.218255,0.017006503,0.33854163,-0.08629238,0.1448219,-0.23569183,-0.3041582,-0.1301242,0.17756021,-0.17288458,-0.10036596,0.07709277,-0.79512703,0.050361484,0.65425444,0.053072114,-0.35878262,0.06461325,-1.14758,0.08652754,-0.11495425,-0.084193036,-0.1442662,-0.32935455,-0.10773257,0.070240855,-0.24576077,-0.10201953,-0.44463935,0.045456246,-0.0045787967,-0.19186747,0.48278543,0.16402774
383,negative,-0.38923794,0.072120525,-0.37240654,-0.2330231,0.30900672,-0.09602254,0.32641926,-0.017186644,-0.034731947,0.095195636,0.23486462,-0.3324221,-0.01514173,0.19085331,0.09880538,-0.2103963,0.4321936,-0.6765999,0.24490309,-0.6693835,0.06606159,0.15254451,-0.18123044,0.20289302,0.4868344,-0.37658244,-0.16037239,-0.3169886,-0.20982979,0.15729322,0.2007289,0.37520823,-0.49801615,-0.095111236,-0.612583,0.20412412,-0.061236277,-0.24217711,-0.28319913,-0.36295173,-0.40654778,-0.33759958,-0.29257742,-0.0098359445,-0.39882973,-0.41424468,-0.15718208,-0.36079934,-0.19019881,-0.82843024,0.38357437,0.21633448,0.566428,0.9538356,-0.3408976,-1.8896079,-1.0982925,0.18914886,1.8761408,0.37167946,-0.31090984,0.6620689,-0.57595843,0.067943186,0.6379568,-0.4008607,0.4315036,0.4332253,0.006601602,-0.33310744,-0.22840635,0.4412598,-0.06273346,-0.26026475,-0.13969295,0.49555135,-0.12887704,0.31589407,-0.9427112,0.36043555,0.42055064,0.07625547,-0.20816623,-0.05106432,-0.87341774,-0.6497954,0.11377065,-0.2136155,-0.059389766,0.044876523,0.419692,-0.02352902,0.13599126,0.5329732,-0.85377544,0.124628775,-0.13211846,-0.28142735,0.47917494,-0.15884717
384,neutral,-0.04747794,0.17238772,0.23607472,-0.17971706,-0.22399652,0.14480908,-0.14179358,0.19576441,0.08379682,-0.19495736,-0.028179789,0.098153464,0.1380075,-0.0027675796,0.1587411,-0.030981518,-0.15019512,0.19298343,-0.14831758,0.22945067,0.22966328,-0.08093509,-0.030104164,-0.12825784,0.013759182,0.15919824,-0.17197321,-0.47789648,0.41348317,-0.11535877,-4.712926e-05,0.29729512,-0.07989613,0.18586417,-0.05545243,0.17748639,-0.10474449,0.16257988,0.009835436,-0.22520077,-0.18210386,-0.16776451,-0.13934702,-0.2621947,-0.15523982,0.010441112,0.13591208,-0.012803236,0.008177741,-0.7390932,-0.043920718,-0.059500206,0.1298103,0.67952275,0.086665064,-1.7689153,-0.09514408,-0.087172166,1.0741482,0.42751867,-0.008108887,0.8536884,-0.22773632,-0.12285052,0.51941717,0.22442225,0.29081947,0.08272992,-0.06225679,-0.3866429,0.06873898,-0.22457248,0.031971164,-0.27312207,-0.027538028,0.0019271359,-0.04455496,-0.14387493,-0.23643704,-0.023550121,0.40508252,-0.06151167,-0.5946959,0.09207696,-1.1932268,-0.14010252,0.26122624,0.086162746,-0.26070878,-0.17933269,0.027348746,0.056608576,-0.027364219,-0.110209346,-0.4308815,-0.10639965,0.059723943,-0.33682832,0.30054784,0.08097168
385,neutral,0.09290099,0.32370818,0.27782324,-0.28705683,-0.37483254,-0.110209875,0.070566885,0.12881526,-0.15374565,-0.2918871,-0.13750789,-0.079052374,0.16255632,0.16356726,-0.18342265,-0.21034165,0.31948596,0.17240152,-0.45296213,-0.04715042,0.20987825,0.08434545,0.098855905,-0.13243693,0.36010072,-0.18778373,-0.3559415,-0.59176576,0.5391498,-0.049290426,-0.2822304,0.68464315,-0.19237863,-0.27189866,0.11160014,0.10767623,0.12969738,0.104338795,-0.10868516,-0.2581545,-0.39036092,-0.12889983,0.29543594,-0.2365916,0.09517011,-0.123671584,0.11517854,-0.1319347,-0.024857892,-0.5810103,0.08038747,-0.023304652,-0.22314389,0.54142356,0.08485722,-1.7700393,-0.13074224,0.013215415,1.0995783,0.7063346,-0.033236668,0.124727905,-0.37945086,0.044273857,0.50636464,0.016157309,0.062539056,0.530725,-0.027479952,-0.24551798,0.112511486,-0.16123779,-0.35417783,-0.55273575,0.17832868,-0.10570937,-0.16213453,-0.1129001,-0.58806664,-0.004708677,0.3579858,-0.14349312,-0.33588648,0.042395793,-0.9449475,-0.08040886,0.004357407,0.38833448,-0.029125035,-0.2217886,-0.25286233,-0.13999578,-0.2090369,0.047066793,-0.3902915,-0.031651534,0.0038268063,0.19985034,0.35516968,0.20758225
386,negative,-0.4523109,-0.059678257,0.43998843,0.2847836,-0.061758276,-0.44166166,-0.2759247,0.30701748,-0.13822688,0.41120857,-0.019011796,-0.10886739,0.23964044,0.3896894,0.03638284,-0.15488862,-0.15205164,-0.24235119,-0.5089167,-0.18102601,0.2549817,-0.25817293,0.07450371,0.038543615,-0.029594475,0.18088354,0.09799846,0.4075386,0.32493055,0.092684306,-0.38442653,0.38737628,-0.06676994,0.12998645,-0.10943913,0.008266594,0.19940828,-0.2043017,-0.18986958,0.13131537,-0.75486076,0.000107778054,0.41034794,-0.10925069,0.5485311,-0.36883426,0.1138079,-0.114653006,-0.1388095,-0.22912899,0.08418414,-0.09752756,0.14524424,0.8670033,-0.29698676,-1.7217066,-0.110108286,0.14999743,1.3528287,0.17072505,-0.25291452,0.15306287,-0.13294291,-0.2005369,0.31288376,0.30337024,-0.22659361,0.09788303,0.0762353,0.06755086,0.31199473,-0.45646766,-0.50243753,-0.48481047,-0.060100295,-0.006805723,0.16289309,0.28496996,-1.045085,-0.0551052,0.6763828,-0.18469854,-0.029696608,-0.13340755,-0.48084056,-0.16175379,0.10647298,0.17315513,0.30843443,-0.14742428,0.23768353,0.28354552,-0.17626865,0.08760333,-0.3280532,0.32164004,0.1816335,0.074009836,0.44942427,-0.107732736
387,neutral,-0.17431991,-0.112038426,0.24849388,-0.021631807,-0.24641167,-0.035644315,-0.20427367,-0.039506614,0.06255553,0.04771075,-0.16750084,0.05931908,0.13228783,-0.0005739484,-0.0064711906,-0.12566578,-0.0565449,-0.03764251,-0.4582555,0.14633518,0.42771503,-0.10290337,0.12026284,-0.062893674,0.046334725,-0.022907248,-0.1806199,-0.17726552,0.3120886,-0.17896399,-0.15410563,0.04313065,-0.04644963,-0.01624179,0.103011094,0.029910991,0.29037625,-0.10517001,-0.19742471,0.022736402,-0.4285999,-0.113123454,0.04109888,-0.19061886,0.17523193,-0.17575808,0.28842062,-0.1584905,-0.18800278,-0.71020854,0.011218222,0.2408192,-0.054149214,0.897387,-0.07537259,-1.9696541,0.040584747,-0.35127112,1.0682282,0.36563057,-0.1792942,0.31865764,-0.21022552,-0.3196811,0.6447981,0.1869693,0.046373602,0.09794602,0.022021022,0.008895526,0.29722932,-0.36013666,-0.24063025,-0.32631186,0.1928763,0.07668094,-0.025186824,0.15776235,-0.7597412,0.33687696,0.48680606,-0.13794461,-0.23104718,-0.018166121,-0.836898,-0.11791109,-0.054132216,0.11963343,0.09493436,-0.5096668,-0.19381812,0.02284203,-0.33436713,0.133986,-0.42616287,0.16335662,0.107451506,0.0074418066,0.3097688,0.16394407
388,neutral,-0.3802721,0.330294,0.086405575,0.024430772,-0.04694069,-0.021043738,0.03704702,0.09000227,-0.25873172,0.25916263,0.07433223,-0.19697835,-0.010521692,-0.007298968,0.08145513,-0.16160773,0.20138654,0.040332206,-0.3495519,0.218742,0.08570411,-0.2821945,0.28741705,-0.12917161,0.3376281,0.4946288,-0.122106686,-0.26002195,-0.11705604,0.3189291,-0.4457519,0.52259016,-0.2794395,0.0053787385,-0.124930575,0.11764039,0.24030918,0.22153902,-0.07854086,-0.18792991,-0.40742856,-0.24087185,-0.09094876,-0.23500054,0.43617308,-0.0632918,0.011664484,-0.17106783,-0.33815148,-0.49827614,-0.27500716,0.09092878,-0.142802,1.0768604,-0.1431991,-2.0406427,-0.34168303,0.1441345,1.6220042,0.19563583,-0.18634109,0.53320277,-0.3998411,0.037584085,0.6064371,0.11925238,-0.09642391,0.4831062,0.34073392,-0.04799975,0.20299225,-0.49436688,0.010865044,-0.338851,0.007057192,-0.026706,-0.29686,-0.18260378,-0.47126877,-0.08508774,0.98286176,-0.16854028,-0.31414682,0.101903826,-0.9130083,-0.11106046,0.07721227,-0.023332853,0.42649418,-0.05357263,-0.1456133,0.2353476,0.106045835,-0.24962297,-0.5099345,0.29253972,0.16618726,-0.118000865,0.43351585,0.10884205
389,neutral,-0.12098707,0.2553591,0.4026419,-0.05194459,-0.21155041,0.03451301,-0.08606109,-0.18220195,0.12334918,0.0018276796,-0.15359896,-0.14085579,0.1660223,0.07396542,-0.09486023,-0.06084025,-0.14254466,-0.15460822,-0.37253764,-0.08706937,0.14912249,-0.022729577,0.17634203,0.066395454,0.12170241,-0.05242959,-0.14006533,-0.11316575,0.2130215,-0.06509758,-0.05720597,0.25804156,-0.16738625,-0.13136311,0.19503699,0.24430753,-0.056400847,-0.08206227,-0.16508366,-0.23209025,-0.45744702,-0.049461354,-0.014808513,-0.19446404,0.01725744,-0.13732117,0.31427205,-0.22092123,-0.13862324,-0.6676769,0.1906079,0.092464894,-0.07354002,0.8274551,-0.10403798,-1.7568674,0.05051658,-0.24449156,1.2148135,0.29685685,-0.12387198,0.557386,-0.22855063,-0.27292818,0.574275,5.1827225e-05,0.13692437,0.30251798,0.085768245,-0.24072227,0.08903983,-0.39661604,-0.18139774,-0.357862,0.08080026,0.048628088,-0.24880074,0.13971324,-0.64537174,-0.024541235,0.44455886,-0.07553245,-0.3802244,0.16960864,-0.9698457,-0.20461684,-0.16169214,0.02853157,-0.050279375,-0.35633698,-0.16750269,0.09419031,-0.0092082685,0.010964073,-0.39784476,0.18985063,0.012135578,-0.0066844183,0.41428614,0.4378983
390,neutral,-0.25020763,-0.022019623,0.010376756,0.041431375,0.0055037094,0.4066209,-0.39711395,-0.09253876,0.037709735,0.42571983,-0.5576068,-0.10616681,0.1440411,-0.06380109,-0.27541733,0.16679485,0.041821852,-0.088548034,-0.5646054,0.19055651,0.27144814,-0.06811312,0.1843856,-0.39277694,0.10881384,-0.061162334,0.03130053,-0.51442,-0.0916627,-0.23712678,0.06008493,0.6063773,-0.16435996,-0.048945293,0.09245281,-0.07506194,0.28267518,-0.1210965,-0.40425435,-0.55199546,-0.32346952,-0.17245503,0.38239357,-0.21334235,-0.30051675,-0.16020553,0.31493884,0.13156757,-0.15571593,-0.32840908,-0.22717823,-0.17480068,-0.06605219,0.70696104,-0.09212121,-1.3902186,0.14291938,0.04757401,1.0856954,0.0075936364,-0.14590284,0.40622437,-0.36788216,-0.15518206,0.8827244,-0.08339898,0.079295725,-0.19517866,-0.23190123,-0.14060563,0.27072057,-0.14195596,-0.22540933,-0.2496237,0.043192867,-0.011314579,-0.14393413,0.20985454,-0.33215755,-0.021505151,0.2845618,-0.23613401,-0.24547909,0.028518828,-0.50033927,0.52011704,-0.012541735,-0.1305603,-0.07525927,-0.3194238,0.31383422,-0.10814673,-0.11111814,-0.16736564,-0.2566611,-0.1982266,-0.40469518,-0.72344863,0.6172003,0.32175252
391,neutral,-0.05315997,0.22347881,-0.5798621,0.045397293,-0.082564846,0.45236576,-0.11030327,0.12452212,0.18630522,0.29880422,-0.3764978,0.06982666,0.05660346,-0.11561137,-0.34090653,0.28848648,-0.1349442,-0.24859203,-0.31675142,-0.2020464,0.5262451,-0.120917566,0.3576804,0.10504173,0.1172425,-0.26848984,-0.13607459,0.20636065,0.51473475,0.11836915,-0.5578967,0.10931927,0.20304053,0.43071392,0.04556931,-0.2552255,0.48584604,0.11904714,-0.32513416,-0.27837822,-0.7242942,-0.14672461,0.63496983,0.079668075,0.13748315,-0.40777096,0.27771035,-0.21907702,-0.1396167,-0.18186413,0.4669084,-0.04120855,0.10102733,0.7296851,-0.2704984,-1.3026588,-0.042220518,-0.072641484,1.2460982,0.24888337,-0.4556822,0.11482684,0.054441437,-0.3173901,0.29328367,0.109135896,-0.15007442,0.036855888,-0.033140574,0.14760925,0.15790409,-0.4815746,-0.5541956,-0.45316637,-0.22352935,0.39415005,0.4457288,0.12089531,-0.8461996,0.09250466,0.4647527,-0.11668364,0.39398372,-0.016165547,-0.6201712,-0.11241713,0.047563937,0.5513425,-0.054326616,-0.29929793,0.1302303,-0.15709835,-0.3410887,0.49144852,-0.1681302,0.20721556,-0.08074885,0.26301757,0.5742026,0.17124844
392,neutral,-0.11116662,-0.12925677,0.2497545,0.033752173,-0.034040783,-0.08657631,-0.19095983,0.15087037,0.20757459,0.015096468,0.0043137735,-0.06817426,0.05865273,-0.044452045,0.05902163,0.158387,0.005307362,0.023666441,0.04357113,0.12783606,0.44000652,-0.17575766,0.091143824,-0.04415553,0.44770366,-0.085819975,-0.16840442,-0.31913987,0.3426162,0.0019469523,-0.0010520839,0.13890651,-0.3454873,0.23223451,0.09929394,0.09597385,0.16304176,0.11129471,0.054581143,-0.29786986,-0.21544713,-0.17243138,-0.016003443,-0.018729256,-0.18327543,-0.14048678,0.10523513,-0.12541787,-0.033855706,-0.49846852,0.054279637,0.1624423,0.056514867,0.9885086,-0.06503419,-1.6856298,-0.040239245,-0.0909307,1.1887462,0.23161966,-0.036196277,0.5124902,-0.16184022,-0.09266834,0.58974904,0.34893715,0.2518239,0.18415049,-0.058014225,0.06170073,0.33615074,-0.2607258,-0.058285683,-0.13471544,0.104286045,0.09460252,-0.018357294,-0.1201069,-0.3044978,-0.024116604,0.3148059,-0.2628384,-0.029247895,0.09516219,-1.0452408,-0.08558261,0.06942721,-0.103129804,0.30803296,-0.4473851,-0.21169046,0.1968927,-0.07314277,-0.050991096,-0.081783146,-0.17090873,0.16928285,0.03741742,0.592459,0.063886575
393,neutral,-0.22554633,0.0012150635,-0.013275643,-0.046734456,0.08972871,-0.16526732,-0.0664945,0.19133264,-0.2554214,0.43260592,-0.06476651,-0.30129123,0.19317186,0.117850296,0.17519897,-0.092912495,0.086366504,-0.04723285,-0.63168675,0.09982668,0.40985155,-0.079691425,0.14429644,-0.15434024,-0.049713325,-0.017034614,-0.04503018,-0.12070501,-0.109011784,0.09012479,-0.06561082,0.25323072,-0.10583519,0.16051227,-0.012359511,-0.12936305,0.15340498,0.09364779,0.118181854,-0.06717583,-0.1795872,-0.23639221,0.17312947,0.092595875,0.43375117,0.0752355,0.087659284,-0.006649542,-0.0400063,-0.3346864,0.12500577,0.06306311,-0.07325528,0.75516385,-0.050623115,-1.9660411,-0.061503366,-0.37484178,1.6081089,0.4156757,0.06492982,0.42147648,0.24417233,0.009761629,0.49966806,-0.031061387,-0.013447285,0.24963467,0.17735945,0.2562107,0.029869298,-0.3734375,-0.16544263,-0.436385,0.11502195,-0.17630498,0.026436573,0.18886149,-0.6968207,0.11394106,0.53371805,-0.07284052,-0.35860088,0.038102478,-0.79795665,-0.080730185,0.2582256,-0.03163792,0.15991895,-0.10760372,0.20009665,-0.03147071,-0.13072811,0.11883028,-0.40477535,0.33488953,0.079160325,-0.13205656,0.57994926,0.097196415
394,negative,-0.1849209,0.22712822,-0.029592538,0.11886154,0.034055576,-0.24504887,-0.42977154,-0.100694455,0.25356856,0.68640673,-0.14974369,-0.12746157,0.1872815,-0.08649156,0.08403121,0.2027387,-0.3729983,-0.08680697,-0.60482323,0.11024086,0.2674211,-0.19353376,0.110866174,-0.15369454,-0.066440545,0.10214656,-0.12768844,0.059652817,0.15745722,0.021831851,-0.04340982,0.11714923,-0.040457033,0.044244807,0.014321773,-0.061255265,0.38770044,-0.11905615,-0.055153202,0.18437295,-0.48816404,-0.054565314,0.16105874,0.03543578,0.2590473,-0.30861518,0.34741387,0.048611715,-0.15424658,-0.37516728,-0.0030794155,0.13283029,0.13800767,0.9393451,-0.13199404,-1.5870488,0.07014084,-0.27705005,1.2196784,0.21983846,-0.10416232,0.17223409,-0.046313353,-0.2337037,0.5810683,0.3067258,0.005063185,0.18273978,-0.15458868,-0.07837413,0.23415767,-0.42074332,-0.23320274,-0.5142018,-0.044476517,-0.074509956,0.070201546,0.20518577,-0.65050924,0.023814078,0.81011707,-0.025487473,-0.26861677,-0.0046871286,-0.80731213,-0.06374717,0.024605598,0.29333022,0.030235771,-0.25924194,-0.044205155,0.12715137,-0.3383684,-0.14221509,-0.4194315,0.058284227,0.053906683,-0.015060932,0.47245046,0.20400642
395,negative,-0.35903347,0.24040443,0.18013832,-0.07788402,-0.066110075,-0.4024554,0.09946966,-0.2809727,0.09594727,1.1385276,0.40861055,0.08682538,0.529604,0.44596237,-0.21037446,-0.19967593,0.23052037,-0.19937271,-0.1216024,0.059739567,0.73425907,-0.39383817,0.15555403,-0.38821226,0.08543701,0.3181954,-0.6362736,0.5504948,0.23185542,0.17932983,-0.28211024,0.34722224,-0.0075428756,0.11183803,0.34306446,0.027570883,0.21330868,-0.053173024,0.584397,0.151431,-0.41207218,-0.03306696,0.29469734,0.3614058,0.87113285,0.035804424,0.041866396,-0.038558494,-0.04632306,0.060425602,0.12482942,0.89093024,0.20458464,0.9719506,-0.23953007,-1.245634,-0.33709756,-0.13124456,1.7396376,0.4945447,0.16316381,0.41126853,0.35626414,0.13342756,-0.15626405,0.4404693,-0.26709762,0.24066737,-0.24434231,0.39484623,-0.11381591,-0.6426214,0.25770566,-0.19229163,0.0017986483,0.31082806,0.5833902,-0.09875367,-0.8598505,0.1593239,0.43708542,-0.5386372,-0.115109675,0.30313534,-0.5477516,-0.50752944,0.65878046,-0.12385102,-0.18531173,-0.20659877,-0.16773248,0.52719927,-0.03169239,-0.03931864,-0.20369509,0.32704753,-0.04728327,-0.08777792,0.24026065,-0.39247087
396,negative,0.072814815,-0.07475337,0.20903806,-0.15972516,0.052699633,0.02145232,-0.29111716,-0.029427083,0.17099774,-0.086647704,0.19627826,0.056937575,0.17174917,0.033049423,-0.16328071,-0.08055957,0.3330474,0.17194924,-0.49973783,0.29739204,0.20932928,-0.25107512,0.1444767,-0.090515345,-0.02309238,0.08207912,0.21528016,-0.4407924,0.1496666,-0.11202555,0.2637336,0.41865927,-0.26026633,0.1714025,-0.071067646,0.10085217,-0.13277328,0.044803724,0.25179994,-0.25871253,-0.24733382,-0.08010024,0.09199768,-0.2625264,-0.04736078,-0.2727368,0.05207542,-0.289798,0.03902436,-0.5737383,0.4841892,-0.14418946,0.030883351,0.7026679,-0.1681599,-1.5338752,0.050813794,-0.117415085,1.3205786,0.39823192,-0.21640016,0.41280746,-0.16711836,-0.3760432,0.84784853,-0.13164924,0.26697046,0.67380786,-0.10469363,0.04138621,0.13660392,0.179638,-0.38479316,-0.52247745,0.03868878,0.22427832,-0.3281774,-0.07247323,-0.80039465,-0.015484856,0.3593435,-0.17737418,-0.18730588,-0.04406499,-0.95018244,-0.095865585,0.075753205,-0.040205244,-0.05896288,-0.13825111,0.110113956,-0.26141497,-0.19438134,0.018377334,-0.05969489,-0.045236427,0.11285125,-0.07947117,0.34491614,-0.07075227
397,neutral,-0.112047225,0.276666,0.18624508,-0.023666725,0.008328697,-0.43378076,-0.2696751,0.036903467,0.18199672,-0.0014969467,-0.2898675,0.020489415,0.077668294,-0.008305039,0.03307222,-0.171368,-0.12611406,0.06270541,-0.27958146,-0.069304325,0.18605022,-0.089919895,0.20450567,-0.05552829,-0.07340671,0.15223925,-0.21633124,-0.17966409,-0.045886923,-0.10950386,-0.087971486,0.29380313,-0.25967744,-0.12555866,-0.026469432,0.12801148,0.27199706,0.063139684,-0.19926031,-0.096440084,-0.2610439,-0.22106926,-0.16449237,-0.26776838,0.28190473,0.07325232,0.22443648,-0.044797275,-0.29205137,-0.7218035,0.11396609,0.04000281,-0.06263642,0.80608463,0.058350414,-1.5429798,0.07112869,-0.31827906,1.3884528,0.1906464,0.0147042945,0.15883344,-0.22868514,-0.1257087,0.65296054,0.08603122,0.16649602,-0.18382823,0.34513053,-0.39047796,-0.060136296,-0.32946312,-0.028011166,-0.11526051,0.21412383,-0.06025991,0.020962197,0.028136551,-0.7023453,0.1843702,0.6330995,0.010799531,-0.4306381,0.08807334,-1.1370746,-0.11002468,0.15991485,-0.060247857,-0.21164048,-0.30326703,-0.01303631,0.057938527,-0.13078599,-0.23071001,-0.33575308,0.07727883,0.26306903,-0.22687005,0.5731385,0.13652709
398,neutral,-0.09428323,0.15639733,0.2673766,-0.10582897,0.11516126,0.13079984,0.3194231,0.4659276,-0.33267593,0.09481127,0.28466806,-0.14973395,0.18879227,0.15607332,0.15984403,-0.27652255,0.09982956,0.057027496,-0.33534086,0.031086188,0.60259575,-0.19577079,0.062395852,0.24526076,0.47662902,-0.13422622,-0.18997288,-0.10569229,0.24577372,0.16448122,-0.13048118,0.16110657,-0.020873245,0.09168001,0.11120126,0.099992454,-0.20722629,0.08963379,-0.11645923,0.012942364,-0.3822174,0.011467725,0.43695435,0.045519866,0.26078352,-0.11160797,0.13440996,-0.57520926,0.06326644,-0.6471022,-0.124400645,-0.11265372,0.14391734,1.0786065,-0.21125768,-2.6312873,-0.13611297,0.003948317,1.7575276,0.73919624,-0.45636627,0.7090947,-0.13434665,-0.01652098,0.5231384,0.10652955,0.13601777,0.22822364,-0.13243252,-0.14642541,-0.12638922,-0.220043,-0.252147,-0.2620331,-0.012877174,0.37014765,-0.28459436,-0.19375244,-1.025498,-0.01810133,0.570358,0.016440295,-0.21417482,0.2272314,-1.1816497,-0.1486947,0.2172532,0.03789405,0.11509018,-0.09368212,0.003801419,0.08685205,-0.13190375,0.11000141,-0.6927007,0.08833704,-0.06938084,0.18560113,0.45647284,-0.10555233
399,neutral,-0.32152706,-0.07237355,0.29978818,-0.023854844,0.015994724,-0.3725803,-0.079739414,-0.10198883,0.106280096,0.87519467,0.30620855,-0.114851475,0.376555,0.14429118,-0.10089251,-0.11422473,-0.3378546,-0.33019117,-0.45767677,0.27899632,0.57607144,-0.1199928,0.24250193,-0.05322502,0.037218347,-0.13549149,-0.5512366,0.10488349,0.48353308,0.0732656,-0.24834487,0.121174455,-0.006989984,0.105119675,0.14643925,-0.021072818,0.18009284,-0.036311768,0.02314832,0.06865208,-0.39324182,-0.0786543,0.31299585,0.30580992,0.79530716,-0.044192288,0.21106966,0.027216874,-0.048785433,-0.19936363,-0.020335536,0.44738925,0.30705485,0.8917941,-0.25386146,-1.4725603,-0.28096882,-0.252784,1.4330682,0.50509506,-0.056688372,0.11561231,0.08224539,-0.10054432,0.23014905,0.26726142,-0.33270124,0.115814894,-0.4817118,0.12847416,0.24147972,-0.41165328,-0.23086256,-0.3655869,0.011535739,0.26915544,0.28944176,0.25180238,-0.89432746,0.13412929,0.94705653,0.004530389,-0.085613094,0.34131405,-0.3414543,-0.3622778,0.15317385,-0.033451024,0.14964819,-0.32437098,-0.23399423,0.31521532,-0.17345715,-0.23045549,-0.44647253,0.5393727,0.040792577,0.105941296,0.3857386,0.1681183
400,neutral,-0.073158436,-0.02100706,0.15085542,-0.039858144,0.31470218,-0.4092036,0.04732605,-0.008688317,0.29667085,-0.044487342,0.05820847,0.032105003,0.49290437,-0.068222135,0.03935581,-0.23569176,0.035582095,-0.111917704,-0.20195094,-0.23434108,0.5754682,-0.27608904,0.26003987,0.08617445,0.122074015,0.018570706,-0.488049,0.08481461,0.26367858,-0.37874594,-0.25620946,0.044394042,0.12834208,0.12705621,0.15256426,-0.03698015,0.12981644,-0.10497153,-0.23359026,-0.15093736,-0.47108102,-0.34760284,-0.0972378,0.15164804,0.13659377,0.05180713,0.23145889,-0.13518713,0.041339546,-0.13799827,0.2154223,0.423485,0.09388457,0.9907055,-0.20764375,-1.5069054,-0.033033498,-0.54271024,1.0713937,0.35159802,-0.58961415,0.5420032,0.022570081,-0.11798175,0.2846533,0.52354676,-0.11147157,0.13090676,0.049441177,0.02399003,0.1292813,-0.13531533,0.3371447,-0.20136257,0.0748777,-0.10277831,0.07821268,0.2537004,-0.48629427,0.1109069,0.36402437,0.006084711,-0.0984438,0.2151731,-0.5062133,-0.17007048,0.1687012,-0.12941992,-0.06320332,-0.32033724,-0.25648582,0.5903782,-0.19722925,0.002952003,-0.3458559,0.16476236,0.07119707,-0.08461288,0.09378022,0.053173386
401,negative,-0.037006903,0.34687302,0.2801958,-0.20075668,-0.041539285,-0.49926537,-0.5283224,-0.43472573,0.060422968,0.2149222,-0.21171187,0.09549676,-0.11174868,-0.075476825,0.08259451,0.09109604,-0.598564,0.021950956,-0.09603413,-0.23114313,0.36604658,-0.29868275,0.12799174,0.09478131,0.04234975,0.31950557,-0.33901736,0.10453164,0.17303176,-0.014207624,0.023544358,0.0227913,-0.45197234,0.14197236,-0.2910983,-0.23476161,0.33201516,-0.3218254,-0.0016373715,-0.14592208,-0.6187217,-0.10192651,-0.32662186,-0.20100234,0.5550265,0.0002133725,0.5574428,0.011686811,-0.19314481,-0.8667757,-0.16414021,0.24556534,-0.12697098,0.8313707,0.26088613,-1.7019354,0.2512784,-0.18936661,1.0060699,0.17124364,0.22247589,0.34349585,-0.355951,-0.35846287,0.6878694,0.44872922,-0.050670974,-0.21608762,0.40622184,-0.40446046,0.40782022,-0.24957485,-0.35016292,-0.03913285,0.11149749,-0.21501505,0.17772394,-0.036178898,-0.64823925,0.1155258,1.0871165,-0.049264066,-0.5717922,0.21055587,-0.48845482,-0.5205463,0.124139994,0.12999134,0.14993136,-0.5349432,-0.01802893,0.25748882,-0.2841297,-0.22168224,-0.29917353,-0.1595998,0.27113044,-0.078927346,0.41914532,-0.09489882
402,neutral,0.16837962,-0.06409164,0.24245678,-0.23653324,0.032853603,0.24419807,-0.38300282,0.38642266,0.35956907,0.6760493,0.04624928,-0.24210303,0.2626059,0.24096555,-0.037654027,0.09779777,-0.23210017,-0.19125718,-0.50860244,0.02257289,0.39196876,-0.45250323,0.07872718,-0.48664996,0.015778035,0.058241833,-0.17765574,-0.081141375,0.43042436,0.48143196,-0.042928744,0.1411346,-0.27915308,0.32254165,-0.038532116,0.071623966,0.25267592,-0.16163619,0.31582883,0.11962734,-0.43790856,-0.15213855,0.28021073,-0.18160024,0.055027973,-0.28162062,0.16553962,-0.097856686,0.18320668,-0.51326174,0.21848445,0.18144035,0.26053753,1.1770093,-0.1861165,-1.8387402,-0.28253943,0.054789763,1.3160043,-0.059117414,0.051332984,0.44116774,-0.19256663,0.054598156,0.36740926,0.016031114,0.25964472,0.17474169,-0.2585613,0.31137007,0.03685011,-0.4084788,0.098282024,-0.6497978,0.34893057,0.29038066,0.5829517,-0.1459876,-0.7567099,-0.18861583,0.7854396,-0.09150586,-0.31762472,-0.1673414,-1.0905045,-0.23092496,0.2025839,0.3458965,-0.0130360685,-0.27570558,0.25565964,-0.018578595,-0.17843524,-0.010497622,-0.5264669,0.40089887,-0.20457353,-0.11231051,0.53037214,0.10317719
403,negative,0.00030290897,0.14952528,0.31504726,-0.16829605,0.060926616,0.287287,-0.3923525,0.04756313,0.1049491,0.15112162,-0.12270034,0.15814225,0.16502701,0.094676375,-0.052301567,-0.01445005,0.21452186,-0.05472494,-0.6158192,0.23631461,0.058337938,-0.28534147,0.2999736,-0.21863246,-0.044542447,-0.033782683,-0.15055747,-0.40748826,0.26991105,0.16191848,0.2603998,0.4161687,-0.082683265,-0.039054915,-0.051785585,0.053967368,-0.026967768,-0.0686904,0.0042155664,-0.05840127,-0.5639815,0.10060163,0.24764316,-0.11127715,0.07292752,-0.24841852,0.12203489,-0.33010498,-0.3495761,-0.5336267,0.15269929,-0.051352758,0.1750741,0.93759423,-0.11300402,-1.5704737,0.11364014,-0.19558865,1.3403757,0.30684626,-0.09475442,0.31081134,-0.1704967,-0.3293461,0.7225026,0.14437966,0.16694634,0.31208614,0.00045839013,0.11107377,0.17759709,-0.31098592,-0.028538201,-0.28153118,0.09114563,0.116516724,-0.14518178,-0.038658366,-0.75478446,-0.12868683,0.56393945,-0.19786805,-0.08836108,0.001931707,-1.2041491,-0.10872349,0.077097155,-0.01803837,0.20713827,-0.29214808,0.16878858,-0.22282833,-0.086906336,0.14767747,-0.31636193,0.0473591,-0.0707591,-0.20740195,0.39738896,-0.015252812
404,negative,-0.07541868,0.38055512,0.2904958,0.010433938,0.039129805,0.10693747,-0.13826506,0.0114431605,0.085160844,0.15099518,-0.044661444,-0.0799249,0.2032093,0.02294376,-0.0446474,-0.24257028,0.07370225,-0.049746275,-0.3212553,0.09862204,0.40360758,-0.1473349,0.043198448,0.00851661,0.20275737,-0.04895092,-0.12717596,-0.1209496,0.1618642,-0.028269326,-0.058224164,0.2833695,-0.09030539,-0.12874849,-0.24793798,-0.0047394685,0.016028678,-0.037620153,-0.029440675,0.08630666,-0.43470696,-0.14549127,-0.028445452,-0.14523275,0.2253012,-0.017282821,0.21739991,-0.153141,-0.15500553,-0.48483062,0.0011509989,-0.04911967,0.010484708,0.89278835,-0.014510575,-1.7027754,-0.03795271,-0.2091736,1.2735007,0.288822,-0.048091896,0.58953834,-0.13669379,-0.2390631,0.5401631,0.0202302,0.1335309,0.11067476,0.1274631,-0.056699928,0.24946237,-0.24964924,-0.22617257,-0.20332712,0.2426392,-0.026179962,-0.032362092,0.12343067,-0.6558922,0.100655735,0.49643788,0.12238459,-0.25954983,0.16781439,-0.90091074,0.08502914,0.010280785,-0.18995886,0.034362525,-0.17711945,0.067526504,0.11039482,-0.11984672,-0.08691759,-0.48023373,-0.028622312,0.027277265,-0.10478842,0.3611291,0.14487624
405,neutral,0.004854101,0.16008112,0.19088598,-0.2121287,0.08236049,0.41146082,-0.10735146,0.2140798,0.18873657,0.10281083,0.074876815,0.037837222,0.30439964,0.11530555,0.024110135,0.08420004,0.058175858,0.03510349,-0.23768015,0.04460911,0.38652754,0.051678773,0.16218124,-0.14099036,0.23489414,-0.1521685,-0.24965811,-0.14305027,0.06387986,0.07603319,-0.049681734,0.0592547,0.03778483,0.09181114,0.1079027,0.00083038956,-0.07212748,0.013153041,0.13105083,0.0025074955,-0.16633712,-0.23669359,0.15574412,-0.16948259,-0.026836595,0.14724898,-0.032167286,0.10801622,0.010249967,-0.34145558,-0.08493348,-0.010498341,-0.008824178,0.8235873,0.018233197,-1.5345851,-0.22760667,-0.07850579,1.1188381,0.3006873,-0.041901235,0.6435334,0.04175208,0.14310741,0.4222926,-0.01075949,0.24771594,0.10157569,-0.12087942,-0.051461883,-0.1193145,-0.16059706,0.032659773,-0.23187475,0.05084567,0.19654626,0.019774586,-0.09526031,-0.430979,-0.007077702,0.44344592,0.1803303,-0.202448,0.005234799,-0.73741573,-0.31214488,0.11027047,-0.040826116,-0.18532231,-0.16654766,0.21246141,-0.04838309,0.1239515,-0.04129064,-0.4389082,0.16056073,-0.11782214,-0.011181273,0.4063364,-0.13507858
406,negative,-0.1660376,0.2861792,0.09807933,0.03063709,-0.067973986,0.11830851,-0.31778303,-0.08508031,0.037968434,0.103750266,-0.21672553,-0.04040475,0.28053108,0.009293894,-0.005261571,-0.108776875,-0.051129743,-0.076657526,-0.48043314,0.22716157,0.49108708,-0.10902066,0.18903181,-0.07671472,0.0686785,0.019263588,-0.10713272,-0.29241306,0.26159883,-0.026843034,-0.018017199,0.20014766,-0.17533283,-0.016223947,0.07941676,0.009615461,0.1636687,-0.096181214,-0.037275415,0.009162264,-0.48419854,-0.055453595,0.12601042,-0.16452573,0.12437414,-0.26093066,0.25025338,-0.12556507,-0.17906629,-0.6440073,0.097347766,-0.09315748,0.031031732,1.0579054,0.13273476,-1.7954806,0.103039384,-0.26126328,1.373737,0.2565526,-0.048884783,0.54970497,-0.22318536,-0.27751642,0.72024876,0.09191706,0.16380934,0.08269377,-0.011571333,-0.054886032,0.18777029,-0.3717498,-0.17629804,-0.1899593,0.15635647,-0.041388128,-0.07293974,0.05884501,-0.68107617,0.0029148133,0.5207563,0.122363076,-0.32466897,0.118502185,-1.1143845,-0.110406436,-0.15382959,0.05898124,-0.07759294,-0.3747558,0.010173376,-0.06796324,-0.11849626,0.058381993,-0.38768253,0.105473906,-0.015588021,-0.10257435,0.33915758,0.099331066
407,neutral,-0.20163734,0.2717855,0.16045853,0.12600937,-0.10332652,-0.19529976,-0.29971808,0.08086653,0.05833135,0.34788254,-0.055746928,-0.11147095,0.055921264,0.06010927,-0.0039771125,-0.14226265,0.13134445,0.04391772,-0.41649407,0.27598238,-0.09538801,-0.3237228,0.029979201,-0.024478525,-0.24374107,0.07918714,-0.1271577,-0.13798518,0.013204182,-0.08158188,-0.012286504,0.3428221,-0.13525006,0.053987056,0.16121171,0.21311213,0.06929198,-0.19159745,-0.14268112,0.0028163735,-0.4579886,0.06580167,0.16540706,-0.13398902,0.22796911,-0.2699035,0.056966852,-0.19701745,-0.28587085,-0.566254,0.2566064,0.19607627,-0.024200788,0.7250581,0.0797744,-1.2322333,0.33283874,-0.52153844,1.5130728,0.14298448,0.049432296,0.21970929,0.02361254,0.06380911,0.54758376,-0.025340267,-0.12527633,0.25823548,0.0117174005,-0.0048789093,0.079776295,-0.48416102,0.022024142,-0.3192587,0.3021233,0.29614523,-0.04945067,0.11956852,-0.722869,0.04629944,0.52324295,-0.28985834,-0.39181438,-0.10317936,-1.0677594,0.13499655,0.39448255,0.15201856,0.010655108,-0.14434108,-0.048483346,-0.030911675,-0.08473081,-0.13971153,-0.17937094,0.08713481,0.026957078,-0.09639459,0.29192546,0.008090692
408,neutral,-0.08314763,-0.13455656,0.09548857,-0.30497107,0.0798877,0.16772342,0.24620527,-0.07168063,-0.07437075,-0.16959758,-0.007856746,-0.017528689,0.021041553,0.073770925,0.018443609,-0.2233638,0.16376328,-0.07012095,-0.3140134,0.26247242,0.309885,-0.01623555,0.25509053,0.1487493,0.29113388,-0.0069370414,0.18808967,-0.08848311,0.15226018,-0.056724027,-0.3365028,0.3599096,0.034111973,-0.07970143,0.16126199,-0.025347216,0.00014895781,0.45993266,-0.08118209,-0.26191315,-0.2289731,0.07557317,0.0020345876,0.28238067,0.0077529056,-0.093791954,-0.23094466,-0.4813513,0.18022323,-0.08815074,0.21556845,-0.23385753,0.045038126,0.21850975,-0.10942539,-1.4599453,-0.22494702,0.15708557,0.5494312,0.24504198,-0.0022321881,0.25151992,-0.08578267,0.03863271,0.46904787,-0.1520988,0.21161571,0.2370817,0.061331112,0.23511146,0.029168453,0.27083352,-0.10894051,-0.39790407,0.12865199,0.06859195,-0.26437777,-0.15223941,-0.4917056,0.0075576776,0.10920812,-0.109076865,0.019133013,-0.022154696,-0.5838709,-0.04063763,-0.17687255,0.004812994,0.07641321,-0.21124814,-0.13915607,0.017246481,-0.21405524,0.13675536,-0.26466724,-0.1116671,-0.03658532,-0.03339551,0.03423994,-0.18657856
409,negative,0.11187337,-0.12445367,0.1374111,-0.11866449,0.2235424,0.09409271,-0.22273465,0.01852805,0.04952636,0.20956351,0.04028379,0.081021205,0.10853714,0.017602693,0.04248896,0.017587682,0.022506377,-0.13901025,-0.5009277,0.18076865,0.42399377,-0.15010507,0.24659139,0.018028421,0.15459554,0.0088263685,-0.04368586,-0.24046978,0.06518897,0.10489353,0.07068776,0.13277459,-0.16342673,-0.0069120233,-0.036054105,0.0025740466,0.1959049,-0.08242226,-0.01109963,-0.002471048,-0.3941425,-0.0676357,0.21680933,-0.074605286,0.09781131,-0.27426627,0.12834828,-0.2903545,-0.09017247,-0.2944714,0.21788223,0.007703348,0.15010123,0.92138463,-0.20026521,-1.3778236,-0.103838705,-0.14531845,1.2881233,0.26861894,-0.05926068,0.20137326,-0.01675591,-0.14861642,0.35284463,0.06541407,0.2196249,0.17097402,-0.013647504,0.14350122,-0.028225942,-0.22238962,-0.089483075,-0.13975897,-0.015206319,0.067055516,-0.030687481,-0.023284152,-0.48493817,0.017117715,0.7888846,0.010225563,-0.3210122,-0.098995835,-0.9284185,-0.09977282,0.27591002,0.024454806,0.03470093,-0.22565433,0.1470328,0.07290658,-0.06773139,-0.04226614,-0.3333058,0.053397484,0.06653134,-0.15422738,0.29152045,-0.031831436
410,negative,0.030112393,-0.004386609,0.1610448,-0.20685011,0.13277532,0.29953864,-0.068740346,0.1692372,-0.04623704,0.19716312,-0.038716987,0.09010668,0.025313066,0.1314739,0.15942049,-0.17003177,0.25760844,0.0764252,-0.08432284,-0.03799144,0.011213298,0.062380638,0.20331518,-0.10923451,0.069896266,0.11104383,-0.02676121,-0.1334751,0.089813404,0.081952214,0.19528557,0.25972018,0.102258295,0.22015072,0.050745755,0.16455165,-0.01756345,-0.03306792,0.11233038,-0.23707122,-0.27812016,-0.3009236,-0.083856985,-0.28583077,-0.033669114,-0.30200914,0.017453568,0.04277244,0.1561837,-0.056354504,-0.04161191,0.063274324,0.21683961,0.5866172,-0.31443396,-1.6314082,-0.056837153,0.053023633,0.979219,0.28021342,-0.11462898,0.3897314,-0.023812307,0.19710466,0.5421838,0.0070561604,0.231625,0.11296881,0.15953174,-0.04703813,-0.18723106,-0.13940567,0.011990591,-0.21429807,-0.008789897,0.10444305,-0.0949222,-0.004925901,-0.32713738,0.06005281,0.18635486,-0.04406459,0.052920364,0.084480174,-0.61617213,-0.12346047,0.028142555,0.19147296,0.16491657,0.08001887,0.11411322,-0.19749562,0.074866,0.14683771,-0.35047713,-0.25053132,-0.22692765,-0.1897122,0.23824857,-0.11225159
411,neutral,-0.583665,0.31668577,0.06920521,0.13013127,-0.1379971,-0.019320495,-0.2167233,0.16465184,-0.37809095,0.21100426,0.14454629,0.16085754,0.67347825,0.425558,-0.13139461,-0.3664071,0.111856505,-0.193159,-0.39497992,0.49839297,0.5204226,-0.28961915,0.7734704,-0.00216755,0.091471195,0.25570172,-0.49177468,-0.10002032,0.11370416,-0.11884074,-0.38908592,0.10811274,-0.45977423,0.12044143,0.22878882,-0.42093152,-0.16386063,0.17944852,-0.063721865,-0.20934974,-0.82770616,0.2051239,0.40973023,-0.42076546,0.6990204,0.2342415,-0.09182968,-0.005577991,-0.026769396,-0.1399034,0.068278395,0.41091773,0.22642225,0.9661983,-0.20215456,-1.3238597,-0.75405455,-0.42159882,1.2346373,0.11953625,-0.46854058,-0.030684698,-0.27922308,0.053516723,0.08105144,0.58282924,-0.38020033,0.3036728,0.03538462,0.1316729,0.3027742,-0.19801955,-0.17160885,-0.33123973,0.1929686,0.46030682,-0.39171952,0.1732339,-0.5402944,0.06071547,0.3344738,-0.15592144,0.102429934,-0.042190526,-0.3421462,-0.06753911,-0.024645304,0.15351424,-0.09973586,-0.16043779,0.11532245,0.2340508,-0.04758374,-0.25682876,-0.22757655,0.36450282,-0.19966632,0.28205913,0.26063973,-0.06536976
412,negative,-0.20146668,0.1359536,0.15282784,-0.0039539877,-0.008418415,-0.109948866,0.013328052,0.14591938,-0.12853394,0.3238855,-0.0026066059,-0.10371742,0.19602083,0.13340822,0.043793686,-0.07465183,-0.18285887,-0.37472683,-0.41094375,0.12548381,0.44595975,0.010472448,0.22872534,0.08604899,0.26142466,0.009841731,-0.19524162,-0.123870105,0.21702369,0.23663498,-0.25883377,0.19663192,0.0011692654,0.17543913,-0.045933288,0.026518269,0.084122635,0.019406654,-0.090987116,0.20630436,-0.3345971,-0.12936318,0.12191031,0.018789396,0.3856777,-0.12788697,0.111437514,-0.12474447,-0.020047152,-0.57896763,0.008286314,0.11065151,0.22226454,0.8089867,-0.16636299,-1.9550081,-0.16812067,-0.14301746,1.4575155,0.32074684,-0.10311993,0.48638472,-0.086516336,-0.1944427,0.44354314,0.052428495,0.026686903,0.02093484,-0.12347764,-0.16386564,0.0075076898,-0.37643063,-0.2667971,-0.29103872,0.13247474,0.07531578,-0.011653787,0.17337613,-0.5888727,-0.013305385,0.59411705,0.24087934,-0.34142348,0.08435687,-0.8019289,-0.046037376,-0.121519014,-0.11242642,0.23595962,-0.05703948,0.08338618,0.0780031,-0.27368045,0.13709413,-0.6394397,0.2753959,0.20999698,0.21694672,0.5736014,0.16513066
413,negative,-0.036887597,0.4730045,0.22154179,-0.22606564,0.10814425,0.22735327,-0.6319342,-0.29019856,0.034623317,0.33674088,-0.16861597,-0.15103067,0.599308,0.09885849,-0.08689909,-0.09496665,-0.32750678,-0.36851284,-0.5806883,0.052982986,0.536708,-0.22322251,0.35828775,0.039387554,-0.05212842,0.24132554,0.06597475,0.14940622,0.35472944,-0.06782094,-0.12363743,0.3188679,-0.030483335,0.0807744,0.09050267,-0.027382387,0.50676525,0.24740149,-0.10722025,-0.16980599,-0.9475828,0.16576521,0.5484762,-0.413796,0.24719644,-0.42615977,0.55382216,0.1879627,-0.015632648,-0.4425466,-0.23542216,0.34183055,-0.06361617,0.8975577,-0.19298027,-1.6276648,-0.14682837,-0.10218323,1.4381896,0.24501112,0.024837697,0.156205,0.16235937,-0.32772136,0.35844806,0.4408121,0.12370696,0.12771483,0.099416494,0.041407395,0.31766313,-0.25264034,-0.36481088,-0.31905824,-0.19728786,0.12245581,-0.33485693,0.062411625,-0.60758775,0.37191457,0.64922965,-0.15045647,0.044416625,0.009711143,-0.6907151,-0.2067713,-0.22164398,0.22133556,0.0093362,-0.12888773,0.19487436,0.04958034,-0.2304211,-0.045250185,-0.44464287,0.20452066,0.058098122,-0.0378348,0.2631817,0.0947235
414,neutral,0.0043492634,0.22952732,0.23664404,0.14669505,0.030939426,0.052956026,-0.27768275,-0.19484302,0.11261246,0.030017115,-0.15937485,-0.0075560748,0.30907312,-0.2020292,-0.023045462,0.008515623,0.121539235,0.14477247,-0.13461763,0.024334906,0.13708362,-0.10373514,0.14187619,-0.2374089,-0.06416774,-0.2485113,0.0055325897,-0.15822819,0.056257855,-0.048407897,0.074750565,0.23181275,-0.15265924,-0.14795537,0.015561839,-0.019273944,0.06651552,0.037686545,-0.057844203,-0.19499862,-0.22551136,-0.09414335,0.05014361,-0.27645335,-0.15557627,-0.14820686,0.21556953,-0.0149553595,-0.085250385,-0.49691316,0.019298278,0.1838903,0.183452,0.6712376,0.052814953,-1.4375657,0.125415,-0.15910777,1.2144932,0.23233265,-0.075679645,0.33349854,-0.16327095,-0.0054686186,0.5679342,0.028308524,0.15872568,0.05828257,0.17861547,-0.16284141,0.03554651,-0.26415226,0.024775097,-0.37106612,0.13232872,-0.12502335,-0.13466802,-0.11028895,-0.6084307,-0.044417124,0.21743631,-0.01978603,-0.38041326,0.18036887,-0.8415931,0.03471518,0.022739835,0.03530155,-0.14365146,-0.3346644,-0.09938053,0.044850543,-0.18087533,-0.041609794,-0.19596815,-0.08273096,-0.14740619,-0.39438608,0.19468452,0.26734576
415,negative,-0.08426719,0.23426253,0.29576525,-0.043852642,-0.060433805,-0.32231888,-0.28851452,-0.21390481,0.18009493,0.22833505,-0.23768993,-0.041888405,0.30640554,-0.06417616,-0.13516821,0.04804138,-0.14314152,-0.24116898,-0.41159463,0.002162757,0.23408878,0.0024226813,0.26431394,0.09023225,-0.009679642,0.0057390733,-0.27092308,-0.15506901,0.15251477,-0.01993197,-0.087533146,0.24901263,-0.034253873,0.028000407,-0.039595574,0.09218741,0.22901614,-0.004601461,-0.17140017,0.011041347,-0.5527185,-0.24136794,0.23098475,-0.10273211,0.21687122,-0.19013645,0.26133317,-0.10474455,-0.1751109,-0.5984141,0.10067819,0.1376717,-0.035606388,0.9483832,-0.028606225,-1.6170942,0.09222182,-0.2703987,1.2102131,0.29475132,-0.1339354,0.3790579,-0.0142338695,-0.23360384,0.526838,0.22087324,0.06652076,0.22680905,0.01204161,-0.14114824,0.31733972,-0.25339702,-0.19840653,-0.1592952,0.094714835,0.050641328,-0.12703516,0.13397235,-0.6800071,0.18492694,0.6448316,-0.024866657,-0.23499618,-0.02671043,-0.7490918,-0.14405203,-0.02767174,0.12587081,-0.05690656,-0.5169366,-0.03850083,0.20034334,-0.33438605,-0.12746201,-0.6352062,0.099656716,0.10711722,-0.102631845,0.37057927,0.1112516
416,negative,-0.1106728,0.07769946,0.34834778,0.014150549,-0.15524012,0.0009849864,-0.22122975,-0.17493191,0.12039264,0.24150896,0.16420041,0.5645221,0.03627285,0.14590387,-0.09008604,-0.23519579,0.091109425,-0.030354157,-0.46978796,0.04158878,0.25625604,-0.31354496,0.10860945,-0.08037764,0.07598864,0.26875433,-0.5689042,-0.17819044,0.3076115,-0.34839946,0.17921668,0.18830957,-0.11851328,0.075375386,0.041357074,0.060557853,0.21946552,-0.3732009,0.08088049,-0.14513452,-0.41064075,-0.12587082,0.2359216,-0.22705345,0.4515907,0.025083935,0.14618284,-0.048510004,-0.22800802,-0.47110176,0.14026144,0.12363096,0.11689306,0.87995726,0.020902444,-1.2691672,0.10398729,-0.58394456,1.009931,0.2399032,-0.19493668,0.17246169,-0.31505668,-0.18283536,0.36918342,0.32881415,0.04623521,0.4301658,-0.32049847,-0.2630342,0.007981013,-0.18805037,-0.08059409,-0.24061482,0.06164725,0.1659461,0.026407398,0.03882613,-0.60433906,0.03351686,0.77593726,-0.15551874,-0.07492063,0.14031295,-0.62140435,-0.3736804,0.08817751,0.110075,0.02246038,-0.23529813,0.00031513773,-0.08464196,0.12333439,0.036624234,-0.12762327,0.010313557,0.07028857,-0.11620689,0.14355439,-0.060259335
417,negative,0.009317764,0.0134009365,0.26341873,-0.05725752,-0.057089884,0.058850646,-0.35671306,0.045441177,0.12118539,0.22590579,0.05764024,-0.03033261,0.05996756,0.06616771,0.17387703,-0.30332133,-0.009402988,-0.08815415,-0.5770667,-0.15353556,0.08938527,-0.11818471,0.017836288,-0.023938123,-0.2342785,0.22862242,-0.11618836,0.117756024,-0.07289553,0.14650898,0.015028195,-0.15547602,-0.1758644,0.527236,0.046081502,0.13754773,0.069191284,-0.13535075,-0.047896247,0.08480652,-0.65730906,0.08859371,0.32003054,-0.41441044,0.70841473,0.067047365,0.0068555963,0.15299249,0.02925011,-0.5340878,0.15230902,0.20389026,0.12581283,0.7156285,-0.01707102,-1.6080819,0.2529755,-0.4924656,1.6981145,0.27831015,-0.040476054,0.4188915,-0.006735596,-0.18263535,0.60888517,0.0858265,-0.4422279,0.1841393,0.075149335,-0.10466317,-0.058746576,-0.5091688,-0.26873267,-0.557602,0.39993215,0.45115837,0.11252665,0.22740182,-0.8581497,0.008000255,0.9143092,-0.27551198,-0.34771988,-0.015042848,-0.8611091,-0.0025067357,0.37519512,0.34836486,-0.14043432,-0.23398954,0.19483036,0.07252766,0.09849045,-0.2588508,-0.3382427,0.3675195,0.15672755,0.08275176,0.24180207,-0.18487851
418,negative,0.10887557,0.543073,0.91812855,-0.62376475,-0.3605236,-0.16877832,-0.42884573,0.095312215,0.48813334,0.2658399,0.20847294,-0.2542154,-0.083014734,0.16420326,0.26139027,0.07155875,-0.40237138,0.18261147,-0.3614468,0.5178443,0.6069749,0.2414445,0.28444344,-0.5306779,0.14547476,0.32898054,-0.31089267,-0.056508623,0.20784214,0.02020415,0.2628743,-0.07641907,0.010353964,-0.3670046,0.23620032,0.41900545,-0.27523747,-0.102581225,0.05364396,-0.021700151,-0.20305026,0.19523318,-0.07544116,-0.12375469,-0.27504703,-0.19165689,0.19954507,-0.118424274,-0.14344111,-0.8371861,-0.0851402,-0.020083472,0.2697742,0.81288224,-0.3064845,-1.2535808,0.22983347,0.4008432,0.72598475,0.013939704,0.197122,0.7218679,-0.14082475,-0.5435149,0.60905355,-0.18508178,0.38607138,0.40992147,-0.09643764,0.014106329,0.09245153,-0.48307386,-0.42905512,-0.00090999826,0.08714143,-0.04997316,-0.034701373,0.062494125,-0.5047596,0.17861265,0.41310978,0.14430977,-0.04470315,0.29619917,-0.9801565,-0.036414396,-0.036532238,-0.30809274,-0.3353771,-0.40690258,-0.20554556,0.16914876,-0.23955609,0.008109871,-0.543302,-0.23211534,-0.15227906,0.056174103,0.05388299,0.1582632
419,neutral,-0.17710997,0.020185309,0.113790125,0.030915033,0.008882361,-0.07914201,-0.15946032,-0.029798618,0.05261552,0.2271189,-0.024926763,-0.085664466,0.3130046,0.053695638,-0.003876732,-0.12620689,0.024903687,-0.20939082,-0.45569363,0.0059869303,0.30349255,-0.16767696,0.105206184,-0.081687115,-0.019171368,0.030110141,-0.10357743,-0.17766029,0.26741597,0.017899698,-0.031354353,0.21271944,-0.019891344,0.04287552,0.09400345,0.024640476,0.107291676,0.041694324,-0.016547915,-0.020382058,-0.45542973,-0.032120105,0.2775556,-0.12016767,0.14715646,-0.1735452,0.21051148,-0.062201977,-0.1873528,-0.3819285,0.061184887,0.18283868,0.14073482,0.88543165,-0.10340656,-1.5970565,0.046270043,-0.26710442,1.266039,0.32171002,-0.11389617,0.2795576,-0.026668869,-0.13866675,0.54986435,0.129573,-0.027196424,0.2103403,-0.06636074,0.036740243,0.22708125,-0.36278325,-0.16664855,-0.4199787,0.110576406,0.016576594,-0.06672502,0.075401746,-0.7080654,0.042703576,0.534018,-0.024669627,-0.25173607,0.13288273,-0.82143825,-0.0068186736,0.08882269,0.108693585,0.071458794,-0.25310832,-0.06379486,0.028006066,-0.20747426,0.12582077,-0.34608442,0.10764231,-0.046711225,-0.12393936,0.42279872,0.17169717
420,neutral,0.026519235,0.65810055,0.435711,0.12676558,0.030775923,-0.47623128,-0.46502396,-0.14509541,0.16460094,-0.06297148,-0.10404449,-0.31428653,0.33031136,0.3906904,-0.15477517,-0.2589268,0.55915445,-0.57957345,-0.322775,-0.248149,0.7123288,0.32498014,0.12911901,0.29940414,-0.012512995,-0.0026998345,-0.16734284,-0.044515885,0.68158656,-0.14390372,-0.033884123,0.69677263,0.16310488,-0.2449197,0.022174269,0.14884876,0.3225171,-0.096192546,-0.33537453,-0.33217192,-0.70958304,-0.18043971,0.3700115,-0.23849995,0.31313467,-0.18364017,0.43177766,-0.13716431,-0.13282211,-0.67535406,0.047444377,0.16278748,-0.09280749,1.099318,0.002999875,-1.5923667,0.008024075,-0.17930663,1.5595328,0.3696821,-0.31886697,0.51704717,-0.17381865,-0.153105,0.5046585,0.11253672,-0.07097759,0.45429707,0.0038124216,0.43217167,0.55379784,-0.2727654,-0.371028,0.01025818,-0.009511376,0.14826253,-0.24738246,0.30740395,-0.8362847,0.24980314,0.71893424,0.13159496,-0.04344292,0.099393055,-0.9927229,0.19719423,-0.33826444,0.094825916,-0.012641065,-0.38664627,0.36076832,-0.009973592,0.01314106,0.20407806,-0.47116774,-0.0903745,-0.28669348,-0.23634644,0.07627844,-0.068439744
421,neutral,0.19375883,-0.15585148,-0.25874507,-0.47500327,0.5693277,-0.0010063793,-0.06997479,-0.096864685,-0.4651573,-0.29749587,0.02946919,-0.29238805,-0.050368916,0.05128613,-0.046508234,0.26021883,0.07536689,0.20199162,-0.1462116,0.23211884,0.13831778,0.14897671,0.46203867,-0.32087314,0.5688544,-0.28800318,0.24980876,0.0030877988,0.19228819,0.27315626,-0.1393457,0.5427796,-0.12485363,0.19568454,-0.17677437,0.1578424,0.12304205,0.2542878,-0.16962528,-0.17327586,-0.14869386,-0.34482214,-0.11945516,0.18007872,-0.16612262,0.0077307518,-0.0502945,-0.28440395,0.4202709,-0.072650105,0.12199012,-0.18772268,0.2940412,0.454865,-0.24875513,-2.1964576,-0.31733844,0.05575366,0.5899667,0.2204716,0.22649679,0.6980611,-0.11179049,-0.018442532,0.69751,-0.21464099,0.39312637,0.576401,0.054977056,0.28136432,-0.13538954,-0.02457473,-0.36734626,-0.30506855,0.007181991,-0.35280317,0.26517156,0.17612712,-0.6678422,0.12814221,0.041804586,-0.05173497,0.52814764,-0.17212246,-0.8014971,-0.23040342,-0.32317317,-0.1254732,0.23545733,-0.1822929,0.29988167,-0.39528328,0.38678202,0.15604128,-0.37278372,0.11294826,0.03583339,-0.10758291,0.22878878,0.07127342
422,negative,-0.11340714,0.46928656,0.42332834,-0.3142679,-0.33591703,0.17929758,-0.048727214,-0.020233719,0.20484623,-0.3854807,0.017037766,0.18902586,0.068673156,-0.17830166,0.0813666,-0.22512779,0.08615879,0.09489934,-0.085577406,0.36064863,0.27369127,0.037059326,-0.038152967,0.07225038,0.16871563,0.2564033,-0.11935943,-0.2327244,0.34406862,-0.07680631,0.030084232,0.46380836,0.26262474,0.059594482,0.19065198,0.098585896,-0.27082977,0.12780836,0.07223262,-0.218153,-0.2446991,0.07895223,-0.074738696,-0.5719754,-0.16557457,-0.16940239,-0.022551185,-0.16948624,-0.5155438,-0.48136726,-0.21634407,-0.08729322,0.13857917,0.61959547,-0.124350876,-1.4060103,0.18142709,-0.048401475,1.1262547,0.23682222,0.03794956,0.5033574,-0.38832232,-0.14710903,0.57688916,0.17911002,0.28905708,0.31161302,0.012413703,-0.3202047,-0.096555986,-0.2521018,-0.06588213,-0.16860014,0.086834446,0.19403456,-0.2017001,0.017524708,-0.4197084,0.02853777,0.43232542,-0.09514158,-0.47844294,-0.11845306,-1.1047521,-0.39345345,-0.22060135,-0.031919073,-0.21251385,-0.2545257,0.050817356,-0.23203781,0.25597113,-0.013311944,-0.5064151,0.14853658,0.1850657,-0.03187286,0.24356571,-0.0887084
423,neutral,-0.003497271,-0.37234306,-0.07412612,-0.5167051,0.28669947,-0.16936548,0.052967332,0.04533541,-0.3383701,-0.27134445,0.010550601,-0.20221588,-0.08262202,0.10983157,0.25658008,0.16410662,0.09896236,-0.039392944,-0.18240236,0.04086706,0.32559612,0.09448451,0.19112137,-0.42129523,0.4697868,-0.048503134,0.34314477,-0.22666982,-0.013366129,-2.6619784e-05,-0.02968461,0.5884343,-0.11319406,0.10827107,-0.12038361,0.18266687,0.10789674,0.13325958,0.020874936,-0.13452768,-0.1491043,-0.0937387,-0.112609394,0.12119422,0.056849796,0.09919772,-0.29013017,-0.39744627,0.12918405,0.08143741,0.14666656,-0.21931356,0.04990279,0.29023755,-0.21517289,-1.5229588,-0.29313028,0.08961153,0.12729356,0.10839691,-0.010845474,0.3782503,-0.06476721,0.12249374,0.40290895,-0.026199855,0.33261997,0.5277503,0.013663355,0.34976694,-0.062081054,0.06940394,-0.19542642,-0.3313934,-0.19773193,-0.28178412,0.18841258,0.17286918,-0.36108017,0.10986438,0.15350887,0.004993269,0.2798273,-0.16798341,-0.45769295,0.14312547,-0.15526496,-0.06630198,0.16440637,-0.18568477,0.004045449,-0.20685428,0.25273588,0.24880998,0.040699687,0.19164214,-0.04126281,-0.40102163,0.066396885,-0.095777676
424,neutral,-0.18956272,-0.15587859,0.27859524,-0.1504095,0.0513345,-0.03799655,-0.1624485,-0.058827035,-0.14692931,0.29306874,-0.05028607,-0.24653295,0.3371908,0.10955062,-0.015194135,-0.1942477,0.2123205,-0.1779219,-0.69812334,0.00048232227,0.29857847,-0.0001488246,0.09477014,-0.0015629096,-0.027127577,0.014047464,-0.11919975,-0.25726473,0.31006795,0.008997834,-0.13857304,0.29574704,-0.10966624,-0.2508807,0.06381912,-0.10653057,0.08925102,0.2254542,-0.08837877,-0.013048279,-0.30463412,-0.11145946,0.24364185,-0.015278438,0.30014846,-0.14932847,0.10159107,-0.10670199,-0.19827811,-0.59257454,0.083988816,0.082593754,0.060066562,0.89464015,-0.03866983,-1.759315,0.03297285,-0.49831426,1.6925381,0.59141034,0.010479481,0.34765953,0.047511436,-0.07475983,0.6304893,0.12927939,-0.123040676,0.38280743,-0.059332173,0.23891424,0.30895534,-0.45591602,-0.19039968,-0.34730577,0.08623605,0.031234132,-0.11565852,0.40910834,-0.79380226,0.1717995,0.7424534,0.20316817,-0.23683375,0.13642848,-0.97171414,-0.026654238,0.29743713,0.2568337,0.28557712,-0.42868438,0.015086154,-0.19551188,-0.2828435,0.14998281,-0.36133274,0.23980418,-0.04041737,-0.08370472,0.40340954,-0.04755507
425,negative,-0.08016274,0.27854642,-0.06843615,0.10984597,-0.10597564,0.02814874,-0.22685206,0.09604806,0.06891828,0.3896061,-0.14088033,-0.17918822,0.074679464,-0.1731607,-0.0058044866,-0.11051176,0.03213326,0.14238438,-0.47111687,0.07431633,0.22160465,-0.22527847,0.1127805,-0.17051834,-0.02394791,0.07868164,-0.08723767,-0.054411624,0.06615285,0.015235039,-0.13905747,0.098596364,-0.1715463,0.030814152,-0.03169188,-0.19072779,0.13293815,-0.0031758195,-0.12755632,0.045348346,-0.29684284,-0.11992656,-0.01731727,0.05699785,0.19371513,-0.25516915,0.30984902,-0.008452439,-0.22143658,-0.404586,0.046407055,-0.050113067,0.11026016,0.8374062,0.07578596,-1.4720833,0.14653604,-0.29050204,1.1377041,0.20429254,-0.015860979,0.2161436,-0.06907374,-0.07947213,0.6246929,0.0057322746,0.12062924,-0.061281323,0.2224034,-0.12327304,0.08147646,-0.3666052,-0.15144107,-0.24235068,0.101121396,-0.0553093,0.022133617,0.09794923,-0.7168967,0.26853228,0.57033765,0.16692562,-0.3213496,0.16981769,-0.8180512,0.14333689,0.17035013,0.043278694,0.01313896,-0.17400236,0.0152964555,-0.18734924,0.035732977,0.18699083,-0.39638612,-0.06724217,0.08176997,-0.25736418,0.41730264,0.115482815
426,neutral,0.0681333,0.29254612,0.11234829,-0.14354502,-0.10482745,-0.60252464,0.03272334,0.306503,-0.1803489,0.0060726777,0.20451987,-0.24164733,-0.08570986,0.0019568168,-0.022633228,-0.30684078,0.024757363,-0.12135497,-0.29550165,0.12414047,0.6116546,-0.10204199,0.1130371,0.39029208,0.2291661,-0.27934104,-0.20503595,-0.23517227,0.15418774,0.114872344,-0.12577765,0.29886493,-0.40969086,-0.19018295,0.09613086,0.38741466,0.29589224,0.2614532,-0.013434719,0.076214336,-0.15950581,-0.18440512,-0.0062756296,0.006342284,0.13525714,0.054337256,0.19692343,-0.32213718,-0.094650656,-0.7295779,0.19586866,-0.09771297,-0.04892466,0.8528171,-0.20953704,-1.5687596,-0.43629625,0.111996226,1.2504786,0.21245109,0.288929,0.018218214,-0.2345989,0.2222223,0.21340252,0.14654161,-0.024827953,0.102632016,0.21974622,-0.22857913,-0.104532905,-0.08348956,-0.09519263,-0.040171057,0.04120486,0.16261275,0.29462522,-0.17006183,-0.7929759,-0.033893563,0.44504216,0.12454203,-0.3386679,-0.1526784,-0.6855785,-0.18052493,-0.24213013,-0.19575013,0.0041862344,-0.09788795,-0.01222859,-0.048916817,-0.19241494,0.032027178,-0.35852143,0.1975895,0.052622914,-0.18032013,0.78329414,-0.43068182
427,negative,-0.09667746,0.3236045,0.39488995,0.019647839,-0.057273068,-0.071612634,-0.22290348,-0.093524866,0.12782542,0.085640535,-0.21410675,-0.064555295,0.142134,0.068810545,-0.026012104,-0.19243872,0.16847575,0.013611805,-0.47279537,0.017318508,0.050237846,-0.15490799,0.074317746,0.07669672,-0.06004115,0.094402686,-0.42958897,-0.07900435,0.5238471,-0.094696455,-0.08201926,0.41814086,-0.022437887,0.06280576,0.16850239,0.27192855,0.0435991,-0.072535865,0.0069612577,-0.16767083,-0.40580612,-0.19731021,0.3461351,-0.63602555,-0.1995308,-0.27943185,0.014766838,-0.26704398,-0.20147388,-0.6188495,0.051183242,0.23177044,0.01759375,1.1623013,0.06830889,-1.8565356,0.11813121,-0.14768665,1.0426542,-0.052208383,-0.1734437,0.33196932,-0.15882131,-0.024116138,0.6763628,0.16739552,0.26534167,0.41271624,-0.24183424,-0.12707232,0.090448074,-0.32192406,-0.15120354,-0.32800478,0.13303366,-0.035347145,-0.27048576,0.15640567,-0.6504445,0.1274024,0.7720854,-0.20548902,-0.26859048,-0.15650627,-1.0806366,-0.1672028,-0.12039893,0.4512328,-0.035494745,-0.4381462,-0.03749704,-0.13288406,0.16381344,-0.04531379,-0.39205372,-0.23406059,-0.10099667,-0.002716259,0.15223423,0.076767646
428,neutral,-0.23075905,0.35225672,0.20931856,0.06357455,-0.008872838,0.082294375,-0.31289074,0.028102515,0.094896756,0.037920598,-0.25437498,-0.053742416,0.28043866,-0.023886615,-0.10639352,-0.22415705,-0.052779023,-0.12828588,-0.41856983,0.07603871,0.20609938,-0.11385992,0.12881422,-0.046294138,-0.012118774,-0.06767412,-0.11401359,-0.24955603,0.2958628,-0.14738274,0.086312786,0.27527222,-0.16539226,0.013592964,-0.06591753,0.10469191,0.1802445,-0.0013270362,-0.1666255,0.025221476,-0.64786214,-0.09214214,0.1388668,-0.17483352,0.104898274,-0.18561989,0.3178729,-0.29488218,-0.11725103,-0.7025214,0.17816977,-0.08198339,0.111710705,0.9968957,0.15759686,-1.8507775,0.17882727,-0.36527628,1.3067294,0.2853471,-0.027596645,0.44743565,-0.20652977,-0.41415998,0.7668597,0.14855877,0.1717745,0.057720255,0.19925915,-0.08823003,0.22403438,-0.3120638,-0.2290326,-0.13448095,0.15573823,0.065878704,-0.16708256,0.08285104,-0.86246073,0.09466854,0.64520216,0.008995933,-0.2652425,0.11308404,-1.1910825,-0.011863944,-0.12744644,-0.015683325,-0.13877462,-0.4520188,-0.003127263,0.016030153,-0.16395661,-0.023424387,-0.38804978,0.08395741,0.058274988,-0.1181216,0.39284158,0.1971075
429,neutral,-0.19201906,0.170381,0.43671134,-0.04709313,0.1437475,-0.0015037701,-0.12312748,-0.04914671,-0.03712527,0.06285178,-0.20600824,0.031847756,0.37057087,-0.053223886,-0.114681825,-0.28762785,-0.040130634,0.032398343,-0.5784773,0.05745445,0.15000263,-0.1219343,0.29630542,-0.08555751,-0.18084161,-0.0033795547,-0.017430855,-0.293477,0.26938587,-0.025799686,-0.019383479,0.33886406,-0.026632844,-0.08175194,0.019039659,0.20778695,0.1387437,-0.13635616,-0.11053757,-0.12478235,-0.48475963,-0.048472095,0.36160055,-0.36685735,-0.17085227,-0.20260538,0.2158692,-0.15779044,-0.10090897,-0.55703026,0.120015696,-0.036805484,-0.0043618274,0.81952626,0.0018760435,-1.730333,-0.06695374,-0.11484754,1.047845,0.26526144,-0.16255735,0.47489774,0.096462585,-0.30534178,0.62846005,0.2493299,0.25021085,0.4174434,-0.07105206,0.019314783,0.22276226,-0.25421017,-0.34497574,-0.35841367,0.0115986215,-0.08738171,-0.24207966,0.07686845,-0.51869637,0.14336926,0.47067046,-0.17322713,-0.24733447,-0.08638429,-0.79345477,-0.09645223,-0.13461052,0.050620925,0.14147587,-0.2849626,0.0217351,-0.0138411885,-0.17822869,-0.0680204,-0.4727066,0.16001771,0.070671104,-0.1073246,0.32559255,0.09831964
430,negative,-0.03582669,0.079006754,0.39812723,-0.12670147,-0.27142355,-0.45613983,-0.09863662,0.016561162,-0.02211652,0.05304353,-0.100308366,0.17269738,0.024039302,0.21098809,0.081201054,-0.018577866,0.042789236,0.036417127,-0.22585645,0.17770344,0.0822473,-0.19361213,0.06229916,0.07276781,-0.08137975,0.11724843,-0.011576853,-0.3562628,0.09407491,-0.14691553,-0.2583428,0.30392367,-0.11574258,0.003704704,-0.29997543,0.12007229,-0.2756187,0.15384662,-0.12651494,-0.16848753,-0.6252579,0.046677668,0.045733906,-0.4529209,0.018374916,-0.3158492,0.37935185,-0.12072747,-0.2437347,-0.34903893,0.3387894,-0.32072085,0.30316356,0.56152695,0.06916594,-1.3687452,-0.102746606,-0.0031486873,0.75740284,0.13775754,-0.16507682,0.04808064,-0.29769984,-0.3112618,0.2822398,0.27993068,0.20415568,0.44417515,0.005790108,0.00339679,0.1291302,-0.031501126,-0.22163202,-0.2920381,0.12383613,-0.047787692,-0.22629021,0.05829021,-0.5332289,-0.02691785,0.4880073,-0.093956746,-0.5514275,-0.05846158,-0.8603632,-0.25201076,0.154197,-0.018696103,-0.10821899,-0.22793323,0.28728953,0.055283558,0.10900445,0.11747611,-0.031765003,0.09276478,0.014733661,-0.013729706,0.17827153,0.066376396
431,negative,-0.055812906,0.2604408,0.23689777,-0.03087321,-0.094495796,0.31428006,-0.31956995,-0.053382665,0.1290873,0.007562915,-0.16642253,-0.011712401,0.16693404,-0.009786759,-0.0838147,-0.055203747,0.02929358,0.00555864,-0.47419825,0.1943635,0.21349604,-0.029879304,0.17724143,-0.018547427,0.14444296,-0.0385676,-0.13329247,-0.21049015,0.21383803,-0.0052570347,0.18765584,0.12940314,-0.16175003,0.10564684,-0.05726292,-0.0396295,0.118937746,0.05563515,-0.027000338,-0.06909346,-0.5905401,0.00553183,0.049837172,-0.20388348,0.16505574,-0.11928905,0.22739622,-0.06997757,-0.16903038,-0.61177367,0.21835779,-0.015690107,0.07094123,0.95225537,0.026137788,-1.8150941,0.021000328,-0.25522423,1.2912649,0.23277043,-0.10625956,0.41097245,-0.09808497,-0.20735542,0.7108633,-0.01382211,0.12847541,0.1232504,0.025021857,0.018404951,0.08947082,-0.21541402,-0.22365129,-0.27259326,0.2338509,0.15613376,-0.09398102,-0.053638905,-0.7865922,0.057111412,0.54155666,0.1053999,-0.18431197,0.17700063,-1.0287132,-0.20312224,-0.08607023,0.042763393,-0.09665402,-0.41791236,0.0026000857,-0.08299972,-0.008656002,0.039653394,-0.3107081,0.091014616,-0.065009445,-0.1697646,0.33235934,0.16295154
432,negative,-0.29133943,0.032115735,0.14434989,0.11697111,0.0022965975,-0.34814665,-0.14019708,0.032875784,0.0767619,0.4594587,-0.0953505,-0.03537636,0.39527762,0.24148045,-0.071849264,-0.035121262,-0.24144205,-0.28001606,-0.38075188,0.017768221,0.48292536,-0.18060434,0.17626335,0.07892245,0.009095631,0.20228039,-0.26287106,0.09796098,0.19397418,0.08728039,-0.16693424,0.13546923,-0.1674328,-0.010830945,-0.034177747,0.012284929,0.2261638,-0.18707626,0.0928225,0.04965174,-0.57411295,-0.038950685,0.26959577,-0.04471845,0.43243852,-0.12620945,0.17084868,-0.08609782,-0.015581845,-0.4524762,0.17798606,0.08120702,0.01415632,1.0349011,-0.14173481,-1.7661428,-0.13475344,-0.2753759,1.3618304,0.41022095,-0.0012317068,0.30966344,0.056362037,-0.16499259,0.42113435,0.11164603,-0.06943635,0.18527961,-0.1645136,0.14461617,0.3470192,-0.58555907,-0.4948628,-0.4387531,0.16610536,0.029309845,0.012070751,0.2582322,-0.813488,0.1585364,0.8168602,-0.19493413,-0.27819666,0.0858726,-0.7315364,-0.14645585,0.19082718,0.14307047,0.13334534,-0.3080254,-0.07620226,0.24576147,-0.3646147,0.074031055,-0.44196057,0.31517324,0.18561207,0.16363834,0.33057466,0.21373236
433,neutral,-0.13187373,0.01765498,0.14332289,-0.18330054,-0.07096189,0.4094161,0.02772783,0.2499426,-0.034284707,-0.06306239,0.004957494,-0.049109615,0.109874494,0.12595364,-0.07818368,0.044836793,0.017353475,0.17213686,-0.39439175,0.27126715,0.20854406,-0.083320156,0.09645622,0.10539844,0.33172655,0.08919547,-0.40784264,-0.36496136,0.23492505,-0.13558252,-0.24184622,0.32226333,0.17264095,-0.051570214,-0.025155654,-0.21525,-0.13647234,0.011278825,-0.094187915,-0.10322766,-0.15812413,0.13988298,-0.110771865,-0.25228432,0.07918602,0.18051785,-0.08038225,-0.4718939,0.18058623,-0.3261618,0.14869253,0.32099995,0.25170764,0.518793,0.040720116,-1.6455766,0.0835641,-0.04513707,0.6944996,0.33167472,0.049714226,0.71780115,-0.36149627,0.03182268,0.41955647,0.08268629,0.33414596,0.45440564,-0.17255355,-0.29989487,-0.065185755,-0.0660683,0.28318372,-0.27049673,0.11652628,0.21007212,0.08805029,-0.02290151,-0.37084994,-0.14361641,0.080725074,-0.098127924,-0.24711387,-0.07176927,-0.6416208,-0.34239426,-0.013232525,0.0059847515,0.03852369,-0.00947455,0.09667306,-0.01994114,0.018880123,0.19814803,-0.3395994,0.06367572,-0.13859193,-0.057639454,0.12841102,0.20802994
434,neutral,0.019568704,0.18887492,0.2537495,-0.12563264,-0.0077934708,0.15536962,-0.22528625,-0.10587515,0.0028192494,0.021238634,0.012851786,-0.06755043,0.071506344,-0.018709486,0.16335276,-0.13046777,0.08801117,-0.018075803,-0.18872158,0.3516431,0.012063893,-0.026894225,0.18571411,-0.38219708,0.23796427,-0.06888897,0.055619538,-0.09271633,0.18861449,0.080716826,0.03465891,0.5051978,-0.08517584,-0.0023020946,0.18586186,0.13772278,-0.10316997,-0.11116051,0.041297324,-0.18627304,-0.28179073,0.02253574,-0.08230216,-0.07213122,-0.078276835,-0.22138225,0.25396913,-0.27362975,-0.045381024,-0.6065325,0.18420419,0.22525802,0.20938642,0.62702864,-0.091211334,-1.4898913,-0.060132142,-0.13411121,1.0935534,0.1056428,0.041253798,0.45942387,-0.21459845,-0.19667533,0.5159852,-0.012432348,0.2625806,0.2507399,0.024564713,0.03169289,0.007581879,-0.26117253,0.12940332,-0.2657051,0.0154687725,0.021468792,0.0676194,0.008938958,-0.43921366,-0.13499682,0.45445797,-0.3928188,-0.17400746,0.110709675,-1.0783488,-0.06112727,-0.05573083,0.010629226,0.08883803,-0.19538292,-0.08085354,-0.011831924,-0.06781484,-0.02822524,-0.17539695,-0.010632986,-0.31207386,-0.19010533,0.436544,0.095389135
435,neutral,-0.24389106,-0.0022918193,0.20889686,-0.20759319,-0.18326288,0.55470663,-0.11906655,0.13734587,-0.038156033,0.044529248,0.044193037,0.013896728,0.059407927,0.20272487,0.00019433672,0.041525327,0.04833671,0.04975988,-0.25175622,0.166536,0.1789496,-0.09946538,0.029220017,-0.16326432,0.12946504,-0.05465603,-0.3109244,-0.2577383,0.16258359,-0.22208193,-0.37342116,0.4404692,-0.0653256,-0.044279013,0.0062973998,-0.048386324,-0.2016966,-0.09267119,-0.11299674,-0.105896406,-0.116723806,0.042935457,-0.25447506,-0.34946525,0.009329359,-0.03857453,0.015723502,-0.37352496,0.20143071,-0.48695034,0.07446361,0.254869,0.06363399,0.736039,0.12519062,-1.7750181,0.039605476,-0.16290924,0.98459375,0.34254053,0.13498671,0.6843685,-0.4518651,-0.059027985,0.5368756,-0.03909262,0.26691714,0.47264382,-0.163083,-0.37298298,-0.011974673,-0.15138248,0.29321724,-0.6114161,0.036270186,0.038244735,-0.15061226,0.039672043,-0.34964153,-0.18191315,0.26944053,-0.049706265,-0.38881692,0.077731274,-0.69372267,-0.35932833,0.19916047,0.10260427,-0.14497757,0.0917573,0.0030089957,-0.09018896,-0.17801496,0.011411009,-0.4114923,0.07994206,-0.17488074,0.068398476,0.51314634,0.27454445
436,negative,-0.1648388,0.36552426,0.36943614,-0.16501501,0.18242288,0.027449204,-0.063304685,-0.13140444,-0.27518943,0.20091632,-0.1779852,-0.1515425,0.46741658,0.19652158,-0.047215935,-0.060555525,0.31461835,-0.20242253,-0.36960876,0.2699823,0.60254616,-0.20134741,0.11726894,-0.1479892,0.34383646,-0.012497753,-0.07557265,-0.20118728,0.3791294,0.082296126,0.113249905,0.18823242,-0.10770629,-0.40426,0.097928375,-0.09193265,0.12645386,-0.04624344,0.102192156,0.13330717,-0.63822937,0.009247318,0.34027672,-0.011775101,0.45194978,-0.32042846,-0.063503414,-0.11947057,-0.14362946,-0.32225677,-0.29610848,0.0814707,0.04020472,1.1373616,0.02694777,-1.9680799,-0.079620704,-0.18412042,1.1945634,0.5215513,0.037871078,0.66604143,-0.01751895,0.01402255,0.5292657,0.068575285,-0.057161886,0.3567464,-0.22571513,0.17553547,0.13692385,-0.28577483,-0.38543004,-0.18049964,0.051345777,0.05108707,0.04961739,0.13349421,-0.70012885,0.06568932,0.4980889,0.122685485,-0.03227784,0.07977563,-0.91410816,-0.2017929,0.075230695,0.1969847,0.29285246,-0.14413652,0.19068843,-0.15748222,-0.12959087,0.21765801,-0.5463881,0.095209815,-0.07139382,0.04581866,0.34208834,0.035935905
437,neutral,-0.19398682,0.17002158,0.21127799,0.0255654,0.092137784,-0.11861641,-0.17251521,-0.07685894,0.038927957,0.13794106,-0.19525756,-0.14761922,0.2717793,0.19368763,-0.13171807,-0.08512744,0.13979726,-0.33670473,-0.36618483,-0.027758915,0.20537451,-0.14006405,0.15240695,0.011097313,-0.055848017,-0.120673075,-0.16158536,-0.0993942,0.20889044,0.054128,-0.10039888,0.11631362,0.096020386,-0.23692411,0.09107994,0.18446735,0.21744458,0.07230292,-0.029778713,0.19627796,-0.5146916,-0.23658024,0.09332217,-0.15925212,0.092041105,-0.128992,-0.037229024,-0.274968,-0.07479922,-0.30438128,-0.034498703,-0.11522016,0.03957865,0.81571895,-0.10255213,-1.7553384,-0.10212304,-0.28554443,1.0493501,0.29072216,-0.028218094,0.59198207,-0.016679212,-0.24020436,0.5209446,-0.025662556,0.012581014,0.26275405,-0.24301443,0.16624646,0.19995987,-0.32711813,-0.29202524,-0.49172485,0.20421931,-0.10380198,0.010565868,0.087136604,-0.5957768,0.047956966,0.39210257,-0.016844861,-0.109209314,0.097606815,-0.7856933,-0.14531676,-0.14556095,0.14290625,0.08666657,-0.36904815,-0.042348873,-0.05942659,-0.15838899,0.09324875,-0.62460995,0.15148129,-0.06637893,0.064076,0.35870728,0.26106283
438,neutral,-0.027699903,-0.03716767,0.16229469,-0.15875334,-0.042948026,-0.21800686,-0.3236475,0.18076128,0.005997613,0.12958226,0.15813415,0.06485075,0.1501696,0.03126834,0.050723497,0.08198275,0.054456837,-0.16418548,-0.29275832,0.010495899,0.3451171,0.017286325,-0.0363023,0.06429666,-0.02551196,0.30879986,-0.1591042,-0.17595753,0.2337537,-0.11459884,-0.12150188,0.22743483,-0.17230858,-0.029695814,-0.019813191,0.16842204,0.07731664,-0.1310602,-0.18948089,-0.119268514,-0.50488305,-0.13555166,0.2099254,-0.17311987,0.06178823,-0.2787502,0.26024616,-0.18675584,0.0055852453,-0.60461545,0.1656177,0.2836949,0.08100657,0.9669961,-0.06388556,-1.8986206,-0.13116454,-0.42635918,1.4512715,0.39064273,-0.39330456,0.52211475,-0.2090766,-0.38420853,0.48094353,-0.06414368,-0.08283378,0.26689464,-0.19300689,0.21585163,0.13257077,-0.38799712,-0.4129795,-0.31808117,0.2550374,0.13774987,-0.1296623,0.18166955,-0.848067,0.14127345,0.55978864,-0.37550882,-0.09355046,0.1331401,-0.96529704,-0.076678835,0.13488229,0.39272034,0.19195072,-0.63095385,0.073786326,0.015308847,-0.18934913,0.059029702,-0.42489257,0.022494426,0.029033767,-0.3232321,0.37888044,0.28704357
439,neutral,-0.23803759,0.080406934,0.20935647,-0.08352313,-0.049727395,-0.15045425,-0.027213734,-0.12584569,0.13213359,0.17169565,-0.036095925,0.023888761,0.121689014,-0.16789205,0.04821866,-0.18107441,0.03526782,0.03080848,-0.17005607,0.1137494,0.26331672,-0.12585,0.17528509,-0.20095682,-0.03509751,-0.081850946,-0.07220168,-0.20478904,0.09627828,-0.07780211,0.050852858,0.37983665,-0.2066899,-0.09353439,0.01678491,-0.05324004,0.16537212,0.11182656,-0.112176426,-0.1289834,-0.40010083,-0.015778808,0.14076956,-0.2308083,-0.05340713,-0.2808813,0.2683286,-0.123080045,-0.15151228,-0.48151085,0.15513574,-0.06331286,0.13193674,0.76462704,0.18398057,-1.7302141,0.16545121,-0.011092823,1.020191,0.3648497,-0.05974046,0.3201893,-0.24058492,-0.115722604,0.61174864,0.19612713,0.26822302,0.22231427,0.044049427,0.01900265,0.16487062,-0.14682253,-0.1959086,-0.24048917,0.029398533,-0.09770384,-0.15174997,-0.025261771,-0.654237,0.08832811,0.45262852,-0.0029673167,-0.36487535,0.048426487,-0.944295,0.10748125,0.1837781,0.010302639,-0.032138895,-0.37010986,0.049632844,0.03918028,0.02631336,-0.039925955,-0.17966145,0.11799128,0.029612036,-0.21148168,0.31412676,0.1964757
440,neutral,-0.051417388,0.109334685,0.47383726,0.09044146,0.15412726,-0.37134847,0.012394078,0.22068205,-0.12785392,-0.084231,-0.2774208,-0.111530915,0.29381913,0.119038604,0.16923688,-0.23958929,0.22151238,-0.23132826,-0.32650194,-0.32622814,0.33602673,-0.007352808,0.46300966,-0.0072707026,0.16956665,0.006353528,-0.049198195,-0.18089007,0.28143305,0.04589131,-0.29891595,0.258378,-0.007475257,-0.16913426,-0.013013539,-0.011536039,0.15810207,0.04054159,-0.20129442,0.061690867,-0.61107624,-0.46369243,0.09830567,-0.0912008,0.3027258,-0.031007271,0.2847843,-0.17492095,-0.0020829984,-0.34089437,-0.080670446,0.35797688,0.057167806,0.66421485,-0.17601581,-2.089662,-0.28517646,-0.30554625,1.6161987,0.28456238,-0.43318743,0.2993058,-0.25374156,-0.3343253,0.46829495,0.0889794,-0.15583666,0.0714055,0.52168167,-0.09524978,0.06137458,-0.42897683,-0.10505391,-0.274924,0.16650753,-0.32420474,0.03629362,0.18399423,-0.7174039,0.022010382,0.43622163,0.21901405,-0.26440287,0.189269,-0.8301285,0.03123627,-0.12135504,-0.16040926,0.075753644,-0.16731463,0.002667964,0.058999985,-0.034280192,0.048261788,-0.30068287,0.25272584,-0.25806534,-0.10095633,0.52157366,0.16180593
441,negative,-0.15478623,0.2596107,0.17389877,-0.036409415,-0.10602767,0.23831888,-0.090540454,0.08238858,0.13581991,0.16677053,0.0018739224,0.04243284,0.41986486,-0.01576313,-0.011777808,-0.193083,0.010637388,-0.1580886,-0.43902245,0.2147984,0.38893962,0.011836841,0.10998958,-0.039850876,0.18491647,-0.10982722,-0.08012721,-0.16697793,0.07549513,-0.015210731,-0.016450526,0.23026496,-0.14084248,0.0059395432,0.010952844,-0.01134463,-0.0008512222,0.09311549,0.0813562,-0.0047524897,-0.50230366,-0.13136604,0.048440848,-0.22838056,0.01833045,-0.04638492,0.0980626,-0.10653624,-0.11098437,-0.4869931,0.10290247,-0.057094816,0.037824806,0.9322388,0.00041727943,-1.7649231,-0.0694994,-0.29218304,1.304428,0.36909515,-0.07727814,0.6768845,-0.13397759,-0.18013684,0.5434304,0.11901282,0.1589841,0.10544874,0.12901883,-0.063683994,0.089054525,-0.24393013,-0.08892025,-0.28905204,0.25704402,0.036951024,-0.041713726,0.09516201,-0.77152973,-0.09929683,0.48831153,0.223417,-0.251069,0.03587089,-1.0341246,-0.003187528,-0.07305589,-0.16384786,-0.06762975,-0.18861572,0.041385688,0.0152661605,0.031842086,-0.09766567,-0.63314825,0.10206073,-0.11193592,-0.093826525,0.28025314,0.18755408
442,negative,-0.111294575,0.4076493,-0.08347669,-0.14173916,0.21238983,0.29823217,-0.2279244,-0.03560406,0.23339854,0.07366579,0.026038287,0.19441064,0.079467945,0.008624734,0.08209806,-0.05477963,0.0010414775,0.25780246,-0.48078007,0.117842555,-0.0004056381,-0.08965806,0.2995684,-0.10558095,0.05861131,-0.18658936,-0.1189531,-0.2428237,0.10373763,-0.34497288,0.20515868,0.30352303,-0.21633758,0.38007104,0.03741746,0.0842465,0.17471074,0.054100055,-0.20497026,-0.19300964,-0.4245466,0.25496984,0.3514363,-0.40879384,-0.158932,-0.09476915,0.4840404,-0.44707444,-0.13237731,-0.79010165,-0.14170559,0.0031698092,0.34344366,0.83591515,-0.20693608,-1.1927677,0.15720169,-0.15428676,0.7851448,0.48610672,-0.088701226,0.48843828,-0.2003552,-0.11901316,0.5434946,0.045081764,0.42973307,0.4240841,-0.041338418,0.06478298,0.20641637,-0.54125315,-0.2422078,-0.090987444,0.1431429,-0.26592532,-0.17916131,0.17822203,-0.73368454,0.122176364,0.42591473,0.07086308,-0.33923894,0.2708334,-1.0213509,-0.19978677,-0.057806153,-0.031378172,-0.31869388,-0.22012998,-0.2469845,-0.2719517,0.07401927,0.07136659,-0.145836,-0.18338598,-0.21897118,-0.1099401,0.18662262,0.343944
443,neutral,-0.22608961,0.19013803,0.19530727,0.2818044,-0.0118353125,-0.061990004,-0.15939349,-0.09527224,0.20339411,0.11713971,-0.05649884,0.047541857,0.01808214,-0.10424787,0.060025256,-0.10671809,0.061800737,0.1225899,-0.17811106,0.03225541,0.18229699,-0.17743999,0.1794322,-0.07013959,0.22875893,-0.051097326,-0.113141686,-0.35425586,0.024430986,-0.23418497,-0.040276192,0.29141733,-0.12754427,-0.083216734,0.063101396,0.12841983,0.24448612,0.0042089554,0.15180154,-0.1423605,-0.2957957,-0.12598401,0.08799759,-0.2314589,-0.17467155,-0.068174705,0.24969633,0.081093095,-0.3409682,-0.4227531,0.09080378,-0.06397814,-0.09502741,0.95567673,0.105722554,-1.3324586,0.08263899,-0.20946696,0.9456824,0.3303711,-0.23669343,0.16735587,-0.17630036,-0.07687791,0.71023226,0.08075457,0.041293394,-0.0104293125,0.11280056,-0.14744057,0.0009842735,-0.1643738,-0.023735821,-0.37263983,0.11849042,-0.2259195,-0.011990361,-0.07233957,-0.5050625,-0.035810832,0.259317,-0.090555176,-0.27706045,-0.09536939,-0.737848,0.015867699,-0.0046038926,-0.12654158,-0.054408394,-0.2105885,-0.18299322,0.14603822,-0.27147892,0.012777073,-0.20311524,-0.13725567,-0.006357582,-0.17400365,0.27635852,0.26536506
444,negative,0.20800702,0.29509044,0.27910972,-0.18105574,-0.052151468,-0.21120512,-0.07242875,0.11144499,-0.08045064,0.13909924,0.055322763,-0.10420307,-0.1392767,-0.029073004,0.18849973,-0.21659236,-0.24696785,0.2200984,-0.18587975,0.19522123,0.2834675,-0.13836116,0.2038588,0.09402737,0.3057965,0.03806626,-0.23058468,-0.35664988,-0.13645083,-0.06513853,0.009155367,0.240178,-0.0070978273,-0.048575465,-0.009327438,0.28964114,-0.04849682,0.099151544,0.20949866,-0.053871807,0.10576269,-0.25350544,-0.09326752,-0.2692135,-0.058602776,0.059222024,-0.13128863,-0.368141,-0.035475083,-0.7572276,-0.08866299,-0.15283327,-0.020332823,0.7510128,-0.20193054,-1.2786257,-0.044345923,-0.20314205,1.1718125,0.027892122,0.14661865,0.21278106,-0.25963494,0.03286003,0.29834118,0.11471047,0.36188373,-0.15292467,0.28742546,-0.14375147,-0.17679112,-0.10938707,-0.04130747,0.07579619,0.024007024,0.10257521,0.11458719,-0.13703752,-0.5463655,0.0987095,0.3471337,0.14665571,-0.14768612,0.098227456,-0.67071474,-0.28090414,-0.060545933,0.06465,-0.06977566,-0.22539885,-0.008835178,-0.034770243,-0.07214971,-0.28733018,-0.50424224,-0.13344328,0.15915285,0.0030873176,0.19625159,-0.13257754
445,negative,0.23484223,0.42251542,0.34656745,-0.32583356,0.018837433,0.016883431,-0.6805995,-0.082161844,0.14365157,0.43215966,0.23348935,-0.3702675,0.28155413,-0.02023602,-0.2214932,-0.44160122,0.2563995,-0.4594845,-1.2119546,0.0047326493,0.5124074,-0.21650967,0.21734716,-0.06703007,-0.14126864,0.55163443,-0.2612902,-0.025969362,0.6629124,0.31873304,0.19628419,-0.14600709,0.18521269,0.21194853,0.25042397,0.25911567,0.11400541,0.054489568,-0.22345753,-0.13900739,-0.7530781,0.4775391,0.42929402,-0.5604825,0.13416222,-0.48630878,0.19063772,-0.16049086,0.025864787,-0.37835428,-0.44225654,0.36182767,0.5093866,1.0950724,-0.2630647,-1.2238595,0.026000546,-0.1079333,0.89918345,0.17690141,0.04057833,0.11989777,-0.24464925,-0.42937157,0.3530986,0.37599912,0.4087495,0.09716384,-0.038927138,-0.05631207,0.6590627,-0.14897151,0.10634866,-0.40495488,0.23461378,0.07599133,-0.50611717,-0.16799071,-0.8638693,0.2461042,0.8663778,-0.33242145,-0.3108716,-0.16372961,-0.7094968,0.1544481,-0.46035737,-0.26098287,0.15191965,-0.51791203,0.16771989,0.17713164,-0.17532226,0.46228385,-0.46433458,-0.22799255,0.1318493,-0.27436692,0.27055523,0.14412233
446,neutral,0.1727135,-0.052796386,-0.11054882,-0.4974375,0.115950905,0.22624469,-0.0143860355,0.24059507,-0.15684392,-0.44835883,0.23298879,0.09877125,0.1785143,0.31210226,0.12805508,0.023309702,0.07914786,0.35661972,-0.2346686,0.16203858,0.57742476,-0.32309353,-0.20255506,-0.22224537,0.6002166,0.1991268,-0.31566513,-0.34142384,0.12132074,0.23695834,0.05730649,0.17692772,-0.052948296,0.2602137,0.03836939,0.23496202,-0.25144383,0.3957562,0.17895454,-0.18219243,-0.30169663,0.02241405,0.24413325,-0.10271639,-0.68103904,0.15361133,0.048501737,-0.14311221,0.072004385,-0.14087471,0.012090076,0.11261455,0.16242094,0.71678257,-0.05766562,-1.7203355,-0.36652446,0.37871328,0.6946634,0.18367544,0.30094758,0.68451434,0.11484784,-0.027715918,0.578853,-0.07046841,0.2206923,0.17359346,-0.22672242,0.045891378,-0.032192763,0.06467574,-0.018007614,-0.100131564,0.14430046,0.0702542,0.14764622,-0.027575292,-0.16122355,-0.097453594,-0.2539831,-0.14218095,-0.2912505,0.030864432,-0.6382748,0.02198789,-0.16779365,-0.2680355,0.25586104,-0.31782323,-0.075669505,-0.11550881,0.19671027,-0.06754843,-0.20787399,-0.61591613,-0.15953726,-0.48032206,0.58810204,-0.079104625
447,negative,-0.14182033,0.17324713,0.29424596,-0.14422186,-0.0029331194,-0.1448165,-0.22582518,-0.033388253,-0.04589898,0.20856719,-0.010322843,-0.14177783,0.13544898,-0.20848067,-0.039749008,-0.14458457,0.09810375,0.030469283,-0.24528623,0.13918631,0.24538994,-0.27265558,0.1560885,-0.017033596,0.053282067,0.019737845,-0.3058407,-0.21848378,-0.13500524,0.09457077,0.0043833004,0.4485773,-0.24206567,-0.12750009,0.06475844,0.12894684,-0.112181775,0.0060845413,-0.034524966,-0.12818803,-0.49203223,-0.03608025,0.17716222,-0.29471728,-0.066337794,-0.13015115,0.20203513,-0.2908929,-0.10138429,-0.7075242,0.15354425,0.0073535265,-0.02598717,1.0229318,0.11779576,-1.8816087,0.16010574,-0.11542999,1.5865465,0.2727744,-0.15896913,0.28694728,0.117841765,0.06707482,0.60969293,-0.073885635,-0.098004945,0.23509768,0.105993986,-0.16300946,0.2737155,-0.2642071,-0.12642367,-0.1763174,0.053031765,-0.10323832,-0.12902631,0.17783621,-0.7546257,0.105013624,0.6093995,0.037458036,-0.38689753,0.019815212,-1.261224,-0.0367609,0.2167036,-0.046051223,-0.3681908,-0.43063223,0.010001333,-0.024302034,-0.15371843,-0.034483876,-0.17484234,-0.08270309,0.053797696,-0.28318396,0.40707886,0.11068769
448,negative,-0.23778594,-0.2713203,0.030827397,0.12264724,0.05300265,-0.20615506,-0.24598151,0.1620714,0.0984165,0.20686805,0.023308324,-0.20819826,0.2276407,0.30190343,-0.018092541,-0.13942926,-0.012244533,-0.23639691,-0.82264733,0.16127081,0.2822405,-0.34780353,0.3863629,-0.008316274,-0.052414432,-0.055607095,-0.013557421,-0.39712188,0.4241574,0.12365142,0.02044697,0.12824708,-0.1265396,-0.033657737,-0.18567319,0.019040627,0.22181712,0.026807848,-0.20658794,-0.010696442,-0.5204702,0.0426285,0.46143568,-0.01074968,0.09370204,-0.40781772,-0.022699904,-0.008953239,-0.14607882,-0.3901414,0.37223527,0.04533986,0.2673998,1.1113716,-0.090632066,-1.5982587,-0.12140936,-0.1336917,1.1204935,0.33872497,0.007882094,0.17848863,-0.016594216,-0.19728078,0.60931844,0.19932488,0.15478541,0.5411273,-0.22889695,0.13545242,0.40000877,-0.47276646,-0.36744842,-0.45936552,-0.0030791482,0.06986036,-0.16075534,0.10845576,-0.6477162,0.07876613,0.61993504,-0.08662399,-0.13501717,-0.061055176,-0.7539472,-0.26824668,0.21509695,0.3524763,0.18709129,-0.25961047,0.18222907,0.0050472845,-0.23941876,0.21897313,-0.46528122,0.26618487,0.06102787,0.027447963,0.29516813,0.105018325
449,neutral,-0.027889268,0.1682487,0.119453914,-0.23813075,-0.18407674,0.30732417,-0.43658075,0.1820012,-0.043590236,-0.0018257851,-0.1369367,0.10913489,0.13544042,0.054722574,-0.06065384,-0.15269499,0.036826532,0.107138224,-0.35541898,0.16383012,0.40439913,0.06562753,0.09948647,-0.20547485,0.14497049,-0.1182651,-0.17362711,-0.30425417,0.52767676,-0.13962963,-0.17407061,0.4599654,0.18970846,0.019096311,-0.034854032,-0.036471162,0.029481916,0.13126922,-0.22327538,-0.22921978,-0.50218457,-0.085918404,0.3599591,-0.20879722,0.076142676,-0.101606995,0.37760678,-0.0024982835,-0.11116181,-0.6627284,0.20687328,0.17935658,0.18030672,0.8604068,-0.21418431,-1.5832121,-0.11035748,-0.048628986,1.1658959,0.16879456,-0.15690134,0.33711746,-0.24541177,-0.17240025,0.66260374,0.1855607,0.16720317,0.12550512,-0.008092642,-0.08738218,0.003229484,-0.24214412,-0.24884632,-0.35145992,0.092715904,0.2268996,0.18969461,-0.06198795,-0.695193,0.071116194,0.26192945,-0.2399602,-0.15800898,-0.011456997,-0.91580206,-0.23743492,-0.07633447,0.015363265,0.060881607,-0.061713982,0.016161209,-0.30708078,-0.00013238656,0.09548722,-0.27255157,0.05326891,-0.16532184,0.093603514,0.38630995,0.19345841
450,negative,-0.1337259,0.32248425,0.16326585,-0.05032369,-0.12764278,0.19693843,-0.20575525,-0.08220259,0.13163269,0.1252769,-0.17000565,0.037922975,0.34877294,0.10441717,-0.03201657,-0.20987782,0.030399993,-0.081633784,-0.48185602,0.21891192,0.31638238,-0.10731511,0.12735544,-0.0662331,-0.0030603416,0.039534245,-0.06877368,-0.23282172,0.26246083,-0.029962463,0.07836406,0.2435322,-0.07540271,0.059247877,-0.085059494,-0.05135282,0.04771352,-0.0012776364,0.008996771,-0.007978101,-0.4607695,-0.04333448,0.058994167,-0.32821134,0.1388676,-0.09201171,0.2633766,-0.08899772,-0.29401916,-0.6259767,0.11912936,-0.1637715,0.059270147,1.0074799,0.013903685,-1.7947687,0.04637105,-0.21209359,1.1846596,0.23705648,-0.060872402,0.6657539,-0.13428539,-0.3245782,0.6673093,0.1952586,0.25753605,0.1881729,0.062443618,-0.11489932,0.185346,-0.32942262,-0.17776775,-0.23264664,0.23814099,-0.045241836,-0.05124723,0.123784184,-0.74843025,0.12596081,0.48596278,0.1758024,-0.28556854,0.2049723,-1.090339,0.03404152,-0.15319525,-0.06693892,-0.07691214,-0.22974792,0.04350222,-0.1333707,-0.0274272,-0.042828403,-0.5458423,0.02021928,0.06469712,-0.1349424,0.44809362,0.09927815
451,neutral,-0.21056652,0.2891842,0.2500925,-0.027715698,0.0949336,-0.0071920194,-0.19899827,-0.04129393,0.054406725,0.06285205,-0.14450976,-0.09656443,0.264362,0.114117794,-0.17971875,-0.2533871,0.1744345,-0.078591995,-0.4440341,0.047334064,0.27840218,-0.07570214,0.23892607,-0.13954376,0.0009586022,-0.025919525,-0.13634616,-0.26995137,0.24879625,-0.15804085,0.012984267,0.27353254,-0.146796,0.082165696,-0.18977675,-0.023383105,0.014861398,0.014255686,-0.17082047,0.043199297,-0.53645176,-0.16091877,0.2201204,-0.23207445,0.10156536,-0.22192422,0.256319,-0.1382208,-0.17169538,-0.6877739,0.27509627,-0.00542705,0.13931097,0.90230507,0.1451112,-1.964083,0.19078466,-0.18097048,1.3397528,0.4086306,-0.11238214,0.41303852,-0.17831083,-0.31164235,0.72540414,0.009672882,0.17311583,0.28275207,0.07679794,-0.026344504,0.17158067,-0.34148854,-0.21944927,-0.18778084,0.14038923,0.03278375,-0.08408025,0.16898362,-0.9265857,0.062233858,0.53481454,0.088931076,-0.16721395,0.21080123,-1.1357183,0.06410067,-0.14903209,0.03349642,-0.015942935,-0.4791695,0.017145153,-0.051002335,-0.136246,0.168531,-0.4624066,0.017062798,0.0628109,-0.16348554,0.41336536,0.2739859
452,negative,-0.105488665,-0.070400365,0.34335905,-0.028380089,0.21530153,-0.12254535,-0.11824291,0.082627766,-0.13886206,0.18342106,-0.053976275,0.07172186,-0.05448222,0.04195436,0.047015656,0.017661504,-0.108020954,-0.0480877,-0.34550598,-0.22720207,0.46375602,-0.08348098,0.045918226,0.07688625,-0.0059731645,0.087490916,-0.23052397,-0.32201487,0.20634894,-0.23123866,-0.18305801,0.24597569,0.049329784,0.068298824,-0.28111303,0.14861812,0.16489281,-0.027083375,-0.11337156,0.07948326,-0.38397574,-0.36477825,0.22392248,-0.017523298,0.18514498,-0.19322772,0.12505135,-0.18782456,-0.12231253,-0.57195115,0.14966288,-0.08502709,-0.025219576,0.8550574,0.07179573,-1.9151886,-0.07328236,-0.17771846,1.139401,0.55368257,-0.27399242,0.10106812,-0.20041983,-0.10917987,0.38407522,0.043875854,0.14168218,0.19515419,0.10221735,-0.073246434,0.117816925,-0.22843125,-0.19760028,-0.3271371,0.032048807,0.0935248,-0.108804695,-0.0025437884,-0.71808887,0.15360191,0.4342946,-0.10422454,-0.31549478,0.01902489,-0.8761299,-0.09356599,-0.027654214,0.20709912,0.024128014,-0.46480304,-0.113407195,0.08270728,-0.33107468,-0.015573691,-0.44301507,-0.01429007,0.06747791,-0.14282627,0.35519397,0.277906
453,neutral,-0.30781087,-0.21425577,0.23578292,-0.5140729,-0.3342639,-0.33401635,-0.11930326,-0.13193963,-0.16750522,-0.2439441,-0.14588846,0.15051669,0.011706659,-0.02834825,0.14121479,0.19349186,-0.09868052,0.15703245,-0.41059503,0.23041199,0.3180166,-0.16151683,0.33594298,-0.3048728,0.385271,0.28374937,-0.40662816,-0.20441577,0.0857201,-0.16308749,-0.4152569,0.25558543,0.009797807,0.22212169,0.0017079283,-0.16476369,-0.106442295,0.083286606,0.16929701,0.043184064,-0.4689369,0.1998106,-0.18830194,-0.08353998,-0.11063642,-0.093224615,-0.032776862,-0.15148613,-0.36984444,-0.38347787,0.15990059,-0.052133996,-0.2531932,0.7668098,-0.056073844,-1.5488123,-0.3701519,0.053484626,0.76435786,0.36634618,-0.17517303,0.40983626,0.10206327,0.016631193,0.67963797,-0.0098950295,0.5105769,0.10857803,-0.0033059486,0.0878329,-0.08554874,-0.33273327,-0.05941808,-0.06468958,-0.05990103,0.07101302,-0.05329544,-0.110913746,-0.23652114,0.1045091,0.47293666,0.16864017,-0.369302,-0.32789382,-0.84701973,-0.16376501,0.028715232,0.12257912,-0.060445502,-0.17482263,-0.075981356,0.17215127,0.03243422,-0.23017722,0.063159995,-0.0026978657,-0.074453235,-0.075557694,0.14444987,0.030857427
454,negative,-0.08442341,0.3419438,0.1897952,-0.0017922138,-0.053349227,0.2510122,-0.33555368,-0.042147096,0.2022985,0.1478664,-0.070726454,0.0685416,0.3200519,0.05273024,-0.083886035,-0.16554491,0.12421639,0.08919861,-0.46746308,0.3234896,0.26837844,-0.11978223,0.20594175,-0.116896614,0.08800752,0.030921308,-0.19662233,-0.20890662,0.27824584,-0.11760044,0.2554339,0.21433121,-0.1496394,0.08969489,-0.026543135,-0.038548496,0.07983328,0.065220065,-0.057234183,-0.024170374,-0.507449,-0.0433137,0.09810778,-0.21156415,0.115406886,-0.041097872,0.25552973,-0.05010125,-0.3218892,-0.58420396,0.07994782,-0.06675723,0.17882356,1.0098629,0.061479833,-1.7349055,0.1010549,-0.21950737,1.3507187,0.32940394,-0.101252005,0.60722697,-0.16741236,-0.14080907,0.6669485,0.108534686,0.24614233,0.21258536,-0.0014531544,-0.22496969,0.1982497,-0.32648292,-0.13727921,-0.3407011,0.30081686,0.031798508,-0.07830052,0.14888781,-0.7863683,0.2362194,0.6204445,0.23766504,-0.26570258,0.28992686,-1.0803382,0.04094629,-0.010017347,0.025990881,-0.17932189,-0.26237023,0.06165662,-0.2269025,0.12752719,0.03184946,-0.42668465,-0.040425558,-0.06523588,-0.19841939,0.45898375,0.11784666
455,neutral,0.029925482,-0.055426355,0.3557944,-0.18914598,-0.13080053,-0.13197882,0.2058947,-0.18667227,-0.03691668,-0.05443833,0.0979057,0.11242232,-0.076965936,-0.11899171,-0.0685056,-0.14508758,-0.11090678,-0.18150912,0.019963147,0.07603832,0.10648091,0.121759504,0.14777774,0.17583871,0.46900108,-0.010566926,-0.21765868,-0.16567665,-0.1598084,0.04809646,-0.13634382,-0.013166916,-0.013707714,0.19323488,0.26334083,-0.37085629,0.110050835,-0.023500372,0.2795308,0.01744889,-0.18152945,-0.039559197,-0.1293381,0.1524355,0.18350041,0.41101483,-0.21931909,0.2115485,0.055276427,0.05939278,-0.27853882,0.27006316,0.08384332,0.09374078,0.00039723574,-0.07948339,-0.1278172,0.06647318,0.12284902,0.12182698,0.056468066,0.40358225,-0.2112525,0.24141921,0.05926909,0.31956813,-0.2813073,0.22022375,0.053627405,-0.10612972,-0.16554995,0.13832337,0.17191443,-0.25239012,0.06260375,0.32820135,-0.14769132,0.021384895,0.21132524,-0.016800132,0.10867349,-0.106919006,0.17034899,0.14054371,0.14271034,-0.21765846,0.021476036,-0.04401424,0.19501482,0.19083694,0.04990394,0.29780832,0.17456345,-0.18278974,0.2220301,0.08940576,0.10393872,0.025254762,-0.204516,0.24924287
456,negative,-0.04071069,-0.012618972,0.36751604,-0.12664723,-0.007765075,0.010795518,-0.17689764,0.3328106,0.17375849,0.16661088,0.26127872,-0.05915911,0.06553228,0.0710412,0.12052258,-0.30903453,0.038646396,-0.07748975,-0.3101157,-0.12119179,0.44950816,0.061293807,-0.022605935,-0.32768458,0.07095703,-0.083372355,-0.28498203,-0.17525059,0.2304645,-0.12788615,-0.038480077,0.31345353,0.25534147,0.16454864,0.17585771,0.2681918,0.16315557,0.14152728,0.21018498,-0.14135946,-0.0982133,-0.26937324,0.2185285,-0.04399404,0.3282496,0.23471409,0.064591914,-0.0014340596,0.12893336,-0.24691331,-0.017220601,0.1507834,0.099446096,0.793549,-0.18983857,-1.8798014,-0.16620031,0.014521904,1.5251331,0.18467009,-0.22307806,0.4727194,-0.09598813,-0.16176769,0.27328166,0.021746175,0.046575725,0.04623127,-0.09478557,0.07563203,-0.19136922,-0.32900432,-0.023970708,-0.4017831,0.14236964,-0.08788224,0.35165355,0.072942905,-0.57862175,0.12563764,0.47650853,-0.05985389,-0.23841295,0.10711874,-0.74675554,-0.1307703,-0.014004628,-0.07402018,-0.136409,-0.26755652,0.08003513,0.019936554,-0.107358016,-0.17317571,-0.46291968,0.29152325,0.08688447,0.15508568,0.5995152,0.14617
457,neutral,-0.24274825,-0.10374515,0.21834572,-0.24935028,0.18899284,0.00061708625,-0.002354832,0.105985716,-0.24745852,-0.10042048,-0.0026287585,-0.16211566,0.08647477,0.08774837,-0.038190417,-0.18761697,0.24049194,0.070621364,-0.5011415,0.053949017,0.2412312,-0.014807658,0.21148592,-0.0033065537,-0.05532898,-0.03596699,-0.25852492,-0.34029904,0.2165991,0.026965754,0.037210353,0.41487974,0.13466056,-0.023273895,-0.15990832,-0.01690134,-0.10427744,0.023780078,-0.021524748,-0.0018114097,-0.32671335,-0.14232193,0.34629604,-0.020490574,-0.07478534,-0.085494995,-0.033559643,-0.27599603,-0.15210593,-0.430579,0.18213297,0.1708861,0.27923757,0.5470209,-0.12142332,-1.7703217,-0.08665897,-0.21484816,1.123669,0.42525378,-0.2693464,0.26784396,-0.06263639,-0.032197867,0.613444,-0.0028694533,0.17497456,0.29263008,0.06893222,0.031987775,-0.033880085,-0.057350878,-0.041583955,-0.16162007,0.061599102,0.064783685,-0.058939386,-0.007960537,-0.57788754,-0.043529943,0.17064498,-0.10991419,-0.05234047,-0.04562914,-0.73559517,-0.22417498,0.107836455,0.016277261,0.15811773,-0.21404503,-0.046967294,-0.14442077,-0.0744869,0.3912583,-0.3061318,0.19408661,0.01153816,-0.064686835,0.24349855,-0.20163669
458,negative,0.11255655,0.13342763,0.3304001,-0.17285731,-0.16961578,-0.14832507,-0.23709762,-0.06306403,0.04672151,0.059938125,0.12813209,0.106757335,0.18680678,-0.20273915,-0.025914505,-0.23752938,0.015099275,-0.09512826,-0.61036265,0.19851783,0.30204937,-0.11961019,-0.011725356,-0.106694125,0.10195457,0.12583783,-0.25391024,-0.35512465,0.26349124,-0.1805186,0.046606928,0.59290075,0.0029069067,0.09816557,0.11612703,0.25300342,-0.0015579129,-0.14909884,0.13271192,-0.1813179,-0.37458453,0.036041353,0.17940827,-0.5053825,-0.25435835,-0.2387803,-0.071806304,-0.15501001,-0.022765087,-0.82163596,0.0831641,0.13668564,0.16312264,0.86820394,-0.049564146,-2.118002,-0.14792648,-0.21877839,1.398961,0.31304112,-0.27692565,0.37616897,-0.36943752,-0.5127587,0.571361,0.0520548,0.2828504,0.6118889,-0.2956085,-0.25536123,0.092397,-0.34048748,-0.5340449,-0.5584759,-0.13391063,-0.12363718,-0.27885264,-0.041311957,-0.9905989,0.2853656,0.6663876,-0.4572027,-0.08839595,-0.19570683,-1.1904523,-0.06926927,-0.10450837,0.22386657,-0.15175398,-0.32900202,0.070419736,-0.061481122,-0.36038128,-0.009949177,-0.55714166,0.01456412,-0.021426452,0.070817076,0.51991016,0.031222336
459,neutral,-0.35828424,0.24582648,0.38809258,0.07661547,0.005393185,-0.24840777,0.018721623,0.009900114,-0.3888005,0.26949078,0.27810946,-0.0019990036,0.37272048,0.26459715,-0.073695086,-0.3003861,0.35132784,-0.2443286,-0.44130358,0.2490624,0.4207806,-0.04781762,0.5418494,-0.14064318,0.020181023,0.17671348,-0.4701275,-0.1748635,0.2287737,-0.15387557,-0.26331508,0.22910789,-0.22222848,0.14053617,0.22970451,-0.10519969,-0.19861533,0.2039949,0.044305332,-0.02756042,-0.554252,-0.10409198,0.16395542,-0.22189145,0.76554704,0.19056094,0.117111616,-0.08275067,-0.05834723,-0.2402871,0.050645255,0.24705757,0.16771923,0.97663057,-0.18219386,-1.8866283,-0.37358168,-0.30300054,1.527303,0.36405003,-0.3695838,0.32887924,-0.10622155,0.22550812,0.3692391,0.29557708,-0.013454601,0.3810811,0.12869965,0.25126565,0.22468798,-0.17952381,0.15510103,-0.15452448,0.119513385,0.23652579,-0.054028567,0.110236555,-0.78326577,0.13083175,0.6309917,-0.043935444,-0.18965137,0.15368533,-0.7393869,-0.13830923,0.0518375,-0.02886967,0.10672357,-0.21167986,0.04301392,-0.029075442,-0.09318831,0.04236302,-0.41044825,0.27253643,-0.36425552,-0.037007824,0.38743004,0.082815416
460,negative,-0.34979534,0.2587544,0.26039284,0.10637338,-0.14930771,-0.43266857,-0.030275168,-0.3178926,-0.16985227,0.6793429,0.039671145,-0.13045833,0.30010012,0.06803273,-0.040894277,-0.37660068,0.18727624,-0.28431568,-0.13072568,-0.2810996,0.43151635,-0.38030958,0.20837289,-0.20043774,-0.009947577,0.16467363,-0.51082045,-0.015082306,0.24426498,-0.009687927,-0.23709714,0.12862568,-0.13324098,-0.21015605,0.30541486,0.054218028,0.08963685,-0.13779688,0.15754482,0.10067253,-0.37785667,-0.36087313,0.083515234,0.012603741,0.61581665,-0.09694349,0.24624568,0.06370059,-0.18205595,-0.108786836,0.3268645,0.45736802,0.1102574,0.8004976,0.062246762,-1.5209682,0.115108676,-0.4993768,1.3966937,0.38998765,-0.14898266,0.41597506,0.24889284,-0.033453915,0.29887182,0.22535717,-0.24905863,-0.010623465,-0.17560492,0.23140605,0.26402706,-0.30811182,0.12556167,-0.14621308,-0.06466775,0.04157144,-0.023346655,0.23859684,-0.7434906,0.2941273,0.66636896,-0.340383,-0.099578634,0.47871456,-0.7502456,-0.08414836,0.1144839,-0.03189518,0.08768933,-0.28937957,-0.22727877,0.050914004,-0.12930284,0.07847142,-0.28661093,0.1299995,-0.2558539,-0.14675197,0.24410775,0.18929434
461,negative,0.07705756,0.26294988,0.2357868,0.14720908,-0.054166336,-0.58505005,-0.33630335,-0.22244771,-0.023738217,-0.14630988,-0.02038098,0.019318404,0.16654742,-0.1959167,0.1322251,0.1086479,-0.3504541,-0.07492285,-0.070971735,-0.16864538,0.51836455,-0.11830836,0.07802492,0.34218556,0.16308065,-0.15803295,-0.2232683,-0.18155754,-0.06451204,0.06077919,-0.016489659,0.02539574,-0.11969002,0.08622814,-0.19538288,0.16230589,0.33070812,-0.06585863,0.014093715,0.028607955,-0.4293353,-0.3826414,-0.07645156,-0.06873754,0.25750777,0.08822328,0.3478797,-0.061666567,0.066182785,-0.88574785,-0.051060226,-0.042676225,-0.025935326,0.8010065,-0.07416367,-2.0972395,-0.047964875,-0.2814367,1.5902191,0.2541554,-0.27824092,0.33657816,-0.26379675,-0.019852104,0.40206325,0.111053504,0.25934917,-0.24602745,0.43583947,-0.104026824,-0.026500346,0.017821807,-0.45641258,-0.12843667,-0.049356654,-0.20742238,0.013505409,0.163446,-0.66482913,-0.004724494,0.66893226,0.2355688,-0.3992244,0.022626853,-0.69611585,-0.50752914,-0.16194774,-0.3361733,0.17763662,-0.27752513,-0.09515016,0.1435513,-0.43877578,-0.015183417,-0.53075475,0.16580884,0.3286322,-0.12595432,0.49144548,0.13917105
462,neutral,-0.06078487,0.17009792,0.4490479,-0.4496683,-0.11373334,-0.21497366,-0.33884948,0.011970376,-0.043815468,-0.41392717,0.0451573,-0.06478267,-0.21426447,-0.35368705,-0.03895506,-0.39468038,-0.1179045,0.35390273,-0.39636302,0.3913932,0.16247837,0.17166059,-0.21437457,-0.09797543,0.19720548,0.05286924,-0.3118452,-0.62062234,-0.12498962,-0.47091696,-0.08861497,0.55465025,0.09398849,0.04109558,0.062668316,0.47401986,-0.026428172,-0.10658395,-0.046010606,-0.092157304,-0.005599961,-0.3432031,0.20121956,-0.007920045,-0.27215466,-0.27624193,-0.033253085,-0.1990536,-0.00208368,-0.9944295,0.075303644,-0.08216047,0.11091244,0.5283582,0.15059677,-2.0418017,0.12667681,-0.07803481,1.1329792,0.06220607,-0.23672394,0.3315093,-0.30011246,-0.2099199,0.4139048,0.14118186,0.24149871,0.56897056,0.1283235,-0.3186747,0.1445967,-0.12495026,-0.38154683,-0.4132766,-0.0112531455,0.14329171,-0.2500736,-0.13642374,-0.5570919,0.075729355,0.47886422,-0.2692518,-0.058730528,-0.47344017,-1.1042429,-0.25647107,0.053401675,-0.12031657,-0.30116054,-0.3851268,0.13780083,-0.16781111,-0.18081422,-0.05917435,-0.5326109,-0.08085391,0.1958403,0.050592437,0.33341515,-0.24226284
463,negative,-0.02047297,0.33870265,0.0737042,-0.03341659,-0.20443834,0.063329846,0.089047,0.26930928,0.14863843,0.39305252,0.08744273,0.061166078,0.39854982,0.22487894,0.18533511,-0.20181343,0.10616421,-0.04178308,-0.6712065,0.3230846,0.4713633,-0.030484099,-0.015964614,0.103423566,-0.5203617,0.08547146,-0.14015192,-0.3849098,-0.17498545,0.34495646,0.13704768,0.28553447,0.13311441,0.4568119,-0.18075947,0.12710154,-0.32880268,0.25888827,-0.13989271,0.12833022,-0.28437108,-0.02473644,0.094289914,-0.35286126,0.5619599,0.11478668,0.24487886,-0.034176596,-0.20424375,-0.41423088,0.112356134,-0.17285112,-0.122613035,0.9011856,-0.13576068,-2.2086883,-0.16206309,-0.44679004,1.608366,0.6486973,-0.004970028,0.45714048,0.10877685,-0.08809498,0.28397045,0.22871572,0.11927867,0.11255787,0.0025814883,0.23179278,-0.122680545,-0.3040445,-0.18274349,-0.08025348,0.4551426,0.11552301,0.2640739,0.12652357,-0.86858,0.033087846,0.7717985,0.12588666,-0.27582407,-0.027574535,-1.3105445,-0.013237803,0.4062836,0.14348857,-0.36288422,-0.048447203,0.5578848,-0.20266329,0.031759813,-0.039827,-0.7298762,0.6490817,0.24563777,-0.08782769,0.65314424,-0.18041201
464,neutral,-0.0032949196,0.08078222,0.23326913,-0.3059238,0.18041515,0.021199502,-0.05659688,0.14603099,-0.42547432,-0.25089455,-0.14952405,-0.23130885,-0.012129668,-0.00036031162,0.024545275,-0.20059426,0.449809,0.018284502,-0.49172643,-0.1163357,0.3815047,-0.12031955,0.10223897,-0.022215141,0.1677023,-0.07699815,-0.2941515,-0.20982808,0.23834042,0.022076195,-0.015699238,0.36583444,0.16199416,0.116023235,-0.31830195,0.23454799,-0.16310553,0.080822356,0.1971048,0.033747546,-0.30955622,-0.22246592,0.13355544,-0.13186616,-0.10829731,-0.19025111,0.21278076,-0.36559385,0.02405964,-0.4256102,-0.0111881,-0.18770133,0.40038702,0.48842025,-0.2433086,-1.8994663,-0.109758586,-0.09700194,1.0710218,0.195962,-0.109676294,0.54173946,-0.056753613,-0.20360556,0.3142958,-0.0391307,0.30467275,0.4265565,0.1524435,0.026298467,-0.12946397,0.00768719,-0.21858168,-0.26119494,0.0022631711,0.06946451,0.19012174,0.10775622,-0.69073397,0.037117142,0.22740053,-0.05039674,-0.2770066,-0.042480588,-0.6547594,-0.27112427,-0.24106762,-0.34903264,0.29459304,-0.16374153,0.09567314,-0.15320866,0.011386944,0.30234283,-0.5422588,0.039497036,0.14498052,-0.20468225,0.24078676,0.025610924
465,neutral,-0.07187069,0.027179686,0.52894455,-0.0988491,0.123937495,-0.064117014,-0.22275148,0.02504449,-0.25407773,-0.028798956,-0.15462038,-0.20589924,0.1990201,0.024784354,-0.12055035,-0.27894154,0.34164414,0.16495562,-0.5221743,0.22984017,0.07753497,-0.25589693,0.28789297,-0.07848431,-0.19938004,-0.030628907,-0.054928914,-0.43978286,0.42027807,0.085418604,0.044962127,0.66325605,-0.012934398,-0.068919435,0.03408898,0.2795037,0.041218977,0.09414982,-0.13596858,-0.19617727,-0.5481472,-0.028335547,0.64209855,-0.27923602,-0.1044941,-0.15074198,0.06793932,-0.25849816,-0.20939839,-0.6029277,-0.038554136,-0.13091286,0.13360581,1.0069005,-0.107029885,-2.1029449,-0.035234265,-0.04439738,1.1655369,0.28771648,-0.29206175,0.27961096,0.019547079,-0.21246003,0.7322346,0.09541691,0.28001395,0.7236041,-0.18726009,0.15363316,0.20715672,-0.38737538,-0.3641595,-0.48970136,-0.082446165,-0.071661875,-0.31836468,-0.09861076,-0.512104,-0.028762333,0.42226514,-0.2584916,-0.16332792,-0.07597363,-1.0293554,-0.17263292,-0.08851449,0.20602164,0.2340613,-0.6549516,0.01754471,-0.03285072,-0.11907161,0.13083526,-0.5678692,0.082125254,0.10767698,-0.28696692,0.43674663,0.071328305
466,neutral,0.015454798,-0.054322332,0.06470452,-0.19141878,0.0023115594,-0.10740898,0.061326183,0.059928555,-0.015876766,0.55581385,0.0965544,-0.094532184,0.15079881,0.16517906,0.12155107,0.039090395,-0.11716993,-0.22550374,-0.65181553,0.35187465,0.090218395,-0.15153147,0.05547921,-0.008703811,-0.15673798,0.012047285,-0.009851392,-0.33613312,-0.09612717,0.11620261,-0.16110253,0.011266897,0.12955403,0.017558793,-0.10553499,-0.23686226,0.00414842,0.011404085,-0.06521121,0.22504656,-0.45942935,0.03266241,0.31380188,-0.116653115,0.08786326,-0.25448722,0.14162804,-0.1802976,-0.021584054,-0.6707488,0.064465195,-0.103167966,0.027585259,0.7689584,-0.3273912,-1.6816167,-0.22079213,-0.042305358,1.2502729,0.34340206,-0.1248268,0.4112167,-0.054287713,-0.1763278,0.6648831,-0.15746439,0.19091691,0.34794384,-0.32916713,0.19862035,0.047242567,-0.3356733,-0.29708928,-0.31508127,-0.016940147,-0.037904706,0.016883424,0.008166968,-0.7530437,-0.074947104,0.497685,0.16915412,-0.11407434,-0.2811236,-1.0280037,-0.3108077,-0.121897615,-0.009311421,0.06253694,-0.13917531,-0.025329731,0.11067261,0.07962237,0.22592254,-0.19033052,0.059790164,-0.23779906,-0.39348504,0.19752158,-0.24513382
467,neutral,-0.253038,-0.04183268,0.17205112,0.21186116,0.0011724734,-0.10987301,-0.23607597,0.050963745,0.0726782,0.011939775,-0.21505855,0.07378346,0.05282018,-0.020250527,-0.049398962,-0.11897537,-0.10981667,-0.22888637,-0.43477044,-0.13274889,0.19449987,-0.049163673,0.08297339,-0.038781293,-0.102198526,-0.24842912,-0.007145403,-0.010685592,0.15258938,0.095373064,0.078260735,0.2262638,-0.029102376,0.07847428,-0.132538,0.19883941,0.07427991,0.07247168,-0.13181254,-0.058043115,-0.5084656,-0.22626661,0.29598996,-0.07134105,-0.02084658,-0.2867069,0.08923475,-0.09112275,-0.13532533,-0.6138607,0.21360905,-0.14214781,0.2017179,0.7720792,-0.077678874,-1.7581435,-0.069236346,-0.11632768,1.1891847,0.36150116,-0.17974992,0.15012391,-0.06661752,-0.15744269,0.48664773,0.11430737,0.11962534,0.44861266,0.17963286,-0.06717001,0.06553927,-0.12403122,-0.26049224,-0.46456417,-0.037749168,0.09265915,-0.1877363,0.16096382,-0.64098924,-0.05786914,0.30558273,-0.024781996,-0.11418058,-0.08622135,-0.6764503,-0.25640655,0.020283027,0.24056542,0.12557042,-0.38197482,0.005704338,-0.030300431,-0.17248458,0.14407663,-0.46205232,0.14111118,-0.036876813,-0.15095381,0.35629424,0.12009669
468,neutral,-0.12955342,0.15093744,0.18256168,-0.068492286,-0.027097266,-0.46785018,-0.018900547,0.067410655,0.068710774,0.07245831,-0.051303614,-0.053565,0.15474214,-0.043216027,0.092421904,0.0065577263,0.038739882,-0.11869349,-0.30752534,0.13311996,0.18428698,-0.21795599,0.027734602,0.09921304,-0.11811865,-0.12547581,0.023998067,-0.25050914,-0.058733042,-0.07803315,0.11623337,0.20930535,-0.036725197,-0.029778877,-0.092502974,0.3735862,0.0645967,0.04608192,-0.01394469,0.05901553,-0.49532884,-0.26866955,0.022787582,-0.13554536,0.03944187,-0.22783574,0.20025791,-0.24244481,-0.13541664,-0.8428887,0.19358619,-0.227602,0.18661027,0.7701877,-0.22399321,-1.9461356,-0.18930764,-0.2935556,1.294024,0.4313084,-0.31607842,0.4614535,-0.09252735,-0.09978557,0.5612603,0.099782266,0.12559417,0.3860773,0.26825082,-0.07253799,0.19718735,0.08043486,-0.3530961,-0.36881214,-0.1843474,-0.170342,-0.033113908,0.1598552,-0.88502365,-0.014797875,0.40954843,-0.016927727,-0.09579324,-0.057064127,-0.99762595,-0.4007057,0.08913405,-0.076692104,0.010183273,-0.19384149,0.081700794,0.027433673,-0.15752447,-0.093475245,-0.36999762,0.06482224,-0.11020851,-0.17755981,0.31537935,-0.064386606
469,neutral,-0.12781194,0.15458457,0.52032584,-0.0117518585,-0.3094038,-0.1513298,-0.24331681,-0.049348008,0.0041651954,0.12552105,0.17751564,0.061493907,0.22960274,-0.15929572,-0.017762562,-0.26750398,0.026700161,0.19069058,-0.1275668,0.13704494,0.24683565,-0.015766772,0.1395146,-0.21152458,0.00013019558,0.03238257,-0.25616825,-0.20699665,0.18630828,-0.15251882,-0.11895079,0.3898582,-0.2230563,0.088495135,0.16809562,0.09438574,0.04131863,0.15672326,0.18528159,-0.03509588,-0.45881182,-0.11672156,-0.018921517,-0.104343824,0.10114175,0.07233709,0.15918863,-0.18529493,-0.24416222,-0.7079668,0.19607888,0.23208953,-0.044594094,1.055763,0.105313204,-1.7739003,0.30558014,-0.029238401,1.3906752,0.26301485,0.02515808,0.655162,-0.174488,0.0021184164,0.5380176,0.028511694,0.24110804,0.042444263,-0.12054788,0.052538518,0.016784146,-0.37768298,0.08043191,-0.25002426,0.14719686,0.15542872,0.18634506,-0.013444494,-0.4585767,0.09941104,0.34133646,-0.17347296,-0.53402513,-0.036122944,-1.130264,-0.3768735,0.28962466,-0.017790832,-0.09077719,-0.21168154,-0.12702145,0.008049822,-0.04332231,-0.05674143,-0.07871982,0.1393061,-0.12548399,-0.19777733,0.31704322,0.005256197
470,neutral,-0.113778755,0.12565418,0.19696581,-0.23600285,0.112581626,0.12521864,-0.11867183,0.054569874,0.043357924,-0.045826096,0.042879585,-0.028976284,-0.038085017,-0.13642332,-0.10319163,-0.18124984,0.07657734,0.0622001,-0.37989944,0.15878345,0.34818983,-0.008288177,0.020660771,-0.024639376,0.012961344,0.07284847,-0.32965076,-0.28085014,0.4091547,-0.12597114,0.23116347,0.52543885,0.10607523,-0.0151482895,-0.16363709,0.28594494,-0.05840937,-0.08335395,-0.24173549,-0.057923667,-0.33343858,-0.082257,0.13328373,0.021722496,-0.38597172,-0.24328327,0.085735835,-0.25069073,-0.085467465,-0.6673193,0.07021189,-0.15801382,0.072530426,0.66493344,0.13133544,-1.604632,0.05309681,-0.012501238,0.8007412,0.17721404,-0.23155658,0.3846181,-0.1407123,-0.21415998,0.6390477,0.002555841,0.20161262,0.31794542,-0.055541508,0.11714683,0.09346782,-0.07066538,-0.43272018,-0.27738467,-0.26750064,-0.17791203,-0.15850416,0.14092126,-0.5774697,0.043566532,0.34552893,-0.087406844,-0.00067548634,-0.09412713,-0.7915481,0.039716523,-0.100311585,0.035622213,-0.14680377,-0.40684602,0.027995067,-0.029788988,0.07990912,0.00799705,-0.26938814,-0.14995065,-0.0744802,0.124956325,0.124948435,0.10234276
471,negative,-0.041989025,0.1209491,0.23625614,-0.1745511,-0.069598086,0.16593748,0.00074765447,0.30033547,-0.15832606,-0.15750551,0.019084617,-0.08168132,-0.0043087914,0.0020661473,0.120943055,-0.17038758,0.07765034,0.12164202,-0.23079678,0.35958427,0.16667295,0.02138077,0.21042688,-0.36570433,0.34591305,-0.118942834,0.11351713,-0.2587971,0.036667734,0.020096378,-0.16763306,0.32271552,0.14208418,0.18885963,0.0017561287,0.14710253,-0.16028216,0.29369923,-0.021490552,-0.18470049,-0.16426921,0.0823539,-0.05366157,0.03633604,-0.2035631,-0.025067478,-0.065902404,-0.10129247,-0.029164452,-0.570793,-0.0050242054,-0.29783177,0.17943983,0.5819952,-0.021770192,-1.9331268,0.11699137,0.06821727,0.8366052,0.1743711,0.14051697,0.6891946,-0.29886717,-0.22349979,0.46725926,0.036975145,0.39123377,-0.013493856,0.04210162,-0.056470092,-0.029473657,-0.06767577,-0.20069593,-0.14782147,0.1915854,-0.04140082,0.158757,0.12634665,-0.4740028,0.0910931,0.2713955,0.18851964,-0.25613126,0.031532973,-1.0364997,-0.14865029,-0.34992215,0.00703759,-0.08298675,-0.24898238,0.08831824,-0.082116395,0.034985505,-0.0017573663,-0.5508346,0.0073938477,-0.13291581,-0.12809123,0.31863135,0.2301021
472,negative,0.038642094,0.5040949,0.256207,-0.050561864,-0.0033654356,-0.023715036,-0.14980307,0.07486587,-0.13654734,-0.13883261,0.16839248,0.056433577,-0.08653521,-0.058472507,0.023855682,-0.38128656,0.14525682,-0.03367403,-0.35331059,0.22885916,0.3150509,0.04797186,0.03406812,0.17294595,0.07580835,-0.02027199,-0.04896655,-0.26609412,-0.1362138,-0.15113552,0.056357037,0.516771,-0.10613856,-0.094032966,-0.027260901,0.31677374,-0.08158468,0.20143625,-0.16048478,-0.08774143,-0.28941604,-0.16775449,0.019867195,-0.17295882,-0.024835665,0.10617419,-0.26241642,-0.20399974,-0.15236379,-0.7421017,0.04586886,-0.21090135,0.14504005,0.828051,-0.12656227,-1.8741641,-0.04307507,-0.19995475,1.5006658,0.23112014,0.10168491,0.27286404,-0.26250684,-0.13832061,0.32920355,0.1708488,0.099415205,0.16429329,0.34014198,-0.17006445,0.040464822,-0.18772705,-0.278047,-0.19558343,-0.025147697,0.031941026,-0.2494107,0.15628612,-0.6746237,0.20313409,0.50797945,-0.0009211411,-0.20298408,-0.038523912,-1.1328487,-0.010929257,0.08899356,0.00084141357,-0.15905942,-0.29122895,0.16034687,-0.050265763,0.0936251,-0.19053309,-0.6573267,-0.027861342,0.25879773,-0.024469314,0.5498908,-0.02541673
473,neutral,-0.13662124,0.2266698,0.2848068,-0.13046594,0.01826927,0.054368548,0.016580585,0.077445984,0.116276935,-0.088914536,-0.0026605816,-0.030302495,0.3675043,0.12214645,0.061943896,-0.11917548,0.426015,0.2183063,-0.27090424,0.12904724,0.18152535,-0.00050429243,0.090721756,-0.24501014,0.26741427,-0.14501198,-0.36311328,-0.49293968,0.10057712,0.09121444,0.052790258,0.32080576,0.048986204,-0.11044203,-0.027158933,0.3481745,-0.06347757,-0.050142203,0.07742397,-0.253078,-0.09546076,-0.10346841,0.16876245,-0.23101544,-0.08014293,0.15586056,-0.18233883,-0.35554913,0.057274982,-0.3751191,0.28400695,0.017628253,0.23560926,0.6990671,0.13742094,-1.4876882,0.095791996,0.12439204,0.78268844,0.31221953,0.07320048,0.55894387,0.06488454,0.009056375,0.7225232,0.1767052,0.38341343,0.3381384,0.059269287,-0.25121745,-0.1380633,-0.12146179,-0.05382118,-0.28916076,0.1964918,0.021007195,0.035287276,0.08997702,-0.5329275,-0.018838758,0.04337305,-0.12764966,-0.1711507,-0.1256096,-0.8740862,-0.027499765,0.077361,-0.06645569,-0.04694977,-0.28948635,-0.06682804,0.025019612,0.3623807,0.05861092,-0.22411117,-0.09683966,-0.17278822,-0.08517126,0.17208356,-0.019524718
474,negative,-0.020320054,0.14626409,0.32217792,-0.3420094,-0.24688682,-0.01606341,-0.00054303074,0.14879884,-0.15544628,-0.33581308,-0.03408848,-0.072046004,0.017614126,0.09337226,0.040660948,-0.1840798,0.032281235,0.23167746,-0.3644874,0.5290569,0.13873227,-0.14444625,0.15968123,-0.2095924,0.3522088,-0.041397735,0.022556357,-0.346887,0.049532857,0.0028050381,-0.20912643,0.39745188,-0.0072920886,0.12128281,-0.03352034,0.18291485,-0.28213155,0.25226215,-0.047231235,-0.1923653,-0.23238401,0.14934051,-0.117516786,-0.06694573,-0.29325992,-0.032691978,-0.11394163,-0.16316374,-0.13901627,-0.73758703,-0.022123046,-0.27380595,0.11148448,0.58129495,0.014549389,-2.0159054,0.16853365,0.019750291,0.8870714,0.19031085,0.06401466,0.7123161,-0.26516473,-0.30448705,0.594635,0.039984442,0.29698116,0.096971594,-0.048528656,-0.08540735,-0.01945426,-0.122969374,-0.22653683,-0.05510945,0.26170355,0.057836227,-0.04451046,0.017224506,-0.6165461,-0.023570605,0.24624829,0.32760134,-0.30775574,-0.04022861,-1.3083191,-0.2176794,-0.41361472,0.037304576,-0.22499426,-0.41891402,0.033575594,-0.17035192,0.13460718,0.030558769,-0.48126006,0.06765557,0.0076069795,-0.19769487,0.24209802,0.25065905
475,negative,0.0057778805,0.38387328,0.26840797,-0.056488723,0.055768654,-0.13963118,-0.0757913,0.20957509,-0.17277181,0.23280019,0.20098549,0.07556027,-0.0020945712,-0.04368199,0.024434324,-0.45577118,-0.11724078,0.07250305,-0.30334327,0.23778348,0.3954128,-0.043808755,0.10144036,0.39559153,-0.027128141,-0.045330793,0.05611738,-0.16703771,-0.24721545,-0.2337688,-0.043807898,0.29155767,-0.09752874,-0.14585833,-0.04849775,0.26929903,-0.021515401,0.067709774,-0.035397083,0.07432959,-0.20508653,-0.36030874,-0.008245259,-0.027079977,0.12127823,-0.018558636,-0.0770149,-0.37630546,-0.21378438,-0.8301924,0.2676208,-0.16878875,0.17754641,0.9821696,-0.21648358,-1.8577199,0.06978592,-0.41265616,1.5315044,0.10264129,0.065148436,0.2671059,-0.29372668,-0.046551228,0.25290862,0.25473207,0.059959713,-0.09674679,0.3458213,-0.23685963,0.02771477,-0.16035779,-0.30438292,-0.0046569793,0.051853083,0.092596136,-0.21483277,0.10204338,-0.7696866,0.12221899,0.5973699,0.19960618,-0.15608755,-0.0067550787,-1.1078376,-0.18870592,0.092113525,-0.100981735,0.030890234,-0.24928105,0.03945774,0.065064,-0.11436071,-0.39779103,-0.6247693,0.064988256,0.28974676,0.0027538715,0.7550768,-0.17882963
476,neutral,-0.27660716,0.17334892,0.35944125,-0.38158235,0.002200765,-0.15552872,-0.07698388,0.46400982,0.020958489,0.2977032,0.23597488,-0.028923208,0.32514077,-0.08708713,-0.119039916,-0.22665867,-0.23175777,-0.03822013,0.034754686,0.117955305,0.30667064,-0.018256541,0.5380291,0.010924281,0.052534994,0.19251287,-0.25161412,-0.06519411,0.23134878,0.04948275,0.025171544,-0.20018485,-0.105615295,-0.14546885,-0.23427282,0.008222881,0.03609938,0.0564656,0.07043304,-0.049712963,-0.2540284,-0.32613558,-0.08227214,-0.19878496,0.0514394,-0.04563252,-0.037667837,0.045878008,0.042856794,-0.5480885,-0.14658318,0.2715345,-0.0075579165,0.693712,-0.5160522,-1.2443081,-0.2104508,-0.2942758,0.9942947,0.25999814,-0.46172452,0.4842183,-0.189744,-0.20510554,0.54840976,0.48472095,-0.04318806,-0.059814725,-0.28882864,-0.12545696,0.08639287,-0.13168782,0.22349243,-0.11020851,0.081893675,-0.047864895,0.5388749,-0.043721307,-0.49936882,-0.017511621,0.40544197,-0.22193012,-0.2626844,0.39784905,-0.1754941,-0.20837283,0.16843134,-0.0630153,0.09113059,-0.14146642,0.09187317,0.053490978,-0.12515013,-0.1145637,-0.4225922,0.23794608,-0.1484574,-0.25355974,0.2744939,-0.092371926
477,negative,-0.14336891,0.14890708,0.15648331,-0.07030524,-0.12391511,0.17800829,-0.070692934,0.16647874,0.11458721,0.0132265175,-0.14046456,-0.01793655,0.16998246,0.04045773,0.15003113,-0.20224477,-0.025579944,-0.067245446,-0.39466792,0.12675579,0.22598141,0.13440719,0.006769197,0.015316557,-0.040415276,-0.09564644,0.055860635,-0.4211127,0.056594666,-0.15457115,-0.21825187,0.24240014,0.07633628,0.28101677,0.0749524,0.07462053,0.05686478,0.17225589,0.33550507,-0.19987455,-0.438802,-0.007741414,0.19883487,-0.21721824,0.31302068,-0.043305233,0.06741496,-0.053545218,-0.10192651,-0.41764802,0.16687115,-0.037332874,0.027985957,0.80346847,-0.015453874,-1.8088839,0.09158818,-0.37429038,1.3444083,0.27809402,-0.013318196,0.27526194,-0.12324609,-0.036514476,0.8658942,0.15157393,0.048371837,0.08445934,0.11140964,-0.059464358,-0.27849674,-0.2783168,-0.13339473,-0.14969581,0.4380046,0.17092812,0.13874792,-0.01563609,-0.6297461,-0.009336558,0.44569468,-0.15027416,-0.30766007,0.09748012,-0.97311306,-0.109696195,0.1874667,0.01362812,-0.080593295,-0.26981637,0.055400517,-0.107895136,0.11275659,-0.04866779,-0.3544215,0.14252831,-0.0647669,-0.1301124,0.3471535,-0.0525235
478,negative,0.13254651,0.32271758,0.19826095,0.0978041,-0.10128804,-0.61236393,-0.256764,-0.2690528,-0.021794017,-0.18162207,-0.01631562,-0.057829563,0.13304116,-0.29502258,0.08170723,0.032882806,-0.20664644,0.032220617,0.016536811,0.12593247,0.4891981,-0.09337719,0.056119796,0.25142294,0.05320954,-0.15626955,-0.19905826,-0.20745948,-0.27171993,-0.020292265,-0.06732042,0.1609274,-0.24483524,-0.15303817,-0.12028177,0.16596265,0.304213,-0.0859127,-0.011293413,-0.13020611,-0.26089135,-0.39431968,-0.18941066,-0.037014376,0.20386481,0.12900889,0.19932097,-0.039025765,0.10078441,-0.99966794,-0.13569412,0.0059889695,-0.035486132,0.73775005,-0.01842601,-1.7225866,-0.104386926,-0.20736657,1.5074382,0.29708928,-0.01024716,0.17589365,-0.2821655,-0.0028577102,0.2967186,0.20644793,0.37236333,-0.18486652,0.5896332,-0.053312134,0.024590882,0.028295185,-0.40633288,-0.0536529,-0.018037252,-0.12419928,-0.09997201,-0.016090592,-0.6814421,0.060679786,0.7602011,0.2102589,-0.49114454,0.050464474,-0.7023216,-0.43651417,-0.0043023787,-0.2047203,0.099482395,-0.25502074,0.049406882,0.14526871,-0.20728636,-0.20471238,-0.46630862,0.18530141,0.2704865,-0.20351057,0.47757238,0.14079075
479,neutral,-0.07369718,0.20371604,0.3867136,0.08437475,0.011460886,-0.009806336,-0.27237055,-0.025609564,-0.019583512,0.02248179,-0.1531827,-0.06301507,0.077001534,-0.10772722,-0.0030556293,-0.06563732,-0.011244973,0.017154414,-0.3152813,-0.061324958,0.3248856,-0.09267736,0.1571952,-0.04673425,-0.041553307,-0.05688209,-0.19451348,-0.25969806,0.1804594,-0.09213593,0.14066312,0.34288597,-0.12194948,-0.06327565,-0.0814763,0.1310221,0.110673666,-0.16831316,-0.1992459,0.005130325,-0.5006156,-0.1723314,0.30684844,-0.1164342,-0.01617717,-0.20029402,0.27462143,-0.044100665,-0.15937035,-0.54467946,0.16419168,-0.028479328,0.10647177,0.87538785,0.022518134,-1.7229863,0.16829525,-0.21470988,1.1141742,0.2726827,-0.20036094,0.22310401,-0.020332996,-0.031631872,0.48751128,0.12212053,0.0433517,0.34207034,-0.038388148,-0.14701249,0.13277143,-0.22077174,-0.3631038,-0.35469922,-0.06313526,0.007344788,-0.2929091,0.055759948,-0.7616806,0.009348314,0.34690443,-0.08112895,-0.096652314,-0.0020735168,-0.9368362,-0.24945658,0.11383892,0.14818731,-0.0697487,-0.3643208,-0.006734873,0.015792085,-0.2197364,0.24847807,-0.45771435,0.060666677,0.118684545,-0.019644704,0.3539214,0.03460638
480,neutral,-0.19836035,-0.11793462,0.376034,0.030283328,0.045190144,-0.37218532,-0.019537311,0.31332815,-0.08629072,-0.104689375,-0.11798896,0.037085082,0.020897279,0.15345673,0.0012722048,-0.08071788,-0.071294576,0.031483088,-0.33243513,-0.022451231,0.31934673,-0.266454,-0.11129745,0.21079732,-0.052311562,-0.08062385,-0.05798897,-0.1244543,0.45458576,-0.12901764,-0.30367392,0.2870184,-0.14043978,-0.043492634,-0.03095275,0.10490019,-0.041112423,-0.121814504,-0.00706456,-0.17509992,-0.5233224,-0.2687635,0.41273254,-0.20196113,0.1714462,0.044503715,0.093231425,-0.034406904,-0.1480271,-0.5413373,0.22395799,-0.36720145,0.21254064,0.96771264,-0.109553985,-2.2084694,-0.19369651,-0.163229,1.4391525,0.33415955,-0.14604276,0.34276316,0.09179143,-0.10628323,0.6723385,0.07410273,0.046395052,0.4467169,-0.15811026,-0.04778521,0.35325456,-0.5404602,-0.43575147,-0.5513915,0.103745654,-0.05224311,-0.3087219,-0.061418097,-0.63405937,-0.030511204,0.66911507,-0.085628934,-0.37853038,0.14464483,-0.8199988,-0.17102538,0.10859832,-0.02434403,0.38030583,-0.35855696,0.0145246675,0.12997045,-0.15741254,0.34198245,-0.32804316,0.19387273,0.36093912,0.06982663,0.3904539,0.28742036
481,neutral,-0.41395184,-0.22691643,-0.012030115,0.09437625,-0.043701097,0.3427773,-0.114778586,0.31363645,0.28690246,0.60964245,-0.2458722,-0.16722381,0.28950876,0.16192286,-0.0415545,-0.17662558,-0.13384998,-0.42885303,-0.5703251,0.16239072,0.46278897,0.043418337,0.20208804,-0.14954163,0.15711717,-0.4685348,-0.21138927,-0.23966077,0.22988845,0.08885207,-0.14662202,-0.23959337,0.27925846,0.33814716,-0.373451,0.055355314,0.49555698,-0.014036727,-0.18734978,0.029481964,-0.5373184,-0.09006412,0.25192165,-0.11947616,0.4309133,-0.041379,0.24350464,0.100937374,-0.03307693,-0.1753647,0.11851841,0.18649404,0.21467215,0.79055494,-0.37346965,-1.5553589,-0.25473496,-0.28161466,1.5323331,0.21941464,-0.09260583,0.3153693,0.18386957,-0.5292474,0.52518964,-0.05570813,-0.41444618,0.08221465,-0.35390913,-0.026118532,-0.24783754,-0.65942043,-0.4411742,-0.48780867,0.10056345,0.2090822,0.42254928,0.33429644,-0.7092891,0.18579043,0.44422102,0.17501356,-0.3977775,0.22643486,-0.35317308,0.07307014,0.19742319,-0.118612014,0.1423062,-0.006582216,0.23415591,-0.08714453,-0.23610625,0.2704961,-0.7645573,0.8403498,0.19320701,0.2247974,0.5765788,0.3858917
482,neutral,-0.26209447,0.22339946,0.12635711,-0.15303221,-0.049195603,0.01377676,-0.024747496,0.17285955,-0.023133509,0.20975596,0.18695469,-0.10609329,0.2112175,0.11773173,0.14975153,-0.11273182,0.17173485,0.058048617,-0.14035141,0.26409918,0.2851391,-0.16159934,-0.023097819,0.06321418,0.011412417,-0.03759029,0.008732526,-0.15739448,0.0029525626,-0.11185721,0.019842273,0.30600446,-0.10063675,-0.048642807,0.051544342,0.16514522,-0.040385917,0.09346176,0.08374139,-0.07644132,-0.03782786,-0.18170413,-0.06747299,-0.14787643,0.031856142,-0.009184588,-0.09597214,-0.21101849,-0.21909453,-0.47560015,0.14122337,0.019995453,0.03572584,0.6973056,-0.04029966,-1.4585938,0.010473553,-0.087810084,1.3389436,0.2992953,-0.029796349,0.36318764,-0.15971328,0.20762542,0.42419657,0.08755612,0.007443061,0.01608181,0.37520942,-0.0026487075,-0.0024645994,-0.15683134,0.10658787,-0.19544293,0.107117124,-0.040847357,0.0678128,0.044985935,-0.6860236,-0.093199976,0.3677366,-0.019218892,-0.18705088,-0.048408445,-0.8912001,-0.014358808,0.09345312,-0.18246728,-0.046029504,0.029289141,-0.10313247,0.09878367,0.025096133,-0.01618566,-0.31130448,-0.03145334,0.05674057,-0.18050134,0.41064447,-0.0982042
483,positive,-0.039622396,0.36991572,0.29084775,-0.17392303,0.08368614,0.4108551,-0.16489339,0.018087583,0.021065563,-0.1304235,-0.026347622,-0.010495226,0.22023048,0.12323334,0.04406045,-0.22033994,-0.063662805,0.113985516,-0.39581946,0.26770353,0.098721035,-0.15771113,-0.074520834,-0.048612162,0.2491244,0.39459047,-0.09121327,-0.35329354,0.25874034,-0.28530937,0.24066964,0.38253516,0.04974248,-0.08406122,-0.02311317,0.13261712,-0.01754624,0.18511388,0.11759295,-0.17963554,-0.1593549,-0.2260828,0.082349285,-0.45434257,-0.18768984,0.023467543,0.022352558,-0.1088097,-0.093859725,-0.5801898,0.03711658,-0.05512695,0.31024152,0.73691636,-0.02981104,-1.3719656,0.08194291,-0.13107963,0.9907283,0.102291584,0.1700658,0.5821035,-0.39527157,-0.109298505,0.29570806,0.13843268,0.24715309,0.13960391,0.18493348,-0.50067914,0.07505849,1.6429034e-05,-0.05217987,-0.36379653,0.25213104,0.14760818,-0.020821754,-0.18956038,-0.27252316,0.036076,0.23966205,0.09378099,-0.34266502,0.048730444,-0.9221716,-0.13334955,0.17411067,0.048792243,-0.25178087,-0.13149793,-0.13179453,0.04030555,0.1483187,-0.0037827466,-0.35774162,-0.13300881,-0.04911823,-0.35694757,0.34611267,0.1594235
484,neutral,0.09944698,0.5583599,0.0077231727,-0.06816101,-0.2595422,0.08714233,0.07064426,0.012003773,-0.14988431,0.32497272,-0.19034204,-0.14450434,0.24953465,0.12576881,0.2708494,-0.40308467,0.31162682,0.17590338,-0.2104979,0.51394635,0.0099279545,-0.34371448,0.16778366,0.12403093,-0.037160996,-0.20912263,0.00821416,-0.53132826,-0.0035379583,-0.027530557,0.07896151,0.747781,0.21958216,-0.14695622,0.043630052,0.041558452,-0.049468964,-0.047245305,0.1525873,0.14692207,-0.26173922,-0.11045635,0.015084104,-0.33605796,0.17731655,0.08247407,0.046753135,-0.08656752,-0.29747224,-0.5970174,-0.13108589,0.004655478,0.1546842,0.78685856,-0.122021504,-2.0771916,-0.21276614,-0.238188,1.4572139,0.30332685,0.0482079,0.5951868,-0.04384802,0.17602558,0.8055827,0.002228108,0.18207115,-0.03084156,0.16371973,0.13518657,-0.4697395,-0.2089174,-0.0055471407,-0.0021935871,-0.10787879,0.062017933,-0.12159417,-0.08411637,-0.89190996,-0.34626597,0.17615801,-0.09179598,-0.2699069,-0.22612713,-1.1119908,-0.111340836,-0.06955033,-0.45601085,0.18351996,0.18487306,-0.29388338,0.03307083,0.23924035,0.3450539,-0.57867944,0.036718734,-0.21013168,-0.4812122,0.5868872,-0.07216182
485,positive,-0.08679634,0.24985135,0.41119882,-0.31226802,-0.22552355,0.49982008,-0.05238676,0.3274002,0.0232108,-0.18808158,0.20717782,0.08608098,-0.07487477,-0.029573452,0.03664793,0.011584524,-0.4595272,0.32563555,-0.071923144,-0.4743799,0.33132452,0.36963686,-0.13630384,-0.46041024,0.35884646,0.07123303,-0.41884488,0.020710792,0.58523554,-0.22753297,-0.117019385,0.305432,0.17457938,0.19533247,0.107877664,0.25777668,-0.10036349,-0.09002826,0.42715952,-0.24692097,0.2414413,-0.2591253,-0.40227297,-0.32678613,-0.14084797,0.040927105,-0.1878313,0.06534207,-0.17608702,-0.87384504,-0.033498958,-0.29626054,0.11851272,0.49765688,-0.31675944,-1.5984141,0.09075421,0.19223648,0.82747287,0.25911748,0.10088344,0.86240786,-0.02216324,0.16955584,0.2659317,-0.15811236,0.9362776,0.17300503,-0.09429989,-0.39629707,0.053854123,0.051055446,0.19937563,-0.16640912,-0.097763285,0.36181813,-0.0851594,-0.1849538,0.2097812,-0.09450967,-0.1608881,-0.26879838,0.050838564,-0.10675551,-0.85333186,-0.47409064,0.10797548,-0.31580326,-0.13879435,0.029273033,0.24724843,-0.18731481,-0.106443875,0.13806197,-0.11879918,-0.16020119,0.07412122,-0.11313755,0.48115268,0.23116034
486,neutral,0.34648,-0.25063,0.19632,-0.64346,0.29192,0.71598,-0.65998,-0.4203,0.43938,0.82433,-0.49074998,0.20074,-0.87495,0.29658,-0.077166,0.73585,0.42515,-0.1798,-0.74023,0.45249,0.71521,-0.52745,0.06129,-0.73869,-0.021832,-0.1763,0.66793,-0.76326,-0.69675,-0.2816,0.51403,-0.27854,-0.09784,0.31692,0.14993,-0.15774,0.17816,-0.8810899,0.7805,0.34806,-0.37492,0.18039,-0.26451,-0.21192,0.25585,-0.046468,0.51394,-0.55836,-0.3416,-0.65474,0.36881,-0.13515,-0.49074998,1.474,-0.11602,-1.5983,-0.13916,0.33709,1.4884,0.49010998,-0.58272,0.47770998,-0.57206,-1.2719,0.90757996,0.067766,0.16403,0.42554998,1.1084,0.85499,0.30687,-1.0201,-0.13125,0.66309,0.37403,-0.44786,-0.46148998,0.25608,-0.82215,0.15332,0.47315004,1.2242,0.084613,-0.33363,-1.7616,-0.45058,-0.97317,-0.12531,-0.77724,-0.114800006,-0.22585002,-0.63491,-0.066636,0.13258,0.52252,-0.005387,0.040971,-0.32109,0.60135,-0.64281
487,neutral,-0.23437804,0.12440094,-0.016555222,0.4486881,0.027560122,-0.2520432,-0.26717424,-0.36927179,0.10321663,-0.12468637,-0.20020689,-0.058148716,-0.35247505,-0.06910596,0.3139836,0.06701389,-0.16706038,-0.15633567,-0.12770538,0.16028029,0.0054470166,-0.36323693,0.0410342,0.04936204,0.5074304,-0.085431464,-0.35503727,-0.18172036,0.60138047,0.20286757,0.22157076,-0.19567147,0.0055660326,0.1628401,0.36864245,0.35477012,0.6053457,0.3351975,-0.063487,0.2363034,-0.34092072,-0.55291086,-0.030678185,-0.19364779,0.13796526,0.019803463,0.4510892,0.24661796,0.30705667,-0.49201408,-0.1790711,0.088059284,-0.29642177,0.8409873,0.065808564,-1.6517991,-0.107020594,-0.05925532,1.3773416,0.14727138,0.10148991,0.77180475,-0.13359976,0.18222307,0.7250539,0.114574395,-0.38574493,-0.00038355056,0.01599795,0.07063067,0.57593155,-0.54609287,-0.09147921,0.17406477,0.13219155,-0.3619274,-0.16703767,0.2194048,-0.21392965,-0.068099886,0.29758638,0.04844272,0.10763815,0.41081387,-0.90417457,0.039658003,-0.42509016,-0.84087086,0.23065639,-0.16850464,-0.2824119,0.07483617,-0.09081656,0.07859434,0.15621208,-0.2838647,0.21703485,0.10192148,0.65688944,-0.045086823
488,neutral,0.065562956,-0.17198792,0.08874879,-0.3261464,-0.034374867,0.26598248,0.17265935,0.3252056,-0.27975026,0.026895598,0.10830046,-0.04121785,0.089237735,0.17935123,0.025400294,-0.09114432,0.30241758,0.041982204,-0.3680116,0.24788937,0.08334941,0.052235782,0.07744713,-0.16266349,0.46428207,-0.1651455,0.13883227,-0.24237594,0.14125967,-0.08349767,-0.13423786,0.26705444,0.22942303,0.26868033,0.082625456,0.038370382,0.024689993,0.1722192,0.13081634,-0.08955128,-0.038761873,-0.11641351,-0.0038205518,0.1993255,0.024154361,0.17739706,-0.29961175,-0.18999186,0.30893555,-0.42118633,0.06629871,-0.000969509,0.015208904,0.55749756,0.12219333,-1.4066297,-0.2579659,0.021204524,0.6308392,0.22454923,0.065210596,0.4871085,-0.17538753,-0.020329928,0.44477394,-0.2063912,0.32123476,0.23123854,-0.07201221,0.13424832,-0.1541707,0.013663813,-0.2635049,-0.20252872,0.19740291,-0.11191485,0.25329512,0.030303538,-0.153565,0.21939111,0.33143955,-0.007060671,-0.18177131,-0.019807987,-0.46132386,-0.18645908,0.12717535,0.19559205,-0.030819934,-0.16889437,0.22103834,0.019564202,0.06627529,0.0031268047,-0.20749803,0.114490904,-0.24309942,0.12534095,0.046151776,0.058889404
489,negative,-0.14074877,0.39177242,0.25454858,-0.06993204,0.058506813,0.16138908,-0.23139632,-0.08387349,0.18460372,0.09477476,0.0698292,-0.012461975,0.24358048,-0.11075451,-0.06852584,-0.15511987,0.056586623,0.13582858,-0.2849906,-0.13867907,0.18088728,-0.118315235,0.24433993,-0.2096733,0.23294233,0.018834343,-0.0503114,-0.11421669,0.1714779,-0.22572115,0.015934672,0.14846274,-0.10619601,-0.29232365,-0.018707868,-0.013922194,-0.0053164456,0.0031705608,-0.051834717,-0.13156168,-0.38386837,-0.12717573,-0.13934141,-0.13070697,-0.03121037,0.04405026,0.34895718,0.15151541,-0.07154068,-0.411349,-0.12287193,0.23886234,0.08996093,0.81691736,-0.023037665,-1.4266272,-0.112455435,-0.03287205,1.1656976,0.2499416,-0.09874941,0.54476625,-0.118856326,-0.21718346,0.53922707,0.12402978,0.30650786,-0.083963305,0.07331091,-0.33283973,0.2327287,-0.3042303,-0.13342768,-0.14217292,0.2436205,-0.1156152,-0.10877783,-0.009545827,-0.5611963,0.34409386,0.24273339,0.1343491,-0.3123903,0.33869576,-0.63701314,0.11144816,-0.13973337,-0.06840763,-0.07031483,-0.24662358,0.14370185,0.010720673,-0.111078896,-0.033246502,-0.26056236,-0.15395857,-0.05914342,-0.30120406,0.30384305,0.19639622
490,neutral,-0.15723054,0.1501277,0.25529328,-0.09191538,0.24394707,0.3122292,-0.06541802,0.15077461,-0.107249595,0.1968628,0.062350716,0.09137968,0.13100216,-0.043597408,-0.03392644,-0.100977436,0.3004358,-0.15095341,-0.3520254,0.047545627,0.27704075,0.25647146,0.23974606,-0.2310846,0.020791015,-0.21408811,-0.019097922,-0.34303147,0.19074562,-0.018421667,-0.032709867,0.4644305,0.16101484,0.13474861,0.046920687,0.11429133,0.1140982,0.29567924,-0.126481,-0.22567835,-0.47739005,-0.200706,0.36379704,-0.036578134,0.06654955,-0.14058374,0.07766256,-0.12926248,-0.08208101,-0.45848337,0.087825365,-0.222185,0.15078603,0.911003,0.012017155,-2.049033,-0.11093776,0.07690862,1.2703842,0.35642713,-0.19091702,0.35199597,-0.33798417,-0.19446237,0.5999826,0.034600176,0.3141536,0.2721442,-0.035876203,0.02323214,0.20334184,-0.21325926,-0.2645269,-0.53890425,0.12037791,-0.16132624,0.15591855,0.2969372,-0.62004,0.031817213,0.6070749,-0.1370757,-0.10571206,0.045304824,-0.9317951,0.062312227,-0.034142986,0.14976351,0.1516563,-0.26725456,0.20576431,-0.09293657,-0.264905,0.21331143,-0.5657135,-0.17051166,-0.22998586,-0.029089263,0.35831496,0.25591636
