row_id,ground_truth,glove_f0,glove_f1,glove_f2,glove_f3,glove_f4,glove_f5,glove_f6,glove_f7,glove_f8,glove_f9,glove_f10,glove_f11,glove_f12,glove_f13,glove_f14,glove_f15,glove_f16,glove_f17,glove_f18,glove_f19,glove_f20,glove_f21,glove_f22,glove_f23,glove_f24,glove_f25,glove_f26,glove_f27,glove_f28,glove_f29,glove_f30,glove_f31,glove_f32,glove_f33,glove_f34,glove_f35,glove_f36,glove_f37,glove_f38,glove_f39,glove_f40,glove_f41,glove_f42,glove_f43,glove_f44,glove_f45,glove_f46,glove_f47,glove_f48,glove_f49,glove_f50,glove_f51,glove_f52,glove_f53,glove_f54,glove_f55,glove_f56,glove_f57,glove_f58,glove_f59,glove_f60,glove_f61,glove_f62,glove_f63,glove_f64,glove_f65,glove_f66,glove_f67,glove_f68,glove_f69,glove_f70,glove_f71,glove_f72,glove_f73,glove_f74,glove_f75,glove_f76,glove_f77,glove_f78,glove_f79,glove_f80,glove_f81,glove_f82,glove_f83,glove_f84,glove_f85,glove_f86,glove_f87,glove_f88,glove_f89,glove_f90,glove_f91,glove_f92,glove_f93,glove_f94,glove_f95,glove_f96,glove_f97,glove_f98,glove_f99
0,negative,-0.03238185,0.27413225,0.35590962,-0.11419309,0.02056412,0.0012462031,-0.18247765,0.0505917,0.088692285,0.112171754,0.036411766,0.058396608,-0.007184751,0.27758414,0.026232027,0.013079475,0.0073623173,-0.18466265,-0.47600573,0.22936697,0.30419204,0.16051151,0.30086887,0.04589964,0.03130458,-0.2592867,-0.045845404,-0.21299052,0.34834737,-0.04372471,-0.08359629,0.13145207,-0.060022686,-0.058723282,0.20095326,0.023952285,0.088288054,0.015619056,-0.09180298,-0.20854826,-0.5079929,-0.15125445,0.26774696,-0.106282406,0.14738488,-0.13589714,0.47905648,-0.069966406,-0.07699466,-0.5175208,0.015835043,0.12135529,0.001818513,0.83780146,-0.23686944,-1.8729848,0.00050193403,-0.1381486,1.2925313,0.5367132,-0.040974133,0.5003204,-0.09085975,-0.28283316,0.68053603,0.11012225,-0.17656861,0.3839485,0.013997734,-0.0725544,0.101064436,-0.476796,-0.33886003,-0.23154916,0.16500269,0.051226366,-0.10107411,-0.03568465,-0.6960344,0.123256244,0.66897506,-0.02678593,-0.30919713,0.16536035,-0.9843093,-0.13018651,-0.1872357,-0.022101304,-0.15528198,-0.24532662,-0.038487706,-0.04540969,-0.08822678,0.104454376,-0.44568273,0.21432875,-0.2192817,-0.045930423,0.3630512,0.02054441
1,negative,-0.19896433,0.19390182,0.41720834,-0.23924749,0.17653555,-0.21945822,-0.23231785,-0.27023894,-0.11001739,0.052301116,0.00055279466,0.07354782,0.029811328,-0.07951232,-0.13359115,-0.06666688,-0.118894815,-0.13922359,-0.21758714,-0.06690466,0.2172934,-0.18647766,0.08055223,-0.023670504,0.06547235,-0.07291691,-0.13136576,-0.4304247,-0.008098486,-0.08758211,0.06648244,0.25298864,0.039466,0.00021206406,-0.056376964,0.26340827,-0.039145064,0.0110675385,0.009704661,0.100007124,-0.42594323,-0.24621926,0.5070586,-0.21259016,0.0846988,-0.07038179,0.04797613,-0.21935123,-0.1538562,-0.5640919,0.25842166,-0.16332965,-0.14568627,1.0488813,0.14691605,-2.2913394,0.065487295,-0.03324984,1.5065287,0.5405741,-0.1198361,0.116121724,-0.20384528,-0.043591745,0.7804693,-0.0077670715,0.37578556,0.38761842,0.37199506,-0.06901585,0.30445305,-0.36875275,-0.60819083,-0.109183036,-0.044236585,-0.013868749,-0.2243833,0.07749966,-0.78088224,0.13184237,0.79781216,-0.07771767,-0.2203198,-0.17543706,-1.0344789,-0.29886892,0.017650489,0.050674256,-0.070146,-0.43680558,0.019107835,0.046405774,-0.31362942,0.22406104,-0.50527024,-0.047514975,0.20774414,-0.1222007,0.6965511,-0.13257416
2,negative,0.013642947,0.36285952,0.56577265,-0.011474456,-0.012271567,0.04601291,-0.20135632,-0.18588765,0.18483739,0.21801066,-0.017522274,-0.009186484,0.2525976,0.016200414,-0.04135308,-0.116028294,0.10774603,0.116541035,-0.5319729,0.38136187,0.34002972,-0.0951279,-0.0085427705,0.05939487,0.19134036,0.22544722,-0.15327343,-0.21470618,0.3710483,0.050468285,0.004226168,0.36659086,0.009935641,-0.119145535,0.072703995,0.015636303,0.0021806867,0.00596459,0.034731053,-0.09600948,-0.5239241,-0.010036105,0.05354299,-0.22500603,0.01582466,-0.22880708,0.017570475,-0.10554836,-0.2463781,-0.47539538,0.010710474,0.08171381,0.10302813,0.9766732,-0.15043183,-1.7504318,0.19456749,-0.16748716,1.114151,0.32985696,0.007145192,0.5227062,-0.17729813,-0.17406525,0.6482761,0.22605005,0.21098319,0.3394972,-0.0003795146,-0.16122259,0.20714438,-0.3484747,-0.2079007,0.08625682,0.1230041,0.0745956,-0.016418159,-0.07600739,-0.76977015,0.1728972,0.579876,0.12698978,-0.23160563,0.18349501,-1.1478921,-0.13845196,-0.06291257,0.046203636,-0.018416569,-0.27441576,-0.018884227,-0.19174968,0.17763163,-0.01635428,-0.48890844,-0.036514807,-0.3113576,-0.1895534,0.204772,-0.13010947
3,neutral,-0.21377148,-0.11892731,0.2504541,-0.12777351,0.15446772,0.3934262,0.12118379,0.36434975,-0.1847346,-0.043778032,0.15455352,-0.18241043,-0.2582426,-0.0044358037,0.38549522,0.1263157,0.25484538,0.04545721,-0.03918359,0.29304495,0.3094698,0.019210251,0.053587973,-0.19770658,0.4175546,-0.13936841,0.1279286,-0.10136526,0.1832194,0.29710847,-0.11886431,0.24249421,0.32745445,0.35649103,-0.102154545,0.022030395,-0.05175555,0.4092277,0.12773766,-0.29344255,0.1289932,0.08378307,0.0049225995,0.2791426,-0.09302306,-0.014757772,-0.21313538,-0.2108686,0.22535072,-0.49467432,0.08144815,-0.29687703,0.317864,0.39785036,0.029963303,-1.7579598,-0.03751612,-0.08186085,0.3472704,0.43522313,-0.010916149,0.6737119,-0.30442226,-0.0267354,0.32246646,-0.20492107,0.5282725,0.07005431,0.04126966,0.1359169,-0.24814732,0.13211861,-0.15738122,-0.030141965,-0.02345484,0.12820585,0.30086115,0.19973145,-0.21367179,-0.01811909,0.04691208,0.037704326,-0.14620359,-0.1291288,-0.6154299,0.008264651,-0.15227099,-0.30591008,0.13651656,0.14786959,-0.20162702,0.015656967,-0.25186127,-0.03610641,-0.34173167,-0.063444726,-0.26552975,-0.013166609,0.121686734,0.15359776
4,negative,0.01901523,0.16638309,0.574799,-0.37528074,-0.33693543,0.22876918,-0.095477656,0.028163098,0.19943719,-0.059729476,0.24670564,0.057327773,0.13488738,0.025939075,0.11925139,0.0012776722,-0.020398999,0.19576329,-0.25056958,0.40202367,0.3414414,0.22066559,-0.14958546,-0.2755828,0.18909706,0.14130318,-0.32217935,-0.33058816,0.06225974,-0.15565471,0.0006727328,0.46435165,0.09507807,-0.12364188,0.0295659,0.08494359,-0.3250634,0.046777744,0.110818684,-0.31560495,-0.30596378,-0.008515411,0.22404501,-0.33296928,-0.3390684,-0.09160473,0.15906692,-0.13180266,-0.28655383,-0.79949427,0.17390664,-0.02180149,0.11806334,0.9611495,-0.11241955,-2.2766254,-0.00052472,0.20035663,1.4799404,0.26880646,-0.14782813,0.82151335,-0.42103866,-0.12097513,0.7267695,-0.009863006,0.51473427,0.29452124,-0.11799433,-0.29600477,0.010835918,-0.27302474,0.035636418,-0.25558338,0.19862904,0.22829053,-0.11608191,-0.08183377,-0.58449155,0.049382716,0.49315035,-0.05296683,-0.43277368,-0.02736595,-1.3928986,-0.06332687,-0.04459289,-0.14245261,-0.24734733,-0.44613644,0.0084735155,-0.12912084,0.009337105,-0.0031702656,-0.544837,-0.00817498,-0.11622024,-0.14117967,0.28267723,0.3355461
5,neutral,0.0492922,0.2005199,0.060100768,0.15129195,0.45506486,-0.15547644,0.17997728,-0.051767588,-0.4546532,-0.1669087,-0.17561312,0.22986275,-0.051612783,-0.09030605,-0.13650335,-0.072783515,0.1685918,-0.051244978,-0.22698501,0.15516628,-0.12097448,-0.2664952,0.249321,0.12659541,0.35716438,0.21272978,-0.6475068,-0.38057953,0.56555617,-0.4817781,-0.18328844,0.3209597,0.09841008,0.26776093,0.087033026,-0.07715397,0.05500935,0.33905277,-0.20561528,-0.09177677,-0.33936018,-0.013657502,0.5082705,-0.38158122,-0.026953086,-0.21131366,-0.0028815193,-0.38591152,-0.5075844,-0.119063854,-0.043471366,-0.20234497,0.019905657,0.79998493,-0.13723707,-1.9412664,-0.19845463,0.4261701,1.0374705,0.077083886,-0.22967397,0.45899817,-0.6660404,-0.37934762,0.4971435,-0.19288355,-0.041147657,0.47668353,0.08608338,-0.12643036,0.45127243,-0.0058769663,-0.30424473,-0.7212183,0.13117354,0.16987115,-0.38717797,0.07236679,-0.6260994,-0.04054535,0.2701464,0.15099682,-0.34494925,-0.044319317,-0.6589619,0.30696717,0.08181297,-0.043878242,0.08578032,-0.94503033,0.14741112,-0.30508617,-0.15219507,0.207329,-0.48434952,0.16677721,-0.09725333,0.09792724,0.30556208,0.33280975
6,negative,-0.08555836,0.12434231,0.3811191,-0.2536324,0.093999505,-0.07173111,-0.1401152,0.26362535,0.07548978,0.42645887,0.3911538,0.24284506,0.27021447,0.07541395,0.19212875,-0.04732028,-0.027680429,0.095262975,-0.34869576,0.52909577,0.41897112,0.007559662,0.20881338,0.10620838,0.23768549,0.24227957,-0.27619404,-0.10690697,0.10908138,0.117870614,-0.1656554,0.026816698,0.18643786,0.27853242,-0.012322346,-0.020959735,-0.06729278,0.04967942,0.36239842,-0.013799292,-0.4124926,-0.09847696,-0.010713092,0.16527665,0.46673694,0.16477522,-0.03860207,0.18925138,0.15972179,-0.28792506,-0.22552301,0.11941064,0.22436929,0.91477656,-0.08199934,-1.6061773,-0.3394069,0.2509567,1.2096251,0.5173697,-0.09419865,0.7406971,-0.03832078,0.1859913,0.2075771,0.17519403,0.35333288,-0.024285913,-0.2307834,-0.059339717,-0.17349325,-0.16687298,-0.020024866,-0.10518454,0.014478625,-0.11060698,0.25157225,0.06426147,-0.48818925,0.2539265,0.6678199,0.058369502,-0.24592015,-0.04551532,-0.34265,-0.4758401,0.010610009,0.041564085,-0.09174001,-0.037626434,0.2104234,0.053969525,-0.012159667,-0.119973645,-0.17285658,0.27151862,-0.07756199,-0.047700446,0.160551,-0.241776
7,negative,0.2386551,0.17101254,-0.2723049,-0.05523662,0.119507454,0.24840055,-0.55714494,0.4565345,-0.10018705,0.39785165,0.09303905,-0.120315395,0.28068307,0.3432921,-0.4533474,0.080366425,-0.13018158,-0.20926026,-0.60534877,-0.27627197,0.8010844,0.07489638,0.26502085,-0.0750205,0.23443817,-0.3359065,0.118456475,0.07246508,0.5760298,0.16164595,-0.25779724,0.24286123,-0.029170848,0.15938763,-0.066660956,0.20469038,0.23358692,-0.067419864,-0.19930299,-0.15666991,-0.6053243,-0.12083967,0.29840577,0.026473798,0.691463,-0.35625377,-0.055304732,-0.046317946,-0.014892477,-0.35404232,0.42380252,-0.045821354,0.19561386,0.79661995,-0.5238979,-1.7011929,-0.3856294,-0.1978259,1.3578023,0.1053163,-0.25101954,0.31345457,-0.09914032,-0.31916192,0.20033365,-0.040955592,-0.16623442,0.12488316,0.1137452,0.013004519,-0.22114912,-0.245677,-0.42395967,-0.60651153,0.20334496,0.2538632,0.9218499,0.006160742,-0.98754525,0.12762669,0.6582066,-0.2951446,0.0064258445,-0.035157047,-0.8226214,-0.12454159,0.18624194,0.03154942,0.14630379,-0.051649943,0.28671792,-0.19565961,0.016310431,0.064522095,-0.55472416,0.28580245,-0.041712753,0.42681405,0.33747315,0.047851797
8,negative,-0.1095437,0.13583829,0.30902305,-0.09546174,-0.07162703,0.0687862,-0.29643476,0.03410665,0.13539697,0.12249386,-0.02819649,-0.15749173,0.03346129,0.042495713,-0.055180818,-0.10810323,0.26969022,0.15548426,-0.351562,0.031197257,0.36204976,0.046843458,0.16040747,-0.08595718,-0.019701388,-0.124400705,-0.19162688,-0.44696495,0.1249499,-0.043335583,0.060444623,0.50196546,-0.10154003,-0.0355838,0.037800983,0.11254294,0.056205127,0.011868809,-0.1223457,-0.09657514,-0.36575988,-0.3022028,0.10059117,-0.011966407,0.029966999,-0.14749733,0.15470363,-0.09952732,-0.16774918,-0.67452663,-0.032632805,-0.114621386,-0.00049784424,0.81578434,0.048687868,-1.7500788,-0.024838531,-0.051534504,1.4287452,0.38722333,-0.08449334,0.34467882,-0.23652615,-0.09860066,0.50807667,0.1276007,0.11839656,0.15691434,0.07370357,-0.019445283,0.18089911,-0.2822358,-0.20754823,-0.30434626,0.058548722,-0.09641219,-0.0108882645,0.12968306,-0.73767895,-0.11716719,0.42759827,0.08404325,-0.19286987,0.12451217,-0.8827613,0.07765549,-0.08244918,-0.065504014,-0.067756675,-0.57326394,0.09715732,-0.10282767,-0.16697393,0.01972407,-0.38319495,0.053768627,0.039730527,-0.2345283,0.46825936,0.088208854
9,neutral,0.14601263,0.25664875,0.36294907,-0.03823607,-0.33878234,0.011742856,-0.25789744,0.17198329,0.30539325,0.065568835,0.1990989,0.07555538,0.43900988,-0.104809254,-0.11256793,0.027813476,-0.038307413,0.12852171,-0.94099087,0.32900098,0.22252893,-0.24108449,0.0013058392,-0.13303769,-0.2587208,-0.17016931,0.018423956,-0.111607686,0.4199882,0.022660434,0.0017397883,0.21684259,-0.07349266,0.10443155,0.04068826,0.09332586,0.1928654,0.035064284,0.10154717,-0.37438154,-0.67637044,0.02155595,0.28268626,-0.3787505,-0.26938057,-0.351907,0.35098565,-0.19966778,-0.3192121,-0.68757933,0.18320389,-0.17178549,0.17989905,0.76261157,-0.4459681,-1.3703209,-0.03201955,-0.19858557,1.2456889,0.12662736,-0.41795492,0.59046215,-0.027045753,-0.39906862,0.5804017,0.2010146,0.17129461,0.3745806,-0.34688252,0.28582194,0.16808617,-0.28958413,-0.23213324,-0.2258375,0.007913674,0.1545284,0.19734496,0.058072608,-0.68526876,0.17238185,0.6940086,-0.19304188,-0.08746869,0.0074945823,-0.9330937,-0.20281878,-0.028935483,0.09305828,0.0135524925,-0.37120885,-0.009942411,-0.2010826,-0.17577069,-0.11354297,-0.51882064,0.024521124,0.013335357,-0.032367878,0.18906364,0.30305833
10,negative,-0.021737147,0.18984169,0.44125727,-0.40912098,-0.16114485,0.23396267,-0.017433437,0.17173024,0.013158892,-0.2245709,0.16078177,0.024197655,0.3207572,-0.09278409,0.20698127,-0.1978497,-0.056278452,-0.037679005,-0.22524245,0.39273885,0.54949164,0.055900764,0.13967058,0.10347406,0.20541543,-0.09747289,-0.17815076,-0.24953532,0.22171941,-0.013218201,0.06323378,0.405768,0.0082868,-0.24661052,-0.15597793,0.15854438,-0.081596695,0.21491826,0.0051353117,-0.10434451,-0.2402084,-0.15883751,0.07104906,-0.24238527,0.009426835,-0.16944101,0.28996277,-0.22597368,-0.005914127,-0.87775797,0.004309782,-0.14126456,0.17516643,0.8980196,-0.29055712,-2.570601,-0.09499997,0.048185986,1.5981584,0.5760932,-0.0721353,0.9427724,-0.57136935,-0.19769365,0.5358006,-0.017142618,0.52955514,0.23132129,0.080258645,0.011615047,-0.1346261,-0.2138641,-0.15996164,-0.032304477,0.116384,0.19241384,-0.017578062,0.03016145,-0.7620372,-0.106455594,0.53320324,-0.06314309,-0.4082457,0.13041836,-1.2324259,-0.41268453,-0.06265815,-0.06336109,-0.22568394,-0.432739,0.24525794,-0.047765072,-0.07990868,0.054821093,-0.5708055,0.104329325,-0.062075343,-0.23791954,0.43123773,0.18866207
11,negative,0.08790282,0.14382884,0.5800615,0.09273912,-0.035741642,0.036166403,-0.102834895,0.012624978,-0.14047238,0.29982236,-0.06493356,0.22394608,0.18629861,0.19750834,-0.20532082,0.009076822,0.0013667196,-0.075824805,-0.39156786,0.31158414,0.07863128,0.23252034,0.15838872,0.12195087,-0.09365663,-0.040616594,-0.095263265,-0.18273914,0.21325012,0.09300533,-0.21457607,0.34788865,-0.22105563,-0.3452945,0.091396086,0.017914036,0.0022051812,-0.081533186,0.0642014,0.032328025,-0.23495032,-0.30463326,0.16269413,-0.2242138,0.10753678,-0.29537264,0.19471249,-0.102630585,0.045569994,-0.5239264,0.29195344,0.04210881,-0.04352654,0.8549066,-0.19567813,-2.0004141,0.1534092,-0.056451064,1.359504,0.40702295,-0.14588438,0.6518425,-0.2881915,0.056938127,0.6832414,-0.003112503,0.14938797,0.23349835,0.0965098,0.08309735,-0.084193915,-0.31106186,-0.055851612,0.13081345,0.124086596,-0.0057839598,0.01416635,0.2899156,-0.6733139,0.07238549,0.73351586,-0.04936699,-0.2928443,0.009028491,-1.3222033,-0.19439918,-0.29498556,0.07085653,-0.15327379,-0.29780477,0.017832164,-0.09820483,-0.18073161,0.10325582,-0.25270337,0.19617572,-0.24991442,-0.11436852,0.36341745,0.12745719
12,neutral,-0.17035754,0.14755529,0.34280068,-0.07129801,-0.18485722,-0.35213032,-0.39477715,-0.14031073,-0.060654048,0.13539545,-0.18296681,-0.045354784,0.2529172,0.017904416,-0.16877452,-0.2310687,-0.09896055,-0.12195883,-0.3129674,-0.0857195,0.041380778,-0.14699557,-0.11930528,0.06121229,-0.2361704,0.1337993,0.004731793,-0.36443496,0.073471576,-0.05137439,-0.0014126186,0.40403304,-0.1467771,-0.099714816,-0.13157539,0.033911508,0.22697742,-0.09591466,-0.21865,0.1010873,-0.58905536,-0.28328457,0.14084361,-0.124001324,0.1746064,-0.16098398,0.2664743,-0.20425336,-0.36068103,-0.76095784,0.23688509,0.008289108,0.11508872,0.8542508,0.047819093,-2.0654252,0.26761517,-0.4454735,1.4447563,0.47684592,0.032350235,0.21355653,-0.19441392,-0.14909007,0.7381157,0.2494275,-0.055146556,0.30417824,0.20417233,-0.30549115,0.36128637,-0.35972852,-0.28075624,-0.2552363,0.11903165,0.01879216,-0.06429828,0.13298279,-0.84536546,0.22565362,0.755243,0.055280555,-0.24119373,0.090457365,-0.9201303,-0.022700079,0.07310867,0.08992264,-0.18469779,-0.5471638,-0.22148028,-0.07757569,-0.36840558,-0.13760333,-0.47892573,0.28608748,0.2038698,-0.2738512,0.5811014,0.05359745
13,negative,-0.29644942,-0.036089312,0.030561216,-0.13532187,-0.030342648,-0.3930252,-0.16247398,-0.06919336,-0.018821457,0.21343006,-0.027520943,-0.34211567,0.09345119,-0.10433486,-0.15701261,-0.15154266,-0.02243703,-0.23371258,-0.44327733,0.068803385,0.43871334,-0.019590143,0.27199236,0.22316633,-0.22136171,0.11987304,-0.19527271,-0.35640064,0.50116384,-0.11407046,0.072513014,0.5508463,-0.18796672,0.06928571,-0.19875616,0.16355078,0.24724773,-0.2752888,-0.08037873,0.06264277,-0.5790528,-0.3190432,-0.010979249,0.09296527,0.16024454,-0.30584538,0.45810917,-0.12739937,-0.18154986,-1.0735129,0.22007778,0.45104653,0.2239497,0.9766863,0.0011754361,-1.8302864,0.4405,-0.27094853,1.3341061,0.21648085,-0.015531424,0.29193276,0.01749118,0.046375945,0.4623555,0.4641205,-0.057385497,0.22327225,0.030296452,-0.07063579,0.58308935,-0.7232892,-0.2255288,-0.37638658,0.10019401,0.010711497,0.0127677545,0.051991187,-0.7110012,0.26287818,0.60109574,-0.2251694,-0.25773698,0.09365193,-0.77293587,-0.17409927,0.07200231,0.4432144,0.2018439,-0.20365599,0.037577264,-0.032008104,-0.19400473,-0.011306579,-0.45829612,0.18657655,0.1861361,0.16561449,0.3819573,0.3488487
14,neutral,0.1720654,0.634381,0.74052006,-0.48046005,-0.31683052,-0.4269801,-0.3089892,0.22306323,0.45930177,0.086154774,0.5251847,-0.19856238,0.33479467,0.112761006,-0.3946204,-0.04219751,-0.49915263,0.25159886,-0.5363124,0.576456,0.23193066,0.43999538,0.16993761,-0.6222733,-0.0085891355,0.4209496,-0.42693412,-0.32880887,0.33692846,-0.014644501,-0.3853348,0.74537706,0.09633964,-0.013799823,0.31125605,-0.065732196,-0.13543338,-0.045387417,0.019514766,-0.38728216,-0.48512653,0.14614385,0.33961043,-0.6132262,-0.65547246,-0.66486067,0.6135386,0.05378696,0.11554628,-1.210593,0.27504686,0.034038406,0.06398587,0.9992635,-0.30145797,-2.266061,0.22824208,0.031584594,0.9550418,0.21300764,-0.06462834,0.7299343,-0.58987504,-0.3422787,0.802458,0.38784787,0.648306,0.3574609,-0.39041448,-0.15876941,0.71535736,-0.3743524,-0.039047997,-0.038766406,0.39701915,0.24692823,0.1674594,-0.03499583,-0.5531161,0.22409244,0.508008,0.009533238,-0.7564146,-0.25601178,-1.6592323,-0.3034779,-0.19648647,0.037700277,-0.34747383,-0.65897506,-0.07113012,0.08444994,-0.13991924,-0.31984085,-0.39904532,0.2412377,-0.30640537,-0.5183401,0.08322357,0.73512393
15,negative,0.03515081,0.1778479,0.27942547,-0.1793329,-0.08975896,0.36111683,-0.426956,0.13197158,0.15671574,-0.166835,-0.17629644,0.021619575,0.06819202,0.05907281,0.09752009,0.017813956,0.31799552,0.21419269,-0.46952996,0.24830838,0.11290242,-0.07643732,0.12310523,-0.0454769,0.09315991,0.1035412,-0.07517088,-0.6145141,0.099558726,0.00728016,0.01778725,0.52599275,0.075611874,0.052484933,-0.053762708,0.105790615,-0.10591317,0.18910772,0.007221153,-0.25640756,-0.4194889,-0.1536775,-0.12231409,-0.39843804,-0.13536657,-0.048362337,-0.087010875,-0.038388938,-0.246846,-0.42137337,-0.00905698,0.021244429,0.16114755,0.8845621,-0.20885973,-1.5212002,0.13073105,-0.025876055,1.2798212,0.50613904,-0.012781477,0.43377244,-0.25215596,-0.13019119,0.75499797,0.3308291,0.19595331,0.31636772,0.34087986,-0.20649315,0.05152387,-0.18829869,-0.10540053,-0.3696303,-0.0031855244,0.028436223,-0.26327527,-0.014341154,-0.7060054,-0.23909312,0.350208,0.043288887,0.026863458,0.0139157185,-1.2898602,-0.064474955,0.01526959,0.0795361,-0.18668495,-0.45189512,0.14964262,-0.3026388,0.05657834,0.17661096,-0.28432295,0.07440314,-0.11178369,-0.5437056,0.34060773,-0.06991878
16,neutral,-0.06965405,0.31365386,0.36992615,0.114668846,0.026600102,-0.12278363,-0.26808074,-0.020559104,0.022684189,-0.10706707,-0.11475392,-0.22112183,0.14651501,-0.10215798,0.11197166,-0.19112907,0.120361865,0.021870112,-0.37917632,-0.07440947,0.31792167,-0.120739184,0.02541337,0.19230944,-0.03548541,-0.18901958,-0.11892484,-0.19870749,0.19565438,-0.10795213,-0.12754421,0.22039263,-0.027392004,0.045399204,-0.07363174,0.047380507,0.066696584,0.27796364,-0.41111627,-0.12754805,-0.5707711,-0.21799667,0.27240458,-0.0814113,0.31043503,0.059434257,0.5164453,-0.21442729,-0.15792637,-0.7318551,0.023173774,-0.0019751936,0.14087431,0.9004885,-0.14329506,-2.2483296,-0.01722021,-0.24482688,1.5357462,0.30852148,-0.3427335,0.53859025,-0.33431268,-0.09445409,0.7599571,-0.10921225,-0.08728356,0.16711174,0.0998603,-0.10983837,0.08329579,-0.22188471,-0.19491912,-0.30527395,0.08235541,-0.044613533,-0.038370643,-0.062652886,-0.8078357,-0.025319198,0.45079237,0.10321883,-0.40485388,0.24399698,-1.1186925,-0.12217755,-0.16297978,-0.254448,-0.002295997,-0.6550443,0.07542829,-0.040535063,-0.22132981,0.08048834,-0.3849665,0.11251484,-0.024785742,-0.021069868,0.4771924,-0.025337128
17,neutral,-0.13600236,0.47396803,0.18494119,-0.12958668,-0.19124995,-0.11466525,-0.11650766,0.05098713,0.17146975,0.37906164,-0.10413441,0.028157454,0.14125247,0.038390927,-0.012824354,-0.16069804,-0.12348781,-0.023731489,-0.38257167,0.15044582,0.05340376,-0.09305556,0.23987412,-0.030059261,-0.08426096,0.08990889,-0.22477567,-0.18682061,0.117146485,0.18489553,-0.16121791,0.31406194,-0.065390825,0.07572156,0.07099918,0.038896758,0.046776325,-0.18829916,-0.022319933,-0.09201434,-0.4582023,-0.15482908,-0.0638687,-0.3747589,0.38704902,-0.03669562,0.29708302,-0.03322734,-0.26433957,-0.50200063,0.053714193,-0.05771536,0.20317411,0.9380794,-0.04459428,-1.4400192,-0.090893306,-0.3544654,1.2775398,0.04389093,0.007496081,0.36270958,-0.08310484,0.092452906,0.86302125,0.13156348,0.20561777,-0.16402087,-0.03190935,-0.26575223,0.058948718,-0.3344157,-0.18186642,-0.27884296,0.20649664,0.16114794,0.022709928,0.010112452,-0.75670695,0.383629,0.73708755,-0.028830426,-0.5225824,0.2920417,-0.99658877,0.13674285,0.3712544,0.14611103,-0.12507306,-0.093852796,0.15067351,-0.25014815,-0.061046146,-0.062503435,-0.48923358,0.12345939,-0.16826595,-0.30707055,0.5175213,0.0946117
18,neutral,-0.21526033,0.17366606,0.15867634,-0.13180992,0.035611466,0.021890495,-0.20011576,-0.046595402,0.09959633,-0.040924594,0.14969218,-0.147941,0.2205937,-0.0016471555,0.020610776,-0.30409724,0.21340458,0.12806764,-0.32360542,0.19561052,0.07784475,0.011183527,-0.044093724,-0.06994153,0.04622587,0.031696383,-0.107713446,-0.24910048,0.01776042,-0.014272188,-0.12025341,0.40473524,-0.12644984,-0.0052864733,0.07800256,0.20386031,0.014067019,0.15735978,0.036649384,-0.20464088,-0.16920602,-0.14879467,-0.05776523,-0.3216937,-0.19134732,-0.13079014,0.03367675,-0.088959366,-0.033595577,-0.5424644,0.14961651,0.025298927,0.08070311,0.68472064,0.037365332,-1.8039777,0.12362794,-0.009173457,1.4258016,0.34214938,-0.0451881,0.5613524,-0.21175703,-0.16260897,0.61150366,0.10857217,0.34932643,0.23303989,0.24997732,-0.04653494,0.13081051,-0.1819059,-0.07824361,-0.3642499,-0.00077653816,-0.014324634,-0.035399005,-0.012330592,-0.64238244,-0.07251669,0.4525775,-0.06521177,-0.25105643,0.054386843,-1.0788041,-0.025268713,-0.0007838452,0.014031226,-0.09733721,-0.2824458,0.047212087,0.07849728,0.21448417,-0.104743265,-0.39667955,-0.021349609,-0.08136372,-0.28467843,0.3146621,0.2247239
19,neutral,-0.26967293,-0.20512994,0.39953935,-0.37864053,-0.018064016,0.21495841,0.18327199,0.14889622,-0.19407196,-0.27681783,0.13920526,-0.22024745,-0.3575271,0.14248087,0.39432216,0.26196018,0.27459803,0.1860681,-0.15721114,0.53669304,0.33958706,-0.2550682,-0.11361462,0.14898644,0.46612158,-0.02254021,-0.014202112,-0.16251208,0.2825468,0.41632617,-0.16120246,0.3228144,0.18026353,0.33456782,-0.21565874,0.01432836,-0.19458035,0.4025772,0.16490746,-0.36404565,0.17316775,0.19487363,-0.06901264,0.23849434,-0.18181829,-0.021818586,-0.37075865,-0.37119567,0.18012424,-0.72880334,0.09939118,-0.2567967,0.2797447,0.2985148,0.11736575,-1.8009025,-0.035004836,-0.24170563,0.16948628,0.600557,-0.21765827,0.70353854,-0.2518753,-0.055212718,0.45505685,-0.32893863,0.44610214,0.2965397,-0.10844422,0.19083324,-0.3482373,0.14757484,-0.17684726,0.18530129,-0.022623453,0.3820824,0.041841563,0.05913183,-0.30964097,-0.2652026,-0.1141958,0.18636371,-0.17261924,-0.33298334,-0.8386174,-0.021764226,-0.15179075,-0.4229167,0.019661317,0.07958117,-0.44638216,-0.07753838,-0.24072261,-0.0011951347,-0.11565154,-0.0019618503,-0.104792215,-0.06653014,-0.10937226,0.14666498
20,negative,0.06287256,0.27769014,0.6914526,-0.46727818,-0.0105028795,0.14318313,-0.25513473,0.21794437,0.07833946,-0.22818242,0.27002352,0.051866997,-0.03182592,0.24164079,-0.11049073,-0.3864407,0.3713103,0.43357903,-0.38536954,0.35394645,0.54612136,0.55548143,0.2670278,0.06180676,0.17006882,0.20817278,-0.4042897,-0.49489647,0.45120072,-0.33862364,-0.09676939,0.5037986,-0.11608005,0.015317645,0.10575456,0.41055435,-0.09589009,-0.040549576,-0.17570706,-0.12547404,-0.56886935,-0.32481182,-0.1829407,-0.35330254,-0.24501231,-0.05756368,0.119898476,0.057375453,-0.12628716,-0.73612255,-0.1082587,0.15302745,-0.11332348,0.97226423,-0.0057366444,-2.4983191,-0.08671537,-0.1456263,1.8080132,0.2912662,-0.15849154,0.88127655,-0.14379996,-0.23771144,0.61309326,0.16558929,0.29170835,0.34771153,0.034250088,-0.24794514,0.07770403,-0.29115444,-0.242736,-0.6457578,0.16911355,-0.068764366,-0.2254926,-0.26340887,-0.5604911,0.036655553,0.5023911,0.061356843,-0.6494306,0.22561128,-1.2401911,-0.32049343,-0.28707373,0.044360053,-0.18588553,-0.29162663,-0.03383188,-0.09890683,0.16360897,-0.24915774,-0.72870713,-0.34921947,-0.10153357,0.13022728,0.6052672,0.3790687
21,neutral,-0.30180344,0.15715183,0.46862802,-0.07352477,0.10712527,0.084202506,0.104503326,0.43202227,-0.31025472,0.13769232,-0.09805733,-0.07073067,0.16257118,0.03519865,0.06499785,-0.380966,0.23508078,0.05998396,-0.6414207,-0.04560645,0.16267498,-0.098248854,0.2706426,-0.24133655,-0.07273508,-0.28486338,0.06625764,-0.13536978,0.07187598,0.090152696,-0.13322406,0.42459375,-0.2045856,-0.031431966,-0.08193097,0.1301721,0.0021931257,-0.17862414,0.05712972,0.02644346,-0.66812587,-0.28037485,0.14568093,-0.3265741,0.013571886,-0.33308592,0.08988767,-0.3391529,-0.26234013,-0.4707678,0.13736379,-0.17477506,0.0019696457,0.8382685,-0.06906621,-2.1228688,-0.17783624,-0.115475446,1.4146796,0.35470667,-0.13494349,0.5871158,0.08715543,-0.19208951,0.49661118,0.12635008,0.043794554,0.41356504,0.022664884,-0.08820109,0.091424614,-0.09686147,-0.23031555,-0.37275654,0.22305244,-0.19640708,-0.19702518,-0.26103014,-0.58031636,-0.3103869,0.5897389,0.016520532,-0.24139816,-0.15927222,-1.0654646,0.07733768,0.18700643,0.34245807,0.2594738,-0.4193158,0.29715943,-0.028872654,-0.22447449,-0.022465112,-0.46562305,0.2781748,0.23955776,-0.29299912,0.45831934,0.025800286
22,neutral,-0.021529986,0.29222313,0.25373575,-0.16058096,0.30717468,-0.00033248743,-0.19219524,-0.24074344,-0.17124629,0.24004573,-0.26427242,-0.20161392,0.16902839,-0.10215155,-0.4354724,0.2988089,0.06120965,-0.32271296,-0.60087585,-0.31228876,0.5554033,-0.03300541,0.32321408,0.11265245,0.071513586,-0.021278644,-0.22873738,-0.30612496,0.5043673,0.16593286,-0.13658598,0.3333737,-0.12977381,0.343892,-0.13212174,-0.058826774,0.16345942,0.14083725,-0.22390592,0.11883279,-0.8818874,-0.44634655,0.28843984,0.1332163,0.15458564,-0.78974426,0.28436673,-0.031058371,-0.0728151,-0.64847785,0.10397592,-0.012868357,0.25538906,0.84273374,-0.07020217,-2.03826,-0.106913134,-0.11287803,1.5749289,0.25367272,-0.45472312,0.124911696,-0.06533833,-0.43014717,0.37070486,0.102487,-0.0017503599,0.27444795,0.0059010517,0.29235074,0.2538868,-0.26266858,-0.70029247,-0.40329996,-0.045947738,0.24590428,0.3677986,0.1837852,-1.0566305,-0.01889767,0.73076516,0.071553655,-0.07228668,0.14403634,-0.7359982,-0.029289363,-0.03270113,0.41467115,0.18059674,-0.5923546,0.10305637,-0.15650657,-0.2312769,0.27441326,-0.8449466,0.03012858,0.05939458,-0.028791966,0.5425163,0.50044584
23,neutral,-0.62242675,0.51614076,0.07640105,0.08497706,0.038536698,0.28642732,-0.10394557,-0.30929065,0.18271096,0.63684076,0.044445917,0.054978322,0.36839268,0.21464129,0.17889753,-0.014362333,-0.18989418,-0.17676361,-0.288382,-0.046955526,-0.012635007,0.27528152,0.3211865,-0.20372207,-0.18915403,0.08770599,0.05674013,0.2748106,-0.3290154,0.25060973,-0.3855439,-0.20945993,-0.047380224,-0.3810068,0.26094335,0.14506382,0.5376488,0.45112023,0.3428969,-0.14068237,-0.28079757,0.009864957,-0.047002245,-0.34373063,0.1431405,-0.4586444,0.069234386,0.19107348,-0.45165664,0.073687404,-0.5230363,-0.15272965,0.13949054,1.0666789,0.08776811,-0.8599471,-0.06289741,-0.10352504,1.007587,0.120565,0.35362878,0.2247194,-0.026557306,-0.20450155,0.8616984,0.21381278,0.6888619,0.13495283,-0.50231373,-0.050873563,0.060506005,-0.22256829,0.34270608,-0.26032743,0.16743945,-0.16943541,-0.25363326,-0.048124492,0.11735485,0.07863991,0.5144538,-0.004819946,-0.44589898,-0.16087285,-0.41988602,-0.3597446,-0.21970133,0.28578123,0.492309,-0.104882084,-0.46746644,0.12541445,-0.17442533,-0.06757562,-0.49222928,0.104446396,-0.012511706,-0.19700116,0.08536628,-0.124781586
24,neutral,-0.15502211,0.030828668,0.15566291,-0.20654076,-0.10710169,-0.08256483,-0.10686083,-0.016222844,0.09601122,-0.014770675,0.025433643,0.006495046,0.12990306,0.008296995,0.07054201,-0.016816042,-0.096251205,-0.07525399,-0.34237403,0.14785264,0.1688865,-0.080316,0.0016121025,-0.2438908,-0.06984063,0.08203509,-0.068267874,-0.10098402,0.10045177,-0.055780612,-0.0734777,0.16587113,0.0111025665,0.04804333,-0.11149046,0.22925365,0.003463539,0.041254178,0.003015018,-0.102174416,-0.38921863,0.05927054,0.14903101,-0.08608209,-0.09323711,-0.29323462,0.13943444,-0.046164203,-0.09339675,-0.5647584,0.0026586088,0.07576408,0.22079222,0.5793003,-0.24148843,-1.4266704,0.12875722,-0.04770038,0.7550482,0.25096858,-0.117710225,0.37973306,-0.15228522,-0.31268176,0.4071727,-0.056459032,0.24227479,0.33135465,-0.18069422,-0.09833387,0.1423697,-0.22147432,-0.17435719,-0.51116115,0.06102219,0.17278598,0.023103312,-0.08768202,-0.59010893,-0.03757711,0.37335226,-0.25265792,-0.20418376,-0.13889042,-0.8689836,-0.16132316,0.056714013,0.047227252,-0.0046014967,-0.24880733,-0.08975449,0.041698854,-0.094658345,-0.0016611248,-0.29977342,0.025492962,-0.18455227,-0.28547254,0.11927781,0.17742568
25,negative,-0.097074054,0.1169967,0.15310277,-0.08897454,0.069252975,-0.045053143,-0.027968382,0.05326988,0.12375265,0.17111781,0.09453486,0.06861263,0.13747443,0.06471281,-0.038032703,-0.014931135,0.086570375,0.0486879,-0.5480603,0.20830566,0.16857338,-0.13772793,0.075357735,-0.17055011,-0.06011849,0.2666094,-0.0737713,-0.2910407,0.23183653,-0.12051245,-0.062071666,0.37066755,-0.099991545,0.06296357,-0.053652935,0.05659513,0.03706936,-0.07764144,-0.12834165,-0.2286541,-0.3328615,0.01354856,0.104338855,-0.24762854,-0.07171726,-0.16851582,0.16780573,-0.14927866,-0.041662354,-0.70026076,-0.05525219,0.04278392,0.08764873,0.85973203,0.02717385,-1.6440183,-0.033156455,-0.022241568,1.1849895,0.12316187,-0.072208636,0.41082716,-0.120393924,-0.21695647,0.64726186,0.11771702,0.1169765,0.30821875,-0.027288226,-0.15179527,0.19035679,-0.26787072,-0.36244768,-0.21291429,-0.026582845,0.066448584,-0.1162125,-0.1181343,-0.5629287,0.0021969397,0.49226406,-0.05877513,-0.3484885,0.11944782,-0.8655199,0.01890153,0.19947973,0.16547228,-0.16031648,-0.060897157,-0.08864217,0.016199192,-0.21597697,-0.09714854,-0.42705968,-0.19432056,0.04189568,-0.11792419,0.16080277,0.19639753
26,negative,-0.13177791,0.052538075,0.24122757,0.09359771,0.024329135,-0.17251708,-0.035645377,-0.048999827,0.19339639,0.3628033,-0.09165812,-0.05021303,0.12389361,0.052972537,-0.1026778,-0.00039576332,0.03890986,-0.1378269,-0.3802197,-0.09767714,0.13426356,-0.13329665,-0.04057504,-0.12825158,0.07778424,-0.11302194,-0.06763812,-0.04633314,0.0861652,-0.06637936,-0.10643177,0.076914445,-0.23469618,0.011228671,-0.1674535,-0.09004644,0.21074316,-0.021282358,-0.03386616,-0.010973001,-0.43664896,-0.09465694,0.2225078,-0.12917416,-0.017531065,-0.12517768,0.3619496,0.012733559,-0.21052232,-0.41377258,0.010079594,0.106847584,-0.025021125,0.76994395,0.052333955,-1.4981215,0.09544447,-0.19886912,1.010566,0.18137349,-0.10069537,0.284052,-0.060768403,-0.19292314,0.5936774,-0.01809114,0.17166598,0.012166788,0.14564452,-0.10480335,0.16078126,-0.19488803,-0.15699401,-0.21972813,-0.0739917,-0.025521165,-0.07294877,-0.007571754,-0.7010526,0.16480449,0.5249178,0.15416583,-0.1364311,0.21428321,-0.6321611,0.118289754,-0.0015509849,0.015751218,-0.06858711,-0.35936287,-0.090956725,0.1266796,-0.18303825,0.0051023876,-0.25322458,0.015257852,0.17047703,-0.11459079,0.29893845,0.35471696
27,neutral,-0.19817191,0.24241348,0.116567284,-0.008766072,0.00011217061,0.053684015,-0.051602695,-0.3135347,-0.057461943,0.41828626,0.0016881174,-0.13984771,0.20982966,0.07111152,-0.055336412,0.020683162,-0.11465737,-0.14114717,-0.23710501,0.0048470837,0.36658365,-0.25556457,0.17116477,-0.156776,-0.052496612,0.064199224,-0.19344169,-0.30505216,0.20694715,-0.0011103292,-0.006356346,0.2638768,-0.15521146,-0.11995007,0.23424537,-0.008046113,-0.049710598,-0.15896378,0.13072792,-0.081048414,-0.23517765,-0.023963077,0.094408564,-0.18244731,0.044534147,-0.19364053,0.17983179,0.096133284,-0.17235823,-0.37166804,0.047847316,0.10402174,0.09209823,0.86114055,0.160371,-1.560892,0.0448681,-0.06916525,1.1972067,0.38308346,-0.018158903,0.40400025,0.017056398,-0.20481302,0.62259144,0.14338803,0.19424744,0.10438811,0.07767221,0.09754319,0.1352282,-0.31939185,-0.25495067,-0.13636997,-0.008654154,-0.21560568,-0.03926724,0.011186079,-0.6329294,0.10197997,0.5375343,-0.10202271,-0.2303737,0.09553729,-0.94098043,0.19460614,0.055757906,0.032461032,-0.1232722,-0.23987648,0.035042223,-0.07485694,-0.11129476,0.20119433,-0.30201894,-0.1916981,-0.09945342,-0.2529025,0.39842513,0.20289914
28,neutral,-0.22509754,0.14783984,0.102968104,-0.06812495,0.00074868515,-0.061157145,-0.27156752,0.16924977,0.028129322,0.40218097,-0.017176878,-0.14168233,0.2662116,0.013033258,-0.12867048,0.058621466,0.27905598,-0.072562546,-0.54834694,-0.04144763,0.14242569,-0.21704134,0.1752897,-0.14958511,-0.28577644,-0.055111285,-0.12718378,-0.26951537,0.05872515,-0.041220166,0.18631741,0.20190918,-0.15429458,-0.0036289375,-0.09091189,0.09365224,-0.05641452,0.035181496,-0.067886084,0.03430428,-0.6634096,-0.1066866,0.10877891,-0.15145592,0.063842855,-0.21026944,0.20772626,-0.1812698,-0.20537987,-0.6628164,0.2319452,-0.036860894,0.15154245,0.97030383,-0.065851286,-1.9100581,0.12159289,-0.3124238,1.5715231,0.3256,-0.14101166,0.35829762,0.058488436,-0.09626001,0.5814115,0.01159707,-0.057104733,0.38563025,0.14612319,0.15507412,0.27506563,-0.35567042,-0.2681176,-0.39451078,-0.008705271,-0.024512926,-0.1471499,0.120130345,-0.99778014,0.008652972,0.67306226,-0.07301468,-0.23701614,-0.05015193,-0.9637935,-0.17952713,0.21119401,0.19799083,0.102508105,-0.3120915,0.105100006,-0.05472349,-0.19152786,0.011514416,-0.42239654,0.056483842,-0.040609915,-0.2124616,0.4778422,0.03504267
29,neutral,-0.2038958,0.07650744,0.22303304,-0.13554135,-0.023386398,-0.14134872,-0.012537866,-0.089754656,0.10070283,0.13032614,-0.03322525,-0.020537209,0.101096876,-0.16447215,0.03941904,-0.1676656,0.076961644,0.050989628,-0.20921454,0.10659149,0.24539822,-0.09299787,0.18346609,-0.14677934,-0.02925162,-0.080166705,-0.03188439,-0.21843684,0.106341444,-0.052993685,0.032449186,0.39168018,-0.2199174,-0.08773951,0.046099022,-0.06799743,0.14263918,0.089566305,-0.11645938,-0.11325101,-0.40776902,-0.017691394,0.10429529,-0.21034022,-0.060655974,-0.29528534,0.27829176,-0.12691683,-0.15741843,-0.5255828,0.1442571,-0.035952352,0.11209535,0.72593826,0.17555898,-1.7685039,0.17404702,-0.017705696,1.0187154,0.36813095,-0.027592044,0.31024635,-0.20239557,-0.10857972,0.6178937,0.16772416,0.2339869,0.23427156,0.066704325,0.051821075,0.16632675,-0.12428127,-0.21097785,-0.19992627,0.027705843,-0.10870161,-0.10661196,-0.045715887,-0.6712559,0.09354848,0.45319727,-0.0008655536,-0.3455526,0.075102724,-0.90497667,0.09431601,0.15554959,0.034190632,-0.013352152,-0.34553626,0.043771267,0.016038248,0.054601938,-0.045304082,-0.19890757,0.13289547,0.01034421,-0.19212495,0.33314675,0.22028865
30,neutral,-0.09027394,0.059616387,0.17441079,0.063194774,0.16464289,-0.029744739,-0.1177996,-0.05831412,-0.12298149,0.1389396,0.07503366,-0.07443812,0.040697254,0.058303412,0.0017652764,-0.17961995,0.10611433,-0.16637449,-0.42636558,-0.012450693,0.11763371,-0.13092382,0.25851434,-0.08178266,-0.09061616,0.026011245,-0.15250081,-0.09047354,0.45221332,0.07988588,0.20661168,0.39314938,0.102036014,-0.11379932,-0.21386126,0.11296702,0.09013156,0.06158097,-0.3585757,-0.24334773,-0.37183893,-0.055393863,0.44901946,-0.15946533,0.2019409,-0.20304449,0.1279959,-0.11764636,-0.074301265,-0.17658263,-0.27382895,0.09890631,0.13384633,0.7495388,-0.086821005,-1.307942,-0.20016241,0.19711936,0.95540667,0.23264109,-0.21023741,0.07311795,-0.07306075,-0.20935707,0.41098958,0.011574893,0.033741612,0.15865211,-0.061247274,0.14536837,0.16325404,-0.0026507566,-0.37192148,-0.4466502,-0.24286214,-0.16351055,-0.00049409963,0.23056626,-0.68693143,0.14590093,0.49407095,-0.11376656,-0.22684446,0.04477473,-0.5453638,-0.06612633,0.14229424,0.23273313,0.1134209,-0.7044226,0.24937125,-0.1540187,-0.2643316,0.2702961,-0.62410897,-0.15461418,-0.06550945,-0.3231393,0.06000787,-0.11509002
31,neutral,-0.17342207,0.084647484,0.26587874,-0.09943568,0.13061865,-0.13254143,-0.16314878,-0.04321108,-0.028037326,0.15639184,0.04813207,-0.11484077,0.20588924,-0.052088432,-0.07988785,0.057460707,0.29577112,-0.123584315,-0.42173243,0.029284684,0.046335172,-0.1865791,0.112426944,-0.08188204,-0.24895117,-0.22955176,-0.07000031,-0.17950144,0.1484578,0.06597786,0.15155949,0.27150312,-0.27196828,-0.14146876,-0.075573824,0.13338804,0.07530248,-0.027968863,-0.19157624,-0.05746962,-0.4871903,-0.06814994,0.115291625,-0.09360343,-0.0023836363,-0.4070166,0.21879643,-0.2712099,-0.27593255,-0.6107468,0.3143571,0.027088095,0.19316578,0.8171081,0.021342289,-1.7061976,0.027034009,-0.22986719,1.2851739,0.30268347,-0.118418016,0.3349495,-0.11870144,-0.18990451,0.60225254,-0.019979268,0.019720694,0.4039392,0.020258768,0.013529397,0.26374733,-0.09701795,-0.22676554,-0.3883658,0.056308046,-0.06605567,-0.18739048,0.09054138,-0.88349247,-0.05326173,0.50714916,0.021506485,-0.20759092,-0.110855944,-1.0023576,-0.07377312,0.23089723,0.1704268,0.048792865,-0.17410097,-0.03402897,-0.10958205,-0.20250049,0.013738023,-0.30263528,0.008061243,-0.10809699,-0.31501734,0.29380754,0.1258346
32,negative,-0.028790288,0.2815966,0.34238687,-0.005944676,-0.06728745,0.20895045,-0.17653868,-0.015280296,0.18362941,0.09885208,-0.06718928,0.13748784,0.29490575,0.2123294,0.11598385,-0.21429546,0.08461864,0.01765487,-0.40306386,0.35564065,0.39693603,-0.22112869,0.20140901,-0.07510954,0.062069897,0.020180628,-0.097782284,-0.48598334,0.13500491,0.03300715,-0.06495728,0.31354532,0.06718555,0.007239638,0.069026865,-0.016124688,-0.07743762,0.12355323,0.0038088856,-0.034547895,-0.4176541,-0.09109757,0.064328335,-0.23351721,0.06912349,-0.059356946,0.16936463,-0.1750407,-0.24621338,-0.53481793,0.1283722,-0.057609174,0.048962213,0.92620134,-0.10123113,-1.9696388,-0.089987084,-0.2391857,1.4497739,0.35079747,-0.11871708,0.72901183,-0.112672165,-0.16747509,0.6960761,0.08130453,0.27363226,0.22755295,0.032320525,-0.15110709,-0.059760056,-0.36058745,-0.040882435,-0.11696172,0.27947336,0.19144912,-0.04011619,-0.13064295,-0.7422925,-0.049583126,0.51799107,0.06456048,-0.1961846,0.035182755,-1.2358783,-0.11133358,0.02507548,-0.105826095,-0.060864516,-0.3117095,-0.025373269,-0.018115075,-0.008976267,0.017356927,-0.54033685,0.05390927,-0.27377585,-0.19052371,0.33177117,-0.04692511
33,neutral,-0.11598419,0.16716583,0.68487036,0.20463188,0.029735763,-0.0071208766,-0.055652574,0.21747667,-0.052350007,-0.19192488,-0.060121894,-0.06919126,0.13231567,-0.13197838,0.08226893,-0.04799241,-0.11331878,-0.044540796,-0.34057084,-0.06767277,0.21365932,0.031036457,0.0088762045,-0.083634205,-0.028384728,-0.023111077,-0.03634635,-0.10294399,0.32412744,-0.1837917,0.04817911,0.20747423,-0.0045849076,0.055272277,0.0571101,0.14343272,-0.047766514,0.08778497,-0.22386257,0.047569316,-0.6477741,-0.327128,0.19614641,-0.2721601,-0.1324357,-0.007228578,0.33196467,0.06864855,-0.14063679,-0.5554686,-0.16390534,0.023068521,-0.21294853,0.7708426,-0.19260526,-2.175922,-0.2435387,-0.06483637,1.2493316,0.17902237,-0.3564744,0.8411488,-0.17910588,-0.53807086,0.52417797,-0.09948942,-0.07490266,0.14498413,0.09084577,-0.24873507,0.08228779,-0.3238064,-0.37240893,-0.36161456,-0.018413274,-0.13053472,0.0001563921,-0.10257126,-0.5456329,0.06575622,0.39637154,0.034614354,-0.10394407,-0.11151919,-0.7671594,-0.10428159,-0.22865169,-0.042095296,0.1392375,-0.28086868,0.14534158,-0.065315895,-0.013596708,-0.17004377,-0.55316424,0.19365807,-0.22956678,-0.17068751,0.47827125,0.45745096
34,negative,0.25398,0.51146,0.800145,-0.43261424,-0.021950502,0.52036005,-0.4117,0.1393155,0.051624,0.0006250026,0.08435499,0.21927601,0.19915448,0.45232,0.218475,-0.41524,0.043629974,0.12414999,-0.71609503,0.5048,0.40069598,0.59968,-0.03245499,-0.30549496,0.26007,-0.15726501,-0.19750449,-0.350419,0.15198001,-0.1751385,0.176458,-0.135728,0.354625,-0.013688004,0.23807998,0.44086,-0.21993497,0.32976505,0.707225,-0.62935495,-0.71900505,0.43874997,-0.26916498,-0.18951698,0.298059,-0.303485,-0.36615002,0.066351,-0.08608649,-0.354141,-0.176954,-0.34641,0.3265426,0.97776496,-0.3122645,-1.9539,0.42621502,0.023684982,0.73627996,0.202355,0.42252496,0.90102,-0.57583,-0.64782,0.845105,0.50613004,0.59096,-0.31592497,0.007819998,-0.43311498,0.080134995,-0.079736,-0.015700012,0.033485,-0.061625,0.300797,0.20336498,-0.28814998,-0.0663155,0.113534994,0.007968499,0.701395,-0.40629,0.52758497,-0.932325,0.46752,-0.191905,-0.65211,-0.33272552,-0.15730101,0.26800948,-0.512609,0.64895004,-0.015179994,-0.35051495,-0.581385,-0.05196998,0.080515,0.60949004,-0.53304
35,neutral,-0.22820605,0.10255261,0.03952488,-0.14705268,0.065731674,0.42165607,0.15556845,0.33676267,-0.04729195,-0.0129527645,0.022229072,0.03857912,-0.18811539,-0.06856146,0.19493374,-0.08325572,0.08139532,0.15340185,0.035861112,0.26071122,0.17149371,0.15177771,0.21146435,-0.12658586,0.33405384,0.01653451,0.06498671,-0.13543226,-0.031587772,-0.061674867,-0.17912963,0.33420798,0.20708735,0.15706064,0.061062206,0.23430614,0.039984375,0.27998853,0.07931454,-0.26911575,-0.029583344,-0.25551733,-0.02448928,-0.050845046,0.059407543,0.10125996,0.011041068,-0.04255285,0.06987577,-0.5893972,-0.12757052,-0.2087034,0.048072644,0.6524821,-0.034439594,-1.6814886,-0.06059099,-0.09429522,0.7168827,0.097502925,0.012172263,0.547215,-0.38979957,-0.09378375,0.39912003,-0.17499448,0.48389602,-0.29881844,0.005255361,-0.12909204,-0.061633054,0.08617203,-0.0075213513,-0.17144139,0.035086237,-0.008206067,0.2410332,0.013768263,0.12986428,0.3679281,0.35994378,-0.3155793,-0.14495708,0.20701429,-0.6249458,-0.2077501,-0.081928246,0.077583745,0.27067912,-0.07481352,-0.07892702,0.033909623,-0.3883353,-0.17156209,-0.452347,-0.28156438,-0.14675993,-0.00604614,0.49829632,0.16634575
36,neutral,-0.08793697,-0.09249025,0.041490335,-0.361546,0.13274407,-0.22305194,-0.019335974,-0.063747145,0.27468818,0.14126658,0.1582212,-0.088390015,0.19771336,-0.25400475,0.111830145,-0.019310828,-0.20424685,0.22250491,-0.15648733,0.25560984,0.10878736,-0.18001328,-0.039165378,-0.14516996,0.08624512,0.2243512,0.07076083,0.051390722,-0.038799647,-0.0733777,0.0040709805,0.31564108,-0.1333682,0.025433924,0.20959054,0.116149604,-0.09285953,0.026047913,0.2125425,-0.1890167,0.08972157,0.16497101,0.027593179,0.08749135,-0.06429257,-0.10492047,0.34925485,0.0010115845,0.0001269352,-0.5263271,0.19180115,-0.07929202,0.06332639,0.6976001,0.016554466,-1.6094655,-0.18607093,-0.16053148,0.82325983,0.14537436,-0.17025754,0.5656606,-0.019433245,-0.17422608,0.5469221,0.01901307,0.27508,0.12151542,-0.17019656,0.008100481,0.12319723,-0.40237993,-0.18881692,-0.17701566,-0.051004324,-0.039437607,0.037672833,0.10263124,-0.62494016,0.19603951,0.52381384,-0.13040528,-0.21219124,-0.10275056,-1.1821479,-0.0073331776,0.065822996,0.1722585,-0.11341467,-0.2961961,-0.17885517,0.085919045,0.21915017,-0.15049213,0.014076197,-0.073932126,-0.010494308,-0.15373567,0.29222593,0.15545863
37,neutral,-0.01680867,0.17274651,0.29256496,0.025262315,-0.19901414,-0.39295626,-0.4232617,-0.08204274,-0.11771138,-0.07134891,-0.16113715,0.025271604,-0.12182681,-0.07079089,0.26645204,-0.067784645,-0.30561692,0.07497005,-0.15850627,-0.050680608,0.37455672,-0.098812506,0.06986644,0.08721341,0.1626893,-0.12469911,-0.072133325,-0.43694872,-0.17259607,-0.006981132,-0.14702366,0.3222844,-0.1374659,0.019584859,-0.042461157,0.16000518,0.12520187,0.10920413,-0.14226344,-0.18025713,-0.3458769,-0.34760532,-0.056117494,-0.086729586,0.08865206,-0.18833928,0.22858411,-0.19552496,-0.24674837,-0.90661013,0.20056576,-0.09779626,-0.13032976,0.9339016,0.084040046,-2.2220256,0.053304747,-0.22323126,1.5853024,0.3012959,-0.025389303,0.3381171,-0.069151364,0.064942025,0.57440424,-0.0809267,0.19726522,-0.041858025,0.4488863,-0.072578385,0.16206804,-0.19408773,-0.18256441,-0.06822968,0.07266043,-0.121481024,-0.119207755,0.12525077,-0.5426512,-0.09505816,0.64711994,0.1615448,-0.35779348,-0.1167925,-1.0206972,-0.41618958,0.036676016,-0.115081206,-0.0503747,-0.44380927,-0.20708205,0.16420151,-0.2152183,-0.194955,-0.5216864,0.05530912,0.113661595,-0.36162555,0.54071355,0.05023779
38,neutral,-0.29249313,0.134784,0.076544136,-0.41102964,-0.15649521,0.25646853,0.23686159,0.10410552,0.017345289,-0.23190501,-0.06460285,0.11943609,-0.25068048,0.04538666,0.101151764,-0.059091154,0.007879723,0.35371456,-0.04299983,0.48957384,0.12757406,-0.054025427,0.12753817,0.26219615,0.3381439,0.21865423,-0.11260767,-0.21560256,-0.046955805,-0.1345341,-0.2544072,0.4648287,-0.0065718847,0.027415207,0.034294724,0.34092838,-0.05494458,0.20361139,0.09078919,-0.3273731,-0.07039609,-0.32609126,-0.11507772,-0.26978347,0.051803555,0.15665132,-0.027468998,-0.11390266,-0.05963544,-0.87711567,-0.22208536,-0.12066675,-0.13586612,0.6893056,0.019199757,-1.683682,-0.070488885,-0.26257426,0.7363771,0.082611926,-0.18436714,0.5091884,-0.38269794,-0.15870601,0.5744607,-0.2842272,0.37691796,-0.2686851,-0.16549154,-0.21640919,-0.062284555,0.07703251,0.053569824,-0.02981735,0.06747782,0.17490204,-0.0530387,-0.22858177,0.2180064,0.3262297,0.36580065,-0.35571358,-0.17098726,0.18211721,-0.8556813,-0.35452738,-0.043530997,0.16599599,0.22486526,-0.26385903,-0.260205,-0.050458495,-0.45062956,-0.20927733,-0.28343347,-0.33697245,0.0797319,-0.05615045,0.4677096,0.16620845
39,negative,0.046596132,0.25023454,0.27355722,-0.32912526,0.08314271,-0.3027158,-0.26869535,0.06292304,-0.14344713,0.08423471,0.09891989,-0.096000634,0.11956009,-0.13545623,-0.055428058,-0.08017107,0.13705114,0.06587937,-0.38923618,0.07042063,0.090037435,0.027189016,0.09247985,-0.16333349,-0.022711683,0.06540104,-0.16538237,-0.25820228,0.026797317,-0.025702162,-0.06303842,0.29017186,-0.18990843,-0.0764016,-0.07823426,-0.026748851,-0.03327634,0.24229203,-0.03155069,-0.16905208,-0.30135792,-0.3192237,0.23143966,-0.23978102,0.17890933,-0.088648036,0.022331001,-0.121438965,-0.20869735,-0.68637854,-0.071555726,-0.0009428684,-0.014931966,0.9268962,0.05470557,-2.0546854,-0.041242532,-0.29134595,1.4193131,0.3489823,-0.05462079,0.36077276,-0.21248685,-0.095744975,0.56986594,0.0667618,0.30578402,0.21699469,0.26111352,0.05490993,0.20270443,-0.17682473,-0.11182589,-0.29524744,0.010341111,-0.12124705,-0.20930786,0.023209084,-0.74718475,0.07386089,0.69880164,0.043539733,-0.2695063,0.036844008,-0.8667008,-0.18648374,0.036620587,0.02642344,0.12844181,-0.41780248,-0.034978904,-0.13888007,-0.10138028,-0.09193927,-0.4612697,0.04988982,-0.024201594,-0.24753258,0.52606523,0.095370255
40,negative,0.13889001,0.030098824,0.38823676,-0.18756963,-0.0433295,-0.117995925,0.0037713724,0.25903344,-0.16861944,0.037699983,0.49021733,0.36588925,-0.25977257,-0.18888922,0.24992037,-0.7526461,0.087845884,0.19124849,-0.3619839,0.07813512,0.38379943,-0.0024668886,-0.20372894,0.20015556,0.20629278,-0.05844949,-0.11109035,-0.019044202,-0.35804674,-0.4230748,-0.10353124,0.47602323,0.10048445,-0.2055596,-0.028730353,0.31888124,0.0050035524,-0.09185607,-0.08288166,0.2777796,-0.018327001,-0.6303005,0.03208193,0.12808593,-0.16777027,0.07610262,-0.17708084,-0.43911213,-0.13577883,-0.7669376,0.04471103,-0.040161777,0.36694926,0.66444045,-0.23303476,-2.1098955,-0.14243098,-0.167499,1.7790382,0.18590271,0.031748213,0.33417067,-0.20890932,0.011161218,-0.18268466,0.09697266,0.021009244,0.08916924,0.1857429,-0.39393744,-0.25050804,-0.13577457,-0.1056275,-0.090124875,-0.04224737,0.027904749,-0.36158708,0.24141696,-0.7418365,0.3137742,0.641949,0.031058094,-0.28856623,-0.4287236,-0.9144134,-0.21920593,0.26087043,-0.060920898,0.0008544503,-0.14270723,0.22323625,0.09530925,-0.3573065,-0.31742892,-0.8346837,0.3162288,0.39945278,0.02077833,0.72501695,-0.3263027
41,neutral,0.19375883,-0.15585148,-0.25874507,-0.47500327,0.5693277,-0.0010063793,-0.06997479,-0.096864685,-0.4651573,-0.29749587,0.02946919,-0.29238805,-0.050368916,0.05128613,-0.046508234,0.26021883,0.07536689,0.20199162,-0.1462116,0.23211884,0.13831778,0.14897671,0.46203867,-0.32087314,0.5688544,-0.28800318,0.24980876,0.0030877988,0.19228819,0.27315626,-0.1393457,0.5427796,-0.12485363,0.19568454,-0.17677437,0.1578424,0.12304205,0.2542878,-0.16962528,-0.17327586,-0.14869386,-0.34482214,-0.11945516,0.18007872,-0.16612262,0.0077307518,-0.0502945,-0.28440395,0.4202709,-0.072650105,0.12199012,-0.18772268,0.2940412,0.454865,-0.24875513,-2.1964576,-0.31733844,0.05575366,0.5899667,0.2204716,0.22649679,0.6980611,-0.11179049,-0.018442532,0.69751,-0.21464099,0.39312637,0.576401,0.054977056,0.28136432,-0.13538954,-0.02457473,-0.36734626,-0.30506855,0.007181991,-0.35280317,0.26517156,0.17612712,-0.6678422,0.12814221,0.041804586,-0.05173497,0.52814764,-0.17212246,-0.8014971,-0.23040342,-0.32317317,-0.1254732,0.23545733,-0.1822929,0.29988167,-0.39528328,0.38678202,0.15604128,-0.37278372,0.11294826,0.03583339,-0.10758291,0.22878878,0.07127342
42,negative,-0.071727134,0.18877159,0.3609029,-0.096080035,0.005484964,-0.20164779,-0.18591794,0.02409536,-0.0060346513,0.05283639,0.07155042,-0.06343756,0.13843535,-0.07379225,-0.025773345,-0.13642561,0.064160794,-0.04279112,-0.31816936,0.010928071,0.27779245,0.003810454,0.084938414,-0.08400818,0.104082145,0.16504717,-0.10429029,-0.14011697,0.23233269,-0.00665988,0.00971697,0.29614264,0.033391956,-0.120302334,0.03550907,0.037768863,-0.056251705,0.0738195,0.022240512,-0.071735136,-0.2654971,-0.25298345,0.08115384,-0.35024983,0.26828152,0.064363636,0.14528468,-0.054171048,-0.20255822,-0.6150145,-0.025191512,0.13840172,-0.0102323685,0.79173505,0.07301647,-1.847526,0.06294484,-0.15623859,1.3929077,0.3212637,-0.11620829,0.40741906,-0.202497,-0.1281381,0.6300198,0.05109303,0.1529338,0.06951441,-0.0091765495,-0.1374253,0.038334396,-0.16192137,-0.07039783,-0.21467216,0.15891504,-0.055577137,-0.07905575,0.06566448,-0.4857956,0.17535092,0.5853887,-0.011126983,-0.39595893,0.2331134,-0.78328234,-0.20767464,-0.03585766,-0.05969217,0.031307455,-0.29213408,-0.07119488,-0.021594325,-0.035362467,-0.05077641,-0.55220634,0.11112422,0.14547844,-0.15966208,0.40496576,0.20754421
43,neutral,0.17038406,0.17036289,-0.34550714,-0.3770871,0.5202194,0.37174246,0.038010776,-0.16205093,-0.31899798,-0.08368809,-0.19774559,-0.4292923,0.2115081,0.23633994,0.06862815,0.4461183,0.092617266,-0.0122896675,-0.40573043,0.1144576,0.3324969,0.021470115,0.44801018,-0.5584936,0.30307055,-0.32081166,0.269356,-0.14507498,0.21121782,0.28009015,-0.06580529,0.26095462,-0.12434141,0.2698744,-0.21819234,0.17623891,0.21043079,0.3015616,-0.29381874,-0.16322905,-0.43223432,-0.043054122,0.062416926,0.20805532,-0.18770565,-0.30726525,0.120435566,-0.15352249,0.37525082,0.16116865,0.19588852,-0.09523594,0.1558655,0.27617544,-0.27196318,-2.2425563,-0.41881394,-0.009324918,0.7256578,0.19477342,0.3601671,0.47264528,-0.22889535,-0.066063836,0.7873198,-0.15982784,0.3411302,0.52222145,0.21204664,0.058814853,-0.18121469,-0.067268856,-0.36768523,-0.39681813,-0.050183337,-0.2715167,0.20893088,0.06367589,-0.68709314,-0.16521253,-0.12609527,0.0820004,0.35432827,-0.051827855,-0.6666819,-0.26556903,-0.40288,-0.04668253,0.31458023,-0.29907197,0.09927863,-0.32454833,0.422494,0.23479678,-0.5843518,0.00448163,0.08312206,-0.1638768,0.40021387,0.30476004
44,negative,0.20628326,0.32246155,0.19302003,0.073183015,0.017311836,-0.69631153,-0.23807058,0.14591683,-0.10027673,0.03441852,-0.027041204,-0.09914316,0.08334779,-0.18777768,0.10332419,-0.11002814,-0.2105627,-0.04863651,-0.06616164,-0.110082485,0.4095806,-0.17971364,0.008889252,0.20914274,0.13804129,0.03869207,-0.18842839,-0.2660295,0.15499693,-0.08378729,-0.14359426,0.15905346,-0.2106615,0.13245565,-0.072397634,0.20042439,0.3288867,-0.29665756,0.045663577,-0.1014294,-0.26973873,-0.30072683,-0.153328,-0.2035326,0.36468232,0.023054345,0.030696556,-0.21159059,0.17073373,-0.97807175,0.1531585,0.053003117,-0.010215097,1.0003623,-0.08143435,-2.0995286,-0.12381791,-0.25920314,1.6187328,0.17874256,-0.08112201,0.24308781,-0.3008913,-0.12502111,0.5107335,0.28346536,0.35397372,-0.13467982,0.261256,-0.24901542,0.12931965,-0.23510884,-0.27990422,-0.19092849,0.16231988,-0.12415358,0.09700752,0.11505162,-0.6352626,0.016753737,0.8230602,6.7777226e-05,-0.39876577,-0.12463141,-0.7430993,-0.5874552,0.21661101,-0.15268756,-0.02389043,-0.26624668,-0.078286,0.05571292,-0.48436305,-0.18864411,-0.71848243,-0.13627075,0.08217616,-0.13609357,0.493762,0.02468499
45,neutral,-0.09891526,0.14337881,0.30500785,-0.16393387,0.08257163,-0.22356701,-0.3217635,-0.12683856,0.0037584943,0.2433062,-0.03179421,0.027392302,0.1691278,-0.15847653,-0.095644586,0.037576612,0.08789961,-0.16518192,-0.42322546,-0.0026552293,0.16577372,-0.23241806,0.35305512,-0.27278316,-0.1361098,-0.14922877,-0.11482052,-0.32357624,0.21779726,0.10881174,0.16565917,0.35550612,-0.1785645,-0.17324996,0.020087332,0.06347447,0.13666803,-0.011624352,-0.24714404,-0.2090213,-0.5743058,-0.053948637,0.16026112,-0.28683147,0.16051804,-0.32055438,0.31908908,-0.11412601,-0.29703823,-0.59418917,0.115509816,-0.052315693,0.09660534,0.9974147,0.24685344,-1.9272109,0.041041348,-0.0016336734,1.2416104,0.29359573,-0.16782905,0.13047582,-0.10212489,-0.040730394,0.6979761,0.07007878,0.04224593,0.34418985,0.0051015,0.08351343,0.27350563,-0.3273225,-0.4576827,-0.41406414,-0.01230446,-0.30549687,-0.12731665,0.10915704,-0.84739876,0.097811595,0.6967159,-0.051762138,-0.23208776,-0.08679169,-0.9026516,0.046347737,0.24441302,0.21212286,0.12458218,-0.4560376,0.100207165,-0.1667566,-0.1907319,0.13633414,-0.48683074,-0.031696104,-0.09511598,-0.3675354,0.3398133,0.123664744
46,neutral,0.11127855,0.41582054,0.6488356,0.21002072,0.30178478,-0.5716318,-0.37063658,-0.083631106,0.107387654,0.12692668,-0.19571945,-0.25159237,0.27150965,0.38035506,-0.345172,0.019120049,0.12361531,-0.2895822,-0.6450941,-0.2234415,-0.028552687,0.2240979,0.14735313,0.16087537,0.08143066,-0.029489392,-0.107296705,0.11693225,0.36129686,0.02519368,-0.30290356,0.49569038,-0.023516402,0.012023004,-0.048848443,0.12586403,0.37612638,0.08457034,-0.45312017,-0.3111039,-0.7031968,-0.29015073,0.16577752,-0.334394,0.21814375,-0.3919589,0.66540676,-0.12887582,-0.028816616,-0.42932412,0.30266646,0.23764534,0.057125077,0.96826893,-0.346234,-2.0133038,0.18860605,-0.25990063,1.3086756,0.1662129,-0.055478554,0.20783933,-0.10648302,-0.0037086545,0.5129524,0.24982452,-0.26248178,0.36931235,0.09034211,0.21965471,0.19273832,-0.236095,-0.12639982,0.01806863,0.097777456,-0.15035576,-0.05289273,-0.014499463,-0.9210349,0.28653085,0.71978325,0.13590956,-0.2404263,0.20445287,-0.85252565,0.05987341,-0.29453108,0.15756701,-0.037311215,-0.4701252,0.2096254,-0.13705145,-0.12851767,0.000762365,-0.70576775,0.10921285,-0.28241035,-0.45844796,0.3888931,0.21854769
47,neutral,-0.022307578,0.29092103,0.27901536,-0.2325455,0.723555,0.31631368,0.261891,-0.034019276,-0.47818407,0.19876383,-0.1888881,-0.4739717,-0.14194436,-0.1537939,-0.034858666,-0.037140034,0.41587228,-0.20172589,-0.032122947,0.3144425,-0.4174398,-0.3959598,0.45724836,-0.48402366,-0.01610748,-0.088666335,0.25442687,-0.15807764,0.5809523,0.0628069,-0.459484,0.32935193,-0.30005398,0.20054515,0.06297358,0.034704354,-0.028271245,0.21381705,-0.6093146,-0.9666391,-0.0831331,0.12862855,-0.07089125,0.14787029,0.0073739416,-0.35640243,-0.13622569,-0.4796553,0.28005946,-0.60593593,0.124589555,0.034486208,-0.22411783,0.24845481,-0.092052676,-2.2439966,-0.22394578,-0.08215315,1.4142112,0.5148715,0.07228474,0.9853178,0.11815353,0.055926323,0.7540594,-0.3989296,0.41500857,0.12737478,0.37337795,-0.07076039,0.015520428,0.16137438,0.05961497,0.2659892,-0.3135934,0.07740669,-0.29460168,-0.081464544,-0.1691617,-0.36559862,0.19111347,-0.32125658,0.189516,0.10526613,-1.3635045,-0.16196126,-0.3630762,-0.83832,-0.00937893,-0.241371,-0.16149704,0.045892265,-0.28972957,0.45653844,-0.13644175,0.08215974,-0.4631069,-0.1897296,0.6896653,0.6284802
48,neutral,-0.1549525,0.13937221,0.09741973,-0.22212169,-0.39006683,-0.0028676945,0.08440103,0.123073,0.013886262,0.25267565,0.21413767,0.15481319,0.32259095,0.3623775,-0.012887328,-0.21840958,0.1323376,0.14686453,-0.62854636,0.17755312,0.38804287,-0.1747371,0.07333198,-0.21868558,-0.07972116,0.19909713,-0.5103015,-0.23162146,0.07726197,-0.043909017,-0.08681808,0.632381,-0.19092713,0.15809758,0.22118375,0.008634641,0.019829577,-0.15674032,0.14661327,0.04732139,-0.4608969,-0.17215122,0.105108954,-0.30581012,0.29172826,-0.21259125,-0.014155467,-0.25907177,-0.078529164,-0.71839166,-0.03946202,0.08520629,-0.15757445,1.1241878,0.14407627,-2.0777137,0.25655264,-0.10044005,1.5183098,0.4456826,-0.03534515,0.32185674,-0.5143483,0.38579494,0.5590951,0.21867383,0.068438195,0.47325245,-0.09574117,-0.22711666,0.15531802,-0.39372027,0.2272034,-0.4326744,0.14965484,0.1127489,0.058402486,0.12157044,-0.9030868,-0.046126127,0.6363586,0.055528544,-0.4018838,0.13754855,-1.036618,-0.14492467,0.278252,0.14243455,-0.026355196,-0.2647999,0.035546273,-0.25803873,-0.22642714,0.12393092,-0.37417343,0.14309278,-0.16611959,-0.073909245,0.48266336,0.11331547
49,neutral,-0.26691973,0.14898519,0.33048254,-0.17283963,0.22834976,-0.02361619,-0.56467366,-0.11109607,0.2094318,-0.26661056,0.13922979,-0.035713144,0.34325713,-0.26961687,0.2697995,0.3620954,-0.17526628,-0.0072837416,0.047876347,0.13467151,0.076014124,-0.20307975,0.25184432,0.17653157,0.038001206,-0.09859952,0.02196696,0.084557764,0.094822414,0.3057996,0.114703156,-0.1261905,-0.446818,0.4199707,0.18228391,0.13831763,0.10324343,-0.18160614,0.107199006,-0.49971235,-0.26446387,-0.26345834,-0.11960137,0.0245096,-0.0062923674,-0.13505448,-0.15666461,-0.07409689,0.519973,-1.0171951,0.15612757,-0.11802498,0.15007158,1.0635802,0.12361384,-2.5167499,-0.16538627,-0.11244667,1.5782768,-0.008178245,-0.3372,0.89670426,-0.20795415,-0.3619489,0.20868683,0.3496001,0.47316775,0.038240205,0.0063682566,0.14021903,0.2598742,0.062366735,-0.3630108,-0.3733877,-0.124895394,0.4140796,0.24397556,0.101286896,-0.5936107,-0.06672736,0.88675755,-0.2774301,0.06343126,0.11233841,-1.2559377,-0.46580467,-0.092393905,-0.10496297,0.06072375,-0.17531057,0.2722815,0.14207587,-0.4354723,-0.09348092,-0.26981804,-0.35483673,0.031741835,-0.10211138,0.5722141,0.07820285
50,neutral,-0.32764038,0.31094068,-0.07826939,0.00015736256,-0.097856656,0.38833466,-0.055175953,-0.40226555,0.23967853,0.3859634,0.033014502,0.32306537,0.29624724,0.007797317,0.33261883,0.098353215,-0.3044983,0.045868445,0.33052853,0.2768305,0.09734269,-0.0058305133,-0.2693262,-0.3905305,0.1562838,0.22767858,-0.26571795,0.07489626,-0.27264416,-0.24846776,0.19606297,0.035232615,0.011817318,0.03794946,-0.21453312,-0.18719141,0.20004411,-0.13879576,-0.23036928,0.06277505,0.044074472,-0.32617292,-0.020847486,-0.112317696,-0.07319756,-0.009780685,0.21244141,-0.23637335,-0.19567595,-0.4820314,0.18605591,0.13734674,0.23458272,0.3853615,-0.0434863,-1.3643447,0.20069727,-0.53305894,1.1624073,0.30601063,0.085944094,1.1243031,-0.29870945,0.31631455,0.74199784,-0.34509188,0.22144303,0.07729118,0.26016852,-0.6815908,-0.12055626,0.06805739,0.2973562,0.056305043,0.47114226,0.0029277494,-0.19697216,0.33261293,-0.294432,0.14194554,0.5247348,0.20978971,-0.2803365,0.16021168,-0.8443558,-0.01678438,0.031261288,0.19548021,-0.19072561,-0.3310194,-0.10172588,-0.34936237,0.11430901,-0.15144232,-0.09274645,0.34035286,0.368516,-0.5375236,0.35291854,0.21769245
51,negative,-0.13110131,0.23602441,0.07458112,-0.26193374,-0.10186737,0.29900694,-0.31294596,-0.09124165,0.15097386,0.06458845,-0.03105921,0.06767597,0.23564836,-0.12568837,-0.13584827,-0.056963567,-0.0007185283,-0.04449672,-0.33376834,0.263071,0.25876012,0.054690275,-0.041553605,-0.08601819,-0.015927972,-0.15883553,-0.044141892,-0.20801595,0.32463035,-0.13578674,0.043948174,0.42901295,-0.077375084,0.11090212,-0.057090152,0.10818645,0.0031122353,0.025743652,-0.013923959,-0.15732034,-0.40722835,-0.10892361,-0.026968973,-0.35086167,-0.13618994,-0.08973759,0.020954922,-0.04556714,-0.1747228,-0.6205641,0.18402208,-0.029613072,-0.005453792,0.6569279,-0.13696712,-1.6200563,0.1272949,-0.067971684,1.3417886,0.1310755,-0.16650596,0.63266295,-0.22583935,-0.05384191,0.57443887,0.20663281,0.47280502,0.09314697,0.13776356,-0.24084821,-0.15866238,-0.18607627,-0.056678664,-0.26528722,-0.022473052,0.09068264,-0.0022550693,-0.04084699,-0.59203935,-0.07915244,0.37034646,-0.052765436,-0.1983571,0.06242808,-1.0908833,-0.22859459,-0.08549411,0.062021654,-0.1476717,-0.20239753,0.14242272,-0.1801247,0.17050138,-0.11006062,-0.52057105,0.077669516,-0.013993259,-0.2756671,0.34084943,0.18256693
52,negative,-0.09736771,0.04715644,0.12816925,-0.2268635,0.0032786014,0.13396674,-0.17506953,0.17195554,0.11691709,0.12322232,0.037271153,-0.024986902,0.17477635,0.039714083,-0.06053539,-0.02591176,0.2368774,-0.026304372,-0.56906766,0.19742924,0.40781426,-0.04826442,0.094885394,0.054214925,-0.0065273982,0.10029536,0.058899555,-0.25439277,0.31827164,0.07488851,-0.040131517,0.5220297,-0.16410792,0.03601019,0.18611322,0.0774037,0.14500505,-0.086411685,-0.048861057,-0.13709344,-0.57209617,-0.10941647,0.12828255,-0.15162006,0.018504065,-0.11646863,0.15016384,-0.3206543,-0.088197045,-0.6538425,0.1333095,0.24487557,0.0076364856,0.7544432,-0.12528907,-1.8246626,-0.061266016,-0.26374796,1.7154596,0.2162465,-0.26530623,0.29430106,0.015350878,-0.14452839,0.68378836,0.07307871,0.1791553,0.37581214,0.016941808,-0.002705151,0.03988103,-0.37304232,-0.18472895,-0.31149483,0.14763513,0.026624396,0.06762981,0.17938833,-0.79282564,0.042516347,0.6938419,-0.22007895,-0.21082245,0.07339014,-0.98378086,-0.20968726,0.19484194,0.1849601,0.016646015,-0.29611784,0.06195832,-0.063859776,0.07974285,-0.10799881,-0.31056404,0.019140376,-0.06668623,-0.033840545,0.47053683,0.1317566
53,neutral,-0.11501208,0.14669526,0.059898205,-0.24443299,-0.027814025,0.10935855,-0.20267957,-0.013443499,0.11379153,0.21565369,-0.0051828143,0.0428405,0.20004393,-0.030314118,-0.08233071,-0.053597152,0.07196421,-0.050940525,-0.2925,0.25244957,0.34771478,-0.006952049,0.0745994,-0.029937448,-0.019954557,0.029965332,-0.07481032,-0.107708134,0.14912081,-0.05568729,0.008051468,0.32635513,-0.068879746,0.07921959,-0.056177933,0.09557917,0.022463955,-0.026804542,0.017109476,-0.10874626,-0.40039214,-0.14838935,0.06475776,-0.24348149,0.07264425,-0.10873196,0.06691608,-0.054871347,-0.02257483,-0.56737304,0.11521882,0.031642977,-0.03017395,0.7925807,-0.1309853,-1.6668266,0.029101906,-0.095022745,1.4007367,0.24049678,-0.17908776,0.5870386,-0.08497505,-0.052895088,0.57668805,0.18943533,0.43731275,0.041825112,0.115990736,-0.1318312,-0.08532564,-0.20988455,-0.1187079,-0.25923175,-0.00831021,-0.04104463,0.07417503,0.08493333,-0.660427,0.033166956,0.5919638,-0.13090077,-0.22210473,0.06885255,-0.97529423,-0.1667774,0.081093416,0.04771134,-0.1269092,-0.2554512,0.11261862,-0.1212726,0.019316155,-0.07006752,-0.35779062,0.15282182,0.020129276,-0.1452731,0.40692487,0.028828412
54,neutral,-0.19410683,0.031161562,0.15574737,-0.16952556,-0.08613962,0.08663363,-0.24202915,0.18945281,0.024141913,0.12084487,-0.24303131,-0.09594991,0.27396125,0.023151342,0.034105096,-0.12906899,0.20652835,-0.07104939,-0.45567444,0.15895374,0.3977051,-0.023393137,0.11316629,-0.07719539,0.17570128,0.16060388,-0.074803,-0.28417346,0.1649309,-0.10489932,-0.048886724,0.3982565,0.04089671,0.07200437,-0.00044854425,0.17398404,0.09181025,0.030616077,0.1215211,-0.0970144,-0.49910215,-0.106558606,0.33610183,-0.30202866,0.09185709,0.022949278,0.13574627,-0.18926522,-0.20180143,-0.56411666,0.09249799,-0.1039047,-0.003998039,0.9018236,-0.063090995,-1.7061447,0.029339764,-0.37793636,1.5102228,0.35874888,0.025173461,0.5044991,-0.020880513,-0.049413845,0.694042,-0.056269456,0.14218386,0.14867835,0.13296838,-0.18867382,-0.10037172,-0.37541297,-0.08235334,-0.23590249,0.18696292,0.09080287,-0.093022645,0.14880207,-0.7123612,-0.05370065,0.51838773,-0.081828594,-0.27951366,0.12048873,-1.0485302,-0.24886708,-0.023973005,0.023504304,-0.048999935,-0.32560858,-0.07251451,-0.060787167,0.024643818,-0.091747746,-0.5318906,0.15174644,-0.13137239,-0.23606585,0.4111294,0.04422173
55,neutral,-0.51063,0.48674002,-0.073295,-0.14262,0.25711,0.84354997,-0.67683,-0.3107,-0.031714,-0.089758,0.56068,0.41425002,-0.76754,0.14682,-0.66062,-0.15462,0.39217004,0.52453,-0.064366,0.47603998,0.086071,-0.082384,-0.56774,0.22157,-0.0040871,-0.68159,-0.3602,-0.46793997,0.46181,-0.014345,-0.38062,0.89938,-0.0065053003,-0.49895,-0.56779,0.5607,0.34421,-0.37094,0.05859,-0.34652,-0.25792,0.15254,-0.8083999,-0.63119,-0.64791,-0.0156189995,-0.34943,-0.89312,-0.18299,-0.99533004,0.33964,0.42056,0.7799,0.077895,0.11782001,-1.5571,0.33759,-0.35364,1.338,0.12804,0.45399,0.8935,-0.80881,-0.72548,0.81266,-0.36143,0.97751004,0.75154,-0.026157,-0.27079,-0.3066,0.73346,-0.16862,-0.44446003,-0.21766,0.18327,-0.52312,0.38712004,-0.55162,-0.43653002,-0.084308,-0.026172,-0.252,-0.71669,-1.5653,0.052872,0.35886,-0.94014,-0.61345,0.046618,-0.11438,0.41229004,0.53814,-0.6955,-0.16701,0.16266,0.23695,-0.23474,0.105629995,0.085057
56,neutral,-0.1221581,0.2257412,0.32447162,-0.28842905,-0.03346649,0.1964917,-0.046133664,0.2626331,-0.04848405,-0.10384055,0.14669569,-0.11626832,0.12719753,0.11319158,-0.023329878,-0.32331568,0.11562703,-0.04690407,-0.16236968,-0.13444377,0.21607669,0.27034566,0.18954179,-0.16070789,0.20724773,-0.059814606,-0.21739957,-0.30791718,0.2918655,0.04558374,-0.053923655,0.35531193,-0.21068853,0.28460506,0.19792697,0.22137453,0.10542521,0.11550534,0.2424441,-0.104465835,-0.27331427,-0.12361711,-0.036341473,-0.0600421,0.010623416,-0.016362116,0.20987496,-0.2579213,-0.046970196,-0.7064647,0.11100754,-0.04534176,0.048324704,0.9022011,-0.1902841,-2.062004,-0.016685601,-0.073211744,1.4261203,0.5207459,0.04365215,0.62490785,-0.033260457,0.13864781,0.5486198,-0.034847606,0.47129354,0.0612924,0.1044863,0.074105226,0.076232046,-0.3365178,0.14479868,-0.2393448,0.11450892,0.021893708,0.044820286,-0.06674182,-0.6389704,-0.034516968,0.47862008,-0.25401375,-0.14726333,0.08353966,-1.1130751,-0.20386462,0.0058923,-0.015480027,0.039750252,-0.04568902,0.017201275,-0.14716281,-0.19037421,0.0028579598,-0.4001729,0.1204214,-0.2643399,-0.18610086,0.5406851,0.29011035
57,neutral,-0.2016927,0.2482441,0.5050248,-0.40503633,-0.25477356,0.15753935,-0.15952112,0.040933415,-0.075097986,-0.07723499,0.37272176,-0.042632747,0.22562401,-0.0899057,0.0010918448,-0.38016695,0.21242337,0.39426467,-0.3713155,0.3421207,0.16329302,0.21664743,-0.08174939,-0.24639674,0.3189046,0.0020612811,-0.16615759,-0.57920104,-0.146652,-0.29962528,-0.016503673,0.55705315,0.18664943,0.033518564,0.17926224,0.33198828,-0.22966835,0.17757076,0.18985109,-0.37545475,-0.23968868,-0.14859562,0.22189415,-0.3948523,-0.34525985,0.044574484,0.16175412,-0.31661537,-0.14586186,-0.8634038,-0.085435234,-0.14923769,0.116458066,0.934009,-0.14533189,-2.3512783,-0.0149499,0.19795145,1.278674,0.5128372,-0.28337097,0.94792753,-0.18340386,0.069719136,0.73946875,0.078251064,0.6120881,0.45170042,-0.05859038,-0.18197918,-0.12405594,-0.2531832,-0.042150784,-0.33001626,0.1383846,0.0026272126,-0.07204141,-0.42403033,-0.58995265,0.10016977,0.6369377,-0.3031973,-0.44379848,0.008135215,-1.3742911,-0.17060725,-0.25241578,-0.030204065,-0.14985776,-0.52560854,-0.06280965,-0.040381055,0.10708523,-0.18079974,-0.6055512,-0.058746815,-0.051749863,-0.26970026,0.35215408,0.27054673
58,neutral,0.0806274,0.81512195,0.26282978,-0.1148694,-0.24428754,0.2903166,0.044602845,0.15081224,-0.26674938,0.27439806,0.19512789,-0.25375086,0.12021823,-0.2452072,0.6896001,-0.79772025,0.32142225,0.11258859,-0.51315504,0.4703646,-0.3616772,0.1396234,0.38599315,0.1515088,0.16266729,-0.20352022,0.023670947,-1.0018588,0.12230773,-0.13308659,0.001306031,0.40056816,0.1559885,-0.38462007,0.12589546,0.09539654,-0.019398788,0.31089145,-0.34479305,-0.1042042,-0.6038309,-0.08802308,-0.2471107,-0.18575345,0.041981936,-0.27047512,0.35206336,-0.35002685,-0.01226515,-0.7298317,-0.012487838,-0.4723758,0.043330636,1.1112245,-0.059109062,-2.3242667,-0.3915008,-0.32833955,1.2169479,0.92895365,0.20463182,1.0715547,-0.39377588,0.09422517,0.7464041,0.056971997,0.4904659,-0.2983823,0.24299286,0.12000567,-0.19069666,-0.05989254,0.11317676,0.32428402,-0.24069408,-0.008416906,-0.16975762,-0.14873044,-0.5702875,-0.8040912,0.5741895,0.3273065,0.1870039,0.32763937,-1.3721148,-0.13847145,-0.15232526,-0.64051235,-0.3116269,-0.079227224,-0.2544422,-0.10037707,0.24370927,0.027824696,-0.7541859,-0.1440494,-0.8073309,-0.83792424,0.54570484,-0.043797236
59,negative,-0.12458469,0.20988923,0.3519781,-0.07745827,-0.007573936,-0.11073803,-0.19271174,-0.0573589,0.14376684,0.18633206,0.049633652,-0.14032306,0.0878665,0.102520056,-0.08044455,0.009062087,0.21605843,0.073052764,-0.5270918,0.013862187,0.16194092,-0.18402211,0.15785067,-0.0029877569,-0.14276491,0.030466568,-0.106655486,-0.14182758,-0.11299702,0.021560268,-0.01558696,0.21904096,-0.031843014,0.13589513,-0.15847664,0.22633775,-0.050484262,0.073061556,-0.08187774,0.03356169,-0.44740376,-0.08436309,0.15045865,-0.11495266,0.031579364,-0.03167834,0.1828771,0.1227311,-0.27920288,-0.6214068,0.0056161275,0.045141492,-0.058376577,0.8170324,-0.00044598765,-1.8171638,0.01170512,-0.26643965,1.1909088,0.28490096,-0.10510473,0.52386963,0.014341922,-0.53773475,0.47635406,0.0907997,-0.06591047,0.08080318,0.12000216,-0.06843399,0.05670276,-0.16570333,-0.33717805,-0.1504682,0.09019603,0.056387853,0.1506685,0.052694,-0.80745447,0.19072647,0.31780702,0.07454292,0.05643471,-0.0025367122,-1.0530999,-0.23136616,-0.22244403,0.1278288,-0.15292633,-0.40227398,0.10581135,0.02170413,0.087792054,-0.13132678,-0.51319283,0.05243899,0.16273016,-0.15648584,0.50709605,0.09069566
60,negative,-0.11336017,0.42011642,0.23707661,-0.22353731,-0.05062216,0.2939895,-0.27206177,0.11482835,0.07642413,-0.14735427,0.13319403,0.13318878,0.2627986,0.124931395,-0.11516515,-0.22004245,0.031629916,0.15165974,-0.49214604,0.14134699,0.16652296,0.12647383,-0.00052458997,0.040433843,0.15157391,0.031525556,-0.118683025,-0.3598109,0.27040124,-0.1852508,0.04508032,0.19284056,-0.07769249,0.121169336,-0.015272806,0.13282703,0.050361592,0.086528994,0.13618323,-0.20579435,-0.25441733,-0.1788314,0.047133155,-0.47631368,-0.09631629,0.019482028,-0.019123642,-0.017668305,0.029961757,-0.7881103,-0.024996242,-0.12916204,0.11644731,0.9164333,0.0902333,-2.0947766,-0.102822796,-0.11875663,1.3058987,0.30183157,-0.12128266,0.66211337,-0.25570497,-0.116265506,0.4870572,0.15230665,0.28915715,0.29878223,-0.08455679,-0.42452848,0.019530078,-0.11524537,-0.14495647,-0.3335435,0.26425394,0.18173085,-0.105040625,-0.023870582,-0.56547505,0.022170506,0.31065062,0.1726006,-0.35743123,0.15428141,-0.9644501,-0.11228161,0.0119813075,0.057397258,-0.24792461,0.015361112,0.00083178136,-0.019365108,0.15773636,0.0009349868,-0.63014454,-0.11787863,0.038400494,-0.20991348,0.39167148,0.22498481
61,negative,-0.049583726,-0.11028914,-0.026583258,-0.19278906,0.08142337,0.19921865,-0.17828037,-0.033056296,0.027602842,0.16146305,-0.0878432,0.067014985,-0.014793394,-0.04415868,-0.20898575,0.08731653,0.010521658,-0.24558707,-0.4475558,-0.039702255,0.4046808,-0.37831342,0.28685227,0.02952013,-0.11037842,-0.044115815,-0.21163109,-0.19221401,0.5678336,-0.062193416,-0.12436054,0.16858396,-0.023895217,-0.11137839,-0.2133334,-0.018006548,0.044067472,-0.19603759,0.11863976,0.24689656,-0.4932457,-0.033355173,0.45551872,-0.111229934,0.20212528,-0.14250915,0.25014153,-0.056140956,-0.056852877,-0.51643276,0.34959745,-0.09567225,0.050292004,0.785603,-0.14862977,-1.4305966,-0.02047257,-0.21952097,1.1298794,0.31216645,-0.3588401,0.28907317,0.15304644,-0.17453791,0.7258792,-0.047489617,0.22771075,0.22967042,0.0120769115,0.26507226,0.25658685,-0.47657302,-0.3879578,-0.3649375,0.02091268,0.16456212,0.010008837,0.021368427,-0.8595552,0.23308446,0.598735,-0.28299028,-0.122595556,-0.034937177,-0.94084626,-0.05576872,0.31400916,0.29500732,-0.031653255,-0.36732775,0.11167833,-0.22591282,-0.047332667,0.34234568,-0.12624131,-0.03329906,0.25262788,0.14746258,0.20496424,0.06882427
62,neutral,-0.10933755,0.4576636,0.41444927,-0.1706123,-0.20215221,0.015025465,-0.21508521,0.12011289,0.03621615,-0.048893128,0.05127183,-0.09199723,0.16638117,-0.2839656,-0.08306413,-0.26756957,-0.1647091,0.34844595,-0.32332906,0.36161038,0.17562312,-0.0745176,-0.19666708,-0.47023198,-0.115876146,0.10192947,-0.12903456,-0.4966078,0.14969914,-0.27374473,-0.21621807,0.5357344,-0.15998897,-0.14974844,0.15765569,0.09768216,0.12640823,0.035353243,-0.083043806,-0.29116252,-0.21473719,-0.03817399,0.085073575,-0.35283676,-0.3343448,-0.079865366,0.15533811,0.033904403,-0.13381694,-0.99751145,0.116644986,0.015485168,0.067324646,0.8542412,0.03281077,-1.9362645,0.39110807,-0.16581585,1.1329714,0.3408565,0.10208726,0.8388268,-0.44307896,-0.14664301,0.6492081,0.1274737,0.21406005,0.20915058,0.20754361,-0.3500325,0.37931836,-0.3420244,-0.110234685,-0.22622071,0.42523217,0.18332924,-0.077845424,-0.09763751,-0.4536081,0.17223455,0.2917546,0.12865104,-0.43710288,-0.09964209,-1.2242976,-0.08914622,0.13502876,-0.1378899,-0.3933285,-0.27801943,-0.12235068,-0.1276689,-0.04554966,-0.19365124,-0.33769482,-0.07999076,-0.09369968,-0.456614,0.45938513,0.5149927
63,neutral,-0.04957401,0.30142713,0.33942991,-0.040144794,-0.044529706,0.119855255,-0.1503441,-0.086106785,0.21589792,-0.047613066,0.015420987,-0.012634096,0.1961434,-0.082754284,0.052438017,-0.1988529,0.15048796,0.13084126,-0.27087823,0.26491004,0.085101284,-0.004661919,0.018683434,-0.25615782,0.05842281,0.08964919,0.111095086,-0.124273166,0.07950303,-0.045884024,-0.052259497,0.45614988,0.046449777,-0.05937748,0.1542789,0.14920597,-0.044722788,0.22043307,0.10664942,-0.20007026,-0.18962367,-0.06936605,0.021239495,-0.20301896,-0.21520141,-0.16143487,0.14747183,-0.14611837,-0.06721342,-0.55018586,0.008050952,0.061026014,0.17988798,0.80545485,-0.043044288,-1.9092923,0.06784583,-0.08404037,1.315369,0.37241602,-0.005539274,0.5895257,-0.2901813,-0.25035697,0.69180685,0.04357481,0.32830206,0.19254309,0.08981417,-0.053922527,0.09321774,-0.20022628,0.029247025,-0.2243241,0.14690757,0.048998963,0.009640875,-0.09818479,-0.54584074,-0.0077943825,0.44294536,-0.049520135,-0.24657276,0.069524124,-1.2997048,-0.04887966,-0.023259562,0.023334617,-0.13716058,-0.29921854,-0.07348014,0.103080556,-0.009947457,-0.07621871,-0.38917276,-0.111871496,-0.10083107,-0.30533257,0.3273701,0.30074677
64,neutral,0.11631463,-0.12329396,0.17097877,-0.19812568,-0.004782229,0.18582848,0.35922512,0.08642898,0.2530417,-0.0156242745,0.2482197,0.15783215,-0.09579265,0.1097449,0.12753794,-0.21486558,0.096304305,0.05168241,-0.16855337,0.39092857,0.45843923,0.022132495,0.011193349,0.0065801186,0.27150458,-0.0039621266,-0.103531435,-0.36342412,0.3316742,-0.1895587,-0.063550375,0.10592434,0.01998458,0.009691967,0.1775294,0.24182743,0.2557057,0.10523917,0.14193368,-0.040406376,-0.054772735,-0.19420438,-0.22372402,-0.33513418,0.17045593,0.020189174,-0.30104357,-0.30812123,-0.5731324,-0.4675971,-0.3536261,0.28811342,-0.024915442,0.5236921,-0.08607045,-1.8484848,-0.082987554,0.18207383,1.1489136,0.3204477,-0.09021737,0.35774982,-0.44982144,-0.49797082,0.50910044,-0.08566169,0.09468683,-0.044255495,0.06614153,0.31125566,0.23821196,0.23030476,-0.19571641,-0.41367695,-0.059672244,0.020076746,-0.0006041526,-0.14995548,-0.6265127,0.17549641,0.46578804,-0.14036325,-0.20221382,-0.011075607,-0.7221437,-0.008043728,-0.031502992,-0.19682054,0.23056465,-0.32534948,-0.07284372,-0.15283464,0.07270511,0.078337274,-0.45673895,0.064298384,-0.37372085,-0.39121926,0.18352167,0.04167667
65,neutral,-0.1301926,0.13986473,0.2755494,-0.073950365,0.049916986,-0.48366705,-0.17106174,-0.06527956,0.07321972,0.10567379,0.001393483,0.024797747,0.044090834,-0.018843515,-0.03756312,-0.29277137,-0.026971355,-0.090252884,-0.13476841,-0.05104818,0.18374555,-0.20644759,0.095204726,0.019926548,0.046174686,0.070231326,-0.12714978,0.009092774,-0.013903921,0.0064518875,-0.09456958,0.30843747,-0.07041737,-0.052512795,-0.04106421,0.035628434,0.058591343,0.12821689,-0.093586564,-0.00087989744,-0.31504557,-0.31316674,0.0301253,0.041649595,0.056855164,0.005237536,0.20195077,-0.11865794,-0.11542529,-0.5560827,0.1249868,0.2693899,0.02282257,0.68883723,-0.09290097,-1.6497343,0.07247568,-0.23096676,1.2304865,0.28363457,-0.026821949,0.24596477,-0.04835219,-0.063184686,0.4740354,0.108785205,0.1754782,-0.008472363,0.20118058,-0.18572123,0.2484172,-0.19088897,-0.010008718,-0.18478595,0.07234465,-0.15172482,0.012198277,-0.010461705,-0.5952338,0.17761247,0.65377086,0.033332054,-0.31256762,0.04563597,-0.76774687,-0.15172353,0.13871233,-0.10469064,-0.091371976,-0.32031953,-0.07788764,0.026653994,-0.16445832,-0.17292294,-0.26934972,0.2509232,0.073654845,-0.22270678,0.36139396,0.15857086
66,neutral,0.052731223,0.33127555,0.4886437,0.07083651,-0.06108925,-0.35189274,-0.07982583,0.4087294,-0.34618747,0.06103616,0.26180908,-0.07217775,-0.08556216,-0.11464515,-0.18754458,0.33558074,0.21768305,0.029101528,-0.19096176,-0.29375872,0.2648937,-0.30380893,0.28097183,0.3138726,0.22287428,-0.33375534,0.1776127,-0.12232181,0.43947718,0.05738715,-0.62438154,-0.14599137,-0.1263906,0.042756755,0.35240674,0.13103004,-0.00012941707,0.3982742,-0.56865716,0.11725913,-0.6378879,0.054857448,-0.19261542,0.12151176,0.36092147,0.06049643,0.012313979,-0.426563,-0.24496499,-0.84027874,0.03957062,-0.09674885,0.12388137,0.9960252,-0.11580753,-2.7822359,-0.4161335,0.3106206,1.2351359,0.5126787,-0.20375462,0.7226667,0.0024924823,-0.18859924,0.70991576,-0.14232817,0.017857937,0.2014282,0.085658,-0.15645999,0.24538536,-0.06897159,-0.5409345,-0.14300823,0.10051672,-0.030417245,-0.0961403,-0.26730397,-0.8179535,-0.4707296,0.5741003,0.10582003,-0.2682789,0.3782356,-1.4035589,-0.3223783,-0.21638963,-0.12652099,0.03894774,-0.085037254,0.1523425,-0.11821477,0.18511672,0.25478926,0.03879776,0.3562332,-0.2529487,-0.22821781,0.74148524,0.24976137
67,neutral,-0.05306038,0.32859084,0.33818343,-0.6692546,-0.70609325,0.070028424,0.14318815,-0.3005825,-0.22202638,0.11406133,0.20935407,-0.13041544,-0.03020071,0.13803777,0.21594638,0.028872494,-0.20409463,0.13779241,-0.56455153,0.37419763,0.18025284,-0.3467997,-0.24587476,-0.51955384,0.14973755,-0.060294088,-0.24307173,-0.15688552,0.41477078,0.097072616,-0.26699504,0.289447,0.112512104,0.055113643,-0.034352563,-0.16437483,-0.41444594,0.10286614,0.5910402,0.03600832,-0.12253029,-0.012919567,0.6522175,-0.003948707,-0.047132216,-0.13274471,0.31868014,-0.033076268,-0.24774009,-0.91060203,0.034461576,0.26713386,-0.16694567,0.7048549,0.0017794848,-1.7907656,0.1752008,-0.057448093,1.0933838,0.32107723,0.078627266,0.78803575,-0.116433784,0.017929377,0.39477795,-0.16156012,0.55900276,0.49132338,-0.6897168,0.42323506,0.15444127,-0.7569594,0.089168295,-0.5251178,-0.0021440499,0.11644803,0.2065955,0.1567592,0.16208684,-0.12582469,0.36698395,-0.20508838,-0.5109094,-0.049505882,-1.1632826,-0.3643381,0.18302171,-0.23218097,-0.14828378,-0.07062797,0.20695184,-0.23758303,-0.22231199,-0.027661504,-0.35904574,0.3887515,-0.2812229,-0.012882626,0.3325565,0.27725276
68,neutral,-0.039955985,0.032955468,0.24550064,-0.3183946,0.16913149,0.05244469,-0.2527189,0.18777917,-0.022430468,0.059278976,0.109656066,-0.09609634,0.005556139,0.00634368,0.18734166,-0.22389881,0.17299913,-0.13959454,0.01478251,-0.105158694,-0.0065021925,0.11973744,0.15039498,-0.012578773,0.17747375,-0.2723776,0.038024586,0.17232662,0.21310423,0.108985536,0.06807458,0.43127626,-0.1890494,0.084142484,0.15538532,0.19369608,-0.07080196,-0.13358575,0.029861972,-0.09603308,-0.18447395,-0.08058321,-0.017343605,-0.07931369,0.03924774,-0.062054966,0.17067564,-0.21470802,0.05025679,-0.39606714,0.16966166,0.29491952,0.11472927,0.5670131,-0.16355902,-1.5860357,0.07256768,-0.31679282,1.2402883,0.20116371,-0.04340723,0.32311836,-0.01862145,-0.16928197,0.33147353,0.1184909,-0.21097106,-0.0035617067,0.2652802,-0.01153772,-0.070617,-0.18611632,0.21801274,-0.3348025,0.3198043,0.10255023,0.12380582,0.21225137,-0.5158471,-0.12931064,0.4666466,-0.4073707,-0.26159772,0.052441668,-0.9521152,0.037531387,0.40182185,-0.0980625,0.018729107,-0.008543311,-0.06707195,0.19899154,-0.14673229,0.1071223,-0.36095494,0.08487134,0.06442047,-0.030745603,0.32252306,-0.04712616
69,negative,-0.08896171,0.15644595,0.07748098,-0.15081593,0.063023195,0.3627236,-0.25033945,0.19685619,-0.04663674,0.06834766,-0.037698105,0.012131491,0.2567715,-0.11795873,-0.108872406,-0.16719978,0.11178677,0.13459091,-0.57310164,0.1927832,0.23862949,-0.099918455,0.07460313,-0.15357208,-0.07824179,0.1896148,-0.11765616,-0.2854311,0.12830865,0.032852683,0.12552883,0.4943415,-0.06988197,0.098741665,0.11715211,0.16230683,0.0017806405,0.020668343,0.05625163,-0.15101127,-0.3366913,-0.0925193,0.14227696,-0.392761,-0.12650628,-0.16620803,-0.08128129,-0.17759526,-0.16270563,-0.7498271,0.21524902,0.100809224,0.13034277,0.77162254,-0.1576966,-1.6777961,0.11332019,-0.17597744,1.4919006,0.23394047,-0.15207931,0.43501633,-0.08695923,-0.18404618,0.65877205,0.08376549,0.2160138,0.28316408,0.043375835,-0.14750788,0.03031488,-0.32786834,-0.1120113,-0.36686236,0.06395407,0.16616407,-0.029798727,-0.0054824804,-0.6034737,-0.07455316,0.5464842,-0.021968449,-0.25465092,-0.019322647,-1.1044054,-0.15201946,0.093165375,0.09573594,-0.058157116,-0.3026999,-0.027542995,-0.27746195,0.16018833,-0.17442313,-0.31068063,0.1004941,-0.024755107,-0.23039545,0.4068691,0.25623024
70,neutral,-0.041800637,0.38316426,0.39307448,0.1337978,-0.35521525,-0.14934337,-0.47164494,-0.108284704,0.15934625,0.23612818,-0.33287433,-0.09198311,0.21003395,0.13175297,-0.18208043,-0.38469577,0.1542423,0.057519235,-0.20735356,0.056374513,0.2645757,-0.13932842,0.17185873,-0.06764852,-0.00485543,-0.13753213,-0.34292915,-0.41990393,0.5087101,0.15158236,-0.17471063,0.2660095,-0.33613774,-0.12253964,-0.07340481,0.45814386,0.2862821,0.034228675,-0.32385215,0.10464224,-0.7023684,-0.25464106,0.025694888,-0.16012456,0.30860168,-0.24328062,0.28839704,-0.08178343,0.06825324,-0.6585682,0.03490824,0.3289839,-0.023135075,0.9267634,0.15521042,-1.7302015,-0.008989811,-0.19287835,1.6074519,0.21464835,-0.10912029,0.3684945,-0.11214826,-0.078739956,0.61623466,0.06099914,0.17676517,-0.013267657,0.072520085,-0.14850405,0.052433603,-0.48183736,-0.20714971,-0.22408457,0.0598067,-0.043543134,-0.27072707,-0.009856836,-0.60076857,-0.038187597,0.43110383,-0.034339193,-0.31430343,0.02003796,-0.92664105,-0.2939076,-0.081146084,-0.15775421,-0.14979956,-0.37782225,-0.37318915,-0.12535651,-0.03628634,-0.06575832,-0.27369505,0.13828272,-0.106526315,-0.22922574,0.4808919,-0.18699427
71,negative,-0.16511102,-0.11900294,0.31837907,-0.9156688,-0.35474956,-0.1248566,-0.095333286,0.054939613,0.16131657,-0.102037504,0.20749848,0.009816658,0.49523014,-0.14381014,0.042909455,0.40960187,-0.05455559,0.41564393,0.12453056,0.6416856,0.6941811,0.12868366,-0.35182303,-0.60632455,0.19708681,0.3031368,-0.13931902,0.19720888,0.4383809,-0.110058814,-0.21770407,-0.074662074,0.491189,0.53131294,-0.37523502,0.46995878,-0.54895526,0.047391273,-0.22897288,-0.6214044,0.29055262,0.13195033,-0.64086527,0.061559174,-0.7825482,-0.49852565,-0.27441755,-0.32123676,0.4545364,-0.33076632,-0.7031235,-0.042027317,0.55593127,0.58393764,-0.87052286,-1.2381849,0.08598852,0.36278564,0.31340316,0.17402181,0.34246352,0.74658257,-0.5301511,-0.27661654,0.72966367,0.67800075,0.4926468,-0.23058963,-0.40873355,-0.17962565,0.0017113654,0.1541779,-0.11264367,0.35138947,0.0685689,0.40100935,0.0537243,-0.34243622,-0.36458936,0.13310468,0.023782989,-0.17711963,-0.04012349,-0.041438255,-1.132198,-0.12611966,-0.24019252,0.02610161,0.16800854,0.003651288,-0.21684705,-0.333466,-0.1912395,-0.0044651018,-0.0040533314,-0.46899915,-0.28201124,-0.40130404,0.49179488,0.2753809
72,negative,0.28551885,0.40466058,0.33563533,-0.32454196,-0.1134837,-0.27352804,-0.11858503,0.32075715,-0.09779306,0.08861451,0.044871163,0.027916588,-0.09956522,-0.09809119,0.08603829,-0.46822786,0.06313361,0.101317696,-0.25960222,0.18197873,0.48647583,0.26141334,-0.015938202,0.29288024,0.25463614,-0.076302476,-0.27730104,-0.5777902,0.19852121,0.09013111,-0.075149104,0.5616022,-0.03901979,0.0065492243,0.049208276,0.32875705,-0.020665761,-0.111841455,0.26853347,-0.12667134,-0.0043602064,-0.4421441,-0.06955029,-0.32521597,-0.035702065,0.09752846,-0.2756593,-0.32348713,-0.03716903,-1.0321997,0.05484774,-0.093109004,0.16522425,0.75921214,-0.22179393,-1.9456905,-0.06040368,-0.14221643,1.569734,0.1802659,0.12491627,0.22807597,-0.3147151,-0.050795674,0.3331884,0.15130866,0.3757925,0.068611465,0.021823175,-0.29586992,0.0464621,-0.14098899,-0.16537061,-0.031333473,-0.16503072,0.023315106,0.27320093,-0.058016676,-0.9319899,0.024773585,0.6793246,-0.1955876,-0.10957319,-0.10964108,-0.8232172,-0.123261176,-0.27627328,0.07332982,0.06736304,-0.28596708,0.064351045,-0.030187555,-0.31460515,-0.5246583,-0.73088986,-0.0049772025,0.16290645,0.13561808,0.48499542,0.017515246
73,negative,-0.00072006724,0.17101456,0.1573229,-0.31650734,-0.24258825,0.033506792,-0.07097693,-0.053369932,-0.1176241,0.1380637,0.019596146,-0.1323832,-0.0014708572,0.043021232,-0.038982123,-0.0045078876,0.19804414,0.12865125,-0.12408242,-0.011483513,0.4177363,0.02771267,0.021201449,-0.118463226,0.24376658,-0.12763955,-0.11488014,-0.30037794,0.062729314,-0.05576429,-0.065351374,0.2644094,-0.06448716,-0.15809573,0.06846332,-0.011324322,-0.089611515,-0.06664676,0.020471776,0.021116097,-0.3819885,-0.19863196,0.05704203,-0.18725167,-0.023575416,-0.019610168,0.1417765,0.03886148,-0.28834417,-0.41411188,0.015532009,0.08653484,-0.0119766295,0.8121427,-0.0004119041,-1.7601495,-0.058575235,-0.1779651,1.4743271,0.3081257,-0.14402737,0.49580425,-0.17642403,-0.141312,0.79854375,-0.018064482,0.54786044,0.3482178,0.03252924,-0.034394916,0.1679227,-0.25969815,-0.1690792,-0.104432605,0.18184127,0.052433625,-0.19825652,0.25124627,-0.46457428,0.072754964,0.52257717,0.037022613,-0.29815844,-0.014358651,-0.95335215,-0.29066458,-0.112967476,-0.21723652,-0.052958883,-0.33199435,-0.30870184,-0.15060951,-0.03451358,0.102522366,-0.08013421,0.04320787,-0.10999608,-0.18880843,0.43310797,0.072293796
74,neutral,-0.17753254,0.24978267,0.25979945,-0.22281975,-0.16734652,-0.1246848,-0.22395371,-0.14137605,0.0101625845,0.20921637,0.10682543,0.032636885,0.21686012,-0.093009256,-0.12542422,-0.09566153,0.03946848,0.08361297,-0.4376208,0.19156791,0.2578422,-0.0842241,0.1973458,-0.1550972,-0.008333834,-0.07071136,-0.16154952,-0.336338,0.06483874,-0.04547753,0.21791165,0.3707542,-0.13245934,-0.05471675,0.06050626,0.16634259,0.11828421,0.017215868,0.054967206,-0.2069199,-0.55312544,-0.09340908,0.15610756,-0.31523037,-0.07291213,-0.20287578,0.2998869,-0.13877861,-0.22599284,-0.70916206,0.12286232,-0.123758115,0.060482685,0.9407852,0.09356177,-1.9362055,0.014791689,-0.08134961,1.3633294,0.2721951,-0.16445212,0.3248716,-0.20088379,-0.05827266,0.6630177,0.031488888,0.2656857,0.3750252,0.015878191,0.0047507626,0.21683544,-0.25756073,-0.27537787,-0.35593313,0.061497867,-0.16142277,-0.105085835,-0.0070412974,-0.6825371,0.10978955,0.7954111,-0.10884304,-0.41004917,-0.0021773356,-1.1225421,-0.1480117,0.08804064,0.15694614,-0.069275156,-0.40612364,0.15022676,-0.09649701,-0.09983841,-0.09360344,-0.41385138,-0.023668593,-0.11757563,-0.3258941,0.40781742,0.22249769
75,negative,0.21804357,0.26743522,0.17485334,-0.028689807,0.15521255,-0.82980454,-0.20008187,0.14119503,-0.17354932,0.15882014,-0.12212523,-0.25663146,0.015429606,-0.1931589,0.11368482,-0.12591569,-0.22828598,-0.22375956,-0.09200777,-0.117513604,0.411875,-0.12851506,0.008671793,0.21931194,0.11167757,0.043726522,-0.10596446,-0.16163422,0.02743244,0.08428028,-0.083997376,0.24774489,-0.25824246,0.16270067,-0.19019695,0.06401357,0.34003788,-0.3439514,0.043919157,-0.07119002,-0.1875004,-0.45044023,-0.23425405,-0.20274365,0.42706847,-0.033190917,-0.0056289723,-0.36185062,0.21034537,-0.9108102,0.15067689,0.17461284,0.023305992,0.8311784,-0.1637328,-2.114273,-0.03519839,-0.3462858,1.6891778,0.14736918,-0.16295312,0.124596454,-0.19195622,-0.09217398,0.49349612,0.09560906,0.3066274,-0.15555537,0.28792983,-0.111159734,0.16428201,-0.2554862,-0.2860596,-0.18994921,0.212121,-0.167758,0.16658513,0.1629066,-0.87122303,0.026387034,0.8880769,0.0015406165,-0.2583906,-0.025961176,-0.70228016,-0.516318,0.1647833,-0.12606724,-0.035638146,-0.37975007,0.0065976013,-0.0027948658,-0.41335768,-0.2945298,-0.80129427,-0.0069211926,0.14725776,-0.11276235,0.5731548,0.12756728
76,neutral,-0.12596145,0.1128552,0.33179334,-0.15219115,0.016996227,-0.06024787,-0.4554031,0.061491318,0.01581152,-0.12245503,0.010684689,-0.18167953,0.29588023,-0.0069714547,-0.06462753,-0.08183792,0.069273554,0.07528995,-0.31692487,-0.027574502,0.20351078,-0.14889534,-0.016080858,-0.036723204,-0.0933174,-0.15902382,-0.21419537,-0.47640067,0.2579125,-0.14270177,0.20111786,0.5615147,-0.06855995,0.119461626,-0.13429385,0.2841914,0.078887455,-0.044550233,-0.13500825,-0.07495403,-0.5671553,-0.16689871,0.4029952,-0.36139748,-0.08919738,-0.20084584,0.053651765,-0.2820871,-0.103516445,-0.64950144,0.044106342,-0.08527791,0.044354144,0.94188946,0.02598309,-2.1596043,-0.1030426,-0.2283062,1.497675,0.39978078,-0.20862131,0.3978995,-0.23232488,0.0053334543,0.62366104,0.13686626,0.27073804,0.33821675,0.11851343,-0.3605591,0.1742181,-0.2656829,-0.29005226,-0.5861711,0.11611493,0.108186126,-0.24202201,0.118678026,-0.77950734,-0.06766664,0.5810589,-0.21757615,-0.3696471,-0.16850194,-1.1019565,-0.19812115,0.08746667,0.20706394,0.034433365,-0.4621821,0.017227499,-0.13183506,-0.434431,0.0659342,-0.52460337,0.083709925,0.08308266,-0.118870154,0.4734026,0.030506939
77,neutral,-0.39310175,0.2736168,0.19259663,0.29003325,-0.31257594,-0.12847264,0.46730858,-0.42892104,0.029300014,0.18295719,0.18634821,0.0053195427,0.34178358,0.22944076,0.067250855,0.031905726,0.5543507,-0.19401136,0.023015732,0.049303528,0.7769279,-0.3563619,0.22854038,0.39465818,0.09310156,-0.44469976,0.027527204,0.0023359365,0.104460545,-0.29553223,-0.055797555,-0.18686503,-0.06748012,0.2023529,-0.17507352,0.011943869,-0.5863226,0.22055,-0.1409023,-0.12255323,-0.11312516,0.46477494,0.07780525,-0.03908759,0.55344784,-0.03770595,0.39798975,-0.55645454,-0.011823829,-0.84333223,0.22089788,0.0681693,0.10373246,0.95010984,0.18753867,-2.0143838,0.08103976,-0.2562602,1.3568318,0.888636,0.0142775765,0.41987762,-0.037647378,0.11515187,0.81507564,-0.39574364,-0.34305245,0.34328556,-0.03227526,0.23300563,-0.44416827,-0.33452415,-0.4219475,-0.063094616,0.47421193,0.19217734,-0.14765868,-0.1210964,-1.0851765,-0.48586115,0.71320665,0.37196857,0.1588298,0.4089192,-1.0880917,-0.6113268,-0.17287627,-0.42636713,0.33221415,-0.2003027,0.036778305,-0.080763176,-0.18508343,0.34061527,-0.56656384,-0.042066604,0.39551005,0.15701841,0.23675461,-0.3131337
78,neutral,-0.1201961,-0.006661717,0.12394654,0.28469777,-0.050544225,-0.28014708,-0.16732892,-0.08379013,0.14364098,0.27589488,-0.12772721,-0.054129567,0.34277678,0.06143832,0.10935948,-0.030014902,-0.044220943,-0.13942231,-0.4408748,0.11702582,0.15393542,-0.086507164,0.07879942,-0.08413045,-0.118655644,0.11041753,-0.004801402,-0.20411135,0.030818768,-0.13144562,-0.17861864,0.13713424,-0.25759792,-0.015884671,0.03596601,-0.04236243,0.23068002,-0.038962416,-0.30904457,0.057125963,-0.531615,-0.002119205,0.14563917,-0.10819669,0.3650752,-0.2100157,0.44538718,-0.109206565,-0.4116573,-0.6518618,0.123776905,0.21211353,-0.0824994,1.0386848,0.03252719,-2.030666,0.087417476,-0.26314762,1.26715,0.25603127,-0.26809728,0.17780848,-0.13485354,-0.2611766,0.79483116,0.12592079,-0.057494573,0.00816495,0.24363385,0.059039786,0.3325467,-0.19964825,-0.2998761,-0.32352048,0.20133841,0.09559664,-0.02868483,0.10406189,-0.8747515,0.19891982,0.6390485,0.044315826,-0.18682572,-0.08437713,-1.128564,-0.011934604,-0.13480249,-0.06119517,-0.11737733,-0.4365265,-0.1865892,0.021641232,-0.18445846,0.18078297,-0.44250044,0.08351385,-0.06441039,-0.2758042,0.37177292,0.34321555
79,neutral,-0.20372735,0.17155841,0.3380724,-0.09586293,0.023519926,0.092601635,-0.41976196,0.19755548,0.21435891,-0.09705448,0.058307484,-0.018612461,0.10090901,-0.046278667,-0.068426915,-0.20148021,0.39508882,0.18790191,-0.49558976,0.08469585,0.0151365725,-0.22820075,0.25942653,-0.2724815,-0.35715717,-0.27427703,-0.076935336,-0.36068472,0.2944657,-0.11519666,0.14962196,0.54695916,0.0031948248,0.07711097,0.097999595,0.18284278,-0.01510168,-0.04611858,-0.028249864,0.022070639,-0.52619725,-0.27430668,0.19782646,-0.33796284,-0.21493424,-0.2808998,-0.108322315,-0.32255393,-0.23810348,-0.7034532,0.14985844,0.051776923,0.11486355,0.85442233,-0.04877788,-1.9062661,0.08248937,-0.29233524,1.7328862,0.16003376,-0.39098597,0.31746596,-0.13236205,-0.15844643,0.73835254,0.11387129,0.3014598,0.37714446,0.1025046,-0.3182363,0.07751225,-0.30850115,-0.25380152,-0.6479673,0.10593952,0.14917493,-0.3210804,-0.012127377,-0.8361212,-0.13322195,0.5807049,-0.2544574,-0.31405336,-0.17504379,-1.2350714,-0.104495935,0.26369727,0.2789243,-0.035912745,-0.31753173,0.012053975,0.06973303,-0.060006257,-0.04594156,-0.3597151,-0.11225915,0.13142313,-0.117493436,0.40703535,0.08700901
80,neutral,0.041168712,0.095697984,0.19374976,-0.00374132,0.13080128,-0.57135165,-0.2620845,-0.027356513,0.23332772,-0.0168054,0.013352945,0.11372946,0.14319205,-0.17070608,-0.03092107,-0.10689826,0.052266713,-0.08235231,-0.19083641,-0.17346366,0.26875666,-0.07358356,0.040640265,0.016474707,-0.034061674,0.101999104,-0.24380472,-0.00034935982,0.04393824,-0.117389426,-0.1767491,0.3580326,-0.096103,0.047903717,-0.15666802,0.0024847062,0.17348681,-0.043621633,-0.24120307,0.010145854,-0.40144232,-0.36678594,0.0007251268,0.02463315,0.11845683,0.04143192,0.10183663,-0.17852536,-0.16760606,-0.5264087,0.3001274,0.1914769,0.00066514325,0.75624865,-0.016579624,-1.5819287,0.10376798,-0.22077115,1.4836267,0.2959773,-0.20683333,0.19508639,-0.17430948,-0.25454652,0.36097646,0.16233055,0.033964865,0.16461176,0.1801518,-0.17479344,0.069667704,-0.21803458,-0.1829583,-0.32886806,0.13894679,-0.15304896,-0.07057582,0.08734237,-0.6710632,0.08597554,0.5828799,-0.06779315,-0.2248671,0.14526904,-0.94393945,-0.18943924,0.037495527,-0.029417653,-0.0076159863,-0.42812088,0.053513493,0.1651942,-0.3252328,-0.14629723,-0.18501788,0.29354393,0.16069119,-0.20790687,0.46706983,0.025766792
81,neutral,0.07238342,0.013144427,-0.06601982,0.11586633,-0.01530207,0.09481145,0.1667595,0.22529507,-0.16908036,-0.18817972,-0.16603734,-0.09184805,-0.28685006,0.2806832,0.0775598,0.063726455,0.3537578,-0.060704608,-0.1532289,-0.0748301,0.122301206,0.22024016,0.34847572,-0.21589383,0.29482466,-0.0065080943,0.056937333,-0.035115823,0.12824477,0.07494085,0.048310958,0.14659064,0.3429046,-0.022612682,0.007853673,0.2168955,0.1535427,0.27807865,0.2562005,-0.29388347,0.007524414,-0.16333611,-0.13639885,0.056938533,0.039688393,-0.0965049,-0.20885043,-0.19977209,0.13617682,-0.27938205,-0.10170789,-0.11233891,-0.09157673,0.30053353,-0.21276927,-1.1720403,-0.39314562,0.06918581,0.4905713,0.14570946,0.097574435,0.27522385,-0.07502327,-0.06909123,0.124463275,-0.36254674,0.39304867,0.16801305,0.2422688,-0.12926875,0.0826363,0.18048745,0.11719796,-0.23971537,0.040886,-0.17412181,0.14765176,-0.009827075,-0.26281047,0.2835834,0.18838347,-0.13429666,-0.34359097,0.07207725,-0.40657791,-0.012584219,-0.12143597,-0.25887948,0.21425115,-0.0599975,0.3547331,-0.14025621,-0.204158,0.13322327,-0.35314885,-0.19254483,-0.043187384,-0.18452942,0.08663987,0.33977792
82,neutral,-0.17932366,0.084475376,0.130988,-0.056968372,-0.08372296,0.050780345,-0.12891066,0.15638039,0.038272575,0.13783278,0.045006674,-0.006716238,0.17975542,0.012058039,-0.030472541,-0.1801442,-0.11723506,-0.005811621,-0.3195786,0.01496159,0.43296748,-0.209912,0.051252153,-0.019252904,0.09200336,0.08289608,-0.24816087,-0.23801215,0.20348255,-0.0879939,0.013981814,0.19664711,-0.18403766,0.041600436,0.05757641,0.054496065,0.06678043,-0.0730955,0.16248167,0.10642624,-0.28868893,-0.23421863,0.15656297,-0.31176314,0.024219781,0.0007442134,0.20874391,-0.03571376,0.09162763,-0.7374603,0.22874787,-0.06645458,-0.043398768,1.0416859,0.12868012,-1.9056563,-0.104822025,-0.061889783,1.3223752,0.2765964,-0.086129315,0.45280933,-0.18261026,0.066857874,0.5152403,0.16440435,0.10353901,0.13939755,0.0116135925,0.004046204,0.1545097,-0.33914977,-0.13547423,-0.42230907,0.20774329,0.09235876,0.10965956,0.034738198,-0.64917517,-0.0028363718,0.6319179,-0.15519175,-0.2694888,0.0835095,-0.9418749,-0.17351097,0.042125043,-0.01943536,-0.1802749,-0.30822676,-0.09335519,-0.045943692,-0.24512765,-0.038063888,-0.477636,0.06399992,-0.024801161,-0.093624115,0.4602266,0.12254108
83,negative,0.079366215,0.104121976,0.26322296,-0.12528709,0.056705397,-0.001923296,-0.16798504,-0.32465017,-0.21501152,0.07366304,0.0996191,-0.109232455,0.10378116,0.022885866,-0.14052267,-0.12856965,0.1841509,0.156783,-0.12412101,0.31651098,0.097938895,0.15976721,-0.03667972,0.07912648,-0.024574084,0.12256984,-0.1356441,-0.18084592,-0.22973849,0.007149083,0.12735024,0.6147211,-0.24159494,-0.19996153,-0.057206504,0.27138135,-0.07478179,-0.00031376674,0.0018453399,-0.097758725,-0.21576214,-0.39454582,-0.04658596,-0.07433279,-0.13662812,-0.11877764,0.16842572,-0.19279483,-0.09121148,-0.8729468,-0.124818824,0.03669311,0.08156795,0.69729984,0.039664585,-2.0796244,0.0012055147,-0.071817175,1.6115557,0.15664862,-0.1131292,0.25569326,-0.18313679,0.04562374,0.585469,-0.17599371,0.22240333,0.3153548,0.34606567,-0.057565153,0.09579554,-0.2679806,-0.40116468,-0.28431055,-0.2016013,-0.034897145,-0.12173318,-0.09503937,-0.5210063,0.038287107,0.6938321,-0.03689553,-0.15202151,0.110893905,-1.0061735,-0.2641856,-0.09186352,-0.06316764,0.12639584,-0.3405952,-0.053752158,0.063765675,0.15640552,-0.2503827,-0.40038872,-0.011637444,0.032091327,-0.1187446,0.50344086,0.24011727
84,neutral,-0.16927601,0.00586567,0.163304,0.043441456,0.12234533,0.37383547,0.14413181,0.4590361,-0.2658314,0.20421237,0.117141835,-0.023155006,-0.1205628,-0.22658335,0.1677774,-0.038353864,0.21480685,0.07639438,-0.24401796,-0.061665677,0.29238147,0.14376603,0.28540877,-0.26271537,0.47110966,-0.31300536,0.1203731,-0.025871802,0.10563429,-0.07867625,-0.19443199,0.21556619,0.296553,0.24644051,0.0598707,0.15200616,0.012165061,0.24260263,-0.10569121,-0.24922395,-0.055320352,-0.17081465,0.03198822,0.0956652,-0.060820706,-0.10494123,0.08014876,-0.15733957,0.25647137,-0.44209534,-0.056401044,-0.22648515,0.35334575,0.65627575,-0.07207505,-2.0106726,-0.11153976,-0.025508778,1.0007663,0.26404878,-0.09237521,0.67141867,-0.28844792,-0.24964477,0.27158678,0.0465733,0.31952983,0.14119092,-0.024380486,-0.036713406,-0.047499254,-0.11709353,-0.167105,-0.41540232,-0.09399351,-0.20959705,0.28115585,0.2896835,-0.41899058,0.46545395,0.41533756,-0.22666793,-0.18628925,0.12316465,-0.64852434,-0.11361183,-0.20523526,0.040134374,0.33318183,-0.060865022,0.13114117,0.10192948,-0.24388508,0.024587434,-0.6680164,0.024880217,-0.09767577,0.04918584,0.48148283,0.24295655
85,neutral,-0.17342207,0.084647484,0.26587874,-0.09943568,0.13061865,-0.13254143,-0.16314878,-0.04321108,-0.028037326,0.15639184,0.04813207,-0.11484077,0.20588924,-0.052088432,-0.07988785,0.057460707,0.29577112,-0.123584315,-0.42173243,0.029284684,0.046335172,-0.1865791,0.112426944,-0.08188204,-0.24895117,-0.22955176,-0.07000031,-0.17950144,0.1484578,0.06597786,0.15155949,0.27150312,-0.27196828,-0.14146876,-0.075573824,0.13338804,0.07530248,-0.027968863,-0.19157624,-0.05746962,-0.4871903,-0.06814994,0.115291625,-0.09360343,-0.0023836363,-0.4070166,0.21879643,-0.2712099,-0.27593255,-0.6107468,0.3143571,0.027088095,0.19316578,0.8171081,0.021342289,-1.7061976,0.027034009,-0.22986719,1.2851739,0.30268347,-0.118418016,0.3349495,-0.11870144,-0.18990451,0.60225254,-0.019979268,0.019720694,0.4039392,0.020258768,0.013529397,0.26374733,-0.09701795,-0.22676554,-0.3883658,0.056308046,-0.06605567,-0.18739048,0.09054138,-0.88349247,-0.05326173,0.50714916,0.021506485,-0.20759092,-0.110855944,-1.0023576,-0.07377312,0.23089723,0.1704268,0.048792865,-0.17410097,-0.03402897,-0.10958205,-0.20250049,0.013738023,-0.30263528,0.008061243,-0.10809699,-0.31501734,0.29380754,0.1258346
86,neutral,-0.06618283,-0.018279405,0.2483658,-0.17435995,-0.025473906,0.02224048,-0.17076212,0.17436594,0.11102976,0.24869034,0.18240976,-0.031174941,0.1195914,0.11704696,0.056700964,-0.055331517,-0.030278575,-0.14357652,-0.33921674,-0.047232118,0.44581246,-0.26044098,0.11684621,-0.13863286,0.08604288,0.06714715,-0.16639873,-0.17240182,0.18184201,-0.030343218,-0.034817886,0.15065919,-0.257095,0.08588681,-0.036847193,0.12680057,0.17000028,0.020316307,0.07121489,0.0551327,-0.305782,-0.2594222,0.24531622,-0.14662743,0.09015731,0.040692624,0.1433142,-0.022059683,-0.019146368,-0.6751482,0.039925154,0.080604136,-0.0584879,1.0722997,0.04749103,-1.8309633,-0.11790786,0.07260611,1.419639,0.19609168,-0.09273296,0.49767074,-0.13639703,-0.013901016,0.53203714,0.03602829,0.061841134,-0.0056425002,0.0656585,0.05280608,0.01418773,-0.4134584,-0.12545688,-0.35371858,0.1457153,0.107136644,0.23772435,0.01837739,-0.79416627,0.08165985,0.6697819,-0.013086269,-0.2247685,0.070711896,-0.7527322,-0.1307752,-0.048508517,-0.062686354,-0.1345828,-0.3327904,0.026706466,-0.08960305,-0.091567375,-0.029850483,-0.45026612,0.13328013,-0.06049018,-0.11415004,0.45322168,-0.055762652
87,neutral,-0.0617889,0.10423079,0.12885067,-0.22958294,0.08314687,-0.19345777,0.027932512,-0.111746795,-0.16799384,0.16476965,0.111437194,-0.18415606,0.08048982,0.24208067,0.0057786247,-0.029763063,0.18283702,-0.14784399,-0.4685243,0.068153486,0.27016646,-0.08269984,0.24088973,-0.17738283,-0.025368609,0.060830828,0.035973314,-0.20144434,0.11025942,0.06289149,-0.20263828,0.279545,-0.11165116,-0.008112519,-0.12867282,0.01918816,-0.07171019,0.09331393,0.1369998,0.011880337,-0.2641956,-0.105372325,0.21496262,0.030594653,0.08947516,-0.16202644,0.12576604,-0.18641151,-0.111401044,-0.57911754,0.34739953,-0.05707559,0.121308394,0.7279844,-0.035698578,-1.569933,0.1300619,-0.30858943,1.0618579,0.22513913,-0.07295886,0.47116098,0.035022058,-0.34865507,0.61481774,-0.18934417,0.14715946,0.4282135,-0.0540513,0.45526946,0.11877512,-0.045842428,-0.13600412,-0.35453683,0.10795466,0.08848184,0.119032376,0.0428379,-0.7587445,0.0629631,0.47392276,-0.010914639,-0.07141255,-0.055411782,-0.88672197,-0.060147323,0.002748528,-0.01376742,-0.04696368,-0.3894263,0.04381028,-0.1347748,-0.01391093,0.22357354,-0.23550114,0.16087618,0.004715241,-0.22402412,0.14301176,0.2856091
88,negative,0.09065082,0.22479083,0.15094519,-0.11601016,-0.034689296,0.07054799,0.121259876,0.35341728,-0.15161459,0.21420369,0.1309824,-0.11763212,0.15227532,0.2291867,0.1766478,-0.043988444,0.26412278,0.12329235,-0.45214358,0.2694002,0.11221102,-0.18021838,0.17822403,0.12685136,0.09623651,-0.15870601,-0.04628677,-0.25781205,-0.0003056935,0.12253047,-0.11018994,0.28652588,0.045538314,0.060838033,0.012390706,0.088459924,-0.19019932,0.029580398,-0.083203375,0.051912338,-0.4836269,-0.045259062,0.05243235,-0.095132515,0.16066176,-0.081455864,0.11947609,-0.29131553,0.08640489,-0.5151378,0.036445186,-0.15896703,0.119850084,0.81824666,-0.14529215,-2.1273599,-0.114402235,-0.17920515,1.4898765,0.51825833,-0.12744457,0.6069784,-0.0051676068,-0.006885692,0.520161,-0.0011333135,0.10880211,0.25412014,0.0248057,0.18742912,-0.026721667,-0.15069507,-0.0503697,-0.19715263,-0.09228474,0.17812468,0.095081404,-0.009822542,-0.8517798,-0.25270355,0.43703038,0.07444959,-0.13585228,-0.033664584,-1.1187987,-0.18371496,0.055798963,-0.06174638,0.09107979,-0.0411621,-0.08770265,0.09311894,0.0026687118,0.21523711,-0.47665852,0.13596544,-0.14777458,-0.10314685,0.32948327,-0.0052141724
89,negative,0.298638,0.2164873,0.4665376,-0.07872888,0.06148442,0.24022892,-0.4237687,-0.26399764,-0.16878228,0.15965413,-0.11241286,0.03079447,0.1052041,-0.25294933,-0.031867433,-0.098275796,0.13916598,-0.16938132,-0.51808167,0.15034412,0.51628244,0.020541223,0.27123716,-0.3271954,0.20336717,0.141139,-0.19910116,-0.41197467,0.42625052,-0.08527464,0.19561459,0.4797849,-0.1445684,0.17953964,-0.11184611,0.050441094,0.11408467,0.54163903,-0.11662918,-0.18451516,-0.7201716,-0.112332545,0.14014399,-0.12258993,-0.027361333,-0.4386507,0.34600422,-0.010195817,-0.08090066,-0.20841058,0.010391358,0.050839897,-0.052233562,0.96278507,0.046216033,-1.6211413,0.47708473,-0.09799502,1.6463101,-0.008479178,-0.14765227,0.06467296,-0.45231754,-0.1767572,0.8098177,0.1458583,0.18863615,-0.08083707,0.33541483,-0.11888131,-0.118519306,-0.1935189,-0.088471636,-0.2706449,0.14691496,0.065449834,-0.008943295,0.061256092,-0.7057728,-0.12713602,0.28368568,0.03409537,-0.09597427,0.18307988,-1.1663618,0.10551507,0.015226835,0.058903147,0.014493417,-0.363363,-0.0586688,-0.3468307,-0.007707659,0.08881958,-0.6101107,-0.074604474,-0.045442995,-0.30879384,0.36236554,0.26477692
90,neutral,-0.14023662,0.16298333,0.22899234,-0.048402563,0.028670328,0.064984076,-0.1814868,0.010003524,-0.04098322,0.02690769,0.13541557,0.029225681,0.2006253,-0.010462841,-0.08037849,-0.039534763,-0.0032047636,-0.09561806,-0.5743961,0.1927224,0.07150602,0.04684064,0.028189914,-0.088117786,-0.0040068175,0.08741682,-0.12562355,-0.19257836,0.21293215,0.076575354,-0.14146729,0.3883444,-0.0558242,0.04360272,-0.037085928,0.2277823,0.052112434,0.03613263,-0.23143987,-0.053137764,-0.49012235,0.06860791,0.1811674,0.010503377,-0.18417133,-0.24526899,0.08915136,-0.22506993,-0.038265076,-0.47262293,0.21882412,-0.060938954,0.110000856,0.7439767,-0.07067273,-1.6274344,-0.045549713,-0.14114311,1.0286523,0.011189835,0.04583313,0.41068885,-0.20205936,-0.23585504,0.62182885,-0.048429746,0.25208223,0.41907847,-0.12962264,7.123274e-05,0.11772003,-0.10788925,-0.17349264,-0.292836,-0.068714134,0.05875638,-0.0024520722,0.0632783,-0.5160053,-0.10852781,0.5050427,0.054129943,0.012690473,-0.09716011,-0.8623248,-0.045624115,-0.08795999,0.20171842,0.008362879,-0.37789315,0.08512459,0.0068132835,0.032161888,-0.05882333,-0.35524008,0.15742275,-0.08112227,-0.29684475,0.25920755,0.357529
91,neutral,-0.1301926,0.13986473,0.2755494,-0.073950365,0.049916986,-0.48366705,-0.17106174,-0.06527956,0.07321972,0.10567379,0.001393483,0.024797747,0.044090834,-0.018843515,-0.03756312,-0.29277137,-0.026971355,-0.090252884,-0.13476841,-0.05104818,0.18374555,-0.20644759,0.095204726,0.019926548,0.046174686,0.070231326,-0.12714978,0.009092774,-0.013903921,0.0064518875,-0.09456958,0.30843747,-0.07041737,-0.052512795,-0.04106421,0.035628434,0.058591343,0.12821689,-0.093586564,-0.00087989744,-0.31504557,-0.31316674,0.0301253,0.041649595,0.056855164,0.005237536,0.20195077,-0.11865794,-0.11542529,-0.5560827,0.1249868,0.2693899,0.02282257,0.68883723,-0.09290097,-1.6497343,0.07247568,-0.23096676,1.2304865,0.28363457,-0.026821949,0.24596477,-0.04835219,-0.063184686,0.4740354,0.108785205,0.1754782,-0.008472363,0.20118058,-0.18572123,0.2484172,-0.19088897,-0.010008718,-0.18478595,0.07234465,-0.15172482,0.012198277,-0.010461705,-0.5952338,0.17761247,0.65377086,0.033332054,-0.31256762,0.04563597,-0.76774687,-0.15172353,0.13871233,-0.10469064,-0.091371976,-0.32031953,-0.07788764,0.026653994,-0.16445832,-0.17292294,-0.26934972,0.2509232,0.073654845,-0.22270678,0.36139396,0.15857086
92,negative,0.03533947,0.16967672,-0.067475185,-0.43437895,0.35550606,0.32369596,0.16809954,-0.3839188,0.20260602,0.40078393,0.052227553,-0.4594971,0.06793452,-0.29789764,0.17946461,0.2124382,0.30955684,0.05992113,-0.13094899,0.12603627,0.22975689,-0.016026134,0.21146338,-0.12613975,0.14588618,0.04528761,0.013977755,0.058868878,-0.10537708,-0.097093605,-0.016348224,0.6396503,-0.10299367,-0.062401775,0.108533286,0.12127185,-0.36798608,0.0164927,-0.14652827,-0.16812155,-0.098142855,0.08895337,-0.2556563,0.18980995,-0.24038815,-0.33845267,-0.05164272,-0.26570973,0.062452618,-0.30893683,0.1570856,0.03954331,0.103899725,0.5861194,0.033833005,-1.8659838,-0.017831843,-0.013920487,1.4605489,0.06531553,-0.028752761,0.5244667,-0.0069579785,-0.011182043,0.69144684,-0.07089217,0.5614391,0.12650128,0.16224119,0.013948529,0.15074523,-0.1287862,-0.09464516,-0.08222437,-0.2186673,0.14488792,0.036510337,0.3507849,-0.5891386,-0.20056054,0.39850172,-0.07052735,-0.04869014,0.052186444,-1.3157189,-0.24725926,-0.05839157,0.054771207,-0.000800885,-0.3629694,-0.048682675,-0.0017819968,0.31117344,0.07298179,-0.028836027,-0.30086663,-0.40110794,-0.24570614,0.50250804,0.40762597
93,negative,-0.0948699,-0.023505332,0.27421463,-0.14247158,0.10744396,-0.16165556,-0.37666354,-0.08990385,0.018906673,0.31455815,0.17029655,-0.02787231,0.16041833,0.039111182,0.015592158,0.19756866,0.11811121,-0.11629002,-0.53455585,0.047283545,0.09450495,-0.10070605,0.23288332,0.0017349377,-0.14106183,0.09816135,0.08824931,-0.23072912,0.007310038,-0.048075672,0.22312707,0.3039476,-0.14678934,0.007498431,0.12032064,0.06557078,0.04660703,-0.040258653,-0.066077024,0.18179505,-0.4333791,-0.20828791,-0.04177409,-0.02417257,0.25482762,-0.16359155,0.16024761,-0.06575661,-0.22726719,-0.60605997,0.30816475,0.083358645,0.041203644,0.9811278,-0.061868027,-1.8440158,-0.025680058,-0.234751,1.5713196,0.34365356,-0.24607125,0.39794472,-0.008099947,-0.17176469,0.65397906,0.17910992,0.12936188,0.3462159,0.32206795,0.04174058,0.07664709,-0.26821977,-0.18578897,-0.2726416,0.16233464,-0.038626425,-0.008430051,0.0013112407,-0.69163513,0.1861546,0.67647225,-0.09768805,-0.28030366,-0.034719277,-0.928932,-0.21486299,0.16226292,0.07312989,0.037095055,-0.107205264,-0.07897674,-0.10121258,-0.12765667,-0.056856174,-0.2799843,0.06988821,0.07517644,-0.24565634,0.41098633,-0.050671007
94,negative,-0.07678631,0.09047993,0.30689394,-0.04581317,-0.02994039,-0.008059911,-0.2853423,-0.17760016,0.19445279,0.112510145,-0.014612068,-0.12808947,0.108745165,0.1106127,-0.10751451,-0.031297263,0.06964914,0.061106376,-0.48092258,0.112934895,0.21862163,-0.06763442,-0.06837071,-0.27659225,-0.036629125,0.035912093,-0.1428294,-0.3013464,0.13449247,-0.043571316,0.16085124,0.42373887,-0.1395054,-0.070125826,-0.053898506,0.1566148,-0.025325958,-0.0017130832,-0.011044551,-0.05968565,-0.38402617,-0.15134601,0.13316675,-0.13185218,-0.01751785,-0.2439846,0.15135157,-0.0834844,-0.21444412,-0.6358502,0.21018505,0.11429611,0.0939224,0.97925127,0.03665637,-1.8545569,0.10908007,-0.26286417,1.4249387,0.25751537,-0.01569416,0.3613157,-0.009526317,-0.039228003,0.719992,-0.09736125,0.1712796,0.30073437,0.14495368,0.12950161,0.12005954,-0.32287675,-0.143193,-0.25926661,0.066998914,0.036083426,-0.12943776,-0.03812273,-0.74017847,0.16058615,0.5381972,-0.050466638,-0.22182667,0.016937746,-1.1063124,-0.0018317039,-0.0259855,0.073444724,0.00040553653,-0.50025433,-0.1060893,-0.06285711,-0.0072928327,-0.121263444,-0.32464102,-0.01825158,0.019480988,-0.23939307,0.4588683,0.34049425
95,neutral,-0.21576878,0.026204592,0.4222694,-0.25621763,-0.1793427,0.10693713,0.15132132,0.14153267,-0.42163587,-0.046449132,0.08085677,-0.209869,-0.09163158,-0.1304524,-0.034857582,-0.047193445,0.15804867,0.29170117,-0.46441346,0.16817008,0.27583438,-0.018937105,0.20933852,0.22821887,0.4931343,-0.23644504,-0.27355474,-0.390566,0.20739636,-0.020811055,-0.323194,0.34296545,-0.03903731,-0.003719449,0.049775694,0.19078729,-0.254439,0.05594672,-0.22022916,-0.30368352,-0.17130728,-0.11790929,0.21778344,-0.16125256,-0.10672619,-0.09173486,0.13784933,-0.4290245,0.22549865,-0.9719497,-0.1748121,-0.16482882,0.20386103,0.82499105,-0.08936826,-2.3918252,-0.13565724,-0.29148903,1.12065,0.66321343,-0.47635525,0.8263126,-0.28711298,-0.40749264,0.255682,0.11449711,0.16220154,0.63999313,-0.3616119,0.049329046,-0.070674084,-0.3349312,-0.2571984,-0.27063975,-0.28027466,0.034278054,-0.21417826,0.12789945,-0.7899738,0.44117197,0.5988381,-0.25184128,-0.1076103,-0.015360671,-1.1177231,-0.29878092,-0.38313314,0.1398956,0.06429495,-0.39291555,-0.20993061,0.055051073,-0.14341404,0.21386608,-0.4432494,0.17232573,0.15020403,0.094409816,0.50906426,0.28868234
96,negative,0.07843271,0.37701997,0.35271335,0.047373857,-0.042624667,0.2015369,-0.25507247,-0.16791832,0.23638402,0.08718151,-0.07016193,0.15750387,0.08499056,0.056294776,-0.055828612,-0.114605874,0.054306675,0.079020046,-0.50754136,0.1886841,0.27355796,-0.04501836,0.15557279,-0.23128074,0.010271777,-0.04808717,-0.12965454,-0.38565448,0.26956418,-0.14773893,0.29304248,0.15874794,-0.04772477,-0.13162035,0.03618158,0.123523556,0.12915215,-0.007614192,-0.038927622,-0.14929879,-0.55795,0.085567415,0.09357375,-0.30297017,-0.12242128,-0.22344357,0.5194201,-0.24243267,-0.32663676,-0.88192207,0.078236826,0.038549844,0.22535777,1.0128114,-0.13826662,-1.7605934,0.08693876,-0.14597708,1.341957,0.20240611,-0.2124342,0.58707935,-0.23589882,-0.32102102,0.7641776,-0.013594144,0.31481522,0.32501045,0.07071643,-0.10179461,0.14545041,-0.32645202,-0.4286904,-0.1936939,0.13216925,-0.018303435,-0.18597765,0.032187615,-0.7617868,0.21831842,0.5120514,0.06860174,-0.37579045,0.13988234,-1.064955,-0.083603136,-0.10691044,0.014898969,-0.035094075,-0.18822734,-0.04112623,-0.16977401,-0.0035963834,-0.10442249,-0.37337336,-0.28119874,-0.29085606,-0.2832495,0.28235358,0.14596151
97,negative,-0.09680653,-0.047682937,0.13384393,-0.18660341,-0.072062455,-0.06656085,-0.181889,0.08893857,-0.007596527,0.06151076,0.1189521,-0.03684723,0.05953023,-0.067612454,0.054600004,-0.013000639,0.07810775,-0.03625783,-0.32943115,0.10762867,0.4199023,-0.2431022,-0.041693464,0.047379028,0.13837743,0.020386133,-0.075938806,-0.20622626,0.03607727,-0.0963362,0.037453227,0.2966744,-0.1851217,0.15872462,0.041790735,0.10433852,0.083053306,-0.022460293,0.23183252,-0.011615937,-0.3131738,-0.23973188,0.12532422,-0.118790746,-0.100552365,-0.045783687,0.16364224,-0.112837456,0.017149735,-0.7276603,0.111826755,-0.11062705,0.09499716,0.8755569,-0.014338134,-1.7466044,-0.1022159,0.16853394,1.3011138,0.17211054,-0.15076432,0.48862496,-0.20768927,0.069190994,0.35505387,-0.018259296,0.17684421,0.22222784,0.09273194,0.11163862,0.03574614,-0.17913617,-0.15870403,-0.42869228,0.07667985,0.08143512,0.12166506,0.0028082358,-0.6733051,0.08199705,0.59675485,-0.0931945,-0.19249904,-0.09484578,-0.9445851,-0.17670733,-0.20028406,0.0332207,0.016689494,-0.3354316,0.1252456,-0.0031068388,-0.13128316,-0.02826894,-0.37963733,-0.010034218,-0.022265285,-0.16678107,0.4017258,0.06856838
98,negative,0.026930885,0.22118257,0.11569464,-0.20897599,-0.023973197,0.22383411,-0.077064365,0.19557776,-0.088427424,0.25421393,0.050869342,-0.06721708,0.24087481,0.30036825,-0.054883048,-0.18261608,0.13198346,0.02235245,-0.41133302,0.2860726,0.24406974,-0.22259459,0.11428245,0.040671434,-0.005143128,-0.0031726332,-0.24373399,-0.2805585,0.12929842,0.124117956,-0.14585376,0.43298265,-0.025980309,-0.0067486726,0.06544975,0.0690109,-0.16127737,0.13584517,0.29200011,-0.026106648,-0.27556288,0.066573866,-0.14168915,-0.2289604,0.21699497,-0.054286264,-0.10294259,-0.13227998,-0.133199,-0.46306765,-0.123216204,-0.06742853,-0.13027631,0.78556776,-0.10609468,-1.6156429,-0.15038764,-0.13087264,1.3390889,0.38805324,0.05568573,0.39283177,0.015200631,-0.10317246,0.47756028,-0.0014839689,0.17233376,0.18785015,0.07540583,0.117818914,-0.04471175,-0.2298753,-0.19656995,-0.24647228,0.09587922,0.21239845,0.05653551,-0.080674216,-0.54539,-0.18488882,0.5240737,0.027683085,-0.25873685,-0.12658942,-1.0043029,-0.18542156,0.11174837,-0.08153777,-0.022080004,-0.12038019,0.00808112,-0.10363925,0.05099912,-0.13178127,-0.4281199,0.10561832,-0.06606297,-0.2185826,0.18563096,-0.022055125
99,negative,-0.16202322,0.27863583,0.4019714,-0.36162725,0.09710811,0.13593626,-0.2890063,0.28012568,-0.2633094,-0.18847856,0.06348778,-0.044961628,-0.02379023,-0.06654412,-0.17946088,-0.17083792,0.069508985,0.066782035,-0.4050778,0.24090464,0.113541394,-0.0643376,0.19137883,-0.072402894,0.31206784,0.025135344,-0.123932764,-0.10810825,0.09432979,-0.20251413,0.26258957,0.25590867,0.16522354,0.067931086,0.14681172,-0.074508786,0.26402554,0.027185442,-0.08408392,0.18313122,-0.27424398,-0.33720142,0.10952823,-0.3032435,-0.22449513,-0.3056006,-0.17312711,-0.21811587,-0.16327414,-0.6707798,0.012847827,0.06152541,-0.0053729755,0.7246709,-0.13398671,-2.0740623,0.026523119,-0.013144541,1.2110983,0.15463671,-0.3254051,0.12989393,-0.17271912,-0.042021513,0.5986857,0.08798111,-0.035766188,0.43559343,-0.10172636,-0.20602731,-0.07338659,0.08520156,-0.37169918,-0.27512217,-0.032276914,-0.02178707,-0.3857482,0.044848837,-0.5433498,-0.001438067,0.41218442,-0.29596397,-0.116072744,-0.12417249,-0.8206529,-0.13579246,0.5640495,-0.19970334,0.21414812,-0.2028895,-0.053841304,-0.067045845,-0.304014,0.2890589,-0.46357587,0.22374119,0.08576568,-0.004585042,0.44434032,0.05660184
100,neutral,-0.09027394,0.059616387,0.17441079,0.063194774,0.16464289,-0.029744739,-0.1177996,-0.05831412,-0.12298149,0.1389396,0.07503366,-0.07443812,0.040697254,0.058303412,0.0017652764,-0.17961995,0.10611433,-0.16637449,-0.42636558,-0.012450693,0.11763371,-0.13092382,0.25851434,-0.08178266,-0.09061616,0.026011245,-0.15250081,-0.09047354,0.45221332,0.07988588,0.20661168,0.39314938,0.102036014,-0.11379932,-0.21386126,0.11296702,0.09013156,0.06158097,-0.3585757,-0.24334773,-0.37183893,-0.055393863,0.44901946,-0.15946533,0.2019409,-0.20304449,0.1279959,-0.11764636,-0.074301265,-0.17658263,-0.27382895,0.09890631,0.13384633,0.7495388,-0.086821005,-1.307942,-0.20016241,0.19711936,0.95540667,0.23264109,-0.21023741,0.07311795,-0.07306075,-0.20935707,0.41098958,0.011574893,0.033741612,0.15865211,-0.061247274,0.14536837,0.16325404,-0.0026507566,-0.37192148,-0.4466502,-0.24286214,-0.16351055,-0.00049409963,0.23056626,-0.68693143,0.14590093,0.49407095,-0.11376656,-0.22684446,0.04477473,-0.5453638,-0.06612633,0.14229424,0.23273313,0.1134209,-0.7044226,0.24937125,-0.1540187,-0.2643316,0.2702961,-0.62410897,-0.15461418,-0.06550945,-0.3231393,0.06000787,-0.11509002
101,negative,0.037383404,0.22434811,0.51634717,-0.01893944,-0.10715522,-0.13060282,-0.19553252,0.09945199,0.22563398,0.10620307,-0.09163779,0.07361435,0.20148556,0.1707981,-0.01154526,-0.029446352,0.10385155,-0.12829249,-0.2051089,0.009181877,0.28756484,-0.018013146,-0.024783801,-0.114595495,0.14865056,0.32891506,-0.19209757,-0.276716,0.38556194,-0.116543464,0.09197471,0.16181888,-0.08279078,-0.009966071,-0.066962205,0.1742042,0.1511132,-0.07472893,-0.25541243,-0.1912562,-0.43826753,0.024892768,0.34181744,-0.18273427,0.056028143,-0.18510936,0.083499655,-0.066511445,0.03521142,-0.41774157,0.03537088,0.17673185,0.25772464,0.7382947,-0.17478733,-1.1148278,0.21882544,-0.31540853,1.0662858,0.044852443,0.040035713,0.20169377,-0.15755986,-0.42084965,0.5442581,0.070567936,0.15351366,0.18645133,-0.29815027,-0.23993273,0.088132255,-0.22994256,-0.1403,-0.34568942,0.050222978,0.34860647,-0.13599373,-0.06064882,-0.64280677,0.082463555,0.41201997,-0.0152279325,-0.020419586,0.18113838,-0.67818207,0.013839241,0.025936227,0.11788733,0.2179286,-0.28884298,-0.022419432,0.0029750846,-0.29798323,0.1407981,-0.35565433,0.026915312,0.083492674,-0.05481007,0.33968097,0.09793007
102,neutral,-0.06748641,0.2035302,0.26138717,-0.23953046,-0.11708847,0.10960609,-0.22623774,-0.13573876,-0.114304,-0.14856994,0.36191952,-0.1095877,-0.00643216,0.09769696,-0.0643656,0.110141166,-0.1826638,-0.09537228,-0.1608882,-0.080232695,0.19273472,-0.03436962,0.07373591,-0.04423638,0.11133339,-0.01448038,-0.11989477,-0.06533731,0.12107742,-0.034076404,0.0510137,0.35710818,-0.13949658,0.07773296,-0.005111193,-0.004646356,-0.11231706,-0.09111751,0.058318622,-0.3145354,-0.1280822,-0.18520789,-0.27237052,-0.3823669,-0.086694896,-0.33761546,0.21581581,-0.043567915,0.08804887,-0.5093711,0.04024547,0.0596549,0.051481232,0.48476374,-0.02974991,-1.4667442,-0.0056119203,0.17880632,0.7079648,0.24041228,-0.072874874,0.4676404,-0.3129044,-0.11405497,0.40988922,0.015013077,0.2117621,0.060684208,-0.045472167,-0.20898363,-0.14223033,0.025066314,0.009943524,-0.121691674,-0.00077671657,0.11238909,0.116064765,-0.11617498,-0.31501648,-0.26863992,0.36523438,-0.22968668,-0.2533381,-0.28647488,-0.6810159,-0.027403349,0.026171321,-0.12704547,-0.08050174,0.0065834573,0.05811623,0.19358636,-0.2452096,-0.16475558,-0.3174021,-0.06125773,-0.24940689,0.021710876,0.32330936,0.038290907
103,neutral,-0.06957537,0.2186126,0.41929322,-0.2564685,-0.13045283,-0.04343197,-0.05482829,-0.16963176,-0.13728684,-0.023796873,0.19937684,-0.07530531,0.033212386,0.015054322,-0.26906264,0.0014398892,0.017033663,0.047575597,-0.50401855,0.39524102,0.23636425,-0.08587114,0.20800442,-0.071438685,0.06751963,0.065176696,-0.09077705,-0.31881493,0.31487712,-0.10457814,-0.04242459,0.56046987,-0.056318272,0.03225619,0.23795556,0.17166272,-0.21146637,0.12168506,0.16150215,-0.024159862,-0.25922498,-0.076438665,0.030320682,-0.22065072,-0.23045954,-0.08099947,-0.09330933,-0.13622434,-0.097373225,-0.6848244,-0.107485406,-0.2534736,0.092822485,0.68674564,-0.111040175,-1.4625055,-0.07155767,0.000812364,0.7404617,0.17399774,-0.031733293,0.29434848,-0.22143392,0.012715155,0.42468688,-0.06410483,0.3324772,0.5154154,-0.0069114375,-0.024870953,0.00073750096,-0.08587988,-0.3290863,-0.28176153,-0.056751523,0.13827564,-0.14065649,-0.100333236,-0.34249124,-0.11731208,0.3908361,-0.016703652,-0.30568197,-0.1218261,-0.7493404,-0.16294323,-0.04217681,0.08257915,0.06823223,-0.3681996,-0.04418138,-0.037233364,-0.016492134,-0.10283458,-0.42612618,0.12886713,0.13499688,-0.24021366,0.15850346,0.22803892
104,negative,-0.35659108,0.24337076,0.12173156,-0.14979072,-0.11649144,0.1630329,0.19105737,0.15569896,-0.14289677,-0.13598518,0.28158647,-0.027609514,-0.061743412,0.00069790933,0.0016872993,-0.08162538,0.09153112,0.08465517,-0.064183116,0.06613546,0.2632257,-0.049112387,-0.35841048,-0.24792333,0.5614205,0.15027696,-0.04680777,0.058625102,0.2939397,-0.06232295,-0.06701424,0.19648248,0.09618005,0.086649984,-0.14503889,0.1203114,-0.11150272,0.08556136,-0.0358786,-0.21278974,0.0885924,-0.16229509,-0.0362106,-0.08446554,-0.20182745,-0.3710754,-0.25604734,-0.17999044,0.16338108,-0.3526307,-0.194167,-0.15656178,0.33297828,0.47686914,-0.5503425,-1.4052824,0.041363686,-0.022545857,1.080776,0.100698955,-0.33053318,0.8484888,-0.6096423,-0.21327911,0.35336345,0.057305817,0.1708748,0.0745353,-0.20052545,-0.030402401,0.16170917,0.0068313945,-0.16734478,0.0016699886,0.15100576,0.24836408,-0.29753384,-0.00446925,-0.37314394,0.14659327,0.37299058,-0.12826082,0.06886324,0.016838657,-0.69491017,0.012884908,-0.12370774,-0.13458157,0.16151309,0.08510952,0.10491201,-0.035001464,-0.15159681,0.15840265,-0.3075541,-0.19150665,-0.009435386,-0.03859632,0.39729902,0.17885768
105,neutral,-0.11947218,0.29946634,0.4587988,-0.034029525,0.17029321,-0.20082726,0.112828285,0.027094182,-0.17417307,-0.059235316,0.28210363,-0.06476963,0.112248845,0.04882735,-0.19557783,-0.19034442,0.12894055,-0.22537099,-0.22618566,0.14343613,0.3633704,0.018847581,0.054062948,0.10913135,0.24173313,-0.07559877,0.077415675,-0.30653283,-0.13141721,-0.06321206,0.07336175,0.29251242,-0.24683061,-0.124107726,0.1825322,0.09002176,0.17694765,0.07482732,-0.17296952,-0.013476755,-0.26075754,-0.28664878,0.08469632,-0.18544726,-0.02035464,-0.22636028,0.15001853,-0.08456462,-0.08359047,-0.5721945,-0.018911516,-0.05940435,0.14362317,0.6027468,-0.15923598,-1.9906731,-0.16596001,-0.119329646,1.3647147,0.31976297,-0.087909155,0.24269451,-0.36302578,-0.14180426,0.50166357,0.036514796,-0.10763291,0.381134,0.19656578,-0.2535112,0.08854339,-0.020115625,-0.26458263,-0.3556255,0.09705777,-0.123098955,-0.08928484,-0.018958936,-0.82492393,-0.12800488,0.54777914,0.025342233,-0.09978395,-0.020219695,-0.7273836,0.014611767,-0.07571869,-0.17903702,0.11085485,-0.1599536,0.064150356,-0.1508397,-0.2678271,-0.10532692,-0.68227494,0.25351584,-0.17192154,-0.0041635158,0.60361636,0.23965274
106,neutral,-0.16066867,0.11655173,0.25836366,-0.17434484,0.22648783,-0.056876965,-0.6158874,-0.004921964,-0.016860088,0.7086279,0.12264049,-0.32891804,0.58464086,0.4553849,-0.24735346,0.05686803,-0.28809234,-0.6431054,-0.7972286,0.27493176,0.45841163,-0.24878776,0.2252579,-0.010907406,-0.2401857,0.31160098,-0.013039246,0.09347116,0.43736094,0.098764196,-0.24594596,0.29368225,-0.1599273,0.07107266,-0.0775666,-0.0027923165,-0.1362451,0.16712661,-0.065411076,0.14717104,-0.84225905,0.24587095,0.52333754,-0.2743911,0.44359592,-0.22374931,0.25381222,0.21172358,-0.053235624,-0.7084841,-0.037848018,0.5922561,0.44829997,1.2734662,-0.35081568,-1.7581922,-0.46518084,-0.48939916,1.5559189,0.14512096,-0.27910417,-0.035794824,0.26253462,-0.45740956,0.46584514,0.56857425,-0.042354193,0.53850716,-0.3417234,0.06910295,0.24879558,-0.71115893,-0.0311919,-0.5944153,0.06805931,0.25628808,0.2693019,0.100710966,-0.8371801,0.29368153,1.0846235,0.049824856,-0.22940953,-0.04834287,-0.9109815,0.03125787,-0.0016403759,0.37817624,-0.26909855,-0.29745632,-0.011830357,0.08500017,-0.25100636,-0.42843032,-0.792052,0.19494542,0.0072545605,0.03746792,0.32431132,-0.001466664
107,neutral,0.14049485,0.022302445,-0.060421996,0.042876434,-0.16137564,-0.08862769,0.17691039,0.04092412,-0.18665838,-0.40539366,-0.27552217,-0.17656557,-0.3347185,0.48698342,-0.019782636,0.096028045,0.3831057,-0.037584998,-0.19397688,-0.004235768,0.05825848,0.1934167,0.34535035,-0.039267603,0.2412519,0.124181286,-0.09370541,-0.15752007,0.16930526,0.14681487,0.08990234,0.16445842,0.2491804,-0.19714278,-0.013378729,0.2519429,0.115129195,0.22929141,0.3435171,-0.3270821,-0.008726239,-0.14346336,-0.13371275,-0.04039779,0.059331574,-0.08927944,-0.289618,-0.3032133,0.084581524,-0.39649603,-0.15603523,-0.052832797,-0.29382566,0.2330473,-0.26692536,-1.0075277,-0.4981105,0.014882685,0.35387602,0.23539889,0.037535794,0.18927382,-0.0010107919,-0.05844715,0.068544626,-0.48138288,0.3669635,0.34031674,0.22395363,-0.13304931,0.119923495,0.21186516,0.18575743,-0.13182652,0.026489668,-0.08216997,-0.0602958,-0.16596724,-0.3302422,0.21294752,0.17012902,-0.11068165,-0.3720994,0.00918184,-0.4765489,-0.03828714,-0.15070125,-0.32935002,0.0853526,-0.16824476,0.32031888,-0.2390718,-0.15761878,0.2325491,-0.17112558,-0.21930054,0.056628156,-0.25031698,-0.040462185,0.3881038
108,neutral,-0.4677563,0.015587155,0.04738171,0.010565595,-0.07061295,-0.08412724,0.14728619,0.190864,-0.05536475,0.2943048,0.2062308,-0.2992704,0.26036268,0.2147162,-0.02179087,-0.08358023,0.20641787,-0.2029686,-0.52047026,0.024069725,0.31683,-0.2738305,0.12548861,0.022043742,-0.12152805,-0.030466426,-0.09181835,0.07967032,0.30488402,0.06565713,-0.19458489,0.0002583215,-0.16728796,0.025318965,0.29626223,0.15004036,0.11018973,0.17824396,0.12471139,0.023176162,-0.35487318,-0.1127986,0.18231685,-0.09741585,0.38602626,-0.07786578,-0.078624666,-0.15839429,-0.059774,-0.47799626,-0.019391289,0.19425382,-0.012356118,0.8770687,-0.13058253,-1.4852662,0.12146363,-0.2731081,1.4899433,0.3185121,-0.011685565,0.6400816,0.120291635,0.0476273,0.594377,-0.16928142,-0.40258554,0.20562582,-0.077346556,0.51128924,0.19782625,-0.6876448,-0.27249265,-0.16080935,0.2422024,0.20999134,-0.12598401,0.29596215,-0.7947961,0.15970416,0.57916445,-0.21162955,-0.08000025,0.20443082,-0.71791977,0.09460077,0.2942621,-0.11080136,0.082753286,-0.15663555,0.06298347,-0.028324105,-0.025989179,0.17531355,-0.4272132,0.13817695,0.018859347,-0.039640542,0.24400923,0.053375352
109,neutral,0.16703758,0.006466861,0.33989915,-0.37208375,0.045733023,0.0739679,0.045746427,-0.027682964,-0.25753817,-0.14465165,0.017439056,0.08603675,-0.16053243,0.09561051,0.1588004,-0.2668305,0.26963785,0.2942329,-0.12530598,0.21760367,0.2858315,0.10417483,-0.052798964,0.19057325,0.49934456,0.36412632,-0.43548232,-0.42687201,0.5970531,-0.18609549,0.17588042,0.57522416,0.29424664,0.21782045,0.19017886,-0.02392265,-0.08699321,0.062968574,0.1947123,-0.07804592,-0.15313786,-0.12006226,0.24222545,-0.17165448,-0.10779946,-0.06896862,0.27588752,-0.11854962,-0.4390249,0.17537712,-0.19342794,0.4199093,-0.30155823,0.4321196,-0.23092835,-1.6651882,-0.29866984,0.20472987,1.171697,0.45728523,0.05373663,0.7303126,-0.22193258,-0.02902846,0.33219236,-0.048712604,-0.0016453395,0.14101833,0.09875611,0.22203276,0.31085345,0.10197631,-0.16073506,-0.76540196,0.14545609,-0.17902948,-0.3606353,0.30227542,-0.5188219,0.11122163,0.12226375,-0.038502615,-0.6701177,0.18946563,-0.37335432,-0.10819768,-0.21670718,-0.07035756,0.14657669,-0.5223764,-0.26875553,-0.4739465,-3.7043117e-06,0.18696703,-0.37401,0.28503639,-0.3934474,-0.30446815,0.3013115,-0.026835449
110,neutral,-0.24257629,0.32898828,0.29520795,-0.19475862,-0.0005651553,-0.14491968,-0.035231594,-0.049706116,-0.20963661,-0.039586686,-0.048703507,-0.16975644,0.042851184,-0.003100459,0.16615565,-0.11580218,0.18113399,0.07292509,-0.28168246,0.053005934,0.18616866,0.036313713,-0.03653918,-0.21068306,0.018983047,-0.080247745,-0.0888453,-0.37046015,-0.008505417,-0.08175272,-0.12442493,0.3260617,-0.17039517,-0.08796791,-0.037597355,0.11240804,-0.1977722,0.18427089,-0.036070716,-0.2926694,-0.36477408,-0.26671392,0.08133627,-0.22354811,-0.1312923,-0.09692458,0.23633273,-0.22641777,-0.15748551,-0.7075222,0.07474485,-0.112623215,0.0763006,0.85214955,-0.015659852,-2.1064298,0.11540111,-0.053482633,1.5517786,0.39349273,-0.1495121,0.6047791,-0.28929526,-0.05484723,0.67978007,-0.038373493,0.1540152,0.11076886,0.29642242,0.06315522,0.0037421351,0.0688931,-0.06695911,-0.30075338,-0.007171283,0.000861889,-0.20166813,0.026076328,-0.7111881,-0.03315004,0.46756628,-0.021425666,-0.43838406,-0.014864758,-1.1997325,0.002880893,0.010199919,-0.20758842,-0.1060462,-0.34406546,0.23604223,-0.015834294,-0.14632374,0.048984926,-0.3243271,-0.049301617,-0.15742254,-0.3323415,0.33939606,0.15524866
111,neutral,-0.2038958,0.07650744,0.22303304,-0.13554135,-0.023386398,-0.14134872,-0.012537866,-0.089754656,0.10070283,0.13032614,-0.03322525,-0.020537209,0.101096876,-0.16447215,0.03941904,-0.1676656,0.076961644,0.050989628,-0.20921454,0.10659149,0.24539822,-0.09299787,0.18346609,-0.14677934,-0.02925162,-0.080166705,-0.03188439,-0.21843684,0.106341444,-0.052993685,0.032449186,0.39168018,-0.2199174,-0.08773951,0.046099022,-0.06799743,0.14263918,0.089566305,-0.11645938,-0.11325101,-0.40776902,-0.017691394,0.10429529,-0.21034022,-0.060655974,-0.29528534,0.27829176,-0.12691683,-0.15741843,-0.5255828,0.1442571,-0.035952352,0.11209535,0.72593826,0.17555898,-1.7685039,0.17404702,-0.017705696,1.0187154,0.36813095,-0.027592044,0.31024635,-0.20239557,-0.10857972,0.6178937,0.16772416,0.2339869,0.23427156,0.066704325,0.051821075,0.16632675,-0.12428127,-0.21097785,-0.19992627,0.027705843,-0.10870161,-0.10661196,-0.045715887,-0.6712559,0.09354848,0.45319727,-0.0008655536,-0.3455526,0.075102724,-0.90497667,0.09431601,0.15554959,0.034190632,-0.013352152,-0.34553626,0.043771267,0.016038248,0.054601938,-0.045304082,-0.19890757,0.13289547,0.01034421,-0.19212495,0.33314675,0.22028865
112,neutral,-0.19817191,0.24241348,0.116567284,-0.008766072,0.00011217061,0.053684015,-0.051602695,-0.3135347,-0.057461943,0.41828626,0.0016881174,-0.13984771,0.20982966,0.07111152,-0.055336412,0.020683162,-0.11465737,-0.14114717,-0.23710501,0.0048470837,0.36658365,-0.25556457,0.17116477,-0.156776,-0.052496612,0.064199224,-0.19344169,-0.30505216,0.20694715,-0.0011103292,-0.006356346,0.2638768,-0.15521146,-0.11995007,0.23424537,-0.008046113,-0.049710598,-0.15896378,0.13072792,-0.081048414,-0.23517765,-0.023963077,0.094408564,-0.18244731,0.044534147,-0.19364053,0.17983179,0.096133284,-0.17235823,-0.37166804,0.047847316,0.10402174,0.09209823,0.86114055,0.160371,-1.560892,0.0448681,-0.06916525,1.1972067,0.38308346,-0.018158903,0.40400025,0.017056398,-0.20481302,0.62259144,0.14338803,0.19424744,0.10438811,0.07767221,0.09754319,0.1352282,-0.31939185,-0.25495067,-0.13636997,-0.008654154,-0.21560568,-0.03926724,0.011186079,-0.6329294,0.10197997,0.5375343,-0.10202271,-0.2303737,0.09553729,-0.94098043,0.19460614,0.055757906,0.032461032,-0.1232722,-0.23987648,0.035042223,-0.07485694,-0.11129476,0.20119433,-0.30201894,-0.1916981,-0.09945342,-0.2529025,0.39842513,0.20289914
113,negative,-0.021043677,0.21737063,0.13476583,-0.2149233,-0.008750715,0.20889437,-0.06844991,0.19716062,-0.099781886,0.23565409,0.0338976,-0.039928343,0.22902739,0.30718818,-0.03223818,-0.15142456,0.13162239,0.029373406,-0.44175157,0.2345952,0.356761,-0.25387886,0.10697393,0.004759352,-0.021225575,0.014581129,-0.26433674,-0.29808584,0.16890416,0.08265197,-0.13502584,0.385375,-0.0561636,0.013973618,0.123716705,0.055304263,-0.1718446,0.12104375,0.26188973,0.03633996,-0.32403946,0.027238987,-0.11436145,-0.22736824,0.24470644,-0.06314186,-0.08960121,-0.17590092,-0.14590745,-0.4804386,-0.115887284,-0.061215885,-0.110504,0.81886977,-0.10721645,-1.718264,-0.17780352,-0.14759661,1.3946713,0.3915026,-0.005856735,0.44979224,0.028412523,-0.10475014,0.50072265,0.010909646,0.17304724,0.1970245,0.024033193,0.0824054,-0.030658703,-0.25820985,-0.22453542,-0.25919756,0.105193414,0.21917903,0.041491024,-0.023996955,-0.54937536,-0.13170776,0.6044455,0.040050097,-0.30411452,-0.12470618,-0.99693877,-0.2069811,0.13945769,-0.054289334,-0.055071328,-0.124557436,0.007952676,-0.10713685,0.009254868,-0.16167922,-0.44795233,0.07801731,-0.101391435,-0.18117349,0.19281724,-0.0013337781
114,negative,-0.06762869,0.17169292,0.4082615,-0.2027069,0.10056672,0.28295562,-0.02439814,0.09459028,0.27299982,-0.018757788,0.14482273,-0.020950032,0.17478055,0.025425855,0.27202925,0.1444264,0.012738976,0.07304149,-0.28104267,0.24486779,0.3034691,-0.07532619,0.012864824,-0.004464697,0.24913977,0.0424966,-0.11832836,-0.17271902,0.22515813,-0.23610641,0.15715782,0.38200656,-0.107493505,0.10655484,0.22002888,0.102214105,-0.24731214,0.061028454,-0.072517656,-0.26860806,-0.07475807,0.07318504,-0.024527254,-0.07104936,-0.11565005,0.044017248,0.16986182,-0.3346836,0.032980174,-0.7160203,0.15268327,-0.003441703,0.15987968,0.8367267,-0.046909392,-1.9552126,-0.09206843,-0.08338408,1.434794,0.2754216,-0.09283709,0.72231746,-0.15462989,-0.19676487,0.70899326,0.113683514,0.5116937,0.13253392,-0.043821193,-0.06607611,0.10736785,-0.17170222,-0.014698405,-0.07251001,-0.02264046,0.18676856,-0.16481112,0.014614751,-0.57576,-0.06623823,0.5222304,-0.026919736,-0.18078542,0.15641122,-1.302457,-0.1312616,0.15208796,-0.15988934,-0.028365048,-0.26376006,-0.046270236,0.20968507,-0.0061926665,-0.049784623,-0.18390867,-0.1350418,-0.048137136,-0.15259576,0.44953188,0.17558312
115,neutral,-0.06911425,0.08499822,0.5604858,0.062228482,-0.38854232,-0.21820892,0.011491099,-0.191818,0.14324144,0.13343993,-0.041455865,0.3613122,0.4244073,-0.002276081,0.09569876,-0.16852704,0.37733206,0.22337236,-0.30278423,0.45269358,0.16723442,-0.47691187,-0.1351409,-0.21960816,-0.29782113,-0.119155854,0.53828144,-0.362074,-0.042626392,0.16058293,0.046342477,0.23267755,-0.4367114,0.12754028,0.058405384,0.10761063,-0.05626894,-0.04557788,-0.007112205,-0.2797294,-0.41486266,0.006033733,0.1623499,-0.23220848,-0.04789058,-0.14678659,0.37089765,-0.3785033,-0.2018682,-0.68050957,0.6377074,0.05795269,0.47773498,0.60846525,0.0005023573,-2.1959264,0.051123474,0.05984204,1.242931,0.13446444,-0.35025454,0.562529,-0.23345213,-0.122775055,0.8857028,0.035457198,0.10563696,0.5211602,-0.25902757,-0.1514859,0.021280719,-0.13151091,-0.23097067,-0.6904705,0.470227,-0.06334519,0.06942275,-0.436697,-1.0152007,-0.24071656,0.07387038,0.017634414,-0.03136916,-0.04910627,-0.9742797,-0.61428005,0.35857278,0.093826585,-0.28653088,-0.03459992,0.0274916,-0.05154859,0.0058456575,0.093748435,-0.50125444,-0.2563089,-0.56626415,-0.46291634,0.1068991,0.22876161
116,negative,-0.097188324,0.2731825,0.21186303,0.100589626,0.02844579,-0.37489092,-0.302308,-0.12955046,-0.0070134667,0.48434332,-0.09822402,-0.18614385,0.2416587,-0.0461324,0.034464534,-0.059535764,-0.25284007,-0.21371017,-0.5853163,0.17204902,0.4105273,-0.009699088,0.16487794,-0.15820251,-0.10002392,-0.0340811,-0.17054133,-0.116415486,0.3521201,0.022970313,0.10978204,0.2562533,-0.1280933,-0.073480345,0.19893637,0.10208737,0.27195054,-0.020480838,-0.3959144,0.14893682,-0.5326034,-0.095659874,0.40051624,0.0006193618,0.1441571,-0.37980348,0.6183502,0.07372243,-0.15261817,-0.57455856,0.30042484,0.16968824,-0.025363741,1.183439,-0.10362729,-2.0550432,0.16564031,-0.39202324,1.5488853,0.19778049,0.073707305,0.42944142,-0.09406454,-0.04296689,0.6863854,0.048035238,-0.07096874,0.19251809,0.043811224,0.23408051,0.43758443,-0.39431182,-0.32122663,-0.33719087,0.07328991,-0.15734452,-0.096382864,0.038811732,-0.87974274,0.12816834,0.61354935,0.09079383,-0.2676816,-0.0121352775,-1.0986487,-0.046100676,0.09245712,0.1529445,0.16112514,-0.20647708,0.027611502,0.13267374,-0.24384965,0.018821131,-0.48849395,0.12979628,0.03351079,0.059501793,0.55137575,0.39615566
117,neutral,-0.16268347,0.17883974,0.31942105,-0.032926008,0.063333906,-0.30059507,-0.024525698,0.09945856,0.113467194,0.07962672,0.2671548,-0.0765485,0.053422153,-0.080843985,0.086284764,-0.12027187,-0.22334623,0.17519702,0.08980187,0.015458374,0.4360034,-0.057020266,-0.0040699993,0.0034984634,0.08691375,-0.0004440973,-0.07772302,-0.24766275,0.34612656,-0.06512212,-0.02711471,0.29856485,-0.044660497,0.17608976,-0.0015215367,0.3173802,0.18599536,-0.031102952,0.106975205,-0.24168895,0.12424705,-0.2158768,-0.1540114,-0.06482788,0.047892883,0.08745559,-0.07092965,-0.31868023,-0.18635741,-0.9365037,0.16488041,-0.14917807,-0.16740116,0.8531557,-0.068589464,-1.5428472,-0.08219516,0.026723659,1.2557176,0.33302382,0.12351449,0.33257946,-0.20266569,0.23090926,0.51586026,0.30170524,0.37694636,-0.22179349,0.24584766,-0.24940221,-0.0025480664,-0.19041376,0.034416746,0.028436525,0.03628722,0.16250975,0.12946214,-0.18806167,-0.37084115,-0.15318018,0.27631152,0.043145914,-0.11790344,-0.13072889,-0.59928507,-0.5001902,0.14520964,-0.5017682,-0.3039954,-0.042832848,-0.06358941,0.08624669,-0.2205743,-0.15475066,-0.49909922,-0.014512377,0.06687137,-0.09398071,0.5502074,-0.16537471
118,neutral,-0.1294751,0.15549973,0.08588269,-0.020085525,0.040967595,0.046609346,-0.2097731,0.058844794,0.031391207,-0.20797226,-0.039527882,0.05495168,0.104169324,0.005461717,-0.089587174,-0.007736091,-0.055476833,-0.11014203,-0.42380694,0.029372593,-0.122790374,-0.12651646,-0.099435486,-0.053789616,-0.051352862,-0.12467156,0.021295954,-0.14804281,0.08250439,-0.05632801,-0.23401749,0.3690327,-0.037540745,0.08535378,-0.027289957,0.29241908,0.015335569,-0.09446008,-0.13217376,-0.15012875,-0.52520716,0.024894413,0.1803113,-0.22733654,-0.182246,-0.23221727,-0.13022134,-0.014155886,-0.13972296,-0.5286817,0.14853263,0.047725674,-0.0077743377,0.72151977,0.05763886,-1.4897429,0.05357643,-0.26288196,0.933271,0.050011,-0.2216988,0.20475698,-0.090186134,-0.37887046,0.72295165,-0.033570368,0.08094763,0.30204377,-0.10620705,-0.015106744,0.22356974,-0.1575221,-0.28683415,-0.5402941,-0.0892339,-0.011458295,-0.06584107,0.07256125,-0.43461168,-0.17167053,0.2756211,-0.084616914,0.16277471,-0.11712143,-0.8853209,0.10069437,0.0004816911,0.2052109,-0.0012826241,-0.45570526,-0.03053771,0.080317885,-0.27738145,0.047210883,-0.11833031,-0.1089379,0.046733394,-0.04198498,0.33494574,0.30860367
119,neutral,-0.10727204,0.3803132,-0.15321146,0.23331416,0.018239,-0.35042578,-0.111432016,0.025799422,-0.15570277,0.2625248,-0.15222117,-0.4452374,-0.020427685,-0.1288387,0.0775836,-0.25663766,0.37515795,-0.02940216,-0.4446135,-0.037263196,0.087401584,0.119561434,0.3154519,0.054351818,0.40679276,0.2891486,0.027951926,-0.3341578,-0.009260526,0.20026064,-0.39014605,0.47525528,-0.37547255,-0.1048215,-0.05345787,0.16547312,0.4382185,0.09134379,-0.37196648,-0.123200096,-0.23823291,-0.39932793,-0.17590177,-0.038568724,0.26722425,-0.08322607,0.22991188,-0.10507867,0.04307403,-0.73775744,-0.14957045,0.22879653,-0.17877202,0.9205722,-0.010600891,-2.1267657,-0.060838047,-0.2830161,1.7740674,0.1865508,-0.14244685,0.3336706,-0.24988599,-0.038910132,0.6049972,-0.048786554,-0.09459848,0.40126902,0.389751,0.094279975,0.5384616,-0.333256,-0.18397713,-0.41960198,0.06312964,-0.22403675,-0.34162027,0.13068739,-0.66484743,-0.10656662,0.7953926,-0.091222815,-0.05361263,0.43232888,-0.8924612,0.087072566,-0.081100024,-0.07584959,0.33094358,0.00032212693,-0.3191625,0.32112685,-0.103618525,-0.3497799,-0.46710882,0.1488712,0.15382484,-0.04825187,0.5816069,0.32417
120,negative,-0.117672555,0.28560922,0.35050064,-0.17582121,0.013838385,-0.07000241,-0.10437516,-0.055524074,-0.032134376,0.0062855324,0.0226124,0.099628374,-0.082083516,0.022190515,0.0336839,-0.110972814,0.22324727,-0.004484577,-0.28658715,0.052998826,0.19861335,-0.08052016,0.08385861,0.094789654,-0.029969526,-0.12393172,-0.14435343,-0.2678924,0.12577006,-0.10774351,-0.131126,0.22377549,-0.091907695,-0.048991773,-0.031921376,0.04465503,0.058648307,0.03434791,-0.13750193,0.11328897,-0.4683938,-0.32870618,-0.035642613,-0.14240345,-0.06616723,-0.071930036,0.2590373,-0.07676763,-0.37484822,-0.55799454,0.071572356,-0.015894527,0.0928351,0.7649931,0.037564088,-1.7485018,0.09049363,-0.10623631,1.3281413,0.2654657,-0.029402187,0.16592044,-0.08955834,-0.21173474,0.8236764,0.2033527,-0.041553948,0.09427104,0.21674697,-0.045625526,0.12346918,0.01729349,-0.25076762,-0.32518938,-0.041552063,-0.040053193,-0.025184976,0.13967633,-0.60686225,0.038077578,0.3931694,0.0662146,-0.078773804,-0.11882047,-0.8130738,-0.023659837,-0.38618192,-0.057319164,0.17125212,-0.3224111,-0.037097193,-0.004417581,-0.020302515,0.06351743,-0.07000173,0.10711119,-0.005355616,-0.1646146,0.48016405,0.117437094
121,neutral,-0.058011234,-0.012519909,0.35511714,-0.43698022,0.04529949,-0.120220035,0.04623384,-0.13792719,-0.26224452,-0.15046796,-0.027038122,-0.18538415,-0.15460737,-0.07986666,0.064533755,-0.27444,0.11321551,-0.13818347,-0.4176454,-0.040037535,0.2424569,-0.059767924,0.1180322,0.18912438,0.15126002,0.11077535,0.030487113,-0.25535184,0.16488792,0.10214672,-0.09955731,0.27123004,-0.1125161,0.16280939,0.056315664,0.023923788,-0.11689856,-0.0046958714,-0.02744889,-0.04883161,-0.57408834,-0.011702024,0.115321785,0.12144926,0.09661972,-0.109318726,0.13549985,-0.30680925,-0.059686843,-0.4876448,0.21746784,0.15188588,0.046409823,0.61459285,0.035866193,-1.9736195,-0.08069448,-0.13188288,1.1590106,0.42305824,-0.041717224,0.493129,-0.020411726,-0.38666576,0.62681895,-0.09654957,0.13693172,0.28944013,-0.091614835,0.19484729,0.19186513,-0.07027643,-0.41923416,-0.32973602,0.025629885,0.018928686,0.18657412,0.09126931,-0.7206129,0.26547784,0.5497076,-0.2624749,-0.09560861,0.13748609,-0.8273858,-0.12529051,-0.15461232,0.08585297,-0.025071071,-0.4473629,-0.055564675,0.101689726,-0.055318106,0.18721977,-0.47721595,0.3029814,-0.009203121,-0.09073132,0.42051327,0.005307146
122,neutral,0.24586242,0.029690722,-0.23845264,-0.31082565,0.7441926,0.17050809,-0.4024805,0.044749733,-0.4084883,0.004886298,-0.14749154,-0.3774211,0.30877906,0.03524159,-0.026301863,0.810267,-0.09881677,0.039391898,-0.039653648,-0.28724366,0.30072322,0.09032305,0.4820751,-0.80108935,0.5797993,-0.41913587,0.32388014,0.04810982,0.15186654,0.19695625,-0.12397572,0.3887459,-0.21148519,0.3060976,-0.34815773,0.34143248,0.065318644,0.07583743,-0.32929608,-0.36991218,-0.27090454,-0.37304124,-0.3183041,-0.009574873,0.14737493,-0.14110486,0.13395643,-0.15997586,0.39585274,0.1368317,0.06458405,-0.15909877,0.5325793,0.63860667,-0.46558994,-2.2889268,-0.3828582,-0.06653931,0.6833925,0.23365372,-0.034356326,0.8343712,-0.40550795,-0.092093416,0.9398389,-0.10638443,0.28069606,0.30841282,0.3235247,0.16128436,-0.1258416,-0.14574195,-0.33844274,-0.3751075,-0.20832182,-0.2970379,0.42178085,0.117269576,-0.7817085,-0.1274932,0.040081926,0.0008408246,0.61170644,-0.07538234,-0.82469845,-0.28894636,-0.4017922,-0.07806302,0.3018523,-0.23954219,0.33597714,-0.19257896,0.65184456,0.07362659,-0.35275558,0.010153489,0.118833356,-0.22729704,0.5210043,0.22444296
123,negative,-0.15327978,-0.13062134,0.34023666,-0.10468414,-0.11073234,-0.43810296,-0.28879407,0.010314485,-0.23260868,0.099051714,0.015494048,-0.17885642,0.09613336,0.038119283,0.016090224,0.028629955,-0.048736803,0.0323015,-0.45714638,-0.010324039,0.30203024,-0.23705235,-0.09964472,0.032057237,-0.1184009,0.078011096,-0.019501338,-0.18259954,0.14197129,0.15135536,0.045459367,0.41402182,-0.39605415,-0.10199189,-0.23524228,0.20425369,0.051261615,-0.023318129,-0.09162997,-0.11165439,-0.34521437,-0.25877705,0.23439185,-0.067073174,0.16205046,-0.013149939,0.13485259,0.15993413,-0.28914303,-0.67560655,0.21876368,0.10117583,-0.005671779,0.6908214,-0.03116901,-1.7256035,0.04691987,-0.3095217,1.1805468,0.2749501,0.1085124,0.20446026,0.058643367,-0.112437114,0.5706626,0.003322732,0.066919945,0.36346817,-0.032652892,0.0029946396,0.15025394,-0.08606834,-0.15081275,-0.3680899,-0.13940133,0.051030852,0.06694766,0.2497737,-0.6147625,0.0736983,0.6200613,0.019432291,-0.19763903,0.106634915,-0.7136808,-0.36481833,-0.051498715,0.24557422,0.14286168,-0.47314802,0.051227026,-0.104572706,-0.19918032,-0.025953146,-0.38033408,0.26198733,0.11448825,-0.20153992,0.29535386,0.11018549
124,negative,-0.27998018,0.24273269,0.37900013,-0.11373651,-0.18213908,0.30593377,-0.40659446,-0.06858643,-0.059825093,-0.11211955,0.096449494,0.019172652,0.08887322,0.20105237,-0.035655927,-0.29442656,0.22496168,0.2581176,-0.5184285,0.14870726,0.078630015,-0.030658519,0.12518501,-0.22302476,-0.12315951,-0.08160432,-0.17382842,-0.47528479,0.16310252,-0.238011,0.019686874,0.6509073,-0.1361355,-0.10889852,-0.063968636,0.39273292,-0.027320145,0.11307938,0.07604909,-0.045983452,-0.34132987,-0.081798226,0.060644254,-0.24489406,-0.3953245,-0.27414653,0.09059199,-0.09546143,-0.17225288,-0.59315807,0.25827336,-0.115743615,0.12677646,0.8362616,0.12129045,-1.6686828,0.15763177,-0.033077348,1.1639045,0.47063872,-0.06224555,0.5539151,-0.0701132,-0.3112334,0.73186976,-0.011519238,0.5572256,0.4119844,0.13403045,-0.044548083,-0.114856906,-0.122841805,-0.03809751,-0.36580753,-0.06320103,-0.025910804,-0.21590184,0.08546426,-0.598757,0.13728316,0.39272344,-0.079639524,-0.34621546,-0.3157559,-1.3929963,-0.21434796,-0.21273348,0.07835607,-0.06325291,-0.5207981,0.079286255,-0.1675255,-0.02248793,-0.10530452,-0.24972464,0.1402044,-0.11801795,-0.4171015,0.17046987,0.18086676
125,neutral,-0.12279023,0.5074258,0.38312203,-0.2635206,-0.49763036,-0.10479036,-0.46461827,0.40538564,0.29008204,-0.11813507,-0.1528832,0.38618064,0.6003431,0.007472666,-0.4870703,-0.4066097,0.23654844,0.648811,-1.0397022,0.2660413,0.1666913,-0.1666063,-0.0056558787,-0.307755,-0.42383865,-0.028706526,-0.19345634,-0.6478524,0.25288635,-0.58840305,0.34681305,0.71734565,-0.18439151,0.16741441,0.43810996,0.33776066,0.15376419,0.12279261,0.16289803,-0.30243447,-0.74078906,-0.17173067,0.10938089,-0.47920257,-0.3974522,-0.45127034,0.089754045,-0.18592806,-0.23461205,-0.9408997,0.4163845,-0.07328059,-0.17518914,1.3274225,0.011699304,-1.8863237,0.043252733,-0.24419527,1.5839303,0.5543862,-0.09316346,0.4131448,-0.5285889,-0.43451005,1.158761,0.327166,0.19747895,0.71332765,-0.32966274,-0.5313817,0.24403274,-0.58997154,-0.23160858,-0.38876194,0.010732313,-0.1932425,-0.2170156,-0.06206275,-0.88596857,-0.18361638,0.8697225,-0.304582,-0.77698594,-0.243463,-1.8391522,-0.33431038,0.23663057,0.033802617,-0.22153215,-0.09264203,-0.20989235,-0.23540615,-0.189834,-0.3606823,-0.5596913,0.12201981,0.04200981,-0.6625787,0.45335746,0.254577
126,negative,-0.18153,0.2490435,0.33556715,-0.0087855,-0.008125096,-0.14033176,-0.18476109,-0.032781057,0.16833687,-0.010766312,0.010694098,0.055323094,-0.03918574,0.079031646,-0.010655764,-0.34306094,0.021096185,0.043499354,-0.2865532,0.18696146,0.25351775,0.03182971,0.07185456,0.08266649,0.049585722,-0.035161205,-0.071745366,-0.37086937,0.10134022,-0.031520836,0.10894262,0.41871598,-0.2188767,-0.09503014,-0.06358749,0.20036726,0.07613557,0.097194895,-0.23330303,-0.10780454,-0.25399598,-0.16936317,0.027038097,-0.051401913,0.055850267,-0.10197435,0.11915043,-0.13985938,-0.2149546,-0.7167445,0.05386773,-0.03852526,0.24401678,0.7588801,-0.06446301,-1.717728,0.08251383,-0.030549651,1.2225796,0.23182991,-0.07031553,0.3484762,-0.124710076,-0.14859636,0.49570462,0.095481336,0.26166284,0.22351606,0.06860787,-0.2679784,0.11747807,-0.26611066,-0.23761031,-0.14133915,0.03917252,0.026046604,-0.123094596,0.19696449,-0.76498884,0.1337122,0.49134272,0.02377972,-0.19582258,0.013083518,-0.87433475,-0.117652036,-0.012088454,0.0936432,0.015765669,-0.6174421,0.0975908,-0.07634627,0.042806,-0.12623924,-0.5050875,0.037793305,0.1189051,-0.2689474,0.39250872,-0.036909126
127,neutral,-0.2812971,0.3979445,0.27503672,-0.008528591,0.40116698,-0.35766575,-0.28882733,-0.034913253,0.41944534,0.20208614,0.06812601,-0.10409386,0.104499936,0.015357385,0.24623635,-0.16441727,0.2241733,0.0056861076,-0.25046855,0.12649508,-0.07045166,-0.12299529,0.41103,-0.004075266,-0.17505886,-0.3954668,0.11108837,-0.11772878,-0.19627696,0.24105561,-0.23654789,0.3109124,-0.09892523,-0.0068815085,0.30213442,-0.16270202,-0.1124702,0.10729718,-0.22479707,-0.035144743,-0.21660611,-0.29555333,0.035380527,-0.12250015,0.2676721,0.10909776,0.32708824,0.2287514,-0.123755865,-0.28467792,0.22677666,-0.07989397,0.070048936,0.92010784,0.15050222,-2.0370543,-0.17540477,-0.28512904,1.5148313,0.33169702,-0.026735483,0.09755732,0.0717308,0.0010240809,0.5428096,0.2712522,-0.030220572,-0.26362103,0.58822525,-0.023472734,0.1321247,-0.28227276,-0.12463327,-0.3851584,0.31088564,-0.5139,0.06491683,0.24994075,-0.6884359,-0.082255736,0.44828698,0.382916,-0.45238492,0.18574414,-1.0413783,0.109611616,0.128252,-0.07005906,0.056619205,-0.091130435,0.13224222,0.17306282,-0.056227826,0.1736889,-0.049065877,0.19183667,0.16630544,-0.056369852,0.49187157,0.255721
128,neutral,-0.21345754,0.33002284,0.33122087,0.15817828,0.16914229,-0.4968406,-0.13551614,-0.02652785,0.095862515,0.7043766,-0.03947993,-0.22316389,0.2847364,0.038472537,-0.17086628,-0.05567873,0.40736583,0.034656327,-0.12972245,0.007171308,0.26131922,-0.12717181,0.36990148,0.0540661,0.057448428,-0.10753362,-0.18877044,0.14820485,0.1618722,0.08230671,-0.13632503,0.33574262,-0.12769471,-0.12116013,0.1665504,-0.057646472,0.24321805,-0.21319418,0.107812025,-0.102696665,-0.33746234,-0.30472925,0.2201277,0.12933606,0.472288,-0.346528,0.13923812,-0.009080717,-0.23342022,-0.41542578,0.1284316,0.36862093,-0.054310028,1.0001885,-0.004514941,-1.5446787,0.05225242,-0.13790889,1.5261846,0.24117382,0.084081374,0.3125932,0.060765635,0.36889088,0.3492482,0.06590761,-0.036261052,0.10404608,0.09212502,0.1601848,0.21020563,-0.48065776,0.15523843,-0.121488824,0.12278822,0.012534905,0.14654893,0.16778076,-0.8216355,0.17643227,0.788285,0.028944334,-0.29175183,0.12085699,-0.74375063,-0.23381156,0.06999469,-0.0129185105,-0.021535236,-0.2085975,-0.012618993,-0.06640204,-0.25098124,0.031708743,-0.43561697,0.07707083,-0.34309843,0.02711652,0.43126002,-0.21253261
129,negative,-0.08502866,0.15273473,0.03159045,0.13521296,-0.06799731,-0.3550449,-0.1385159,0.10211101,-0.07938925,0.3802377,-0.15743917,-0.079622105,0.08729861,-0.057384036,0.1058724,0.03755555,-0.27606082,0.008232213,-0.40173826,-0.10990267,0.49346602,-0.18150727,0.18888572,-0.035231095,0.23677747,0.04588064,-0.22459063,-0.0026456958,0.13443941,0.008497735,-0.19471338,-0.009099096,-0.09285746,0.1143076,-0.1024749,-0.09412926,0.27753562,-0.24257064,-0.17827798,0.12368948,-0.4074542,-0.100317426,0.12325409,-0.06062293,0.36313614,-0.1578712,0.31276163,-0.09917799,0.093897335,-0.61323214,0.13668497,0.104487576,0.022400413,0.87504876,-0.11929911,-2.0364735,0.01711315,-0.19016999,1.4645281,0.40486774,-0.16821636,0.3395512,-0.16507635,-0.15663163,0.587374,0.15682225,-0.05236234,0.027429203,0.0035672276,-0.12699136,0.05115197,-0.31038243,-0.40408644,-0.44571373,0.1352062,0.08164786,0.022037663,0.001782571,-0.8116309,0.108026884,0.7880747,-0.069810525,-0.38140884,0.022163732,-0.87952876,-0.28700885,0.124703474,0.07780264,0.046780843,-0.22773491,0.07759672,0.15097408,-0.3938555,0.034963567,-0.50695133,0.21691282,0.24558116,0.10208279,0.4814705,0.13656662
130,neutral,-0.093516365,0.15794092,0.2851788,0.0062910644,0.044318393,-0.38376936,-0.167008,-0.061619274,-0.073257014,0.05308566,0.07925414,-0.07743011,0.030761406,0.04577141,-0.06141666,-0.20009147,0.022159807,-0.109236725,-0.23093484,-0.041052934,0.2176251,-0.1877508,0.105811894,0.07020697,0.023152448,0.19264264,-0.12750287,-0.0023416167,-0.026461922,-0.06783948,-0.06419623,0.31193796,-0.13032238,-0.09774015,-0.03448996,-0.0066019637,0.023148734,0.16493829,-0.09108827,-0.070914105,-0.24688555,-0.29519197,-0.08449878,0.03330288,-0.028296694,-0.03002282,0.13973813,-0.041867353,-0.10999571,-0.5502836,0.27137,0.1801792,0.011339658,0.68231565,-0.09813606,-1.7732896,0.033167396,-0.28666854,1.2580253,0.26955333,-0.040240083,0.20199823,-0.051341873,-0.112916686,0.56106824,0.05132462,0.0716758,0.042380672,0.28107357,-0.113035604,0.11992977,-0.0813259,-0.031091604,-0.19728896,0.05967452,-0.22713998,0.0003353927,-0.023296667,-0.6504941,0.16060291,0.6542123,-0.0015179953,-0.19682506,0.0778682,-0.8106371,-0.09348646,0.073925346,-0.18089628,-0.0034637284,-0.38441125,-0.063367695,-0.062732816,-0.13611148,-0.14149503,-0.35181355,0.19984286,0.069852255,-0.25955436,0.31978744,0.2448837
131,negative,0.00081273325,0.02269392,0.19329727,-0.06851449,0.12438825,0.18546894,-0.11113172,-0.13361634,0.4107102,-0.270017,0.07351674,0.1054623,0.25201377,-0.3447244,-0.01053193,0.043665055,-0.018586088,0.32726806,-0.05991099,0.41423702,0.4901568,0.07983001,-0.22623448,-0.13076709,0.32526067,0.32629174,-0.17488861,-0.25244948,0.27609977,0.12838948,-0.34387693,0.2194336,-0.11031055,0.047672514,-0.07919861,0.23409884,-0.23039111,0.08912928,-0.019718988,-0.47710675,-0.13599795,0.25600892,-0.19462053,-0.2627916,-0.15746774,-0.20140027,0.013384937,0.004703197,0.18162005,-0.18974517,-0.20010121,0.05917442,0.23954888,0.8201647,-0.32370582,-1.5096143,-0.038801912,-0.00026393097,0.6451623,0.24982698,0.06305866,0.57174724,-0.55169594,-0.12730567,0.6954433,0.20322551,0.23190469,0.30682305,-0.2871267,-0.29190606,0.025240203,0.14940096,-0.096064106,-0.059034407,0.09397167,0.6221427,-0.049513362,-0.023288304,-0.60188764,-0.022374094,0.12789004,-0.12817787,-0.57252675,0.025500182,-1.1615391,-0.1308055,-0.27080423,-0.26544148,0.27484846,-0.15548694,-0.10987355,-0.14487782,-0.10921234,-0.20365365,-0.052163318,-0.2224677,-0.24234414,-0.34936908,0.35834125,0.23821051
132,neutral,-0.30080494,0.0041792947,0.23343082,0.0659233,-0.13343841,0.18926257,-0.18712905,0.07406545,0.17943572,0.49823633,-0.16286696,-0.06966488,0.33069497,0.0767443,0.021716746,-0.17491585,0.05054775,-0.25390986,-0.49055773,0.2426881,0.49454466,-0.20076331,0.2722849,0.054233044,-0.16284853,-0.29045966,-0.21153072,-0.26019967,0.088160895,-0.10710828,0.010830668,-0.0746881,-0.12730809,0.1282526,-0.012128433,-0.09772877,0.2155247,0.19359964,0.16009758,0.0025630968,-0.6156982,-0.19260105,0.0735939,-0.06068716,0.59827435,0.014475965,0.17769368,-0.18557705,-0.06701352,-0.43733642,0.03894695,-0.020389833,0.026714005,0.82518625,0.021739503,-1.4073586,-0.13418412,-0.4361357,1.5511162,0.30549774,-0.037861217,0.26925385,0.12045086,-0.19290692,0.511932,0.012045424,-0.18538171,0.10490672,-0.121850275,0.13851328,-0.010268163,-0.45210084,-0.36265323,-0.45320854,0.25505832,0.10805551,0.18401341,0.38258633,-0.5875576,0.11757809,0.74444747,0.15213585,-0.45045182,0.15873161,-0.7381211,-0.14270435,0.10419576,0.06735253,0.10181848,-0.13670795,0.3105457,-0.102732554,-0.156187,0.015855132,-0.7034046,0.3258705,-0.09714816,0.21793775,0.4603008,0.00818165
133,neutral,-0.10170793,0.18817253,0.37068713,-0.31949073,-0.25949758,0.10668821,-0.10668635,0.2793646,-0.06871569,-0.2258018,0.049347278,0.03147227,0.024901904,-0.2408511,0.20315465,-0.18952058,0.007765072,0.11888969,-0.32675594,0.18267724,-0.075997256,-0.20086719,0.015786184,-0.0698386,-0.044775654,-0.15224814,0.0071975845,-0.2762367,0.431369,-0.100328766,-0.2636942,0.2993551,-0.16138692,0.14419812,-0.063801154,0.2937232,-0.2812674,-0.13107038,0.25888684,-0.2386063,-0.37036827,-0.15622613,0.009055134,-0.3703431,-0.10853124,-0.092245564,-0.03126089,-0.48580343,0.06660077,-0.815753,0.1901544,-0.12682901,0.035332218,0.500804,-0.09097838,-1.7704087,-0.21531712,-0.048235577,1.1610844,0.1203994,-0.4003818,0.6561525,-0.23984088,-0.1353968,0.5808909,0.006387,-0.018811394,0.3032758,-0.31753024,-0.34917384,0.07321568,-0.056551427,-0.24292284,-0.61772853,-0.008454079,0.21056779,-0.22682396,-0.148463,-0.3362746,-0.3521411,0.3730314,-0.33081254,-0.18051754,-0.0757414,-0.934893,-0.040675227,0.017419014,-0.11945732,-0.19890891,-0.095162965,0.12918286,0.09261265,-0.12206348,0.023484815,-0.41309023,0.037376974,0.10673958,-0.10715503,0.24677351,0.32519916
134,negative,0.026145346,-0.059903555,0.22278477,0.149333,0.01537267,-0.14921579,-0.22067839,0.22549722,0.113641694,0.3249813,-0.0043002074,-0.16399659,0.30551854,0.2020306,-0.10337178,-0.11292451,0.003270804,-0.34232965,-0.7823441,-0.078329034,0.3897027,-0.22337814,0.078798786,-0.045298792,0.020343618,0.03466977,-0.27028292,-0.15060547,0.70401496,-0.021381877,0.13792697,0.14768706,-0.2978828,0.24822561,-0.18286955,0.14284599,0.2561746,-0.15380967,-0.29835248,-0.046440255,-0.5460094,0.11295238,0.34679085,-0.057472337,0.19881389,-0.31963012,0.1689933,-0.036985178,-0.09521202,-0.5599604,0.23640004,0.07911408,0.21604186,0.8333479,-0.2677024,-1.5654421,0.05664039,-0.3226261,1.2612274,0.23119473,-0.06993431,0.060766034,-0.14789476,-0.26604208,0.47936568,-0.008878588,0.0975846,0.5466623,-0.3063869,-0.07368656,0.036507465,-0.4294931,-0.24983422,-0.51953095,0.03465347,0.2821151,-0.0038953268,0.0774286,-0.8498076,0.06691327,0.63028014,-0.1154936,-0.25482166,0.06642313,-0.49632895,-0.10828466,0.114522055,0.21794753,0.18072557,-0.34193304,0.032085504,-0.104098655,-0.33642355,0.3285822,-0.71412927,0.13152891,0.019829554,0.112077564,0.4708946,0.117748775
135,neutral,-0.35278234,-0.019239435,0.16626161,0.0226533,-0.0031939922,0.021531956,0.109561644,0.15402693,0.055144347,0.24086933,0.047723167,0.06889283,0.29922462,0.23827071,-0.050351474,-0.18430339,0.3101298,-0.2531101,-0.5339973,0.24995455,0.37880927,-0.016181517,0.15450928,-0.058924638,-0.08971153,-0.21852544,-0.12935367,-0.10839531,0.2652471,-0.11165871,-0.14127912,0.035538543,-0.12442615,0.035310272,0.07146886,-0.05269633,0.2568337,0.20162888,0.35271654,0.014544783,-0.54043585,-0.19353174,0.2307354,-0.041159056,0.27342382,-0.013970142,0.029959153,0.0014652442,-0.16982009,-0.3591757,0.00480672,0.17818744,0.1074371,0.94991726,-0.046088442,-1.4723598,-0.036601905,-0.1720248,1.6954548,0.31404358,0.13844389,0.61878556,0.10784134,-0.14816827,0.6180345,0.09173091,0.0011288563,0.2749895,-0.15820092,0.21071367,0.13431038,-0.69358385,-0.10643407,-0.3975684,0.023614315,0.0715573,0.0675121,0.34563836,-0.7104226,0.19541965,0.49798405,0.20047095,-0.26920208,0.07201503,-0.6603333,0.11535393,0.27456236,0.095467515,0.16861215,-0.16229571,0.06608598,-0.1081972,-0.050168257,0.20597853,-0.47117433,0.16769129,-0.06567294,-0.0064886124,0.3202515,0.066574454
136,neutral,0.16087167,0.117317595,0.11688751,-0.22333336,0.2801228,-0.6564372,-0.08042837,0.21210492,-0.021951605,0.18717012,0.06552281,0.06249831,0.4481399,0.06517319,-0.16008805,-0.35205346,0.11161144,-0.35143384,-0.14844963,-0.21183516,0.67102724,-0.14569022,0.13384698,0.09072816,0.093600765,0.13383186,-0.60954857,0.17055014,0.21586178,0.05347889,-0.4063857,0.09825265,-0.17570806,0.053093996,0.1683149,-0.043195184,0.05775542,0.2636264,0.025670461,0.1530344,-0.48906744,-0.5120882,-0.0427421,-0.039079905,0.38838986,0.1644036,-0.05782295,-0.2506502,-0.06449403,-0.31938776,0.3447328,0.3843063,0.14923689,0.9100727,-0.47458696,-1.6782163,-0.15529661,-0.23373775,1.6640337,0.5461616,-0.37613404,0.24590455,0.039768845,-0.081379384,0.060808286,0.21465492,0.19968161,0.16280977,0.01408039,-0.3068567,0.019197578,-0.1623159,0.49566412,-0.25851732,0.04717458,0.16220441,0.20177948,-0.06569348,-0.81443405,0.17287366,0.6438417,0.036648802,-0.1282454,0.2381554,-0.5320065,-0.28365296,0.1120728,0.022178471,0.108902544,-0.54587877,0.02622193,0.17416283,-0.6011776,-0.1320394,-0.5263073,0.43948328,-0.09017329,-0.16596177,0.28877136,-0.020761535
137,neutral,0.0713015,0.33784142,0.27565932,-0.085151315,0.11054866,-0.739781,-0.1896005,0.27898043,-0.054669924,0.115813985,-0.057098668,-0.08549674,0.23272625,-0.022142936,-0.013330365,-0.27151102,-0.25650144,-0.09572221,-0.17736165,-0.09318601,0.4062698,-0.19497998,0.25222445,0.24600637,0.21451205,0.080738895,-0.21336463,-0.24130225,0.19572625,0.06883264,-0.16712248,0.082533136,-0.25363222,-0.18093668,-0.14860633,0.2891158,0.093132116,-0.024691068,-0.18968897,-0.18598944,-0.26914775,-0.35219336,0.12601277,-0.15577663,0.22386004,-0.004079218,0.011271223,-0.30352148,-0.016337855,-0.8748197,0.016390003,0.028248964,0.08754698,0.9676093,-0.19783196,-1.9767777,-0.3540837,-0.26212996,1.6202027,0.41743195,-0.019880854,0.1386279,-0.25426468,-0.28542078,0.5191065,0.14929403,0.22008209,-0.01690172,0.1738075,-0.28794914,0.18153217,-0.16720015,-0.21475418,-0.1782132,0.06906738,-0.060343616,-0.104215376,0.01398846,-0.77927494,0.090987496,0.6670702,0.11271904,-0.464994,0.24227048,-0.91758114,-0.18416034,0.15440753,0.026100896,0.018195024,-0.4212545,-0.0543861,0.18363184,-0.23719242,-0.11287469,-0.657753,0.11257511,0.20204297,-0.0761735,0.46781138,-0.060603917
138,neutral,-0.04263851,0.21914081,0.24965988,0.0031698544,0.13379124,-0.6682597,-0.34239373,0.09195679,-0.08645052,0.08771837,0.055234488,0.038051564,-0.2896017,-0.10107596,0.08328695,-0.28270912,-0.17054585,-0.00916569,-0.2308043,0.0061864783,0.031318173,-0.18049955,0.18210058,0.05335057,-0.12535329,-0.16781726,0.13552536,-0.26070377,-0.17258973,0.19710484,-0.09760554,0.3652002,-0.43804666,0.020392483,-0.025207657,0.12366404,0.19501196,0.06042327,-0.16569194,-0.17101704,-0.33002985,-0.3751629,-0.06011518,-0.15106992,0.206157,-0.08705718,0.08879074,-0.23132557,-0.24484192,-0.73664516,-0.020368204,0.014126743,0.085504636,0.9363995,0.10196805,-2.1705794,-0.15277652,-0.2528319,1.7226741,0.4421779,0.036399633,0.022248339,-0.30686006,-0.14080758,0.7043191,0.13597609,-0.070496686,0.1922325,0.6210332,-0.078490175,0.18249448,-0.24459715,-0.076760225,-0.20170817,0.057336826,-0.13614178,-0.11656583,0.107442595,-1.0364436,-0.1496569,0.80613536,-0.05617909,-0.14681558,-0.031010823,-1.0380619,-0.1943529,0.01719246,0.05110132,0.13153094,-0.50045425,-0.079610355,0.21293288,-0.28068605,-0.28237426,-0.40747225,0.28516948,0.15938348,-0.2124164,0.7958181,0.17430083
139,neutral,-0.018348,-0.34307,0.33838996,0.035328,-0.105780005,-1.2204,-0.54461,-0.39303,-0.47525996,0.27289,-0.40223,-0.76947,0.56513,-0.032588,-0.069264,-0.090063,1.2786,-0.52528,-0.70239,-0.14023,0.56846,0.26843,0.8018199,-0.9553499,0.019218,-0.10655,-0.52563,0.2005,-0.25174,-0.37653002,-1.328,-0.50797,-0.53916,-0.11102,-0.029933,-0.42929,-0.31636,-0.079302,0.16081,0.10574001,-0.24162,-0.2758,-0.21429,0.35065,0.86424,0.99562,-0.0044932,0.18442999,0.30002,0.47828,0.53836,0.40717,-0.081252,0.20395,-0.18834,-0.75681,0.62284,-0.59889,1.9156001,0.8606,-0.36738,0.13249,-0.25844,-0.51748,-0.068886,0.57648,-0.94916,0.2314,0.84634,0.57205,-0.30477,-0.51562,1.2147,-0.26533,0.29566,-0.88978,-0.41392,0.39565,-1.3766001,0.48487997,0.39657,-0.11736,0.97375,0.97197,-0.35778996,-0.036228,-0.15838,0.033443,0.42911,-0.018813,0.26941,-0.24049,-0.51047,-0.34743,0.49893004,1.1349,-0.92512,-0.41055,0.18252,-0.10338
140,neutral,0.13957761,0.1404076,0.5861555,-0.08857686,-0.1169735,-0.1449752,0.057319615,0.19512266,0.09192067,-0.2986241,-0.07601322,0.02281638,0.23052767,-0.16411185,-0.19322866,-0.075340986,0.105941534,0.37381214,-0.14298378,0.010094072,0.24676056,-0.030508878,0.035109617,0.19862084,-0.03691528,0.15725292,-0.076757126,-0.19224267,0.20465298,-0.11833341,-0.053295508,0.4992393,-0.25313365,-0.17765243,-0.07852414,0.124177694,0.1900166,-0.055737894,0.024927665,-0.2732287,-0.2913952,-0.111735426,0.3938992,0.1886157,-0.5450674,0.0094995545,0.17324053,-0.063439295,0.0024242243,-0.82678753,0.15431195,-0.3128708,-0.062417835,0.7456215,-0.014877705,-1.9703381,-0.21924081,0.16449308,1.1120787,0.20984444,0.09326912,0.58480763,-0.16349916,-0.057577644,0.5704358,0.06263534,-0.013316778,0.17919439,-0.048914377,-0.1117727,0.19119434,-0.06533475,-0.5908816,-0.24074318,0.15924242,0.1515278,0.08787048,-0.2822794,-0.8618178,-0.043827143,0.29614937,-0.02666914,-0.3938149,0.29915118,-0.9089069,-0.38282228,-0.20470259,-0.12508646,-0.14838856,-0.2641215,0.122349836,0.018206663,0.041385606,0.024560075,-0.3778979,0.18844135,0.10727939,-0.257644,0.56897175,0.23336586
141,neutral,0.13957761,0.1404076,0.5861555,-0.08857686,-0.1169735,-0.1449752,0.057319615,0.19512266,0.09192067,-0.2986241,-0.07601322,0.02281638,0.23052767,-0.16411185,-0.19322866,-0.075340986,0.105941534,0.37381214,-0.14298378,0.010094072,0.24676056,-0.030508878,0.035109617,0.19862084,-0.03691528,0.15725292,-0.076757126,-0.19224267,0.20465298,-0.11833341,-0.053295508,0.4992393,-0.25313365,-0.17765243,-0.07852414,0.124177694,0.1900166,-0.055737894,0.024927665,-0.2732287,-0.2913952,-0.111735426,0.3938992,0.1886157,-0.5450674,0.0094995545,0.17324053,-0.063439295,0.0024242243,-0.82678753,0.15431195,-0.3128708,-0.062417835,0.7456215,-0.014877705,-1.9703381,-0.21924081,0.16449308,1.1120787,0.20984444,0.09326912,0.58480763,-0.16349916,-0.057577644,0.5704358,0.06263534,-0.013316778,0.17919439,-0.048914377,-0.1117727,0.19119434,-0.06533475,-0.5908816,-0.24074318,0.15924242,0.1515278,0.08787048,-0.2822794,-0.8618178,-0.043827143,0.29614937,-0.02666914,-0.3938149,0.29915118,-0.9089069,-0.38282228,-0.20470259,-0.12508646,-0.14838856,-0.2641215,0.122349836,0.018206663,0.041385606,0.024560075,-0.3778979,0.18844135,0.10727939,-0.257644,0.56897175,0.23336586
142,neutral,-0.2377469,0.48611823,0.70525396,-0.040608346,0.03883285,-0.25777236,-0.21973854,-0.01757492,0.23788619,-0.20855579,0.77822155,0.26744747,0.28240272,0.12892333,0.45939818,0.21905006,0.45739955,0.58354056,-0.18256074,0.05428923,-0.051000573,-0.020241411,0.26881748,0.092765674,-0.6833093,-0.56356615,0.13722426,-0.10604937,-0.13895936,-0.015585503,0.245472,0.12175466,-0.3553052,0.3380568,0.45187572,-0.0018382596,0.018627612,0.10183343,0.3693868,-0.39565957,-0.36801407,-0.38440707,-0.39135957,0.043303575,-0.5097321,-0.108397424,0.48608688,-0.12695909,0.03812207,-0.7343664,0.6517218,0.047456417,0.32740435,1.0159503,0.35395458,-1.8187081,-0.07000527,-0.22352527,1.7301039,0.35498074,-0.046230137,0.4033718,-0.21550718,-0.16709095,0.798235,0.3066879,0.2688706,-0.0033833433,0.58855885,-0.037260562,-0.16653965,0.35352296,0.4833119,-0.41485497,0.29235044,-0.041963972,0.13169144,-0.09580822,-0.72606504,0.06100274,0.574944,0.3856426,-0.8567535,-0.15136473,-1.5995001,-0.44847366,0.5393441,-0.25006494,-0.11737497,0.19786707,-0.23688829,0.17545128,-0.08586186,0.03200287,0.2719657,0.009309396,-0.08425235,-0.39529464,0.06751369,0.16495423
143,neutral,-0.044803057,0.06126605,0.53110904,-0.12477046,-0.31772673,0.022276806,0.0147307515,0.10198241,-0.06798321,-0.030749723,0.17707686,0.067062534,0.216362,-0.09294233,0.23641872,-0.04927689,-0.061039735,0.1486606,0.060852602,0.31400454,0.24268505,0.14498943,-0.017884836,-0.15069406,0.107669786,0.13200223,-0.0700449,-0.107851915,0.07529031,-0.17931263,-0.20878787,0.25446388,-0.13816929,0.08858296,0.008487213,0.1624734,-0.037370518,0.1487723,0.29707476,-0.18722342,-0.33622625,-0.21174404,-0.122202866,-0.22007129,-0.041744243,-0.03941034,0.20087051,-0.03935073,-0.06765536,-0.53726315,0.06313613,0.20119055,0.215205,0.80176115,0.16820543,-1.7800022,0.120845646,0.12821339,1.2850436,0.2213055,-0.14203905,0.698096,-0.20561332,-0.19402544,0.40919498,0.06753186,0.1577396,0.050259132,-0.03725733,-0.08452388,-0.1177186,-0.27190152,0.023980048,-0.24841785,0.2948031,0.02962562,0.18954909,0.020213842,-0.5163954,-0.026257163,0.27023983,-0.0065351105,-0.2609574,-0.029106295,-0.97251374,-0.24426147,0.09676938,-0.11467385,-0.19834349,-0.14247747,-0.10689802,0.124565355,0.02018184,0.005785459,-0.25967783,-0.03189193,-0.03611151,-0.26263562,0.21873936,-0.028834956
144,positive,-0.4046394,0.022438848,0.39611435,-0.540485,-0.30830434,-0.12049497,-0.30314845,0.43085477,0.21389987,-0.276771,0.2520308,0.20024006,0.5521231,-0.03615194,-0.34915262,-0.2413812,0.3896934,-0.14521584,-0.8233954,-0.14116645,-0.16458692,-0.16561379,-0.2850461,0.21627167,0.0151834395,-0.11022097,0.23509854,0.23714088,0.11830966,0.18336265,0.23443928,0.5862311,-0.5028835,0.13117379,0.22742046,0.24355175,0.038397428,-0.14244293,-0.25536072,-0.014496165,-0.66549146,-0.15385647,-0.47941935,-0.22548676,-0.17113896,-0.4491665,-0.01996651,-0.44906458,0.04460279,-0.87113255,0.3839666,0.102247424,0.15747437,1.1048429,0.13064666,-2.1378295,-0.22357525,0.09580834,1.9400148,0.6299214,-0.25712803,0.35566118,-0.78903747,-0.7582566,0.91511583,0.049225017,0.12176772,0.6077711,0.06725586,0.06559857,-0.05106342,-0.42039353,0.04569687,-0.5077286,0.3937434,0.13921984,-0.2168974,0.11248825,-1.1387274,-0.40890437,0.5466597,-0.36054558,-0.25740078,-0.16199073,-1.2599672,-0.7298689,-0.09500781,0.1871798,0.057774007,-0.4728931,0.23924665,-0.07807096,0.0033375402,-0.1182775,-0.8397355,0.31812495,0.47288752,-0.6846389,0.76209414,0.6386061
145,neutral,-0.040441167,-0.029873237,0.2944114,-0.22147219,-0.21663739,0.12332466,-0.08554814,0.13679749,0.03890167,-0.052958444,0.119523086,-0.05558221,0.030537795,0.198007,0.049969267,-0.05865362,0.10658671,0.11754675,-0.29646304,0.11594403,0.087155074,0.07415608,0.028286833,-0.10048082,0.11655165,0.03976309,-0.1067073,-0.29978028,0.2860692,-0.066910855,-0.10611686,0.21492997,-0.0057090377,0.13541259,0.22865789,-0.022923779,-0.034470968,0.1627605,0.21665426,-0.17704442,-0.15930973,-0.0812438,-0.103266194,-0.27941477,-0.043504115,0.1200643,0.16850364,-0.11449618,-0.0338671,-0.4336214,-0.105774626,0.20280953,0.086918265,0.5223651,-0.20488267,-1.6128501,-0.06306839,0.035486244,1.0679407,0.318452,-0.067175075,0.5498091,-0.3311319,-0.11642026,0.45917487,0.04175134,0.18472603,0.07433956,-0.05981951,-0.040839683,-0.019326054,-0.1049067,0.08603827,-0.40886205,-0.015086873,0.025866738,0.06838597,-0.038329933,-0.39922094,0.054052364,0.43528008,-0.26479432,-0.2511713,0.072323665,-0.66449296,-0.20460536,-0.11260874,0.19518445,0.08770294,-0.103496894,-0.18201172,0.16777295,-0.17984428,-0.06392306,-0.09089585,0.064392135,-0.15983997,-0.1916727,0.35226032,0.14391986
146,neutral,-0.019083194,0.054480415,0.44197235,0.058022585,-0.0019033436,-0.12400604,-0.29366243,-0.021658055,0.055861898,0.28361464,-0.15053254,-0.22424333,0.35380667,0.13621308,-0.13934623,-0.18028575,0.007423497,-0.2633362,-0.5390487,0.04196193,0.31590617,0.008463335,0.057171784,0.018816948,-0.070324175,0.1478212,-0.27071297,-0.107128926,0.5614422,0.10549044,0.07505878,0.3755766,-0.093395606,0.11507911,-0.06219789,0.25811225,0.18237941,-0.039213315,-0.18050523,0.001006048,-0.68219787,-0.03192558,0.12241479,0.053296063,0.09175663,-0.13483863,0.29273203,-0.101242036,-0.12333776,-0.74310935,0.034947604,0.20011203,0.09585296,0.8720805,-0.13783498,-1.6472961,-0.0016456556,-0.20714204,1.4721924,0.3173831,-0.08026979,0.27321172,0.046922848,-0.27032512,0.50910187,0.10234524,0.073235475,0.47084874,-0.06357906,0.06642694,0.21056062,-0.39757034,-0.20809026,-0.6261243,0.10462405,0.12037698,0.004773531,0.14183044,-0.7491467,0.20198704,0.5130907,-0.081989445,-0.16822292,0.07609263,-0.74070936,-0.18628924,-0.060267475,0.16778724,0.14163041,-0.4659941,-0.07120655,0.06923915,-0.19763327,-0.055428702,-0.5988754,0.13509063,-0.13934802,-0.020963429,0.35878864,0.12640375
147,negative,-0.13177791,0.052538075,0.24122757,0.09359771,0.024329135,-0.17251708,-0.035645377,-0.048999827,0.19339639,0.3628033,-0.09165812,-0.05021303,0.12389361,0.052972537,-0.1026778,-0.00039576332,0.03890986,-0.1378269,-0.3802197,-0.09767714,0.13426356,-0.13329665,-0.04057504,-0.12825158,0.07778424,-0.11302194,-0.06763812,-0.04633314,0.0861652,-0.06637936,-0.10643177,0.076914445,-0.23469618,0.011228671,-0.1674535,-0.09004644,0.21074316,-0.021282358,-0.03386616,-0.010973001,-0.43664896,-0.09465694,0.2225078,-0.12917416,-0.017531065,-0.12517768,0.3619496,0.012733559,-0.21052232,-0.41377258,0.010079594,0.106847584,-0.025021125,0.76994395,0.052333955,-1.4981215,0.09544447,-0.19886912,1.010566,0.18137349,-0.10069537,0.284052,-0.060768403,-0.19292314,0.5936774,-0.01809114,0.17166598,0.012166788,0.14564452,-0.10480335,0.16078126,-0.19488803,-0.15699401,-0.21972813,-0.0739917,-0.025521165,-0.07294877,-0.007571754,-0.7010526,0.16480449,0.5249178,0.15416583,-0.1364311,0.21428321,-0.6321611,0.118289754,-0.0015509849,0.015751218,-0.06858711,-0.35936287,-0.090956725,0.1266796,-0.18303825,0.0051023876,-0.25322458,0.015257852,0.17047703,-0.11459079,0.29893845,0.35471696
148,neutral,-0.022577334,0.2593389,0.3402514,0.10181459,-0.18796448,-0.3122433,-0.19700316,-0.16156526,-0.014840071,0.025006093,0.076518476,-0.13667867,-0.0495608,0.047641817,0.104384586,0.117668435,-0.10729933,-0.08771084,-0.0684865,0.20082606,0.2999338,-0.26236326,0.09048602,0.11336999,-0.10974052,0.04729283,0.09369512,-0.26095104,0.11325286,-0.39794546,0.061888687,0.41913512,-0.18722516,-0.21717656,-0.1206951,-0.1280377,0.102517806,-0.049322836,-0.29726252,-0.18053953,-0.50394565,-0.19785321,-0.034028098,-0.17996407,-0.08433211,-0.21146841,0.16120884,-0.101580225,-0.17344213,-0.83804995,0.12514192,0.07777051,0.14275566,0.96551514,0.13456799,-1.8054732,0.15335149,-0.40681848,1.4155556,0.17217147,-0.10919134,0.18912622,-0.3600638,-0.1754466,0.74087965,0.23457927,-0.30172238,0.11599688,0.060059953,-0.01615602,0.12676091,-0.10357599,-0.44179267,-0.24516793,-0.07458196,-0.1891546,-0.16512436,0.0747492,-0.8966073,0.15873572,0.42368567,-0.18537004,-0.24622914,-0.0013986139,-0.8707575,-0.05403947,0.3600825,-0.20748518,-0.030413957,-0.32124218,-0.09267973,-0.074282005,-0.22201836,0.11548811,-0.2392259,0.046539657,0.21553949,-0.043429706,0.3966516,0.0957447
149,negative,-0.09324839,0.20834973,0.08100517,-0.11012856,0.0044839,0.428975,-0.16331446,0.14604172,0.1673419,-0.0062597916,-0.06708118,0.15181851,0.5456427,0.20347987,0.006421217,-0.10957296,-0.050006364,-0.084767655,-0.5199431,0.256846,0.22558933,-0.10262144,-0.050972786,0.053129252,0.24033771,0.05613881,-0.20061833,-0.514906,0.35093707,0.044260547,0.20874272,0.34695274,-0.048749685,0.106262796,-0.010899456,-0.10873158,-0.00026285654,0.21080126,-0.007107364,0.010170336,-0.24050614,-0.0547007,0.16746238,-0.31793648,-0.07395939,0.014206575,-0.09470243,0.058207717,-0.084392436,-0.5139344,0.021262554,0.056926724,0.40826607,0.81669635,0.076712444,-1.7142267,-0.16453741,-0.25221917,1.2233071,0.37200114,0.054664593,0.57512426,-0.20341723,-0.082688235,0.47736484,0.28900465,0.18966544,0.21725644,0.06547602,-0.3127274,-0.021099243,-0.15536378,-0.051298045,-0.24958971,0.40808883,0.28840554,-0.0860624,0.040849194,-0.5505159,-0.032393433,0.48060685,0.25932342,-0.17572238,0.22370596,-1.0364751,-0.019248396,0.14542039,0.09114258,-0.27448347,0.08684253,0.00797817,-0.029838083,0.124697246,-0.0054659443,-0.66031915,0.11091919,0.08976134,-0.080098726,0.44719905,0.047455177
150,negative,0.031527136,0.17987455,0.31388164,-0.110398345,0.0102915615,-0.41680148,-0.20295203,-0.08149464,0.08812199,0.19260754,0.2495111,0.07503142,0.24684325,0.26143494,-0.005669069,0.1237395,-0.021203117,0.195218,-0.5708496,0.007579153,0.45557192,-0.20001017,0.0072714007,-0.27194405,0.1588359,0.37958008,-0.25461414,-0.117092356,0.16386937,-0.08296504,0.011397163,0.09150423,-0.18558897,0.0656939,0.10526166,0.16693044,0.34529325,-0.24611455,-0.04156281,-0.1394788,-0.15197931,0.08004256,0.5059465,-0.1616599,0.085099235,-0.29468602,0.06327844,-0.078667045,-0.0523156,-0.5035023,0.001130661,0.004871754,0.167845,0.6154122,0.01853362,-1.6596282,-0.03218389,-0.20370278,1.0523719,0.07264708,0.09206098,0.36573243,-0.333168,-0.025144411,0.5008211,-0.21208572,0.20539996,0.49618804,-0.23109967,-0.13109875,-0.07196027,-0.2420649,-0.32440287,-0.3639035,-0.10181354,0.31328565,-0.1476424,-0.12551947,-0.6159232,0.116350956,0.6975096,-0.18767966,-0.14948557,-0.16367951,-0.71032506,-0.19584571,0.1523319,0.10804515,-0.0024784298,-0.23777443,0.06139697,-0.02762444,-0.13062859,0.04352167,-0.45102817,-0.06784955,0.044309888,-0.04205707,0.423782,0.11078722
151,negative,-0.113347426,0.0664317,0.4204309,-0.094921574,-0.04813935,-0.06494966,-0.13986795,0.31815162,0.09740464,0.15373848,-0.006714406,-0.03636403,0.22242104,0.19503468,0.02457973,-0.032823637,0.29583666,-0.19600816,-0.4453764,-0.011494201,0.44326976,-0.10454409,0.18096898,0.14254428,0.017395098,0.08429495,-0.18613796,-0.26944607,0.5009506,0.00058056717,-0.07083194,0.26918122,-0.051314875,0.21418266,-0.082257584,0.20567223,0.13241893,-0.08108782,-0.15531904,-0.068425775,-0.45434234,-0.010969576,0.33486712,-0.10130444,0.11553954,-0.13273549,0.13387902,-0.14883515,0.10912499,-0.55130035,-0.0117808785,0.09408398,0.11831188,0.89695245,-0.25873664,-1.7171314,-0.02506775,-0.19737402,1.2309219,0.23116356,-0.11501855,0.37571722,-0.15602975,-0.34996903,0.41207576,0.11061409,0.0330242,0.24457015,-0.25967807,-0.053798925,0.008634868,-0.3189435,-0.26582175,-0.43227753,0.19076774,0.12912178,-0.076428354,-0.08150566,-0.6755271,0.076289624,0.7138409,-0.06332458,-0.25425184,0.07758778,-0.91398436,-0.044855513,0.07486275,0.16435498,0.10347086,-0.09449739,0.05435009,-0.008735134,-0.29508707,0.1278189,-0.58711034,0.1268652,0.12838976,-0.04014667,0.3872512,0.03860947
152,neutral,0.012586185,0.22993755,0.29094625,0.07780148,-0.067752525,0.018293716,-0.039294764,-0.023604777,0.13135396,-0.2213652,0.06846651,0.08627722,-0.051563457,-0.0765561,0.24274972,0.092692815,-0.1492346,-0.23319755,-0.25053856,-0.029530216,0.31575245,-0.19067551,0.012670772,0.11875059,0.44601783,-0.31777743,-0.2298096,-0.22883514,0.10656331,-0.25996006,-0.116924524,0.20836481,0.04676444,0.009999458,0.276558,0.19861417,0.13517001,-0.08760902,-0.03661792,-0.20273654,-0.33619738,-0.20356838,0.008753537,-0.37054998,-0.20960502,-0.08514054,0.015199077,-0.23676313,0.1987273,-0.6699652,0.23176996,0.073225714,0.09104805,0.84518796,-0.15696773,-1.6220672,0.1504908,-0.19942081,1.6818992,0.3770828,-0.14702697,0.26004735,-0.27170244,-0.04254934,0.51455224,0.062801406,0.1380249,0.18477426,0.2003425,0.11595137,-0.03388679,0.08834937,0.08565707,-0.3893861,-0.16764121,0.11295257,-0.20860216,-0.00038996764,-0.28446728,-0.07091256,0.5130591,0.22921936,-0.5285889,-0.3494349,-1.167754,-0.32578328,0.15689267,0.1491571,0.17664495,-0.22201167,-0.26994148,0.25536132,-0.18350181,0.08485935,-0.33516204,0.06506964,0.14047202,-0.15132117,0.10170711,0.44612572
153,negative,-0.09119789,0.24071282,-0.10360232,0.095367715,0.054916598,-0.026032086,0.09912278,0.0971577,-0.010676248,0.006808089,-0.16868688,0.22006957,0.044138446,0.14415704,0.25568426,0.046714086,0.099566475,-0.46327582,-0.51908433,0.22488509,0.44670165,0.0889514,-0.020688323,0.28987777,-0.19622059,-0.082333624,-0.063057,-0.001597684,0.26184055,-0.24286391,0.1450959,-0.07877515,0.040852588,-0.29537463,0.047108542,-0.09777577,0.2778054,-0.24180543,0.3096045,0.06514618,-0.4293597,-0.114044785,-0.21765862,-0.08069969,0.43920577,-0.11464125,0.20139192,-0.21515027,0.22057183,-0.43739572,-0.16808158,0.1648788,0.02789942,0.7781707,-0.23427194,-1.1922778,-0.13728988,-0.1001523,1.2919834,0.19503427,0.01478917,0.5326303,0.09420677,-0.11012729,0.6644588,0.17241031,0.16942343,0.048060644,0.11833918,0.034253124,0.072771505,-0.70530546,-0.2477146,-0.2872981,-0.21357271,-0.18595137,0.0053108027,0.19167756,-0.50326496,0.13345711,0.5022362,0.14674594,-0.42708966,0.1544653,-0.5314331,0.13563158,0.014416569,0.040290255,0.17707954,0.16716473,0.26073802,-0.12573627,-0.0086799385,0.41006243,-0.39410564,-0.13400954,-0.032399777,0.1063821,0.26369166,0.15798907
154,negative,-0.034202065,0.27716002,0.37213376,-0.32676676,-0.03788543,0.034032393,-0.40322098,0.0041376622,0.13722086,0.47349486,0.09878178,0.25244835,0.21932268,0.16893804,-0.01697906,-0.019206276,-0.0713322,0.13267817,-0.66059107,0.2681138,0.58329475,-0.15662502,0.18774475,-0.061673623,-0.061541084,0.002429699,-0.27870876,-0.4322684,0.34247118,-0.08137679,-0.043970283,0.32282197,-0.06416603,0.040000472,0.040042844,0.19509982,0.09084796,-0.051694676,0.039625186,-0.043039627,-0.5021527,-0.054527964,0.16902891,-0.35976788,0.17523356,-0.06290845,0.1008212,-0.0890107,-0.15756057,-0.7802572,-0.16522399,0.11563848,0.031660367,1.101223,-0.128599,-2.0749414,-0.27661842,-0.008500677,1.5433121,0.20018989,-0.017495608,0.68872225,-0.20317645,-0.20099498,0.5300555,0.36803073,0.27124593,0.26411906,-0.06724962,-0.16072625,0.068683594,-0.37991554,-0.20798267,-0.382144,-0.061290406,0.024085982,-0.013537682,-0.029378083,-0.65414006,0.16162808,0.7388944,-0.022069758,-0.34688172,-0.11222227,-0.806559,-0.3437519,0.13154243,0.11079582,-0.06769215,-0.33528686,0.03362472,0.053696577,-0.084339865,-0.2266799,-0.6931744,-0.089012094,0.05868841,-0.123704,0.4662557,0.03456789
155,neutral,-0.23386852,0.20816146,0.3506093,-0.04275126,-0.117131844,-0.096114434,-0.016894346,-0.11532914,-0.16851789,0.46242318,-0.0026870696,-0.15024272,0.14264156,0.107280575,-0.051892057,-0.12066533,0.32921326,-0.23431273,-0.35475326,0.023032798,0.2698067,-0.10660178,0.23452088,0.044322845,0.04024131,-0.0935874,-0.20864823,-0.07770255,0.26142508,0.09526267,-0.2478511,0.36168262,-0.26216918,0.060872722,0.0813469,0.08835633,-0.16452947,-0.032267645,0.13339037,0.04405156,-0.45091602,-0.09404832,0.1526078,0.095452204,0.33366868,-0.23237438,0.017261239,-0.2773665,-0.026328394,-0.55342823,0.22591417,0.2187635,0.053711623,0.98647296,-0.09885842,-1.6874118,0.06974065,-0.14337444,1.6103163,0.50481904,-0.060535353,0.40545762,0.16559984,0.023823451,0.4510196,0.0337842,0.027874012,0.16588908,0.12313619,0.3306984,0.1859273,-0.46989438,0.016764343,-0.21759519,0.014546905,-0.02281095,0.0743896,0.24471955,-0.8802056,0.0591151,0.7056296,-0.21108662,-0.13420941,0.115345754,-0.9981054,-0.01719999,0.19617555,0.12365453,-0.048171364,-0.2773225,0.019015588,0.061332967,-0.15993677,0.08998604,-0.37108773,0.08669509,-0.16131671,-0.1771766,0.3143522,0.04563034
156,negative,0.04388791,0.1386506,0.5163082,0.11807814,0.059866756,-0.2306192,-0.17042051,0.1066172,0.0484126,0.00433932,0.036628492,0.24415705,0.14031826,0.0031859,0.017548189,-0.067643054,-0.064376846,-0.07432039,-0.28041127,-0.16227692,0.37677982,-0.20865907,0.19303371,0.24002512,0.22901855,-0.0021830623,-0.14191227,-0.21269754,0.36870825,-0.058815543,-0.1884398,-0.06359158,-0.21572888,-0.055428337,-0.005199215,0.2548768,0.22293603,-0.13709983,-0.15219961,-0.12090596,-0.43477133,-0.16077822,0.4934706,-0.106628455,0.21338123,-0.18309732,0.16686955,-0.15176289,0.2173993,-0.7537656,0.12646541,-0.04761031,0.114255175,0.8915394,-0.110683925,-2.0180898,-0.09087877,-0.50162053,1.3749101,0.28835014,-0.22270517,0.24199618,-0.16894795,-0.21629904,0.47459358,0.08255355,0.16001274,0.107879296,-0.18214582,-0.1132513,0.023275295,-0.2305708,-0.51328427,-0.38714436,-0.012370527,0.3368566,-0.32347956,-0.061928652,-0.8523287,-0.013816445,0.7401915,0.04820317,-0.33146808,0.18831287,-0.82781816,-0.22159219,0.039633,0.017240884,0.28350553,-0.30094388,-0.057707664,0.1949556,-0.31036368,0.2703778,-0.46082693,0.043754607,0.2959285,0.19277462,0.35378954,0.115524165
157,neutral,0.0,0.0,0.0,0.0,0.0,0.0,0.0,0.0,0.0,0.0,0.0,0.0,0.0,0.0,0.0,0.0,0.0,0.0,0.0,0.0,0.0,0.0,0.0,0.0,0.0,0.0,0.0,0.0,0.0,0.0,0.0,0.0,0.0,0.0,0.0,0.0,0.0,0.0,0.0,0.0,0.0,0.0,0.0,0.0,0.0,0.0,0.0,0.0,0.0,0.0,0.0,0.0,0.0,0.0,0.0,0.0,0.0,0.0,0.0,0.0,0.0,0.0,0.0,0.0,0.0,0.0,0.0,0.0,0.0,0.0,0.0,0.0,0.0,0.0,0.0,0.0,0.0,0.0,0.0,0.0,0.0,0.0,0.0,0.0,0.0,0.0,0.0,0.0,0.0,0.0,0.0,0.0,0.0,0.0,0.0,0.0,0.0,0.0,0.0,0.0
158,neutral,-0.15318005,0.25588322,0.23738982,-0.1134285,-0.10390099,0.26709354,-0.22990021,-0.18055578,0.17053096,0.14529039,-0.082505785,-0.08429191,0.25357246,0.083387785,0.04807616,-0.012959158,0.07735809,-0.031649623,-0.40775087,0.1882076,0.24121974,-0.0014015846,0.06279196,-0.080164336,-0.010378907,-0.19035903,0.0059138066,-0.26301718,0.12623458,-0.07357748,-0.15719423,0.50323504,-0.13802916,-0.113078475,0.0376307,0.07307993,-0.07769198,0.08885777,-0.102896914,-0.12490116,-0.5285438,-0.16953892,0.005068541,-0.24287656,0.022093082,-0.15976535,0.09109774,-0.12685327,-0.10255922,-0.6834091,0.18005893,0.014478845,0.11170962,0.8054241,-0.07241501,-1.7918353,0.11020864,-0.009090353,1.398568,0.2422423,-0.124492,0.57374156,-0.3137885,-0.1960064,0.6564308,0.08910603,0.2949489,0.17463027,0.08326862,-0.14009753,0.04682373,-0.08759391,0.017930664,-0.36582476,0.075498335,0.22860803,-0.053204633,0.11375238,-0.5911037,-0.11489722,0.44108343,-0.10678348,-0.24493323,-0.0056114416,-1.2066929,-0.19512136,-0.16718407,-0.021110607,0.005188196,-0.2588468,0.042685132,-0.042036157,0.008374065,-0.07477636,-0.35057536,-0.07035727,-0.1486657,-0.29356676,0.26407385,0.18172616
159,neutral,-0.2693325,0.23937753,0.008623885,0.27730408,-0.097832866,-0.23446226,-0.19612929,0.00611311,0.09904097,0.15049577,-0.03994255,-0.11351365,0.16853029,0.014122808,-0.053121947,-0.113281205,-0.00833783,0.09871129,-0.21424033,0.071864374,0.17313978,-0.020709189,-0.07918721,-0.1935587,-0.1430807,0.02951481,-0.030681958,-0.0431998,-0.05889803,0.03718034,-0.04252092,0.26210925,-0.06481547,-0.028852787,0.084756866,0.21634528,0.14991574,0.020312358,-0.030916506,-0.0065654083,-0.33468822,-0.17406471,0.06972632,0.041110665,-0.0064072195,-0.16746587,0.13043794,-0.12845838,-0.2072318,-0.6888947,0.15507042,0.042282954,0.12952903,0.81094563,-0.046984363,-1.8845422,0.09261631,-0.4191646,1.4786701,0.3236807,-0.057557903,0.4219694,0.043883614,0.004774547,0.8990583,-0.17179053,0.097402126,0.18123715,0.16883083,0.08742594,0.105867684,-0.34507346,-0.12964179,-0.4315347,0.039717726,0.077032916,0.057796665,0.024588423,-0.7444959,0.15684465,0.5372732,-0.09796938,-0.12990758,0.04448787,-1.0192341,-0.19075939,0.11503116,-0.010231324,-0.06287475,-0.36368322,-0.2463846,-0.08122139,-0.06339288,-0.04284112,-0.47482082,0.00084634486,-0.11663898,-0.2601467,0.58835095,0.23716041
160,negative,0.023129124,0.26231143,0.34208727,0.08653313,-0.09460435,-0.3564984,-0.27003968,0.056936678,0.2723784,-0.03911556,0.05214479,-0.18713757,0.15685576,0.35066622,-0.29172194,-0.049001247,0.26722693,-0.4285293,-0.46851793,-0.11437716,0.36857817,-0.14126903,0.026767861,0.28113848,-0.03288558,0.21131134,-0.031826694,0.049023964,0.7603108,-0.18056966,0.12660582,0.43176675,-0.031960573,0.13370155,-0.124376446,0.10858844,0.3078236,-0.14678739,-0.22029364,-0.05375396,-0.70612967,0.21811226,0.06822336,-0.36008784,0.31363598,-0.21360652,0.6594387,-0.21090783,-0.4594903,-0.87866604,0.10369453,0.20046064,-0.042521093,0.88058025,0.18773319,-1.7798713,0.07564347,-0.32167855,1.4448255,0.2486243,-0.24263282,0.13240296,0.052171323,-0.26856053,0.4733584,0.10602577,-0.23108353,0.26729217,-0.13304773,0.28784126,0.16643353,0.004966161,-0.54077727,0.1850463,0.11991139,0.053963866,0.037555736,0.47843385,-0.9460054,0.2911546,0.8151058,0.26797578,-0.055862796,0.31481957,-1.0697808,0.13601269,-0.1573796,-0.0566401,-0.21975605,-0.15793945,-0.05294783,0.08584104,-0.07087411,0.5008102,-0.26258156,0.22511628,-0.07233088,-0.2943699,0.3083813,-0.31288472
161,neutral,-0.052542906,0.06583348,0.32023296,-0.08682251,0.078064874,0.033325247,-0.19885278,0.010178582,0.048259836,0.21603587,-0.09689092,-0.07856669,0.31658766,0.12510149,-0.13233069,0.0566939,-0.008376093,-0.17650609,-0.57096857,0.028395612,0.33790433,-0.2167621,0.17666045,-0.026238889,-0.17616512,0.048179,-0.13028376,-0.10097425,0.27361676,0.09247726,0.10938766,0.35638592,-0.06061884,0.034814116,0.077090144,0.021873476,0.1527815,0.037780236,-0.14541733,-0.10251042,-0.5754991,-0.041183554,0.38190898,-0.14536676,0.068755366,-0.1353781,0.22205515,-0.13414358,-0.1748276,-0.54374653,0.025683008,0.11067479,0.10047355,0.8883196,-0.023314772,-1.8929832,-0.040136456,-0.2661511,1.4255594,0.33504215,-0.06418493,0.15219088,-0.05702071,-0.11834926,0.6352926,0.11650856,0.037942063,0.4982979,0.061978612,0.096841685,0.0308911,-0.41501194,-0.20302722,-0.47120827,0.06933503,0.007827963,-0.15045327,0.120099545,-0.7626039,0.013190104,0.5862644,-0.15240419,-0.2979178,0.04450623,-0.94447047,-0.13943535,0.031362724,0.17883116,0.16816692,-0.30918345,-0.07213114,0.010414543,-0.1786001,0.17705944,-0.5504124,0.16088636,-0.01728151,-0.046745103,0.46452582,0.12864643
162,neutral,-0.2782993,0.27728665,0.37502328,-0.20306878,-0.06409936,0.47661173,-0.1109843,0.10165065,-0.08970269,-0.18110134,0.018849673,0.11249816,0.2998208,-0.090660326,-0.07642977,-0.15144919,-0.15861148,0.21950346,-0.33690432,-0.20640372,0.14152688,0.00919122,0.074580096,-0.4385534,-0.13573612,-0.18816306,-0.28733304,-0.23898719,0.53298336,-0.100767516,0.15518431,0.57257193,0.1478938,0.1500997,0.07494929,0.22033352,-0.06497476,0.012672939,0.13757339,-0.33112147,-0.29917178,-0.2308128,0.27257392,-0.36462897,-0.376419,-0.07824595,-0.08754724,-0.21385148,-0.3399136,-0.78126276,-0.18716837,-0.21290937,0.017158875,0.73440754,-0.21139534,-1.6576016,0.046485092,0.24611825,1.0792788,0.22764568,0.028484067,0.4984212,-0.036138006,-0.07881823,0.60114866,0.041043714,0.6797783,0.44065163,-0.06438863,-0.17058274,0.23367335,-0.20988107,-0.22536904,-0.3751249,0.023461906,0.106692396,-0.2659931,-0.12730087,-0.22145745,-0.25498912,0.1239201,-0.11662484,-0.18184671,-0.0054687746,-1.0144546,-0.32087,0.18792179,-0.000544218,-0.05571032,-0.32551077,0.19686688,-0.19285391,-0.10912726,0.20231286,-0.48930466,-0.03285246,0.08910147,-0.23261037,0.33317795,0.08119681
163,neutral,-0.020187333,0.044684373,0.33137032,-0.11492964,-0.1032238,-0.0415348,-0.12401555,-0.057306822,0.07911178,-0.015430066,0.033107612,0.058968868,0.14038974,-0.1592564,-0.046930876,-0.15860985,0.06967643,0.1777222,-0.2976282,0.26610363,0.20959148,-0.100157425,0.13949686,-0.046274427,0.016915005,-0.13658996,0.01728702,-0.44309142,-0.07179371,-0.14777315,0.0010158091,0.41990572,-0.0008549145,-0.0034434735,-0.06293923,0.23189509,0.17809035,0.07138728,-0.10791684,-0.08197494,-0.36072937,-0.21412705,0.28648117,-0.17085011,-0.055370256,-0.23496766,0.07176838,-0.1424521,-0.16408053,-0.5751731,-0.14470714,-0.07782543,-0.044220205,0.8842592,-0.005798651,-1.9374706,0.05117385,-0.010853632,1.1815144,0.344412,-0.32731056,0.43409243,-0.22987717,-0.23209567,0.68029183,0.20368278,0.16109535,0.32074752,0.05692262,-0.11864575,0.039231833,-0.119413726,-0.20955591,-0.35803914,0.0034483701,0.011385911,-0.103718475,-0.017922627,-0.6993167,0.05080781,0.45024228,-0.1939571,-0.3162907,-0.034491222,-1.0773087,-0.19050883,-0.19580439,0.050455768,0.14797185,-0.42838338,-0.004112897,-0.056002766,-0.16763982,0.06581756,-0.32910523,0.12290253,-0.025237432,-0.2658571,0.61396086,0.24622099
164,negative,0.14179355,0.11212042,0.5328148,-0.22419661,-0.12506106,0.043172322,-0.36072788,0.0633223,0.04703244,0.17554133,0.06945332,-0.03998974,0.11788256,0.22249514,0.13101752,-0.051717818,0.35342482,-0.23217578,-0.50958174,-0.26367068,0.44809252,-0.1281788,-0.10111481,-0.07511827,-0.0009842811,0.31683883,-0.33663493,-0.09498018,0.4091232,-0.17421855,0.25233904,0.22814827,-0.08157771,-0.04149738,0.019480133,0.12873055,0.08067981,-0.100504,-0.123604335,-0.17274673,-0.2378018,-0.12942064,0.29752976,-0.16643144,-0.1728876,-0.19809303,0.44750336,-0.10053923,0.12092635,-0.4448148,0.066191666,0.3528679,0.40380988,0.90476084,-0.070218205,-1.6600751,0.10276824,-0.30254656,1.3952177,0.2368614,0.12046145,0.18437621,-0.26457536,-0.22454496,0.55016136,-0.14674783,0.26002416,0.28339702,-0.34104708,-0.10039402,-0.08406972,-0.07991771,0.022874033,-0.29848027,0.23946156,0.31602687,-0.06966889,0.3168537,-0.4831522,0.21953295,0.52740544,-0.06375277,-0.18571447,0.048257392,-0.93465936,-0.036001407,-0.043113355,0.14198631,0.18571651,-0.20573327,0.041799307,-0.1481056,-0.2828141,0.081736974,-0.3310682,-0.07163969,-0.12332939,-0.023180453,0.38071403,-0.022907821
165,negative,-0.17358264,0.06809708,0.45508295,-0.108461626,-0.23964421,-0.16409527,-0.2332196,0.15182856,0.19217043,0.027496884,0.27752405,-0.11554102,0.19024846,0.032643385,-0.21442623,-0.066384144,0.015152528,0.14392108,-0.58190995,0.1656889,0.113859415,-0.09512223,-0.034184605,0.013899357,-0.2616597,0.0065999967,-0.0028279985,-0.21920055,0.12711586,0.14105555,-0.05357811,0.45452327,-0.1093633,-0.04217078,0.05552359,0.2578324,-0.14760518,0.0340207,0.17995827,-0.06683006,-0.48057905,-0.12587482,0.105774485,-0.15399289,-0.16646448,-0.32259858,0.022773746,-0.20698169,-0.2825345,-0.75043845,0.38253102,-0.005065695,-0.0067769983,0.7568729,-0.114936836,-1.6277723,0.09356223,-0.12589735,1.3003552,0.24900697,-0.19007073,0.28193998,-0.19897859,-0.039942063,0.61932254,-0.20910864,0.1631715,0.5139591,0.11659342,0.1976182,0.14595197,-0.25841445,-0.2148603,-0.39405742,0.24748603,0.13105918,-0.05618207,0.17950746,-0.6836626,0.06881138,0.49870697,-0.20556797,-0.215934,-0.15184875,-1.133833,-0.2277427,0.09601826,0.07603799,-0.058098268,-0.4239142,0.22004184,0.0057870336,-0.04920854,-0.122888096,-0.30198842,0.09211963,-0.00926066,-0.13127933,0.22158787,0.2428073
166,negative,-0.26045364,0.18993883,0.2887038,-0.17806295,0.13167459,-0.014844258,0.002777413,-0.0005788266,0.2600405,0.75860095,0.05886265,-0.18975115,0.22058628,0.22812638,0.105584145,0.12210589,0.058466755,-0.2149211,-0.6523331,-0.034549568,0.55823755,-0.24342777,0.34084654,-0.049353838,-0.07287101,0.12185845,-0.12230777,0.14516559,0.23287839,0.32094938,-0.07627493,0.21431349,-0.3656563,0.13944298,0.027566621,-0.108496316,0.19410673,-0.15215813,-0.007944495,0.08516434,-0.5269037,-0.15734063,0.04878493,0.03746292,0.4762213,-0.24985385,0.2051919,-0.097577155,-0.23165646,-0.609699,0.14807768,0.38269228,0.052531116,1.1727145,-0.083001986,-2.0177834,-0.12949553,-0.17725168,1.6232216,0.3022183,0.085389115,0.4479699,0.23885892,-0.036442168,0.636501,0.25820854,0.12631597,0.06830963,-0.037163682,0.2579459,0.25067583,-0.5326332,-0.079570234,-0.0990999,0.08007564,0.28861994,0.40995446,0.10769188,-1.0114608,0.22052793,0.88950425,-0.0120265,-0.34568405,0.0861056,-0.8500881,-0.061647348,0.26756167,0.037822276,0.030768791,-0.2845381,-0.011135325,-0.03616251,-0.32334995,0.025215568,-0.5858401,0.09513737,0.17732441,-0.020794325,0.6623669,0.010611332
167,negative,-0.08323388,0.12642114,0.15874073,-0.10025462,0.073007405,-0.055774163,-0.011777325,0.07032949,0.10995973,0.17061627,0.091355994,0.066521056,0.140251,0.06237556,-0.037049647,-0.025103394,0.08865556,0.045014914,-0.5441903,0.20953144,0.17429166,-0.1378614,0.07738322,-0.1366446,-0.045299616,0.24892578,-0.073927775,-0.30335742,0.22790197,-0.1300699,-0.06428257,0.36535615,-0.091389984,0.053081363,-0.06526249,0.07268115,0.025939029,-0.0633128,-0.14021346,-0.22774519,-0.3316638,0.00902102,0.11419637,-0.24031436,-0.0688697,-0.16352881,0.17562555,-0.18019427,-0.03990332,-0.7142016,-0.05724292,0.016523588,0.09561758,0.8677311,0.013902252,-1.6747324,-0.036690645,-0.027274564,1.205929,0.13528746,-0.0797223,0.4204507,-0.12902896,-0.20956899,0.6355049,0.12044501,0.11551693,0.30160037,-0.0053662504,-0.15431419,0.19728832,-0.26389655,-0.38114583,-0.20373431,-0.047312472,0.067938566,-0.12010523,-0.11439301,-0.58664346,-0.002508621,0.50237155,-0.05862852,-0.3523316,0.12448349,-0.87306523,0.013597771,0.19845854,0.14654496,-0.15742448,-0.06756595,-0.08817423,0.025262568,-0.22138004,-0.096710674,-0.43857536,-0.1820048,0.043369908,-0.10508363,0.16885307,0.17466798
168,neutral,-0.28608534,0.40862152,0.08693424,-0.16970903,-0.08818206,0.3696096,-0.2189962,0.06746797,0.09183459,-0.2107749,-0.022527862,0.11711918,0.31034392,0.21070285,-0.108372435,-0.11517482,-0.2338194,0.30561575,-0.40770116,-0.19267218,0.12267942,0.033729795,-0.2698729,-0.14156431,0.18398038,0.37818322,-0.2434389,-0.4032427,0.5549138,-0.6094411,0.18008935,0.4058032,-0.1648805,-0.0041398094,-0.123544544,0.11722659,0.12610878,0.050347105,0.031661153,-0.38427117,-0.45347688,-0.5201888,0.15085508,-0.63192874,-0.32435542,-0.20867234,-0.14421943,-0.057118665,-0.09200925,-0.70728725,-0.19639745,-0.09466185,0.040113904,1.0398952,0.23288128,-1.9551743,-0.22005865,-0.08197834,1.3242913,0.17036623,0.12741421,0.5370831,-0.45806408,-0.07150118,0.56411606,0.23283723,0.19425038,0.68896264,-0.22645198,-0.3323667,0.2431212,0.06297441,-0.12222635,-0.6431564,0.27154908,0.13202463,-0.33613038,-0.12047041,-0.019132882,0.07185334,0.37624127,-0.06538618,-0.5526728,0.093937665,-0.86819607,-0.18065023,0.2651464,0.19365908,-0.054981694,-0.07115504,-0.25669074,0.1378346,-0.09179019,-0.2921292,-0.50892293,-0.42176795,0.08686487,-0.09479891,0.4623443,0.17985795
169,positive,-0.021677297,0.5006524,0.42462227,0.1648685,-0.11716251,0.032112267,-0.007053933,0.5118296,0.0382518,-0.12680331,0.19681709,0.31314144,0.33276293,-0.11960706,-0.08201831,-0.39685738,-0.050200187,0.4514906,-0.35406885,0.44061068,0.6593982,0.07807985,0.11546252,-0.17741403,-0.08450324,-0.27414924,0.016884422,-0.39223298,0.32836834,-0.59458154,-0.15511993,0.445229,-0.1749432,-0.21655984,0.08023031,0.37684155,0.22643675,0.032579504,-0.41270208,0.06863013,-0.21886213,-0.10260997,0.050215118,-0.2810215,-0.07278928,-0.19848879,0.07618605,-0.27072674,-0.34786427,-0.9405004,0.10634066,-0.21896441,0.028892135,0.87541264,-0.19123043,-2.143317,0.10718689,-0.34497356,1.5916569,0.56041676,0.047373645,0.27477053,-0.4548965,-0.24477829,0.77080286,0.15099122,0.31682545,0.5018373,-0.06811382,-0.3588989,0.07846521,-0.24580164,-0.17086914,-0.17928307,0.13128197,-0.02276328,-0.53766584,-0.119433075,-0.644136,-0.005006044,0.67472905,0.07929343,-0.3984119,-0.039312847,-1.259029,-0.20151538,0.3919293,-0.11737436,-0.1008577,-0.021236628,0.043216053,0.092779115,-0.317495,-0.42292166,-0.7496767,-0.15213688,-0.11436009,-0.14611478,0.58648735,0.05828019
170,neutral,-0.20105116,-0.08250494,0.4438872,0.08169474,-0.09179853,-0.027663026,-0.26708636,0.18901046,-0.2726666,0.25259078,0.2427678,-0.07757805,0.41442606,0.22394998,-0.08735321,-0.354068,0.06635218,-0.24709828,-0.2390952,0.004120021,0.41013744,-0.08765741,0.30735904,-0.2796605,0.11059112,-0.05781791,0.10196908,-0.30993822,0.38045982,0.032182995,-0.53880936,-0.031535383,-0.09899971,-0.038194563,0.22442365,0.2524159,-0.10259973,0.4362133,0.057816703,-0.024946827,-0.6611324,-0.3095516,0.21919462,-0.29833665,0.43596467,0.20153473,0.1172605,0.043228775,0.17508644,-0.46983021,-0.2041294,0.32236612,0.23294438,1.0865264,0.092907146,-1.9527574,-0.16489297,-0.23678026,1.6938626,0.2893485,0.11527395,0.58851236,0.028341373,-0.27866578,0.3971208,-0.00819033,-0.41112953,0.20092982,-0.034358274,0.03158255,-0.15824354,-0.47080645,-0.27008504,-0.24364623,0.15917917,-0.083239235,0.13704886,0.2276256,-0.95226103,0.28527096,0.7053744,-0.16566266,-0.066380665,0.31246537,-0.7067593,-0.33503604,-0.04080404,0.12729475,-0.07439088,0.055309646,-0.13220148,-0.1466479,0.023448002,0.03670406,-0.4722307,0.47986227,0.08826489,0.14980008,0.34428057,-0.015807182
171,neutral,-0.10748835,0.2203582,0.32514527,-0.37500414,-0.22039923,0.10678968,-0.25479218,-0.07065641,-0.18253021,0.08307985,0.022207767,0.13164385,0.27309024,0.30623007,0.1972055,-0.21091782,0.2291056,0.39578483,-0.031539537,0.05670894,0.16506034,0.041282326,0.084816545,-0.28329298,0.13733105,0.07791833,-0.46533245,-0.33426797,0.18448788,-0.1377393,-0.2852142,0.33538392,0.122975245,0.12545976,0.37347165,0.24529153,-0.03823372,0.030391982,0.08366335,-0.09953944,-0.43012697,-0.22317584,-0.08300529,-0.4703908,-0.05606229,0.0036789165,0.20890985,-0.19347796,-0.20912237,-0.8368047,0.26340646,0.038045652,-0.03463795,0.915196,-0.020678775,-1.9447778,0.04508647,0.28145963,1.7467543,0.3620477,-0.12558794,0.8650719,-0.18539114,0.09444222,0.5201999,-0.044434242,0.31716996,0.10185544,-0.22450319,-0.23599474,0.03372437,-0.57359606,-0.11745038,-0.21175705,0.34013638,0.2560349,0.06536762,-0.08603056,-0.3947082,0.24517053,0.28498435,-0.2419458,-0.3319718,-0.1822572,-1.0756445,-0.33013082,0.3127992,-0.20565608,0.064131826,-0.1461578,-0.29201823,-0.037762724,-0.098979436,-0.29702073,-0.5218065,-0.075061195,-0.30462512,-0.20498575,0.37741184,0.08121272
172,negative,0.02121269,0.17837404,0.5018488,-0.11298998,-0.04059544,0.31102505,-0.26597548,0.1234794,0.01927025,-0.06569541,0.000105478146,0.15706249,-0.013669415,0.10213068,-0.055980384,-0.045960337,0.07766678,0.15528883,-0.35461044,0.079345874,0.35379526,0.057511665,0.3052027,-0.28612453,-0.11459855,0.2532229,-0.14251597,-0.55031174,0.3523863,-0.0021685953,0.11828038,0.45500112,-0.025339836,-0.16073339,-0.071980864,0.038311712,0.009714386,-0.097041786,0.0150614325,0.03367991,-0.6228733,-0.028761158,0.089949876,-0.3528536,-0.25916526,-0.57924545,0.26381564,-0.29362068,-0.13500406,-0.69578874,0.1334589,0.01361274,0.27745387,0.9455013,-0.10513345,-1.8611155,0.17869589,-0.14902388,1.3283145,0.34712785,-0.17098536,0.30329478,-0.07928213,-0.19398834,0.7271197,0.23597413,0.27548775,0.27238443,-0.22187881,-0.019124076,0.11721572,-0.2244353,-0.26827744,-0.1323361,-0.21948984,0.1843146,-0.16813385,0.093825504,-0.75533855,-0.1881149,0.20419538,0.0028446978,-0.11963359,-0.07502832,-1.1145663,-0.2201301,-0.107177414,0.0979799,-0.053583488,-0.4237147,-0.010176594,-0.07833188,-0.18960096,0.22504666,-0.3097049,-0.009853882,0.11194068,-0.04382804,0.3201915,0.020110158
173,negative,-0.25251055,0.14717004,0.005055118,0.081643395,-0.16861056,0.25444695,-0.08941946,0.09011595,0.13066609,0.3133395,-0.13990498,0.18270946,0.57007104,0.27063614,0.20640391,-0.23529395,-0.14138833,-0.5684447,-0.94359285,0.29165947,0.7738011,-0.0451844,0.2134399,0.14246063,-0.37994733,-0.02232195,-0.069234975,-0.13942754,-0.030063536,0.21469836,-0.06394639,0.087653205,-0.2242489,0.056406323,-0.24653687,-0.1718123,-0.17993897,0.24378484,0.0681353,0.19135042,-0.4083905,-0.08552119,0.15852833,-0.18475334,0.7084585,-0.07094661,-0.16832022,0.026200294,-0.38044962,-0.5175329,0.05161448,0.048778333,-0.09820634,1.0515001,-0.102690846,-1.6220186,-0.13226405,-0.26944998,1.639381,0.58899546,-0.021790853,0.4876154,0.117238306,-0.18052386,0.30111492,0.25672513,-0.08339008,0.12333767,0.33136216,0.05914653,-0.20028755,-0.64797956,-0.058684718,-0.29506928,0.33398116,0.28024703,0.04230071,0.3371098,-0.93098736,-0.13526492,0.6915185,0.16055591,-0.3704981,-0.08064275,-0.97406447,-0.2376869,-0.0073926565,0.24293059,-0.14457235,0.050643023,0.8335844,-0.21278642,-0.02225228,0.10852561,-0.9896279,0.47487816,0.20173164,0.072569415,0.31122,-0.22170617
174,neutral,-0.25292674,-0.15214002,0.27195552,0.045248453,-0.11932038,-0.2162597,-0.41597366,-0.22832438,0.037222337,0.24862589,-0.28708467,0.05133443,0.25705853,0.09136343,-0.17164722,0.0012983881,-0.14800729,-0.12637773,-0.6697918,-0.032588888,0.14962801,-0.30777937,-0.026952013,-0.24129677,-0.11065101,0.18741778,-0.08188313,-0.14445758,-0.042169414,-0.07432392,-0.12382189,0.26644704,-0.23883252,-0.15422887,0.06693494,-0.050765328,0.17404984,0.13275573,-0.22258444,-0.046459492,-0.5588429,-0.10287715,0.3656269,-0.12436157,0.20829928,-0.30870715,0.23441151,-0.14378938,-0.43744886,-0.55141854,0.1400113,0.10688867,-0.094778754,1.0312914,0.1789266,-1.6151383,0.312637,-0.24366648,1.115704,0.26071876,-0.18725012,0.18914302,-0.140175,-0.12953088,0.35327747,0.14838178,-0.10561185,0.24903607,0.048108615,-0.13874902,0.38902968,-0.36714175,0.020394936,-0.5064744,0.11186621,0.16127805,-0.20020993,0.39869314,-0.73627084,0.2451051,0.55932957,0.18734205,-0.031117175,0.057305347,-0.8490753,0.027721692,0.05518656,0.38578886,0.10152439,-0.6251882,-0.014012534,-0.15108715,-0.29173657,0.22988679,-0.288499,0.23057431,0.17842665,-0.33924815,0.44801852,0.3572006
175,neutral,-0.18732783,0.12890887,0.14917435,0.038291138,-0.14954238,-0.13506584,-0.17127024,0.16092563,0.062990166,0.047189325,-0.10693006,0.016154686,0.23012967,0.017517442,0.05079669,-0.17744645,0.06399277,-0.080875285,-0.38281763,-0.03131827,0.23607461,-0.11679123,-0.034410693,0.009322478,-0.062228654,0.2985902,-0.17429474,-0.24483973,0.28865308,0.057404786,-0.041813977,0.10063514,-0.19636735,0.114126354,-0.106855534,0.112716384,0.22138414,0.04845811,-0.15096913,-0.10756947,-0.44633275,-0.13198407,0.21169639,-0.16880131,0.13123143,-0.12918267,0.013222318,-0.09082292,-0.026460314,-0.61337775,0.011319114,0.025934769,0.14965466,0.89940685,-0.04726281,-1.6002425,0.1100736,-0.21532875,1.3251711,0.21227728,-0.09151961,0.41718426,-0.32358524,-0.36772114,0.59733635,0.07916184,0.20441328,0.12360094,-0.062451027,-0.24153075,0.060738817,-0.36065447,-0.14281365,-0.48490292,0.15139705,0.260743,-0.15471008,0.06222741,-0.57027084,-0.01736286,0.647519,-0.008380118,-0.22147453,0.15388316,-0.8747284,-0.24205016,0.09589983,0.22134143,0.012590233,-0.23499194,0.091866605,-0.03915694,-0.13160089,0.21706001,-0.5730095,0.106434055,0.058419243,-0.30660552,0.5040119,0.1379328
176,neutral,-0.119519144,0.2824608,0.36944452,-0.4635213,0.14996453,-0.12520017,0.12075315,-0.07364278,-0.38288733,-0.2428556,0.2911814,0.03917904,-0.17052688,0.06901059,-0.13205779,-0.22052556,0.08377886,0.07640884,-0.4985952,0.2162567,0.25780904,0.08178079,0.33346537,0.37637272,0.07976418,0.20764133,-0.13771585,-0.5155356,0.3349615,-0.0172504,-0.26684722,0.16062863,0.058518235,0.074432395,0.1199243,0.20930558,-0.03828337,0.2911721,-0.25865522,0.046182495,-0.20127441,-0.07978717,0.15339758,0.28045657,-0.08210439,-0.02111547,-0.17229636,-0.31266975,0.29625458,-0.2398761,0.041968137,-0.10898836,-0.109301224,0.23820612,-0.18295525,-1.9479603,-0.2115915,0.032317657,0.5413807,0.5370027,0.11448179,0.75200146,-0.15904604,0.1921,0.25946876,-0.14546935,0.43712765,0.55040616,-0.07244639,0.13466603,0.02189547,0.014266382,-0.23530583,-0.23697272,0.15167958,-0.07933667,0.026849935,-0.1728939,-0.27088422,-0.1092474,0.38983652,0.11784238,-0.33008102,-0.0015694171,-0.72932523,-0.17672497,-0.18682021,-0.092096776,-0.018344851,-0.35068598,-0.11356019,0.1563317,0.1120128,0.2588866,-0.3327026,0.009718712,-0.12760024,-0.2542444,0.09370107,0.08864464
177,neutral,-0.28692794,0.0074167605,0.30711874,-0.04040813,-0.08588957,-0.13101788,-0.07709562,-0.13034908,-0.17042372,0.4741063,0.2376088,-0.19342189,0.12549302,0.027689127,-0.09210537,-0.24803777,0.40016395,-0.18065628,-0.40617028,-0.048291076,0.31539965,-0.16413674,0.10609199,-0.1271968,-0.10228743,0.1224091,-0.27389267,-0.17791528,0.15367131,-0.020756366,-0.2593044,0.22728291,-0.22936542,-0.05997472,0.07031617,0.2794132,-0.28363854,0.11221045,0.25550506,0.066280946,-0.42136735,-0.09252657,0.18720455,0.172286,0.31303647,-0.060565785,0.045454822,-0.16578802,0.07884818,-0.50586385,0.34442484,-0.06816073,0.15806676,1.0391933,0.016811589,-1.5480672,0.084396265,-0.25632948,1.4535009,0.5362433,-0.2459044,0.43943685,0.28036833,-0.01867909,0.41328397,-0.11287654,0.01260734,0.2520171,-0.013569306,0.63770086,0.12337316,-0.40957385,-0.036289353,-0.35999683,-0.08368447,0.051119067,-0.06700472,0.23409,-0.9116696,0.2718086,0.5318666,-0.2028557,-0.0053597405,0.10261259,-0.86017525,-0.08840852,0.13125627,0.10148031,0.046354897,-0.3421063,0.11712548,-0.004321995,-0.05882222,0.10358414,-0.47162226,0.09115118,-0.05595601,-0.18356152,0.27440935,0.12700178
178,neutral,-0.22261326,-0.10362377,0.20916472,-0.023141555,0.05054441,-0.16596843,-0.19752204,-0.08994669,0.168378,0.26261336,0.15363188,-0.0623824,0.37405363,0.0952887,-0.09161539,-0.13220109,0.030733524,-0.24669322,-0.5734069,0.07353912,0.28500646,-0.21991006,0.276368,-0.052100196,-0.15527932,-0.08867489,0.011057512,-0.2745349,0.27528477,0.05852527,0.18048817,0.18059619,-0.16528994,-0.090730265,0.07653198,0.10345367,0.16373998,-0.01607715,-0.105477944,-0.02708996,-0.41271648,-0.03422829,0.27626893,-0.02103745,0.29244974,-0.30000666,0.068125375,-0.03786811,-0.19737934,-0.5706793,0.16885611,0.09128758,0.08355289,1.0301832,0.15885417,-1.748437,-0.0515752,-0.25177178,1.3554378,0.40850648,-0.10451807,0.20203848,-0.07924576,-0.08410144,0.49153996,0.12594256,-0.02267038,0.32892427,0.006393681,0.11605469,0.24747969,-0.49075556,-0.16721968,-0.4290113,0.124722175,-0.12704745,-0.14610144,0.19208808,-0.838231,0.18321326,0.6303015,-0.093280695,-0.377949,0.06025323,-0.89141315,0.07447546,0.23557433,0.15217188,-0.0035123213,-0.16635934,0.2026316,-0.10254873,-0.107515246,0.23673168,-0.4430516,0.11291269,0.008091145,-0.19237874,0.3420843,0.23646165
179,neutral,-0.2050474,0.25741097,0.2110922,-0.09071728,0.19972028,0.016531108,0.11798386,0.2581049,-0.05295596,0.09061823,0.2746224,-0.18773389,0.0281479,0.035411272,0.12988539,-0.38697514,0.33324352,0.066564746,-0.24816203,0.12086185,-0.0123108635,0.0013673111,0.17235534,-0.16748434,0.18393262,-0.31430188,0.10085022,-0.053624913,-0.037861273,0.00909414,0.08982698,0.39461607,-0.027918894,0.09551106,0.1816077,0.2955367,-0.21921396,-0.008174261,-0.25821388,-0.25433356,-0.008624941,-0.2417493,-0.0125348875,0.030310102,0.061782166,-0.2952448,0.26684186,-0.3146644,0.096712515,-0.6933626,0.025495542,0.08429292,0.08770261,0.7270174,0.072028905,-1.8223466,-0.3585064,-0.04897999,1.3424505,0.5297735,-0.1262516,0.5494836,-0.07801217,-0.18965419,0.56795716,0.032878574,0.14230189,0.008425679,0.050687946,0.073228754,0.09035578,-0.23634252,-0.1291117,-0.06876141,0.26978794,0.20829526,-0.07787524,-0.055374753,-0.57590806,0.06777603,0.31370205,-0.3242323,-0.11838511,0.066657595,-0.96834546,0.2854005,-0.058319137,-0.08580562,0.08957448,0.030132242,-0.020070912,-0.066446684,0.24694717,-0.040519282,-0.34777522,-0.14776617,-0.25354928,-0.041754425,0.6318455,0.10295928
180,neutral,-0.23559052,-0.025699088,0.057216838,-0.2871218,0.14922862,-0.023191059,0.09723704,0.26733947,0.03811085,-0.051525246,0.28899267,-0.11302131,-0.09992028,-0.08618826,0.12319257,-0.24909098,0.14433044,-0.10456607,-0.24410635,0.0015047054,0.06569078,-0.0070197126,-0.06848148,0.025925772,0.0045224023,-0.32649428,0.10712128,-0.052092,-0.05891536,0.075146034,-0.0724629,0.4205018,-0.05797104,0.2463143,0.19296953,0.23975562,-0.048861288,0.09182815,-0.014073681,-0.23720029,-0.13087751,-0.21640418,0.040521007,-0.098336205,-0.20351662,0.15961231,-0.12109937,-0.1564136,0.14137565,-0.44787398,0.0031023829,0.182364,0.16062689,0.48224524,-0.23713157,-1.5564343,-0.32965788,-0.27732816,1.1721963,0.34314612,0.048687227,0.2589693,-0.014417303,-0.033237327,0.31581134,0.104988724,0.067856036,0.18511578,0.24452083,0.13416423,0.016330274,-0.0724053,-0.011351907,-0.4398472,0.09738717,0.23524521,0.06263739,0.062877074,-0.597925,0.043100752,0.34651682,-0.07057662,-0.09770999,-0.029621392,-0.7025707,0.068689205,0.08863332,0.041793376,0.09944155,0.15764983,0.008981147,0.09544573,0.015621515,0.04795605,-0.29570517,-0.037313744,-0.08688649,-0.02497622,0.4271269,0.015730163
181,neutral,-0.04265711,0.16094473,0.098599814,-0.31010252,-0.1005461,0.18071198,-0.3878654,0.069428064,-0.34096444,-0.15220593,0.049772035,-0.03370767,0.38452408,-0.12241591,-0.0007222785,-0.31943434,0.08627145,-0.14670287,-0.20439927,0.30940178,0.29580012,0.08604125,-0.1963655,0.0012938471,0.39866766,0.18489285,-0.15503626,0.06687657,0.21720088,0.25070348,0.20562251,0.3801658,-0.04301356,-0.2299305,-0.13026299,0.21495222,0.06409126,0.09376621,0.17031796,-0.06940904,-0.28799924,0.049925935,-0.07125709,-0.25021434,0.027927108,0.033970572,-0.08531697,0.13078505,0.1651805,-0.40571475,0.019961927,0.01225513,-0.0041210563,0.7839866,-0.05361171,-2.0224373,0.062503085,-0.13910963,1.5563862,0.41761646,0.32378802,0.40934017,-0.06820575,-0.2575704,0.57026666,0.16658366,0.04337225,0.06762915,-0.024466725,-0.27094403,-0.03517691,0.006429648,-0.027270408,-0.29751116,0.09957854,0.12681687,-0.101940975,-0.28056425,-0.7384704,0.07605505,0.24634582,0.08974429,-0.1888978,0.20041275,-0.9558834,-0.5290303,0.07409776,0.19999526,0.27721396,-0.17413768,-0.04158038,0.049877364,-0.07444244,0.15154193,-0.38509145,0.29306394,0.1457762,-0.27464274,0.28430685,-0.033147097
182,neutral,-0.13726728,0.3126223,0.42531744,-0.2074169,-0.13545984,-0.8036854,0.20420088,0.03076343,-0.082361735,0.5255044,0.21556784,-0.37860963,0.23391344,-0.031771984,0.2243102,-0.55883193,0.086799316,-0.13543081,-0.19398175,-0.3349087,0.4245966,-0.43901834,0.072480045,-0.14527382,0.12614492,0.5551311,-0.5282925,0.15604578,0.19809611,0.109600626,-0.12397356,0.14185518,-0.22622555,0.074789025,0.25723103,0.19504042,0.2659416,-0.21037966,0.07425724,0.278281,-0.5838034,-0.5350121,-0.12886865,-0.2506361,0.55892605,-0.07639332,0.4189227,0.004874357,0.00089779083,-0.7994759,0.30561584,0.54354525,0.21420263,0.99056834,0.06147748,-1.9078182,0.18741837,-0.27319157,1.6243906,0.48646775,0.032580566,1.0566274,0.14930475,-0.048416983,0.42968532,0.282768,0.09930533,0.0732901,-0.48498937,-0.121271186,0.5441956,-0.50963384,0.3046155,-0.33340493,0.05389101,-0.086182594,0.3007452,0.17005548,-0.7336746,0.5131852,0.9235742,-0.2055066,-0.33427194,0.38561755,-0.91798216,-0.11229518,0.36480972,0.062719144,0.46700665,-0.3160749,-0.31065312,0.015998226,-0.3884486,-0.15549396,-0.52832544,0.6020312,-0.16941617,-0.23742007,0.3963333,-0.18400131
183,negative,-0.44369736,0.13339534,0.49983194,0.02194325,-0.25420892,-0.60138303,0.29665262,-0.16048461,-0.25415534,1.0376364,0.38653037,-0.55014515,-0.014307023,0.12882164,0.44186303,-0.26253086,0.42700332,0.23833825,-0.19185637,-0.15687586,0.37235454,0.021225046,0.099977195,0.09423425,0.22500432,0.26150504,-0.37717152,0.34939006,0.0917292,0.17925487,-0.20690486,0.71176213,-0.009069621,0.26873243,0.49499536,-0.04015638,0.31402072,-0.4915737,0.016126227,0.06865466,-0.35554144,-0.1984237,0.006281714,0.23661882,0.812376,-0.20890965,0.3927601,-0.1756912,-0.21186076,-0.5213768,0.25529352,0.6564428,-0.21382295,0.8766264,0.07813696,-1.5922086,0.3741049,-0.018604996,1.922416,0.6344175,0.24680546,0.7306368,0.39621186,0.35025594,0.029346019,0.2379743,-0.13896264,-0.024500528,-0.34509292,0.49470714,0.27993494,-0.50471765,0.20632443,-0.48243502,0.02459336,-0.22068238,0.5083068,0.36125663,-0.64550537,0.35723954,0.7500752,-0.1482535,-0.25560495,0.0153893,-0.8228971,0.17370296,0.655839,0.22409925,0.19031835,0.19168133,-0.18332839,0.27489543,-0.11512213,0.050825313,-0.12412183,0.56902087,-0.07912445,-0.07403511,0.3104957,-0.101072066
184,negative,-0.09129601,0.38183573,0.07115202,0.061304122,-0.20896855,0.445092,-0.7874603,-0.103347935,0.3387004,0.2576623,-0.015719704,0.15843646,0.4296203,0.14474972,-0.00866545,-0.21767141,0.2562054,-0.45337808,-0.62453157,0.09454821,0.6979999,-0.0014953421,0.7192152,-0.34417385,-0.42879125,-0.39145932,-0.045206793,-0.2365017,0.16661096,-0.35154322,0.49895608,0.54962283,-0.19513589,-0.046865836,-0.22414735,0.111999884,0.19506568,0.20198874,-0.19413586,-0.18305886,-0.9915963,0.026603544,0.38890007,-0.23096111,0.27044877,-0.3679002,0.23575181,-0.51524717,-0.3843907,-0.56827146,-0.078620106,-0.4548211,0.45328444,1.5279799,-0.29818952,-1.9698547,0.1623671,-0.24903736,2.3196194,0.50102323,-0.0052091065,0.39038515,-0.34379512,-0.08698938,0.8155054,0.53481036,0.003222495,0.39686882,0.3867358,0.015739465,0.3344164,-0.6354085,-0.5575743,-0.6041762,0.07828811,0.21542427,-0.25143215,0.8131854,-1.5995446,0.21787335,0.95813566,0.19010389,-0.28125182,0.20073137,-1.3772953,0.04030659,-0.16756886,0.13151291,-0.2404652,-0.7609057,0.491197,-0.49886215,-0.40800658,0.11391387,-1.014772,0.109005466,-0.08281155,-0.21154386,0.3363857,-0.053572487
185,negative,-0.13239188,0.36905473,0.20543218,-0.18025,-0.1560015,-0.00058858097,-0.038468555,0.026669616,-0.019163506,0.23286158,0.14741635,-0.107026786,0.3245906,0.05723064,-0.015940009,-0.043196116,0.040430255,-0.120289996,-0.4731454,0.11662748,0.45787868,-0.061747584,0.09326262,0.038866248,-0.030003902,0.07434545,-0.20847592,-0.24639444,0.42980036,-0.09408374,-0.07287254,0.1439144,-0.107781045,-0.078691386,0.13192019,-0.039139688,-0.1020621,0.0467869,0.084926695,-0.06353284,-0.27136064,0.008647532,0.10632145,-0.27650273,0.034372076,-0.10391522,0.1738872,-0.15845668,-0.18293685,-0.6094765,0.06809626,0.0076221614,0.12215833,0.9061145,-0.06522577,-1.8055221,0.116370805,-0.15529811,1.2633561,0.3636728,0.07191822,0.6456116,-0.08912562,-0.05086448,0.62505543,0.18129632,0.16249159,0.15154079,-0.15249331,0.0116588855,0.22330317,-0.2886797,-0.2671064,-0.19949058,0.20022756,0.1682259,-0.030912627,0.00080059335,-0.7029345,0.052099194,0.73610353,-0.08693704,-0.30066705,0.21655193,-1.0539528,-0.2501331,-0.021961628,-0.088725835,0.011544781,-0.2068034,-0.058838617,-0.09486578,-0.019089947,0.09970001,-0.5764319,-0.08884391,0.042679504,-0.043624662,0.33643883,0.07503947
186,negative,0.18452762,0.18880944,0.2571952,-0.65759027,0.013697619,0.19566193,-0.031509046,0.09391143,-0.11888572,0.021484701,0.020633293,0.041105986,-0.03057894,0.31471258,0.09086838,-0.42467391,0.16586745,-0.091906205,-0.52146006,0.021132829,0.047342215,-0.0019640382,0.023694057,0.26139498,0.15963955,0.19167961,-0.13898407,-0.72846794,0.12369568,0.37193137,-0.12009211,-0.06983441,0.02823568,0.04407362,0.028353099,0.4890768,-0.40758902,-0.05174597,0.37983823,-0.15865648,-0.13317823,0.08596068,0.21565785,-0.0203057,-0.07273376,0.08868661,-0.3675066,-0.22677562,0.08595981,-0.083831824,-0.03648237,-0.5287305,0.3241169,0.55160576,0.0141734695,-1.1102554,0.30633202,-0.0617385,0.27401647,0.30424815,0.06594917,0.15775126,-0.3531184,-0.26818886,0.28337085,-0.09451445,0.5245414,0.37179807,-0.089997426,0.11404209,0.040237118,-0.024064148,-0.21238928,-0.16498579,-0.029961584,0.2320635,0.21301171,-0.26437682,-0.057599153,0.41096827,0.28215656,-0.25229397,-0.04760268,0.0021190427,-0.6747396,0.20903395,-0.1286011,-0.051704932,0.055159204,0.004916903,0.2519503,-0.23520246,-0.011101654,-0.15778121,0.07269945,-0.06903959,0.021572636,-0.07973534,0.049045727,-0.41807517
187,negative,0.18452762,0.18880944,0.2571952,-0.65759027,0.013697619,0.19566193,-0.031509046,0.09391143,-0.11888572,0.021484701,0.020633293,0.041105986,-0.03057894,0.31471258,0.09086838,-0.42467391,0.16586745,-0.091906205,-0.52146006,0.021132829,0.047342215,-0.0019640382,0.023694057,0.26139498,0.15963955,0.19167961,-0.13898407,-0.72846794,0.12369568,0.37193137,-0.12009211,-0.06983441,0.02823568,0.04407362,0.028353099,0.4890768,-0.40758902,-0.05174597,0.37983823,-0.15865648,-0.13317823,0.08596068,0.21565785,-0.0203057,-0.07273376,0.08868661,-0.3675066,-0.22677562,0.08595981,-0.083831824,-0.03648237,-0.5287305,0.3241169,0.55160576,0.0141734695,-1.1102554,0.30633202,-0.0617385,0.27401647,0.30424815,0.06594917,0.15775126,-0.3531184,-0.26818886,0.28337085,-0.09451445,0.5245414,0.37179807,-0.089997426,0.11404209,0.040237118,-0.024064148,-0.21238928,-0.16498579,-0.029961584,0.2320635,0.21301171,-0.26437682,-0.057599153,0.41096827,0.28215656,-0.25229397,-0.04760268,0.0021190427,-0.6747396,0.20903395,-0.1286011,-0.051704932,0.055159204,0.004916903,0.2519503,-0.23520246,-0.011101654,-0.15778121,0.07269945,-0.06903959,0.021572636,-0.07973534,0.049045727,-0.41807517
188,neutral,-0.3433207,-0.042652648,0.1724547,0.28632307,0.12532745,-0.23786184,0.23897669,-0.0036728734,0.09597523,0.19842719,-0.048572335,0.14604655,0.9203198,0.11328187,0.086772904,0.10652221,-0.4622864,-0.17865112,-0.4866706,-0.41417682,0.20108727,-0.4471006,0.30201188,-0.15256897,0.1075392,0.041595098,-0.44069362,-0.13200703,-0.0799729,-0.3603599,0.055686906,0.0854115,0.23101917,-0.09253192,-0.03673044,-0.10674669,0.31161118,-0.2119636,-0.23641093,-0.07954512,-0.32850048,0.37091258,0.7649663,-0.028166678,-0.16353829,-0.5189945,-0.17594549,-0.15289536,-0.3588102,-0.3497399,0.483376,0.18775752,0.002580016,0.84517604,-0.28266585,-1.8080782,0.31416982,-0.37254018,1.3377702,0.50661135,-0.2297327,-0.13711208,-0.8190126,-0.5983323,0.7208006,0.31020227,-0.27605504,0.2760806,0.085693255,-0.6033206,0.43307295,-0.48681635,-0.3446664,-0.7121095,0.004806853,-0.26705772,-0.30690548,0.25397173,-0.955399,-0.1818976,0.3140825,-0.2271593,0.14603528,0.030252948,-0.5822412,0.2905822,0.40694103,0.21872713,-0.16735199,-0.31320307,-0.34797424,0.02738961,-0.594026,0.1613169,-0.70148194,0.438829,0.021998923,0.25185353,0.5093539,0.4630032
189,negative,-0.23998296,-0.046066456,0.16061147,0.0751558,-0.04424655,-0.33366853,0.0645735,0.024444645,0.031638514,0.7416701,0.020053135,-0.201675,0.23701711,0.13621604,0.056429304,0.12131535,-0.21765156,-0.35521156,-0.5591393,-0.08404202,0.43968713,-0.1622978,0.18123567,0.043601505,0.19198579,0.13746278,-0.37048423,0.099710636,0.32725433,0.15114611,-0.17931506,0.12096858,-0.20351769,0.31474903,0.008664057,-0.12354185,0.22042361,-0.220037,-0.07840144,0.10241269,-0.7027319,0.04588073,0.22571395,0.18947992,0.39532176,-0.39956453,0.3183283,-0.0060036755,-0.14763433,-0.4953307,0.20204751,0.32958865,0.30011946,0.9526445,-0.20512347,-1.8616837,-0.21402499,-0.093408234,1.2697186,0.34844878,-0.05302259,0.5751118,0.14344053,-0.26553583,0.357673,0.24837188,-0.047241513,0.34442064,-0.32149485,-0.037818614,0.17908572,-0.5039001,-0.23779105,-0.38361385,-0.15308417,-0.0058673676,0.21566246,0.17186652,-0.8938324,0.08304788,0.8941367,0.01091914,-0.1332804,0.04097019,-0.5862568,0.04822764,0.21459763,0.23531033,0.07983846,-0.23693304,-0.04166425,0.38664228,-0.23780572,0.1144352,-0.6232627,0.29690975,-0.00083016575,0.1197795,0.5514654,0.03599365
190,neutral,-0.15502211,0.030828668,0.15566291,-0.20654076,-0.10710169,-0.08256483,-0.10686083,-0.016222844,0.09601122,-0.014770675,0.025433643,0.006495046,0.12990306,0.008296995,0.07054201,-0.016816042,-0.096251205,-0.07525399,-0.34237403,0.14785264,0.1688865,-0.080316,0.0016121025,-0.2438908,-0.06984063,0.08203509,-0.068267874,-0.10098402,0.10045177,-0.055780612,-0.0734777,0.16587113,0.0111025665,0.04804333,-0.11149046,0.22925365,0.003463539,0.041254178,0.003015018,-0.102174416,-0.38921863,0.05927054,0.14903101,-0.08608209,-0.09323711,-0.29323462,0.13943444,-0.046164203,-0.09339675,-0.5647584,0.0026586088,0.07576408,0.22079222,0.5793003,-0.24148843,-1.4266704,0.12875722,-0.04770038,0.7550482,0.25096858,-0.117710225,0.37973306,-0.15228522,-0.31268176,0.4071727,-0.056459032,0.24227479,0.33135465,-0.18069422,-0.09833387,0.1423697,-0.22147432,-0.17435719,-0.51116115,0.06102219,0.17278598,0.023103312,-0.08768202,-0.59010893,-0.03757711,0.37335226,-0.25265792,-0.20418376,-0.13889042,-0.8689836,-0.16132316,0.056714013,0.047227252,-0.0046014967,-0.24880733,-0.08975449,0.041698854,-0.094658345,-0.0016611248,-0.29977342,0.025492962,-0.18455227,-0.28547254,0.11927781,0.17742568
191,negative,0.20156188,0.11804163,0.15670522,-0.22071986,-0.08095485,0.22274528,-0.019883914,0.075650245,0.07803816,0.3903605,0.09692081,0.056391627,0.25637427,0.33911005,-0.21006587,0.07149881,0.22085178,-0.032537438,-0.7778509,0.39122975,0.17508273,-0.21671827,0.18900068,-0.10254188,-0.14662458,-0.05592956,-0.16005096,-0.4449865,-0.01642685,0.13523036,-0.06419041,0.23218004,-0.054942474,0.18393174,-0.085878074,-0.13993998,-0.015789837,0.06417914,0.29285356,0.09656093,-0.72424626,0.014458273,0.18555093,-0.24396978,0.124735385,-0.13472624,0.08804996,-0.0094557535,-0.08965091,-0.47678265,0.1567275,-0.1974315,0.042309985,0.9438992,-0.24296361,-1.8026804,-0.262404,-0.21733524,1.4525683,0.3755822,-0.10472051,0.5149617,0.106954575,-0.14192611,0.59452164,-0.12208333,0.15249825,0.35096467,-0.08555276,0.40849072,0.09191425,-0.3723124,-0.19116342,-0.07705374,-0.114981264,0.1927536,0.25388443,0.0854533,-0.8672745,-0.111373164,0.5107427,0.2393414,-0.19976246,-0.18436618,-1.0408351,-0.33373353,0.098572835,0.041915715,-0.030155255,-0.2950971,0.029707909,-0.20568502,-0.08593172,0.10453392,-0.30370876,0.13668926,-0.2300811,-0.13533068,0.29252648,-0.016629502
192,neutral,-0.052278746,0.31855515,0.45471433,0.026984127,0.08993011,-0.24785063,0.14372465,0.25107065,-0.13405955,0.33939603,0.25865933,-0.116163865,0.31652874,-0.087469004,0.049696743,0.21137595,0.055085436,0.0043514394,-0.4089699,0.11535534,0.40617725,-0.2311056,0.16717088,0.32030153,0.3310517,-0.15296923,-0.17253792,-0.1128914,0.07248032,-0.07845412,-0.056329638,-0.08668422,-0.070363246,0.02070236,-0.18546471,0.02497847,-0.1559966,-0.07545438,-0.4574614,-0.039228354,-0.5365698,0.1880726,0.4531317,0.10235011,0.17905565,-0.1856969,0.37377474,-0.41616708,0.09749589,-0.72348505,0.21671923,-0.0007674901,0.15492773,1.0949333,-0.1214242,-2.018433,-0.1530743,-0.2138594,1.3395042,0.61612725,-0.37615246,0.5912788,0.009799329,-0.22568023,0.82980424,0.04268392,-0.07027671,0.2718476,-0.07354766,-0.09380876,-0.009251103,-0.14344676,-0.39300075,-0.24862546,0.023371624,-0.010838426,0.11980002,-0.078067906,-1.0712743,0.14137647,0.654837,-0.06655336,-0.37079474,0.2723587,-0.9832281,0.06535321,0.27663165,-0.09737902,0.06475113,-0.2110238,-0.07535893,0.1843238,-0.19650061,0.3497913,-0.54137677,0.002682315,0.2173961,-0.0033269976,0.3146129,-0.0069991304
193,neutral,-0.097057946,0.2384318,0.34745103,-0.3011242,-0.14464605,0.37745097,-0.016792197,0.22160615,-0.11856849,-0.065492645,-0.080881424,-0.013897301,0.3137386,0.08918199,0.04104712,-0.18175483,0.20721173,-0.046064503,-0.25097132,0.23696277,0.21415229,-0.05958508,0.050105978,-0.043300133,0.33235997,-0.06939462,-0.18007998,-0.45648807,0.208388,0.027851988,-0.042909496,0.401049,0.084091485,0.011909507,0.20323431,0.22054043,-0.09653538,0.28582662,0.17303564,-0.019796768,-0.33859524,-0.2410518,0.20012976,-0.31194395,-0.073080584,-0.09329261,-0.032329664,-0.068563364,-0.11103197,-0.6128391,-0.097067125,-0.24739948,0.076906264,0.90880054,-0.14619455,-2.307714,-0.28999755,-0.09856758,1.4643002,0.50017107,-0.1510063,0.66562045,-0.08851778,0.04614538,0.77716804,-0.014037769,0.38578436,0.32372695,0.07454888,-0.02909358,-0.0852876,-0.26586568,-0.18695712,-0.33354172,0.12745701,0.2421357,-0.15667129,-0.24537045,-0.6582825,-0.16977134,0.43128625,-0.18799129,-0.16781947,-0.028633604,-1.2532442,-0.3050548,0.041634224,0.002788597,0.14322858,-0.21451524,0.027618647,-0.13680916,0.098810874,-0.041292194,-0.6056453,-0.025206579,-0.36857072,-0.22009702,0.51550466,0.05918712
194,neutral,-0.10349584,0.07650899,-0.051343486,-0.3252771,-0.043489445,0.004811153,-0.2686496,0.22141287,-0.11646521,-0.30958566,0.1275137,-0.041842192,-0.064477704,0.23879628,0.20253783,-0.0896861,0.29686987,0.032485433,-0.5330117,0.4991433,0.1222232,0.16699226,0.19739221,-0.2117088,0.43856454,0.037016917,0.08839616,-0.4986842,0.08268158,0.5487183,0.056019757,0.5099996,0.23305397,0.39566,-0.16800165,0.13903555,-0.10143322,0.29755515,-0.14003623,-0.39420554,-0.034946043,0.17653874,-0.078272544,0.12038283,-0.09446045,-0.2242066,-0.06856234,-0.15489285,-0.10848192,-0.23739098,0.16851649,-0.034415327,0.51129353,0.5513535,-0.2510074,-1.3814436,-0.08457718,0.28963292,0.1364752,0.26077953,0.05086861,0.53428006,0.2784113,-0.27128854,0.42335206,0.28254554,0.46537128,0.40620947,-0.119914286,0.034196224,-0.099439986,-0.02873849,-0.03296897,-0.10907345,-0.058849826,0.24965008,0.031657144,-0.12876947,-0.014100479,-0.22570299,0.20059986,-0.059083648,0.0048812637,-0.005234533,-0.5996961,0.044422187,-0.06821397,-0.17591111,0.1772453,-0.0010551135,0.34771633,-0.010146052,0.042804625,-0.044121,-0.21232805,-0.010802419,0.08037751,-0.16739163,0.14066918,0.10785965
195,negative,0.00759783,0.26978138,0.31848747,-0.11762315,0.05928306,-0.016024364,-0.20771757,0.077176526,0.016228901,0.18904565,0.05885481,0.0474207,0.15388164,-0.10637909,0.02905077,-0.22542503,0.01831035,-0.009213791,-0.35532936,0.17761847,0.28607804,-0.013261347,0.12841468,-0.07860859,-0.008752623,-0.07570453,-0.19402048,-0.33819792,0.23957501,-0.115787104,0.12254722,0.38426143,-0.11113037,-0.06366615,0.10434176,0.22554226,0.1445708,-0.017871998,-0.010201174,-0.15001647,-0.46576262,-0.17987105,0.19298823,-0.3038252,-0.049780928,-0.13244623,0.07650795,-0.22020033,-0.16947377,-0.6008811,0.12175149,0.0045019975,0.19578843,0.90527743,-0.15379299,-1.8776754,0.07779088,-0.20563683,1.3938541,0.2852039,-0.13518178,0.43704107,-0.089806244,-0.22468676,0.56466365,0.13754526,0.27989426,0.33517584,-0.08961374,-0.067067236,0.06838674,-0.24602269,-0.31191546,-0.3422954,0.041217465,-0.0006863872,0.06750024,-0.0066435547,-0.7787005,0.21300896,0.6017635,-0.13055529,-0.28609428,-0.13068618,-1.0163453,-0.071631044,-0.03232253,0.20839666,0.08467599,-0.4738045,0.00076285296,-0.108363226,-0.15122241,-0.17525962,-0.58056384,-0.029651945,-0.112242594,-0.09079406,0.44055647,0.090798676
196,negative,-0.025482526,0.056929205,0.27319822,-0.26543954,0.10020939,0.10996785,0.075084314,-0.04478974,0.29060185,0.08931624,0.107459724,-0.08397564,0.065907195,-0.029814675,0.10849388,-0.11741883,0.08049605,-0.067874625,-0.13166824,0.06298523,0.43741783,0.036947638,0.0747345,-0.20416978,-0.0051362943,0.13971113,-0.1387239,0.06512301,0.18527405,-0.06533315,-0.0088016335,0.57324356,0.06301321,0.07635152,0.112421006,0.10055364,-0.15094328,-0.12344156,0.22749807,-0.1874738,-0.11712232,0.037174653,0.0125644505,-0.27451077,-0.108980566,-0.30769286,-0.056796122,-0.19245,-0.03924124,-0.6934842,0.07634175,0.20264886,0.0060322722,0.6288096,-0.27069882,-1.6217203,0.04946106,0.07330063,0.98041373,0.29688084,0.0863875,0.47658786,0.044164892,0.0764343,0.56964356,-0.18429713,0.49371752,-0.0765882,-0.1687224,-0.25581324,0.08558576,-0.23222306,0.0658213,-0.14383301,-0.0004622561,0.095326856,0.108583994,-0.10930905,-0.18524979,0.16205737,0.26209605,-0.10900946,-0.5116969,-0.08399169,-0.9789646,-0.06472761,0.04923359,-0.16605009,-0.06087909,-0.22508378,-0.05533206,0.095047176,-0.15115467,-0.22692418,-0.0012973966,-0.24774133,-0.1256994,-0.025822613,0.37144867,-0.0024335377
197,neutral,-0.109737545,0.06129254,0.3449403,-0.24433088,-0.017871335,0.14650714,-0.3196597,0.36097884,0.025926521,-0.07189633,0.15442316,0.016589632,0.116624445,0.006888153,-0.0125684785,-0.33786228,0.084676646,0.16627401,-0.27108198,0.08784586,0.032781933,-0.17756343,0.058743488,-0.1671556,0.13498838,0.04411473,-0.040149093,-0.21531777,0.25141397,-0.007258358,-0.22233564,0.18375826,-0.11154375,0.2923841,0.06114653,0.28216192,-0.017120576,0.13567324,0.11236458,-0.2900777,-0.24732153,-0.1808964,-0.005456681,-0.123115994,0.05891286,-0.1005483,-0.028867912,-0.14014411,0.061646547,-0.6754145,-0.13495666,-0.009674764,0.121542975,0.85620755,-0.07587176,-1.7264307,-0.1499663,-0.017699393,1.2579249,0.30671722,-0.25084898,0.54127777,-0.22449821,-0.17617182,0.38867775,0.09542812,-0.06969749,0.26665336,-0.088384055,-0.07363144,-0.07066285,-0.366743,-0.0842245,-0.35872233,0.06825068,0.042312577,0.095057085,0.043158524,-0.57643825,-0.07576708,0.5350459,-0.1500721,-0.14947869,0.13519306,-0.8909296,-0.047639195,-0.12088805,0.06667856,0.00065806485,-0.065670624,-0.020873304,-0.057823177,-0.001606317,-0.19538252,-0.42457688,0.18196948,0.15609631,-0.061894175,0.5481967,0.12779768
198,neutral,-0.11562794,0.081748724,0.37350044,-0.00045380843,0.16479401,-0.117108256,-0.06189617,0.10868512,-0.12776498,0.098452784,0.053163707,-0.047870755,0.18721445,-0.06899057,0.01930729,0.054788556,0.1868845,-0.09122034,-0.18076478,0.051125523,0.29303092,-0.17899466,0.07023312,0.24513924,-0.06374347,-0.044254255,0.014286066,0.017952714,0.25060683,0.023760064,-0.042042706,0.2997285,-0.25641128,0.13590173,0.08196207,0.060898088,0.01922992,0.13688445,-0.07651867,-0.09094918,-0.28517884,-0.19707496,0.114808604,0.0035615459,-0.01497168,-0.047407232,0.15503532,-0.18851374,0.062951244,-0.6434368,0.004301246,0.119034775,0.13277404,0.9372987,-0.116058595,-2.2021892,-0.21936408,-0.20681915,1.4811976,0.4903276,-0.14027257,0.5395435,0.05300186,-0.061187334,0.45347717,0.050042965,0.12564836,0.27531892,-0.02696017,0.051234074,0.072095126,-0.1680483,-0.08739315,-0.31771004,0.12642579,0.040892202,0.013610455,-0.07280089,-0.740135,-0.018744852,0.45385674,-0.091470316,-0.25731236,0.16182594,-0.9911565,-0.25218168,0.18708356,0.13613449,0.20278914,-0.08389558,0.111228235,0.05803647,-0.081034236,0.00011708537,-0.3490563,0.062394015,0.0064908406,-0.199235,0.42003638,0.15874226
199,negative,-0.027507199,0.35052928,0.26207784,-0.07371675,-0.14234105,-0.08391545,-0.10802138,0.12524657,-0.046087462,0.010518928,0.0034318992,-0.0019941973,0.12814322,0.11586056,-0.0075565744,-0.11815251,0.07799642,0.026187249,-0.3095766,0.22454278,0.28721604,0.14770524,0.06311068,0.045469187,0.10032728,-0.03459446,-0.14127328,-0.2962711,0.12340561,-0.04263698,-0.039479747,0.19628878,-0.13275568,0.07354346,0.0850734,0.18829128,0.0043025063,0.02785095,-0.042396847,-0.11704881,-0.3149711,-0.14374991,0.05116671,-0.20032953,0.00807694,-0.12562099,0.17928466,-0.18471181,-0.038630337,-0.72592676,0.022093717,-0.051232357,0.08185362,0.76950526,-0.12573458,-1.9072167,-0.010203604,-0.19346724,1.2617555,0.35579675,0.0011961057,0.53766584,-0.10182462,-0.11611145,0.5177124,0.039666083,0.19684285,0.19936396,0.0070805573,-0.04716976,0.0505023,-0.2008811,-0.24527754,-0.23395623,-0.008697021,0.04911786,-0.051004276,0.09252887,-0.5343213,0.05346699,0.6531248,-0.032967336,-0.24549764,0.085302785,-0.98199,-0.15802957,-0.057308134,-0.03158167,-0.17775644,-0.28803372,-0.14925273,-0.029414728,-0.06235711,-0.13495944,-0.49480963,-0.041059177,-0.029400963,-0.06943664,0.53600407,0.089568526
200,neutral,-0.107934356,0.35654542,0.3035436,-0.19910988,0.12125004,0.2705255,-0.19682264,0.2787508,-0.27017704,0.0075736432,-0.14572902,0.008257299,0.2416562,0.024023652,0.02098488,-0.23298253,0.26293164,0.28066352,-0.3749553,0.0061438805,0.36363637,0.24793017,-0.0074393707,-0.21604219,0.20780586,-0.114170924,-0.16712125,-0.30863994,0.1188291,-0.29792684,0.079212375,0.45581812,0.0956267,-0.17410927,0.11615716,0.26701128,0.07306953,0.16464172,0.044532526,-0.07598392,-0.21036394,-0.22261931,-0.19110435,-0.18175752,-0.23377216,-0.1745278,0.05975841,-0.042732954,0.06102842,-0.43038094,-0.017065922,-0.017046543,0.047477033,1.0352566,-0.18722571,-2.4000957,0.028719343,0.07108005,1.5243926,0.3550313,-0.26834795,0.88482904,-0.12121022,0.16627645,0.7692401,0.09306195,0.36782122,0.20232163,0.041408375,-0.20101756,-0.07755266,-0.2735926,-0.30693066,-0.4943051,-0.009913873,-0.33812067,0.057374105,0.12050484,-0.43748933,-0.09689104,0.41466406,0.16590565,-0.43787464,-0.027915595,-1.3320585,-0.018976623,0.11757991,-0.1179688,-0.05580723,-0.19749859,0.007349679,-0.016085006,-0.032601386,-0.3672935,-0.5621302,-0.17716219,-0.21372133,-0.2208432,0.5627948,0.33467853
201,neutral,-0.18720637,0.089309335,0.44190705,-0.08945147,-0.27484468,0.049787305,-0.058046196,0.055747915,0.20016007,0.0645332,0.2933927,0.14359882,0.30796254,0.04736499,0.24854426,-0.4216929,0.07809954,0.18084647,-0.10419127,0.16121519,0.3833889,0.17177571,0.072160244,-0.25137326,0.048717402,-0.071273096,-0.19760269,-0.20358019,0.20728673,-0.14734769,-0.20167917,0.34405056,0.067939565,0.16700436,0.065263554,0.24087626,-0.020384004,0.038967706,0.24745923,-0.05245793,-0.36960793,-0.27668676,0.052667037,-0.21972233,-0.095424205,-0.043067593,0.0823176,-0.011056023,-0.05449861,-0.6216214,0.027892845,0.32432824,0.16355371,0.93230456,0.071678646,-1.8203661,-0.0922486,0.123013444,1.6447623,0.21520199,-0.018796396,0.7980015,-0.07135888,-0.03928528,0.6137159,-0.003956966,0.31205776,0.0028652425,-0.15568842,-0.12914857,-0.21550281,-0.52179354,0.08886178,-0.32916775,0.23244734,-0.22128299,0.037378643,0.2050292,-0.60733896,0.28897104,0.2847924,-0.09083002,-0.29603246,0.081704475,-0.9488566,-0.15426202,0.082035854,-0.29199466,-0.057898175,-0.21029615,-0.09733329,-0.09269337,-0.001290307,-0.11806609,-0.42744425,0.11711657,-0.1720534,-0.0060500023,0.3633137,-0.08372529
202,neutral,-0.27859193,0.18167846,0.29963493,-0.26904038,-0.05922661,0.08303239,-0.008687708,-0.07537989,0.3889849,0.040782362,0.2678473,0.17958091,0.28894153,-0.0693562,0.0290156,-0.021464262,0.15145391,-0.1263311,-0.013471911,-0.08850478,0.1810146,0.03689133,0.13858081,-0.19723085,0.104355775,0.22016925,-0.044824697,0.015800962,-0.04430693,0.03737399,0.15464723,0.04480181,-0.31306466,0.48251298,-0.07367373,0.083511285,0.094425984,-0.05623423,0.034816865,0.033446133,-0.65177554,-0.30829805,-0.101746194,-0.2582907,0.020208158,0.071687914,-0.16032074,0.1939714,0.10244736,-0.45032492,0.3267759,-0.043102473,0.056273997,0.8125765,-0.0042422055,-1.3794568,-0.29226723,-0.067761555,0.92478114,0.68373346,0.035384513,0.93650883,-0.09423838,0.037677027,0.58939034,-0.16398472,0.29929858,0.33038735,-0.12908565,-0.49271718,0.052137848,-0.0670801,-0.14174215,-0.040544268,-0.07985408,0.20587415,0.006659898,0.43956393,-0.50407743,-0.08034634,0.39734057,-0.05189219,-0.10421517,-0.09789748,-0.6619311,-0.22947916,0.022764802,-0.014744383,-0.29068702,0.008591853,0.18596841,-0.12400966,-0.34608948,-0.25555784,-0.01691388,0.015862547,-0.24422933,-0.11707958,0.5298483,0.020693874
203,negative,0.03638254,0.24552968,0.32774413,-0.051634148,-0.100361064,-0.11489101,0.026587998,0.15766543,-0.04279542,0.26700306,0.056804303,-0.12782767,0.09860899,0.049437407,0.01743281,-0.049786605,0.14293446,0.11469195,-0.31499022,0.16215712,0.3086724,-0.12101618,0.13862523,-0.19521348,0.3218063,0.07155619,-0.1854139,-0.060217544,-0.011635852,-0.071519315,0.027475107,0.22931178,-0.14122058,0.050606698,0.10776042,-0.012338485,-0.050527,-0.11010356,0.037486583,-0.071927905,-0.20122203,-0.059816096,-0.031738155,-0.17110988,0.16199164,-0.08008811,0.25681886,-0.11341472,0.09828325,-0.5199121,0.06426399,-0.07879365,0.119915955,0.8395644,-0.02617736,-1.8997155,0.09891656,0.04094972,1.256093,0.38512507,0.0806876,0.47623476,-0.08456259,0.035215337,0.46886754,0.10193496,0.12744537,0.049525388,0.057621267,-0.13359734,0.10908214,-0.092499055,-0.18629089,-0.045117762,0.042492338,0.0078738695,0.10057142,0.08607226,-0.71827257,0.13560961,0.5654476,0.033798616,-0.27712563,0.08628887,-0.931715,0.13808198,0.13417527,-0.0636042,-0.14128949,-0.21407549,-0.046699926,0.0888609,-0.2357266,0.060561024,-0.31143364,-0.07387348,-0.055576406,-0.25125408,0.5112021,0.0042485935
204,negative,-0.107830234,0.39254335,0.38264167,-0.11551862,-0.089768484,0.05620935,-0.16574208,-0.29353714,-0.14703357,0.092606604,0.119017094,0.097971104,0.09450804,-0.042193282,0.012878869,0.08056055,-0.09610547,0.12295729,-0.22782007,0.2193394,0.30589694,-0.015620776,-0.0552971,-0.23639739,0.1693544,0.4316268,-0.08829698,0.08724191,0.080166526,-0.21098337,-0.05897224,0.07629914,-0.18438736,-0.09679439,-0.06394156,0.058504608,0.06212838,0.16400856,0.061573997,-0.085008316,-0.31328043,-0.05671282,-0.12210906,-0.09627282,0.034654554,-0.17781006,0.46576902,0.0020478833,0.027412003,-0.16574116,0.22040348,0.04632564,0.3500463,0.72628164,-0.06574172,-1.584946,0.29620788,-0.17699432,0.6375994,0.34666154,0.15395014,0.5276953,-0.04616772,-0.083892964,0.6530962,-0.11161022,0.18786508,-0.038359333,-0.08923032,-0.08488193,0.037240054,0.16442966,-0.017912967,-0.15807159,-0.117516644,-0.034453038,0.12850472,0.12528858,-0.6342448,0.2625905,0.21634191,0.13190939,-0.13966025,0.10721271,-0.79459417,0.020040793,-0.16241476,-0.21580131,-0.13042821,-0.33932063,-0.12247878,0.026560428,-0.2892403,0.16805121,0.08642957,-0.066550165,-0.17389989,-0.5009196,0.17646204,0.21560468
205,neutral,-0.21518828,0.20710552,0.12089201,-0.34788877,0.08210075,-0.080362484,-0.21132483,0.09665355,-0.06637327,-0.04238779,0.24982077,-0.2723337,0.17840159,-0.3672736,0.17020015,0.5225769,-0.07277181,-0.27863076,-0.12308833,-0.15076968,0.14771657,-0.051261924,0.22169077,0.15549405,0.21556038,0.033239592,-0.08293937,0.028343225,0.4014427,-0.2570799,0.12831977,-0.015971806,-0.10549294,0.42742044,0.14192855,-0.15467867,-0.077263385,-0.35638246,0.26243263,-0.20054968,-0.34497777,-0.17210793,-0.083464354,-0.1606865,0.14179036,-0.32055822,0.10360887,-0.27363405,0.17834122,-1.0694727,0.387009,0.19625673,-0.037932046,0.8856527,0.053107,-1.7514367,-0.09681619,-0.04881772,1.3673229,-0.068997756,-0.30729297,0.79217446,0.05028196,-0.33954966,0.39272967,0.38738132,0.15064901,0.14975446,0.045634158,0.42800468,0.3258291,-0.106643826,-0.16445266,-0.09103127,0.18631206,0.31489605,0.21684569,0.33044466,-0.44281483,-0.0035441841,0.7257561,-0.080129616,0.13020259,-0.008695969,-0.77764684,-0.4926056,-0.0487612,-0.24688005,0.26160488,-0.40455085,0.18815723,0.065859154,0.33126798,-0.398755,-0.42889893,-0.12076139,0.18555912,-0.08967814,0.39466777,0.08462583
206,negative,-0.06824358,0.30042705,0.39583826,0.030157378,0.049817327,-0.17462997,-0.3829391,0.05822953,-0.12902267,-0.01631853,-0.14373225,0.12319145,0.096230134,0.110268585,-0.09978353,-0.18386947,0.011930093,-0.06289879,-0.19351625,-0.18397255,0.10778669,0.07294475,0.07479938,-0.10372374,-0.077280805,-0.11301662,-0.19801772,-0.38631645,-0.19944496,-0.10725484,0.028704971,0.12055863,-0.10681795,-0.04781369,0.06006145,0.054584775,0.22448322,0.06845233,-0.07905649,-0.17002031,-0.40338975,-0.49054444,0.0010689071,-0.17721076,0.11087055,-0.15021095,0.2347154,-0.11035154,-0.12499416,-0.90615267,-0.2591719,0.04175238,0.053338002,0.80090183,0.11066616,-2.1439543,0.086916514,-0.20484689,1.6317632,0.45984328,-0.13218261,0.45914024,-0.3001428,-0.0898516,0.62368244,0.09883748,0.02460461,0.20410529,0.39778897,-0.25133753,0.30146542,-0.34857875,-0.34782624,-0.32363468,0.0676898,-0.14535967,-0.1533168,0.16639005,-0.6359164,-0.02720192,0.77963054,0.2118073,-0.28715122,-0.11391129,-0.80074245,-0.0069988356,-0.28536904,-0.116385214,-0.06597217,-0.23801202,-0.019612674,0.1391075,-0.15334973,-0.30922705,-0.51463443,0.097686954,0.1250738,-0.120162085,0.46029934,0.18155755
207,negative,-0.009124872,0.25928,0.30158195,-0.09441278,-0.055679172,-0.43122023,-0.36002138,0.00697761,0.062342424,0.13699414,-0.0062985304,-0.13288909,0.21628791,-0.1882552,-0.13907841,-0.10056839,0.016625272,-0.19301929,-0.5456671,0.011081472,0.42559677,-0.0726901,0.17555565,0.08857158,-0.006155546,-0.041290335,-0.22973226,-0.12972999,0.20380718,0.10425495,-0.011593499,0.15645483,-0.20443216,0.061697878,-0.06549746,0.100344956,0.051487867,-0.0012010986,-0.07534798,-0.07835206,-0.47597438,-0.21711226,0.059184168,-0.16060802,0.2775121,-0.20888284,0.23220697,-0.054485057,-0.13100389,-0.7397615,0.1467658,0.043191276,0.11161571,1.0238038,-0.19608006,-2.1234858,-0.18604207,-0.29334673,1.6305435,0.42432794,-0.04191254,0.4358867,0.0638614,-0.22180562,0.56302947,0.19308017,0.09201243,0.11986286,0.1616264,-0.03341867,0.22729312,-0.27105993,-0.30821872,-0.32444966,-0.104078725,0.06301434,0.25508374,0.019507734,-1.0677112,0.15331703,0.9033656,-0.042851955,-0.36685652,0.20052762,-0.9395816,-0.19272508,0.02511233,0.09130407,0.043887116,-0.36410618,0.06553629,0.07574936,-0.15520248,-0.048329946,-0.6555301,0.25422007,0.056861453,-0.03405433,0.5307877,0.19034414
208,negative,0.009277135,0.120396964,0.54003227,-0.4744362,-0.043241996,0.17646155,0.13388562,0.028221754,-0.2630044,-0.09276648,0.11215018,-0.21623471,0.043759044,0.1679973,0.13747533,-0.08567358,0.2264563,0.13550851,-0.5364878,0.2933499,0.24106261,0.11314923,0.082189575,0.1562894,0.32847488,-0.010887865,-0.18862115,-0.52549857,0.25191224,0.1511717,-0.21361265,0.5521616,0.061581954,0.11629581,-0.059609246,0.18627952,-0.38151884,0.19593386,-0.00029379176,-0.18816301,-0.24847691,-0.2345332,0.31050068,-0.27657372,-0.03932206,-0.1261609,0.05560136,-0.34332767,0.20144768,-0.75410765,-0.0775968,-0.08743309,0.23355871,0.85871845,0.13500172,-2.37454,-0.2688699,0.11629184,1.1300128,0.6786432,-0.11839033,0.5545207,-0.22091933,-0.13529156,0.56068563,-0.07321562,0.5321859,0.6322021,-0.107664846,0.32018545,0.23418306,-0.16084492,-0.1506218,-0.38456854,-0.10044269,0.21396062,-0.17264283,0.07529348,-0.65341204,0.10696461,0.6265653,-0.036204852,-0.2952614,0.07032705,-1.3639432,-0.31929573,-0.31948316,-0.027576225,-0.070608854,-0.436238,0.058073495,-0.19573024,-0.08230338,0.19584377,-0.56095964,-0.17297117,-0.28421617,-0.055455886,0.32782018,-0.034207426
209,negative,-0.013664434,0.13521509,0.4352196,-0.28677976,-0.24839877,-0.08360495,-0.1020155,-0.13798408,-0.090250194,-0.081655115,-0.03144522,-0.097162805,0.41792145,0.089786194,0.013178782,-0.1978366,0.0064716497,0.014526766,-0.38073298,0.34256506,0.2932431,0.20491421,0.09327135,-0.05276842,-0.0044696024,-0.049027678,-0.2653284,-0.4511442,0.3326742,-0.11360355,-0.00083133654,0.51966625,-0.010244343,-0.068360604,0.11972416,0.13804685,-0.17776158,0.041542206,-0.19886217,-0.089455284,-0.38679403,-0.10913514,0.21735361,-0.30837965,-0.15252851,-0.2337686,0.45646772,0.011101274,-0.05065637,-0.8684244,0.10848057,-0.096256025,-0.019416993,1.0264659,-0.017811704,-2.426943,0.21513015,0.045332402,1.5436273,0.33875605,-0.076176085,0.74499625,-0.35446706,-0.01307773,0.82478493,0.097354,0.35252556,0.30312774,-0.053176656,-0.24161129,0.2802036,-0.33948165,-0.30071044,-0.33820152,0.1752989,-0.1366723,-0.27500132,0.0762955,-0.6277042,-0.039304,0.5318991,0.14585848,-0.45922005,0.04903523,-1.2785021,-0.16610204,0.03919476,0.057560448,-0.15310603,-0.4348103,-0.07982184,-0.12690774,-0.07232348,0.17942035,-0.5152289,0.112513,-0.06605203,-0.11527443,0.41976744,0.40039733
210,negative,-0.021043677,0.21737063,0.13476583,-0.2149233,-0.008750715,0.20889437,-0.06844991,0.19716062,-0.099781886,0.23565409,0.0338976,-0.039928343,0.22902739,0.30718818,-0.03223818,-0.15142456,0.13162239,0.029373406,-0.44175157,0.2345952,0.356761,-0.25387886,0.10697393,0.004759352,-0.021225575,0.014581129,-0.26433674,-0.29808584,0.16890416,0.08265197,-0.13502584,0.385375,-0.0561636,0.013973618,0.123716705,0.055304263,-0.1718446,0.12104375,0.26188973,0.03633996,-0.32403946,0.027238987,-0.11436145,-0.22736824,0.24470644,-0.06314186,-0.08960121,-0.17590092,-0.14590745,-0.4804386,-0.115887284,-0.061215885,-0.110504,0.81886977,-0.10721645,-1.718264,-0.17780352,-0.14759661,1.3946713,0.3915026,-0.005856735,0.44979224,0.028412523,-0.10475014,0.50072265,0.010909646,0.17304724,0.1970245,0.024033193,0.0824054,-0.030658703,-0.25820985,-0.22453542,-0.25919756,0.105193414,0.21917903,0.041491024,-0.023996955,-0.54937536,-0.13170776,0.6044455,0.040050097,-0.30411452,-0.12470618,-0.99693877,-0.2069811,0.13945769,-0.054289334,-0.055071328,-0.124557436,0.007952676,-0.10713685,0.009254868,-0.16167922,-0.44795233,0.07801731,-0.101391435,-0.18117349,0.19281724,-0.0013337781
211,negative,-0.14554137,0.34459865,0.3050323,-0.22838497,-0.026175193,0.23167735,-0.23704703,0.1944388,-0.00029781763,-0.018497948,0.032343075,0.010802422,0.269855,0.22193556,-0.026669586,-0.15881819,-0.042072933,0.020785425,-0.41232175,0.27420273,0.18031438,0.04811471,-0.15266961,0.00839734,0.20114881,0.24495995,-0.19824505,-0.54306704,0.32288286,-0.16493705,0.21479577,0.41633838,0.017478922,-0.0381976,-0.051441118,0.17168294,0.016302144,0.18466008,0.006905838,-0.005884345,-0.24867672,-0.2117572,-0.021440433,-0.56313264,-0.12633921,-0.052991256,-0.02014923,-0.26676488,-0.03796596,-0.69555485,0.014213015,0.0078115207,0.1381589,0.8368504,0.034471206,-2.2735827,0.0026685232,-0.11928371,1.456065,0.42295358,0.07237776,0.69813854,-0.36789367,0.016041085,0.45010883,0.19850275,0.23017263,0.27988565,0.21319425,-0.23341006,0.10627011,-0.05062288,-0.12799251,-0.22943205,0.27292988,0.15383713,-0.13008621,0.0024489088,-0.60014576,-0.042999063,0.4782296,0.05979804,-0.33214885,0.1267133,-1.2509402,-0.0889209,0.16909793,0.028969195,-0.30036446,-0.17301264,-0.073115766,-0.040910967,-0.058910277,-0.04696079,-0.5572578,-0.14878236,-0.064797774,-0.19205537,0.37482297,0.17163368
212,neutral,0.035609063,-0.021182323,0.14965187,0.37276867,0.19883953,-0.48676246,-0.21894163,-0.25189453,0.19783522,0.22627547,0.114916906,0.1713414,0.19482076,-0.17635502,-0.017550137,-0.14381343,0.023305947,-0.01865893,-0.5570559,-0.11317172,0.38743505,-0.39230993,-0.07916467,-0.1523009,-0.1085684,0.4382403,-0.13623449,-0.15452789,0.11214787,-0.30055806,-0.024917029,0.23173197,-0.31593603,-0.06332612,0.19956185,0.19378635,0.47309902,-0.29236472,-0.17451029,-0.32438493,-0.13787666,0.12138732,0.5172638,-0.022821322,0.058223292,-0.36838743,0.053275634,-0.18998156,-0.20204826,-0.6469252,-0.041007705,0.02415365,-0.017190604,0.8847067,0.18047486,-1.3890413,0.3817852,-0.58432215,1.1697898,-0.08478651,0.02545189,-0.081636705,-0.337179,-0.45507744,0.68587947,-0.061005745,-0.105470166,0.28143358,-0.12093814,-0.26979494,0.15473725,-0.36474168,-0.42466488,-0.6952492,-0.26869252,0.14550644,-0.30061686,0.21982993,-0.78901225,-0.041289773,0.6829948,-0.0405938,-0.20283166,0.1544485,-0.80957866,0.029118875,0.20766026,0.09464695,0.09209404,-0.21772972,-0.18715325,-0.051795974,0.075171635,0.12674415,-0.2994808,-0.24241754,0.08426829,0.009852593,0.47077903,0.5538507
213,negative,-0.030491764,0.17233087,0.41008234,-0.5102052,0.15562087,0.005577514,-0.27297428,-0.019573089,0.10301081,0.06936331,-0.1307726,-0.05297006,-0.11970666,-0.0020876466,-0.158227,-0.13101855,0.059152327,-0.020990903,-0.6224603,0.048408892,0.6064348,-0.14160986,0.24327108,-0.2710476,-0.28325418,-0.028405746,-0.27192256,-0.32837126,0.23310848,-0.17694564,0.39531505,0.38968125,0.033262305,-0.010940781,-0.045651376,0.095183805,0.0046270196,-0.28873295,0.067273,0.18249375,-0.59689564,-0.31456256,0.37495384,-0.15628186,-0.21849857,-0.3987865,0.039565857,-0.3737946,-0.30156165,-0.54389536,0.14337087,0.23020652,0.22930956,0.6927376,-0.051512185,-1.7844777,0.29226384,-0.31637225,1.2848113,0.30841768,-0.11319885,0.06950775,0.09759962,-0.12561461,0.8199571,0.10049275,0.32916525,0.5714732,-0.05045542,-0.11212311,0.27633676,-0.38887557,-0.3740712,-0.06784279,-0.19238985,-0.17027217,-0.23547259,0.07805322,-0.886372,-0.0030651235,0.3292567,-0.42742455,-0.024894636,-0.07911303,-1.0366428,-0.1034808,0.37647265,0.10895202,0.002168572,-0.49853933,-0.1062905,-0.24052349,-0.28130087,0.5409626,-0.40766,-0.1716239,-0.020674815,0.183764,0.4722591,-0.15381151
214,negative,-0.16803527,0.2572548,0.23632303,-0.21593054,-0.027141597,0.44793153,-0.2659022,0.03498285,-0.056572128,-0.04180304,0.03464396,-0.022414088,0.1789945,0.065662995,-0.035463765,-0.18658811,-0.10045963,0.057052117,-0.405421,0.099133536,0.12310741,0.017764596,-0.083337896,0.034440264,0.24285729,0.22561249,-0.2144192,-0.30897135,0.32672137,-0.27739304,0.11868878,0.42277232,-0.04828151,0.0037277013,-0.06925244,0.042745575,0.078995205,0.14068057,0.052644983,-0.13867098,-0.1776274,-0.19441831,0.057417605,-0.45186657,-0.16694526,0.050503876,-0.043484557,0.0019279101,-0.053560063,-0.6634737,-0.026899638,-0.030904815,0.12651332,0.86834824,0.09800168,-1.7934381,-0.06371491,-0.21115287,1.1748611,0.2766389,0.083783306,0.5474296,-0.34115785,-0.10783036,0.48466688,0.08187715,0.16510285,0.24448842,0.07527605,-0.36017236,0.083530284,-0.09800362,-0.08078404,-0.36348328,0.45348072,0.2415872,-0.19975522,-0.026791416,-0.42464676,0.13357547,0.42343187,0.19554177,-0.20789827,0.113789044,-1.1389251,-0.18257198,0.015493383,0.085164286,-0.37999392,-0.12425315,-0.15967917,-0.08228885,0.092060156,-0.042946666,-0.45558304,-0.1527779,0.039846968,-0.18652532,0.36749497,0.06497684
215,neutral,0.08028051,0.22911203,0.6223339,-0.11458506,0.24219204,0.23082624,-0.18050404,0.4636898,-0.082583435,0.023237463,-0.40076458,-0.44307572,0.2611811,0.50386196,-0.22162993,-0.038697176,0.5792616,0.050583594,-0.4983823,-0.12066637,0.28298026,0.1110346,0.15537713,0.15645336,-0.2916266,0.39293215,0.22545098,-0.67583,0.5138464,-0.05938045,0.31076103,0.57130045,0.18837675,0.046762217,-0.3019947,-0.029321803,-0.14576086,0.3666153,-0.19080168,0.051774904,-0.6520917,-0.13591439,0.13772283,-0.31371135,0.3079831,-0.06144671,0.5045876,-0.1616788,-0.271211,-0.49712235,0.21596825,0.021913957,0.47900346,0.6212794,0.046793796,-2.6528614,0.031066092,-0.4451045,1.481642,0.4255093,0.1602488,0.2533928,0.19814767,-0.16543734,0.30174974,0.29973617,0.04601852,0.62843025,0.22856027,0.01714531,0.06608066,-0.20428854,0.01733334,0.030676804,0.40088415,-0.08287009,0.21306218,-0.0062327613,-1.0410662,-0.1050204,0.8182723,0.17405806,-0.43792978,0.47280365,-1.2258946,0.08032332,-0.044096258,-0.030733941,-0.15967056,-0.4866238,-0.21324612,-0.36745316,-0.41771844,0.5441002,-0.96457154,0.3031319,0.25076142,-0.36566052,0.5439551,-0.2633786
216,neutral,-0.27760196,0.11390078,0.047085162,-0.12420867,0.16909496,0.039283246,-0.097817615,-0.14159691,-0.0024370383,0.39755273,0.2804463,-0.08534495,0.43340912,0.17935586,0.10190927,-0.03294715,-0.010900443,-0.23475862,-0.38422385,0.067142315,0.26799667,-0.30720642,0.10296551,-0.06786429,-0.012032981,-0.09757545,-0.040634166,-0.41508687,0.26253524,0.12482347,0.0975646,0.1687237,-0.06722246,-0.16542947,0.13135998,0.07290336,-0.022611966,0.1470572,0.13710476,-0.02842639,-0.25272992,-0.035621528,0.26334092,-0.20467736,0.17097574,-0.054307204,0.04248795,0.029992208,-0.22570902,-0.22435795,0.09553908,0.08332555,0.19030471,0.97418976,-0.060777552,-1.5233226,-0.04536417,-0.13548715,1.2587551,0.61296266,-0.10025643,0.54399395,0.05454746,-0.063453995,0.6272329,0.13010716,0.31804597,0.22734635,0.020264411,0.054345347,0.18600181,-0.26819107,-0.02056755,-0.26133174,0.073871866,-0.0076065436,0.0061951154,-0.109299466,-0.4407317,0.1301369,0.58826935,-0.046828285,-0.47890735,0.09809939,-0.84750533,0.13178796,0.25953367,-0.07003184,0.15059364,-0.14662796,0.09371614,-0.040213905,-0.27187717,0.1405721,-0.3301569,-0.17316538,-0.035212062,-0.38929874,0.27048674,0.08767952
217,neutral,-0.38475248,0.5287221,0.3239301,-0.19633543,-0.21567312,0.10695527,-0.3553073,-0.16912867,-0.05658105,0.27438226,0.22723065,-0.0004376624,0.389096,-0.075256035,-0.045786295,-0.11425621,0.21978961,-0.119502366,-0.3258093,-0.07190221,0.17570774,0.11769276,0.017698957,-0.21670106,-0.16823812,0.08182094,-0.067984566,-0.33937854,0.010306936,-0.1371769,0.14983378,0.45487905,-0.10039619,-0.16115242,0.00088780234,-0.04400723,-0.059449244,0.34537077,-0.019264411,-0.45367438,-0.34383914,-0.14280188,0.17123404,-0.20205788,-0.15079975,-0.31745103,0.08480481,-0.12481308,-0.40653715,-0.58477247,0.18023685,0.042478714,-0.07159864,1.0744766,-0.08207499,-1.7926346,0.1746625,-0.46728912,1.8071778,0.44293413,-0.20599653,0.47962102,-0.31437406,0.08226955,0.79512054,-0.001230085,0.42066473,0.15726915,0.061483674,0.14173248,0.16060236,-0.0649184,0.106477164,-0.32468915,0.24998932,0.1308999,-0.0046154633,0.2442661,-0.5676858,0.16094363,0.5400504,0.17994528,-0.34245422,-0.037178736,-1.1485777,-0.18215665,0.0727704,-0.1396673,-0.09336272,-0.3972986,0.082592726,-0.27988526,-0.075424455,-0.114277095,-0.38791457,0.16027865,-0.03561195,-0.42043644,0.2748728,0.37843007
218,neutral,-0.18038665,0.053071473,0.23834524,-0.085524336,0.03388122,0.02866124,-0.1709266,-0.13957432,0.094790675,0.01705154,-0.004511117,0.08798373,-0.0338355,-0.0065449527,-0.022145735,0.007997226,-0.03818902,0.17335092,-0.4730927,0.09271754,0.19217478,-0.08193114,0.011546298,0.030121403,0.15406708,0.07428893,-0.15234038,-0.13591093,0.22433065,-0.14583032,0.08052364,0.4932695,-0.0969873,0.08802568,0.07647103,0.15629356,0.083012074,-0.10093433,-0.02958631,-0.070462376,-0.39271006,-0.069136724,0.07509699,-0.17373325,-0.12413687,-0.12242582,0.14107732,0.022940084,-0.17041396,-0.63559246,0.11156577,-0.021887321,0.054829203,0.8003966,-0.04062617,-1.5870618,-0.010487269,-0.18675238,1.0353229,0.19990239,-0.11496817,0.5824334,-0.16897854,-0.04421596,0.5419546,0.071885824,0.33864218,0.35373843,-0.07381278,-0.038673084,0.072193354,-0.25861958,-0.07519218,-0.41985315,-0.019222004,0.008569472,-0.09627426,0.020060506,-0.6432337,0.1643943,0.38956878,-0.12012154,-0.25335357,-0.2154539,-1.0297179,-0.095325366,-0.08377173,0.17226206,-0.044584867,-0.18606152,-0.10018162,-0.054244883,0.048111547,-0.034908015,-0.2749813,-0.035725154,-0.0430539,-0.112391286,0.35355803,0.18877812
219,negative,-0.2160942,0.25728896,0.089353904,0.0072609116,-0.004535313,0.048831657,-0.01856493,-0.3075948,-0.080108956,0.44580144,0.015175024,-0.14041145,0.2632905,0.04981707,-0.07837179,0.0067040958,-0.13412952,-0.12060041,-0.21663101,-0.05130239,0.35103613,-0.2096694,0.1629813,-0.180482,-0.06613681,0.048625123,-0.1955308,-0.26704958,0.22915962,-0.029381141,-0.031378068,0.26756546,-0.18008079,-0.12185123,0.24511668,0.032375883,-0.029836135,-0.1580761,0.123955995,-0.10128506,-0.21646355,-0.03413147,0.09268882,-0.19149506,0.022579724,-0.213475,0.2111611,0.109934576,-0.16592696,-0.36874497,0.07553409,0.12619413,0.13139176,0.8403904,0.17865972,-1.5437729,0.078022964,-0.071350336,1.1865047,0.3680369,-0.024658289,0.3693503,0.0074271145,-0.18271193,0.607181,0.12711506,0.17674984,0.08536772,0.08146856,0.09617341,0.12086863,-0.31427154,-0.24513969,-0.15520169,0.0283398,-0.25454432,-0.052701198,0.01827141,-0.6443923,0.13429023,0.53279525,-0.12825003,-0.24752775,0.11457394,-0.8997789,0.2482563,0.06013539,0.0146622835,-0.13146248,-0.25176814,0.060077913,-0.10355455,-0.13995382,0.21662185,-0.25769764,-0.19786587,-0.10555692,-0.27211595,0.3973074,0.20591527
220,neutral,-0.2038958,0.07650744,0.22303304,-0.13554135,-0.023386398,-0.14134872,-0.012537866,-0.089754656,0.10070283,0.13032614,-0.03322525,-0.020537209,0.101096876,-0.16447215,0.03941904,-0.1676656,0.076961644,0.050989628,-0.20921454,0.10659149,0.24539822,-0.09299787,0.18346609,-0.14677934,-0.02925162,-0.080166705,-0.03188439,-0.21843684,0.106341444,-0.052993685,0.032449186,0.39168018,-0.2199174,-0.08773951,0.046099022,-0.06799743,0.14263918,0.089566305,-0.11645938,-0.11325101,-0.40776902,-0.017691394,0.10429529,-0.21034022,-0.060655974,-0.29528534,0.27829176,-0.12691683,-0.15741843,-0.5255828,0.1442571,-0.035952352,0.11209535,0.72593826,0.17555898,-1.7685039,0.17404702,-0.017705696,1.0187154,0.36813095,-0.027592044,0.31024635,-0.20239557,-0.10857972,0.6178937,0.16772416,0.2339869,0.23427156,0.066704325,0.051821075,0.16632675,-0.12428127,-0.21097785,-0.19992627,0.027705843,-0.10870161,-0.10661196,-0.045715887,-0.6712559,0.09354848,0.45319727,-0.0008655536,-0.3455526,0.075102724,-0.90497667,0.09431601,0.15554959,0.034190632,-0.013352152,-0.34553626,0.043771267,0.016038248,0.054601938,-0.045304082,-0.19890757,0.13289547,0.01034421,-0.19212495,0.33314675,0.22028865
221,negative,-0.03486816,0.2290664,0.1824639,0.054286,-0.07840559,0.2095816,-0.2928582,-0.035842843,0.023032226,-0.04055597,-0.15213616,-0.12449725,0.5133053,0.11177761,-0.06777393,-0.032809507,0.05972509,0.044270147,-0.48264185,0.14865091,0.27968332,0.0033799969,0.31387463,-0.09992134,-0.03519552,-0.0338356,-0.12942077,-0.595964,0.060551025,-0.20548397,0.076783255,0.4812708,-0.18941581,0.04319872,0.1112498,0.16013484,0.108776964,0.11724659,-0.2433673,-0.17050092,-0.45225802,-0.0414283,0.18858875,-0.28973693,0.062741354,-0.21703413,0.2108642,-0.119429596,-0.22263484,-0.5307464,0.4320735,-0.005921748,-0.036324628,0.9675874,-0.048632346,-2.0076642,-0.051633723,-0.35067004,1.4515278,0.42919827,-0.19431515,0.38422447,-0.25945207,-0.23656082,0.6761325,0.24005635,0.094948314,0.3950558,-0.024612224,-0.27714992,0.08537866,-0.23468783,0.0047594286,-0.5382107,0.107713245,-0.14763427,-0.16568968,0.06455157,-0.77602416,-0.09466283,0.58197796,0.16606005,-0.29294956,0.04173963,-1.2171046,-0.14125621,0.08633258,0.10924994,-0.111648396,-0.31952998,-0.170297,-0.3047595,-0.18270966,0.076385856,-0.556023,0.25137696,-0.28239727,-0.05390525,0.5659381,0.08526359
222,negative,-0.21608983,0.13356288,0.5166716,-0.14009255,-0.00931665,-0.15714267,-0.22662285,-0.063594125,0.05009612,0.1473929,-0.039717633,-0.1214637,-0.0113734435,-0.05535817,-0.017671503,-0.031763386,0.102724805,-0.03763042,-0.39581507,0.16870295,0.20483372,-0.08669115,0.05612079,-0.057625208,-0.12533085,-0.06551556,-0.19863285,-0.19638337,0.2742366,-0.12353422,0.10664966,0.3221979,-0.17025836,-0.0010298742,-0.061615013,0.21022885,-0.01976844,0.048566967,-0.08868856,-0.0020235288,-0.44131854,-0.12610638,0.02463139,-0.21606442,-0.13941732,-0.3563083,0.012460077,-0.3382142,-0.13583386,-0.67206347,0.12391775,0.11703312,0.06721835,0.7865469,-0.06644519,-1.9273514,0.14606978,-0.35383928,1.5011196,0.27965146,-0.055145632,0.2788952,-0.04154689,0.042791408,0.75528914,-0.08292015,0.23812291,0.3831682,0.006342293,-0.071015,0.038395178,-0.40291196,-0.28771365,-0.3884938,0.09952377,0.19446947,-0.07876874,0.03371556,-0.84839344,0.013202656,0.6136748,-0.13489048,-0.14816497,-0.043114923,-1.1879373,-0.118460074,0.22710934,0.26268372,-0.15909974,-0.42400518,-0.035924256,-0.15118562,-0.06893557,-0.082859546,-0.630686,-0.1580187,0.09935595,-0.2149455,0.35534322,0.08296472
223,neutral,-0.15502211,0.030828668,0.15566291,-0.20654076,-0.10710169,-0.08256483,-0.10686083,-0.016222844,0.09601122,-0.014770675,0.025433643,0.006495046,0.12990306,0.008296995,0.07054201,-0.016816042,-0.096251205,-0.07525399,-0.34237403,0.14785264,0.1688865,-0.080316,0.0016121025,-0.2438908,-0.06984063,0.08203509,-0.068267874,-0.10098402,0.10045177,-0.055780612,-0.0734777,0.16587113,0.0111025665,0.04804333,-0.11149046,0.22925365,0.003463539,0.041254178,0.003015018,-0.102174416,-0.38921863,0.05927054,0.14903101,-0.08608209,-0.09323711,-0.29323462,0.13943444,-0.046164203,-0.09339675,-0.5647584,0.0026586088,0.07576408,0.22079222,0.5793003,-0.24148843,-1.4266704,0.12875722,-0.04770038,0.7550482,0.25096858,-0.117710225,0.37973306,-0.15228522,-0.31268176,0.4071727,-0.056459032,0.24227479,0.33135465,-0.18069422,-0.09833387,0.1423697,-0.22147432,-0.17435719,-0.51116115,0.06102219,0.17278598,0.023103312,-0.08768202,-0.59010893,-0.03757711,0.37335226,-0.25265792,-0.20418376,-0.13889042,-0.8689836,-0.16132316,0.056714013,0.047227252,-0.0046014967,-0.24880733,-0.08975449,0.041698854,-0.094658345,-0.0016611248,-0.29977342,0.025492962,-0.18455227,-0.28547254,0.11927781,0.17742568
224,neutral,-0.15186612,0.18538766,-0.09962588,-0.086126715,0.03716318,-0.52188015,-0.061872073,0.3912703,-0.1719647,0.30522504,0.2610452,-0.07968943,0.54241675,-0.2454708,-0.5658668,-0.07163999,0.2915526,-0.042605866,-0.49206766,-0.045991275,0.41972992,0.11692086,0.039123815,0.1968069,0.30710217,0.4936878,0.12930936,-0.019344933,0.31275085,-0.062031794,-0.47880018,-0.10303532,-0.06225158,-0.2319435,0.36476102,-0.082523905,-0.18310261,0.4880618,-0.025586242,-0.17448996,-0.09760423,0.055543646,0.3792022,-0.06360863,0.32372445,0.23100296,0.4193192,-0.39146063,0.09116254,-0.46760422,-0.36121985,0.47028562,0.2356214,1.2793696,-0.16081882,-2.4508429,-0.4801115,-0.047402028,1.8182495,0.6942763,-0.2004344,0.63327503,0.05833626,-0.24514641,0.6430894,0.013181484,-0.6233326,0.09485396,0.47917023,-0.04141519,0.27762848,-0.6944699,-0.573761,0.29148057,0.32370067,-0.14450163,0.043411992,0.3601551,-1.1178812,0.17757319,1.1814452,0.08561279,-0.36894622,1.0389918,-1.3254669,0.22488332,0.17392372,-0.060694776,-0.007211914,-0.0841329,0.019017065,0.17268413,0.36016214,0.5026052,0.031113336,-0.043094825,-0.06589251,-0.2814084,0.217827,0.37009045
225,neutral,-0.06418945,0.30947426,0.37955084,-0.12583102,0.028284669,-0.35977358,-0.45774993,0.0016351021,-0.06149317,-0.28053793,0.074440345,-0.014095654,0.08453185,-0.01578199,-0.10411773,-0.19688691,0.02146089,0.17945385,-0.3774265,0.14083076,0.101302676,0.20838597,0.04725778,0.059093606,-0.23899701,-0.029538605,-0.03458464,-0.42605132,-0.03628256,-0.003774192,-0.10272804,0.44705263,-0.22496328,-0.090739,0.057294868,0.32798806,0.1360102,0.22643703,-0.15622835,-0.15370588,-0.3121157,-0.3073216,-0.014304492,-0.15126443,-0.027401779,-0.14546046,0.17843956,-0.023540279,-0.29298717,-0.98858845,0.104331456,-0.12909292,-0.07062446,0.66602945,0.11310065,-2.0827684,-0.025195053,-0.05570937,1.5508748,0.3488937,-0.08860382,0.30937308,-0.31147492,-0.22176646,0.56872475,0.19708557,0.2878021,0.26823115,0.45363036,-0.24481796,0.08511778,-0.25233334,-0.272201,-0.314816,0.09431312,-0.086145595,-0.14869088,0.013578933,-0.7959022,-0.18683779,0.80528,0.018823672,-0.3370616,0.11429328,-1.1669692,-0.3298719,-0.22703189,-0.13841377,-0.1018556,-0.37597543,0.1716063,-0.08197118,0.103563234,-0.269797,-0.32682905,0.24159294,-0.0005005356,-0.28979445,0.6448431,0.2522967
226,neutral,-0.09433506,-0.026185244,0.08431242,-0.19639325,-0.002109972,0.20265037,0.07434298,0.30276558,-0.16582192,0.0023772272,-0.04359977,-0.064494595,-0.044151083,-0.011477075,0.12797286,-0.18154281,-0.10779133,0.13600916,-0.22708054,0.18099919,0.14486313,0.037585493,0.14385836,-0.16692969,0.46327296,-0.053760525,0.06960194,-0.17850493,0.24231145,0.04834696,-0.27182174,0.20481612,0.16881083,0.06225036,-0.007952205,0.11390061,-0.03985556,0.12775289,-0.047057543,-0.0952189,-0.14779106,-0.001205076,-0.09549798,0.077700645,0.060804747,-0.03402893,0.12787358,-0.14136061,0.01522331,-0.57982457,0.10714506,-0.32045072,0.060787756,0.6528747,-0.020800322,-1.719217,-0.13290507,-0.0073919804,0.55656826,0.25716767,0.100517824,0.5954679,-0.13117214,0.06711721,0.3635089,-0.02512872,0.45884085,-0.013419812,0.044972263,0.07226189,-0.020400586,-0.016956655,-0.14547288,-0.46495748,-0.034874704,-0.019822724,0.09112511,0.14893235,-0.3156004,0.2905309,0.44261837,0.06626038,-0.36913383,-0.014710722,-0.5508013,-0.20699991,-0.08094322,0.109323695,-0.0131989205,-0.13964154,-0.029449482,0.019988587,-0.091628425,-0.022875562,-0.35903093,-0.100694016,-0.14878216,0.031581208,0.44104475,0.16641507
227,negative,0.0084969215,0.31831053,0.33820158,-0.13800724,-0.076964416,-0.10151472,-0.21061623,0.13157137,-0.051682405,-0.019886246,0.16815653,0.047244832,0.028149119,0.031244572,0.02221265,-0.31257033,0.000819505,0.099268496,-0.28275922,0.2753796,0.37115106,0.105158925,0.07918891,0.22329609,0.120899625,-0.120831184,-0.16387704,-0.40070456,0.0864108,-0.20465633,-0.016308118,0.43693808,-0.06567038,-0.0056865523,-0.044522066,0.23510385,-0.02563168,0.12077473,-0.068395555,-0.014846942,-0.20919488,-0.302909,0.07438073,-0.15505715,0.011215977,0.019251974,0.18903446,-0.30633193,-0.11394451,-0.80508053,-0.018744675,-0.07662773,0.007315331,0.9322827,-0.04845463,-2.010308,-0.005122827,-0.16221388,1.4349257,0.38487923,-0.015593048,0.36467916,-0.2099378,-0.12934218,0.4938485,0.19009382,0.16704315,0.20746286,0.16872948,-0.20159532,0.08051216,-0.16577242,-0.25798845,-0.19106887,0.050204452,0.04658602,-0.091243334,0.093786314,-0.7468964,0.10150436,0.62422645,0.07477172,-0.34083802,-0.0036229922,-1.0453315,-0.17523701,-0.006797986,-0.034408838,-0.14412802,-0.30743486,-0.06622429,0.035272755,-0.07577349,-0.26241368,-0.57599944,0.048928034,0.14976598,-0.044873472,0.529298,0.029125042
228,neutral,-0.19357873,0.16468702,0.31369454,0.33040035,-0.32670435,0.05919339,-0.2000276,0.11056509,0.31366697,0.02601662,0.29124135,0.35891953,0.20875593,0.21896064,0.03087529,-0.06787673,-0.10493251,0.28496093,-0.76933247,0.21498719,0.38394,-0.47363293,-0.049015682,-0.32809508,-0.025850842,0.41132963,-0.26336184,-0.315958,0.55384177,-0.13751216,-0.052673474,0.16902041,-0.24485676,-0.17020282,0.23926282,0.06571362,0.26345482,-0.42878032,-0.11773621,-0.17488761,-0.37303585,0.21811804,0.42226586,-0.18750665,-0.024944827,-0.27474,0.130655,-0.1663856,-0.31966022,-0.8458286,0.15211065,-0.027290864,-0.02070239,0.75055975,0.04029453,-1.2224581,0.2931098,-0.53501374,1.5261295,0.32200205,-0.034048487,0.25721928,-0.53127366,-0.31354666,0.7903503,-0.04333822,0.10927115,0.3512975,-0.21889555,-0.051111944,0.04233334,-0.86150295,-0.36312956,-0.49479488,0.34000462,0.11553763,-0.17424197,-0.016689373,-0.532596,0.118819684,0.73057806,-0.07472486,-0.24075337,0.289628,-0.743476,-0.021405045,0.5237294,0.18803903,0.045913495,-0.07597785,-0.3262317,-0.40749574,-0.03881665,0.15336296,-0.2842962,-0.022676302,0.1435791,0.33752474,0.2412037,0.21836162
229,negative,0.19929342,0.27152193,0.3355132,-0.10197224,-0.040900916,-0.46660325,-0.06940932,-0.04735312,-0.11889531,0.010905322,-0.070378885,-0.080364086,0.0033321213,-0.19257502,0.23120113,-0.1366788,-0.2951471,-0.0042241476,-0.09729063,0.04883912,0.5405505,-0.19747566,0.0039543943,0.18264198,0.1947331,-0.04630393,-0.07276696,-0.23267,0.19854295,-0.09017941,-0.002123976,0.105005406,-0.34223062,-0.016602237,-0.15528592,0.07875456,0.1329155,-0.037398987,0.075478084,-0.18176204,-0.12752019,-0.43528086,0.060984157,-0.32611895,0.2650685,-0.10705684,0.1766378,-0.27101937,0.0806295,-0.94836134,-0.0037874435,0.037106615,0.10973007,0.7657019,-0.016727792,-1.8944739,0.006159008,-0.46323928,1.286781,0.13414527,-0.13917208,0.16717528,-0.40007678,-0.011176748,0.33450934,0.1163097,0.16457011,-0.16401069,0.17038286,-0.19249512,-0.018159332,-0.047704633,-0.36640552,-0.13596874,-0.0031138093,0.08373136,-0.08021135,0.035528116,-0.75988823,0.04746037,0.59693867,0.08264851,-0.33463588,0.16890869,-0.75406855,-0.45414492,0.085320555,-0.003212066,0.028286997,-0.29982743,-0.004268047,0.069805905,-0.13044694,-0.016296934,-0.562611,0.04332706,0.26847905,0.037221715,0.45458674,0.07955997
230,neutral,-0.29220453,0.055286832,0.41259912,-0.058088537,-0.016004028,-0.21684751,-0.02315123,0.17294253,-0.3064239,0.24462557,0.15216339,-0.3939497,-0.0057094833,0.18731926,0.3524384,-0.2721804,0.2269624,-0.18227069,-0.19625413,-0.25774685,0.16256945,-0.16254036,0.2666342,0.04045476,0.07992485,-0.025043944,-0.21202773,-0.0057436484,0.009878362,0.15329501,-0.14876224,0.5695718,-0.30193213,-0.19279706,0.052457478,0.15265445,0.00089036766,0.003974091,-0.103272825,-0.1399334,-0.25174984,-0.36205518,-0.0035407194,-0.20378457,0.4091356,-0.10611736,0.05314146,-0.28088152,0.14874116,-0.44734925,0.24094592,0.18094592,0.19663356,0.99837166,0.019556016,-1.7873057,0.12873355,-0.09908117,1.7237414,0.3703492,-0.135909,0.23228458,-0.08466964,0.057486292,0.41365817,0.049674537,0.07343338,0.095159195,0.009746768,0.26126117,0.16173202,-0.21237619,0.049938772,-0.53112984,0.3052474,0.0041569667,-0.042056184,0.37499028,-0.6950784,-0.15564686,0.51611036,-0.062476717,0.0405326,0.069403335,-1.4011503,0.060735244,0.20297328,0.019590298,0.122738056,-0.031019093,0.21457344,0.13772792,-0.14930998,0.14927745,-0.13426907,0.21578145,-0.014510756,-0.28400192,0.18746372,0.00553517
231,negative,-0.3812999,0.051343236,0.2311745,0.010404925,-0.1417505,-0.053157765,-0.2053288,-0.08657982,0.24537538,0.22142093,-0.31517497,-0.0621535,0.3078486,0.18566029,-0.03842881,-0.10411266,-0.12924518,-0.0656317,-0.7414223,0.3208881,0.27538818,-0.115182064,-0.01433924,-0.24121316,0.03881422,-0.259121,-0.22609715,-0.46391565,0.34836137,-0.026035432,0.057801463,0.39657202,-0.2133784,-0.002605561,-0.06137372,-0.033772767,0.06583975,0.04028641,-0.028209168,-0.10356783,-0.47009128,-0.18920109,0.19721304,-0.06618812,0.028965473,-0.33850554,0.23192282,0.23031674,-0.27688125,-0.5909497,0.092869215,0.08926364,0.2673826,1.1115409,-0.21191172,-1.7653328,0.17674527,-0.038357403,1.0731763,0.29521778,-0.0031650644,0.45329908,-0.18770973,-0.029700441,0.8839319,0.3761668,0.30431843,0.2779368,-0.17728844,-0.41299105,0.22279945,-0.56539875,-0.3378552,-0.25347927,0.050174043,0.081062704,-0.08466024,0.06473244,-0.7356401,0.020679232,0.70337707,0.17860608,-0.28379145,0.13375723,-1.0209728,-0.15495817,-0.023289755,0.23646076,0.09882058,-0.24303888,0.026659837,-0.10974713,-0.1144143,-0.11235341,-0.59440017,0.03677504,0.011208783,-0.02846661,0.3770169,0.3048637
232,negative,0.11938047,0.30858794,0.040525444,-0.00093015784,-0.027126426,-0.5772507,-0.27787727,-0.1512365,0.036164474,-0.050179686,0.10095264,0.29983002,0.032430988,-0.06826855,0.107507855,-0.17414543,-0.15676342,-0.10167209,-0.030012514,-0.031502325,0.38169008,-0.10488122,-0.06106114,0.1609244,0.10459303,0.12208748,-0.11838423,-0.2559006,-0.12580763,-0.19604371,-0.030769214,0.2211434,-0.09342853,-0.17108375,-0.21607862,0.20304592,0.15149227,-0.056435622,-0.18051854,-0.07230143,-0.12684248,-0.29007423,-0.15337832,0.11002773,0.17911321,0.09837815,0.029903352,-0.4033877,-0.14931084,-0.8647132,-0.16154715,0.015538344,0.27950218,0.64904743,-0.25906888,-1.7066323,0.12007359,-0.043825716,1.1070744,0.1053384,-0.15694742,0.26286733,-0.18940124,0.083944626,-0.009718368,0.21736355,-0.025340643,-0.043480136,0.36557272,-0.3045631,0.28829223,-0.2862652,-0.29041457,-0.033738337,0.073896594,-0.29134822,-0.014752012,0.103198744,-0.6714304,0.17474812,0.6748261,-0.047835212,-0.34010723,-0.038908523,-0.80346555,-0.04381675,-0.007995023,-0.09887356,-0.06636278,-0.42934594,0.031616185,0.085193805,-0.15572101,-0.19194226,-0.2317044,-0.026409954,0.23474333,-0.2513043,0.42646024,-0.16292201
233,neutral,0.06842855,0.23546906,0.41704485,-0.23089343,0.0048253685,0.061861925,0.02018964,0.056384988,-0.21612199,-0.16153565,0.48453742,0.05114301,0.05225802,-0.045734663,-0.04092747,0.19519863,0.19300196,0.24172892,-0.21518254,0.10382281,0.38094628,0.037308615,-0.19018336,0.18797356,0.5140514,-0.2513715,-0.024036806,-0.27971718,-0.17611612,0.13364339,0.14123379,0.2819257,-0.08693042,-0.04631473,-0.0010330388,0.21484834,-0.1621302,0.08314347,0.0658625,-0.16307053,-0.12106425,-0.09421173,0.07177116,-0.18266623,-0.0900839,0.07197957,-0.057130944,-0.2916427,0.010387358,-0.6311233,-0.064872935,-0.010392461,0.3945631,0.6888017,-0.12901317,-2.228811,-0.23037289,0.16995856,1.4333098,0.41328415,-0.36643785,0.8340606,-0.28819937,-0.18521823,0.39441237,-0.17394873,0.3377765,0.62541336,0.07282493,-0.045556184,-0.0680801,0.12479076,-0.1093146,-0.19710933,0.07196364,0.31058365,-0.12752858,-0.19129018,-0.84915763,0.09557481,0.42545435,-0.089070894,-0.20020016,-0.0238194,-0.99830085,-0.31267783,-0.24400188,-0.4024112,-0.019808508,-0.079946175,0.20794591,0.031745985,-0.0039451793,-0.04720193,-0.49822485,-0.093829796,-0.050059885,-0.28212482,0.41539222,0.22581622
234,negative,-0.39431554,0.34752402,0.20640087,-0.51717204,0.009933929,0.05386666,-0.036243938,-0.10904128,0.16064149,-0.010110182,0.06268744,-0.05632702,-0.0032122156,0.08837331,0.122741595,-0.032763377,0.1769836,0.085112065,-0.18950261,0.44444695,0.3634833,0.12747294,0.23690192,-0.7690356,-0.05629539,0.07514904,-0.29150057,-0.52572024,0.21158925,-0.185207,-0.087586544,0.6991792,0.30992344,-0.29698783,0.12072242,0.1129917,-0.20154122,0.10757977,-0.013881092,-0.2165344,-0.4500702,-0.34353405,0.3794265,-0.30484036,-0.23347293,-0.35437796,0.12510392,0.10773259,-0.19513953,-0.60957944,0.08538668,-0.11003601,0.06699261,0.98170847,0.01989165,-2.0355587,0.24608488,0.5254827,1.2344795,0.21805641,-0.1919759,0.2350431,-0.47355744,0.22204679,1.0256834,0.19591965,0.38738304,0.060010895,0.12963173,-0.37516403,0.18002072,-0.15893254,-0.3845331,-0.40081814,0.12108664,0.15602429,-0.29253665,-0.09311446,-0.4015447,0.20425516,0.2635436,0.16523473,-0.39884636,-0.033315104,-1.1108025,-0.29041377,0.066795915,0.20649901,-0.012973414,-0.04254792,0.20643252,-0.40114868,0.06202352,0.2242839,-0.46557692,-0.16211274,-0.19110249,-0.12956093,0.22819866,0.2552274
235,neutral,-0.14474757,-0.08563937,0.21045606,-0.04778498,0.1344177,0.10541939,-0.14091359,0.34622255,-0.043111693,-0.10914937,0.12127626,-0.19526993,0.011659872,0.08905812,0.09384978,-0.30465844,0.21786009,-0.04821987,-0.46711397,0.19933143,0.09252744,0.10745091,0.105192155,-0.13699979,-0.17291446,-0.3757428,0.10982231,-0.24042735,0.42507783,0.17839055,-0.15563476,0.25516474,-0.19750309,0.2285659,0.3336565,0.21246448,0.006993391,0.1294305,0.063401885,-0.26558876,-0.33169547,0.078807704,-0.14652482,-0.12677747,-0.1624255,0.07448267,0.22441874,-0.280703,-0.042459946,-0.38087496,0.09138674,0.23546635,0.15330727,0.64537835,-0.22203176,-1.7336047,-0.21358694,-0.14819182,1.3996619,0.30186072,-0.14194116,0.613792,-0.24905625,-0.19168916,0.56033444,-0.013733853,-0.086199895,-0.010317151,0.43145525,0.27587998,-0.058470797,-0.28993154,0.10811046,-0.47971058,0.34414315,-0.0042897346,0.06594647,-0.1598843,-0.67558897,-0.026155772,0.62617534,-0.1509957,-0.02300796,0.0207648,-0.7800788,0.0920659,-0.05182761,0.2675957,0.15954295,-0.14317812,-0.21402918,0.0054706777,-0.19841553,-0.06875857,-0.24072413,0.086559705,-0.17141236,-0.05477247,0.640609,0.29623547
236,negative,-0.31432426,0.21081416,0.4076265,-0.17036776,-0.13440946,0.14647931,-0.17659041,0.1823847,0.047547508,0.1662604,0.29114354,-0.054908384,0.36599228,0.3195682,-0.065407425,-0.24473958,0.24875544,-0.12061682,-0.86441714,-0.025676504,0.38415164,0.121176966,0.08162806,-0.047144428,-0.38680175,0.097441144,-0.008153885,-0.35212803,0.3234441,-0.019794514,0.010557491,0.01744141,0.042748,-0.1541787,0.17322542,0.29613316,-0.06101259,0.34017172,0.19834198,0.09463117,-0.42716396,0.15646234,0.083848275,-0.16284467,-0.15093388,-0.09607061,-0.08301702,0.10785688,-0.23671004,-0.68497753,0.19445603,0.039429054,0.16359112,0.9886624,-0.09877192,-1.8992954,0.07119396,-0.32356688,1.4117544,0.5658873,0.26369464,0.385498,0.16836931,-0.29749388,0.87562037,0.22100733,0.33813152,0.46012506,-0.056842305,0.4334952,0.24942315,-0.2843807,-0.22313584,-0.48562986,0.4427487,0.18138698,0.08838716,0.3353118,-0.816321,0.16136117,0.85072994,0.061267503,-0.20661667,0.022836968,-1.1822953,-0.20389567,-0.066523984,0.08955914,-0.20722267,-0.35905296,0.24844906,-0.51879525,0.15515922,0.25800896,-0.6318761,0.19822723,0.15298119,-0.119092315,0.30014536,0.25642896
237,neutral,-0.41624588,0.11305581,-0.0527904,-0.37371194,0.23902567,0.19286643,-0.33229908,-0.17915806,-0.14867744,-0.27208632,-0.056103565,-0.19783852,-0.10949904,-0.080028236,-0.003946557,-0.15218073,0.41591376,0.19151384,-0.25825435,-0.07698963,0.19866782,-0.0105043035,-0.0025714901,-0.4179941,0.34059742,-0.066579096,-0.32774073,-0.2128131,-0.24647678,0.06432083,0.07834577,0.48140025,0.31509906,-0.036597285,0.015391986,0.26398173,0.018372577,0.09364182,0.016009979,0.041547574,-0.24104252,-0.19782853,0.31079936,-0.105965994,-0.29739702,-0.1631493,0.041587837,-0.037132494,-0.42800307,-0.40913948,0.2577955,-0.0892095,0.25198397,0.55311346,-0.01794045,-1.9123127,-0.14224519,0.035417058,1.1978682,0.13082117,-0.11207132,0.738388,-0.06837931,-0.13666445,0.47037083,-0.0852258,0.34960356,0.6886477,0.18502413,-0.02555172,0.11001398,-0.074113846,-0.062054943,-0.33417717,-0.015574095,0.21622898,-0.076661594,0.11248837,-0.55355656,0.14209439,0.24024668,-0.3776295,-0.09396896,-0.36123428,-0.91995984,-0.22520427,-0.027102444,-0.52268016,0.1837532,-0.21406086,0.015634142,-0.2571103,0.14483781,0.06440853,-0.54600537,0.012578494,-0.077034414,-0.39751646,0.2838405,0.12601216
238,negative,0.07428746,-0.14732544,-0.057864707,-0.21754593,-0.045045134,0.03858145,-0.24344057,-0.15077946,0.30149198,0.092618965,0.03482878,0.34221014,-0.009678404,0.14917871,-0.026029674,-0.11496853,0.27455974,-0.263137,-0.7029182,0.09945786,0.4153034,-0.03259297,-0.084153965,-0.1851965,-0.049182612,-0.13259235,-0.049334444,-0.34859362,0.17935373,-0.20628466,0.030400528,0.24057482,-0.0066556144,-0.06854738,0.026492933,0.07492884,-0.008038386,-0.061118666,0.12757222,-0.102824576,-0.27382556,0.081789926,-0.08763601,-0.383334,0.05232087,-0.15217938,-0.04532934,-0.42098188,-0.10391299,-0.5161974,0.20107059,0.17869714,0.12970793,0.69996214,-0.20150238,-1.257157,0.28101832,0.0773811,0.90699404,0.14976673,-0.26508886,0.14682406,0.10287575,-0.2208618,0.51210874,-0.01091552,0.27757192,0.4047507,-0.055183932,0.1842909,0.019094516,-0.13302594,-0.2416888,-0.13556285,0.0634831,-0.14201303,-0.09916139,0.12383132,-0.7872437,0.13939647,0.51001817,0.023599667,-0.07319313,-0.17771108,-0.91061157,0.09406155,-0.23184413,-0.062918544,-0.13287507,-0.21950115,-0.08567133,-0.27140328,-0.05312849,0.13251337,0.071694575,-0.23746373,-0.3447432,-0.33440518,0.08507007,-0.18356666
239,neutral,-0.02103418,0.28514475,0.11673911,-0.0994025,0.09630799,0.055473424,-0.1886491,0.12537402,-0.17429224,0.01847843,0.2403054,-0.23906149,0.22843541,-0.019337274,-0.031811986,-0.18357696,0.103668675,-0.05882072,-0.24920459,0.04920446,0.26474842,0.10371879,0.08862387,-0.018391121,0.10591081,-0.18483798,-0.037427764,-0.28134125,0.08720369,0.13723898,-0.12725957,0.3582066,-0.1531518,-0.007074406,-0.035791975,0.11971434,0.10390141,0.13852651,-0.15145223,-0.110331416,-0.4337575,-0.14048624,0.13302258,-0.21725006,0.24836826,-0.05438287,0.21630791,-0.20827173,-0.0014442333,-0.67066175,0.03054063,-0.02509024,-0.047331765,0.74665797,-0.1486248,-2.1207676,-0.064338386,-0.16971785,1.427048,0.42815357,-0.117389284,0.6534039,-0.21142091,0.026322672,0.62188977,0.03414145,0.10272103,0.17785971,0.3000293,-0.02133008,0.14570142,-0.12762421,-0.08811162,-0.23187263,0.08580351,-0.037322532,-0.021805327,-0.10370623,-0.7583393,-0.14227569,0.6349173,0.0061684335,-0.21580976,0.02235531,-0.961383,-0.096771985,0.06965775,-0.15859134,0.051117025,-0.26129815,-0.011641693,0.12924679,-0.12573457,-0.14783481,-0.36442125,0.18092407,-0.18317835,-0.144977,0.5890087,0.21704447
240,neutral,-0.012391976,0.25060618,0.34581423,-0.054199286,0.08541119,-0.3372473,-0.12957956,0.040263522,0.11889296,0.09625531,-0.10622988,-0.11396244,0.05061093,0.051779218,-0.033616554,-0.115012415,0.07495143,-0.13730538,-0.31386572,0.043068554,0.1610276,0.080981575,0.049867168,0.25106335,-0.077122465,-0.15586363,-0.06591877,-0.16419142,0.30462483,-0.048125956,0.065838,0.26521796,-0.0030261958,0.003587947,-0.017948177,0.08957588,0.13250686,0.11972378,-0.17622359,0.023236671,-0.28714114,-0.17903104,0.11098354,-0.08980982,0.076976895,-0.29430896,0.13920024,-0.11457595,-0.11941582,-0.59171706,0.1209124,0.1309549,-0.05087035,0.8599298,-0.094036855,-1.6689696,0.036475286,-0.26675308,1.1959895,0.325542,-0.057046168,0.20484002,-0.11858403,-0.005854326,0.61671454,0.23096757,0.086941116,0.22759952,0.23820269,0.04240604,0.19127136,-0.24030343,-0.2465483,-0.1624992,0.18016878,-0.014769286,-0.0980898,-0.07406803,-0.61236167,0.13325852,0.5054955,0.0045507313,-0.23726374,-0.012642334,-0.83575386,-0.28939533,0.025762433,0.058440752,-0.030513458,-0.34897965,0.089184836,-0.07525824,-0.044628896,-0.071812056,-0.32598305,0.08968793,0.08449737,-0.05625771,0.34529033,0.08273782
241,neutral,-0.06283593,0.30929726,0.3039775,-0.19205694,-0.028698206,0.1893638,-0.19801225,0.10325076,0.037585672,-0.21513177,0.13061373,-0.015684733,0.2564714,0.014819321,-0.0007545033,-0.18519568,-0.06623897,-0.08538201,-0.22419305,0.123642996,0.19871722,0.1277998,0.13328733,-0.16603033,0.16196565,-0.09796149,0.022767052,-0.31370553,0.32210532,0.13592657,-0.03429135,0.36872038,0.015682252,0.029743245,0.27004945,0.18207233,-0.026746046,0.026921228,0.16619624,-0.22362916,-0.32491136,-0.0940946,0.004599962,-0.18878306,-0.12579955,-0.13006793,0.111477345,-0.23630476,-0.017210716,-0.7587405,0.021958604,0.007827694,0.097694874,0.6260008,-0.19280013,-1.7052479,0.032569863,-0.29303148,1.0428884,0.27782676,0.008738573,0.68473476,-0.18781313,-0.30287278,0.51455563,0.14818007,0.24743585,0.13109225,0.076320924,-0.015875276,0.15739189,-0.17440365,0.11725504,-0.24176922,-0.0067459987,-0.042373676,0.034242496,0.02235613,-0.38511792,-0.023868542,0.4377109,-0.18096976,-0.34926444,0.057215802,-1.0968091,-0.086069256,0.029371444,-0.04804084,-0.0086110905,-0.026340367,0.082602344,0.079906225,-0.0070617544,-0.033789277,-0.414078,0.16846088,-0.21851955,-0.11191869,0.34478903,0.22920085
242,negative,-0.088935584,-0.051695198,0.12630466,-0.39590412,-0.1798009,0.008184123,0.1001022,0.13043751,-0.16530387,-0.14228682,-0.12758094,-0.047119983,-0.033834174,0.08788666,0.038800724,-0.20132306,-0.22827898,0.26711157,-0.37853214,0.3086427,0.10485212,-0.14598106,0.061214644,0.085086316,0.51390004,0.059005618,-0.050630048,-0.24949098,0.33311853,0.039034963,-0.35781047,0.24662025,0.007943514,-0.061852284,-0.051870752,0.14255236,-0.13458125,0.018974518,-0.08594402,-0.07086734,-0.21955782,0.04444809,-0.18397531,-0.02505733,0.05610075,-0.04606106,0.14466679,-0.22691563,-0.0939264,-0.7738355,0.12910804,-0.30135617,-0.060802963,0.67830384,0.021076893,-1.7346845,-0.1664617,-0.09077638,0.5106277,0.3060287,-0.0017370039,0.58721465,-0.030588428,0.08208323,0.47072318,-0.044670817,0.3761157,0.11288487,-0.05756841,0.086821124,-0.005589449,-0.061395794,-0.15457673,-0.47633407,-0.038523715,0.10160414,-0.16626562,0.032548666,-0.4199287,0.2332583,0.47723442,0.18000682,-0.4699655,-0.11385706,-0.68179107,-0.30750257,-0.054214373,0.18177503,-0.14970748,-0.29343426,-0.13560899,-0.04309189,-0.02460176,0.0062512676,-0.20851895,-0.07180549,0.005983351,0.011102935,0.39885685,0.16634643
243,neutral,-0.06552793,-0.09789529,0.21607931,-0.010647747,0.029210817,0.11137342,-0.17489147,0.68670285,-0.16812491,0.16547604,0.19842461,-0.14893885,0.21647857,0.12478699,-0.040673275,-0.24689339,0.10271683,-0.11405924,-0.3016937,-0.0047654808,0.3887211,0.065777406,0.22275834,0.036741536,0.042643048,-0.19334412,0.05019472,-0.0629286,0.089096606,-0.083025075,-0.24490409,0.19587293,-0.22070558,0.039426073,-0.2912698,0.24038519,0.047858573,0.056726728,-0.183589,0.13968486,-0.5550318,-0.23167695,-0.03481739,0.0891576,0.2523194,-0.0037585506,0.068326816,-0.19590937,-0.09474507,-0.51489246,0.11667941,0.09567039,0.12276452,0.7843194,-0.059003055,-1.6950592,0.1138217,-0.18674412,1.8593446,0.6112963,-0.15460007,0.3340167,0.29509634,-0.34473148,0.39035258,0.026889175,-0.20974314,0.40787128,0.1556307,0.22486532,-0.13486508,-0.34637025,-0.17844726,-0.235607,0.29213235,0.3063375,0.06496255,0.20877318,-0.9149463,0.034666575,0.6334791,-0.14630346,-0.1404764,0.08799713,-0.98893964,-0.052114304,0.19405375,0.11634596,0.052447584,-0.31979382,0.15001443,-0.091489166,-0.24293198,-0.12116605,-0.7052334,0.27489156,0.099565744,-0.047951046,0.45357427,-0.041079216
244,negative,-0.0019269439,0.042007156,0.40020353,0.14764604,0.061812192,-0.37837863,-0.2506421,0.14109981,0.017372029,0.10551721,-0.009784017,-0.0031637382,0.26706377,0.08681256,0.012002878,-0.13083605,0.18667561,0.034704074,-0.65808374,0.05679317,0.363416,-0.15036464,0.15442722,-0.06439425,0.048088837,0.28694144,-0.13717979,-0.18288134,0.42600802,-0.09581553,0.0563022,0.25958937,-0.2661768,0.0948332,0.036845516,0.33782446,0.388611,-0.1188676,-0.3102139,-0.22293204,-0.45082945,0.036293488,0.5978332,-0.07458035,0.20573352,-0.3802255,0.21424776,-0.21233469,0.057545982,-0.61214256,0.032337267,0.009343308,0.20556483,0.7766749,-0.021771694,-1.7426742,0.17336448,-0.43156382,1.384926,0.09310603,-0.005086808,0.1289162,-0.20371518,-0.33407024,0.60397995,-0.01673451,0.18426132,0.53435946,-0.11500223,-0.11802067,0.10630169,-0.33104128,-0.36458716,-0.5357004,-0.026608102,0.26588744,-0.20125653,0.12692447,-0.92033494,0.060320858,0.8472507,-0.16132931,-0.16864978,0.17220196,-0.75097924,-0.048292976,0.11904248,0.150597,0.20764036,-0.46536475,-0.009991918,-0.047448345,-0.18404067,0.11115989,-0.6689913,-0.057310138,0.10466591,-0.06181329,0.4024829,0.19491056
245,positive,-0.34905526,0.19440362,0.2002852,0.07933937,-0.0040012724,0.014795764,0.040515464,0.15719952,0.05911889,-0.04854815,-0.030609185,-0.005734168,0.27770934,-0.23523577,0.07764143,-0.06806277,-0.12141524,-0.24298242,-0.3361223,0.16056517,-0.12596087,-0.33155194,0.17980544,0.40016693,-0.050000556,-0.106167294,-0.20162094,0.0079439115,0.15671106,0.06586932,-0.11305026,0.34295747,-0.21115525,-0.15069805,0.10465687,0.07372023,-0.048611898,-0.20189202,-0.2671968,0.16268225,-0.43223137,-0.042197905,-0.34231296,-0.11980019,-0.11052755,-0.22467735,0.040845823,-0.30139044,0.0043199873,-0.73447645,0.27654955,0.0987502,0.062153887,0.73362404,0.15970144,-1.712764,0.27367467,-0.47457,1.4649311,0.060321897,-0.24225593,0.3209623,-0.028708305,-0.44423485,0.81463,0.25632486,0.071574055,-0.031135576,0.25301787,-0.061097786,0.14861512,-0.32129005,-0.17946501,-0.35768116,0.049986977,-0.028819626,-0.049015142,0.09474396,-0.5542337,-0.37193194,0.5915612,-0.020323874,-0.17565165,0.007467533,-0.97516465,0.082261436,-0.21891004,-0.0037938005,0.075771816,-0.1612349,-0.021694267,0.21435033,-0.34564033,-0.2832178,-0.16538174,0.060800333,0.0951645,0.10978227,0.45625156,0.30082414
246,neutral,-0.14968653,-0.014985826,0.2692862,-0.23656991,0.017506469,0.27874684,-0.104183085,0.24290478,0.05119892,0.09795815,0.16428393,-0.13393602,-0.0067275935,-0.0034086872,0.2881173,-0.45350984,0.0014322378,-0.10380609,-0.014593455,0.12641236,0.14669159,0.040445976,0.16210057,-0.27144152,0.2259187,-0.2106919,0.15454781,-0.10983056,0.3015198,0.020442821,-0.094197564,0.3731441,0.07914148,0.34588417,0.15538606,0.036742717,0.07144605,-0.026721379,0.35257187,-0.3528679,-0.1260471,-0.15837468,-0.13885966,-0.13299222,-0.09651853,-0.06272797,0.14954542,-0.24872263,-0.04486137,-0.6316848,0.1364869,0.090567246,0.037199575,0.6622012,-0.15669657,-1.7111193,-0.06109625,-0.061273843,1.2921847,0.41604474,0.03133728,0.61102265,-0.09054409,-0.04518147,0.5117858,0.021087999,0.22265399,-0.1069368,0.17120539,0.014462715,-0.17244871,-0.30973372,0.1124868,-0.27803257,0.18499264,0.078606695,0.24514763,-0.10514218,-0.4119698,-0.096602544,0.4843525,-0.37173957,-0.2821754,-0.02891228,-0.97967136,0.16635212,0.2711792,-0.11684552,-0.12962744,0.013534097,-0.10897542,0.11736333,-0.22597772,-0.08063131,-0.34362882,-0.066315584,-0.22065197,-0.06293083,0.55424273,0.021768259
247,negative,-0.08706234,0.30331913,-0.06732658,0.008064101,0.16692422,0.01116053,0.014020498,0.24013035,-0.09711739,0.36228526,-0.041244254,-0.25025117,0.26253954,0.14771298,0.083631605,-0.022566305,0.55673033,-0.06001126,-0.41150743,0.15034866,0.10435527,-0.09084844,-0.011961032,0.1699577,-0.002776549,-0.17754407,-0.014920925,-0.3180405,0.10060257,0.059871167,-0.18800193,0.27944976,-0.011012549,0.19239563,0.1068186,-0.041153096,0.24417494,0.06556133,-0.081813864,-0.0016689169,-0.1571076,-0.10784596,0.2271453,-0.037030187,0.20448902,0.04424445,0.07635778,0.22120614,-0.10898336,-0.20658362,0.01223383,0.064448446,-0.22910263,0.54425675,-0.31282774,-1.8746198,-0.077211305,-0.3750474,1.3796234,0.33894354,-0.11860944,0.46328643,0.1184152,0.07528883,0.290103,-0.01786532,-0.07960034,0.083368,0.12914208,0.21460979,-0.017427055,-0.3668622,-0.13409771,-0.38392264,-0.047693137,-0.024001822,0.39916608,0.1620323,-0.7198951,0.026728394,0.26898703,0.052606102,0.07024946,0.0055461545,-0.76111484,0.06701621,0.19506851,-0.13327469,0.055723753,0.06279686,0.26011696,-0.32734528,0.083036534,0.1244279,-0.43438163,0.25576842,0.00988336,-0.15384494,0.63435906,0.1181396
248,neutral,-0.16273473,-0.049557306,0.12784916,-0.10031567,-0.070600145,0.1538128,-0.10910342,0.28708282,0.09080535,0.16106744,-0.0016728719,0.07676077,0.20349117,0.26349267,0.06930767,-0.061703157,0.12896708,-0.11630989,-0.3496849,0.12119654,0.28923795,-0.041018065,0.062193535,-0.00047005506,0.21741006,0.19860956,-0.14261813,-0.3472822,0.24066792,-0.041820336,-0.098907575,0.20383257,-0.027481217,0.0998995,-0.031494826,-0.027828114,0.07776171,0.03161072,0.18012549,-0.05130382,-0.24773692,-0.17767562,0.06592222,-0.21717344,0.043726876,-0.10305184,-0.15045337,0.06299499,0.059745364,-0.34990272,0.07158571,0.071276635,0.0718923,0.8075921,0.000500831,-1.6943297,-0.05898687,0.06516898,1.1167176,0.31630218,-0.013178661,0.46472543,-0.0885391,-0.07179413,0.4589241,0.14549986,0.14230034,0.14446133,0.034954287,-0.0057772803,0.0029880705,-0.1516901,-0.05990473,-0.36198193,0.21444453,0.06458236,0.061505888,0.091437265,-0.5418107,-0.04082308,0.49177858,-0.06676177,-0.1845766,-0.00455248,-0.90532124,0.07518742,0.059702218,-0.009117644,0.021156399,-0.06447495,0.1038216,-0.011066838,-0.09791023,0.11089615,-0.3884283,0.09584821,-0.13178621,-0.1811402,0.25127247,-0.0348994
249,neutral,-0.19284193,-0.0055256775,-0.03292824,-0.15142456,0.10875921,0.49221247,-0.36102498,-0.22903733,0.1574325,0.511133,-0.073644035,-0.031506207,0.3155005,0.031954825,0.10935982,0.1820414,0.07244718,-0.19898412,-0.59928924,0.11438304,0.20247035,-0.18748568,0.19218932,-0.122900225,-0.059832253,-0.01591337,0.19420303,-0.070828676,0.32093212,0.10781521,-0.029579295,0.15031728,-0.09012998,0.35732478,0.08601154,-0.16643295,-0.072516814,0.0036951394,0.32980615,0.09042439,-0.46761853,-0.004013295,0.25134817,0.022527184,0.5183499,-0.1961155,-0.047114287,-0.056661274,-0.07354604,-0.17839664,0.029555354,0.08678336,0.068595,0.9209794,-0.1422715,-0.8432869,-0.12942815,-0.059431072,1.4087335,0.04356787,-0.12877876,0.34170642,0.102435276,-0.14236625,0.526001,0.16018704,0.10769055,0.13666509,-0.3169295,0.3028131,0.022643575,-0.6888177,0.053797778,-0.17794284,0.0012721453,0.29914886,0.26823476,0.19956921,-0.709154,-0.22751912,0.80665225,-0.136633,-0.1769937,0.1586654,-0.4854667,-0.017944748,0.35328856,0.44536167,0.07879474,-0.048930854,0.21033755,0.10030725,0.01950911,-0.17893063,-0.17054789,0.17687273,-0.011377511,0.14801401,-0.027477149,-0.0077339313
250,neutral,-0.24260668,-0.010038861,-0.10130841,-0.19850692,0.051429898,0.3780592,-0.2501402,-0.12878828,0.16404374,0.5357236,-0.028167643,-0.07655909,0.28032377,0.12139154,0.14992799,0.159829,0.07374287,-0.124730974,-0.5728206,0.097643375,0.25223094,-0.19304392,0.119555876,-0.15973634,-0.0039331093,0.04351497,0.051454548,0.04101385,0.2478864,0.11444088,-0.030772166,0.09552228,-0.12514034,0.439969,0.104574084,-0.17065056,-0.07089425,-0.073730126,0.31208757,0.07842034,-0.42602593,0.018501718,0.17706296,0.052283224,0.5086537,-0.13104135,-0.033412077,-0.011649899,-0.08243442,-0.27458763,0.07249121,0.1037974,0.08209211,0.8745996,-0.088723116,-1.1609423,-0.07747275,-0.05844163,1.42271,0.08266201,-0.075479545,0.44073886,0.15785173,-0.083460495,0.45453578,0.13410947,0.10256079,0.060752302,-0.2718489,0.22790627,0.01893335,-0.6143713,0.022554828,-0.1931005,0.009493651,0.3517776,0.31440315,0.22465661,-0.70326495,-0.16734438,0.77631474,-0.09804343,-0.20242192,0.1103191,-0.57252544,-0.037839714,0.34913087,0.30658406,0.038707167,-0.06260912,0.24269447,0.1770932,0.041722927,-0.09002565,-0.22688484,0.17342739,0.049213585,0.17920762,0.12029512,-0.006563972
251,neutral,0.24466547,0.51668376,0.48398998,-0.03226677,-0.1986042,-0.14097461,-0.0031500994,-0.12613414,0.051031757,-0.025025386,0.10796595,0.13641398,0.3728269,-0.18907511,-0.08671404,-0.021227345,-0.08127556,0.38846698,-0.22438784,0.31225458,0.2640481,0.1396021,-0.12359148,-0.06930183,0.11503832,-0.23614968,-0.1532191,-0.407909,0.33759722,-0.22157532,-0.14173888,0.122141205,0.13190632,-0.16804972,0.14396064,0.112152144,-0.34706613,0.3404651,0.02343183,-0.28785032,-0.31458554,0.06755396,0.32594967,-0.17960161,-0.06537393,-0.036903888,0.5619674,-0.6412735,-0.069010876,-1.1355742,0.47879627,-0.17443511,0.3839219,1.1012849,0.019717893,-2.2302015,-0.2747044,0.1901052,1.2927368,0.5892565,-0.21198241,0.46886373,-0.4511486,-0.070613936,0.8134028,-0.07656757,0.16144553,0.13868615,0.022444243,-0.13844804,0.22638896,-0.31384146,-0.5276404,0.026345108,-0.1408448,0.010134533,-0.07372481,-0.25530946,-0.43990147,-0.18539076,0.30946767,0.14095157,-0.4489552,-0.23668769,-1.3462162,-0.41751686,-0.06736647,-0.082536906,0.0049900548,-0.34953037,-0.017266914,-0.075008266,-0.14476097,-0.24461336,-0.45808694,-0.12011939,-0.2680451,-0.17461018,0.44584092,-0.011016215
252,neutral,-0.18538919,0.094244994,0.41186816,-0.1615337,-0.17270933,0.14862396,-0.112505116,0.11211755,0.044362113,0.16058594,0.13492823,-0.014228421,0.14523052,-0.03982007,0.050409645,-0.070844315,0.12641728,0.1716552,-0.33931917,0.032520093,0.09942057,-0.095975906,-0.024278594,-0.0701982,0.15615503,-0.053683262,-0.09199616,-0.10007444,0.30651075,-0.058546107,-0.115998454,0.3134418,0.0030591737,-0.07964031,0.05991575,0.17283615,-0.20197386,-0.079900995,0.10960437,-0.27805272,-0.23030792,-0.183168,0.14021227,-0.15546538,-0.10365902,-0.117500186,0.08772991,-0.06772189,0.050025415,-0.47265851,0.089709036,0.10080046,0.15812302,0.79072785,-0.109141156,-1.5015433,0.042157795,-0.008132274,1.13807,0.36582568,-0.15934703,0.5081301,-0.037945066,0.049383566,0.3347347,0.10932995,0.11106548,0.3072327,-0.0004627377,-0.05198444,0.20341896,-0.2317806,-0.16714089,-0.32222658,-0.004902704,0.22875242,-0.045405418,0.096591376,-0.58901364,0.17882054,0.47917768,-0.14912745,-0.2239168,-0.08956159,-0.8011175,-0.23801424,0.06789553,-0.09439118,-0.01536061,-0.18769921,0.070122145,0.088909835,0.02937327,-0.0031957657,-0.17492835,0.020709513,-0.20619832,0.039302368,0.3456868,-0.029448397
253,neutral,-0.18538919,0.094244994,0.41186816,-0.1615337,-0.17270933,0.14862396,-0.112505116,0.11211755,0.044362113,0.16058594,0.13492823,-0.014228421,0.14523052,-0.03982007,0.050409645,-0.070844315,0.12641728,0.1716552,-0.33931917,0.032520093,0.09942057,-0.095975906,-0.024278594,-0.0701982,0.15615503,-0.053683262,-0.09199616,-0.10007444,0.30651075,-0.058546107,-0.115998454,0.3134418,0.0030591737,-0.07964031,0.05991575,0.17283615,-0.20197386,-0.079900995,0.10960437,-0.27805272,-0.23030792,-0.183168,0.14021227,-0.15546538,-0.10365902,-0.117500186,0.08772991,-0.06772189,0.050025415,-0.47265851,0.089709036,0.10080046,0.15812302,0.79072785,-0.109141156,-1.5015433,0.042157795,-0.008132274,1.13807,0.36582568,-0.15934703,0.5081301,-0.037945066,0.049383566,0.3347347,0.10932995,0.11106548,0.3072327,-0.0004627377,-0.05198444,0.20341896,-0.2317806,-0.16714089,-0.32222658,-0.004902704,0.22875242,-0.045405418,0.096591376,-0.58901364,0.17882054,0.47917768,-0.14912745,-0.2239168,-0.08956159,-0.8011175,-0.23801424,0.06789553,-0.09439118,-0.01536061,-0.18769921,0.070122145,0.088909835,0.02937327,-0.0031957657,-0.17492835,0.020709513,-0.20619832,0.039302368,0.3456868,-0.029448397
254,neutral,-0.17304164,0.11795566,0.27536952,-0.14860265,0.16674304,-0.44660258,-0.13975865,-0.059055522,-0.059148908,0.58451223,0.2755815,-0.5148652,0.1515552,0.17893174,0.19844818,-0.109836236,0.20368268,-0.20582703,-0.13738081,0.14639637,0.14775409,-0.08300769,0.10399641,0.11903603,0.027206723,-0.2171716,0.13536559,0.1690812,0.1160339,0.18878661,0.052476898,0.4788759,0.03135648,0.40055874,0.29377472,0.24496278,0.095515385,0.04118641,-0.1517141,-0.036019593,-0.3302826,-0.21604548,0.31275767,0.11842518,0.20780662,-0.28622764,0.21245751,0.08483514,-0.054379996,-0.6492795,-0.04892486,0.46714455,0.184719,0.9246341,-0.13083018,-1.8025929,-0.07202313,-0.10166692,1.4820273,0.3900885,0.010999125,0.33274728,0.3164227,-0.016247483,0.37042877,0.30466497,-0.012577988,0.10080008,-0.2540954,0.25984025,0.20484075,-0.37656483,-0.070962384,-0.30370972,0.09109018,0.0062927045,0.27035448,0.160389,-0.51311314,0.28868115,0.62821627,0.086746074,-0.18285264,-0.06485869,-0.6757414,0.06498891,0.2923072,0.19835892,0.12147205,-0.2192548,-0.03629998,0.10399269,-0.042764608,-0.18472494,-0.5387282,0.25468308,-0.13389482,-0.18407086,0.41800612,-0.07193729
255,neutral,-0.04941127,0.21607879,0.07990384,-0.2646626,0.097760566,-0.2014957,-0.010347877,0.10437804,-0.17873505,0.052882217,-0.22131038,-0.27367467,0.21416464,0.29645902,-0.17502676,0.00943183,0.37095112,-0.1593491,-0.6771654,0.13584627,-0.025618184,0.09952528,0.21228306,-0.14638844,-0.02484949,0.14913559,0.011623915,-0.69813985,0.059860636,-0.26462328,-0.2059386,0.65806246,0.09826316,0.2615979,-0.15462759,0.017264077,0.15115264,0.4114119,0.11096465,-0.16537632,-0.69628114,-0.10431349,-0.32037085,-0.11257698,-0.1531465,-0.30881396,0.12074005,0.04594097,-0.14744489,-0.4985009,0.30163234,-0.36113992,0.22213402,0.37835425,0.037969615,-2.1405787,0.12976864,-0.24230857,1.2717152,0.35715756,0.019552412,0.47950467,-0.20022191,-0.09159162,0.40618786,0.04696639,0.26566252,0.6320742,0.15802719,0.36769584,0.045775007,-0.12750994,-0.54016733,-0.1615123,0.056291405,-0.08406152,0.032141563,0.0803185,-0.8959775,0.0664438,0.16810356,0.13165422,-0.418059,-0.07331279,-1.1137367,0.040632866,0.21911316,-0.024609603,-0.07398385,-0.5569629,0.48985627,-0.3493351,-0.008860151,0.097952366,-0.40602958,0.14933738,0.0069231414,-0.30704662,0.25540558,0.39870137
256,neutral,0.4688595,0.5841285,0.3896369,0.12144171,0.43029445,-0.56973535,-0.60970974,0.14079139,-0.25486064,0.4806147,0.057322673,-0.7325169,0.47670972,-0.09504196,-0.44384646,0.37297234,0.41806868,-0.21699178,-0.79835075,-0.2232559,-0.20015654,0.1842147,0.7060983,-0.18271439,0.19935244,0.36767215,-0.18266886,-0.25785074,0.53062224,0.38131174,-0.5966087,0.19163059,-0.880602,0.6063989,-0.13347073,0.16277388,0.76383173,0.5496549,-0.8307974,-0.08344072,-1.0087436,0.17005397,0.21189182,-0.16986997,0.5456412,-0.21484947,0.28563443,-0.016708178,-0.18956237,-0.46483773,0.18969028,0.39647076,-0.20352371,0.843127,-0.46417275,-2.2615485,-0.14160009,-0.034639116,1.776936,-0.076693654,-0.2575426,-0.04983052,-0.5322759,-0.19258878,0.23205976,-0.19471465,-0.56360734,0.67153096,0.53415215,0.34787866,0.19245207,-0.3371581,0.06945241,-0.5087276,0.26523256,-0.3132733,-0.045649607,-0.30728975,-1.6267709,0.017038247,1.5834615,0.007910674,0.2610575,0.098199956,-1.1877825,0.11650842,-0.24642482,0.40332064,0.5141403,-0.6289421,-0.4013479,0.43944362,-0.4140162,-0.28063232,-0.19410169,0.9374907,-0.08776965,-0.015081995,0.9595606,0.48541626
257,negative,-0.3548038,0.117335804,-0.045025088,0.114688076,-0.1680314,-0.11445585,-0.036571067,-0.04463813,0.19670993,0.3991117,0.017585212,-0.09369875,0.35427174,0.06185038,0.11099507,0.08032738,-0.19128954,-0.35080895,-0.39105174,0.013403343,0.43024856,-0.12178209,0.13551553,0.0013075032,0.025052581,-0.07153338,-0.3316807,-0.12244892,0.25726992,-0.06495406,-0.03379577,-0.08552222,-0.007992208,0.1181209,0.2561595,-0.12910001,0.30729932,-0.16504316,0.054820552,-0.02952517,-0.37608272,-0.07018268,0.2186962,-0.10729838,0.18088588,-0.23887596,0.177011,-0.008773958,-0.23542807,-0.47929028,0.17164922,0.27348626,0.23498172,1.0697757,-0.15432833,-1.7197016,0.13924716,-0.38168657,1.3419579,0.316988,0.13168119,0.35291204,0.12788424,-0.13100664,0.6860213,0.19038253,0.05075658,0.10400218,-0.12407555,0.070514835,0.40938798,-0.5260007,-0.31528616,-0.44082645,-0.07736584,0.05937656,0.10137998,0.23550197,-0.8315715,0.28938827,0.88301206,0.030837134,-0.13835126,0.12729669,-0.6577854,-0.13355832,0.3089431,0.018424124,0.24788693,-0.21138313,-0.104747616,0.09596805,-0.29941756,0.31956524,-0.50032663,0.083345525,0.14966515,0.20755032,0.51094997,0.30233103
258,neutral,-0.03562061,0.06976648,0.25534484,-0.11796252,-0.12828408,-0.3856375,-0.12641159,-0.024318008,0.025879694,0.118943885,-0.015352541,-0.12121947,0.17497268,-0.05079408,-0.073201574,-0.02247007,0.0765987,0.043833677,-0.24388741,0.014261758,0.2117956,-0.2515827,0.0052207187,0.15155093,0.12156887,-0.0067314776,0.028420884,-0.15728082,0.015837528,0.21655126,-0.23370689,0.31837213,-0.18470299,-0.019227892,-0.082591556,0.22617765,0.21881442,-0.011866881,-0.12990108,-0.06392677,-0.29126865,-0.013998739,-0.022573447,-0.15753898,0.19015096,-0.13154446,-0.05088331,-0.26555312,-0.09975307,-0.5570965,0.06747675,0.055759445,-0.08312664,0.7209027,0.09727067,-1.551606,0.015288859,-0.15748626,1.1636262,0.09133014,0.00971127,0.3484247,-0.1409357,-0.18515612,0.60177404,0.014399109,0.1923327,0.35556465,-0.037877016,0.04408156,0.2924049,-0.054316994,-0.15694883,-0.28369796,0.010460953,0.17760411,-0.08884547,0.093805894,-0.7570961,0.12581713,0.30408174,-0.036996987,-0.30632263,-0.01725648,-0.9489348,-0.21950738,-0.11428997,-0.19634293,-0.047930956,-0.34001437,-0.04815001,-0.035179004,-0.106604464,0.008823967,-0.14712134,0.09846893,-0.0425508,-0.2439186,0.4199415,0.107896425
259,negative,-0.12249226,0.32977515,0.38597903,-0.15546857,0.014956369,-0.1808347,-0.10506319,0.11566643,0.02015145,-0.003006675,-0.006564808,-0.006705253,0.10924046,-0.19436781,0.02403097,-0.16435246,-0.1291078,0.14199983,-0.1490786,0.10910645,0.32915187,0.008722081,0.020596296,-0.22161275,0.2389086,0.18567422,-0.23035492,-0.37294316,0.20481631,0.023678077,-0.10958451,0.518858,-0.023760235,0.056191597,0.03714254,0.16788869,-0.012338363,0.08853868,0.08204118,-0.1881187,-0.19854823,-0.24119318,0.1738833,-0.11558733,-0.19497193,-0.10429063,0.015087723,-0.22142784,-0.119334355,-0.84031236,-0.019469835,0.052811712,0.026862388,0.6871011,-0.05384271,-2.0720391,-0.07661461,-0.040902257,1.4399548,0.26475224,-0.029689042,0.5090712,-0.359232,-0.063124046,0.6344604,-0.008019308,0.33205783,0.05853142,0.07554822,-0.39383167,0.156545,-0.04570089,-0.021325206,-0.12015028,0.11659897,0.1117968,-0.01526865,-0.11993216,-0.5066247,-0.08288916,0.3528925,0.11370161,-0.36436102,-0.039895423,-1.0159881,-0.13556089,-0.00480945,-0.13439912,-0.15472732,-0.32514915,-0.103500284,0.024904944,-0.1570142,-0.19445759,-0.5238588,-0.012517934,-0.044670198,-0.09504408,0.45435268,0.20981252
260,neutral,-0.12781094,0.40867248,0.2070398,-0.043201078,-0.19780777,-0.11114161,-0.23072696,-0.09398324,0.32293373,-0.05335853,-0.23825046,-0.1711356,0.3117955,0.05580973,-0.24050198,-0.019277021,-0.1385642,-0.075653486,-0.60730124,-0.21503851,0.35465395,0.03821441,0.48157305,0.02550339,0.085629694,0.36468464,-0.3989644,-0.4053982,-0.17264588,-0.013725695,-0.26117226,0.03850089,-0.1720755,-0.15329133,-0.060972888,0.31336686,0.27147797,0.13177297,-0.42962986,-0.24181625,-0.3443045,-0.15342586,-0.31394497,-0.64415026,0.4149237,0.23650195,-0.29902545,-0.08612379,-0.16423054,-0.78228205,0.3254179,-0.0010389864,-0.2538536,1.093125,0.009937069,-1.8864173,-0.052585803,-0.1902208,1.576117,0.14092106,0.019148763,0.32709214,-0.04824931,-0.36108205,0.844381,0.1901942,0.19643201,0.060894284,0.4167993,-0.33828786,0.1363609,-0.4982573,-0.2780748,-0.1292512,0.25289688,0.21771342,-0.3463185,0.11330564,-0.73529243,0.39250994,0.4644476,-0.088848606,-0.59866697,0.34448135,-0.99243766,-0.1743508,-0.03860846,0.07537143,-0.26923603,-0.48154384,-0.0015750537,0.19017427,-0.013196321,-0.31861115,-0.65337086,-0.20425893,0.19529416,0.0936273,0.735452,0.4425326
261,neutral,-0.18359832,0.33679426,0.4367038,0.20990376,-0.39021772,-0.85388654,0.06349967,0.15098752,0.051805455,0.89748025,0.26139194,0.032865208,0.34333742,-0.26156315,0.14954801,-0.032374796,0.06335714,0.25801235,-0.36287633,0.07176677,0.5616905,-0.5042379,0.016409568,0.32521567,-0.3078916,-0.042648513,-0.384739,0.1658272,-0.004327017,-0.17062142,-0.16413942,0.24429063,-0.26051408,0.05029008,0.22143549,0.18631433,0.09135935,0.017628485,0.015238092,0.007371223,-0.6884589,-0.11671007,-0.06625141,-0.07475088,0.24353376,-0.54923135,0.19909063,-0.38050777,-0.5059966,-0.6574851,0.6584379,0.2379657,0.17418483,0.94619036,-0.31013122,-1.8114777,0.039407343,-0.48610318,1.3869452,0.28747874,0.14183152,0.40200993,0.06043331,-0.01414364,0.3642829,0.29775876,-0.17650329,0.4992264,-0.09424305,0.040764473,0.3690943,-0.12880078,-0.110167,-0.35942993,0.027164329,-0.20448898,0.018443074,0.047431756,-0.9834952,-0.006639475,0.8809937,0.079390675,-0.59228396,-0.27543497,-1.0208155,-0.1104603,0.3642007,0.15305841,0.16985884,0.07797187,-0.03473869,0.18411821,-0.04416884,-0.59461695,-0.54049057,0.12444276,-0.06601643,-0.08191551,0.46564913,-0.18929288
262,negative,-0.12534639,0.16598026,0.2806464,-0.20636971,-0.036936983,-0.12011282,-0.12188218,-0.01655478,0.072205916,0.16482383,0.24739374,-0.08490945,0.17163327,-0.19315758,0.09785353,-0.09230513,0.016945934,0.19303295,-0.30167848,0.118035786,0.25549683,0.103539646,0.06540501,-0.15265398,-0.2579668,-0.054562334,-0.099653564,-0.13626333,0.08823258,-0.14216354,-0.00047850516,0.25860783,-0.07927468,-0.12685306,0.20307729,0.42973346,-0.11476577,-0.17189117,-0.36421677,-0.14732571,-0.19586505,-0.16617197,-0.25736123,-0.21904033,-0.08290479,-0.33448696,0.188458,-0.35525185,-0.03159055,-0.6591989,0.20525889,-0.13691708,-0.0033066415,0.946621,-0.16101082,-1.7704688,0.05360417,-0.24534443,1.5899434,0.23174836,0.017574154,0.52911925,-0.35275638,-0.123060174,0.7307189,0.3113298,0.32726577,0.1418418,0.12696876,-0.32907927,0.20007233,-0.43858382,0.19981119,-0.116919056,0.009131988,0.114882,-0.16474946,0.0015312978,-0.61327076,-0.07802073,0.45140752,-0.14567858,-0.30215064,-0.08890681,-1.3759463,0.11756754,0.12926386,0.010256381,0.14575611,-0.16864343,-0.23209734,-0.055143338,-0.23780285,0.076287575,-0.1919833,-0.222392,-0.022520188,-0.28384495,0.56945163,0.26886544
263,neutral,0.08331891,-0.31351602,-0.19576128,-0.5312765,0.41112304,-0.10936477,-0.009340325,-0.014833359,-0.20994416,-0.18264394,-0.05150944,-0.1946305,-0.001989799,0.04825405,0.23545115,0.18873219,0.15950468,-0.16892296,-0.07733753,0.022943899,0.3668726,0.13106357,0.10432206,-0.45776957,0.4904135,-0.12690453,0.33123282,-0.18743297,-0.021907713,0.028636733,0.028044952,0.49529403,-0.120398015,0.21210997,-0.13828653,0.15818287,0.15311927,0.018825565,0.01971468,-0.20664454,-0.09625783,-0.11392971,-0.27716893,0.08630034,0.11347066,0.09247557,-0.2728433,-0.43862402,0.17947565,0.25585514,0.14801477,-0.15194233,0.039089035,0.42433015,-0.37161565,-1.569908,-0.24922566,0.13456784,0.25063652,0.14826691,-0.10662614,0.45359597,-0.16477928,0.04115199,0.54612666,0.052966952,0.30777532,0.36502647,0.07178125,0.29738948,0.009086103,-0.025445964,-0.13836354,-0.41915867,-0.19777972,-0.2791771,0.21542004,0.049771618,-0.3770347,0.06833005,0.14705293,0.034925207,0.24549255,-0.22300318,-0.58502966,0.14057174,-0.15286009,-0.09675867,0.19520316,-0.14067923,0.07537113,-0.11011806,0.31438825,0.33725712,0.17299274,0.12240001,-0.09516715,-0.35521978,0.28154686,-0.090361185
264,neutral,-0.15118088,-0.2019856,0.21109977,-0.13813952,0.13306051,0.0035700344,-0.18983132,0.1252777,0.039680697,-0.021689745,0.29177088,0.028395727,-0.03206131,-0.05390484,0.2662268,-0.39376092,0.16005467,-0.25718868,-0.066838756,0.10647008,0.02970102,0.04100575,-0.0024421418,-0.1157804,0.027686192,-0.16144536,0.022544818,-0.07765342,0.24810751,0.08548659,-0.102817886,0.64357626,-0.114076,0.16763674,0.097670466,0.12070939,0.024425017,-0.057654783,0.07646788,-0.2537932,-0.13183041,-0.17983419,-0.16526373,-0.09411383,-0.016555546,-0.022755956,-0.03983295,-0.41316652,-0.06280478,-0.57800424,-0.11289617,0.15088364,0.17645273,0.6855317,-0.101787545,-1.7430105,-0.060839977,-0.18836875,1.2524912,0.02927459,-0.106650166,0.590885,-0.13772507,-0.22711027,0.46691576,0.071819484,0.23252289,0.22415522,0.08603876,-0.07111457,-0.06911413,-0.06944361,0.2917981,-0.34747207,0.05242085,0.082312405,-0.033641256,-0.17246787,-0.49616623,-0.09230063,0.33073753,-0.34552106,-0.28537443,-0.033807397,-1.1053734,0.13710196,0.085618556,-0.006307762,0.07038785,-0.040038306,-0.20841275,0.2164627,0.013305831,-0.12002619,-0.23995599,-0.08525914,-0.13164045,-0.30076858,0.48092416,-0.0078865895
265,neutral,0.04022231,-0.20359394,-0.04901298,-0.3451059,0.2919768,-0.0016305149,-0.07661526,0.08539277,-0.53077006,-0.2828586,0.009672759,-0.28436023,-0.01795362,0.12208839,0.12761115,0.3350157,-0.03851578,0.12617728,-0.22416912,-0.061930627,0.26424965,-0.088829525,0.5298318,-0.410942,0.46525925,-0.01117251,0.3525617,-0.18611369,-0.02172217,0.12793039,-0.13679893,0.555058,-0.12897976,0.043086413,-0.13528737,0.20405023,-0.030931603,0.28014857,-0.114412196,-0.0872054,-0.27749538,-0.18403685,-0.03331482,0.101805136,-0.053021144,0.013953717,-0.1543133,-0.07042825,0.2595314,-0.10078827,0.0997078,-0.18074998,0.4104049,0.20699774,-0.10615478,-1.8026873,-0.38912037,-0.15650344,0.19941312,0.15525497,0.14110789,0.59133416,-0.09279141,0.23519628,0.4563501,-0.18107185,0.39764538,0.6231771,0.11422175,0.30349347,-0.20382531,0.007577216,-0.41367567,-0.22633441,-0.17496876,-0.2976285,0.1911977,0.19479564,-0.610267,0.05420565,0.052974444,-0.051848643,0.57635885,0.02349312,-0.41108525,-0.17686829,-0.3112732,-0.037683584,0.25876153,-0.21361504,0.08080632,-0.4757328,0.48241553,-0.024822874,-0.34004393,0.23775393,0.19679517,-0.32168022,-0.03356518,0.097865045
266,neutral,-0.09224658,0.040195726,0.31582242,0.09962316,-0.11195602,0.22989719,-0.091553874,0.07943923,0.16446562,0.18614292,-0.2371306,-0.0070383656,0.4326295,-0.10841372,0.10398967,-0.14798155,-0.020063724,-0.22774588,-0.631925,0.12726101,0.41405207,0.056272354,0.13607992,-0.07395771,0.008485084,-0.37704316,-0.11663534,-0.35441476,0.23803268,-0.06844183,-0.07097539,0.19770563,0.031921867,-0.017179042,-0.17943078,-0.089679256,0.079146735,0.27915338,-0.083487265,-0.07099704,-0.5697274,-0.3029783,0.33990812,0.17840299,0.17706215,-0.24503402,0.18564816,-0.14458038,-0.2773503,-0.54807186,-0.05771569,0.00042224096,0.34932408,1.1099334,-0.21415353,-1.869884,0.050831083,-0.2757537,1.7398216,0.41936374,0.17604779,0.40402323,-0.08809938,-0.34660405,0.80821884,0.14848565,0.12663817,0.06341991,0.13868648,-0.19952938,0.21228221,-0.35524955,-0.2563684,-0.35455298,0.029703321,0.04116907,-0.29247606,0.24001278,-1.0370399,0.08327737,0.659792,0.28390947,-0.18595436,0.2665865,-0.94954354,0.057779614,0.16268352,-0.20089562,0.29016274,-0.27217028,0.012085594,0.061047453,-0.32203403,0.059399217,-0.72886455,0.14512856,-0.067342654,0.11922608,0.5343007,0.17736506
267,negative,-0.14990062,0.2765168,0.15021646,-0.30842158,-0.11338163,0.12134583,0.015968556,0.13493656,-0.17187138,-0.25640312,-0.004912658,0.089484416,-0.18871425,-0.025297625,-0.13108534,0.25648034,0.20501348,0.2609675,-0.010371532,0.23047544,0.048503216,-0.17536047,-0.0152043495,-0.13897654,0.5713488,0.19021966,-0.15099168,-0.28908908,0.40650383,-0.19732974,-0.13847524,0.3163953,-0.018611534,0.046500083,0.050922778,0.12280869,-0.124645844,0.51024026,0.0493479,-0.12842599,-0.17329216,-0.2728149,-0.16954817,-0.32194874,-0.17882994,-0.18356039,-0.072840124,-0.020446422,-0.2628251,-0.41953862,-0.19482706,-0.18316408,0.18569268,0.82968885,-0.40807816,-1.572477,-0.05241188,0.23994109,0.97815585,0.103996225,-0.21101068,0.7154598,-0.6437253,0.09672201,0.5768277,0.043391395,0.33972538,0.12919098,-0.0052727065,0.07238866,0.07775497,-0.26983723,-0.26112473,0.087490186,0.115082204,0.065298125,-0.21795231,-0.19357114,-0.25110573,-0.066171065,0.3666899,0.047877837,-0.18960527,-0.095234066,-0.9665004,-0.09913542,-0.24790806,-0.09244669,0.10223632,-0.23636754,-0.14469844,-0.074386455,-0.014879733,-0.1978322,-0.101119295,-0.19092613,0.13190027,-0.056159504,0.36328116,0.22221875
268,neutral,-0.13483791,0.08138457,0.108216226,-0.06383489,0.14231989,-0.63440603,-0.32031563,0.18770126,0.17048302,0.07797831,-0.36204514,-0.43656066,0.312812,0.044282638,0.035083696,0.027471649,0.12825003,-0.27413815,-0.6376001,0.23004362,0.51433027,0.16756669,0.12354699,0.23259732,-0.1351403,-0.05429989,0.050359838,-0.19568004,-0.028472936,-0.3035658,-0.2550975,0.24793346,-0.08003545,-0.018526046,-0.09133137,-0.08564856,0.0016370268,-0.0646848,-0.27687472,-0.05967242,-0.54173845,-0.29456276,0.16271798,0.14431827,0.43257004,-0.14688568,0.46401614,-0.05845169,-0.071265504,-0.74665153,0.06067065,0.16787952,0.114596136,0.9943401,-0.013372857,-1.8448701,-0.00046140124,-0.2087996,1.6764377,0.42753047,-0.14070514,0.4401177,0.12559128,-0.36469305,0.39010236,0.3104263,0.088112414,0.039532192,0.46623906,-0.11688103,0.37668812,-0.31991628,-0.183953,-0.2774393,0.04377816,-0.05275822,0.05328895,0.14805917,-0.90100193,0.19212286,0.8499369,0.11737608,-0.19475722,0.22664891,-0.83580506,-0.1809283,-0.07789794,-0.15963596,0.048840664,-0.53876066,0.11007846,0.08414331,-0.41841203,-0.17133671,-0.51912415,0.34549186,0.038606234,0.062381525,0.69237775,0.0543397
269,negative,-0.0068841274,0.31020018,0.37495402,-0.16081196,-0.13369776,-0.063691385,-0.3566134,0.0398322,0.14516868,-0.061398447,0.0390055,0.1814602,0.29031202,0.02505535,-0.23623954,-0.20445143,0.06092813,0.23443855,-0.48185232,0.09552008,0.32492414,0.025949797,0.09102115,-0.029245887,0.0013068028,0.09293618,-0.1651991,-0.4658811,0.06761767,-0.2106678,-0.05996761,0.36767337,-0.02726786,-0.13121401,0.0744942,0.11541149,-0.040985525,-0.0018943326,-0.123003446,-0.12873654,-0.44196865,-0.17868407,0.09318871,-0.36939016,-0.05210027,-0.24582599,0.28443688,-0.13055623,-0.13079731,-0.86937773,0.24568008,-0.14658666,-0.04519635,0.9031374,0.010082415,-2.0501297,0.10845552,-0.12024267,1.6042813,0.3219139,-0.27099591,0.5132295,-0.2943917,-0.07132924,0.68554753,0.11740545,0.12377697,0.37703863,0.04224005,-0.1627993,0.15164328,-0.37311187,-0.20166266,-0.30563217,0.079286404,-0.034505237,-0.20743605,-0.076437615,-0.7336815,-0.07693399,0.73163325,-0.040801983,-0.35642755,0.04352886,-1.3362089,-0.08245179,-0.022008084,0.08536766,-0.18639542,-0.3688054,0.16653465,-0.1341075,-0.09391754,-0.11136946,-0.40903682,0.104278766,-0.0980212,-0.30408475,0.4305524,0.11520261
270,neutral,-0.058757413,-0.03391624,0.16701296,-0.28362975,0.2332662,0.09001961,0.026090672,0.19319291,-0.0111927185,-0.15831284,0.018199207,0.06626521,0.16890049,0.07984591,0.15404336,-0.18331452,0.09611972,-0.17001654,0.06315017,0.08824161,-0.104310736,-0.0042256336,0.121404365,-0.047761355,0.44644824,0.07299884,0.1720446,-0.14304274,0.23724188,0.15684457,0.13460036,0.48873287,-0.03635395,0.33553183,0.19351275,0.03887802,-0.021832092,-0.12743701,0.08057406,-0.10178777,-0.21380413,-0.27087286,-0.27274886,0.09671593,-0.061863177,-0.15820342,0.2077461,-0.18542454,0.09905737,-0.5666167,-0.013516384,0.11450706,0.2566277,0.7566353,0.004809146,-1.759757,-0.04060803,-0.12796164,1.184857,0.31402314,0.06246211,0.521485,-0.28423563,-0.1410003,0.47585428,0.1801775,0.13363373,0.15686016,0.15858552,-0.04837944,-0.020358227,-0.17842466,-0.021356352,-0.42570537,0.27474412,-0.008120447,0.12549515,0.21467333,-0.41540995,-0.1930112,0.41752562,-0.26617485,-0.38528535,0.067749806,-0.995265,-0.15431093,0.18808332,0.17997627,0.10052061,-0.007004251,0.1083232,0.13171746,-0.1098477,0.17854872,-0.34344947,0.16252504,-0.08531857,-0.178509,0.41097358,0.06975311
271,neutral,-0.23307173,-0.2021998,0.37726086,-0.17608757,-0.105807394,-0.13207248,0.44882065,0.055715635,-0.39416,0.5841331,0.48803523,-0.13907412,0.044450007,0.032604255,0.42133707,-0.2893882,0.24390508,0.34967524,-0.62821174,0.32354474,0.9142009,0.10581531,0.2397375,0.08216708,0.2745079,0.3758269,-0.32731026,-0.029427962,0.18271379,0.081633195,-0.33328682,0.43297082,0.17185363,0.39781755,0.19264875,-0.013894233,0.21532185,-0.23963776,0.17855524,0.66751325,-0.42117426,-0.27727154,0.31155992,0.15096028,0.49432898,-0.16137673,0.4023674,-0.112499945,-0.15392718,-0.6202463,-0.22744071,0.51049894,0.025796657,0.8393024,0.021240987,-1.4631773,0.01850785,0.2025503,1.5260112,0.42132494,0.31364834,0.6846876,0.123293534,0.29888806,0.19076355,0.13882972,-0.0051772157,-0.0013454134,0.06846296,0.08577127,-0.07745256,-0.4796724,0.14707093,-0.17308517,0.25962684,-0.016735077,0.30955216,0.06416875,-0.47132254,0.160939,0.45098254,-0.04834458,-0.40522066,0.024275033,-0.41212425,-0.058454927,0.35205036,-0.33454394,0.16800466,0.1980374,0.06963639,0.09455914,0.038400896,-0.2914279,-0.47073552,0.39122304,0.011103643,0.03614632,0.58083224,-0.24028945
272,neutral,-0.04957775,0.3097319,0.14457184,-0.3346599,0.21685724,-0.5072426,0.045057844,0.21406172,0.13754423,0.3527806,0.47923422,0.27343136,0.21842656,-0.053642776,-0.0695248,-0.41750908,0.014940663,-0.090056516,-0.14195754,-0.03845941,0.54006773,-0.1253935,0.10031822,-0.015935343,0.2020199,-0.0037986683,-0.47908795,0.2569369,0.006055248,0.0757906,-0.101724096,0.08231708,-0.21159297,0.046665903,0.08309819,-0.03762614,0.25220957,0.12743746,0.055717036,0.20539191,-0.21930179,-0.52318674,-0.0015369902,-0.020763779,0.48367292,0.28797755,-0.19592655,-0.27808565,-0.36487976,-0.32520127,0.06327437,0.27824655,0.0722882,0.9924723,-0.26875496,-1.4307607,-0.17536816,-0.34561202,1.3670781,0.35167077,-0.08213427,0.23105207,-0.10130485,0.072932325,0.33016148,0.266441,-0.029409386,-0.047088824,0.057339717,-0.17348482,0.019316059,-0.0986294,0.33928478,0.019728675,0.1131784,0.10402138,0.16425052,-0.103230506,-0.713357,0.21207483,0.48588446,-0.06647214,-0.36691728,0.31481516,-0.32435182,-0.25173134,0.2668563,-0.22874321,-0.049647108,-0.31296283,-0.03633335,0.15847984,-0.30800602,-0.44494793,-0.2678596,0.3232064,-0.13148887,-0.08633483,0.4430329,-0.03937505
273,neutral,-0.28825894,-0.048279528,0.19570147,-0.02208197,0.04664602,0.06320978,-0.35660893,0.08687963,0.032363918,0.297005,-0.0037997765,-0.15748967,0.1552184,0.17918043,-0.07190537,0.18897031,0.23337312,-0.3006223,-0.7309424,-0.023330392,0.32306042,-0.36608934,0.2570618,-0.3326141,-0.25363618,-0.39025652,-0.02493079,-0.35475573,0.05834199,0.017759701,0.06055132,0.2410702,-0.3117626,-0.21768926,-0.1474562,-0.08523741,-0.028039062,0.14380516,-0.22256784,0.0916414,-0.5802561,-0.20462365,0.29446346,0.19428267,0.19601229,-0.151113,0.10937761,-0.15596396,-0.2318326,-0.53920716,0.36334315,0.06931929,0.25759798,1.1088945,-0.13367894,-1.6658779,0.12543671,-0.28562772,1.4580114,0.35001156,0.07806876,0.05054327,-0.15278064,-0.017684469,0.8267467,0.048005898,-0.020268802,0.27920246,0.31595653,0.15450898,0.25347474,-0.24327473,-0.23081742,-0.40178022,0.042885605,0.15679365,0.07897684,0.217343,-1.1134855,-0.00572458,0.7347025,0.13881585,0.3353865,0.106886014,-0.9730857,-0.3445328,0.12309233,0.26283866,0.2587434,-0.24301183,0.1972115,-0.26114282,-0.16606542,0.096890055,-0.28738976,0.24438925,0.029227048,-0.12838745,0.50773144,0.068361655
274,neutral,0.04941574,-0.104284965,0.23006044,-0.46976745,-0.16453147,0.2786354,-0.014444681,0.053348415,0.11142652,0.094827384,0.19801286,-0.15025839,-0.0070693633,0.18293966,0.04842324,-0.06425324,-0.055935416,-0.024418557,-0.024922222,-0.32008207,0.21089794,0.19365934,-0.14909205,-0.33284792,0.26461673,0.03274537,-0.2971922,-0.06327093,0.4270663,0.010898442,0.015820261,0.3797839,0.10928385,0.28054664,0.104303926,0.03920531,-0.14549482,0.14697309,0.3088683,-0.28148422,0.011046575,-0.08661246,-0.24534763,-0.15902188,-0.15651722,-0.08627382,0.068473406,-0.1606677,-0.08157875,-0.41176844,-0.03727775,0.18840286,0.09164939,0.55279756,-0.09679976,-1.4697083,-0.11488464,0.07661156,1.1117886,0.6081282,0.2797364,0.46103728,-0.07748614,0.20047389,0.3538083,0.07357181,0.51230186,-0.07523763,-0.026450153,-0.05568033,0.11591548,-0.004381709,0.16258463,-0.30321497,0.025658047,0.15080298,-0.004618596,0.000760216,-0.117942415,-0.056113232,0.21646968,-0.14627586,-0.034557045,-0.06982541,-0.66674364,-0.1773266,0.15371525,0.08126942,0.082622446,-0.12498456,-0.005768669,0.059325926,-0.20005786,0.04693771,-0.07662068,-0.07083664,0.024716066,-0.11151073,0.41693917,0.10532647
275,neutral,-0.13681355,0.15617543,0.42384687,0.09059393,-0.08036396,-0.12742174,-0.29022563,-0.1330269,0.19964293,0.0061699394,-0.26599354,-0.040412247,0.323896,-0.03660301,-0.09987976,-0.21675748,-0.06074199,-0.011303221,-0.5227312,0.026252184,0.31788206,0.010894819,0.19797698,-0.11440444,-0.11117921,0.14374927,-0.07691462,-0.31628186,0.21373624,-0.007901282,0.11427126,0.1811915,-0.017754238,-0.07637049,0.028931933,0.07523381,0.037636593,0.04198394,-0.16380446,0.052169394,-0.6822595,-0.09959203,0.19845442,-0.18926342,0.16249172,0.0045217653,0.40159583,-0.061718028,-0.32305261,-0.7505615,0.2227142,-0.019868813,-0.17378774,0.9618152,0.14448002,-1.9698207,0.1313526,-0.34204465,1.4962783,0.37500763,-0.17299892,0.53296566,-0.21809751,-0.22101784,0.6833696,0.1003252,0.15863684,0.116314314,0.25182635,-0.15032697,0.15810454,-0.40955612,-0.13757889,-0.27010816,0.36570212,-0.027009716,-0.14903924,0.13171288,-0.8355672,0.17144908,0.6727492,0.10951991,-0.3543215,0.26797682,-1.1947517,-0.08235034,-0.13089292,0.06983709,-0.17018083,-0.4692296,-0.011711133,-0.009686862,-0.061188493,0.010587212,-0.37796766,0.31245908,0.080236055,-0.19124506,0.3845185,0.05369553
276,negative,0.008466405,0.05576424,0.2665273,-0.23206203,-0.3193169,0.06359865,0.051573627,0.14832368,0.0702715,0.18753034,0.2212926,0.12852986,0.10692759,0.08599797,0.17995805,-0.14587675,0.09079169,0.25105628,-0.45398155,0.025708798,0.461825,0.078534245,0.051529206,-0.15173428,0.11499918,0.16461451,-0.41353536,-0.3222923,0.19664639,0.011065549,-0.09677668,0.3147183,0.07274461,0.080595076,0.3479347,-0.043809492,-0.01845383,-0.23370294,0.30060282,-0.03628284,-0.28872684,-0.10434445,-0.048654806,-0.14774944,0.21068057,-0.08303265,0.20160592,-0.099378295,-0.18969761,-0.5059747,0.0045818193,0.15971997,-0.005078822,0.77646786,0.11553328,-1.5816212,-0.09057163,-0.1389688,1.036727,0.34912604,-0.0292266,0.44248,-0.16025893,0.09115696,0.46092817,0.20149307,0.2021409,0.15071714,-0.21070404,-0.0056367847,0.028559236,-0.29575288,0.06398454,-0.18920204,-0.060872875,0.080388166,0.025267165,-0.060089637,-0.47625583,0.13516398,0.46934935,-0.059367795,-0.39509705,0.05505884,-0.7178163,-0.124845706,0.14524601,-0.096216075,0.05915754,-0.1427458,-0.1622319,0.027519189,0.0775288,-0.038760044,-0.30070075,-0.021842001,-0.12977074,-0.04323321,0.35437593,0.07926081
277,neutral,-0.04164164,0.3045732,0.16260464,-0.36848715,0.20004144,-0.5065227,0.027379453,0.17615165,0.15469089,0.3557147,0.49376333,0.29468283,0.19935419,-0.07696603,-0.07157907,-0.39288348,0.008612325,-0.08863512,-0.119559646,-0.038392313,0.5312286,-0.13406113,0.12712644,-0.02816393,0.20790268,0.01948568,-0.54751855,0.27552298,0.011811041,0.061651133,-0.120737486,0.08916266,-0.21233717,0.04853565,0.10737293,-0.056525107,0.24158184,0.13787183,0.092560664,0.19037198,-0.20012899,-0.510817,-0.02896457,-0.025164297,0.5334207,0.29323342,-0.20939754,-0.2613623,-0.3816361,-0.29198328,0.03690643,0.28907347,0.05457893,1.0263894,-0.2632691,-1.3910345,-0.18151201,-0.30819663,1.3402959,0.3548773,-0.08547093,0.24308215,-0.079914294,0.108014666,0.33316913,0.257671,-0.039153196,-0.042425387,0.01470807,-0.19345914,-0.0056247646,-0.13540243,0.36281955,0.028992027,0.077322386,0.12410108,0.1984193,-0.13989115,-0.69737107,0.2278866,0.47506687,-0.05427777,-0.37529317,0.30476573,-0.27939266,-0.24766968,0.2631855,-0.22384487,-0.061325107,-0.31552902,-0.03981367,0.15731049,-0.29005617,-0.42022356,-0.20035939,0.31296507,-0.1462377,-0.046276048,0.4207754,-0.07517663
278,negative,-0.003575249,0.17096847,0.23211254,-0.16866955,-0.077685654,0.14199999,-0.1458521,0.16701084,0.2877298,0.26692918,0.004011257,-0.04265066,0.22612093,0.26654226,0.1997263,0.034370665,-0.13403375,-0.041589912,-0.45407277,0.16542457,0.27199313,-0.09272278,-0.11098209,-0.34818342,-0.044135384,0.008217085,-0.13603698,-0.18657957,-0.00577095,0.13484082,-0.058334336,0.15931864,0.13192558,0.17077537,-0.06275299,0.036402673,-0.052437197,0.09062333,0.027331708,-0.2208275,-0.115894176,-0.057528142,-0.033971716,-0.3221388,0.11679781,-0.095407076,-0.055761915,0.05084406,-0.026702575,-0.50634825,0.15512788,0.08159205,0.15524402,0.5859416,-0.2385828,-1.7412156,-0.029454434,-0.029351205,1.2673107,0.09392486,-0.024242774,0.6317114,-0.098877825,-0.14931397,0.57915443,0.1732666,0.20042372,0.023217427,-0.12287798,-0.2281857,-0.16715541,-0.2904646,-0.01658992,-0.38848916,0.21571994,0.16233683,0.2624504,-0.075677805,-0.49270007,-0.07176267,0.43264452,0.02108175,-0.43293452,0.057552375,-0.9817552,0.102658756,0.09001342,-0.24721065,-0.2638322,-0.252598,0.1631508,-0.04263088,0.06625411,-0.061143074,-0.5207772,0.07071344,0.1983081,-0.018624453,0.48881808,0.2600488
279,neutral,-0.016180092,-0.20763417,-0.22940421,-0.5211026,0.55581653,-0.088884264,-0.50670093,0.024224414,-0.40744653,-0.10137655,-0.018257689,-0.42729157,-0.06313777,0.19441992,0.17380686,0.59322363,-0.14540897,-0.018179502,-0.20646626,-0.056251302,0.29955664,0.098233394,0.2369835,-0.65382594,0.42746732,-0.40648985,0.1417026,-0.34817302,0.12792453,0.45528838,-0.15119287,0.34747314,-0.24921177,0.39090222,-0.37065297,0.11530483,0.01688551,0.3930951,-0.37281278,-0.27419284,-0.18456379,-0.33479688,-0.10840534,0.14915906,0.10248522,-0.16778657,-0.0408254,-0.025435416,0.32477853,-0.065199025,-0.047497645,-0.17214118,0.5271964,0.6293585,-0.43214482,-2.1887717,-0.4536074,0.07782051,0.451031,0.26714396,0.05572812,0.760561,-0.18587455,-0.17008837,0.87923855,0.0030021633,0.44086945,0.43125424,0.08847472,0.122910425,-0.19977722,-0.07853377,-0.40242624,-0.429407,-0.30911964,-0.104756355,0.48125422,-0.019819126,-0.6128432,-0.082805075,0.116971985,-0.058582053,0.3717432,-0.17771906,-0.68086725,-0.15149005,-0.2849401,-0.13294774,0.43195772,-0.23178571,0.35753453,-0.14259553,0.45933846,0.04454868,-0.36083254,0.10653966,0.18806894,-0.24128272,0.3213434,0.106891155
280,neutral,0.10228075,0.41699916,0.2520194,-0.24856606,-0.20711677,0.39738962,-0.35991028,-0.13135247,0.15269262,-0.17812078,-0.017559528,-0.028587973,0.0661283,-0.11081506,-0.09156972,-0.13256827,-0.03688464,0.4776932,-0.51293063,0.07887913,0.11700037,-0.1572712,-0.07252377,-0.22600468,0.022073532,0.35711378,-0.2349452,-0.18878454,0.50678164,-0.2290015,-0.13281985,0.58572114,0.032356653,-0.10814361,-0.21106902,0.26401168,0.20668703,0.15424117,-0.073112115,-0.37677658,-0.1697529,-0.22206222,-0.09864352,-0.4148123,-0.08155044,-0.2028904,0.10453629,-0.0554469,-0.0948093,-0.7889946,0.057233937,0.035568774,-0.13825107,0.7788914,0.07557182,-1.7728255,0.052704595,0.10069059,1.2865338,0.11829503,0.01636712,0.4747287,-0.2787067,-0.31359357,0.69422084,0.32695752,0.37165475,-0.03927746,0.13564852,-0.46260747,0.18599527,-0.08116464,-0.17966685,-0.21666856,-0.1890146,0.23074555,-0.13232277,-0.17564638,-0.5821691,0.1813859,0.5847348,-0.16010605,-0.4658756,0.12015883,-1.0001479,-0.16979638,0.09569173,-0.034824666,-0.16635472,-0.5055918,-0.029725252,0.0048044794,0.05751748,-0.19701071,-0.5761044,-0.36474177,0.15077333,-0.22223836,0.29504183,0.20269872
281,neutral,0.1503084,0.0919293,0.06426806,0.055436313,-0.1502349,0.40708962,-0.17525543,0.050107464,0.5142611,-0.12706712,0.16605717,0.39942074,-0.1487127,0.07842237,-0.0038985272,-0.41287056,0.030736027,0.19295308,-0.41084248,0.39664477,0.5003919,0.25775802,0.04996159,-0.24653,0.114087194,-0.24231586,-0.3788912,-0.46373826,0.026181666,-0.0913246,-0.13910192,0.25526762,-0.1167219,0.03938869,0.11738758,0.34727776,0.045209195,0.23618495,0.25291649,-0.23730993,-0.604593,-0.081765,-0.11860728,-0.1851159,0.06594758,-0.041086514,0.13251337,0.3037303,0.07533493,-0.6789539,0.029993676,-0.1039534,0.12829405,0.80534214,0.16450338,-2.0687916,0.10487865,-0.51776856,1.6583499,0.18773925,-0.26725337,0.61951494,-0.025080083,0.039565183,0.54475236,0.034004916,0.34481546,0.10374603,0.06660087,0.0546422,-0.17935959,-0.3813148,-0.066218525,-0.59713703,0.11170111,0.023592005,0.044616796,-0.071910225,-0.6383604,0.088037625,0.67305416,0.23446116,-0.42134765,-0.12809354,-0.9800478,-0.112731524,-0.08816532,0.15881678,-0.010395819,-0.447982,-0.08087389,-0.16084273,0.12551071,-0.21786217,-0.58080894,-0.15312724,-0.04282884,-0.036441468,0.14356805,-0.04336199
282,negative,-0.006547563,0.029097384,0.22765288,-0.05387398,-0.08089595,0.25403908,-0.06576825,0.48290467,-0.015844524,-0.0021537778,0.36172792,-0.010002317,-0.012405901,-0.14565013,0.114527114,-0.2498857,-0.19364528,0.15391052,-0.18152182,0.10713968,0.20326465,0.14510942,0.18948545,-0.21943891,0.34358835,0.14021464,-0.09665799,-0.10509931,0.2406386,-0.013112377,-0.15206505,0.38240272,-0.053072564,0.018173603,-0.04126886,0.051541872,0.015850158,-0.16404684,0.08086432,-0.027022174,-0.20218906,-0.15457961,-0.034340892,-0.13915704,-0.08443898,-0.1314179,0.19223085,-0.211517,-0.0355367,-0.6556436,0.05877781,-0.007603208,0.12100734,0.68691206,-0.033685267,-1.7094116,-0.028444612,-0.0010279568,1.0402223,0.17211561,0.04337829,0.5055552,-0.30359325,-0.2897782,0.349524,0.045878407,0.060567904,-0.032211218,-0.05082344,-0.105638936,0.033846885,-0.29323247,0.25180653,0.010698859,0.14393497,0.08761977,0.09894793,-0.08612298,-0.27120414,0.008049574,0.2947605,-0.27174455,-0.24973264,-0.06685162,-1.1189208,-0.050287288,0.04772787,0.16825898,-0.012104085,-0.040257193,-0.057820257,0.17990197,-0.12525886,-0.15509425,-0.3976758,0.060660973,0.045451596,-0.022616439,0.31023538,0.05162112
283,negative,-0.042609442,0.26914757,0.2762369,-0.08610632,0.00063360785,-0.16202487,-0.08484677,-0.00767283,-0.05081312,0.044712618,-0.07361287,-0.009277516,0.0767953,-0.09294676,-0.0130022485,0.01803077,0.06263226,0.07493283,-0.4004407,0.29958376,0.106141426,0.03395929,0.11998206,0.11236786,-0.08557619,0.21197301,-0.20993386,-0.05292153,-0.10612102,0.006001567,0.006598673,0.39050984,0.020664535,0.058746386,0.14014229,0.41504917,0.0534813,-0.08599439,-0.08554494,-0.2324836,-0.0993159,-0.19517154,0.08001178,-0.30315137,-0.025429426,-0.06427441,0.011802834,-0.12949492,0.013729639,-0.5519965,-0.08156761,-0.08870304,-0.06634595,0.6141198,-0.17965212,-1.4665772,-0.08449425,-0.22444141,1.0815067,0.14225812,0.04066881,0.28687435,-0.006689284,0.14769302,0.3399955,-0.057313588,0.02071948,0.31939378,-0.14944491,0.12416276,0.040531583,-0.23286921,-0.12694706,-0.24013332,0.104056485,0.20739369,-0.16826095,0.089745834,-0.51529616,0.20693563,0.5826446,-0.035464324,-0.3693395,-0.016148174,-0.98285836,0.024141949,0.13010024,0.3387473,-0.18930538,-0.16514334,0.036575187,-0.037164662,-0.019414792,-0.1609144,-0.48754767,-0.12187913,-0.026555846,-0.07940473,0.22829735,0.09952956
284,negative,-0.042609442,0.26914757,0.2762369,-0.08610632,0.00063360785,-0.16202487,-0.08484677,-0.00767283,-0.05081312,0.044712618,-0.07361287,-0.009277516,0.0767953,-0.09294676,-0.0130022485,0.01803077,0.06263226,0.07493283,-0.4004407,0.29958376,0.106141426,0.03395929,0.11998206,0.11236786,-0.08557619,0.21197301,-0.20993386,-0.05292153,-0.10612102,0.006001567,0.006598673,0.39050984,0.020664535,0.058746386,0.14014229,0.41504917,0.0534813,-0.08599439,-0.08554494,-0.2324836,-0.0993159,-0.19517154,0.08001178,-0.30315137,-0.025429426,-0.06427441,0.011802834,-0.12949492,0.013729639,-0.5519965,-0.08156761,-0.08870304,-0.06634595,0.6141198,-0.17965212,-1.4665772,-0.08449425,-0.22444141,1.0815067,0.14225812,0.04066881,0.28687435,-0.006689284,0.14769302,0.3399955,-0.057313588,0.02071948,0.31939378,-0.14944491,0.12416276,0.040531583,-0.23286921,-0.12694706,-0.24013332,0.104056485,0.20739369,-0.16826095,0.089745834,-0.51529616,0.20693563,0.5826446,-0.035464324,-0.3693395,-0.016148174,-0.98285836,0.024141949,0.13010024,0.3387473,-0.18930538,-0.16514334,0.036575187,-0.037164662,-0.019414792,-0.1609144,-0.48754767,-0.12187913,-0.026555846,-0.07940473,0.22829735,0.09952956
285,neutral,-0.14855596,-0.17686644,0.4517632,-0.3913177,-0.33592746,-0.119980805,-0.2397069,0.27027255,0.17421786,0.04937863,-0.06521315,0.13902368,0.11821004,-0.11674595,-0.00811659,-0.15103203,-0.041256007,0.22288531,-0.8018747,0.2773389,0.2294913,0.0079589505,-0.26006943,-0.25470912,-0.10690832,0.07193395,-0.10799314,-0.109553896,0.52848065,-0.16095155,-0.044536445,0.49748546,-0.08042453,0.1344111,0.25587222,0.41837475,0.12629217,0.15195028,0.15089701,-0.23985773,-0.65113586,-0.03982763,0.23670407,-0.4082062,-0.11888849,-0.18885206,0.038236644,-0.20294939,-0.07307648,-0.85697305,0.17368597,-0.09429317,0.32152498,0.69835335,-0.26895243,-2.1741104,-0.054205935,-0.045656722,1.2331533,0.42477134,-0.19095178,0.27587017,-0.3024469,-0.41470248,0.627988,-0.024463896,0.3539268,0.7422625,-0.21029304,-0.10120018,0.062944174,-0.22734912,-0.23519425,-0.7591313,0.09470048,0.27037424,0.023519384,-0.01647215,-0.89770365,0.1243924,0.6612079,-0.4741473,-0.13427527,-0.31552896,-1.2205511,-0.5295075,0.0606254,0.36526388,-0.032264706,-0.55284846,0.20737395,-0.1944161,0.028957307,-0.15664794,-0.5985714,0.073789775,0.11052352,-0.0592721,0.37541458,0.33808404
286,neutral,0.19870277,0.19278823,0.40230334,-0.32883954,0.23326577,0.021824991,-0.23149948,0.39984518,-0.07446731,0.23669842,-0.14178775,0.04853597,0.21931222,-0.09203815,-0.09243468,-0.39073408,0.076987736,0.042155646,-0.2564865,0.17045154,0.16165143,0.25311607,0.23720485,0.11627703,-0.02342333,-0.3841537,0.017736126,-0.6421537,0.35003158,0.0030236882,-0.42512175,0.12304522,-0.16154438,0.18630621,0.2507227,0.34155607,-0.25000912,0.35500422,-0.054845158,-0.0007802283,-0.5397489,-0.30141652,0.17063344,-0.2413391,0.049489263,-0.20692517,0.2107437,-0.07193295,0.11309223,-0.66582346,-0.23261473,0.113697775,0.37231314,0.8480229,0.059798785,-1.7773457,-0.4546153,0.007527995,1.3754196,0.07953046,-0.15084721,0.42869124,0.06642991,-0.11166606,0.56340134,0.079124644,0.052533895,0.054082703,0.053571086,0.21802518,-0.32760888,-0.08504167,-0.34494948,-0.17631602,-0.025898067,0.07942051,0.048684552,-0.047700655,-0.6455907,-0.08847307,0.6806071,-0.104751945,-0.2590348,0.31668013,-0.7951285,-0.01083738,-0.07957136,0.09875582,-0.013131239,-0.4362658,-0.39939645,-0.061872706,0.4091838,-0.143227,-0.29656658,0.3327345,0.018298874,0.06680124,0.560317,-0.068453655
287,negative,0.063206196,0.44044948,0.31086177,-0.13682756,0.031394787,-0.84586495,-0.05760932,0.09060655,-0.057485737,0.28612596,0.07404162,-0.12179616,0.10983474,-0.06753839,0.07677717,-0.16054744,-0.51492304,-0.102497436,-0.08194026,-0.08962407,0.5958092,-0.2430544,0.30913273,0.292082,0.19706793,-0.012493529,-0.4830969,-0.22786401,0.12788098,-0.07266418,-0.100427285,0.08887228,-0.31253833,-0.011496729,-0.08188466,0.15292272,0.2797803,-0.09744201,-0.13926531,-0.14801623,-0.35316542,-0.33446196,0.1143864,-0.12671563,0.4664623,-0.15174249,0.25320786,-0.7136488,0.16566032,-1.1240238,0.30390233,0.13941653,-0.11530403,1.0809002,0.004820002,-2.02571,-0.10618373,-0.22535253,1.7401907,0.13569611,-0.08419518,0.112683095,-0.15286765,0.13730577,0.549745,0.24441692,0.23647851,-0.27758932,0.20657575,-0.09670292,0.18211071,-0.21269059,-0.4506945,0.090362765,-0.12023874,0.041293897,0.1919604,0.123523146,-0.9740975,0.2582831,0.86921316,0.050821323,-0.52142334,0.080359645,-0.690936,-0.18098122,0.11045464,-0.2078775,-0.3364855,-0.39239457,-0.24424437,0.3169025,-0.47018516,0.026305463,-0.8177397,0.03022831,0.2548229,0.061862685,0.58294,-0.1395456
288,negative,0.09594609,0.23068926,0.19465733,-0.11835478,-0.03569899,-0.40535408,-0.27719203,0.15848398,0.027872423,0.09828301,-0.018097103,-0.06782336,0.1572569,-0.00617605,0.120944045,-0.10209236,0.06797849,0.06621667,-0.187139,0.017257495,0.28043276,-0.01807743,0.039581705,0.17030504,-0.003315154,-0.17892173,-0.06456722,-0.4709035,-0.20915449,0.031818956,-0.10515706,0.32117277,-0.12998196,0.021516122,-0.008146743,0.2009411,0.09796097,-0.049559493,-0.1192773,-0.19030957,-0.27370194,-0.3026901,0.06760836,-0.18513343,0.10200796,-0.11397561,0.1329413,-0.15450405,-0.11692345,-0.7765783,0.16731173,-0.047941264,-0.06314995,0.7162886,-0.11991901,-2.0244749,-0.09986772,-0.21380797,1.6258982,0.2943657,-0.14736755,0.33404636,-0.21045086,-0.09152029,0.44372925,0.07161845,0.1781017,-0.019974325,0.45547247,-0.1587668,-0.023850331,-0.15173323,-0.10673592,-0.10901834,0.04437177,-0.15014876,-0.013780189,-0.0006998475,-0.83533055,0.05305004,0.60511947,0.077293776,-0.28746498,0.00027180996,-0.99256957,-0.271344,-0.03328703,-0.09333105,0.004047863,-0.41676226,-0.059392054,-0.030892879,-0.04734529,-0.11592992,-0.570956,0.1506821,0.065337285,-0.2516046,0.5884667,-0.01955215
289,neutral,0.047499,-0.0985225,0.15730499,0.461075,-0.22543061,-0.35553575,0.23657,1.11947,-0.28489497,0.396805,0.64712,0.63456005,-0.2750425,-0.30058,-0.031855,-0.33068702,0.035135,-0.052696496,-0.77750504,0.54356,-0.282115,0.402455,0.181825,0.039025012,-0.12290774,-0.0057014995,-0.368545,-0.77465004,0.102356,-0.114925005,-0.87694,0.37627,0.313042,0.042215005,0.48621,0.46653003,-0.13939999,0.25375688,0.23983201,-0.54821247,-0.248535,-0.53954,0.028960498,-0.066768,0.26682502,-0.0327295,0.10578497,0.16068,0.19837,0.34845498,0.0385,-0.1866245,0.25459498,0.558025,0.17550598,-1.9489499,0.322477,0.350725,0.88406754,-0.054355007,-0.47430497,0.48385152,0.30107,0.083725,0.14270502,0.101324,0.47112,-0.028042,-0.07341999,-0.15915,-0.47583,0.33016,0.158995,-0.17911749,-0.11598251,-0.13825001,0.20244001,0.37081498,-0.19147749,-0.050075,0.35041997,-0.36502898,-0.097979985,0.29423,-0.36544004,-0.14924501,-0.61394995,-0.1329,0.22758701,-0.31846002,-0.12746501,-0.22528501,0.1694735,0.018449996,0.15676,0.636925,-0.39593205,-0.1645595,0.34774002,0.43706003
290,neutral,0.09420943,0.21750617,0.33193073,-0.29584512,-0.52080923,-0.036748894,-0.09171255,-0.041619465,0.07372992,-0.14247577,-0.018543659,-0.17609388,0.39322248,0.19791932,-0.037121244,-0.034870155,-0.04654892,0.23257926,-0.641798,0.73207015,0.120574914,0.27075133,-0.20303495,-0.38645926,-0.02342462,0.25313073,-0.12859762,-0.5557159,0.26625085,-0.38557607,-0.22006537,0.7496124,0.13182442,0.09335504,0.19168855,0.14477582,-0.18787251,0.10876707,0.14684825,-0.24219275,-0.1880606,0.06784319,0.16717531,-0.33258888,-0.23336029,-0.2435531,0.077689625,-0.22266324,-0.17783813,-0.9345367,0.09666529,0.14717373,-0.0042728535,0.59540045,-0.048841864,-1.6809641,0.30738354,0.25139427,0.9518708,0.1816466,-0.0025145428,0.6137234,-0.4587389,-0.35175362,0.67457896,0.28966987,0.5084924,0.517163,-0.22113132,-0.31605667,0.34360924,-0.21795592,0.16942273,-0.20708717,0.28724286,0.11099227,0.08712603,-0.3054119,-0.27709046,-0.077743925,0.5738208,0.049905565,-0.51606697,-0.012477223,-1.0075982,-0.001604046,-0.13681829,-0.05633244,-0.26759082,-0.30556008,-0.035651553,-0.28513488,0.1737731,-0.11301811,-0.52053446,0.073314965,-0.16551785,-0.27029544,-0.07613472,0.56594026
291,neutral,0.047129247,0.35377994,0.5950253,0.09750041,0.192974,-0.5062507,-0.32005933,0.02649038,0.05418017,0.5117077,0.117116734,0.01913091,0.18711269,0.3971606,-0.24235141,0.2604873,0.30097273,-0.31105772,-0.51238525,-7.929525e-05,-0.034788575,0.08161935,0.11805478,0.14484832,-0.51438415,0.18116222,-0.16622216,0.29099345,0.2603716,0.18003914,0.0653863,0.20701325,-0.6006538,-0.2838846,0.05284705,0.03422747,0.2304595,0.17591536,-0.27391845,-0.13608822,-0.34612852,-0.35634303,0.20602956,0.14417125,0.40663418,-0.36763877,0.09509458,-0.10283437,-0.2622923,-0.55722064,0.26900324,0.39620537,0.07802838,1.0219753,-0.03612911,-1.7271734,0.28606546,-0.7658515,1.5518154,0.33460414,0.20384356,-0.14832522,-0.058172867,-0.0102698,0.42312017,-0.061724477,-0.23024952,0.47066218,0.49459073,0.59770334,0.26949278,-0.54857415,-0.47395748,-0.244791,0.25314888,-0.05731494,-0.12749484,0.3283113,-0.97129446,0.19848466,1.0778333,0.2593507,0.0015020471,-0.08424104,-1.0661306,0.1685541,0.15337169,0.13225089,-0.014410657,-0.62442607,-0.03426743,-0.031011686,-0.0026506714,-0.23744649,-0.39294288,0.2903098,0.10713843,-0.24642645,0.21929112,0.26991916
292,negative,-0.1367267,0.13877878,0.19172694,-0.17397137,-0.07708435,-0.15887444,-0.07652146,0.03011148,-0.05851289,0.18123886,-0.07822814,-0.09344175,0.34610075,0.11144978,0.07596599,-0.009478905,-0.1099291,-0.19894245,0.09804136,-0.16009882,0.2296627,-0.012639643,-0.13432603,-0.15459925,0.15545763,0.3017915,-0.31862682,-0.112076625,0.05177207,-0.03614564,0.116730325,0.2947442,-0.12070426,-0.02526229,-0.06643485,0.091959745,-0.107569896,0.042894498,0.102497935,0.03257588,-0.36481443,-0.38577527,-0.08819446,-0.12912671,-0.024157781,-0.0032346714,0.0512941,-0.078898914,-0.024568021,-0.5996467,0.13239248,0.17402747,0.09372355,0.87184745,-0.11385756,-1.8167504,-0.022251053,-0.16156775,1.3024747,0.25875396,0.12119477,0.6552817,-0.117020145,0.09230067,0.44553363,0.11040014,0.28983504,0.083829924,-0.020171592,-0.29601094,0.0488218,-0.09981537,0.08214137,-0.21483807,0.29085025,0.03356159,-0.11170864,0.05925777,-0.39737532,0.11354577,0.46164307,0.07081974,-0.3809403,0.16131808,-0.9531176,-0.18231916,0.09796008,0.041516267,0.071617834,-0.24222773,-0.12929557,-0.036945596,-0.015759308,-0.1290411,-0.23509148,0.23414283,-0.156793,-0.20802973,0.37757367,-0.051139418
293,negative,0.38975725,-0.040789697,0.5098365,0.26448646,0.082130134,-0.38557652,-0.07416785,-0.032328278,0.23832655,0.23238729,0.38842684,0.48909268,0.41996205,-0.054078374,0.042753592,-0.0975857,0.16031247,-0.11154529,-0.6530305,0.07998607,0.32184237,-0.32302588,-0.19533424,-0.22949749,0.22331567,0.4965912,-0.24639605,0.029064607,0.24853706,-0.3574937,0.011835309,0.22057307,-0.32952058,0.040360898,0.2517213,0.3527031,0.64213264,-0.45864758,-0.38782963,-0.24102812,-0.037937,0.28632417,0.7787025,-0.23601313,0.04240203,-0.37735394,-0.07429828,0.01681511,0.0873628,-0.42479405,0.060047425,0.09247687,0.2276136,0.5929599,-0.113615334,-1.2498231,0.39676768,-0.9045956,1.0867648,0.030431477,0.06339969,-0.1261566,-0.6124895,-0.6269409,0.66686064,-0.117169514,0.2826425,0.7114495,-0.59210795,-0.2739602,-0.08755438,-0.41914022,-0.4634954,-0.80513877,-0.14494799,0.27272505,-0.41263017,-0.16409668,-0.9699773,0.15685308,0.8160959,-0.32337016,0.17739736,0.23643954,-0.6871939,0.2161803,0.33086738,0.29728988,0.19197936,-0.31036788,-0.2641328,-0.19326827,-0.29618672,0.093563706,-0.39466718,0.0013607995,0.116343625,0.25442842,0.40117833,0.27616736
294,negative,-0.13498859,0.25567245,0.24683313,-0.10855609,-0.27251804,0.012929641,-0.23136927,0.18651873,0.027727185,-0.0518047,0.083177246,0.081156775,0.1302348,0.10164803,0.02665568,-0.18430832,0.0059247143,0.16056232,-0.35976285,0.20097555,0.24735534,0.1404285,0.016524997,-0.1253104,0.057249445,0.1481166,-0.275327,-0.38279706,0.1356853,-0.22036012,-0.2878163,0.49557602,-0.055472296,-0.05465574,0.17455877,0.2094148,-0.10152262,-0.025849862,0.040311664,-0.13815948,-0.23343304,-0.22232431,0.12649566,-0.35340127,-0.18331163,-0.06396111,0.041445438,-0.243814,-0.013208919,-0.8047735,-0.02460732,-0.04861056,-0.059788108,1.0339373,-0.03868443,-2.2573328,0.008869469,-0.07315889,1.5141803,0.29218322,-0.09766878,0.5525447,-0.4419647,-0.14086111,0.82599854,0.056994464,0.24645962,0.26906955,-0.16961978,-0.39995578,0.17902473,-0.3163686,-0.18678202,-0.4950294,0.1402999,0.025010644,-0.22502309,0.07524637,-0.49034387,-0.10594479,0.51602495,-0.03690632,-0.5063956,0.0049455003,-1.1755371,-0.100529596,0.12093764,0.04098901,-0.25719145,-0.3833022,-0.047293726,-0.014418807,-0.120915174,-0.026702287,-0.6014029,-0.028266555,0.083066106,-0.074506514,0.4630187,0.31578723
295,neutral,-0.056256887,0.1371065,0.24541621,-0.22609848,-0.14213876,0.117519155,-0.08498769,-0.034939673,-0.09657048,0.07259049,-0.10103483,0.0063473084,0.2551263,0.031232512,0.006968976,-0.14342712,0.20000434,0.08583657,-0.03322605,0.26185602,0.34223452,-0.048396263,0.062371526,-0.10294387,0.2103049,0.015098732,-0.27295944,-0.15210362,0.13034199,-0.08025596,-0.14663017,0.4532094,-0.13757747,0.08958212,0.053507686,0.2677376,-0.08194051,0.09639171,0.0838002,-0.032096993,-0.17580839,-0.09222848,0.03845956,-0.29454768,-0.08075305,-0.013473507,0.11634749,-0.16231908,0.012028113,-0.43227273,-0.053556915,-0.06303956,0.088200554,0.78543574,0.05444703,-1.4819187,-0.029485637,-0.17525691,0.9062683,0.21362503,0.011438047,0.5549073,-0.1417744,0.045656305,0.4699138,-0.121068306,0.13622224,0.15615743,-0.09769094,-0.048306394,-0.12491447,-0.19320346,-0.04568442,-0.18011114,0.21451518,0.09613994,-0.072671674,0.05565239,-0.5056442,0.04810108,0.25356045,-0.030928688,-0.30958408,-0.20658103,-0.9856001,-0.19579655,0.09818465,-0.0797627,-0.22859146,-0.09785294,-0.025656229,-0.24332044,0.08859146,0.020463016,-0.335283,-0.09539442,-0.14785358,-0.16349198,0.24621832,0.04313551
296,negative,-0.076178305,0.115754165,0.3085029,-0.055293497,-0.17148454,-0.2755539,-0.037505638,0.109561585,0.061768588,0.042147655,0.119393826,-0.16117787,0.13792148,-0.061838683,-0.05919974,-0.13685419,0.21908018,0.25522065,-0.20099606,0.33182612,0.15327805,-0.17300257,0.048526328,0.09089395,0.110212654,0.041002788,-0.12771447,-0.21062651,0.018830746,-0.2027758,-0.055235684,0.50734514,-0.045693915,-0.14046691,-0.1043782,0.19692361,-0.022474252,-0.09544716,-0.07582453,-0.23887274,-0.059545297,-0.10650501,0.16248588,-0.31858474,-0.17999263,0.059952546,0.026527882,-0.21054494,-0.07963658,-0.51791507,-0.052126557,-0.027325056,-0.06310471,0.5639364,0.07286015,-1.3673593,-0.023670003,-0.015446116,1.0226402,0.29983258,0.120804965,0.24044867,-0.30055454,0.045839548,0.34696335,0.059375543,0.07671879,0.44278395,-0.10469678,-0.24599804,0.05798259,-0.10621315,-0.12119806,-0.20745648,0.16388346,-0.058782455,-0.13128805,0.033580042,-0.5876587,0.030969849,0.45864815,-0.03921848,-0.29280204,0.10266838,-0.91094035,-0.17843205,0.01525332,0.13109946,-0.12830877,-0.2839163,-0.029127603,0.028184297,0.053227402,-0.024846263,-0.23316926,0.07406135,0.09866803,-0.13023178,0.5009805,-0.14462793
297,neutral,0.16292,-0.31798,0.42328,-0.86767,0.45101,0.57857,0.026645001,-0.12648,0.33465,-0.042047,-0.040596,0.16478,-0.67344,-0.33751,0.35912997,0.57383,0.8461999,0.36373997,0.3063,-0.06805,-0.6761,-0.19147,-0.14594,0.0032621,0.66949,-0.33588,0.17868002,-0.3936,0.177,-0.33642,0.19288,1.003,-0.21793999,0.24270998,1.0935,-0.10303,-0.79196995,-0.13506,0.12156,-0.98377,1.03,-1.0242,0.60269,-0.15986,-0.26773,-0.5563,0.25834,-0.085021,-0.15221,-0.33717,0.026357997,0.23171,-0.18056001,0.57107,0.38556,-1.5732,-0.14902,0.037826,1.8485,0.70210004,-0.11697,0.077822,0.07462,0.09957,-0.21427,-0.60061,0.094903,0.80589,0.55333,-0.31359,-0.90991,0.053645004,-0.14494,-0.48532,0.10335,1.2182,-0.22199,-0.014934,-1.1355,0.3279,1.1733,-0.52838,-0.66953,-0.62109,-1.366,-0.44052,-0.29538,-0.71655,0.5992,-0.0003455,-0.82363,0.93572,0.62134,-0.26649,0.099595,-0.11545,0.6,0.072834,0.66487,-0.6451
298,negative,-0.096904166,0.13590844,0.28713834,-0.21025786,0.094773486,0.18213809,-0.2824388,-0.051811773,0.025736118,-0.0660109,0.12541935,-0.10272709,0.05012169,-0.062484283,-0.05523895,-0.14221406,0.21213782,0.061881937,-0.4934359,0.2854468,0.16140178,-0.0013139381,0.14815362,-0.055131108,0.0462675,-0.08672236,-0.061684,-0.34599322,0.12568891,-0.0999697,0.10870905,0.48154545,-0.14739281,0.06971519,-0.06266202,0.13632503,-0.08266921,-0.053413615,0.036936644,-0.06903803,-0.34577683,-0.1527237,-0.020710181,-0.18444116,-0.10898846,-0.11271138,0.107235014,-0.22936213,-0.0059245853,-0.6680024,0.1992773,-0.07884336,0.03014457,0.8215929,-0.051754273,-1.9852937,-0.042834543,-0.11044935,1.530566,0.28450817,-0.30976096,0.5962664,-0.0910591,-0.1102927,0.71913904,-0.020623192,0.27316824,0.30881667,0.0916597,-0.0025388128,0.05593524,-0.054064713,-0.26649863,-0.481071,0.14986247,0.04797206,-0.18096872,-0.010724435,-0.6368008,0.054690536,0.45520797,-0.025659576,-0.22773215,-0.08507981,-1.1940084,-0.1657846,-0.062492415,0.0874797,-0.17817086,-0.30585992,0.06612568,-0.08219509,-0.1333337,0.037593674,-0.3325303,0.021283627,-0.03852201,-0.16740905,0.37604526,0.15473951
299,neutral,-0.07957459,0.25453773,0.3467,0.16278215,0.26611033,-0.7425834,-0.28963128,0.15204279,0.016706266,0.19469361,-0.0019494905,-0.329215,0.2869933,0.2980697,-0.17169644,-0.017959783,0.38469154,-0.3132403,-0.5570301,-0.11923248,0.11939924,-0.09842926,0.33538428,0.22031443,-0.13630888,-0.1272492,-0.041934446,0.126215,0.30602273,0.07528706,-0.22176763,0.5488874,-0.22139876,0.1444749,0.06675181,0.08183492,0.24711326,-0.039910678,-0.277331,-0.15503396,-0.6619856,-0.24974044,0.0017179867,-0.15160182,0.15649529,-0.402994,0.16232646,-0.06155279,-0.07827677,-0.7693552,0.3704252,0.16746004,-0.0054012584,0.8793998,-0.067334354,-1.9975592,0.06922646,-0.4039228,1.6658475,0.20029615,-0.046735074,0.13903607,0.0039847395,0.19367702,0.3838339,0.18901293,-0.13941626,0.52141446,0.27694014,0.31037578,0.23998262,-0.13168505,-0.14950871,-0.1520296,0.31938115,0.14013925,0.12183008,0.27628705,-1.008765,0.061850272,0.9016787,0.11113763,-0.3531005,0.16081603,-1.1464872,0.1243114,0.13962704,0.083136514,0.08620724,-0.34458348,0.33278123,-0.20510536,0.021737065,0.035952684,-0.54174596,0.110869974,-0.23255298,-0.5664098,0.4274893,0.08644755
300,negative,-0.094517656,-0.010966879,0.16144577,-0.35921746,-0.06916232,0.09610517,-0.1153884,0.38690993,0.1743656,0.25921476,0.05393151,0.03944673,0.193467,0.1250318,0.08734909,-0.17036001,0.08893557,-0.013838961,-0.31764162,0.06062242,0.47367513,-0.34798092,0.106370695,-0.2529597,-0.015773444,-0.017288778,-0.2300696,-0.37066227,0.16203746,0.039570123,0.022421636,0.2793172,-0.24361587,0.18359426,0.08682957,0.0361909,0.07777033,-0.019388663,0.45166084,0.057690278,-0.25698456,-0.37651786,0.30113924,-0.28045636,-0.02740905,-0.013171435,0.07665624,-0.12786628,0.061655726,-0.77004015,0.27203897,-0.06207674,-0.05740047,1.1730793,-0.017012732,-1.9556689,-0.21602605,0.3260957,1.7635187,0.20866074,-0.043903705,0.6634943,-0.11836168,0.30228692,0.5751673,0.0622526,0.17821349,0.01022089,0.081749216,0.075242534,0.05706435,-0.5143434,-0.061436195,-0.4661602,0.18343411,0.18162799,0.39160222,0.04663178,-0.93648696,-0.12787971,0.7515776,-0.1271441,-0.3026248,-0.059673373,-0.9917872,-0.30609038,0.058928154,0.029264452,-0.12938438,-0.23737153,0.25841814,-0.117706485,-0.21476348,-0.025236832,-0.4465781,0.22815257,-0.04399599,-0.06808088,0.5424637,-0.15723167
301,neutral,-0.10501915,0.20625259,0.23708613,-0.19983199,-0.2361147,0.04720704,-0.22005384,0.13846861,0.018946335,-0.025463616,0.008988638,0.09342649,0.13935019,0.086469375,0.054081496,-0.16553342,0.034256052,0.16955481,-0.30065063,0.1897776,0.27667385,0.09815451,-0.011894557,-0.18805264,0.11046383,0.12672795,-0.24434924,-0.27654335,0.11977818,-0.19850177,-0.28223082,0.45934078,-0.03556072,-0.07655983,0.10670231,0.20757225,-0.12110342,-0.045482524,0.069881454,-0.11061931,-0.19885498,-0.13342127,0.10609808,-0.32154685,-0.23330222,-0.057703316,0.08953299,-0.28162464,-0.025960913,-0.7077318,1.5422649e-05,-0.04360865,-0.011667088,0.93846864,-0.035240762,-2.0566401,0.03786577,-0.113667905,1.2685665,0.23048483,-0.011041073,0.5765625,-0.38080692,-0.117619425,0.7863696,0.004469653,0.29174942,0.26328242,-0.16052514,-0.35932747,0.1566922,-0.24983864,-0.14671034,-0.41780704,0.13787438,0.053578943,-0.17848264,0.080775745,-0.4819536,-0.10939656,0.42774177,-0.0329417,-0.42259988,-0.013270503,-1.1390941,-0.0818524,0.09815358,0.08105595,-0.26032117,-0.3449232,-0.028353043,-0.041965127,-0.056752298,-0.036776267,-0.487269,-0.028177183,0.04022029,-0.11900316,0.3766861,0.34600624
302,neutral,-0.07561814,0.14209212,0.2847665,-0.09254266,-0.1636096,-0.0972091,-0.04744147,0.042225473,-0.024607932,0.056325953,0.038268756,-0.09996125,0.20463999,-0.017345456,-0.0484847,-0.14669915,0.21798456,0.15872261,-0.11550437,0.314295,0.23668714,-0.11196332,0.08001048,0.043130193,0.14373223,0.02455008,-0.21663712,-0.2210105,0.081451766,-0.13981435,-0.08296114,0.4996329,-0.1135875,0.00279592,-0.0014948758,0.23971261,-0.035169598,0.025185144,-0.01352764,-0.14431168,-0.1295198,-0.140261,0.10497215,-0.32002676,-0.086078376,0.027908655,0.047847647,-0.15170972,-0.024321122,-0.48999277,-0.07291772,-0.049527664,-0.0026342024,0.6976905,0.07460013,-1.4473346,-0.05069765,-0.07867043,1.0454078,0.28865594,0.026997741,0.37423778,-0.22427401,0.056013886,0.3826068,-0.016146306,0.06016784,0.2951234,-0.09750149,-0.130747,-0.055725485,-0.1742945,-0.09235534,-0.20207126,0.19965115,0.005720213,-0.11316835,0.037747085,-0.5563365,0.062431343,0.38334745,-0.037068047,-0.32882175,-0.06106063,-0.9443006,-0.2119538,0.066442564,-0.0117618,-0.16993208,-0.18176137,-0.036946736,-0.11388875,0.05656889,0.009713914,-0.32010597,-0.015590928,-0.021788679,-0.12899382,0.40707284,-0.112640016
303,neutral,0.026992336,-0.037171986,0.17320837,-0.35736844,0.075614125,0.23592691,-0.14456654,0.17600751,0.23695068,0.08112645,-0.08178547,0.009926037,0.08184521,0.18133733,-0.02091164,-0.26343736,0.06292694,0.06196548,-0.17506015,0.15905543,0.0774164,0.04229997,-0.009902571,0.040694267,0.076485544,-0.04478363,-0.14866428,-0.10864824,0.3017583,-0.054193355,0.019249456,0.35465667,0.030696133,0.03736258,0.3585608,0.059344783,-0.036634125,-0.02926887,0.055168863,-0.024682706,-0.36980635,-0.0019109068,-0.02228659,-0.1558051,0.030190304,-0.047375128,0.27868003,-0.18284573,-0.0098664975,-0.48196763,0.0021231116,0.2675153,0.15842082,0.65264076,-0.11815614,-1.4927944,-0.045921132,-0.18009351,0.88445896,0.35248616,-0.02215563,0.47344515,-0.23700805,-0.24324164,0.35753357,0.19748582,0.25413844,-0.0018113734,-0.096800886,-0.08617512,0.123762295,-0.18389323,0.14350463,-0.18223873,-0.0039962907,0.30270964,0.13546765,0.004546121,-0.45013192,0.04581172,0.510512,-0.24898423,-0.27792048,-0.06019451,-0.8645414,-0.16870898,0.09148973,0.1562274,0.09311939,-0.12101649,-0.05467758,0.19396198,-0.04669771,-0.033309802,-0.32256663,-0.07633482,-0.123627536,-0.122156695,0.2077355,0.039242163
304,neutral,0.17038406,0.17036289,-0.34550714,-0.3770871,0.5202194,0.37174246,0.038010776,-0.16205093,-0.31899798,-0.08368809,-0.19774559,-0.4292923,0.2115081,0.23633994,0.06862815,0.4461183,0.092617266,-0.0122896675,-0.40573043,0.1144576,0.3324969,0.021470115,0.44801018,-0.5584936,0.30307055,-0.32081166,0.269356,-0.14507498,0.21121782,0.28009015,-0.06580529,0.26095462,-0.12434141,0.2698744,-0.21819234,0.17623891,0.21043079,0.3015616,-0.29381874,-0.16322905,-0.43223432,-0.043054122,0.062416926,0.20805532,-0.18770565,-0.30726525,0.120435566,-0.15352249,0.37525082,0.16116865,0.19588852,-0.09523594,0.1558655,0.27617544,-0.27196318,-2.2425563,-0.41881394,-0.009324918,0.7256578,0.19477342,0.3601671,0.47264528,-0.22889535,-0.066063836,0.7873198,-0.15982784,0.3411302,0.52222145,0.21204664,0.058814853,-0.18121469,-0.067268856,-0.36768523,-0.39681813,-0.050183337,-0.2715167,0.20893088,0.06367589,-0.68709314,-0.16521253,-0.12609527,0.0820004,0.35432827,-0.051827855,-0.6666819,-0.26556903,-0.40288,-0.04668253,0.31458023,-0.29907197,0.09927863,-0.32454833,0.422494,0.23479678,-0.5843518,0.00448163,0.08312206,-0.1638768,0.40021387,0.30476004
305,neutral,-0.07528008,-0.17155798,0.24475063,-0.35366535,0.19923078,-0.031282812,-0.14602725,0.122204006,0.20447214,-0.117092684,0.12799501,-0.24463013,-0.031712964,0.02989159,0.10766358,-0.28728077,0.05298149,-0.22721855,0.012828364,-0.0028931124,0.14251696,-0.0006394706,0.006012443,-0.07769438,-0.050624207,-0.06975014,0.017163852,-0.07280284,0.2755577,-0.03394557,-0.055338074,0.3896658,0.04677278,0.16924576,0.2242059,0.15832946,0.00022204805,-0.004670551,-0.02274136,-0.2838552,-0.13939615,-0.16813743,-0.24615188,-0.23913188,-0.021945449,-0.11523178,0.18483381,-0.011624166,0.09892194,-0.44640017,-0.046180278,0.13216256,0.071733125,0.47951636,-0.016782152,-1.4683084,-0.13125859,-0.107559755,1.0846406,0.29064193,-0.1597196,0.4354065,0.008148547,-0.15003958,0.43770108,0.11815393,0.042719785,-0.11261701,0.09505233,-0.13719982,0.033836428,-0.18986161,0.029834837,-0.36558765,0.03300241,0.07737829,0.18723908,-0.04087661,-0.30604473,0.06580463,0.53060895,-0.13499025,-0.27588287,-0.047893528,-0.57859147,-0.0036315983,0.14995934,0.05727061,-0.12357872,-0.07132069,-0.098717004,0.23524977,-0.1507746,-0.18187329,-0.15466732,-0.104762845,-0.11024876,0.020506348,0.38076165,-0.031957082
306,neutral,-0.0039157686,0.19928718,0.08195642,0.060191616,0.029125914,-0.30668753,-0.26496196,-0.5270311,-0.1374242,0.35794756,-0.033516,-0.48489884,0.20947203,0.32501113,0.006290877,0.42018768,0.15898718,-0.31224635,-0.40699682,-0.36620465,0.09605819,-0.2046915,0.10598126,-0.10797931,-0.18391787,0.09075251,0.024954194,0.008716778,0.11442098,-0.016494695,0.2044761,0.21413548,-0.0126225855,0.03406766,-0.0037036166,0.021754503,0.27728432,-0.16943972,-0.01526334,-0.0859298,-0.66707194,0.15075132,0.29216942,-0.0014140528,0.43769196,-0.18808262,0.41107473,-0.11156582,-0.38486868,-0.3473935,0.19829437,0.3336998,0.37285322,0.98987293,-0.013272134,-1.5223174,0.41765836,-0.27550232,1.2052203,0.20718534,-0.12578355,0.22484215,0.0028556273,-0.34178662,0.59839267,-0.0766272,-0.01874895,0.3677751,0.209622,0.5132207,0.063706115,-0.62400675,-0.37145704,-0.20528044,-0.023149922,-0.3841747,-0.07481469,0.20098837,-0.71426815,0.25636375,0.61712265,0.22807406,-0.21118018,0.27356696,-1.0672699,-0.03655812,0.05999325,0.32167715,0.19858687,-0.47800758,-0.20015936,0.10287195,0.20613392,0.3021324,0.025299005,0.0475988,0.18444285,-0.19728887,0.48455885,0.29551092
307,negative,-0.0016795188,0.17148028,0.11352929,-0.21935438,-0.019124165,0.28693146,-0.14613044,0.20467044,-0.17887375,0.19556436,-0.019323615,-0.006365244,0.2952984,0.21368183,-0.06633463,0.011026182,0.2548294,0.070625044,-0.28572458,0.06673929,0.18188658,-0.3056632,0.08937081,0.056376487,0.30430794,0.10379575,-0.16364633,-0.37910265,0.22212212,0.05066159,0.08600083,0.26506603,-0.019539833,0.09098542,0.036595933,-0.07465016,-0.09182913,0.1734839,0.014307707,0.037141263,-0.27683252,-0.2571777,0.15482357,-0.16725853,0.0150291715,-0.06572158,0.025673704,-0.12317818,-0.09903731,-0.5876708,0.109099194,-0.06946033,0.20882371,0.95552856,-0.06492293,-2.0334644,-0.23914194,0.06705064,1.3252877,0.32139996,0.017760849,0.61327505,-0.07897922,-0.049283553,0.56668526,-0.028199371,0.19199008,0.2455872,0.007198098,-0.119498506,0.0310509,-0.09830462,-0.044111535,-0.1689913,0.28763017,0.24993464,-0.011682678,-0.14274125,-0.4930707,-0.13833484,0.4871219,0.009844136,-0.13024707,0.0099178925,-1.0676892,-0.2936776,0.014537391,-0.11885864,0.094845414,-0.17968164,-0.039056912,-0.056946915,0.05903798,0.13134661,-0.41533223,-0.059240814,-0.12503278,-0.25912225,0.3972346,-0.11789345
308,negative,-0.029310532,-0.06896461,0.3860447,-0.03448285,0.16044301,-0.2810219,-0.2672437,-0.027318913,0.018993434,0.17633596,0.16497451,-0.06366018,0.18007416,-0.12298927,-0.11220193,-0.10421533,0.11584857,0.05385101,-0.39155012,0.046814736,0.11724188,-0.19505736,0.14340158,0.0039342693,-0.2957206,-0.17872481,-0.12835275,-0.2586696,0.09175905,-0.14568892,0.0038155192,0.3945647,-0.21500324,0.10213608,0.10274942,0.1586281,-0.0820615,0.1593999,-0.3631733,-0.10796438,-0.49546373,-0.121777795,0.5262838,-0.119517684,0.12251687,-0.29258913,0.16171032,-0.31076092,-0.17848311,-0.6319954,0.25104615,-0.035557117,0.023198366,0.8902509,0.034979824,-1.9111564,-0.01448431,-0.12782945,1.2064432,0.27163845,-0.26970813,0.08970868,-0.10840365,-0.21465743,0.64281696,-0.05399214,0.12027801,0.5798974,-0.11969576,-0.021612097,0.1339277,-0.16763341,-0.20779365,-0.49487108,-0.0038208421,-0.07440871,-0.2500617,-0.061545122,-0.8373056,0.007391878,0.5240943,-0.06935085,-0.16442604,-0.09875611,-1.0808157,-0.1953811,-0.034736,0.23549585,0.20913197,-0.24438465,-0.07795428,-0.05820349,-0.19581524,0.08711754,-0.5901381,-0.037748054,-0.055851936,0.034159914,0.43091983,-0.10566786
309,neutral,-0.14812228,0.11253495,0.28249863,-0.10178767,0.14511289,-0.52078944,-0.17072631,-0.056056403,-0.06365672,0.6125151,0.29685327,-0.54400706,0.1435191,0.1873819,0.22391371,-0.10163684,0.19244978,-0.17034666,-0.13533124,0.15620348,0.10786038,-0.0843161,0.06794353,0.17980874,0.10781475,-0.18128651,0.17635769,0.1885304,0.059722286,0.223769,0.0056318077,0.41731143,-0.011288131,0.44168812,0.31246635,0.2533856,0.048009954,0.0423913,-0.10005668,-0.014221098,-0.26857683,-0.21416165,0.23532026,0.15094064,0.23750968,-0.23442194,0.237842,0.09781911,-0.043637052,-0.68429244,-0.06208299,0.52721846,0.1613252,0.9178516,-0.13255037,-1.772996,-0.089545704,-0.17650013,1.4684799,0.36417115,0.04149155,0.37288615,0.35773394,-0.08024324,0.31229067,0.2680341,-0.02092823,0.10183598,-0.32585338,0.28531605,0.19366445,-0.3856973,0.00053380284,-0.25998855,0.13048866,-0.008294786,0.35838515,0.20287873,-0.4787917,0.30502015,0.7086549,0.09498507,-0.22697029,-0.04489506,-0.6591502,0.10462494,0.35183173,0.14126927,0.10469044,-0.19422765,-0.07661862,0.14383961,-0.029729312,-0.272065,-0.5267308,0.29154745,-0.1610013,-0.17217489,0.3752657,-0.07485681
310,neutral,-0.062179018,-0.2930294,-0.065145545,-0.5060442,0.2792553,0.1995079,0.08281043,0.053107463,-0.020258164,0.19004394,0.31039786,-0.3540657,-0.033639796,-0.14967674,0.13919297,-0.19219473,0.23059896,-0.34043863,0.15519096,0.55210143,-0.24389952,-0.13040555,0.19464667,-0.2358605,0.36033902,0.07104448,0.41264352,-0.18842225,0.30128723,0.079176754,0.061462652,0.37030375,0.028365297,0.5769069,0.064034685,-0.15786657,-0.10374814,0.11955485,0.0725521,-0.26948527,0.14490008,-0.09877811,-0.23419851,0.010433011,-0.26198143,-0.3020722,0.034842376,-0.050186485,0.26443595,-0.324732,-0.22771908,0.39485216,0.3094718,0.25317624,-0.23020636,-1.2247179,0.024488721,0.15275997,0.66673374,0.2152533,0.213884,0.5097566,-0.19917795,-0.45338818,0.29261294,0.107629105,0.11645019,0.10823904,0.109022886,0.17677125,-0.26191562,0.0051414836,0.114879206,-0.35884514,0.05760682,0.17342521,0.30476388,-0.16433817,-0.2652923,-0.23341769,0.25008413,-0.6496281,-0.07878877,-0.2249958,-0.6234639,0.07321023,0.14019547,-0.26729006,0.2748316,0.2701442,-0.009956523,0.2471357,0.046972647,0.18348543,-0.30627778,0.15666807,-0.12113354,-0.21950887,0.26782614,-0.13557422
311,negative,-0.07939552,0.17559305,0.13870347,0.10017808,0.114781044,0.06669451,-0.3912246,-0.09593051,0.28552127,0.52775574,-0.1944519,0.054050848,0.4656923,-0.0038090656,-0.11043807,0.10553622,0.019972349,-0.3506061,-0.70300347,0.0052479766,0.4131927,-0.080891386,0.15810567,-0.07954861,-0.1892957,-0.0024501893,-0.1846102,-0.112640634,0.3103063,0.12249297,0.060701434,0.14474927,0.04657016,-0.10149687,0.34323162,-0.08356216,0.20943746,0.050919734,-0.20135458,0.005734997,-0.6196723,-0.04805725,0.26668078,0.094503395,0.2573701,-0.22420143,0.08082721,-0.06609199,-0.17339292,-0.42619568,0.010783668,0.29545298,0.26571038,1.1167793,-0.102032326,-1.6055789,0.05928811,-0.43362772,1.5172075,0.27603224,0.0012094864,0.12055112,0.12836239,-0.13938735,0.68566525,0.18492524,-0.12512654,0.31068692,-0.29087305,0.08200281,0.21432118,-0.4791312,-0.24764295,-0.4616414,0.051431756,0.022317816,-0.0406894,0.3079972,-0.94131744,0.14616272,0.6094633,-0.014870313,-0.17227535,0.13712753,-0.7998467,-0.023844734,0.23181294,0.28846243,0.2852041,-0.2722152,-0.065658115,0.0032603107,-0.36346066,0.14217727,-0.80124,0.13244557,-0.16550386,0.04625209,0.35925162,0.21146093
312,negative,0.010123897,0.34200662,0.13030438,-0.38827825,0.122827455,-0.09423551,-0.08887108,0.06590196,-0.0008049256,0.11771253,0.17480282,-0.43588766,0.37222594,0.0025756555,-0.14708701,-0.26759085,0.29922187,-0.28373912,-0.28157592,0.063334495,0.124233566,-0.02150396,0.14034976,0.21831682,-0.049426727,-0.24671784,-0.07540034,-0.19634591,0.34824634,0.012560686,0.07864261,0.31630418,-0.03823225,-0.42259532,0.09585311,0.26099303,-0.09389344,0.025230812,-0.06317062,-0.029394295,-0.6325757,0.0573476,0.3875612,-0.22797646,0.14807919,-0.2272906,-0.029892068,-0.42757285,0.002571565,-0.64096904,0.20874642,-0.010355169,0.28002828,1.0090411,-0.11366643,-1.7748173,0.03810595,-0.60582095,1.2288959,0.49362746,-0.017912554,0.6373462,-0.0026187282,-0.37031356,0.574876,-0.020502273,0.2515293,0.36014315,0.07997884,0.2137523,0.16503532,-0.42923713,-0.5826003,-0.24984458,-0.22316231,-0.05750247,-0.20415923,0.09576055,-1.0025675,0.06761896,1.0608702,0.27364117,-0.22065593,0.13450988,-0.98366225,0.020846043,0.17002212,0.071685955,-0.011970436,-0.459862,-0.20388474,0.024127722,-0.053875156,0.051170275,-0.4820503,0.019732898,0.084854566,0.32344416,0.37076327,-0.0008608933
313,neutral,-0.19890639,0.17397223,0.3479538,-0.10043661,-0.24896404,-0.15142748,-0.020430539,0.15737958,-0.0406229,-0.079874896,-0.05680836,0.0039545833,0.07665281,-0.044742912,-0.07843462,-0.12977402,-0.03522115,0.036907878,-0.33853588,0.08152005,0.20152633,0.059323832,0.09590438,0.008467703,0.15806857,0.013666445,-0.30767322,-0.45975605,0.11522622,-0.24197456,-0.30798462,0.20556901,-0.035416696,0.101535045,-0.098391384,0.104553185,0.10385555,0.0015263673,0.08652053,0.011029159,-0.6111646,-0.25315294,0.09209874,-0.06495804,0.05693084,-0.11085009,-0.021870323,-0.17680731,-0.19164279,-0.846295,0.10973652,0.10338884,0.044869117,0.84682024,-0.11804444,-2.0648315,0.20534037,-0.14578378,1.452507,0.40289608,-0.120102644,0.49418348,0.027531989,-0.39255843,0.77054644,0.04193001,-0.06106704,0.45824748,-0.015888115,-0.4595256,0.06847411,-0.5128031,-0.45737538,-0.30648062,0.22825995,0.09916319,0.053574562,0.25480738,-0.7403745,-0.14028051,0.6341395,-0.07557808,-0.36026156,0.25445384,-1.0951518,0.08374642,0.28645566,-0.022126157,0.076957226,-0.32133302,-0.14563915,0.028006123,-0.05853809,-0.29063806,-0.75310355,-0.059782974,0.25096092,0.09996635,0.4391404,0.37374744
314,neutral,-0.004386604,0.15537268,0.16940622,-0.22325386,0.11190994,0.180278,-0.21916258,-0.058206096,-0.11392026,-0.0146518005,-0.021915292,-0.12607194,0.20252176,0.15371081,-0.05541447,-0.020287918,0.3077434,-0.033793345,-0.39240164,0.14676905,0.18600559,-0.16662364,0.27255374,-0.047192857,0.34504604,-0.21930647,0.030560115,-0.21890327,0.20350485,-0.19284326,0.06960376,0.43276012,-0.06285318,-0.034644965,0.103377014,0.2097796,0.0112111475,0.065815754,0.02543425,0.006797924,-0.25716105,-0.18215936,0.089177825,-0.27797607,-0.06021057,-0.22714536,0.28651854,-0.11607142,-0.009382667,-0.5809677,-0.07894891,-0.10478177,0.058956686,0.9700535,-0.10351791,-1.9626454,-0.107123144,-0.075868204,1.3250014,0.67108196,-0.3662015,0.6100834,-0.040335145,-0.23966381,0.706769,0.049069066,0.15225257,0.43307948,0.1519745,0.025123654,0.07159457,-0.324752,-0.1598677,-0.2527955,0.2222469,0.027058743,-0.11665022,-0.019914081,-0.7699912,0.2231432,0.4291081,0.00066604244,-0.21473485,0.103481025,-1.3051246,-0.19595346,-0.45691633,-0.009471757,-0.18484806,-0.022613078,-0.10863301,-0.1887362,0.12629974,-0.087190315,-0.38858634,-0.15769717,-0.15141273,-0.15524828,0.26617318,0.06323713
315,negative,-0.25398853,0.033380277,0.19145057,-0.17937267,-0.095841214,-0.014647344,-0.12381176,0.20398214,0.077282734,0.33694294,0.17803012,-0.1194507,0.0027164964,0.07146685,0.03037997,-0.07323836,0.21544893,-0.07294853,-0.2712923,0.15090269,0.37320125,-0.30498412,-0.00019995047,-0.10739345,-0.03097343,-0.063968204,-0.06886343,-0.14309898,-0.0165143,0.047053456,-0.011055064,0.25872827,-0.18962257,0.11053552,0.11343942,0.06956416,0.013478768,-0.065863654,0.17563434,0.07574429,-0.26637188,-0.23192513,0.10722928,-0.16603948,0.099544525,-0.06917781,0.09633331,-0.065942295,-0.14691818,-0.63436186,0.23630296,0.12751053,-0.0051210583,0.8905361,0.0047562686,-1.7322481,-0.051214345,0.11275449,1.547541,0.16866995,0.026187401,0.5086356,0.021916874,0.18875797,0.47264546,0.067762546,0.04567726,0.16131131,0.13250545,0.025450174,0.10293589,-0.41877377,0.058496684,-0.3269909,0.061531045,0.03863783,0.18342465,0.12340385,-0.7943128,-0.015192062,0.6790655,0.039401215,-0.30605015,0.014627056,-0.8803814,-0.17380294,0.17277111,0.08124867,-0.06047691,-0.20328897,0.14266674,-0.102819555,-0.009868014,-0.099681824,-0.3722133,0.1681705,-0.12125686,-0.12110582,0.4281791,0.047243036
316,negative,-0.21491814,0.19976771,0.28139648,-0.13605434,-0.066277064,-0.24846086,-0.3248827,-0.116061,0.29829004,0.0065474985,0.1873155,-0.05033542,0.13168578,-0.03423478,0.10903869,0.15020221,0.040328514,0.045057423,-0.26174888,-0.093224555,0.013744321,-0.29329446,0.1791926,0.07172059,-0.050050102,-0.28495526,0.19834104,-0.22341186,-0.18773071,0.23770238,0.05854725,0.32623664,-0.20009452,0.1632229,0.058209013,0.11037835,0.100591294,-0.042233255,0.040987793,-0.29506448,-0.41246253,-0.119932674,-0.06461037,-0.26859996,-0.09951173,-0.14521503,0.18519296,-0.2151504,-0.28276718,-0.47485173,0.7315342,-0.01458859,-0.032494366,0.79298925,-0.12367103,-1.7250774,-0.03275518,-0.25726423,1.5545739,0.17850506,-0.032280546,0.13282907,-0.2157976,-0.10814811,0.73694825,-0.027451547,0.15414381,0.14927673,0.28141502,0.068672664,-0.023949388,-0.016580181,-0.18223795,-0.33310428,0.11380579,-0.14584003,-0.09491128,0.058617722,-0.8812997,0.06354656,0.4533181,0.045302577,-0.38253102,-0.24776159,-1.0648844,-0.28169262,0.07227784,-0.04134881,-0.12596762,-0.017558152,-0.13820352,0.13237643,-0.087490685,-0.106737725,-0.08651755,0.23533513,0.1587439,-0.14438385,0.472372,0.10588578
317,neutral,-0.039295938,0.16066253,0.12759613,-0.010072684,-0.08163704,0.07790618,-0.28800592,-0.0031896532,0.07314639,0.04597606,-0.1340571,-0.0054838853,0.3173359,-0.06914776,-0.0077238153,-0.13122809,0.026008328,0.09660503,-0.5399962,0.07687654,0.2705049,-0.027986968,0.28359672,0.014738436,0.029659009,0.0108508365,-0.11902598,-0.30410245,-0.017708333,-0.027068118,-0.009870897,0.009654806,-0.14617307,0.19042894,-0.18913898,0.049156733,0.22936039,0.20071025,-0.024479676,-0.0024134193,-0.70535445,-0.1645758,0.09670864,-0.2986843,0.31202108,-0.13240908,0.06648448,-0.15771775,-0.29828078,-0.62066543,0.45822975,-0.052891724,-0.07315479,0.9314443,-0.09375899,-1.7983018,0.12751168,-0.43886635,1.7455941,0.3705939,-0.031279802,0.35555154,-0.1889748,-0.065336525,0.6298615,-0.011121236,-0.18624645,0.17071384,0.17723294,0.035183117,0.13653724,-0.4676315,-0.28938302,-0.32630897,0.3501186,0.037941083,-0.12332365,0.18070696,-0.90616137,0.056171715,0.7658707,0.06357045,-0.1858056,0.12844434,-1.1202284,-0.068375885,0.21523565,0.051642645,-0.05682885,-0.40548867,-0.037632886,-0.12328811,-0.23639762,-0.051359374,-0.388678,0.29978758,0.0012412549,-0.020510728,0.48850587,0.037657227
318,neutral,-0.12863292,0.26810074,0.4225586,-0.15866314,-0.32196245,-0.014510333,-0.546549,-0.33028615,0.059470277,-0.049309835,-0.1583111,-0.07793036,0.4534957,0.15662174,0.030992394,-0.17556149,-0.026415402,0.33544984,-0.62027234,0.19442597,0.46949074,-0.15632737,0.04132379,-0.05731662,0.2259838,0.21818176,-0.50443655,-0.22189467,0.3468789,-0.06611366,-0.19512817,0.3139154,0.019583387,-0.067383714,0.13789864,0.20380248,-0.04838841,0.36112836,-0.24569927,-0.32116717,-0.24696368,0.08586548,0.21924332,-0.51317436,-0.37548837,-0.2041257,0.2762953,-0.23572925,-0.35126773,-0.7220806,0.14381334,0.3262155,-0.041606117,1.0862001,-0.19898131,-2.0513813,0.32521898,-0.0823285,1.4834571,0.50907326,-0.081257,0.6070559,-0.25513688,-0.289743,0.8223478,0.036561366,0.5143931,0.124539755,-0.31626168,-0.22566135,0.1576076,-0.28839415,-0.26662928,-0.41046736,0.6324128,0.23635991,-0.40347204,0.0227891,-0.46881825,0.30186698,0.43480617,0.42791653,-0.3861823,0.10311558,-1.2184042,0.022520382,-0.046914566,0.03429551,-0.14999457,-0.64526653,-0.17899852,-0.3324919,-0.114608325,-0.079981,-0.65413964,-0.07527933,0.033120897,-0.23644911,0.21344094,0.21709658
319,neutral,-0.17333202,0.110544845,0.3280186,-0.056736376,-0.09334898,0.07921641,0.19771409,0.005458462,0.07553912,-0.019885523,0.14691794,0.1801153,0.03597671,0.0015075341,-0.056921747,-0.04553876,0.3001086,0.11358512,-0.11234241,0.25462726,0.25847593,-0.2980329,0.21244311,-0.025769722,-0.055201944,-0.07340295,-0.25416207,-0.060306165,-0.18732817,0.041346435,0.04860338,-0.033978496,-0.047076188,0.03167106,-0.18640676,0.015719209,-0.079414904,-0.10350311,0.19100505,-0.019318253,-0.20040762,-0.17026307,-0.052447103,-0.35978326,-0.06935099,-0.10724401,0.10556472,-0.4045832,0.14925247,-0.660102,0.3142651,-0.11373203,0.22807221,0.5054691,-0.10856111,-1.3382653,-0.026438057,0.016099153,0.9008667,0.37338096,-0.15675172,0.42762434,-0.05330456,0.022902258,0.5547867,-0.23693743,0.14122824,0.16212869,0.13536213,-0.019644672,-0.19143783,0.15092313,-0.0885219,-0.1390916,0.39392444,0.0992531,0.03046537,0.022336222,-0.49981165,-0.2939408,0.41785783,0.22407871,-0.16555579,-0.1455933,-0.71235234,-0.23089434,-0.021966327,-0.1110926,-0.057045154,-0.21754052,-0.023336168,-0.0766493,-0.13890822,-0.07622007,0.0430633,0.14960803,0.26774812,-0.09626922,0.087328896,-0.069409385
320,neutral,-0.17333202,0.110544845,0.3280186,-0.056736376,-0.09334898,0.07921641,0.19771409,0.005458462,0.07553912,-0.019885523,0.14691794,0.1801153,0.03597671,0.0015075341,-0.056921747,-0.04553876,0.3001086,0.11358512,-0.11234241,0.25462726,0.25847593,-0.2980329,0.21244311,-0.025769722,-0.055201944,-0.07340295,-0.25416207,-0.060306165,-0.18732817,0.041346435,0.04860338,-0.033978496,-0.047076188,0.03167106,-0.18640676,0.015719209,-0.079414904,-0.10350311,0.19100505,-0.019318253,-0.20040762,-0.17026307,-0.052447103,-0.35978326,-0.06935099,-0.10724401,0.10556472,-0.4045832,0.14925247,-0.660102,0.3142651,-0.11373203,0.22807221,0.5054691,-0.10856111,-1.3382653,-0.026438057,0.016099153,0.9008667,0.37338096,-0.15675172,0.42762434,-0.05330456,0.022902258,0.5547867,-0.23693743,0.14122824,0.16212869,0.13536213,-0.019644672,-0.19143783,0.15092313,-0.0885219,-0.1390916,0.39392444,0.0992531,0.03046537,0.022336222,-0.49981165,-0.2939408,0.41785783,0.22407871,-0.16555579,-0.1455933,-0.71235234,-0.23089434,-0.021966327,-0.1110926,-0.057045154,-0.21754052,-0.023336168,-0.0766493,-0.13890822,-0.07622007,0.0430633,0.14960803,0.26774812,-0.09626922,0.087328896,-0.069409385
321,neutral,-0.12700331,0.20064858,0.37197,0.2189775,0.030608647,-0.45632064,-0.026175292,-0.12990391,0.0636914,0.20632848,0.1728392,-0.1337669,0.33769315,0.13972382,-0.0079355845,-0.019476037,0.15116827,-0.17379273,-0.38674676,0.0054024723,0.29490852,-0.2664451,0.16067731,-0.14307413,-0.1903911,-0.09646856,-0.146111,-0.13272761,0.25269747,0.009649308,-0.089534074,0.22684033,-0.26346442,-0.020258473,0.13222529,0.06990363,0.26983622,0.026448501,-0.039107252,0.13599126,-0.5062946,-0.106744416,0.23231246,-0.055651523,0.125847,-0.29826966,0.14723933,-0.23164178,-0.13127628,-0.5526671,0.3236156,0.28208712,0.03572305,0.9821875,-0.026433773,-1.7220281,0.15421951,-0.40361685,1.6393483,0.37676978,-0.075228944,0.40687692,-0.05357337,-0.048377376,0.6606275,0.05543087,-0.13784474,0.35183653,0.1382051,0.105329715,0.23854396,-0.5023457,-0.30614218,-0.40003157,0.21097443,0.21125491,-0.0025009406,0.11516354,-0.99417156,-0.068486296,0.52640295,0.007129092,-0.073151045,0.08558657,-1.1355078,-0.12559445,0.4103488,0.04354432,-0.09962606,-0.31196707,-0.0852048,-0.18569702,-0.15836698,-0.13819613,-0.4031137,0.16755004,-0.1361386,-0.21581416,0.4038441,0.14771034
322,neutral,-0.13120727,-0.124231406,0.25721225,-0.1397588,0.08674187,-0.043575566,0.024975263,0.10339085,0.07217104,-0.04084054,0.17463307,0.10017046,0.054617133,-0.117107816,0.21821725,-0.17702036,0.054246817,-0.17365617,0.03378394,0.1486081,0.21035755,-0.054471258,0.19207239,-0.13615927,0.101115726,-0.096571125,-0.04291106,-0.055409264,0.37857234,0.15224709,-0.14382303,0.4410388,-0.14888139,0.2588459,0.31050405,0.091963574,0.15893136,0.04877557,0.10604067,-0.27297834,-0.23600212,-0.20899455,-0.016006919,-0.1767417,-0.11064654,-0.14678298,0.14118908,-0.21158338,-0.1765163,-0.49863777,-0.11708091,0.20231114,0.09117819,0.7161859,-0.15224615,-1.8562098,-0.10354877,-0.20845993,1.0938029,0.21794987,0.09261689,0.5868332,-0.19111186,-0.23591886,0.5406833,0.2212969,0.18293759,0.11339198,-0.02436427,0.094207436,0.13480325,-0.22094515,0.046012912,-0.29945856,0.11543288,0.10785787,0.052352417,0.0038571912,-0.35222706,-0.040209588,0.41496813,-0.18308946,-0.3526371,0.028517092,-0.96570504,0.10078596,0.15553874,0.019397205,0.21533623,-0.17195986,-0.14593686,0.10554468,-0.030508572,0.1477087,-0.47545496,0.041697297,-0.27010632,-0.19930929,0.39273438,0.0060981913
323,neutral,-0.048439752,0.13607703,0.34989417,-0.18448065,0.113692984,0.18258089,-0.28401905,0.24582514,-0.13309705,0.0012822006,0.06058684,-0.14080447,0.071083084,0.035057925,0.10259044,-0.23449014,0.05559848,-0.23591332,-0.16840243,-0.02280223,0.15078199,0.19042365,0.3382271,-0.031373143,0.23205312,-0.11239035,0.13053596,-0.24035671,0.18418106,-0.035873752,-0.16416238,0.28315327,-0.09487971,-0.01784834,0.34696478,0.04883606,-0.0012094455,0.113437764,-0.13232416,-0.017299969,-0.26181182,-0.16296501,-0.14339954,-0.22624147,0.093939215,0.11100819,0.34925467,-0.12509678,0.074175246,-0.28561443,-0.24406102,0.42949542,0.08029129,0.48538682,-0.21306238,-1.6625044,-0.22928329,-0.34376,0.8766399,-0.12510699,0.012414701,0.39635015,-0.34694415,-0.21531105,0.3303586,0.04288406,-0.10162767,-0.027185021,0.2749849,0.038034208,-0.081387885,-0.10263333,0.28506273,-0.2283534,0.123533525,-0.05846945,0.009912691,0.078653544,-0.49361607,0.01743774,0.48193434,-0.21082091,-0.26824012,0.06325104,-0.7550522,-0.05310443,0.03672652,-0.030218497,0.12810601,0.05118988,-0.106874,0.13880415,0.0006668962,0.10874098,-0.23688155,0.24326971,-0.21287411,0.0412645,0.3099098,-0.03966738
324,neutral,-0.20249955,-0.4570837,0.19750114,-0.5137083,0.38445,0.15086375,0.73442274,0.29340363,-0.41798764,0.15520355,-0.30106473,-0.34468547,-0.19033468,-0.2797058,0.1899802,-0.20537095,0.21513239,-0.2475315,0.20705037,0.15735428,-0.5469768,-0.19588836,-0.11401417,-0.67870253,0.05139175,-0.47826445,0.758782,0.14232813,0.36109987,0.32752198,-0.31679106,0.5567127,-0.16943857,0.5726811,0.4606256,0.23171452,-0.39852345,0.20462394,-0.5398248,-0.4252648,-0.2954582,-0.018658223,-0.034051936,0.012187638,-0.047544282,-0.24921268,-0.16635162,-0.62011415,-0.13949701,-0.66289383,0.11683619,0.35437194,-0.04018673,0.40603817,0.06279176,-1.8349297,-0.27145496,-0.010567319,1.3049265,0.4305745,-0.20164062,0.26661956,0.16170251,0.0045988066,1.0823777,-0.4005677,-0.025680976,0.17134659,0.22978984,0.21032561,-0.0076052034,0.044727977,0.25162417,0.059667878,-0.1106873,0.22567584,0.058143973,0.0908641,-0.37896112,-0.23562633,0.34137285,-0.48740727,0.19752206,-0.048783742,-1.0984049,-0.33112073,0.03100108,-0.09137162,0.2132771,-0.11336926,0.20214972,0.32222122,-0.23177083,0.5008174,-0.43211174,0.29670036,-0.3079661,-0.09406039,0.8602455,0.49917093
325,neutral,-0.119519144,0.2824608,0.36944452,-0.4635213,0.14996453,-0.12520017,0.12075315,-0.07364278,-0.38288733,-0.2428556,0.2911814,0.03917904,-0.17052688,0.06901059,-0.13205779,-0.22052556,0.08377886,0.07640884,-0.4985952,0.2162567,0.25780904,0.08178079,0.33346537,0.37637272,0.07976418,0.20764133,-0.13771585,-0.5155356,0.3349615,-0.0172504,-0.26684722,0.16062863,0.058518235,0.074432395,0.1199243,0.20930558,-0.03828337,0.2911721,-0.25865522,0.046182495,-0.20127441,-0.07978717,0.15339758,0.28045657,-0.08210439,-0.02111547,-0.17229636,-0.31266975,0.29625458,-0.2398761,0.041968137,-0.10898836,-0.109301224,0.23820612,-0.18295525,-1.9479603,-0.2115915,0.032317657,0.5413807,0.5370027,0.11448179,0.75200146,-0.15904604,0.1921,0.25946876,-0.14546935,0.43712765,0.55040616,-0.07244639,0.13466603,0.02189547,0.014266382,-0.23530583,-0.23697272,0.15167958,-0.07933667,0.026849935,-0.1728939,-0.27088422,-0.1092474,0.38983652,0.11784238,-0.33008102,-0.0015694171,-0.72932523,-0.17672497,-0.18682021,-0.092096776,-0.018344851,-0.35068598,-0.11356019,0.1563317,0.1120128,0.2588866,-0.3327026,0.009718712,-0.12760024,-0.2542444,0.09370107,0.08864464
326,negative,-0.2271048,-0.0036080037,0.2643062,-0.4350693,-0.13136531,0.18791302,-0.1888214,0.045911875,0.11511183,0.4007,0.1557477,-0.07692493,0.44370022,-0.005376854,-0.01800144,-0.05023132,0.22980306,-0.014123347,-0.3953261,0.074816324,0.6493083,-0.33898237,-0.037694164,-0.15788357,0.042755976,0.36646387,-0.36911172,-0.14984074,0.2640945,0.16686834,0.05570806,0.24527422,-0.30932143,-0.111247495,0.012594087,-0.2759336,-0.11825578,0.20965296,0.3546489,0.2047244,-0.39733335,-0.09557959,0.19470972,0.07135756,0.12175943,-0.036746334,-0.104437225,0.098772965,-0.35832527,-0.5577205,0.021690326,0.14691544,-0.085806556,1.090514,0.1863072,-1.579857,-0.3042427,-0.014430958,1.5068911,0.35425434,0.534223,0.47493276,0.07307836,0.28889033,0.35262555,0.18054725,0.07980651,0.032955978,-0.2726493,0.18868905,0.26690078,-0.42388654,-0.05603772,-0.39750862,0.3645164,0.018614907,0.31779498,0.13468383,-0.5488312,-0.15703101,0.7625777,0.12282789,-0.29807547,0.09101183,-0.8498215,-0.29659426,0.26592115,0.067276455,-0.01130201,-0.22890137,0.10647532,-0.24052463,0.07788926,-0.051198445,-0.4263878,0.06531263,0.07776223,-0.09665838,0.54249305,-0.19497731
327,negative,-0.15759149,0.3532501,0.19717425,0.013573562,-0.01792934,-0.039171573,-0.23881598,-0.06211285,0.19608216,0.16413829,-0.11108609,-0.063016705,0.34225243,-0.0005504947,-0.075682156,-0.18386315,-0.052339453,-0.121023916,-0.3679821,0.12189422,0.40934998,-0.014282208,0.22099647,-0.13667327,0.099671856,-0.12941763,-0.15668498,-0.22228378,0.16293843,-0.12462216,0.21917476,0.26521394,-0.11812627,-0.033543292,-0.09077294,-0.018452946,0.013627193,0.066770636,-0.0330163,0.034444083,-0.5214181,-0.07536438,0.118080355,-0.18176179,0.1254861,-0.15906572,0.34726867,-0.081240065,-0.14147529,-0.6840212,0.20390996,-0.05773567,0.09789629,1.0369952,0.18494646,-1.968975,0.09901985,-0.2999495,1.4311333,0.37413454,-0.013442583,0.47446382,-0.13465068,-0.18761075,0.71301806,0.076835185,0.21177267,0.03616159,0.13767661,-0.020274686,0.1658778,-0.28742823,-0.24480692,-0.09482003,0.17039727,0.004142153,-0.05395311,-0.002693344,-0.83523756,0.104678884,0.72285646,0.1297913,-0.20267868,0.14856899,-1.1978655,-0.07734598,-0.15546802,-0.039929636,-0.18246317,-0.41666543,0.0413996,-0.013316537,-0.09486586,-0.013698896,-0.4840757,0.1302312,0.00429887,-0.124836266,0.42792216,0.144996
328,neutral,-0.05911682,-0.15704551,0.08548888,-0.26732767,-0.05670719,0.20145059,-0.10343035,0.16692352,-0.21564196,-0.058075193,0.26796392,-0.060864657,-0.061604816,-0.09241886,0.1735446,-0.28537568,-0.1536396,-0.24312942,-0.03969173,0.21164455,0.20981996,0.028650139,-0.03384262,-0.26073962,0.089127086,-0.21480869,0.116547406,-0.015182678,0.2901681,0.16943672,0.06652763,0.3525409,-0.14209987,0.23386912,0.095613286,-0.018541371,0.0059178206,-0.045061644,0.3045334,-0.14779417,0.03257993,-0.007472001,0.021277083,-0.1059623,-0.24456045,-0.10650109,0.37724963,-0.23352818,-0.08688966,-0.40561393,-0.010980334,0.094235644,0.15890476,0.512832,-0.01681303,-1.5353054,-0.012605687,-0.17056498,0.9438465,0.23754404,0.20398794,0.44189328,-0.20282616,-0.11552241,0.51741403,-0.037049856,-0.090354085,-0.13392666,0.14575224,0.16521019,-0.09573828,-0.122241095,0.17090343,-0.26274094,0.25722834,0.051105347,0.10706021,-0.011540389,-0.37586474,-0.1861629,0.1532966,-0.37662846,-0.15330152,-0.13717939,-0.65382004,-0.042917475,0.19323198,0.24721558,0.09688937,-0.015252512,-0.13978735,0.16243416,-0.29827806,-0.089138575,-0.21633705,0.10289823,-0.20873053,-0.10766296,0.34565142,0.20613916
329,negative,-0.01567186,0.30523884,0.23030932,-0.10237778,-0.17469443,-0.01973955,-0.23511331,0.23992047,0.025154697,-0.03444972,-0.10441054,0.23209319,0.17721744,-0.0017819178,0.16423051,-0.15419556,-0.19192386,0.13375522,-0.45075944,0.2377717,0.29854265,-0.23482418,-0.076315254,0.12394031,0.058681674,0.15445827,-0.22828044,-0.2998357,0.22878247,-0.17591615,0.012189265,0.22695388,-0.045108214,-0.0042856,-0.19281507,0.13224073,0.12013537,-0.15456027,-0.009021119,-0.1689521,-0.44823003,0.049818616,0.09867914,-0.21607155,0.014305662,-0.12039267,0.36054927,-0.1481805,-0.18180051,-0.83603406,0.19856738,-0.16838902,0.017186098,0.9969705,0.0037719524,-2.0290833,0.09734447,-0.27266455,1.3507118,0.3645505,-0.07682827,0.58905554,-0.13473833,-0.33338,0.7910213,0.2486076,0.056321207,0.12915629,-0.077953786,-0.33956355,0.046404704,-0.37353534,-0.25708207,-0.29007533,0.16401401,-0.047346584,-0.13259074,0.050996676,-0.6702467,-0.12396477,0.67807215,-0.09416568,-0.34159133,0.11243847,-1.310277,-0.11349699,0.16429046,-0.24459979,-0.07305157,-0.23632777,0.02315762,0.030971278,-0.07772243,0.032318246,-0.4967328,-0.05255469,0.2480494,-0.090097114,0.38948232,-0.03499154
330,neutral,0.045169324,0.08906898,0.08790303,-0.31962076,0.037405867,0.029725641,-0.061859272,0.11621442,0.028403707,-0.0796232,0.1882218,-0.31014273,0.1432242,-0.031593427,-0.05427074,-0.30065763,0.20736326,-0.01999773,-0.2913792,0.27253115,-0.040531017,-0.11317998,-0.019368578,0.14138727,0.26196948,-0.21957089,0.07577928,-0.21393976,0.3060348,0.061311662,0.10725488,0.45198917,-0.19442302,-0.20892362,0.016566351,0.14047115,0.03234661,-0.04644472,0.046823375,-0.18900011,-0.23624167,-0.033003226,0.14074174,-0.30922306,-0.04896492,-0.15608151,-0.088253155,-0.32160717,0.028607363,-0.47345003,0.19604403,-0.12111606,-0.07046781,0.65358084,-0.14584062,-1.6772798,0.119576074,-0.41262284,1.1310146,0.34959197,-0.042274836,0.21352282,-0.3436302,-0.35548067,0.6440584,0.113886215,0.06477536,0.46881834,0.068575144,0.07805032,0.12681352,0.115924574,-0.28054824,-0.22816601,0.04409078,-0.0004784483,-0.19882478,-0.008156902,-0.74446,0.027929835,0.42042932,-0.18116178,-0.042070195,-0.16960216,-0.6247039,-0.20626919,-0.016092077,0.1450908,0.10788825,-0.10844231,-0.12835619,-0.03305905,0.16536857,0.043762084,-0.23829903,0.14200932,0.14277871,0.10619285,0.43717927,-0.043742575
331,negative,-0.096642084,0.2664294,0.30460498,-0.17790325,0.06559567,0.049929634,-0.25787205,0.2535686,0.12343385,-0.071347825,0.13528344,-0.05034673,0.32699534,-0.11574576,-0.0451989,-0.25644225,0.13712077,0.14085427,-0.1520551,0.11898724,0.06434943,0.014124603,0.11393786,-0.1811899,0.12597354,-0.18118322,-0.16919588,-0.138967,0.05832288,-0.1462511,0.12066067,0.43549404,-0.060097616,-0.2061421,0.051208522,0.2517419,-0.035652123,-0.030947005,-0.02338946,0.03138001,-0.2741775,-0.29405951,0.069453396,-0.03369263,0.115710005,-0.13303931,0.18215948,-0.3256067,-0.059364054,-0.6467653,0.4067478,-0.06967535,0.029689338,0.7630701,-0.1486135,-1.982654,-0.017239867,-0.15377106,1.8140947,0.4491736,-0.1502429,0.39310494,-0.03055127,-0.14067774,0.7018625,0.0996672,0.3121271,-0.013704259,0.41775188,-0.051676262,0.0061733257,-0.2715136,-0.0756658,-0.12963924,0.32609197,0.1706724,0.0352479,-0.14399542,-0.5616743,-0.0021399828,0.649204,-0.07254542,-0.29444626,0.0025015494,-1.2863362,-0.106772885,0.037768025,-0.13289614,0.035786342,-0.14374647,-0.060522534,0.063655324,-0.0593281,-0.18463784,-0.54745984,-0.0058054733,-0.05360563,-0.112290934,0.51414526,0.14011115
332,negative,-0.11383236,0.097009756,0.4216895,-0.20803365,-0.12924995,-0.16301177,-0.1460711,0.16148259,-0.0842652,0.08859879,0.22001193,-0.13132063,0.14199175,0.10940137,-0.06053957,-0.14701653,0.2444259,0.14973591,-0.4034267,0.12961768,0.29662126,0.06354081,0.05086577,-0.16955416,-0.124081984,-0.0059369677,-0.20695762,-0.37447265,0.025667692,-0.13696021,-0.17385492,0.448102,0.04421745,-0.0037272447,0.10703298,0.2258053,-0.20747894,-0.023873039,0.102827676,-0.06898648,-0.22792669,-0.1932047,0.098116316,-0.24408703,0.08997561,-0.1899014,0.1295042,-0.23787685,-0.048367683,-0.8172513,0.32428184,-0.14344464,0.008020167,0.87548494,0.010306057,-1.9779382,0.0713186,-0.023495467,1.5362542,0.4894456,-0.10456935,0.60329807,-0.06685785,0.019138133,0.6466803,0.012513213,0.31439406,0.41989508,0.07194969,0.22082587,0.20680667,-0.38603333,-0.15100636,-0.36219808,0.20296595,0.07967483,-0.13429737,0.073506355,-0.643075,0.03431192,0.4805927,0.034516163,-0.43479133,-0.09417917,-1.1997921,-0.17050534,0.08222674,0.024272721,-0.13669054,-0.32889563,-0.07624899,-0.14481777,-0.2029803,0.022027727,-0.48542535,0.10859234,-0.04137048,-0.068871334,0.3640149,0.09947613
333,neutral,-0.093358055,-0.0071787923,0.2451217,0.21249005,-0.3929971,-0.10663045,-0.22035983,0.36035568,0.11710731,-0.10023809,-0.06818422,0.36071292,0.29257748,-0.14408746,0.1472687,-0.7444883,0.4495364,0.5780809,-0.338674,0.16130884,0.16770145,-0.13395086,-0.29300466,-0.028921284,0.0022262007,0.34102294,-0.3460791,-0.11502331,0.32127795,-0.3741035,0.13499138,0.17105691,-0.030181188,0.045996014,0.015874024,0.36427975,0.07361538,-0.08976284,-0.13615994,-0.31236637,-0.48654732,0.13363037,0.0977913,-0.26854855,-0.05392267,-0.12029631,-0.29052255,-0.24997303,-0.032598756,-0.6152883,0.104128,-0.23116337,0.2151657,0.7139435,-0.18744731,-1.6629112,0.18660279,-0.034377154,1.3567206,0.20319188,0.021862147,0.4668357,-0.24751659,-0.43733498,0.4688065,0.15889008,0.24455045,0.5504864,-0.448633,-0.18162413,0.120005,-0.21012193,-0.41082823,-0.3435939,-0.0493514,8.842963e-05,-0.1781879,-0.024004623,-0.56048834,0.10609473,0.635105,-0.24425228,-0.039434157,-0.060393382,-0.7627131,-0.18369585,0.06370182,-0.041472528,0.39320838,-0.18246117,-0.119693205,0.09366075,-0.01222442,-0.24002291,-0.4230872,-0.08716015,0.123550735,0.13586412,0.17356703,-0.31761116
334,negative,-0.18297252,0.39587033,-0.08852174,0.28785715,-0.09707685,-0.12577555,-0.10721178,0.1195683,0.26368037,0.5353447,-0.16082242,-0.32165495,0.3336461,-0.0218721,-0.049925108,-0.17666279,0.062504135,-0.14960454,-0.7218964,0.1239837,0.29321513,-0.16373488,0.19043945,0.18560736,0.3115173,-0.2263068,-0.17332058,0.010402108,0.46549225,0.16518493,-0.026173731,-0.10153405,-0.1587715,0.2844312,0.0064998767,-0.08623995,0.43540874,-0.034183893,-0.34865236,-0.061357036,-0.52058476,-0.11349918,0.018633684,-0.1991076,0.16434795,-0.09479178,0.41655096,-0.041457158,-0.11325863,-0.39920703,0.35768843,0.20440848,0.12910645,1.0727307,-0.1769391,-1.7923146,-0.060730126,-0.29382083,1.5853999,0.19823042,-0.089672856,0.17116728,0.2819771,-0.36777043,0.94972104,0.17908095,-0.08257083,0.018180668,0.1872578,-0.040990636,0.39707655,-0.4088303,-0.22208415,-0.3452826,0.26201043,0.04988945,0.1315011,0.15378737,-0.8535272,0.27754545,0.79643357,0.14136623,-0.2818471,0.31815743,-0.6159611,0.15213163,0.29770818,-0.26691276,0.1649141,-0.10178248,-0.21560583,0.15510517,0.118257694,0.06677071,-0.27156594,-0.08166669,0.08555746,-0.10777109,0.6570613,0.28594983
335,negative,0.014615048,0.3589163,0.38502267,-0.31829104,0.029619522,0.0148002375,-0.041558675,-0.023807395,-0.2399975,-0.037219197,-0.027506853,-0.02559539,0.17535219,-0.12380116,-0.04093994,-0.20869012,-0.035677202,0.027428895,-0.33648223,0.17714198,0.46528435,0.12636526,0.0519761,-0.1380677,-0.030312577,-0.055600613,-0.07994037,-0.43928522,0.3228463,-0.30553523,-0.020794867,0.45159733,0.14721398,-0.05819909,0.15154284,0.037203003,-0.07205814,0.0696031,-0.060140844,-0.007978449,-0.44083259,-0.34061676,0.16509572,-0.28175852,-0.108133435,-0.27041197,0.32874057,-0.21638769,-0.22070898,-0.7405055,0.061452515,-0.0117066875,0.065431446,0.8135134,-0.13437405,-2.1280694,0.025377898,-0.028804867,1.3981767,0.45138124,-0.31228095,0.67684585,-0.22083022,0.050112166,0.6759861,0.0590607,0.13151735,0.32356656,-0.04857859,-0.033616845,0.027472721,-0.25506464,-0.31594592,-0.17481537,0.13367915,0.026300343,-0.08778269,0.010052114,-0.5815595,0.061213337,0.35038382,-0.092996195,-0.28273767,-0.061414436,-1.0286702,-0.26396218,0.07887833,0.049765218,0.06939436,-0.27460325,0.0020597589,-0.042226233,-0.072704785,0.06015948,-0.73118055,0.027760226,-0.13020654,0.018443001,0.34839213,0.21149187
336,negative,-0.10495808,0.16105969,-0.005626279,-0.24836236,-0.24960038,0.35167813,-0.060566857,0.017302318,0.32071167,0.35073677,0.069984436,0.13825293,0.54630834,0.26202777,0.16994232,-0.18767053,-0.07642242,-0.26346907,-1.0525295,0.3057036,0.57319075,-0.26957974,0.21259189,0.2251452,-0.30560175,0.03316815,-0.03755929,-0.29475135,0.019264065,0.23836476,-0.024189103,0.36836737,-0.19869123,0.13732666,-0.31919914,-0.17250307,-0.33246684,0.5083619,-0.2779126,0.21960527,-0.4498635,0.08455095,0.3668712,-0.2049893,0.58002573,0.100049384,-0.124955565,-0.10706483,-0.428098,-0.56677943,0.2816201,-0.17125358,-0.16212857,1.0972065,-0.08904818,-1.8428706,-0.24663466,-0.120650545,1.5981281,0.7027434,-0.10306188,0.5472971,0.09724052,-0.05670809,0.48365352,0.43952364,0.016918378,0.26569462,0.37587634,0.09678526,-0.063883424,-0.5041793,-0.101245694,-0.20610982,0.29907942,0.20174107,0.074394874,0.3990133,-1.0798563,-0.1160608,0.81235343,0.05369481,-0.34447435,0.05026704,-1.1576692,-0.213157,0.08978303,0.29592386,-0.36337167,-0.21219738,0.7737485,-0.30490592,-0.071970515,0.12942806,-0.8513649,0.5245475,-0.021741793,-0.049550142,0.25077942,-0.57766503
337,neutral,-0.075656295,0.07518321,0.24774176,-0.033929452,-0.06458548,-0.09821553,0.046132844,0.11836437,-0.13775364,-0.13913412,-0.042610273,-0.029902473,0.13522999,-0.043256484,-0.00023882734,-0.0751208,0.13934864,-0.20319061,-0.35596466,-0.026461005,0.0016477493,-0.08709655,0.021731094,-0.08939828,0.07852195,0.22566803,-0.18993779,-0.20329213,0.33858073,-0.13657027,-0.09849923,0.2902736,-0.053080324,0.054287262,-0.025205206,0.22507887,0.11311652,0.047236007,-0.209313,-0.09092905,-0.37583017,0.03165533,0.34427595,-0.2794909,-0.14839208,-0.0715366,-0.015481613,-0.21187489,0.07510468,-0.6171611,-0.037695907,0.026926478,0.020555146,0.7820117,-0.09974327,-1.7190691,-0.06914999,-0.24787433,1.2453232,0.1465592,-0.113858454,0.26845807,-0.17503569,-0.4043956,0.6979997,-0.040131055,0.2548095,0.33959323,-0.10334893,-0.2772776,0.19269258,-0.23879392,-0.45130336,-0.5508059,0.05061866,0.09596419,-0.30885357,0.029025953,-0.69433856,-0.030457087,0.48057297,-0.10087748,0.019581862,0.13657574,-0.9995908,0.07255733,0.12375767,0.19295387,0.008640454,-0.3357204,-0.08927458,0.058582295,-0.3869928,0.27123964,-0.41578007,-0.00635643,0.055132184,-0.16340692,0.4950246,0.25553858
338,negative,-0.2638552,0.30564103,0.30382833,-0.2717072,-0.28789344,-0.04338066,-0.1195608,0.0643913,0.04071086,0.30084273,0.17021298,-0.036138847,0.091885015,0.050905548,-0.07985487,-0.3369742,0.05729318,0.099157244,-0.20449752,0.21558313,0.280613,0.12054812,0.16247241,-0.30419233,0.015800081,0.20243251,-0.38928425,-0.23467058,0.2822362,-0.13854064,-0.03997266,0.4682422,-0.101919815,-0.049779568,0.1473742,0.180177,0.13783751,0.001712969,0.13607237,-0.12007767,-0.43228933,-0.2979736,-0.03839238,-0.25773183,0.12829444,-0.13443908,0.1684744,-0.1063969,-0.1875118,-0.66058064,0.09391203,0.09668861,0.014616284,0.86040866,0.018204613,-1.9054844,-0.056684475,-0.20112616,1.4943304,0.4456284,-0.0004920412,0.47137925,-0.28240767,0.08072504,0.5652352,0.20845892,0.27194542,0.3623207,-0.056326855,-0.112162165,0.2221665,-0.24899682,0.038334593,-0.2613012,0.15518087,0.07957972,-0.14239338,0.107065864,-0.37276563,0.030086558,0.6357141,-0.20427948,-0.33165008,0.18445943,-0.97237587,-0.24905437,0.18816546,0.19553046,-0.02996738,-0.2995733,-0.109004036,-0.052824523,-0.008687855,-0.24687822,-0.47907972,0.08490192,-0.17053892,-0.27229542,0.26061246,0.2137373
339,negative,-0.13317163,0.26313317,0.35430768,-0.48759916,-0.12823719,0.16446517,-0.14501287,-0.017076844,-0.027371725,0.017031286,0.10521477,-0.0048809526,0.089559406,-0.0031539116,0.05100935,0.15188798,0.107863225,0.1887716,-0.27041844,0.22683117,0.3508262,0.123173915,0.0012266955,-0.33480668,-0.04423554,0.11724519,-0.19354238,-0.35261628,0.29741374,-0.17175533,-0.060383976,0.29146895,0.16032474,-0.09911775,-0.019098185,0.22523102,-0.09364267,0.113400675,0.021944456,-0.38729396,-0.24893028,-0.30791363,0.056310665,-0.24732104,-0.3606821,-0.12769155,0.0929407,-0.23798998,-0.12350169,-0.6669562,-0.15079406,-0.01708505,0.17893222,0.76075345,-0.27990833,-1.8839209,0.09066707,0.28056568,1.2143023,0.23150866,-0.0029637539,0.591664,-0.46371078,-0.07095207,0.76778084,0.18011239,0.16930448,0.108876996,-0.01040518,-0.17381296,0.12034506,-0.08395359,-0.32633218,-0.23074423,-0.07166298,0.046828363,-0.2322,0.032038815,-0.36762914,0.048135906,0.44288632,-0.025025386,-0.2630499,0.051513188,-0.9211126,-0.16133712,-0.05598655,0.028668359,0.013810205,-0.2432064,-0.122707,-0.22220252,-0.079187594,0.06991393,-0.32906368,-0.24471761,-0.036509372,-0.026311487,0.22764042,0.27267107
340,negative,-0.13031825,0.06327263,0.42985883,-0.53864664,-0.32855335,0.069259554,-0.22332935,0.0117138615,0.07235771,-0.08038338,0.0781791,-0.0040696845,0.21175317,0.110327356,0.029539848,-0.101153225,0.04273288,0.21474336,-0.5566909,0.3782601,0.24069838,-0.0031617896,-0.16643327,-0.25958633,-0.094038315,0.221619,-0.19485296,-0.32408798,0.31389046,-0.1892652,-0.121144496,0.39664117,0.07007257,0.02667474,0.08099639,0.22688663,-0.2117165,0.07938177,0.24842954,-0.24426155,-0.15933879,0.06429976,0.20828684,-0.41801965,-0.29741952,-0.08956278,-0.044372283,-0.2597516,-0.21020234,-0.6835728,0.17319636,0.15817957,-0.010342978,0.74412245,-0.10391691,-1.6449549,-0.0107208155,0.12827958,1.0781139,0.3743361,0.0053563993,0.6397073,-0.23030534,-0.18505011,0.78239757,0.07000842,0.46998787,0.26700687,-0.16320562,-0.06326555,-0.014215996,-0.42382568,-0.248699,-0.30026278,-0.0057957685,0.14729856,-0.030944629,0.03427292,-0.44248176,-0.10619774,0.5131873,-0.090107955,-0.433131,0.032552805,-1.2260683,-0.0019742246,0.056949113,0.05555433,-0.2013177,-0.29532558,-0.1358027,-0.0800791,0.03374246,0.010873514,-0.26587367,-0.179466,0.06504151,-0.0687981,0.04523434,0.14489786
341,neutral,-0.18885237,0.36522982,0.35463527,-0.13803591,-0.23840262,-0.3043049,0.12126628,0.117783576,-0.23546216,0.29201284,0.034640543,0.0662273,0.022925353,0.049606174,0.13336408,-0.137559,-0.02370718,0.11003394,-0.270211,-0.058807455,0.3736455,-0.31291172,0.050034568,0.077991284,0.11641886,-0.12588061,-0.36013287,-0.0775697,-0.09860441,0.082880564,-0.156368,0.11458525,-0.17832538,-0.081933305,0.1717936,0.07276067,0.15155298,-0.15912648,-0.017505866,-0.024831116,-0.39596856,-0.016434308,0.24272099,-0.27665144,0.37503335,-0.07385715,0.27302146,-0.35373765,-0.31275508,-0.6968889,0.051343795,-0.06348316,0.0085067535,0.860738,0.19335476,-1.8219376,0.14629376,-0.2549956,1.3313537,0.51798236,-0.036094345,0.6969836,-0.009772136,0.08573106,0.4685711,0.16924179,0.1494517,0.16921328,-0.023923144,-0.088684045,0.4255884,-0.37097964,-0.070100605,-0.19755243,0.058749124,0.053993408,-0.19334786,0.057631306,-0.785291,0.22019249,0.60612446,0.07099277,-0.3967633,0.0102988025,-0.9937348,-0.035434842,0.28450817,0.115948066,0.03814923,-0.1189475,-0.10782715,0.1789292,-0.21084282,-0.16033207,-0.50076693,0.11165784,0.08920973,-0.09071208,0.2809223,0.06626354
342,negative,-0.15058902,0.074786246,0.27418697,0.18815894,0.07872472,0.07768993,0.016472196,0.19973527,-0.04247888,0.4097316,-0.10417069,-0.07720898,0.2710832,0.09276586,0.08395623,-0.107715465,-0.08822443,-0.20819008,-0.52151054,-0.070586525,0.49610332,-0.049517855,0.22905359,0.058789365,0.17227428,-0.1688707,-0.059399586,-0.12742755,0.33061907,0.078331135,-0.3189223,-0.008515033,0.14035706,0.021623727,-0.054338362,-0.025643999,0.000591849,-0.123817235,-0.02442942,0.15598,-0.43188882,-0.111075774,0.24012038,-0.023800299,0.3371229,-0.04659051,0.23745501,-0.03431009,-0.02875846,-0.41234663,0.026678454,0.025636436,0.089347824,0.9391445,-0.2811172,-1.9513985,-0.26214582,-0.134451,1.5186589,0.44507468,-0.11290045,0.55313873,0.10791014,-0.2776512,0.49549502,0.10367622,-0.07161162,0.03833919,-0.28774658,-0.038195908,0.17697659,-0.38429022,-0.39904872,-0.38852817,0.11139886,0.17600402,0.10119967,0.019997736,-0.6994494,0.088305265,0.5220585,0.22863176,-0.3682393,0.13509232,-0.71889687,-0.060487814,0.018146168,-0.120792635,0.2482418,-0.087533854,0.049352672,0.06292531,-0.26764166,0.28791118,-0.63024634,0.3256162,0.1886404,0.22868423,0.43867353,0.17215633
343,negative,-0.021043677,0.21737063,0.13476583,-0.2149233,-0.008750715,0.20889437,-0.06844991,0.19716062,-0.099781886,0.23565409,0.0338976,-0.039928343,0.22902739,0.30718818,-0.03223818,-0.15142456,0.13162239,0.029373406,-0.44175157,0.2345952,0.356761,-0.25387886,0.10697393,0.004759352,-0.021225575,0.014581129,-0.26433674,-0.29808584,0.16890416,0.08265197,-0.13502584,0.385375,-0.0561636,0.013973618,0.123716705,0.055304263,-0.1718446,0.12104375,0.26188973,0.03633996,-0.32403946,0.027238987,-0.11436145,-0.22736824,0.24470644,-0.06314186,-0.08960121,-0.17590092,-0.14590745,-0.4804386,-0.115887284,-0.061215885,-0.110504,0.81886977,-0.10721645,-1.718264,-0.17780352,-0.14759661,1.3946713,0.3915026,-0.005856735,0.44979224,0.028412523,-0.10475014,0.50072265,0.010909646,0.17304724,0.1970245,0.024033193,0.0824054,-0.030658703,-0.25820985,-0.22453542,-0.25919756,0.105193414,0.21917903,0.041491024,-0.023996955,-0.54937536,-0.13170776,0.6044455,0.040050097,-0.30411452,-0.12470618,-0.99693877,-0.2069811,0.13945769,-0.054289334,-0.055071328,-0.124557436,0.007952676,-0.10713685,0.009254868,-0.16167922,-0.44795233,0.07801731,-0.101391435,-0.18117349,0.19281724,-0.0013337781
344,negative,0.13534589,0.119113825,0.27982664,-0.13588886,0.06377719,-0.52299327,-0.21351102,0.37566465,-0.10170495,-0.003962326,0.102605,-0.09809969,0.15295163,-0.050753858,-0.09053899,-0.15571578,-0.18839765,0.052232668,-0.057741325,-0.1261019,0.32054365,-0.053874183,0.294035,0.23211905,0.20737256,-0.012178758,-0.11262865,-0.1751085,0.30107942,-0.035736892,-0.19096133,0.081884176,-0.12028782,-0.13260911,0.08535574,0.27462563,0.15291278,0.2756976,-0.11279716,-0.07221093,-0.18352686,-0.12596929,-0.1771596,-0.0016557255,0.09486838,0.029437905,0.18353397,-0.11735633,-0.14052145,-0.73778844,-0.1316019,0.3212397,-0.004863894,0.76912683,-0.14520068,-1.6755503,-0.22494672,-0.29870826,1.23317,0.31811672,-0.081042044,0.3887181,0.0273422,-0.13871352,0.33525124,0.24213141,-0.13411318,0.09247147,0.0472626,-0.13307062,0.2646228,-0.19400711,-0.085917056,-0.16291349,0.014315826,0.04993121,0.14990868,-0.13637476,-0.48219132,0.30611652,0.5045382,-0.13160719,-0.3865524,0.26185548,-0.8023992,-0.19160219,0.3117314,0.039706573,0.2520213,-0.22791739,0.013350596,-0.03579167,-0.19303656,-0.21088952,-0.4365002,0.20230442,-0.04255312,-0.1492489,0.5018881,-0.013712751
345,neutral,-0.10727204,0.3803132,-0.15321146,0.23331416,0.018239,-0.35042578,-0.111432016,0.025799422,-0.15570277,0.2625248,-0.15222117,-0.4452374,-0.020427685,-0.1288387,0.0775836,-0.25663766,0.37515795,-0.02940216,-0.4446135,-0.037263196,0.087401584,0.119561434,0.3154519,0.054351818,0.40679276,0.2891486,0.027951926,-0.3341578,-0.009260526,0.20026064,-0.39014605,0.47525528,-0.37547255,-0.1048215,-0.05345787,0.16547312,0.4382185,0.09134379,-0.37196648,-0.123200096,-0.23823291,-0.39932793,-0.17590177,-0.038568724,0.26722425,-0.08322607,0.22991188,-0.10507867,0.04307403,-0.73775744,-0.14957045,0.22879653,-0.17877202,0.9205722,-0.010600891,-2.1267657,-0.060838047,-0.2830161,1.7740674,0.1865508,-0.14244685,0.3336706,-0.24988599,-0.038910132,0.6049972,-0.048786554,-0.09459848,0.40126902,0.389751,0.094279975,0.5384616,-0.333256,-0.18397713,-0.41960198,0.06312964,-0.22403675,-0.34162027,0.13068739,-0.66484743,-0.10656662,0.7953926,-0.091222815,-0.05361263,0.43232888,-0.8924612,0.087072566,-0.081100024,-0.07584959,0.33094358,0.00032212693,-0.3191625,0.32112685,-0.103618525,-0.3497799,-0.46710882,0.1488712,0.15382484,-0.04825187,0.5816069,0.32417
346,neutral,-0.16603729,-0.048495695,0.04416605,-0.21618944,-0.035989404,-0.00547102,-0.38166368,0.27192292,-0.29441783,0.30594057,0.16517073,-0.28118312,-0.027988812,-0.042239323,0.31731206,-0.40291283,-0.3006649,-0.38687828,0.023758698,0.002316551,0.14313982,-0.027031904,0.1465435,-0.14799084,0.18106668,-0.1816868,0.29358855,0.073536366,0.28873613,0.40720794,0.1369242,0.59363925,-0.2907675,0.41877005,0.144986,0.09281311,0.14395614,0.060329765,0.2253397,-0.30051604,-0.08085613,-0.2122034,-0.108490735,-0.041318685,-0.26942185,-0.018272988,0.47986147,-0.2904509,-0.13515991,-0.638619,-0.01137929,0.3437894,0.28493994,0.6595416,-0.21251091,-1.4747456,-0.14263831,-0.43840742,1.1536767,0.22162265,0.27984554,0.26031137,0.029043557,-0.22839196,0.51857626,0.10349031,-0.17927358,-0.11636019,0.19020423,0.24414337,-0.05992232,-0.3992119,0.19508137,-0.24685237,0.114368856,-0.12934044,0.17982092,0.010191988,-0.5281259,-0.14418253,0.31340495,-0.50293326,-0.3136882,0.051555116,-0.64305335,0.10475158,0.4548508,0.098438375,0.07773223,-0.09848565,-0.39332876,0.13181508,-0.3021064,-0.038326442,-0.47414657,0.20069993,-0.36021814,-0.18854791,0.412167,-0.07894246
347,neutral,-0.024970038,0.4363472,0.27651566,0.06207599,0.31662664,-0.9077371,-0.4394305,-0.09448151,-0.076148,0.015803337,-0.15320155,0.014837975,0.13119109,-0.047911197,-0.104753375,-0.3482158,-0.117887564,-0.043319378,-0.10834622,-0.12624635,0.15524772,-0.13299988,0.17271872,-0.07714193,-0.23184812,0.34834316,-0.1685682,-0.16694629,0.008259263,0.28920603,-0.17301358,-0.08901656,-0.3114657,-0.111710005,-0.046908826,0.108728774,0.17447208,0.04754582,-0.13123469,0.008979693,-0.2639028,-0.43988094,0.008513346,-0.24570802,0.47382522,0.15155151,0.0378105,-0.016525887,-0.21951164,-0.6946144,0.024617128,0.23585977,-0.15055859,0.8024798,0.19814661,-1.8424109,0.15864049,-0.37955573,1.663266,0.2554056,-0.10453917,-0.021279937,-0.3682489,-0.15842465,0.832417,0.03994444,0.18858303,-0.29588383,0.43330997,-0.45969126,0.06761004,-0.34109753,-0.12495661,-0.26888776,0.3394311,-0.28107285,0.09512628,-0.17423002,-0.8387405,0.18946731,0.9514673,0.01726454,-0.5211197,0.36528745,-1.0674841,-0.23126814,0.20766264,0.16383351,-0.13983874,-0.4784944,0.14957832,-0.002399869,-0.13009387,-0.29493773,-0.5285046,0.27158943,0.31335708,-0.0678709,0.49373507,0.112594925
348,negative,-0.037433606,0.3315387,0.22743435,-0.05891586,-0.033034146,0.043307543,-0.20683104,-0.019732071,0.048224177,0.1669063,-0.15978831,-0.022661066,0.35372812,-0.019891128,-0.032173887,-0.20673361,0.037414715,-0.0005953122,-0.49743575,0.25247484,0.2577938,-0.083817855,0.27934453,-0.09306195,0.019173225,-0.14847788,-0.122988455,-0.37064296,0.032466277,0.1309286,0.0064486214,0.21452878,0.011028763,0.07529483,-0.055112034,0.00842464,0.022921508,0.12585208,0.017002461,-0.08929599,-0.47458085,-0.074127674,0.11967974,-0.28325453,0.138634,-0.08969305,0.20088622,-0.25021374,-0.14494085,-0.6273994,0.1359637,-0.11308428,0.08406928,0.92837185,-0.038017016,-1.9321028,-0.12866005,-0.26369274,1.5288059,0.27470523,0.004302706,0.5404141,-0.11939638,-0.19540432,0.7268668,-0.027046442,0.14498755,0.050419882,0.14557174,0.09770266,0.118605204,-0.28836733,-0.17031632,-0.15694381,0.15789604,0.04136459,0.062639184,-0.003921863,-0.7582169,0.0003432728,0.41653457,0.20412244,-0.2162224,-0.043053094,-1.1498015,-0.23742326,-0.05397856,-0.005331064,-0.06525733,-0.4784081,0.048061434,-0.10172066,0.0109868,-8.712814e-05,-0.43580538,0.20866702,0.02005136,-0.18851925,0.4514671,-0.0024498007
349,neutral,-0.1033955,-0.06432949,0.20330875,-0.1263142,-0.04538269,-0.076843575,-0.3985857,-0.054178692,-0.11206118,-0.10275641,-0.01818909,-0.11022564,0.11487149,0.13882615,-0.12885498,-0.054894518,0.26159158,0.22920452,-0.56194687,0.19473128,0.3628739,0.045919564,-0.13932143,0.048981316,0.2909253,0.101371825,-0.028772028,-0.25876465,0.28292084,-0.02975984,-0.24570239,0.38725036,-0.06998369,-0.040521614,-0.09058232,0.46795207,-0.09659238,-0.10891821,-0.17009738,-0.08838646,-0.27418023,0.18023697,0.19846508,-0.25817728,-0.054398198,-0.103738666,0.03701999,-0.15375169,0.23561244,-0.42388672,-0.12880576,0.06874441,0.14264727,0.649448,-0.0019474666,-1.73378,-0.026763989,-0.11724968,0.85404366,0.113489315,-0.12365147,0.5131563,-0.40330502,-0.18720551,0.46773857,0.024591375,0.17238447,0.46596137,-0.16634417,-0.10928503,0.09167245,0.045756664,-0.18189657,-0.33132565,-0.13803893,0.16050355,-0.25200048,0.18829197,-0.5408939,0.12807032,0.32371384,-0.2266331,-0.070155375,-0.024296733,-0.833249,-0.13813394,-0.31780443,-0.10519434,0.23030254,-0.3296106,0.062195204,0.0012438889,0.06677311,-0.2181617,-0.31340548,-0.12488589,-0.063523695,-0.41848546,0.27056515,0.17684688
350,neutral,0.17241748,0.025788002,0.28021958,0.037728846,-0.09543911,-0.021087315,-0.34917074,-0.0670547,-0.23737407,0.29067254,-0.07983809,0.017093599,0.4417278,-0.019890063,-0.11334408,0.03744402,-0.49730816,-0.1512822,-0.46813872,-0.2478667,0.26356006,-0.027247617,0.07535894,0.044680003,-0.046199292,-0.19221815,-0.13009888,-0.33090132,0.20207353,-0.2909299,0.00987216,0.1311553,-0.043179654,-0.015110491,-0.08786931,0.06714463,0.066135906,-0.3588168,-0.39845428,-0.12887177,-0.7580068,-0.18344446,0.4545981,-0.12546794,-0.005433791,-0.4806061,0.32070547,-0.056544997,0.1108232,-0.54037654,0.16143431,-0.0890753,-0.13089007,1.196677,0.21694262,-1.719692,0.06448453,-0.18608637,1.2742032,0.18672125,-0.2151713,0.03913762,-0.28688267,-0.135528,0.5209841,0.06795971,0.09225114,0.030592864,-0.17103449,0.017706031,0.343458,-0.15341549,-0.38496128,-0.3710428,-0.0055251317,-0.19159487,-0.30597606,-0.01213471,-0.7855877,0.12133285,0.67190945,0.13204156,-0.16067262,-0.03759938,-0.9980064,0.098530255,0.024552427,0.14529507,0.10698059,-0.5027475,-0.07433661,0.11732192,-0.4848664,0.26562622,-0.39101815,0.03477172,0.04655002,-0.13932827,0.42748767,0.19416443
351,neutral,0.0129457135,0.14363708,0.06150096,-0.24048008,0.20448081,0.4164533,-0.27908784,-0.039635845,0.08312332,0.25581273,0.04374443,-0.07370602,0.15144284,0.0542595,0.09076925,-0.29232997,-0.15984736,-0.24666557,-0.03842259,0.20949973,-0.16594611,0.013972209,0.08021208,-0.13657208,0.4411519,-0.2082822,0.1522549,-0.16020283,0.3035289,0.17422068,0.00939067,0.3911374,-0.18814692,0.08029807,0.27891585,0.113665365,-0.022467729,0.10607535,0.24280822,-0.2102365,-0.18853426,-0.14116994,-0.29622683,0.04996826,-0.14088634,-0.044645406,0.18148465,-0.17434064,-0.009160689,-0.4525132,-0.27760375,0.39462486,0.68779004,0.7599132,-0.20653495,-1.4693964,-0.06393952,-0.2948385,0.9350187,0.023770342,0.2654687,0.71332955,-0.31316733,-0.53397614,0.45210022,0.13514277,0.19332373,-0.09099538,-0.067081176,-0.11528911,-0.14026982,-0.08162638,0.251213,-0.4453806,0.14477578,0.28650868,-0.0577031,0.05021919,-0.24172856,-0.25926292,0.29406956,-0.5923668,-0.4705061,-0.06407528,-0.9088071,-0.00735337,0.33087477,-0.009043939,0.17766525,0.15300268,-0.06941128,0.2054802,-0.00060921814,0.07240094,-0.42127803,-0.0058138766,-0.32664314,-0.24495721,0.21789487,0.14287663
352,neutral,-0.13015166,0.2972621,0.3559048,-0.068506815,-0.2095481,-0.17942041,-0.048967835,-0.07991477,0.02134886,0.23225431,0.19301552,0.20415877,0.08575621,0.022759805,-0.16304964,-0.3249841,0.05485819,-0.058443848,-0.44471663,-0.07035083,0.26322648,-0.040976524,0.08048397,-0.06946383,0.07352502,0.009196537,-0.52638626,-0.14744005,0.19386949,-0.053924315,-0.1164072,0.2458658,-0.05845111,-0.030293047,0.09448736,0.05114411,0.05405089,-0.1162226,0.072031066,0.023013292,-0.5485484,-0.28100276,-0.093627416,-0.25186947,0.43127823,-0.016729554,0.011461305,-0.15358435,-0.18840517,-0.47627756,0.15805069,0.2125937,0.1810878,0.79398835,-0.13690571,-1.5800915,0.021901019,-0.40964702,1.4539815,0.45324016,-0.21108766,0.3508145,-0.09795456,0.10671677,0.5417542,0.34462118,-0.072382,0.2496869,-0.0005462811,0.086768,0.2668658,-0.18514223,0.14961678,-0.08877766,-0.08480163,0.15911624,0.06378709,0.09300767,-0.7036887,0.17976765,0.5718498,-0.15720417,-0.161111,0.25027183,-0.66005385,-0.22288606,0.06817974,0.025479794,0.20569447,-0.21749984,-0.13443694,0.044939775,-0.07354241,-0.064662874,-0.18277875,0.13440499,-0.19851069,-0.047455076,0.3455158,0.13460954
353,neutral,-0.16599102,0.16026397,0.32814723,-0.17478067,0.050058447,-0.39294553,-0.10280601,0.22817323,0.005071342,0.06361217,0.089042395,-0.15730111,0.19688201,-0.008032051,-0.08890492,-0.23740591,-0.0050128265,-0.0698262,-0.24034092,-0.07837334,0.44005573,-0.145424,0.12528859,0.044416007,0.07469916,0.1644037,-0.14692995,-0.1423028,0.20132278,0.06489697,-0.116559304,0.14397115,-0.19678944,-0.03575663,-0.05297448,0.14947489,0.10515755,-0.0061385273,0.1191323,-0.08964004,-0.23300752,-0.33807877,0.10954118,-0.23258975,0.10951115,0.018573878,0.032853108,-0.077510685,-0.047115296,-0.8083075,-0.06254928,0.13326798,-0.045758724,0.8716254,-0.15602992,-1.7908306,-0.20915908,-0.11802593,1.6103055,0.2712856,-0.00064765423,0.25194046,-0.18855488,-0.02645143,0.49306995,0.057751603,0.13381281,0.03644483,0.18549047,-0.041682422,0.17853731,-0.23543967,-0.15857841,-0.3099002,0.1308648,-0.025072219,0.034143057,-0.024332438,-0.6725367,0.0870816,0.7698987,-0.03699435,-0.43152255,0.13376388,-0.7773793,-0.21944934,0.102771826,0.010050891,0.061401322,-0.29183844,0.034982156,0.040073186,-0.3032571,-0.22198541,-0.60351026,0.23789887,0.08031019,-0.11875094,0.5188851,-0.044191647
354,neutral,0.08827381,0.16535874,0.59931636,-0.21371694,-0.3476291,0.17961933,-0.04497758,-0.10435343,0.20737174,-0.052444335,-0.08836491,0.11935783,0.44265386,-0.067279264,-0.051361557,0.12699097,0.11349014,0.2135831,-0.3069114,0.3995092,0.16938198,0.14982565,-0.22142859,-0.6151393,0.19802335,0.4075809,-0.14273486,-0.34727186,0.14360833,0.0219014,-0.041881736,0.5155568,0.06586066,-0.08817188,0.096319295,0.17108278,-0.16578525,0.23107134,0.21241808,-0.37047383,-0.14274997,0.102745,0.0824852,-0.48257333,-0.11300795,-0.14428625,0.05089294,-0.09389716,-0.27201614,-0.693653,0.007904868,-0.14963113,0.19289419,0.78158724,-0.18530332,-1.6438242,-0.009843398,0.23485439,0.8040919,0.3097125,0.09006405,0.73053306,-0.36240715,-0.23226076,0.79831785,0.0587619,0.2852729,0.110442035,-0.23454177,-0.14594696,0.009981014,-0.1792879,-0.007482117,-0.0169917,0.1822361,0.20747475,0.054512296,-0.1439802,-0.36462298,0.075555906,0.44089967,-0.074548535,-0.20572513,0.04101917,-1.0552809,-0.09761348,-0.13280864,0.023980262,-0.22958024,-0.22232328,0.05267083,-0.04207827,0.006300971,-0.13423213,-0.4291938,-0.17072843,0.0076419143,-0.4132104,0.23910868,0.118812814
355,neutral,-0.0737286,0.31346974,0.22066835,-0.056020655,0.03182999,0.029114619,-0.09221726,0.19956516,0.13525563,0.060991734,-0.21449646,-0.054954935,0.32773104,-0.019583873,0.041273333,-0.116644844,0.01223552,-0.10847432,-0.37127098,-0.056206644,0.41612878,0.019051548,0.31154665,-0.018758465,0.030427217,-0.06924429,-0.026877733,-0.20175351,0.010405179,-0.045169733,0.069716804,0.105275206,-0.07922481,0.121240914,-0.12791248,-0.1692126,0.19557835,0.18257612,-0.10169534,0.10318232,-0.5036715,-0.21560161,0.23732354,-0.21953851,0.3356444,0.07001116,0.1993429,-0.12609963,-0.13469706,-0.54462856,0.0037538821,0.028732916,-0.041107155,0.85449815,-0.032028303,-2.0543647,0.024679396,-0.28603938,1.6314214,0.52444834,0.046551317,0.5669979,-0.023468733,-0.0501384,0.63163155,0.1750118,-0.04326916,0.015179588,0.4591313,-0.1287609,0.121478535,-0.28682706,-0.242781,-0.16002768,0.44285628,-0.021112354,-0.15771607,0.26120764,-0.7959669,0.09261531,0.7240717,0.03172455,-0.38614437,0.14503404,-0.9964939,0.056176048,0.063320264,-0.009499591,-0.16908465,-0.25740144,0.12845752,-0.006811301,-0.284376,-0.114909485,-0.5843357,0.3489028,0.034947515,-0.09387009,0.48530215,-0.08621487
356,negative,0.19071323,0.14055276,-0.13029523,-0.12073537,0.11799426,0.045727246,-0.20727691,0.37607214,0.21014085,0.2175398,-0.016649343,-0.029597227,0.15849502,0.21440715,0.06353368,-0.06683719,0.5135227,-0.089332454,-0.4262709,0.1773575,0.4347119,-0.0046609007,0.3031311,-0.07304743,-0.12228845,-0.004213356,-0.12711005,-0.46360418,0.35729462,-0.022929182,-0.17367962,0.052226722,-0.25065452,-0.19865552,0.10388145,-0.10857142,0.085414186,-0.20440353,-0.017659785,-0.064867,-0.6307698,-0.17296165,0.19546436,-0.20545809,0.17456913,-0.3149673,-0.0025465717,-0.39893523,-0.16447471,-0.6991457,0.13882856,0.112979054,-0.048947897,1.0138899,-0.01630827,-1.7517414,0.012693319,-0.59144175,2.067354,0.27174062,-0.38292667,0.42866704,0.09057001,-0.24017213,0.7481119,0.15763704,0.22812687,0.20918441,0.1426174,-0.06446132,0.40112296,-0.641684,-0.4415489,-0.21379915,0.109393045,0.08622717,-0.2944989,0.44558212,-0.95445526,0.18975675,1.0650027,-0.14481331,-0.0514951,0.21023762,-1.20448,-0.044847574,0.28285888,0.02108951,-0.16871446,-0.37849525,-0.30631465,-0.08966212,0.017307058,-0.06665934,-0.20191486,-0.26723748,-0.18665561,0.08169284,0.55680424,0.08359748
357,negative,-0.0011094672,0.27417958,0.21948457,-0.22401688,-0.020976588,-0.22922052,-0.31419656,0.12244987,-0.13076673,0.16624938,0.08076385,-0.16300121,0.22548015,0.055525262,-0.18599105,-0.1619012,0.04331073,-0.047186848,-0.26625362,0.02987663,0.2837685,0.018711815,0.093096,-0.16055167,-0.11293134,0.14801928,-0.048370052,-0.13471553,0.11974116,-0.25999162,-0.022545705,0.4067811,-0.25565052,-0.0825397,-0.0942369,0.24913721,0.045859106,0.1622771,-0.050092477,-0.108009696,-0.23759362,-0.18791354,-0.01540359,-0.26016638,0.03660904,-0.12513204,0.15358828,-0.08350798,-0.014741846,-0.6426402,-0.06071916,0.099583566,0.12138318,0.73084104,-0.22985364,-1.7746102,-0.06975123,-0.21330675,1.2239746,0.321548,0.16286725,0.17867962,-0.1945076,-0.16458933,0.51912695,0.1488915,0.25925016,0.25993252,0.13301507,-0.03626535,0.065832146,-0.0023396963,-0.118212305,-0.35595584,0.011245828,-0.096390866,0.026361497,0.030684808,-0.7188802,0.0806896,0.5598867,0.02218702,-0.32426584,0.076449476,-0.74713445,-0.089868166,-0.019209553,0.0059933807,-0.009288198,-0.50544775,0.0030353875,-0.19768742,-0.2403094,-0.16206588,-0.56692636,0.09438005,-0.013316126,-0.31291893,0.36125827,0.0960405
358,neutral,-0.22101724,0.31859556,0.32455212,0.025612544,0.04668166,-0.19820376,-0.24267465,-0.07525601,0.038515523,0.209641,-0.006158758,-0.039614063,0.13663867,-0.08591361,-0.0077472483,-0.08029081,-0.05464884,-0.106468506,-0.30220014,-0.0941196,0.33148813,-0.20367698,0.117128044,-0.10437865,-0.015051922,0.03617402,-0.084612906,-0.1974101,0.08319113,-0.25822154,0.06342404,0.17273706,-0.12879755,-0.078394674,0.04759612,0.035065703,0.039794073,0.11252938,-0.21755715,0.0034834987,-0.33059114,-0.19603992,0.18885483,-0.25982022,-0.09373532,-0.1837624,0.24653275,-0.17549261,-0.18752682,-0.6638821,0.10521294,0.011991497,-0.070388146,1.1146901,0.2111845,-1.9869788,0.17420077,-0.30783328,1.2237557,0.30424523,-0.14409551,0.2670376,-0.030540453,-0.19365169,0.7336496,0.1320001,-0.08469371,0.1376286,0.035734497,-0.032269277,0.2556776,-0.14403225,-0.30684417,-0.2429772,0.112568274,-0.02766589,-0.08171747,0.10197001,-0.7023441,0.106488146,0.505968,-0.040345505,-0.12178371,-0.00035839234,-0.962537,0.041648444,0.09705608,0.03797287,-0.13546644,-0.43685427,-0.090676166,0.07606711,-0.18211406,-0.0032648535,-0.29893863,0.051893614,0.2658759,-0.1449209,0.4453349,0.31366792
359,neutral,-0.15502211,0.030828668,0.15566291,-0.20654076,-0.10710169,-0.08256483,-0.10686083,-0.016222844,0.09601122,-0.014770675,0.025433643,0.006495046,0.12990306,0.008296995,0.07054201,-0.016816042,-0.096251205,-0.07525399,-0.34237403,0.14785264,0.1688865,-0.080316,0.0016121025,-0.2438908,-0.06984063,0.08203509,-0.068267874,-0.10098402,0.10045177,-0.055780612,-0.0734777,0.16587113,0.0111025665,0.04804333,-0.11149046,0.22925365,0.003463539,0.041254178,0.003015018,-0.102174416,-0.38921863,0.05927054,0.14903101,-0.08608209,-0.09323711,-0.29323462,0.13943444,-0.046164203,-0.09339675,-0.5647584,0.0026586088,0.07576408,0.22079222,0.5793003,-0.24148843,-1.4266704,0.12875722,-0.04770038,0.7550482,0.25096858,-0.117710225,0.37973306,-0.15228522,-0.31268176,0.4071727,-0.056459032,0.24227479,0.33135465,-0.18069422,-0.09833387,0.1423697,-0.22147432,-0.17435719,-0.51116115,0.06102219,0.17278598,0.023103312,-0.08768202,-0.59010893,-0.03757711,0.37335226,-0.25265792,-0.20418376,-0.13889042,-0.8689836,-0.16132316,0.056714013,0.047227252,-0.0046014967,-0.24880733,-0.08975449,0.041698854,-0.094658345,-0.0016611248,-0.29977342,0.025492962,-0.18455227,-0.28547254,0.11927781,0.17742568
360,negative,-0.102079004,0.039515715,0.28001347,-0.15005822,-0.05165239,0.052379712,-0.113644786,0.08589799,-0.008816167,0.26275462,0.05887775,-0.15390427,0.062131625,0.10111907,-0.13359258,-0.12164107,0.18866423,-0.09298824,-0.34521437,0.028074337,0.2702427,-0.14446491,0.104391724,-0.041222323,0.04744678,0.0039403,-0.1912855,-0.15652138,0.1432443,-0.06327951,-0.035194404,0.30648166,-0.15457241,0.041257095,0.023948079,0.012144523,-0.0012462488,0.09651672,0.22786105,0.07362921,-0.18551067,-0.27978855,0.16383202,-0.2134103,0.061443657,-0.08633701,0.009797004,-0.01970003,-0.021714026,-0.5765798,0.06387834,0.0863056,-0.022243455,0.9340164,-0.029750379,-1.7278115,-0.055690743,-0.009307328,1.343408,0.19406898,-0.1426488,0.42397603,-0.15436561,0.034124184,0.46982715,-0.01846043,0.10005218,0.19625704,-0.037873764,0.04711879,0.097871095,-0.3339143,-0.054806955,-0.35766345,0.14862426,0.101674154,0.006326884,0.16769955,-0.6473565,0.13213666,0.6164861,-0.018012762,-0.09247695,0.004844201,-0.8610011,-0.1764433,-0.044424776,0.12697108,0.034435585,-0.25834602,0.120570466,-0.11703791,-0.21639597,-0.051494256,-0.42983305,0.09101982,-0.14106925,-0.0017371918,0.3494336,0.050044686
361,neutral,-0.59537,-0.32836,0.58577,-0.74072,-0.09532,-0.74893,-0.28176996,0.52217,0.31904,0.083793,0.50095,0.10168,0.31447,0.26187,-0.11273,0.76669,0.044041,-0.58808,-0.51672,-0.14013,0.24544,-0.678,-0.24864,0.87743,-0.64057,-0.62382,0.36739,-0.20344998,-0.50641,0.52411,0.28528,-0.11386,-0.47109,0.26002,-0.46366,0.27499,0.06741,0.31625,-0.22564,0.029032,-1.3492,0.19262001,-0.66144,0.20876,0.24751,-0.33938,-0.18857,-0.88209,-0.46367,-1.3514,1.2399,-0.080302,0.14926,0.70604,-0.50818,-2.225,-0.20132,-0.33361,1.8033,0.066711,-0.49835,0.027327,-0.30272996,-0.60213,0.4461,-0.4295,-0.091883,0.57811,0.58537,0.4652,0.11657,0.36907,-0.3127,-0.35623,0.30122,0.35685,0.043412,0.054971,-1.9139001,-0.094874,0.59941,0.60765,-0.64818,-0.39301,-1.1928,-1.3394,0.54517,-0.33547,-0.20778,-0.020578,0.63703,-0.41109,-0.12349,-0.29479,-0.032713,0.83004,-0.0063338,-0.46121,0.52141,0.16243
362,neutral,-0.05380657,0.35825032,0.29359078,-0.24356754,0.2539513,0.085842974,-0.07524149,0.2999228,-0.19134483,-0.034460027,-0.035110056,0.002398036,0.24974178,0.12613429,-0.06808105,-0.09498898,0.20849735,-0.21364035,0.00079086656,-0.050510667,-0.036322985,0.12228475,0.052042786,0.24164593,0.33330238,0.080105424,-0.052209653,0.25841692,0.41774753,-0.060455367,0.018111745,0.28225872,0.005894314,0.010301351,0.19874966,0.09138408,0.13632637,0.22663783,0.113039136,-0.08974125,-0.1653056,-0.24510452,-0.385117,-0.011619722,0.27313268,-0.22630216,-0.058743794,0.055185057,0.20866285,-0.28229186,0.077185825,0.06184559,0.1250987,0.7972962,-0.29037228,-1.9777167,-0.09238752,0.127275,1.284401,0.31235605,-0.15631667,0.41781086,-0.288999,-0.17231557,0.69372684,0.19055246,0.23173143,-0.14874364,0.40597367,-0.100616194,-0.045221493,-0.116277754,-0.08494613,-0.30747697,0.16165139,-0.07662093,0.08378041,0.027350683,-0.26127085,-0.091016926,0.52027667,0.13299559,-0.30334678,0.047472097,-0.72089833,-0.1201117,-0.14072978,-0.1901349,0.26171616,0.15125997,0.017263325,-0.08561,-0.19257039,-0.1067231,-0.51807326,-0.16628802,-0.17829496,-0.034449514,0.46036783,0.19678652
363,negative,-0.14806618,0.043991692,0.32603404,-0.24421565,-0.20820162,0.1153664,-0.18334837,-0.14669302,-0.050095554,-0.05787611,0.113025874,0.07686889,0.09411272,0.07916528,-0.11457262,-0.06675649,0.16980787,0.30010456,-0.3517717,0.4447199,0.3616771,-0.16002718,-0.067559496,0.01338745,0.23293221,0.39804307,-0.22425613,-0.27423143,0.25082058,-0.04430177,0.0010554706,0.35459015,-0.109956704,0.02517998,0.014305623,0.15953931,-0.17746109,0.21144858,0.10847215,-0.19899045,-0.04343703,-0.00047847288,-0.034492448,-0.19847046,-0.20410703,-0.07296392,-0.028250085,-0.073001064,-0.09123721,-0.4397131,-0.07260747,-0.20785575,0.06232755,0.655666,-0.13141468,-1.3967148,0.14711118,-0.06902731,0.7755821,0.25341305,0.15934707,0.45098323,-0.15571365,-0.056056134,0.4539574,0.012650664,0.36724186,0.2892572,-0.15612923,-0.18874526,-0.08585995,-0.13856904,-0.24082589,-0.36532757,0.11098179,0.20127092,-0.08213248,-0.12350812,-0.4490542,0.116147906,0.38724497,0.11200866,-0.21190417,-0.098994285,-0.7395623,-0.03127913,-0.05991566,-0.09605771,-0.059610907,-0.21763557,-0.0055938265,-0.28101104,0.0884286,-0.026153322,-0.40903342,-0.25119594,0.100930884,-0.19079623,0.22242814,0.102947146
364,negative,0.35058293,0.4275863,0.12009321,-0.21754543,0.031438448,0.24420078,-0.64326173,-0.29674408,0.057110716,0.38736907,-0.17932773,-0.17141019,0.5072436,-0.013942297,-0.29470837,0.12052707,0.17252111,-0.052699357,-0.837942,0.07112957,0.25520858,-0.1466922,0.64728874,0.13512899,0.046468202,-0.085153006,-0.11970416,-0.29004902,0.44439107,0.17992695,0.1281595,0.1730606,-0.23779513,-0.06626833,-0.1132779,0.06330858,0.18799594,0.044637293,-0.6809029,-0.02070792,-1.0080755,0.11454792,0.14124645,-0.14793764,0.23420165,-0.6208659,0.6000137,0.16219181,-0.22489436,-0.73857147,0.040911194,0.29053187,-0.18683948,0.78215235,0.18494537,-1.6580902,0.29057306,0.06658754,1.4517632,0.34644663,-0.030270314,0.1253269,0.032701284,-0.47839683,0.7296701,0.13034411,-0.023086933,-0.0043846914,0.31889924,-0.18518442,0.2883303,-0.35654017,-0.24630547,-0.16699055,-0.13567924,-0.3810453,-0.015516822,-0.053761445,-0.6528729,0.32469875,0.5781452,-0.1076285,-0.13675903,0.4460414,-0.8734222,0.22373885,-0.41213343,0.22426704,0.41227132,-0.29465267,0.030203737,-0.19121629,0.15084566,-0.022945,-0.58582795,-0.30695194,-0.08966664,-0.5233315,0.27702963,0.38502422
365,neutral,0.023464538,0.49116087,0.55377036,-0.18287165,-0.20199125,-0.34203026,-0.105050564,0.12345366,0.017720848,0.21536371,0.09198329,-0.08173318,0.09273281,0.08349525,-0.16472054,-0.28380382,0.10277706,0.15905611,-0.6098518,0.057105824,0.25971988,0.00927775,0.083731115,0.17741823,-0.016255658,0.09230867,-0.21776365,-0.15468827,0.35713798,0.043730948,-0.2439481,0.44796383,0.023625052,-0.058982763,0.25056478,0.14885232,0.060241897,-0.017810354,0.006027051,-0.050399125,-0.39121568,-0.13597076,0.2821148,-0.41815326,0.09906681,-0.34350118,0.16899362,-0.28433412,-0.08516563,-0.7751368,0.2320676,0.31297663,-0.014496188,0.9505854,-0.1320792,-1.9817605,0.2299821,-0.20496537,1.4264761,0.36043364,-0.02642435,0.48682952,-0.1768219,-0.04288495,0.5946613,0.32254773,0.1847037,0.392159,-0.082727484,-0.06482834,0.42510512,-0.45708835,-0.15147205,-0.15227875,0.05229848,-0.040160675,0.01068113,0.13329823,-0.88216794,0.16981368,0.81294626,-0.1003161,-0.42171448,0.103451975,-1.2054948,-0.12937464,-0.03363483,0.19178699,-0.1671224,-0.22246078,0.044577323,-0.043063022,-0.11615664,-0.10859381,-0.6699976,0.13031577,-0.010279028,-0.046440057,0.3540946,0.20310822
366,neutral,-0.10182241,0.24218628,0.28364334,0.016654711,-0.06552746,-0.11593444,0.053646058,0.32865334,-0.3680762,-0.05681489,0.17567152,-0.04134375,-0.050530188,0.11336051,0.23665665,-0.30031574,-0.17751025,-0.036365017,-0.24897818,0.068688914,0.56279856,0.1344594,0.19527324,0.13552351,0.3556682,-0.19653432,-0.05653528,-0.26181662,0.27976617,0.011639068,-0.12652166,0.37085235,-0.07458782,-0.1531714,0.06323269,0.2299922,0.10678223,0.012413231,-0.10880778,-0.08181283,-0.23010859,-0.40314978,0.18173936,-0.07525347,-0.029233446,-0.21673654,0.11681339,-0.46743086,0.12168573,-0.7144952,-0.0050323205,-0.17223254,0.07452635,0.8400761,-0.21197252,-2.1150339,-0.24099877,0.04204605,1.6290786,0.33210155,0.007085063,0.36133942,-0.3244963,0.13620254,0.38353333,0.06891804,-0.09983542,-0.10968633,0.24606739,-0.15678573,-0.11559513,-0.22893013,-0.14897236,0.02576715,0.19328037,-0.040092845,-0.14646836,-0.06818023,-0.52415705,-0.046162535,0.51705724,-0.023981633,-0.33028662,-0.09782162,-0.8658874,-0.18026692,0.04518314,-0.056899037,-0.048611984,-0.21658431,0.0045149513,0.0742644,-0.1531043,-0.036904987,-0.675417,-0.011769489,0.043757003,-0.10203627,0.58558124,-0.09747044
367,negative,0.112068765,0.11611754,0.50780225,-0.0902726,-0.31442747,0.1195823,-0.28873247,0.10944179,0.0146327,-0.09230353,0.09737332,0.08780213,0.1364793,-0.11413961,0.030624857,-0.063637756,-0.060685515,0.2613114,-0.3418113,0.29181486,0.4128173,0.0941278,0.14634393,-0.31049082,0.010175131,0.101849765,-0.1683987,-0.5501304,0.14396083,-0.17591587,0.019367052,0.38353786,-0.032028712,0.010621429,0.036529277,0.15850678,-0.11985357,0.058912303,0.22809288,-0.19583142,-0.4127155,0.008255754,0.09407304,-0.4343364,-0.09277091,-0.1416423,0.23087052,-0.34131432,-0.15675074,-0.7833146,0.15346648,-0.23591578,0.115845054,0.8971574,-0.12756784,-1.8114247,0.21366571,-0.14658156,1.301072,0.37603873,-0.00059076014,0.5722326,-0.24356607,-0.1285361,0.68820053,0.19989237,0.4489727,0.13279763,0.053388853,-0.20728844,0.20799771,-0.44079432,-0.087100156,-0.1231421,0.018966435,0.13291636,-0.068723805,-0.057433322,-0.5569088,-0.14052872,0.4520545,-0.05966468,-0.38746017,-0.13053696,-1.1908773,-0.14070143,-0.16624656,-0.08776305,-0.11055995,-0.2788571,-0.26485044,-0.012833098,-0.14429985,-0.06308752,-0.39449582,0.011424218,-0.09197353,-0.25268632,0.383054,0.10080899
368,negative,-0.13952279,0.28232434,0.27170774,0.043782994,0.08068792,-0.11822351,-0.1685519,-0.043811575,0.02727489,0.07589692,0.08119242,-0.051470637,0.039331194,0.099929474,-0.03240501,-0.123645835,0.2628005,-0.086953476,-0.40982866,0.166614,0.1352683,0.01783051,0.15550323,0.021659773,-0.015858565,0.016413819,-0.15110146,-0.33818114,0.32551196,-0.11532348,0.011584284,0.2422122,-0.16287805,0.05070002,0.008265076,0.23335567,0.10007655,-0.055706892,-0.12806304,-0.009776611,-0.40240246,-0.24977532,0.16837145,-0.1788516,0.24875294,-0.08223081,0.09014027,-0.037740745,-0.17806491,-0.43683636,0.072263576,0.27808005,0.017696815,0.8023456,-0.0881914,-1.8651474,0.031338133,-0.3359118,1.2740359,0.42532706,-0.095718704,0.22837947,-0.11926947,-0.14316072,0.5764563,-0.0093974965,-0.038278952,0.20368576,0.14658736,-0.038105488,0.117523745,-0.17508656,-0.22501987,-0.27166048,0.18580249,-0.06288694,-0.0395503,0.0859182,-0.7037424,0.105069086,0.66473514,-0.073513776,-0.32418677,0.14330283,-0.91210836,-0.18101358,-0.006561787,0.27142692,0.045593344,-0.40889546,-0.04575532,-0.09537581,-0.112674095,0.029152233,-0.45420688,0.08904366,-0.05314632,-0.27572048,0.32673252,0.14288051
369,negative,-0.12523235,0.16627134,0.2864637,-0.0007753891,0.020848284,-0.32035977,-0.19249319,-0.11224481,0.13361849,0.039734893,-0.050021645,-0.10218174,0.26114532,-0.04567342,-0.13636492,-0.11598014,0.13296008,0.0047446764,-0.4249344,0.034330405,0.14059135,-0.26850328,0.044478722,-0.19006126,0.120552994,-0.0663091,-0.076957576,-0.20321083,0.16879708,-0.09521367,-0.017944777,0.44196525,-0.07985205,-0.036949567,0.017197078,0.039826084,0.22731353,0.018890535,-0.15238322,-0.1848851,-0.49321738,0.028980985,0.14740956,-0.21359102,-0.16479449,-0.1265214,0.27194667,-0.10752608,-0.19599946,-0.7140983,-0.03486375,0.04309609,0.029696198,0.839466,0.0560806,-1.8890241,0.10675311,-0.27718976,1.2765577,0.29386273,-0.11793151,0.4526403,-0.35623863,-0.3507013,0.6378788,0.12898223,0.08634413,0.29330334,-0.031792663,-0.30731755,0.21316831,-0.1526318,-0.31807977,-0.39470005,0.20209765,-0.14982793,-0.084372625,-0.060201347,-0.7236371,-0.006333301,0.49923053,-0.029853621,-0.30381826,0.04081846,-1.0969688,0.020465372,0.0034190654,0.08879569,-0.18655382,-0.28857836,-0.06433966,0.07108957,-0.24228567,-0.17967488,-0.32444566,0.1824767,0.024735551,-0.23382337,0.42069912,0.18726641
370,negative,-0.012599164,0.37200516,0.28935775,-0.3263252,-0.51582175,0.35762528,-0.33133665,0.24912184,0.027920403,-0.111223504,0.12941107,0.03931417,0.04687725,0.10377853,0.08869571,-0.3195352,-0.08839404,0.36738268,-0.40608075,0.35410845,0.120416805,0.050445054,0.01896902,-0.10537915,0.07234139,0.13424388,-0.23765491,-0.46834868,0.32818872,-0.24869998,0.027149372,0.38160664,-0.014188125,0.08503715,-0.046350647,0.24683082,-0.08134855,0.14578198,0.22944818,-0.2768153,-0.13430817,-0.047815535,-0.21000507,-0.46814066,-0.2620941,-0.1330921,0.020252598,-0.098984644,-0.10222459,-0.93853235,-0.086677894,-0.05319304,-0.080529094,0.9161374,0.092607275,-1.8591975,0.16734391,-0.004554664,1.4102383,0.24403304,0.079910964,0.5993239,-0.4329351,-0.08863306,0.64985394,0.30132133,0.41778913,0.079262555,0.018302022,-0.26722062,-0.040107746,-0.22614455,-0.0020120868,-0.30492133,0.13363187,0.10688144,-0.18399976,-0.039476693,-0.39308754,-0.062116846,0.56530476,-0.012467687,-0.49939904,0.0022465414,-1.4380554,-0.12884577,0.030397633,0.024077492,-0.32412016,-0.22617723,-0.024181554,-0.10252782,0.18511201,-0.08830552,-0.40651026,-0.14105253,0.1423925,-0.20652829,0.36880955,0.09319231
371,neutral,-0.4714079,0.12784378,0.20030136,0.25975305,-0.1398848,-0.043227248,-0.30724436,0.07874764,0.19116025,0.2865099,-0.4153956,0.025753329,0.2357906,0.12246215,0.015338946,-0.23761429,-0.1754281,-0.2320865,-0.5574846,0.1392402,0.29146266,-0.1674618,0.2060917,0.017188122,0.05491999,-0.20584966,-0.20209457,-0.17055607,0.3340993,-0.0036480415,0.013393032,-0.13490093,-0.038953714,0.06462436,-0.0540133,-0.12314432,0.37736556,0.10345326,-0.059093468,-0.044063654,-0.6408111,-0.09832798,0.19084288,-0.39424744,0.26542276,0.08061007,0.20946954,0.04831825,-0.30917597,-0.3992978,0.07433714,-0.026650298,-0.005488647,0.9869466,0.06631132,-1.7049439,0.06798975,-0.29770616,1.4061949,0.28841898,-0.044302847,0.2854182,-0.094728604,-0.29342175,0.82594323,0.14580788,0.06499786,-0.05280231,0.010052789,-0.07627192,0.24929665,-0.47556344,-0.37792036,-0.2979326,0.34083173,0.120907374,-0.102382794,0.31535277,-0.5194282,0.16871896,0.6271155,0.20303853,-0.17741911,-0.02018315,-0.61518174,-0.07339318,0.16505972,-0.119950876,0.028627396,-0.54925674,-0.086410664,0.05596776,-0.27460906,0.09158682,-0.30290624,0.22610058,-0.036794394,-0.12760133,0.5462364,-0.0046722344
372,neutral,-0.023619276,-0.0106649045,0.13059738,-0.20104323,-0.0110812215,-0.20826674,0.19667834,0.34091786,-0.15328194,-0.1813997,0.021976616,-0.1949545,0.089021705,0.15516652,0.10897935,-0.11904695,0.20655891,-0.08739424,-0.53810245,0.23227802,0.35221776,-0.10684333,0.26874143,0.37361073,0.34827015,-0.077305615,-0.11677323,-0.44059378,0.5561144,-0.09947633,0.05928688,0.49252275,-0.17110705,0.09084143,-0.17164436,-0.02312808,-0.0984171,0.11647573,-0.04640331,-0.1770716,-0.33240286,-0.27062646,0.29910952,0.014212172,-0.01121391,-0.180889,0.16837077,-0.28387114,-0.058906455,-0.7750576,0.2753251,-0.061997868,0.09542997,0.9756425,-0.34019327,-2.2377627,-0.2128514,-0.13427149,1.3782983,0.4146583,-0.16922665,0.74343765,-0.049336854,-0.34601793,0.5211509,0.29219148,0.1940298,0.38319096,0.07028325,-0.120436355,0.11355049,-0.1655352,-0.43526638,-0.17822789,-0.13628139,0.18042116,0.02895159,-0.04790176,-0.88720775,-0.00092848943,0.47864506,-0.054577533,-0.2748226,0.025100779,-0.864599,-0.29596242,-0.08972208,0.00089770404,0.080695584,-0.3266708,-0.00086798746,0.025899768,0.19490385,0.01067469,-0.78654206,0.21440937,0.27075106,-0.08842214,0.24739797,0.14356919
373,neutral,-0.19033924,0.13762696,0.188185,-0.19876046,-0.3314318,-0.009900031,-0.24012205,-0.065410286,-0.06673343,0.28938472,0.052960586,-0.032832902,0.30624518,-0.012616719,-0.020397699,-0.087223165,-0.0005913467,0.024969999,-0.53385806,0.31465578,0.24353705,-0.1373629,0.05278345,-0.13731821,-0.067883156,0.09265908,0.064187594,-0.31972504,0.25453985,-0.12516107,-0.08089629,0.3422559,-0.115394704,0.002133704,0.09316245,0.10401596,-0.123595655,-0.048132803,0.049029075,-0.0064148563,-0.4305386,-0.0949949,0.20058347,-0.06976803,0.138692,-0.2049557,0.028566107,-0.22720642,-0.2775277,-0.6489693,0.120733194,0.069343045,0.07219918,0.81669295,-0.13070957,-1.3637875,0.14222,-0.2153535,1.3201541,0.19723922,-0.046636134,0.54844755,0.033221677,-0.23887245,0.5950334,0.046075556,-0.019559292,0.32893336,-0.09888756,0.061403617,-0.023232402,-0.36622387,-0.24955148,-0.2721693,0.064953774,0.086620234,0.08012014,0.0037335134,-0.6154722,0.2182095,0.6038585,-0.14123677,-0.22649945,0.017427564,-0.8687493,-0.15758084,0.098320946,0.13383844,-0.04809048,-0.31385848,-0.09491066,-0.12322905,0.03558852,-0.048629478,-0.32160982,0.15549096,0.17081255,-0.08739598,0.2605945,0.06682358
374,neutral,-0.020945502,-0.101909585,0.22551039,-0.106486574,0.06574508,-0.33831877,-0.0047491686,0.2928609,-0.08686873,0.060957007,0.19308385,0.008118436,0.23613365,-0.024978446,0.2285989,-0.3164068,0.17789039,-0.3302876,-0.37385088,-0.11643101,0.6115443,-0.09345671,0.19283293,-0.022320447,0.27726308,-0.1768629,-0.40644452,-0.006926094,-0.033065103,-0.090584345,-0.364972,0.15597187,-0.054106727,0.20919335,0.056939453,-0.022475068,0.022901492,0.20095001,0.054782894,0.22310518,-0.43435028,-0.56538343,-0.11667806,0.028649291,0.36747262,0.1723277,-0.04842445,-0.36530358,0.09348689,-0.23706052,0.5120616,0.022719523,0.071025,0.8646089,-0.19697435,-1.7693434,-0.055862725,-0.22795342,1.9494752,0.65760124,-0.49144936,0.38782296,-0.12394126,-0.11052021,-0.07979099,0.18747252,-0.06646357,0.048524667,0.34353402,0.0969529,-0.2189727,-0.20915928,0.3898993,-0.2338243,0.22951606,0.1162798,-0.004200988,-0.0004077296,-0.7084746,0.026725275,0.48996392,0.13236521,-0.21437071,0.17466176,-0.8986597,-0.33179626,0.24898604,-0.11585803,0.08223309,-0.1573839,0.12706366,0.21109504,-0.272443,-0.15360422,-0.36380872,0.4142155,0.034236345,-0.22799428,0.4156839,-0.0394347
375,neutral,0.19447738,0.31257895,0.43138418,-0.41411442,-0.451646,0.18035842,-0.211271,-0.22865972,0.17382134,-0.19148417,0.06326404,0.35105002,0.452276,0.022104127,-0.1005333,-0.14056247,-0.10194048,0.37279642,-0.6446546,0.31214195,0.36840007,0.030875532,-0.018954288,-0.307348,0.13976751,0.15272227,0.02485927,-0.8121734,0.11926167,-0.10172411,0.3254494,0.7953858,0.23351446,0.10755749,0.15564394,0.039511815,-0.16156952,0.32954174,0.23782139,-0.23331268,-0.4472747,-0.03945918,0.5232647,-0.6763141,-0.6022187,-0.34018764,0.34002057,-0.30910257,-0.22936961,-0.70018196,0.5417027,0.143938,0.030153703,0.85266614,-0.23141444,-2.2086067,0.07352215,-0.14041188,1.7598997,0.62668425,-0.17467421,0.76762277,-0.2688676,-0.061081167,1.1263026,0.15691537,0.59264886,0.453508,-0.6224734,-0.073042236,0.13368845,-0.062209293,-0.022531483,-0.455965,0.36354902,-0.14536864,-0.23714747,-0.22132286,-0.57174474,0.011292155,0.4208643,0.057652287,-0.61657465,-0.15384746,-1.3935211,-0.45570335,0.06914448,0.26971313,-0.19718494,-0.48435876,-0.23350891,-0.50471574,-0.10747425,0.052572787,-0.1174765,0.23964086,-0.047300555,-0.35773274,0.3287429,0.11722666
376,neutral,0.15349907,-0.03897198,-0.17091903,-0.5538037,0.71403944,0.22619615,-0.28487608,0.08483079,-0.4400287,0.038578786,-0.04376718,-0.4284483,0.31882593,0.091868855,0.052400224,0.46763632,0.11132992,-0.13531004,0.15066789,-0.14619516,0.34561932,-0.08802383,0.29371873,-0.6652123,0.42421272,-0.25013614,0.2389235,-0.09983994,0.55333847,0.21584396,-0.1549839,0.42679447,-0.19640513,0.40723822,-0.18540622,0.14661448,0.1628144,0.122537225,-0.06444477,-0.59130216,-0.15215848,-0.09536453,-0.2657448,0.21660776,0.13638447,-0.20642062,-0.014658569,-0.073405355,0.47512174,-0.07879071,0.012555146,-0.13317311,0.37546375,0.4945026,-0.40086862,-2.46243,-0.3719976,-0.15525508,0.6819039,0.53290296,0.17614965,0.84010184,-0.4262301,-0.038581695,0.928038,-0.18108088,0.2564112,0.18697518,0.3868372,0.031986486,-0.09281245,-0.05118187,-0.43465558,-0.2118433,-0.24943794,-0.22864611,0.43010297,0.027870396,-0.44459963,-0.16402929,0.011354131,0.050689247,0.57257146,-0.06246087,-0.9069169,-0.21336445,-0.2966349,-0.24846809,0.13466825,0.06820432,0.026278883,-0.222415,0.25231537,0.21131192,-0.30357918,-0.18639658,-0.26564693,-0.043597832,0.59653527,0.15688941
377,neutral,-0.11816081,0.12659249,0.5989497,0.08227402,0.09292342,-0.45419568,-0.32214996,0.04567119,0.08432573,0.49446228,0.18917228,-0.27050665,0.28104106,0.20579942,-0.13425882,0.071052656,0.24536243,-0.19676068,-0.6854543,0.1335296,0.21048526,-0.15227458,0.25287154,0.08761584,-0.50652295,-0.057437405,-0.061987113,0.060654864,0.28944644,0.09464281,0.028521784,0.33373898,-0.36026022,-0.10275127,0.2938381,0.080506735,0.058456235,0.11923482,-0.054709535,0.057368305,-0.47450766,-0.09807267,0.17302708,0.04633042,0.29437417,-0.454011,0.1619026,-0.236255,-0.29048216,-0.6463905,0.44705144,0.2194087,0.017334247,1.1383035,-0.10551612,-2.0140514,0.13002999,-0.4154565,1.6214385,0.39035648,0.030857796,0.13863058,0.015127179,-0.028635472,0.6116199,-0.096362375,-0.20176193,0.5102598,0.2850194,0.37252697,0.40183508,-0.5227349,-0.15957381,-0.3575364,0.25131634,-0.0013329145,0.028377123,0.07919597,-1.0368756,0.03361222,0.89757913,0.004354847,-0.26448452,-0.13235302,-1.1635178,-0.06316633,0.28491816,0.44185987,0.09002901,-0.18840411,0.16403222,0.001887681,-0.058766566,-0.284185,-0.49554843,0.1001805,-0.20724082,-0.31545216,0.29578763,0.20871316
378,neutral,-0.034259837,0.09241276,0.53497654,-0.47519386,0.006158935,0.0508196,-0.03256802,0.2537328,-0.13464992,0.0047685085,0.31012344,0.040438075,0.26240957,0.14932461,0.017645,-0.38914707,0.10125512,0.06782539,-0.17715797,0.31109244,0.3879472,0.121343754,0.23378767,0.06389474,0.14089124,-0.08335034,-0.45163998,-0.35994238,0.431471,0.016599238,-0.32946813,0.220135,-0.054193355,0.19242358,0.30887353,0.11948203,0.030585485,0.34286174,0.18206944,-0.43330956,-0.32131594,-0.14562568,0.04067386,-0.06775174,0.16024566,0.0041036583,0.049444627,0.023990523,0.41707817,-0.6162235,-0.20575495,0.098543085,0.22404094,0.69285977,-0.14594963,-2.0816977,-0.44876668,-0.24913462,1.2070888,0.77443886,-0.23358543,0.748125,-0.3123996,-0.08948931,0.22003847,0.17981064,0.14299375,0.2043782,-0.13079515,-0.13723405,-0.15723753,-0.19859171,-0.17912398,-0.2626283,-0.031145051,0.15160005,0.06859752,-0.06991963,-0.43101683,0.032789543,0.5464829,0.07091456,-0.3034768,0.14908317,-0.8583361,-0.3885037,-0.08366718,-0.14396796,-0.2969938,-0.0546454,-0.099552765,-0.01175042,-0.05168421,-0.037195057,-0.5299362,0.12301128,-0.1983635,0.0057611717,0.42759174,0.1751358
379,negative,-0.021043677,0.21737063,0.13476583,-0.2149233,-0.008750715,0.20889437,-0.06844991,0.19716062,-0.099781886,0.23565409,0.0338976,-0.039928343,0.22902739,0.30718818,-0.03223818,-0.15142456,0.13162239,0.029373406,-0.44175157,0.2345952,0.356761,-0.25387886,0.10697393,0.004759352,-0.021225575,0.014581129,-0.26433674,-0.29808584,0.16890416,0.08265197,-0.13502584,0.385375,-0.0561636,0.013973618,0.123716705,0.055304263,-0.1718446,0.12104375,0.26188973,0.03633996,-0.32403946,0.027238987,-0.11436145,-0.22736824,0.24470644,-0.06314186,-0.08960121,-0.17590092,-0.14590745,-0.4804386,-0.115887284,-0.061215885,-0.110504,0.81886977,-0.10721645,-1.718264,-0.17780352,-0.14759661,1.3946713,0.3915026,-0.005856735,0.44979224,0.028412523,-0.10475014,0.50072265,0.010909646,0.17304724,0.1970245,0.024033193,0.0824054,-0.030658703,-0.25820985,-0.22453542,-0.25919756,0.105193414,0.21917903,0.041491024,-0.023996955,-0.54937536,-0.13170776,0.6044455,0.040050097,-0.30411452,-0.12470618,-0.99693877,-0.2069811,0.13945769,-0.054289334,-0.055071328,-0.124557436,0.007952676,-0.10713685,0.009254868,-0.16167922,-0.44795233,0.07801731,-0.101391435,-0.18117349,0.19281724,-0.0013337781
380,negative,-0.013350593,0.2348928,0.29966885,-0.146888,0.09292334,0.011671337,-0.054922193,0.13660513,0.17977214,0.06504242,-0.07353021,-0.020936025,0.16771086,0.20796137,0.051585,-0.11748815,-0.054056074,-0.12957956,-0.5715231,0.13248591,0.38468948,0.07515375,0.24232192,0.022406561,0.1505739,-0.16345115,-0.18611184,-0.4265305,0.26587927,-0.120115705,0.074654594,0.30641273,-0.004388042,-0.015880354,-0.03275813,0.14827658,0.109762214,0.055120744,-0.09388263,-0.06363807,-0.55309004,-0.069756776,0.36454993,-0.2122121,0.021037897,-0.23485827,0.21747346,-0.17256075,-0.12458565,-0.66541165,0.11238186,0.011490204,0.22191542,1.0505645,-0.21819419,-2.067727,0.059701633,-0.29912135,1.4717938,0.4222853,-0.15462057,0.55352384,-0.05121814,-0.13216722,0.6777462,0.10897225,0.26481372,0.34578735,-0.12495258,-0.0052509303,0.14276078,-0.4524975,-0.41431803,-0.22557935,0.020709809,0.034810595,-0.119906545,0.19501983,-0.83308595,0.11926716,0.718454,0.06961206,-0.32973656,0.19513588,-1.0847222,-0.049938574,0.038971756,0.09395863,-0.10447075,-0.35556087,-0.055334985,-0.020603063,-0.14021586,-0.039618973,-0.54094803,0.046727054,-0.07209585,0.08198683,0.52703774,0.18817541
381,neutral,0.099619895,0.52934223,0.80173254,0.05356682,-0.17503022,-0.02235029,-0.07659553,-0.78995806,0.19394407,-0.15162931,-0.21452932,-0.068157256,0.0957457,-0.058523003,-0.3110618,-0.1058841,0.2760104,0.2490419,-0.5202013,-0.017341044,0.32221064,-0.094456345,0.07139276,-0.36225137,0.5053081,-0.051249165,0.16823778,-0.81738,0.09646656,-0.016950827,-0.35663337,0.31518582,0.029305287,-0.039154973,-0.2619801,0.10377686,-0.183838,0.381653,0.33766514,0.03150182,-0.8381608,-0.350494,0.071035944,0.16151965,-0.28618926,-0.4045905,0.14093153,-0.2465258,-0.56228554,-0.84010106,0.30614036,0.10614398,0.23934221,0.8492057,-0.09188853,-1.9801494,0.0077683097,-0.40779224,1.7657392,0.57287747,0.07297803,0.6734001,0.23455393,-0.412687,1.0947151,-0.5212314,0.2151203,0.5031067,-0.1415423,0.32768372,-0.12723012,0.12124264,-0.46881455,-0.08832043,-0.09044945,0.29822227,0.11747433,-0.1320159,-1.0871274,-0.27604806,0.3498999,-0.30939022,-0.004826752,0.05358568,-1.3647023,-0.3984427,-0.2143864,0.35297322,0.1308481,-0.8077489,-0.27433634,0.0120343445,-0.160898,-0.05552829,-0.5054187,0.2612658,-0.26406524,-0.33502945,0.38258088,0.61441416
382,negative,-0.22954778,0.28667432,0.16590561,0.006435888,0.089097835,0.051047258,-0.26500338,-0.024041144,0.079918064,0.19792213,-0.28703728,-0.08599953,0.21651827,0.01262199,-0.019427622,-0.093286835,0.0052595832,-0.112990744,-0.3638679,0.054471806,0.35953772,-0.10930392,0.23624982,-0.05794714,0.095715664,-0.16336073,-0.021208124,-0.34189513,0.09876414,-0.06629437,0.0141464155,0.32185045,-0.1552634,-0.07205485,-0.02354415,-0.0044196416,0.11208284,-0.08638546,-0.10410579,-0.05865014,-0.49167922,-0.10032169,-0.071302176,-0.23224968,0.16997804,-0.14551297,0.34375122,-0.16962214,-0.17464219,-0.6540429,0.09971714,-0.054287072,-0.12502375,1.0630692,0.16572662,-2.1382093,0.034978542,-0.24588388,1.4582999,0.4272441,-0.09187006,0.45875803,-0.08640093,-0.20247252,0.7998675,0.20393811,0.21660435,-0.0063620713,0.3549782,-0.07764166,0.1325601,-0.24297364,-0.29568067,-0.107981116,0.14583217,-0.1768326,-0.08250727,0.052114718,-0.8093953,0.054844998,0.66117024,0.00748468,-0.35347885,0.078871496,-1.1770221,0.052860323,-0.087938555,-0.081711374,-0.14932477,-0.34199208,-0.088387504,0.04644812,-0.23284335,-0.094431974,-0.42892167,0.03981747,-0.010881024,-0.20345479,0.4639791,0.163085
383,negative,-0.38923794,0.072120525,-0.37240654,-0.2330231,0.30900672,-0.09602254,0.32641926,-0.017186644,-0.034731947,0.095195636,0.23486462,-0.3324221,-0.01514173,0.19085331,0.09880538,-0.2103963,0.4321936,-0.6765999,0.24490309,-0.6693835,0.06606159,0.15254451,-0.18123044,0.20289302,0.4868344,-0.37658244,-0.16037239,-0.3169886,-0.20982979,0.15729322,0.2007289,0.37520823,-0.49801615,-0.095111236,-0.612583,0.20412412,-0.061236277,-0.24217711,-0.28319913,-0.36295173,-0.40654778,-0.33759958,-0.29257742,-0.0098359445,-0.39882973,-0.41424468,-0.15718208,-0.36079934,-0.19019881,-0.82843024,0.38357437,0.21633448,0.566428,0.9538356,-0.3408976,-1.8896079,-1.0982925,0.18914886,1.8761408,0.37167946,-0.31090984,0.6620689,-0.57595843,0.067943186,0.6379568,-0.4008607,0.4315036,0.4332253,0.006601602,-0.33310744,-0.22840635,0.4412598,-0.06273346,-0.26026475,-0.13969295,0.49555135,-0.12887704,0.31589407,-0.9427112,0.36043555,0.42055064,0.07625547,-0.20816623,-0.05106432,-0.87341774,-0.6497954,0.11377065,-0.2136155,-0.059389766,0.044876523,0.419692,-0.02352902,0.13599126,0.5329732,-0.85377544,0.124628775,-0.13211846,-0.28142735,0.47917494,-0.15884717
384,neutral,-0.09598824,0.21933144,0.26375797,-0.26432285,-0.31207648,0.11541604,-0.10766633,0.23324032,0.091687046,-0.25975287,0.011533432,0.17733502,0.23575762,0.05507848,0.2007093,-0.14694844,-0.14076394,0.23284893,-0.25884843,0.17290388,0.22305673,-0.014206846,0.0007429745,-0.1445087,0.09333437,0.11839275,-0.23218463,-0.5620041,0.45326072,-0.10282044,-0.00084662356,0.43438736,-0.117389925,0.09273594,-0.024474539,0.16891474,-0.16263865,0.1552224,0.0890387,-0.07620069,-0.32833824,-0.22229773,-0.10908711,-0.3916966,-0.20634133,0.07321743,0.12403116,-0.07338801,0.061771013,-0.8466675,0.00684834,-0.09549262,0.10146286,0.815044,0.10837982,-2.1306787,-0.08736496,-0.08133082,1.3564737,0.48014542,0.0133881075,0.98853636,-0.26930207,-0.08517564,0.66465515,0.27513784,0.292053,0.18442565,-0.023052517,-0.3866375,0.028370826,-0.21061084,0.06257742,-0.38203263,0.0249084,0.014538833,-0.163598,-0.0583083,-0.3488468,0.044860467,0.53176665,-0.013331999,-0.6527396,0.06359239,-1.3839438,-0.16930453,0.20350003,0.09312972,-0.4000168,-0.13634838,-0.0083971955,0.0074301613,0.048708998,-0.07607339,-0.48735586,-0.05928663,0.1612581,-0.3749689,0.3484434,0.044208266
385,neutral,0.19657405,0.19954562,0.2575421,-0.10997364,-0.33060765,-0.17915024,-0.056893833,0.21641096,-0.1608202,-0.36224344,-0.17902331,-0.21077518,0.0011381475,0.23568971,-0.28094253,-0.005558278,0.29476872,0.17828931,-0.5941735,-0.056285728,0.27126977,0.21771136,0.2391149,-0.24393407,0.24928208,-0.32335424,-0.3759931,-0.6349669,0.6203858,-0.13363074,-0.1352615,0.7337738,-0.26588827,-0.40234983,0.084910065,0.013234343,0.3701226,0.27712476,-0.059138317,-0.21212474,-0.64661956,-0.31546548,0.19882853,-0.19417195,0.10976036,-0.08520991,0.09720547,-0.19966745,-0.15385704,-0.5617892,0.14591347,-0.010901187,-0.19260392,0.7219462,-0.04784715,-2.0075448,-0.14339921,0.022208331,1.3052982,0.6548977,0.14698692,0.1349468,-0.41111323,0.04762816,0.55136645,-0.015969694,-0.05733402,0.62201864,0.1830627,-0.3854537,0.11603762,-0.17056192,-0.3452209,-0.5429789,0.14872274,-0.2596166,0.008052534,-0.118034236,-0.83185935,0.020744113,0.558507,-0.32818255,-0.13584995,0.019965937,-1.1636102,-0.21678863,-0.039454043,0.29304117,0.058284916,-0.20092098,-0.13705447,-0.14629018,-0.26435372,0.016494263,-0.3845662,-0.0043518376,0.024993839,0.15982711,0.32720742,0.27975056
386,negative,-0.4025665,0.1890298,0.36951324,0.34997824,-0.2597712,-0.4388445,-0.14017724,0.23942436,-0.12803458,0.33297196,0.05058835,-0.027569821,0.16495368,0.16283377,0.05180113,-0.010245963,-0.14778239,-0.20767584,-0.3528587,-0.08345302,0.29132688,-0.21939027,-0.020405503,0.081080005,0.13947412,0.27173346,-0.023750195,0.5315025,0.35871035,0.0073257126,-0.37425974,0.38789743,-0.07138212,0.20297578,-0.0014410571,-0.056052804,0.27449626,-0.37710375,-0.28855243,0.13816878,-0.76909703,-0.09068057,0.33224288,0.0076380004,0.42089602,-0.4391891,0.09844119,-0.10897133,-0.19775623,-0.35691676,0.04068018,0.07998406,0.06502242,0.926035,-0.2795427,-1.8485434,-0.01584075,0.021999346,1.4709325,0.26098076,-0.17447875,0.2415306,-0.10653904,-0.3987122,0.3262699,0.33766994,-0.40349936,-0.05491202,-0.04386359,-0.14957409,0.32079986,-0.45046696,-0.6331937,-0.43471676,-0.008419744,0.025320794,0.3019421,0.2487755,-0.9311813,0.040059794,0.74148214,-0.2452102,-0.098648496,-0.024340339,-0.50809985,-0.25410584,0.21891877,0.12673187,0.35184512,-0.14316238,0.029370302,0.49002445,-0.22323667,0.07254858,-0.3081861,0.21671934,0.1362096,0.044764437,0.5824804,-0.1466233
387,neutral,-0.08836721,-0.11073158,0.2709416,-0.07316926,-0.22493759,-0.07472729,-0.19156218,-0.004483265,0.0054232194,0.049665995,-0.096773654,0.013717129,0.15662357,-0.15614088,0.043733392,-0.09046539,-0.01718878,-0.032148972,-0.45679304,0.12626442,0.3690742,-0.058258694,0.0025971513,-0.0347856,0.040193617,0.04078162,-0.12407837,-0.21476431,0.32067686,-0.16473286,-0.115353815,0.06014379,-0.057076294,0.056322332,0.0874529,0.05040961,0.27662662,-0.07249277,-0.14017622,0.056622174,-0.42042676,-0.15374969,0.002890071,-0.118000865,0.16362557,-0.24058707,0.1780069,-0.13559155,-0.24122979,-0.71115196,-0.051112346,0.27256742,0.009022185,0.88915306,-0.065667495,-2.0517173,0.0777652,-0.35420495,1.1988003,0.41132882,-0.22409567,0.34924453,-0.18939735,-0.32063636,0.66030675,0.108933106,0.07408904,0.05355611,-0.06361728,0.03691837,0.26814362,-0.3379733,-0.22150388,-0.2557829,0.1676893,0.14854178,0.020840151,0.18164833,-0.8048543,0.35622108,0.5373603,-0.117326096,-0.33035797,-0.00026695276,-0.91852367,-0.098047726,0.0042342264,0.12804988,0.120837145,-0.5660249,-0.1129971,-0.023636214,-0.2683552,0.13349046,-0.42324254,0.16277835,0.03502823,-0.0825039,0.3555994,0.21708451
388,neutral,-0.28430584,0.3048889,0.13034625,-0.11600438,0.018055238,-0.0053355205,0.07229671,0.17090394,-0.31745163,0.14761662,0.076487064,-0.29746234,-0.054952674,-0.0068593696,0.057113413,-0.12847024,0.29742584,0.09081959,-0.43894255,0.1945112,0.050321754,-0.18788022,0.30089924,0.0067351256,0.3316559,0.46738857,-0.01511304,-0.291695,-0.07873088,0.36098823,-0.46397188,0.5442444,-0.30833852,0.015996343,-0.042101454,0.07056277,0.17669395,0.15961047,-0.09117539,-0.14420709,-0.4273087,-0.23291703,-0.16879147,-0.18090531,0.3895526,-0.11401165,0.05218295,-0.17871642,-0.34193215,-0.60991544,-0.27634752,0.15226115,-0.17698358,0.95903313,-0.1465985,-2.1179018,-0.2916383,0.118847996,1.581838,0.21411929,-0.09692869,0.4933022,-0.29280448,0.047292136,0.62131953,0.05141452,-0.16331999,0.49868962,0.38121998,0.04223065,0.20258437,-0.41613227,-0.038844652,-0.22881334,0.00298876,-0.059466273,-0.17287152,-0.22661424,-0.52486813,-0.06282061,0.9531429,-0.15374872,-0.26794618,0.16594005,-0.8132694,-0.13399172,0.010369382,0.039819516,0.4482418,-0.009820335,-0.14991692,0.16468647,0.17482252,-0.24933694,-0.54116637,0.32267505,0.10902963,-0.07282013,0.47498682,0.17511311
389,neutral,-0.11291165,0.18426178,0.35968828,-0.14593613,-0.15277325,-0.059618887,-0.028772019,-0.05416664,0.068909526,-0.09825081,-0.13329282,-0.1612085,0.18192118,0.055593066,-0.05866375,-0.11270038,-0.14747445,-0.14927493,-0.36829475,-0.014714673,0.2380554,0.0043869014,0.08987025,0.13066712,0.05834606,-0.058247723,-0.23895068,-0.1732505,0.26980832,0.026281737,-0.05845097,0.23350199,-0.23596065,-0.10253682,0.10230953,0.3221016,0.029078953,-0.07072954,-0.221973,-0.1992662,-0.48399618,-0.083321586,0.056844637,-0.26711097,-0.09578817,-0.15099008,0.29417464,-0.34573507,-0.011080198,-0.8796101,0.36379462,0.054647435,-0.08729978,0.9395161,-0.10578079,-2.142236,0.09236975,-0.22491305,1.4704399,0.33875105,-0.12275574,0.60168886,-0.23782693,-0.35737112,0.6520024,0.033157773,0.06229912,0.26550704,0.21052518,-0.21395473,0.15521178,-0.38174742,-0.36877343,-0.34431905,0.06721595,0.05595502,-0.19365656,0.09018948,-0.83690673,0.0048493408,0.6478604,-0.10795187,-0.413718,0.1860032,-1.1229497,-0.3049704,-0.05049623,-0.007306089,-0.24338724,-0.37752628,-0.067521915,0.06560757,-0.056974005,-0.04582438,-0.43495193,0.292116,0.039989665,0.00093336124,0.43128118,0.42497432
390,neutral,-0.14907245,0.18975662,0.16334635,-0.059124302,0.05818985,0.3744193,-0.926207,-0.115074866,0.120145164,0.21614264,-0.5490262,0.31634173,0.13754612,-0.2055266,-0.3933795,0.016032137,0.11061941,0.15309562,-0.8843779,0.14071904,0.44042677,-0.11059406,0.33312294,-0.397041,0.11323591,0.24669662,-0.21092325,-0.832844,0.30524963,0.036155,0.32061493,0.6907771,-0.20668106,-0.064996645,0.20772229,0.05360192,0.33771813,-0.2725177,-0.6393781,-0.39246857,-1.0444447,-0.25645608,0.4172903,-0.46773326,-0.450531,-0.6022117,0.3023185,0.072883144,-0.4966527,-0.7332857,-0.08189118,-0.03812279,-0.43988463,0.9234241,0.09436971,-1.3817254,0.47999394,0.048589196,1.629236,0.044887196,-0.35629842,-0.16502932,-0.9199522,-0.3996494,0.8411089,0.22796442,-0.16283295,0.15359947,-0.30298072,-0.45629773,0.65316546,-0.36467928,-0.48532405,-0.35402822,0.08658618,-0.18030384,-0.30099514,-0.022060364,-0.72217494,-0.12383421,0.6745257,-0.34279665,-0.3037115,0.13884299,-0.77170914,0.42317683,0.23578015,0.25967273,-0.07984984,-0.5206285,0.33088672,-0.17169513,-0.15245925,-0.43973964,-0.47311595,-0.30497712,0.2398617,-0.35213017,0.55298525,0.40978473
391,neutral,0.17096652,0.039154515,-0.6255533,0.114949964,-0.09478398,0.51025724,-0.18668137,0.49180108,-0.17586692,0.47010386,-0.38519654,0.19875474,0.13362694,-0.227481,-0.33851275,0.40283358,-0.1937294,-0.24503614,-0.5135211,-0.11594494,0.5464035,-0.2778834,0.22232759,-0.065582305,0.055073254,-0.1055679,-0.07248738,0.36331582,0.5314585,0.27242422,-0.48118988,0.008125305,0.103562236,0.2747204,-0.08021232,-0.21747072,0.3657737,0.046392735,-0.37784636,0.041994408,-0.6908672,-0.096316814,0.6790199,0.083351605,0.2535331,-0.4540902,0.17914394,-0.11112345,0.052815907,-0.4284199,0.36223793,-0.16223535,0.019341664,1.0815455,-0.31006294,-1.6253108,-0.25883815,0.007593333,1.5124874,0.26230502,-0.63430494,0.11326783,0.035492856,-0.41271603,0.3370591,0.05050462,-0.029547805,-0.12328291,0.007396921,0.08594133,0.0058136624,-0.6029222,-0.5547862,-0.5788373,-0.2377282,0.50348747,0.6675528,0.14153272,-1.0727897,0.29183906,0.64998215,-0.19390032,0.23768964,-0.2279897,-0.9978264,-0.16499685,0.03812116,0.56587815,-0.05184176,-0.10538594,0.33462375,-0.29988045,-0.28749576,0.60441333,-0.0883143,0.16334404,-0.039030567,0.17450449,0.77602094,0.19489604
392,neutral,-0.011924444,-0.12748852,0.29219264,-0.14010057,0.045127485,-0.0626094,-0.13128097,0.24596602,0.10201257,-0.1053004,0.011964503,-0.20147692,-0.0010479672,-0.041064985,0.030651279,0.17643683,0.13808154,0.08672923,-0.09506663,0.1041051,0.37142012,-0.06689063,0.12197624,0.11751655,0.43249014,-0.078272656,-0.033302024,-0.35397303,0.35758153,0.07614995,-0.054925986,0.19253582,-0.37642145,0.22903068,0.18554346,0.039364442,0.09003965,0.042446412,0.02958229,-0.23607466,-0.2538452,-0.16733608,-0.11725917,0.032539316,-0.19646856,-0.1978097,0.14896172,-0.13832384,-0.060145296,-0.63632095,0.029374182,0.23310417,0.0003122013,0.8496863,-0.07468127,-1.8063753,0.0003477173,-0.1056987,1.1701636,0.25205925,0.06362051,0.4650799,-0.046544004,-0.07170436,0.6095041,0.24874823,0.14438674,0.22474565,0.020081976,0.16566066,0.32643872,-0.18093762,-0.11507891,-0.013198663,0.09226031,0.045514956,0.11488573,-0.17825949,-0.3831384,-0.000706945,0.32575834,-0.23761792,0.0077493805,0.17511392,-0.9128254,-0.115511775,-0.012910867,-0.019763747,0.34317327,-0.36557278,-0.21248724,0.112225026,0.02453292,-0.06425688,-0.15085194,-0.10095444,0.09853279,0.08236996,0.63202333,0.1489344
393,neutral,-0.2731381,0.026504682,0.0010562586,-0.02997863,0.05970948,-0.16850503,-0.07909389,0.17263646,-0.31383914,0.43224788,-0.09349762,-0.2867357,0.16874532,0.121746175,0.16036333,-0.13800508,0.065240085,-0.086161695,-0.6260207,0.11519656,0.4036196,-0.093654,0.14433762,-0.13471958,-0.038778257,-0.014333298,-0.039592948,-0.07702492,-0.09954426,0.09749133,-0.085164845,0.22752453,-0.106428236,0.15526307,-0.025570514,-0.17101108,0.16830975,0.12880723,0.0865482,0.016669858,-0.29307708,-0.21050122,0.2017189,0.11851991,0.4528981,0.032214683,0.11593979,-0.0063393353,-0.088952534,-0.3388509,0.09993817,0.089240104,-0.08986707,0.7980223,-0.04344087,-1.9626625,0.0064966055,-0.36922964,1.59669,0.44456887,0.06058137,0.42903024,0.24434145,-0.014613193,0.5074097,-0.030151803,-0.08307418,0.26383424,0.14658648,0.2732974,0.051493805,-0.42110035,-0.17686898,-0.44854105,0.1011025,-0.2170572,-0.005147645,0.22498518,-0.7000472,0.1002689,0.5609557,-0.07167668,-0.34105003,0.006286006,-0.7983051,-0.04180081,0.2669629,0.008636137,0.18460225,-0.13485253,0.16505674,-0.075082466,-0.19784665,0.15650234,-0.36527178,0.3823549,0.05699908,-0.14939286,0.5353936,0.077190705
394,negative,-0.1540484,0.2638887,-0.056305397,0.10583872,0.06385769,-0.31177983,-0.34590134,-0.12758587,0.26123354,0.80182785,-0.108898066,-0.08317056,0.20233005,-0.05491469,0.17204556,0.18757197,-0.348961,-0.086324275,-0.54388845,0.11992052,0.273688,-0.17106077,0.16846137,-0.12396106,-0.03335801,0.03979625,-0.15833645,0.054020975,0.063177936,0.027500762,-0.05028226,0.09204064,-0.06396774,0.021043517,0.04346819,-0.104709215,0.33845112,-0.07132918,-0.08998954,0.20372804,-0.4316911,-0.07748594,0.19795096,0.09328732,0.28713936,-0.3294691,0.39014983,0.033034995,-0.14413829,-0.34255093,0.0011876868,0.11986558,0.16541034,1.0038667,-0.16107309,-1.6559529,0.060097124,-0.24794173,1.2491031,0.28102833,-0.11086436,0.22690845,-0.023493396,-0.21924394,0.5917649,0.27264857,0.037578143,0.11474642,-0.16224751,-0.0014354402,0.22138682,-0.41698155,-0.19101131,-0.4800013,-0.0045425426,-0.12779894,0.08310831,0.23539127,-0.696886,0.099944495,0.8404506,0.018317744,-0.28040072,-0.00673297,-0.7942382,-0.080340646,-0.0012684895,0.24016403,0.07618021,-0.21300429,-0.051532395,0.1704559,-0.33077914,-0.09530444,-0.415268,0.12314231,0.08680962,-0.0010909999,0.4749936,0.15604709
395,negative,-0.283516,0.22427101,0.2108695,-0.18513319,-0.013427379,-0.37247157,0.12470729,-0.19950432,0.032905005,1.0093566,0.39502254,-0.0062598134,0.46945968,0.4255594,-0.2164141,-0.17152064,0.30573454,-0.14815642,-0.20328826,0.04770661,0.6763624,-0.31355318,0.17233756,-0.26802716,0.09222384,0.30456182,-0.52745235,0.48813888,0.246427,0.21924484,-0.30412504,0.3725112,-0.043026056,0.115426354,0.3876554,-0.0058283424,0.16384041,-0.089955024,0.5439729,0.17074203,-0.427705,-0.036241252,0.21499532,0.37721488,0.8140586,-0.009159105,0.07277879,-0.050721962,-0.062698275,-0.054137614,0.10545389,0.9031858,0.1614345,0.8828398,-0.23782885,-1.3436141,-0.29741934,-0.13879047,1.702237,0.49559087,0.21842727,0.38504875,0.40695807,0.13677698,-0.109480426,0.37169167,-0.31260252,0.2641886,-0.18528417,0.4464878,-0.0996354,-0.5734764,0.2067825,-0.111296564,-0.0012033238,0.26926193,0.64191145,-0.13767144,-0.8847799,0.16588111,0.43838724,-0.50990206,-0.087398686,0.34496167,-0.48497862,-0.5076538,0.5788752,-0.06891305,-0.13996522,-0.16471943,-0.1701499,0.45751584,0.029432643,-0.048719786,-0.24261011,0.3494869,-0.08306664,-0.053150423,0.28216356,-0.31669605
396,negative,0.09766014,-0.07410497,0.22258563,-0.20757154,0.072883174,0.026306381,-0.2721568,0.0023773063,0.14103037,-0.11994697,0.19402684,0.015314269,0.15203036,0.03214051,-0.16713393,-0.07078941,0.36518654,0.18783614,-0.53004444,0.2873878,0.19406182,-0.21613665,0.15240502,-0.042810496,-0.0178763,0.080816135,0.2461832,-0.4493131,0.15916398,-0.08853247,0.2421557,0.4292618,-0.27060848,0.1713553,-0.04079206,0.084241696,-0.14743961,0.026012877,0.24034053,-0.24168102,-0.25824553,-0.08068513,0.059998486,-0.24356629,-0.05503083,-0.2866787,0.06615613,-0.28996083,0.029232854,-0.6140663,0.46659875,-0.11652172,0.014153334,0.6680332,-0.16853073,-1.5740658,0.06135679,-0.120822735,1.3126134,0.40027115,-0.18284018,0.40168077,-0.13402544,-0.36413968,0.84880495,-0.15008809,0.23547019,0.6756347,-0.08162388,0.07172675,0.13841894,0.19244476,-0.39461836,-0.47881395,0.035941117,0.20685448,-0.28185624,-0.09021476,-0.8128754,-0.00852436,0.36190692,-0.17215422,-0.17318657,-0.017392693,-0.9140295,-0.104590066,0.050848722,-0.016380582,-0.04101974,-0.12134693,0.10263968,-0.27664667,-0.16235535,0.011611737,-0.08199567,-0.027583992,0.09312621,-0.063471876,0.3619949,-0.041417234
397,neutral,-0.09952892,0.27896068,0.24566421,-0.07977029,-0.03924733,-0.4974591,-0.30745175,-0.019390093,0.14795926,-0.009299688,-0.24815284,0.07727779,0.055849943,0.02663093,0.01049768,-0.15312809,-0.21870093,0.022975791,-0.27207306,-0.14574176,0.21679904,-0.1597487,0.2017516,-0.020308573,-0.046066422,0.2272594,-0.2411462,-0.1458363,0.011789692,-0.09947428,-0.042239506,0.24641687,-0.3085119,-0.06333451,-0.051292527,0.15541428,0.27833834,0.11757153,-0.21731915,-0.105175,-0.26150432,-0.2522132,-0.20749564,-0.27213535,0.3358004,0.13195674,0.20089658,-0.07181177,-0.2898788,-0.76400214,0.17075117,0.041925192,-0.06922994,0.81483155,0.108844146,-1.5722477,0.06807834,-0.25594997,1.4219486,0.13595739,0.0101047475,0.16426727,-0.2513725,-0.10763597,0.57608986,0.105254285,0.14800912,-0.18999472,0.4012388,-0.37041792,-0.07748929,-0.37179556,-0.0309716,-0.08029881,0.22577114,-0.03593826,0.057749506,-0.04924301,-0.7082858,0.2013713,0.7100891,-0.0024603463,-0.42511025,0.1107806,-1.1263599,-0.19100232,0.12741724,-0.016039424,-0.30786058,-0.38896146,-0.007645761,0.14236408,-0.1435822,-0.2493307,-0.39058143,0.1442471,0.3608153,-0.1923383,0.5642361,0.13242684
398,neutral,-0.093826264,0.15677422,0.26779023,-0.106253214,0.11494463,0.1303109,0.31974837,0.46552083,-0.33275375,0.09469745,0.28428745,-0.14928658,0.18860556,0.1555356,0.15963534,-0.27580696,0.099781856,0.055895396,-0.33594942,0.030739311,0.60323256,-0.1957044,0.06246614,0.24647707,0.47652304,-0.13482122,-0.19019328,-0.10608961,0.24552889,0.1634586,-0.12955743,0.160439,-0.020785505,0.09125978,0.11019713,0.10061035,-0.2073705,0.089968786,-0.11673065,0.012853424,-0.38269797,0.011321592,0.4373231,0.04523653,0.2609224,-0.111482315,0.1354301,-0.57587224,0.06369476,-0.64792204,-0.12411552,-0.113424905,0.1443246,1.0791903,-0.21156225,-2.6316051,-0.13701521,0.0034432604,1.7578,0.7396359,-0.45612332,0.7092217,-0.13452625,-0.016813552,0.5227535,0.1065386,0.13597721,0.22922853,-0.13236846,-0.14581928,-0.12565921,-0.22023314,-0.25328428,-0.26180637,-0.013777383,0.3697155,-0.28470027,-0.19274859,-1.0266318,-0.017179796,0.5709938,0.016349839,-0.21403202,0.22785638,-1.1817226,-0.14888564,0.21704608,0.03779736,0.11444401,-0.09428259,0.0038550037,0.08666494,-0.13229102,0.11101511,-0.692814,0.088603705,-0.06937179,0.18595895,0.456103,-0.10559795
399,neutral,-0.28223515,-0.07333844,0.313233,-0.08227246,0.042042032,-0.35734487,-0.06193401,-0.06297739,0.07246387,0.812842,0.30147046,-0.15949467,0.34826446,0.14078234,-0.10677697,-0.10131766,-0.28395435,-0.29973415,-0.49297458,0.26724496,0.54910284,-0.08392388,0.2493181,0.0025966305,0.04200717,-0.13169046,-0.49537203,0.08254738,0.4851559,0.097102314,-0.2608889,0.140149,-0.025895065,0.10719391,0.17497315,-0.0376691,0.15456516,-0.05630591,0.015307856,0.08095141,-0.4020239,-0.079233035,0.27011564,0.31558213,0.7667687,-0.06618124,0.22340302,0.01913749,-0.057443727,-0.25402528,-0.02711253,0.46472657,0.2815833,0.8463046,-0.25260633,-1.519194,-0.261212,-0.25383872,1.420629,0.5053949,-0.021906132,0.108859934,0.1159152,-0.09305742,0.2456374,0.23486583,-0.3553293,0.1313814,-0.4444822,0.16246215,0.24036843,-0.3804702,-0.24606451,-0.31823984,0.009700094,0.2480411,0.32776475,0.22253655,-0.9067597,0.13823457,0.9353179,0.006588304,-0.07157853,0.3626521,-0.31306225,-0.3658848,0.122956835,-0.0064051948,0.16562572,-0.29920304,-0.233666,0.2832828,-0.13745771,-0.23080134,-0.46127307,0.54614365,0.0195941,0.119654976,0.40450177,0.1947959
400,neutral,-0.11948091,-0.1392407,0.13048758,-0.034878988,0.31896558,-0.51211804,-0.01261974,0.03448597,0.2972328,0.0815406,0.12039002,0.0025619331,0.53422856,0.039271332,0.12536955,-0.07598339,0.18725647,-0.28911376,-0.34207523,-0.22831683,0.665603,-0.31248426,0.25548348,-0.116289996,0.19707862,0.05208509,-0.53110254,0.10425563,0.20099914,-0.37935507,-0.25129992,0.21639672,0.19692597,0.24334462,0.25251344,-0.17912462,0.09141052,-0.06276252,-0.15989663,-0.079281256,-0.57282495,-0.4192331,0.056429636,0.16082227,0.07892513,0.03972183,0.18329114,-0.21529995,0.08648755,-0.063131526,0.29910722,0.53645796,0.18027177,0.98656285,-0.31185886,-1.860727,0.011329746,-0.4954227,1.2766458,0.47603482,-0.6379649,0.58755845,-0.08350817,-0.21270391,0.26832122,0.44619682,-0.19123508,0.2769433,-0.09515689,0.017325778,0.12867032,-0.096438564,0.4197183,-0.17910783,0.10849986,-0.038160905,0.25352708,0.21957889,-0.62171906,0.13902089,0.4159693,-0.008293441,-0.15581092,0.36998227,-0.56389344,-0.029425343,0.096708134,-0.13709639,0.052410807,-0.43123367,-0.28797868,0.58433443,-0.19765717,0.054726116,-0.31095412,0.3992223,-0.13532689,-0.20562129,0.14530343,-0.054046545
401,negative,-0.0037350585,0.43121928,0.36825207,-0.16647884,-0.04127258,-0.64541984,-0.54511636,-0.43757936,0.00807378,0.1687003,-0.18567614,0.048856817,-0.016422156,0.011890256,0.088672996,0.06646496,-0.62126124,-0.036170878,-0.008475462,-0.23824075,0.38124004,-0.18498208,0.13889349,0.13189247,0.010465305,0.24380961,-0.30160198,0.03125898,0.15556085,0.07397154,0.052208457,0.025277214,-0.47592762,0.19950245,-0.2811794,-0.16148984,0.35859194,-0.2082355,0.036453772,-0.24718425,-0.67877746,-0.30812898,-0.24328545,-0.17729776,0.59566337,-0.011271844,0.52851224,-0.04709926,-0.2203577,-0.9889924,-0.058632404,0.24122791,-0.17256346,0.97371954,0.2015687,-1.9287262,0.16097175,-0.18485048,1.2195482,0.23400517,0.23125656,0.20666413,-0.36598957,-0.39532113,0.7378101,0.4483054,-0.055901792,-0.24281192,0.5025319,-0.38108277,0.31987515,-0.16091871,-0.28428236,0.043676633,0.15655918,-0.20270176,0.2288109,0.01731388,-0.7144302,0.07751797,1.0570045,-0.0022896354,-0.5096232,0.18472315,-0.61821246,-0.5528362,0.0100920815,0.095380865,0.15534103,-0.5798647,-0.009710266,0.18745877,-0.32902226,-0.20435785,-0.3893286,-0.02002086,0.22450897,-0.068152264,0.44689122,-0.14009884
402,neutral,0.16520219,-0.06401576,0.24194218,-0.2359284,0.029958645,0.24608967,-0.38220474,0.3839924,0.3591344,0.67437214,0.04651298,-0.24090455,0.26224807,0.24040425,-0.037157144,0.09801138,-0.2331147,-0.19067621,-0.5128458,0.025502464,0.39307246,-0.45361122,0.07686284,-0.4854042,0.014219392,0.060090307,-0.17777248,-0.081498586,0.43065792,0.47874308,-0.042549048,0.14288014,-0.27743477,0.32162556,-0.03794957,0.07187643,0.25125375,-0.16156442,0.31648794,0.11949408,-0.43872118,-0.15028939,0.28085122,-0.18211645,0.055944424,-0.2799032,0.16490993,-0.09796867,0.18077728,-0.5143695,0.21851495,0.18275975,0.26060647,1.1759967,-0.1868553,-1.8387659,-0.28185382,0.052922074,1.3168744,-0.05709005,0.049555358,0.44222504,-0.19080447,0.05371215,0.36892322,0.016921073,0.2576748,0.1768042,-0.25977826,0.3105486,0.03584291,-0.4100715,0.097141005,-0.6501636,0.34719875,0.28982815,0.5812562,-0.1446814,-0.75731015,-0.1871754,0.7845715,-0.0917751,-0.3184963,-0.16718075,-1.0908732,-0.23228548,0.20216185,0.3464509,-0.013802273,-0.2764664,0.25608957,-0.019139824,-0.17665043,-0.010655261,-0.52554965,0.40012726,-0.20332241,-0.11100141,0.52901405,0.103013776
403,negative,-0.007523688,0.15737097,0.29806542,-0.18912093,0.097666375,0.08431628,-0.37488887,0.011900922,0.099015445,0.102806695,-0.0874392,0.04335668,0.3082351,0.06490749,-0.08811207,-0.0693482,0.35268772,-0.14749512,-0.6933457,0.2120215,0.0801965,-0.23085372,0.36364126,-0.16026834,-0.13358547,-0.057991665,-0.15691164,-0.46828485,0.30324078,0.1585072,0.27809566,0.36777863,-0.010145566,0.047274046,-0.090369314,-0.016016616,0.08156942,0.079595536,-0.05350238,-0.043943916,-0.69043374,-0.0075631975,0.2963122,-0.1796813,0.16919877,-0.26750875,0.07321352,-0.23625124,-0.46391967,-0.63366604,0.20970859,-0.05323437,0.05918127,1.0034732,-0.041402325,-1.8014317,0.20429447,-0.3192773,1.5456961,0.43489668,-0.17145987,0.34749043,-0.08304159,-0.22744448,0.7779807,0.14557368,0.09305575,0.35366905,0.26302394,0.14506063,0.2651384,-0.4265565,-0.09167912,-0.2966779,0.081055135,0.048830785,-0.046347048,0.031900447,-0.87507266,-0.028710807,0.7553127,-0.055786014,-0.017373063,0.02981975,-1.2318685,-0.07804996,0.05825326,0.061192453,0.15001355,-0.3687653,0.10307039,-0.29129258,-0.09255561,0.16462775,-0.43647766,0.06825179,-0.12668036,-0.21632251,0.50997347,-0.062767126
404,negative,-0.1104505,0.38650975,0.28723708,0.008324424,0.02639525,0.047380455,-0.13679227,-0.0023701878,0.07471683,0.19278796,-0.0014602508,-0.09521492,0.20119797,0.015775405,-0.029489756,-0.24359833,0.060999963,-0.037466694,-0.3373383,0.052818287,0.40174314,-0.14219654,0.059828237,0.0066331816,0.20158339,-0.06807378,-0.10121846,-0.17856327,0.1568374,-0.017194184,-0.066041276,0.29974383,-0.11908941,-0.08778246,-0.16607252,0.0016873492,0.02265547,-0.040538084,-0.04866426,0.09499326,-0.4434494,-0.21464922,-0.014945702,-0.12468659,0.21512417,-0.075748645,0.19095702,-0.19000572,-0.16277006,-0.58587104,0.015800707,-0.05521011,0.0043504573,1.0047038,0.014112616,-1.8438278,-0.049650118,-0.2735749,1.3845882,0.3270692,0.014746597,0.6053789,-0.13394322,-0.17091015,0.54086196,0.054703716,0.13313457,0.06245121,0.14605501,-0.02375059,0.2779666,-0.26048136,-0.27895513,-0.24748774,0.22889051,-0.0018506759,-0.056813702,0.123864874,-0.7194563,0.15042695,0.60926294,0.090544775,-0.29169935,0.1627429,-0.9636284,0.06388132,0.0890201,-0.15062279,0.03090239,-0.18612379,0.072395846,0.06575994,-0.12083921,-0.11818778,-0.5423066,-0.015146015,0.0037408753,-0.08466858,0.47720787,0.13752548
405,neutral,-0.027362298,0.16157836,0.16707121,-0.22885408,0.110551625,0.43598416,-0.09712685,0.26001835,0.07006977,0.16052972,0.12020739,0.14736973,0.26340094,0.10525802,0.019647012,0.098010235,0.023743227,0.0028825016,-0.47051528,0.10902869,0.4195822,-0.046158206,0.099346735,-0.023596449,0.15873726,-0.06607722,-0.28677964,-0.2958602,0.16189125,-0.05387287,0.038652077,0.2136826,-0.03751524,0.16747768,0.048366737,-0.090586744,-0.11230308,0.058566332,-0.00053101423,0.037527144,-0.4023699,-0.25659394,0.1268641,-0.16467991,-0.06856117,-0.007050667,0.0119584035,-0.045998972,0.0051412988,-0.5025883,-0.006845939,-0.041360073,0.04355023,1.1792357,-0.046798397,-2.0553322,-0.2929062,-0.0042311177,1.3702878,0.45129684,-0.15752159,0.77151865,-0.108635984,0.06116738,0.56455326,0.011421263,0.3660812,0.23227336,-0.118518196,-0.12371469,-0.13544677,-0.19196032,-0.08089703,-0.30251744,0.17234653,0.14613244,0.02258359,-0.15647042,-0.61057055,-0.11734401,0.55659306,0.24818437,-0.23701611,0.09065329,-1.1006929,-0.3511088,0.0072982484,0.016648795,-0.1795334,-0.24823345,0.10325105,-0.06494061,-0.044180773,-0.06815938,-0.5795509,0.13051707,-0.18288548,-0.06746213,0.4530498,-0.022601988
406,negative,-0.197063,0.2805205,0.11567297,-0.03330049,-0.037568755,0.09598388,-0.2823602,-0.024577437,0.06577109,0.15460692,-0.21229985,-0.03385565,0.29858226,0.030503653,-0.040984888,-0.13347487,-0.056443475,-0.07608466,-0.5232062,0.22591382,0.47421828,-0.10432521,0.18820822,-0.044279378,0.04959393,0.016713142,-0.07696144,-0.29793692,0.27160683,-0.037053548,-0.0564086,0.21761392,-0.18731883,-0.0024556767,0.030492315,0.017169882,0.16053851,-0.03553047,-0.063853525,0.015080784,-0.5315766,-0.08650006,0.15380108,-0.20151703,0.18027218,-0.24053521,0.19306189,-0.15033387,-0.16808145,-0.68013054,0.07935321,-0.08315887,0.027392665,1.1041042,0.13877346,-1.8858976,0.09144229,-0.27567333,1.4610155,0.29152575,-0.027028752,0.5489983,-0.22183846,-0.2541682,0.7219182,0.13568562,0.16878518,0.067840256,0.038927678,-0.089046724,0.20347178,-0.41061267,-0.17837775,-0.21027756,0.16673417,-0.0010787972,-0.05024325,0.09669249,-0.7319505,0.016673345,0.5750248,0.1148622,-0.32033274,0.12327531,-1.1039034,-0.16468821,-0.15426096,0.02391571,-0.05914052,-0.41107422,-0.0145423515,-0.066413,-0.11385457,0.05411928,-0.44901526,0.1702703,0.072650924,-0.112536296,0.40091184,0.12770385
407,neutral,-0.26530087,0.18679845,0.29295722,0.08098634,-0.11976237,-0.2229029,-0.29120207,0.054300666,0.045448318,0.43929684,-0.039353713,-0.2063503,0.055817854,0.056513473,-0.024732724,0.015896201,0.14581394,0.039536245,-0.5013733,0.33985937,0.12381231,-0.28347057,0.0692077,0.016178288,-0.23286605,0.17976514,-0.077905975,-0.11597515,0.0717628,-0.054431826,-0.01510231,0.4752582,-0.15749137,0.05671181,0.22820163,0.1983152,0.1795344,-0.2683499,-0.1118927,0.024371974,-0.5903633,0.020880628,0.23179643,-0.051770266,0.17325753,-0.33823273,0.12670678,-0.20954399,-0.34501258,-0.61444277,0.30245942,0.26923722,0.06799281,0.8008825,-0.051607147,-1.5287603,0.32409513,-0.47838438,1.5590597,0.25234383,0.021275789,0.25033107,0.113361605,0.08680479,0.60310006,0.028251456,-0.12416734,0.44003245,-0.097711764,0.10180343,0.16091219,-0.57526505,-0.058561083,-0.47196293,0.256293,0.18320051,0.05296248,0.11121519,-0.8829294,0.12412195,0.64041185,-0.3014389,-0.33041942,-0.11206225,-1.0483555,0.051694047,0.43432802,0.29262245,0.033033848,-0.18458244,-0.16309127,-0.050691288,-0.12120812,-0.10321252,-0.2701046,0.1295525,-0.07675239,-0.101629734,0.32691184,0.080453075
408,neutral,-0.09784983,-0.21314934,0.077953555,-0.6290358,0.30900094,-0.1274241,0.28943518,0.16722043,-0.42937613,-0.33108917,0.09067289,-0.32752478,-0.023268241,-0.08991156,-0.17140986,-0.40629,0.4026006,0.21346846,-0.38652626,0.4873158,0.43507597,0.091095656,0.39626506,0.33058944,0.14300983,0.06170868,0.2128828,-0.47923878,0.12214838,0.054794054,0.0044207745,0.44400656,-0.19863765,-0.12271131,0.101708606,-0.1545128,-0.090798326,0.39712492,-0.0688509,-0.1471282,-0.40168574,0.05113412,-0.05845277,0.36210188,-0.14806104,-0.22368024,-0.116436236,-0.618649,0.07776854,-0.25785032,-0.019691054,-0.2651857,-0.004820857,0.14110845,-0.031344574,-2.0909908,-0.051713668,-0.024150636,1.0626632,0.22009934,0.1535802,0.30836177,0.024357071,0.06600977,0.7051029,-0.3132983,0.34331802,0.6317823,-0.01824296,0.5847769,0.24240722,0.5164136,-0.4963149,-0.3254663,0.17957246,-0.13851072,0.08983087,-0.07176116,-0.73451644,-0.077759944,0.18412681,0.056448977,-0.20479064,0.07699915,-0.58997035,-0.09415822,-0.058077183,-0.092452556,0.1404299,-0.49338922,-0.23154928,-0.103211164,-0.07510135,0.111479305,-0.5115866,0.4077615,0.07617931,0.0024906397,0.09716676,-0.290937
409,negative,0.086605325,-0.13170135,0.15317163,-0.09983626,0.21222755,0.095480904,-0.20141818,0.13103476,0.07237528,0.22883591,0.11176883,0.052181143,0.12513702,-0.041799385,0.08331424,-0.026159672,0.008551615,-0.20401765,-0.55734473,0.20220238,0.46773633,-0.105704695,0.21614239,0.08377035,0.23304729,-0.03689398,-0.040639646,-0.2738757,0.09639531,0.07336329,0.050889302,0.15624489,-0.12736957,0.045789044,-0.07038479,0.0020469371,0.22418506,-0.029763892,-0.11761025,0.01696567,-0.3345898,-0.101676136,0.169275,-0.0744643,0.1202594,-0.2916201,0.070904434,-0.30316046,-0.075553544,-0.38865748,0.18444017,-0.018878927,0.09963386,0.91767776,-0.22253412,-1.6182722,-0.12274936,-0.1493384,1.4395121,0.30920014,0.012973899,0.2197357,-0.06868565,-0.11946909,0.41300234,0.110776976,0.2164077,0.1480266,0.024840137,0.12424719,-0.0055828253,-0.121377856,-0.108743116,-0.14317061,-0.00397744,0.03858348,0.047390148,-0.03380998,-0.5352914,-0.027166422,0.81155616,-0.09288922,-0.3270482,-0.1615598,-0.96500444,-0.10094337,0.2193753,-0.009273339,0.0701764,-0.21802194,0.24067108,0.10226383,-0.09454382,-0.037662473,-0.5058101,0.15198343,0.13660394,-0.078504175,0.34594533,-0.016990878
410,negative,0.121858805,-0.011533848,0.07786238,-0.30894983,0.31583032,0.34651878,-0.27031532,0.090101115,0.010510956,0.25057295,-0.04500705,-0.09821188,0.17922257,-0.085371464,0.31562665,0.027260467,0.16460936,0.030407095,-0.21550189,-0.034944523,0.1944725,-0.06003825,-0.0044095814,-0.2531089,0.02717643,0.14456668,0.09186282,-0.06938352,0.13347356,0.028247721,0.23415245,0.31630713,-0.124186024,0.16836673,-0.036208555,0.18904091,-0.11567996,-0.07728589,-0.08758579,-0.35790747,-0.2805996,-0.04581519,0.13656215,-0.37998357,-0.2190112,-0.35043883,0.117101416,0.049900804,0.13120852,-0.16546722,0.012337016,0.2229493,0.24454755,0.54105103,-0.19312777,-1.6818731,-0.0129837,0.08229416,1.3514823,0.25812092,0.033895504,0.27108377,-0.1284672,0.12948777,0.36275285,0.03261991,0.23706299,-0.0043742564,0.05781571,-0.014711608,-0.2552392,-0.12888445,0.16534993,-0.23540348,-0.07426686,0.15156668,-0.134982,0.07247479,-0.32292196,0.066509806,0.44475088,-0.18403745,-0.13849795,0.13537699,-0.8827155,0.048013918,-0.0018601234,0.25458738,0.057699278,0.11324687,-0.017843215,-0.12000524,-0.1128519,0.01659326,-0.279033,-0.29827666,0.08282539,-0.29319903,0.33360755,-0.0513794
411,neutral,-0.58922225,0.38902783,0.10555228,0.17379712,-0.13565461,-0.061887395,-0.24976826,0.16614605,-0.36682373,0.21894363,0.10749943,0.118412025,0.70181304,0.42958915,-0.11596294,-0.35775957,0.15889262,-0.19408527,-0.40518072,0.5412911,0.4766015,-0.34280813,0.69814456,0.024775373,0.14482059,0.2674539,-0.46931753,-0.08426615,0.12852629,-0.14283161,-0.42876107,0.21552952,-0.49513948,0.07520663,0.25945482,-0.47161716,-0.19567117,0.19662967,-0.089848876,-0.23460461,-0.85243994,0.26200366,0.49437368,-0.4575768,0.69157267,0.15937543,-0.08023795,-0.0068453564,-0.03843062,-0.15376207,0.09005638,0.45282015,0.19328532,1.0154972,-0.14583473,-1.4198515,-0.73767424,-0.4015838,1.2905308,0.14678147,-0.4515998,-0.11536202,-0.27656412,0.015335933,0.18258911,0.6011698,-0.3045515,0.38718784,0.030796256,0.066302925,0.3932823,-0.15315837,-0.19321813,-0.2901008,0.18836518,0.488253,-0.38056242,0.17911434,-0.6074068,0.015994772,0.41275162,-0.16131976,0.15831424,-0.029557802,-0.42488822,-0.061423976,-0.06123334,0.16302049,-0.023630952,-0.1550494,0.079453394,0.2749794,-0.05496425,-0.35338977,-0.22994372,0.30963817,-0.2379852,0.24741046,0.22927731,-0.1390715
412,negative,-0.25324777,0.0556888,0.1353247,0.009243704,0.03429942,-0.03440588,-0.058484443,0.21175976,-0.089152366,0.33682,0.0035817525,-0.130925,0.20610972,0.050318215,0.06301289,-0.057223205,-0.1635494,-0.2835977,-0.42323887,0.15538335,0.44529128,-0.08954318,0.20213614,0.15931742,0.19515887,-0.0461218,-0.21969354,-0.08459042,0.28550777,0.17276806,-0.27734622,0.18301436,0.020268323,0.23015665,-0.097763404,-0.013414424,0.10402158,-0.056308378,-0.18276681,0.21757299,-0.3490407,-0.008443067,0.11092693,0.12170913,0.3711063,-0.18257761,0.11623832,-0.085652895,0.003809488,-0.5814783,-0.02147335,0.08931564,0.12711012,0.84740657,-0.05869464,-1.9673187,-0.12486233,-0.07276445,1.5011102,0.38705522,-0.16967331,0.47051165,-0.0017352138,-0.20326604,0.50408286,0.07843664,0.059073098,-0.041839316,-0.22242235,-0.08396735,-0.050515946,-0.41337332,-0.23779052,-0.31927937,0.13685854,0.18230198,0.058248363,0.052397892,-0.63617325,-0.0019045535,0.62360376,0.2399626,-0.33963415,0.11024105,-0.9076303,-0.044311464,-0.08982636,-0.11857089,0.13328056,-0.10481944,0.1881443,0.0391987,-0.21616401,0.15889649,-0.5364789,0.3117681,0.20413834,0.17300239,0.54596066,0.1872834
413,negative,0.06156345,0.31840825,0.37370747,-0.38147497,-0.002058698,0.027180167,-0.3324202,-0.3506832,-0.05068721,-0.011337382,-0.21192469,-0.15462208,0.23688315,-0.110682726,0.042366322,-0.08209959,-0.13470717,-0.08133518,-0.57392794,0.0035537735,0.35385814,-0.0065136747,0.131981,-0.167825,0.13656607,0.35705885,-0.02761528,0.12518969,0.58796287,-0.09837373,-0.16491185,0.51152694,-0.1646216,-0.045727532,0.06465966,0.13968337,0.42594725,0.11022787,-0.102125384,0.007038779,-0.5902592,-0.0403943,0.093255036,-0.3434789,0.21010864,-0.3801244,0.4290265,0.049834393,-0.024246722,-0.43634388,-0.01753151,0.32298574,-0.09590932,0.99591106,0.0038727354,-1.8938109,0.084247194,-0.052413844,1.1397325,0.2451525,0.058968242,0.15295975,0.20160662,-0.066493824,0.38196078,0.24890928,0.17638287,0.027500218,-0.00058560213,0.1263338,0.2291097,-0.2493348,-0.4502043,-0.38404465,-0.20219465,0.16343544,-0.100313775,-0.0208678,-0.6989181,0.42925268,0.5470893,-0.044639897,0.0517342,0.0975087,-0.86230206,-0.34247577,-0.031387612,0.25808358,-0.029718392,-0.08912036,0.0032042225,-0.043894958,-0.2794588,0.09240219,-0.22289324,0.09863208,0.0741099,0.083281375,0.43135175,0.2602559
414,neutral,-0.09047478,0.24367334,0.240311,0.11397553,0.051531497,0.04476932,-0.29111826,-0.0025969953,0.009687038,0.02115633,-0.14133634,-0.12467208,0.29627547,-0.08741659,-0.06922633,-0.19230486,0.13627371,0.21757232,-0.26655948,0.16119188,0.21683033,-0.099724695,0.30741143,-0.22925478,0.061487157,-0.13165873,-0.15501423,-0.3892508,0.14068508,-0.04780023,0.11907197,0.42455113,-0.27374974,-0.20602375,0.08755093,0.023671279,0.06317511,-0.022225432,-0.18300784,-0.12509044,-0.25348258,-0.12116449,0.03893227,-0.25079736,-0.1176849,-0.024258533,0.18677111,-0.008790269,-0.19798082,-0.7824897,0.034301102,0.02358326,0.15773208,0.9558323,0.0864944,-2.1256008,0.14094596,-0.16371736,1.6030915,0.3375293,-0.18662533,0.3951848,-0.2974335,-0.09561515,0.72909945,0.01822763,0.25032032,0.19932258,0.3037757,-0.15503964,0.07352276,-0.30660847,-0.022973198,-0.40220943,0.28107157,-0.10906893,-0.19673972,-0.12275373,-0.7395888,0.07834091,0.5044676,-0.08392838,-0.56255585,0.12196321,-1.2386419,0.12405428,0.12769087,0.019530578,-0.115549654,-0.38506806,-0.15643345,-0.03582753,-0.21138334,-0.055954076,-0.40082178,-0.064552635,-0.14930516,-0.360021,0.40150583,0.25740796
415,negative,-0.052932,0.21164,0.34141394,-0.01230605,-0.06859643,-0.33602044,-0.30598885,-0.23007897,0.21815245,0.25612468,-0.29769275,-0.03925198,0.3171103,-0.048410207,-0.15438801,0.0075732977,-0.14359607,-0.22245206,-0.48331568,-0.035637125,0.2140858,0.011658943,0.2961186,0.07522785,-0.018401897,0.08505394,-0.32267278,-0.18296008,0.2000663,-0.037794076,-0.031494208,0.2954446,-0.021242369,0.031381782,-0.021412767,0.022792395,0.22482842,-0.08357709,-0.14496402,0.031271867,-0.64990264,-0.20950279,0.2823788,-0.1292426,0.23875092,-0.26838532,0.3383376,-0.08559803,-0.18063977,-0.659578,0.11904516,0.17775169,-0.04021523,0.98717153,0.03167222,-1.7721391,0.11142433,-0.3049737,1.2845758,0.31143963,-0.15774663,0.43685952,-0.061727926,-0.25643617,0.55077946,0.26808992,0.05502531,0.27548498,0.008432473,-0.17774653,0.39204794,-0.33716464,-0.21221232,-0.24946663,0.11402676,0.03301403,-0.14160962,0.15406339,-0.6862646,0.22093531,0.6737977,0.029378071,-0.2857451,0.02014963,-0.82908946,-0.07792523,0.011542659,0.1709567,-0.09149483,-0.543707,-0.034800872,0.20899141,-0.31934848,-0.106782146,-0.63252455,0.13796888,0.10176558,-0.10436272,0.39606068,0.08719919
416,negative,-0.12666507,0.061777342,0.3587759,-0.1303842,-0.13203628,0.052341394,-0.15893884,-0.15535502,0.12785211,0.25488293,0.16171443,0.43786016,0.0060845492,0.19288808,-0.016738597,-0.17391708,0.06464118,-0.026812589,-0.55417913,-0.024272302,0.38000366,-0.294757,0.18642892,0.060882457,0.113655426,0.36439463,-0.5154612,-0.13381523,0.43583307,-0.26163802,0.18262206,0.184636,-0.13564591,0.057428107,-0.015872119,0.05362914,0.119966395,-0.5027918,0.23678668,-0.07640739,-0.59708714,-0.10845047,0.1660599,-0.21879488,0.47564942,0.076160714,0.12664312,0.030470842,-0.1052814,-0.415289,0.18892695,0.13524806,0.079405405,0.87474614,-0.07534131,-1.361738,0.012694775,-0.544022,0.85396457,0.28270608,-0.1775118,0.36788085,-0.14711964,-0.13726506,0.27564344,0.274106,0.020708073,0.43004927,-0.32931417,-0.06846068,-0.029436754,-0.09857473,-0.124410056,-0.20524168,-0.08561703,0.11034221,0.14331874,0.009295933,-0.56067085,0.10129411,0.7386472,-0.16285317,-0.061601587,0.21596189,-0.52009106,-0.5672351,-0.004851828,0.07141537,0.049658705,-0.25269824,-0.008802751,-0.08151749,0.16508302,0.12441065,-0.1080247,0.009006686,-0.03226361,-0.18662094,0.20119038,-0.12803468
417,negative,0.0013746712,0.07552068,0.306435,-0.10863024,-0.11658993,0.012905063,-0.41932657,0.059467934,0.18436244,0.35162392,0.060603872,0.0022108129,0.08159152,0.08406225,0.17038846,-0.30975822,0.047480013,-0.032284983,-0.59052366,-0.16878647,0.03782095,-0.11490549,0.11290397,-0.10183901,-0.19300511,0.24376689,-0.06982002,0.07309163,-0.2348142,0.18692453,-0.05968104,-0.12028049,-0.14085121,0.55056274,0.09310389,0.119901046,0.058613647,-0.15354756,0.10869209,0.07063014,-0.65270466,0.08999007,0.29341498,-0.3674638,0.7341026,0.022426575,0.096109405,0.23015167,-0.06104555,-0.5374878,0.02254122,0.21195172,0.1877044,0.7841658,0.032534122,-1.5839304,0.35781857,-0.40062925,1.7008725,0.2677029,-0.09544068,0.3830425,0.08331859,-0.24648021,0.5032839,0.22536062,-0.4362397,0.065824725,0.0977417,-0.14941636,-0.0007636394,-0.6227627,-0.29754046,-0.42498887,0.36189878,0.34062594,0.18549697,0.23160246,-0.7537669,0.03468614,0.9116172,-0.32359093,-0.36010006,0.08122868,-0.8036973,0.102891214,0.26460287,0.43077624,-0.15348168,-0.08113638,0.21234398,0.08032397,0.16445076,-0.2963727,-0.2930875,0.5159423,0.14447083,0.027245056,0.3293308,-0.19024839
418,negative,-0.1304015,0.51178735,0.72738326,-0.40544268,-0.1727469,-0.008236041,-0.3144118,0.14442782,0.36812645,0.058293656,0.1723198,-0.1397234,0.29796332,-0.038565684,0.067254916,0.08202055,-0.26071355,-0.07298592,-0.5282477,0.24219754,0.69449717,0.21694705,0.2919583,-0.4200667,0.10760713,0.26920462,-0.3552078,-0.2508819,0.45867237,0.014815179,0.1273147,0.0045933104,-0.056138404,-0.37064075,-0.00085687963,0.294152,-0.19282751,-0.046926804,0.08823498,-0.28283656,-0.43402958,0.162288,0.13441722,-0.2756807,-0.10217982,-0.37055394,0.16610017,-0.17538698,-0.1490436,-1.0622135,0.1183974,0.09744381,0.25153506,1.056003,-0.11739066,-1.9964018,0.24331571,0.11081603,1.1175371,0.24842355,0.21233447,0.86539984,-0.031829514,-0.48347393,0.8129379,0.15857954,0.29265893,0.1604785,-0.31473774,0.16544315,0.28213918,-0.48998448,-0.5231517,-0.11774933,0.19230579,0.12309859,0.0061143665,0.19449517,-0.79875463,0.26879245,0.83084786,0.078780144,-0.2453657,0.15277882,-1.1214247,-0.0423098,-0.11369255,-0.1784041,-0.3413805,-0.5340915,-0.2907094,-0.03934803,-0.11327295,0.10331032,-0.6798633,-0.16327892,-0.23390467,-0.008591032,0.18296918,0.16885021
419,neutral,-0.16189773,0.034724887,0.13628855,-0.01005795,0.032276586,-0.07698308,-0.15016828,-0.02270175,0.041079648,0.21435967,-0.0059657395,-0.076240644,0.31798762,0.07594932,-0.0016203432,-0.12089423,0.042691357,-0.21804681,-0.4827171,0.020239057,0.34162745,-0.15974234,0.1289206,-0.07649649,-0.013145473,0.015987253,-0.109264985,-0.20053723,0.295882,0.023691075,-0.015580742,0.22522074,-0.019905444,0.035542782,0.09940223,0.019914117,0.09848182,0.06107543,0.009905253,-0.018715467,-0.4687472,-0.056841988,0.29881245,-0.1194491,0.1732692,-0.18154746,0.20935576,-0.06439742,-0.19162144,-0.3825657,0.06626471,0.19264072,0.16039953,0.9173922,-0.12705237,-1.7016459,0.013174228,-0.2545391,1.3249971,0.35964194,-0.098604135,0.2933696,-0.00095736224,-0.14889655,0.5805584,0.13888694,-0.026750838,0.22036159,-0.07618833,0.047719967,0.21756674,-0.3461909,-0.19243693,-0.43167248,0.0985391,0.024805464,-0.036876414,0.07238427,-0.72938544,0.056939077,0.5501751,-0.029628387,-0.27202928,0.12780683,-0.83724725,-0.026871288,0.079811916,0.100328505,0.09820875,-0.25470954,-0.057897408,0.008392919,-0.20770103,0.140974,-0.39533234,0.10953636,-0.05027178,-0.115845345,0.45659912,0.16572133
420,neutral,0.03649096,0.6174085,0.3942096,-0.0545945,0.08517793,-0.44343156,-0.43837288,0.02790222,0.12724853,-0.24214882,-0.11662441,-0.36365333,0.28900617,0.37182304,-0.13426772,-0.26542613,0.5477185,-0.5285562,-0.35439715,-0.13519347,0.75935996,0.29982454,0.12439808,0.34623012,0.005834817,0.102257855,-0.050228644,-0.12805681,0.57236785,-0.16701195,-0.09168766,0.6905894,0.2041323,-0.15107942,0.07598971,0.1704555,0.19504625,-0.11048376,-0.31203848,-0.29107377,-0.72562945,-0.1766224,0.3197432,-0.28461817,0.21994348,-0.1383972,0.38958892,-0.16377936,-0.15248182,-0.8460379,0.02658024,0.17810157,-0.120073326,0.98779035,-0.024695793,-1.6781622,0.009307784,-0.22037137,1.5236269,0.35860616,-0.27309564,0.46758878,-0.11104267,-0.20156288,0.47535652,0.109619804,-0.09953052,0.5219665,0.055435937,0.44096985,0.53980845,-0.19002858,-0.39662075,-0.035315856,0.024981549,0.13602498,-0.17814656,0.22157034,-0.83779544,0.2520796,0.6862047,0.089646086,-0.07036524,0.13325846,-0.9218534,0.14428768,-0.40009192,0.115042634,-0.0017390893,-0.35215437,0.31222647,-0.033351313,0.06792462,0.14714329,-0.46559972,0.02547668,-0.26596245,-0.26421198,0.22262092,-0.03104164
421,neutral,0.19375883,-0.15585148,-0.25874507,-0.47500327,0.5693277,-0.0010063793,-0.06997479,-0.096864685,-0.4651573,-0.29749587,0.02946919,-0.29238805,-0.050368916,0.05128613,-0.046508234,0.26021883,0.07536689,0.20199162,-0.1462116,0.23211884,0.13831778,0.14897671,0.46203867,-0.32087314,0.5688544,-0.28800318,0.24980876,0.0030877988,0.19228819,0.27315626,-0.1393457,0.5427796,-0.12485363,0.19568454,-0.17677437,0.1578424,0.12304205,0.2542878,-0.16962528,-0.17327586,-0.14869386,-0.34482214,-0.11945516,0.18007872,-0.16612262,0.0077307518,-0.0502945,-0.28440395,0.4202709,-0.072650105,0.12199012,-0.18772268,0.2940412,0.454865,-0.24875513,-2.1964576,-0.31733844,0.05575366,0.5899667,0.2204716,0.22649679,0.6980611,-0.11179049,-0.018442532,0.69751,-0.21464099,0.39312637,0.576401,0.054977056,0.28136432,-0.13538954,-0.02457473,-0.36734626,-0.30506855,0.007181991,-0.35280317,0.26517156,0.17612712,-0.6678422,0.12814221,0.041804586,-0.05173497,0.52814764,-0.17212246,-0.8014971,-0.23040342,-0.32317317,-0.1254732,0.23545733,-0.1822929,0.29988167,-0.39528328,0.38678202,0.15604128,-0.37278372,0.11294826,0.03583339,-0.10758291,0.22878878,0.07127342
422,negative,-0.12531233,0.58884454,0.25309938,-0.28111365,-0.41517612,0.34798172,-0.2246756,0.03388361,0.15074761,-0.16646849,0.08509212,0.1391888,0.10118714,0.00081703335,-0.08643766,-0.4292557,0.12298279,0.19121827,-0.584821,0.33060017,0.36911276,0.054433517,-0.067851245,-0.09779286,-0.09955683,0.22129391,-0.09703526,-0.46689948,0.36354032,-0.06200319,0.054463778,0.5801695,0.07559588,0.049540542,-0.014728284,0.17301296,-0.1461748,0.12314082,0.16446438,-0.15937613,-0.34376785,0.096613795,-0.24361137,-0.66893464,-0.22988494,-0.12292505,-0.15984192,-0.051291663,-0.53308696,-0.65313154,0.014895706,-0.20288663,0.033284508,0.6851023,-0.10493701,-1.7141424,0.42662355,-0.16068758,1.3979311,0.15814216,0.13398755,0.7676285,-0.1587819,-0.47232926,0.5330101,0.486818,0.24292856,0.47173953,0.007911341,-0.32827365,0.12656683,-0.34310785,-0.2692613,-0.37470415,0.29389727,0.27087703,-0.043371294,0.028835764,-0.5629163,-0.106164254,0.63600385,0.024504952,-0.33591136,-0.10906314,-1.4797366,-0.34023455,-0.009777704,-0.09847008,-0.39362946,-0.2990717,0.328856,-0.25619456,0.5264713,-0.23037516,-0.5876225,0.12295324,0.26456928,-0.0595558,0.3851591,-0.17303957
423,neutral,-0.003497271,-0.37234306,-0.07412612,-0.5167051,0.28669947,-0.16936548,0.052967332,0.04533541,-0.3383701,-0.27134445,0.010550601,-0.20221588,-0.08262202,0.10983157,0.25658008,0.16410662,0.09896236,-0.039392944,-0.18240236,0.04086706,0.32559612,0.09448451,0.19112137,-0.42129523,0.4697868,-0.048503134,0.34314477,-0.22666982,-0.013366129,-2.6619784e-05,-0.02968461,0.5884343,-0.11319406,0.10827107,-0.12038361,0.18266687,0.10789674,0.13325958,0.020874936,-0.13452768,-0.1491043,-0.0937387,-0.112609394,0.12119422,0.056849796,0.09919772,-0.29013017,-0.39744627,0.12918405,0.08143741,0.14666656,-0.21931356,0.04990279,0.29023755,-0.21517289,-1.5229588,-0.29313028,0.08961153,0.12729356,0.10839691,-0.010845474,0.3782503,-0.06476721,0.12249374,0.40290895,-0.026199855,0.33261997,0.5277503,0.013663355,0.34976694,-0.062081054,0.06940394,-0.19542642,-0.3313934,-0.19773193,-0.28178412,0.18841258,0.17286918,-0.36108017,0.10986438,0.15350887,0.004993269,0.2798273,-0.16798341,-0.45769295,0.14312547,-0.15526496,-0.06630198,0.16440637,-0.18568477,0.004045449,-0.20685428,0.25273588,0.24880998,0.040699687,0.19164214,-0.04126281,-0.40102163,0.066396885,-0.095777676
424,neutral,-0.13068926,-0.1227919,0.24091803,-0.33572483,-0.1189131,-0.19391091,-0.11868153,0.04234883,-0.10587613,0.30774742,-0.024186581,-0.24148875,0.3232637,0.19890623,-0.030730201,-0.1616571,0.26731986,-0.22241348,-0.6994294,-0.075855576,0.34239155,-0.0441837,0.13412322,0.12495173,-0.08395981,0.07353819,-0.16680664,-0.20343657,0.38620484,-0.056321166,-0.090420656,0.2674486,-0.0794249,-0.23445997,0.06330336,0.031165427,0.1304917,0.14414701,-0.042522475,0.05880322,-0.40217322,-0.14591227,0.2541166,-0.0055680373,0.37265652,-0.20398039,0.15613808,-0.050336786,-0.21728848,-0.62018037,0.1635331,0.120976724,0.12800318,0.95786273,-0.08072546,-1.8500426,0.017168337,-0.49761984,1.6466527,0.70416903,-0.110537656,0.39169696,0.07596935,-0.19987191,0.5783645,0.107015885,-0.1198967,0.43274882,-0.14714777,0.34513417,0.33383662,-0.5645047,-0.16196938,-0.42390513,-0.0032922872,-0.031803474,-0.1138319,0.5031827,-0.8203017,0.33848575,0.89911234,0.014582479,-0.31539243,0.12096374,-0.9530858,-0.10814415,0.26468176,0.22245531,0.38052496,-0.48158833,0.0800713,-0.16215439,-0.28983837,0.23078334,-0.3477401,0.24016118,-0.01448375,0.001267258,0.45777673,0.025034798
425,negative,-0.03243832,0.26444718,-0.04929459,0.13931322,-0.035662428,-0.037933234,-0.22975469,0.14668646,0.15926754,0.41575596,-0.09332316,-0.22995342,0.12930281,-0.10258674,0.053034816,-0.12172095,0.041585494,0.12780084,-0.5449211,0.010561927,0.23373222,-0.20047711,0.14566791,-0.10422268,-0.057883896,-0.06893921,-0.06612141,-0.033842172,0.08393144,0.1124118,-0.19614086,0.12960555,-0.08756195,0.09034459,-0.024009233,-0.13577482,0.22607408,-0.02795887,-0.107166134,0.02457515,-0.3755918,-0.21636368,0.08309421,0.067792326,0.262694,-0.30768266,0.30426922,-0.009968308,-0.26297146,-0.4857377,0.120699875,-0.050833307,0.17832834,0.89993715,0.013492805,-1.7297448,0.040377427,-0.22731656,1.4057338,0.2502462,-0.09037062,0.21050465,0.04136799,-0.09615335,0.6961493,0.038572546,0.18009342,-0.03270154,0.2322679,-0.10645004,0.108604,-0.37662727,-0.20747286,-0.3499982,0.115544096,-0.06798113,0.08341505,0.110804036,-0.77149904,0.2601503,0.6760235,0.07846555,-0.39178038,0.13171208,-0.9003938,0.17304967,0.21785358,0.05252597,0.04903454,-0.1683775,0.027460895,-0.18799126,-0.02147843,0.12688941,-0.48573357,-0.052009657,0.10606751,-0.19770208,0.48383215,0.10391485
426,neutral,0.10600452,0.3539114,0.23252484,0.05007706,-0.20008704,-0.42518103,0.022525137,0.3219048,-0.16190648,0.11369728,0.34540015,0.058262907,-0.17398562,-0.019813685,0.07534634,-0.24698123,-0.2557164,-0.23755655,-0.39354482,0.06674443,0.7056859,-0.056879964,0.0830057,0.600614,0.21447185,-0.3024788,-0.06118722,-0.22863108,0.21523537,-0.0035254871,-0.055616457,0.1126123,-0.2896138,-0.14560364,0.24690829,0.43421853,0.28043643,0.1409544,-0.06279505,0.051862426,-0.28130668,-0.3213634,0.06067874,0.028292133,0.13780126,0.04492296,0.22757144,-0.44533494,-0.1330738,-0.8806739,0.38310394,-0.18374902,0.13483638,1.1988122,-0.34706742,-1.8482404,-0.42472053,-0.108314715,1.3351444,0.08604065,0.20720643,0.059801616,-0.38374308,0.019818496,0.2263348,0.25044093,-0.13367799,0.092102155,0.30486554,-0.31490088,-0.096341185,-0.14217348,-0.11079213,0.053448185,0.00611079,0.10024164,0.13544235,-0.15396024,-0.66866213,0.06205702,0.5839466,0.0750895,-0.457307,-0.22566855,-0.85238284,-0.3337627,-0.13244164,-0.07942416,0.08340532,-0.10549341,-0.12954743,0.045921948,-0.23214768,-0.008439651,-0.43702808,0.093984865,0.13322476,-0.065181665,0.6828178,-0.2694531
427,negative,-0.083980575,0.34669796,0.36173123,0.10589684,-0.08059914,-0.075926855,-0.41102782,-0.07842147,0.17604733,0.11128704,-0.12501323,-0.115690984,0.17716266,0.09986796,-0.08648783,-0.04881405,0.15090895,0.019426117,-0.53196526,0.022436554,0.033823486,-0.12879403,0.10531966,0.047544803,0.015859129,0.055734906,-0.3808356,-0.09093727,0.5032086,-0.09338078,-0.010811945,0.38355067,-0.081261784,0.04082307,0.059763916,0.23885265,0.083256915,-0.17034309,0.014773644,-0.18127452,-0.4365871,-0.16960208,0.2455918,-0.6519954,-0.18637362,-0.30868897,0.096782856,-0.26086664,-0.15643534,-0.64674777,0.04039717,0.2690916,0.076346226,1.1775938,-0.014675362,-1.9612651,0.2179412,-0.20601216,1.1903466,0.012172133,-0.14978118,0.3345319,-0.29622397,-0.06736606,0.62348014,0.14964397,0.19681609,0.3824459,-0.26844662,-0.15726377,0.16394725,-0.37257093,-0.14849502,-0.29004776,0.16352856,-0.037219398,-0.26071027,0.19776064,-0.74398094,0.22045866,0.87984884,-0.18193023,-0.28175312,-0.17370942,-1.1880091,-0.03611343,-0.15619195,0.44818127,-0.07188785,-0.3748109,0.014367867,-0.25268432,0.067749225,-0.17087707,-0.433036,-0.2516138,-0.017577142,-0.05555006,0.17370743,0.17251985
428,neutral,-0.24767527,0.35564965,0.24531278,0.044402994,0.04197066,0.03556823,-0.28718504,-0.012266607,0.07250351,0.112602085,-0.24703173,-0.0693379,0.2613173,-0.0035563877,-0.12507881,-0.19025546,-0.011930724,-0.103937104,-0.424203,0.018951884,0.27454248,-0.1090837,0.2245874,-0.10520274,-0.01733744,-0.13009165,-0.08741687,-0.22981435,0.2517802,-0.12357034,0.08303143,0.28441343,-0.14972578,-0.019700669,-0.049067337,0.076917686,0.20525675,0.050535407,-0.15546991,-0.033505417,-0.6582292,-0.15278079,0.16510552,-0.16173503,0.0906142,-0.24415252,0.30986395,-0.34261402,-0.1992452,-0.74065614,0.18101965,-0.059874184,0.10569207,1.0434337,0.12560071,-2.0058618,0.15445079,-0.35095388,1.4263487,0.31249508,-0.07184889,0.453253,-0.20674573,-0.41208196,0.84720165,0.14581163,0.19080777,0.10081146,0.20825683,-0.081234634,0.27579218,-0.33105528,-0.23477732,-0.17453349,0.103727646,0.002682164,-0.12731993,0.12682775,-0.8957549,0.055895742,0.64490324,-0.0044062077,-0.22889452,0.087309845,-1.2468823,0.017948393,-0.13621867,-0.05291792,-0.12097584,-0.49768442,-0.026526472,-0.020446228,-0.19931306,-0.008949683,-0.44984815,0.05076739,0.0066869287,-0.1486405,0.41375792,0.23251712
429,neutral,-0.2444992,0.1720452,0.423931,-0.08244146,0.06664919,-0.032056328,-0.050502606,-0.0004713392,-0.023287667,0.06741045,-0.16615461,-0.035363447,0.38241085,-0.05799594,0.03071574,-0.28571698,-0.020144911,0.053101853,-0.6221936,0.04817486,0.11622693,-0.09036976,0.26616713,-0.07131173,-0.15732439,-0.048796155,0.0042498163,-0.2911006,0.2222677,-0.058067795,-0.084247164,0.38706216,-0.011795556,-0.14909533,0.10708019,0.19475783,0.094193086,-0.06403919,-0.058824155,-0.07176748,-0.4560327,-0.13727361,0.2690118,-0.39553282,-0.18154834,-0.15927534,0.14124136,-0.17147312,-0.11499712,-0.6436141,0.065037064,0.043233387,-0.11211386,0.8124636,-0.026060034,-1.9349939,-0.07413008,-0.17046191,1.1545627,0.279424,-0.19467139,0.61900145,0.03895483,-0.31189984,0.67891014,0.20030479,0.22048791,0.4317096,0.04988071,0.013579619,0.108464815,-0.26298973,-0.41212377,-0.3159877,-0.022591367,-0.047646765,-0.23710364,0.12264951,-0.5870388,0.18157317,0.5241902,-0.13908695,-0.25610837,-0.1078474,-0.8647725,-0.081151746,-0.19008292,0.027668007,0.13605544,-0.25157592,-0.008201191,-0.018406395,-0.111237414,-0.19164595,-0.5961853,0.15109405,0.030101797,-0.112202644,0.38695988,0.060214143
430,negative,0.05693891,0.16780613,0.44057927,-0.21404459,-0.07892323,-0.18799244,-0.19122264,0.10400507,-0.0849464,-0.11273314,-0.13934994,-0.0010324932,0.12536813,0.3080452,-0.10789756,-0.04295606,0.07701817,-0.09653111,-0.4883522,0.2129739,0.16718346,0.062228747,0.099060714,0.19475675,0.0506611,0.058236998,-0.13843079,-0.4673037,0.39216352,-0.04929791,-0.37415063,0.4956752,-0.25480005,-0.04945762,-0.41106397,0.10134753,-0.2295752,0.016720137,0.010316619,-0.07350487,-0.74407476,-0.09911853,0.07249461,-0.46450597,0.059853878,-0.22884266,0.26512077,-0.14795361,-0.12692325,-0.5893667,0.44428676,-0.26393402,0.04778112,0.720107,-0.055412162,-1.8715032,-0.05820504,-0.13999338,1.0235848,0.20079195,-0.02398441,0.21944411,-0.16985579,-0.38696447,0.51863545,0.23857276,0.13493374,0.72842026,-0.052490875,0.36722982,0.25655785,-0.008844549,-0.3266404,-0.17439409,-0.10701268,0.004629212,-0.07064532,0.039066873,-0.62486297,-0.051419627,0.7392021,-0.25042,-0.51519597,0.08029322,-0.82732546,-0.23396671,-0.013478101,-0.0638019,0.07120483,-0.37376288,0.2089091,0.07768926,0.26557875,0.2027816,-0.38563228,0.2678284,0.15223938,0.06590754,0.16963089,0.053429496
431,negative,-0.07025147,0.29936662,0.22874871,-0.017086584,-0.078899905,0.21308327,-0.26469383,-0.04718378,0.20161399,0.023877734,-0.09458,-0.010195818,0.23906066,0.083818436,-0.082575284,-0.060699873,0.06062747,0.0513523,-0.47141132,0.22359937,0.20980656,-0.037555967,0.19195476,0.032989003,0.124549955,-0.015717186,-0.17188132,-0.28825867,0.19999138,-0.0329303,0.089469835,0.14713015,-0.17395705,0.05161884,-0.051307127,-0.028160335,0.07312956,0.07522515,-0.026504332,-0.019621601,-0.628401,0.0057591787,0.0723287,-0.19487454,0.16443597,-0.05088595,0.22426566,-0.041869387,-0.14094928,-0.59630686,0.20466143,0.041118044,0.017936561,1.0202155,0.092936374,-1.8632609,0.009622612,-0.29762635,1.3300745,0.28597292,-0.11923921,0.5027575,-0.11292999,-0.18851529,0.74506867,0.029001666,0.15281826,0.113653205,0.03843836,0.010910815,0.07899865,-0.27870807,-0.23349227,-0.28468776,0.26146233,0.102231644,-0.13475923,-0.005213795,-0.8661944,0.12083451,0.6073986,0.18078691,-0.2200211,0.19269826,-1.0932142,-0.14875282,-0.06616473,-0.0009687573,-0.1280095,-0.44176763,0.021368947,-0.07142392,0.046910334,-0.023300359,-0.41206515,0.04523178,-0.082446456,-0.169022,0.38166523,0.07823569
432,negative,-0.27579904,0.02707462,0.10272208,0.07554234,0.009484161,-0.33772147,-0.14124057,0.038060673,0.071222275,0.45268822,-0.07719744,-0.051982883,0.37514776,0.21684273,-0.086074814,-0.003893532,-0.21406473,-0.22602226,-0.37623978,0.045591142,0.49268195,-0.21916342,0.15028264,0.12820846,-0.015925149,0.22051083,-0.25319043,0.105872795,0.2017651,0.08897199,-0.1631927,0.13102573,-0.19731775,-0.013687471,-0.02248923,0.010626559,0.23506632,-0.22078103,0.076062195,0.027981678,-0.5494853,-0.0057324427,0.2760859,-0.027340362,0.42346492,-0.13606061,0.12882334,-0.104518875,-0.018905774,-0.515151,0.21354513,0.08784048,0.008341259,1.0616049,-0.13004914,-1.7198578,-0.097414166,-0.24512134,1.342576,0.4250079,0.04658881,0.27470872,0.072679274,-0.1258548,0.40249217,0.105968334,-0.11203416,0.18226276,-0.17237604,0.18270315,0.35198987,-0.5875547,-0.5071708,-0.39395654,0.14973623,0.046789,0.04623276,0.20535411,-0.8548948,0.20788106,0.84194374,-0.27165103,-0.2604058,0.09667673,-0.73567045,-0.18848385,0.23863873,0.21772146,0.09827578,-0.3095409,-0.053044844,0.24996527,-0.35859045,0.06948347,-0.3958004,0.31994838,0.18519937,0.16609377,0.30119684,0.21262535
433,neutral,-0.13165976,0.01798176,0.14366366,-0.18373547,-0.07129267,0.40916628,0.027475528,0.25005853,-0.034149062,-0.063296884,0.0052117803,-0.048706096,0.109944,0.12599768,-0.07799006,0.04453638,0.01737297,0.172308,-0.39459962,0.27154297,0.20855948,-0.08290968,0.09646806,0.10499613,0.33153138,0.08918743,-0.40772912,-0.36530587,0.23515213,-0.13584411,-0.24161556,0.32267797,0.17265998,-0.051291816,-0.02483376,-0.2148369,-0.13678187,0.01141223,-0.0940515,-0.10293271,-0.15820144,0.1394868,-0.11085765,-0.2529345,0.078720495,0.18047611,-0.08069637,-0.4717353,0.18073387,-0.3267244,0.14834338,0.3206252,0.2512607,0.5191308,0.040804107,-1.6462333,0.083712436,-0.044975784,0.6954313,0.3315818,0.049759194,0.71812177,-0.3618821,0.031844646,0.4198799,0.08264548,0.3343468,0.45438537,-0.17252618,-0.3000431,-0.06513191,-0.0664186,0.282918,-0.27074015,0.11648452,0.2101516,0.08757452,-0.023156514,-0.37094966,-0.14360677,0.081145525,-0.0981239,-0.24763682,-0.07196532,-0.6425403,-0.34222847,-0.01283103,0.0059532924,0.037875652,-0.009852506,0.096523546,-0.020062765,0.018837336,0.19740598,-0.33972317,0.063469306,-0.1382194,-0.05720645,0.12869525,0.20825548
434,neutral,0.07215094,0.14062159,0.27373025,-0.21466342,0.1543024,0.16256991,-0.23703896,-0.13136871,-0.008008247,0.019651592,0.009416844,-0.09961983,0.06451412,-0.02068946,0.10077281,-0.082359746,0.17671895,0.058668207,-0.2975019,0.3970627,-0.0067657554,0.0076017794,0.13097803,-0.34148732,0.17740159,-0.04432102,0.098126486,-0.19452778,0.17889233,0.09388956,0.04084971,0.5333426,-0.13015597,-0.0023538542,0.11415397,0.112301454,-0.08378884,-0.055300545,0.0632527,-0.1431623,-0.40807188,-0.047717433,-0.08619431,-0.07779483,-0.05760842,-0.18209137,0.11341752,-0.3711846,-0.06460483,-0.7247886,0.25290474,0.25601193,0.17125326,0.78467655,-0.12828743,-1.7822666,-0.060997307,-0.1099702,1.3522257,0.23779605,0.016149767,0.62729275,-0.17459278,-0.29503182,0.64128613,0.077184156,0.41634217,0.30994156,0.064187706,0.030985953,0.027597306,-0.2525545,0.029318323,-0.28711998,-0.00910456,0.119357884,0.04210498,0.0067798924,-0.5060776,-0.10103869,0.49259079,-0.26480842,-0.18742034,0.036020856,-1.2435596,-0.18850859,-0.117243215,0.06392692,0.037962783,-0.20577939,-0.02973881,-0.1146696,0.0062549957,-0.13660239,-0.18022303,-0.012101643,-0.29521644,-0.27681383,0.5074551,0.20855398
435,neutral,-0.24332996,-0.0016532897,0.2094379,-0.20836954,-0.18371773,0.55403054,-0.119325124,0.13772495,-0.037897352,0.04393623,0.04461077,0.014558542,0.059610542,0.20269604,0.00044230098,0.040969618,0.048328307,0.050256077,-0.25235018,0.16720206,0.17902112,-0.0986762,0.029339278,-0.16362664,0.12939323,-0.054463115,-0.31085274,-0.25853595,0.16311182,-0.22244498,-0.37280062,0.44107196,-0.06494614,-0.043770127,0.006852524,-0.047856737,-0.2021798,-0.09227204,-0.112715036,-0.10534225,-0.11692787,0.042336352,-0.25442743,-0.35053787,0.008561744,-0.038335726,0.014998506,-0.3733712,0.20167604,-0.4877677,0.07391948,0.25426537,0.06307191,0.73635536,0.12522523,-1.7760562,0.039945778,-0.16243808,0.9859126,0.34235144,0.13494737,0.6850152,-0.45245442,-0.05885567,0.5373095,-0.038992748,0.26738906,0.4725796,-0.16304561,-0.37315392,-0.01195113,-0.15191275,0.2927069,-0.61137754,0.036308266,0.038641386,-0.151155,0.039105825,-0.34985822,-0.18183981,0.26995224,-0.049768746,-0.38958785,0.0771494,-0.69536287,-0.35899454,0.19960259,0.10240593,-0.14592144,0.09090582,0.0028654237,-0.090314336,-0.17781022,0.010296421,-0.4116193,0.07953345,-0.17413324,0.069024205,0.51312065,0.27486914
436,negative,-0.12910777,0.32438958,0.4007556,-0.07008068,0.15962173,0.009319012,-0.01038782,-0.2264961,-0.2929041,0.24216494,-0.12566695,-0.1584791,0.46539837,0.22976485,-0.05249083,0.00014548509,0.23902665,-0.32702625,-0.5296677,0.20554338,0.6503708,-0.18312901,0.12831816,-0.09158578,0.280807,0.09144153,-0.14931303,-0.27325478,0.38884893,0.09118512,0.05444936,0.21168433,-0.13421763,-0.41444305,0.115136765,-0.06693638,0.015618578,-0.034020416,0.12838759,0.10863416,-0.64939034,0.041038778,0.37505695,-0.073818095,0.48089305,-0.21428105,0.068362385,-0.05156826,-0.1472723,-0.28004685,-0.270318,0.13410588,-0.050076637,1.1526526,0.011359406,-1.8968022,-0.055352308,-0.20014878,1.3528669,0.6096745,0.0963224,0.58114463,-0.006178176,-0.08980141,0.49391064,0.13680543,-0.108261384,0.3374171,-0.1583549,0.20656832,0.15620682,-0.40134612,-0.39236644,-0.24557431,0.008427155,0.06405151,0.10564224,0.13596033,-0.82965076,0.13547274,0.5695143,0.16325302,-0.049083482,0.14223304,-0.8325104,-0.11822092,0.0123956315,0.15736046,0.3375482,-0.08509872,0.2639836,-0.17630163,-0.14073558,0.2308671,-0.5952234,0.06864379,-0.0475301,0.044413425,0.36186832,0.032666307
437,neutral,-0.3018457,0.28470927,-0.00763616,-0.118943624,0.09532245,-0.0048842966,-0.30991703,-0.19002457,0.10745858,0.2643249,-0.04165417,-0.051639874,0.39719602,0.027746873,-0.03770393,0.019174011,0.07687422,-0.36557156,-0.45558408,-0.104037166,0.19247408,-0.2712165,0.13820189,-0.035968773,-0.15264848,-0.12921986,-0.16998526,0.005609234,0.214191,0.001464118,-0.12689883,-0.14973184,-0.0754708,-0.26944497,0.30575508,-0.029792525,-0.062112253,0.15515406,-0.027869463,0.1232941,-0.5595821,-0.031196235,0.12028083,-0.4056083,0.17086756,-0.22116075,-0.1932128,-0.28232282,-0.2635518,-0.2746108,-0.0055907317,-0.16223827,0.10150194,1.0026581,0.039694592,-1.5652903,0.08284171,-0.3586186,1.3821943,0.32795745,-0.07791068,0.60277057,0.021060202,-0.31977108,0.5437736,-0.029244183,-0.01661975,0.15624596,-0.34946576,0.20011832,0.28635883,-0.42733327,-0.2697671,-0.44820568,0.2613924,0.06608289,-0.090059794,0.12118778,-0.69118714,0.14016856,0.6878445,-0.1313904,-0.21014875,0.048221678,-0.82367635,-0.30925056,-0.10471928,0.17425065,0.17569889,-0.38553646,-0.08888963,0.07358985,-0.16854078,0.042645734,-0.7273138,-0.11514338,0.078157894,0.079212226,0.33573997,0.17128648
438,neutral,-0.16772133,-0.084877245,0.12812933,-0.19974051,-0.13643304,-0.20352696,-0.29753202,0.17951009,0.029939938,0.21018754,0.096992925,0.1278936,0.17674203,0.0060488572,0.08700517,0.0669384,-0.002007755,-0.15722078,-0.32695597,0.06493622,0.34881634,-0.16723806,-0.19867253,-0.067146964,0.029377641,0.26838493,-0.071916044,-0.040861886,0.057328552,-0.18103759,-0.10757591,0.21589336,-0.22725359,-0.19279651,-0.026510973,0.12238933,0.0261121,-0.13366562,-0.062271427,-0.04899349,-0.3832673,-0.021634154,0.13688274,-0.19393767,-0.0031243348,-0.16166191,0.20159201,-0.21426041,0.013754963,-0.6543418,0.16654773,0.17958158,0.13371952,1.0242368,-0.08329793,-2.061887,-0.15184318,-0.42630243,1.4857862,0.354407,-0.28735226,0.60778075,-0.2812496,-0.19133945,0.5941889,-0.080263965,-0.015304182,0.25245452,-0.14574595,0.18309408,0.0831266,-0.4510689,-0.38602757,-0.43290743,0.12708132,0.1503228,-0.13037883,0.22931933,-0.9159748,0.033329826,0.58271766,-0.37110624,-0.057413198,0.13282429,-1.0438114,-0.15077706,0.113891795,0.34563237,0.22682059,-0.4996066,0.06117741,0.002485251,-0.23579548,0.13122429,-0.37899658,0.029447574,0.13360704,-0.2823022,0.40913036,0.39811453
439,neutral,-0.2038958,0.07650744,0.22303304,-0.13554135,-0.023386398,-0.14134872,-0.012537866,-0.089754656,0.10070283,0.13032614,-0.03322525,-0.020537209,0.101096876,-0.16447215,0.03941904,-0.1676656,0.076961644,0.050989628,-0.20921454,0.10659149,0.24539822,-0.09299787,0.18346609,-0.14677934,-0.02925162,-0.080166705,-0.03188439,-0.21843684,0.106341444,-0.052993685,0.032449186,0.39168018,-0.2199174,-0.08773951,0.046099022,-0.06799743,0.14263918,0.089566305,-0.11645938,-0.11325101,-0.40776902,-0.017691394,0.10429529,-0.21034022,-0.060655974,-0.29528534,0.27829176,-0.12691683,-0.15741843,-0.5255828,0.1442571,-0.035952352,0.11209535,0.72593826,0.17555898,-1.7685039,0.17404702,-0.017705696,1.0187154,0.36813095,-0.027592044,0.31024635,-0.20239557,-0.10857972,0.6178937,0.16772416,0.2339869,0.23427156,0.066704325,0.051821075,0.16632675,-0.12428127,-0.21097785,-0.19992627,0.027705843,-0.10870161,-0.10661196,-0.045715887,-0.6712559,0.09354848,0.45319727,-0.0008655536,-0.3455526,0.075102724,-0.90497667,0.09431601,0.15554959,0.034190632,-0.013352152,-0.34553626,0.043771267,0.016038248,0.054601938,-0.045304082,-0.19890757,0.13289547,0.01034421,-0.19212495,0.33314675,0.22028865
440,neutral,0.014380928,0.12348772,0.49450353,0.0968954,0.19303338,-0.42348483,0.002188664,0.14104716,-0.06772532,-0.086542256,-0.28740928,-0.14379126,0.31497273,0.14421551,0.19609503,-0.19599587,0.22298856,-0.2071435,-0.3290167,-0.32348678,0.35355213,-0.03455721,0.460012,0.015483229,0.16003811,-0.002433644,-0.03261976,-0.19134153,0.3011452,0.10735788,-0.25571874,0.3119465,-0.054757707,-0.23669861,-0.06215559,0.027204204,0.19622831,-0.013378435,-0.20641781,0.033304915,-0.611935,-0.47079065,0.10149684,-0.055584718,0.33111858,-0.04907468,0.21442397,-0.17455168,0.012715941,-0.41273487,-0.031264473,0.41437337,0.016674988,0.74079275,-0.17869546,-2.0231721,-0.21682298,-0.31162757,1.6600798,0.30402747,-0.39796773,0.21031421,-0.29035923,-0.31271762,0.47120437,0.12833014,-0.15278266,0.07349552,0.530371,-0.071275406,0.09782094,-0.46159524,-0.049917974,-0.28264612,0.17133608,-0.37533715,-0.013837059,0.15274036,-0.77364874,0.035159834,0.5115324,0.2256718,-0.29163072,0.21495472,-0.89548284,0.029731248,-0.043961164,-0.16192988,-0.015565961,-0.16854247,0.045110635,0.08063789,-0.08426494,-0.009582037,-0.2776326,0.22031324,-0.24168442,-0.14377661,0.48671442,0.18300414
441,negative,-0.15776426,0.2570569,0.15502393,-0.060318395,-0.122,0.2420571,-0.10136944,0.111468896,0.13496529,0.15563881,0.032884914,0.025631934,0.41040772,-0.037582763,-0.052098747,-0.18377791,0.031400826,-0.121269375,-0.42310187,0.27349484,0.4071713,-0.03363924,0.07932719,-0.029730845,0.18314686,-0.1293901,-0.10209441,-0.18159103,0.09412532,-0.032941747,-0.003349027,0.22328144,-0.16283697,0.0052500083,0.02062344,-0.010492195,-0.010797268,0.10944488,0.09270298,-0.025847292,-0.48138094,-0.10524426,0.08688371,-0.21066335,-0.015178301,-0.049745504,0.05415508,-0.12036347,-0.12167729,-0.5013438,0.12873158,-0.08894938,0.0585915,0.9533515,0.019434504,-1.7178096,-0.049206607,-0.28192627,1.2939959,0.3818028,-0.062498808,0.6594734,-0.15556794,-0.15400237,0.5318525,0.10990864,0.15337473,0.11790555,0.09291229,-0.04760203,0.0818882,-0.23463415,-0.06413602,-0.27942964,0.24408275,0.055466216,-0.024090746,0.06857175,-0.7961741,-0.10203129,0.48333466,0.19404468,-0.23086044,0.03332454,-1.0703049,-0.007316356,-0.056739576,-0.13213688,-0.11111442,-0.21479003,0.06593477,0.030675864,0.054779343,-0.09829896,-0.6100385,0.109827,-0.13228425,-0.097449176,0.24981499,0.18028945
442,negative,0.027869,0.5351342,0.091077894,-0.06519285,0.29827827,0.22683796,-0.09650533,-0.03873036,0.18927723,-0.012067707,0.091254205,0.14454737,0.16169094,0.21031661,-0.050462436,-0.14481777,0.009305817,0.0026232968,-0.5208748,0.17119163,0.028673086,0.042962722,0.3449054,-0.2025514,0.1488476,-0.17119108,-0.17979129,-0.46671724,0.073793024,-0.32721257,0.0614758,0.48324993,-0.21784298,0.44698095,0.0050495765,0.15644248,0.3098198,0.25561556,-0.08244091,-0.18528663,-0.6458575,0.068461396,0.5867872,-0.57591707,-0.15077493,-0.24517618,0.41587567,-0.5866753,-0.022312338,-0.9425856,0.010627259,-0.1407471,0.22425051,1.2283162,-0.32426435,-1.9921327,0.009648567,-0.25817013,1.2841315,0.7040046,-0.047940932,0.5939876,-0.14739518,-0.1614249,0.81007487,-0.07061227,0.39407417,0.3448307,-0.047493093,0.14658165,0.30851293,-0.48743173,-0.155649,-0.2132184,0.22832444,0.0059386874,-0.19958037,0.37258905,-0.936051,0.08555829,0.67602295,0.12093579,-0.42734438,0.1597155,-1.4556866,-0.2146488,-0.10802673,-0.12950452,-0.23709603,-0.2789472,-0.11285337,-0.469823,0.026584376,0.26386604,-0.29031256,-0.073726,-0.26876754,-0.21377546,0.46704704,0.40419137
443,neutral,-0.112148196,0.02288961,0.21315248,0.19225745,0.028568182,-0.22257371,-0.075747944,-0.04081,0.17702286,-0.03803147,0.038388915,0.088747755,-0.08834059,-0.104363725,0.15200876,-0.010335586,0.11684113,0.059158444,-0.3123686,-0.004352865,0.28642753,-0.08248826,0.050388757,-0.1262447,0.2264825,-0.05201196,-0.07145264,-0.27851397,0.10549111,-0.32064292,-0.08269065,0.16161187,-0.004696734,0.015455541,0.051912636,0.06631539,0.093410164,0.1567267,0.1515568,-0.26026893,-0.3003638,-0.13166349,0.22264038,-0.37007585,-0.15871704,-0.031004902,0.17741996,0.03974127,-0.30457506,-0.5490574,0.00709295,-0.035995074,-0.13001774,1.1055146,-0.054081984,-1.8807677,0.1298407,-0.1299066,1.1702466,0.505489,-0.31202462,0.15409715,-0.2822805,-0.098777264,0.68233776,0.08345624,0.028125992,0.14325973,0.08275623,-0.18320873,-0.085430175,-0.18617456,-0.25410348,-0.35366535,0.12171593,-0.116321124,-0.014825889,-0.055909198,-0.48322058,0.021347314,0.39860457,-0.116689384,-0.4512732,-0.14825274,-0.8965638,0.006787438,0.034115475,-0.014681207,0.023005305,-0.17614654,-0.31506535,0.20393124,-0.19859777,0.08004827,-0.40299276,-0.16596754,0.08214655,-0.18861462,0.30503395,0.37301502
444,negative,0.11307738,0.26241145,0.2895225,-0.18298705,-0.037947487,-0.2560315,-0.06817829,0.100595035,-0.12623684,0.103895694,0.17991942,-0.06930919,-0.1536294,-0.07396244,0.15195101,-0.22046436,-0.21950002,0.24693592,-0.19246463,0.22763413,0.3602596,-0.04608126,0.15340286,0.09403575,0.34689006,0.032725498,-0.27386183,-0.34127778,0.021288445,-0.057093833,-0.031890627,0.254645,-0.017937845,-0.080532566,-0.04016079,0.37652707,0.011511764,0.20968702,0.16702244,-0.06752915,0.1320434,-0.26545373,-0.076023355,-0.2973393,-0.031324137,0.03522755,-0.13272345,-0.38067254,-0.11186276,-0.8105192,-0.118498735,-0.1487153,0.081175596,0.79049635,-0.250059,-1.5072259,-0.11460644,-0.1727693,1.2483912,0.010133639,0.12522998,0.28091326,-0.27810827,0.070112236,0.18478389,0.108366996,0.34253988,-0.052064348,0.2523617,-0.14786462,-0.098769724,-0.019410102,-0.07315268,0.03099433,0.04039452,0.16976327,-0.044681646,-0.09002218,-0.68723166,0.13346608,0.4310893,0.13528274,-0.17592864,0.048470203,-0.6819154,-0.34603074,-0.13027012,-0.06449154,0.011276452,-0.19155107,-0.10610677,-0.013770449,-0.14129052,-0.4228843,-0.68073213,-0.13887271,0.106455944,0.009866115,0.14435454,-0.06897653
445,negative,0.18980768,0.46355647,0.39430577,-0.34564304,0.11405519,0.120357096,-0.67526704,-0.11671863,0.17874804,0.23427923,0.13393962,-0.10522632,0.34833258,-0.040073894,-0.18751343,-0.31506807,0.42631605,-0.34235516,-0.95549685,0.10761285,0.46981516,-0.21454702,0.39119083,-0.07284815,0.06312298,0.47219384,-0.24769805,-0.23167942,0.6499905,0.16657147,0.049964473,0.021520937,0.22164957,0.081776604,0.27469602,0.18051735,0.015328219,0.025126405,-0.17059104,-0.2250858,-0.8179265,0.4614353,0.3258264,-0.45839864,0.185333,-0.35272396,0.3326553,-0.2090205,-0.15606026,-0.7217116,-0.40795878,0.35411802,0.3710108,1.2166762,-0.11347354,-1.607116,0.26240233,-0.22521143,1.2140232,0.15843116,0.1585602,0.28967232,-0.2753491,-0.5958711,0.52590346,0.45165026,0.17607152,0.21664587,0.0690642,-0.17513423,0.61653,-0.2677013,-0.12876946,-0.34614038,0.41267467,0.08437885,-0.41640332,0.018284665,-0.97839564,0.44285747,0.8470864,-0.17990498,-0.4153994,0.089357264,-0.858801,0.14879453,-0.5336661,-0.21247151,0.013736125,-0.26321378,-0.07460213,0.047315583,-0.1816722,0.28220445,-0.60998595,-0.17630178,0.07349398,-0.21842918,0.28571102,0.1727386
446,neutral,-0.022166017,-0.073932566,-0.02664029,-0.55310863,0.09030678,0.24261744,-0.42053783,0.15906693,-0.41349515,-0.21751072,-0.17471105,-0.13799973,0.14309756,-0.22069876,0.2987884,0.7584264,0.06642858,0.34383792,-0.033328045,0.18941344,0.5874643,-0.1655529,0.18460283,-0.22340037,0.45989212,-0.0032622549,-0.17264856,0.13303797,0.054289613,0.3300724,-0.12327804,0.47265348,-0.2213747,0.08866634,-0.22860232,0.4392855,-0.199175,-0.09411691,-0.36905757,-0.39227912,-0.14246066,0.20261188,-0.43926448,-0.12692276,-0.35546923,0.29247278,-0.009013924,-0.18082225,0.10949927,-0.19443116,-0.33764046,0.07544079,0.24216846,1.0504647,-0.13753594,-2.085698,-0.21076758,0.25113446,1.0638924,0.2319018,0.34506235,1.1321676,-0.07319646,-0.3390856,1.2583442,0.10049188,0.13910331,0.4979685,-0.266288,-0.039602887,0.1520375,-0.5302467,-0.38675484,-0.21756144,-0.21533795,0.5784524,-0.27724952,0.276241,-0.5275277,0.09268526,-0.110946,-0.7449939,-0.11257472,-0.09220723,-1.155496,-0.20301974,-0.11777542,0.26589352,0.37873015,-0.16861099,0.28588396,0.17640167,0.45817566,-0.5063614,-0.29611808,-0.48974025,-0.16979766,-0.33444118,0.47442883,0.21731983
447,negative,-0.09500753,0.14557263,0.33614558,-0.16746828,-0.008123286,-0.12729411,-0.24508634,-0.032401968,-0.04281647,0.21591218,0.00070976507,-0.22073388,0.15337385,-0.12943438,-0.06764732,-0.10423688,0.29803908,0.021145752,-0.34723285,0.101127885,0.23321861,-0.27718046,0.104328185,-0.024377381,0.039286476,0.007827567,-0.24346536,-0.29011127,-0.0060548685,0.019793175,0.047910243,0.55688363,-0.2509819,-0.0945557,0.06415727,0.2448654,-0.1451433,-0.009694981,0.0046564713,-0.14897254,-0.59828305,-0.06815719,0.21204425,-0.34460312,-0.10434135,-0.12897332,0.15516752,-0.2878542,-0.16275148,-0.71990097,0.21127367,-0.03219572,0.03378101,1.1457475,0.11320363,-2.1036901,0.20891394,-0.1985587,1.7414536,0.43430325,-0.12722148,0.42492923,0.101077,0.0014161754,0.72917396,-0.1043718,-0.0648812,0.34138274,0.032411862,-0.13725805,0.2689855,-0.32954958,-0.1286927,-0.26522666,0.0065775337,-0.149013,-0.1673706,0.13668865,-0.7955035,0.16571082,0.61487025,-0.124000914,-0.40922585,-0.0040272092,-1.3727884,-0.048533347,0.23124245,-0.093712464,-0.19926085,-0.4271644,0.099054515,-0.07631806,-0.07754693,0.06283072,-0.21062705,-0.028343394,0.023616064,-0.34109834,0.45268002,0.18531714
448,negative,-0.34308434,-0.25193667,-0.03356418,0.15080129,-0.052812207,-0.21818583,-0.29882705,0.2271596,0.20458087,0.2727989,0.027947813,-0.21456562,0.29394725,0.4195478,-0.07679028,-0.10765488,-0.085868165,-0.28960913,-0.89538455,0.22041416,0.24137299,-0.25591576,0.32297495,-0.062139947,0.0047242586,-0.02087729,0.009209499,-0.3822586,0.40259317,0.15371512,-0.11361606,0.08275758,-0.15609226,0.021472948,-0.077362366,-0.026998188,0.3038346,0.10490178,-0.18800834,-0.008699505,-0.5280418,0.07471376,0.38378853,0.104296625,0.10534121,-0.4034994,-0.077792875,0.08183936,-0.08876017,-0.37718475,0.4625457,0.15906596,0.32886055,1.1800658,-0.037401326,-1.5404215,-0.12418803,-0.1347286,0.9990187,0.34145972,0.10545468,0.27946055,0.004583553,-0.21767923,0.5643187,0.26729384,0.19183293,0.56886286,-0.28094998,0.12351789,0.38878557,-0.5229576,-0.3187809,-0.6118955,0.05849855,0.085778765,-0.13053451,0.17896764,-0.6329056,0.088092886,0.71918076,0.04384372,-0.10836949,-0.10284883,-0.76376075,-0.2608791,0.20054267,0.35843807,0.20854759,-0.3312568,0.2349055,0.05957557,-0.22138055,0.0872953,-0.45842415,0.35291234,0.026611324,0.10287629,0.2750341,0.23736374
449,neutral,0.061826948,0.27203128,-0.16784135,-0.29725972,-0.3071394,0.44799158,-0.6202534,0.099142976,0.007906768,0.10344741,-0.350375,0.27624342,0.18453501,-0.03931599,-0.30366182,-0.06547441,-0.021867488,0.1222614,-0.32679984,0.08719542,0.46498796,0.06930009,0.15919866,-0.17080554,0.03770683,-0.06614532,-0.35524604,-0.28366593,0.6557252,-0.293196,-0.09061961,0.3983493,0.18982905,0.08514361,-0.06043205,0.07899976,0.23316239,0.0353204,-0.16791633,-0.11180734,-0.514762,-0.18698788,0.44088337,-0.18708307,0.029658724,-0.19673866,0.27926052,-0.060399,-0.15356295,-0.82552826,0.4079562,0.016529802,-0.09394934,1.0815425,-0.17748308,-1.7689564,-0.02307241,0.0034520705,1.6199614,0.26660678,-0.27532464,0.43968767,-0.20018783,-0.27682042,0.67827964,0.13166241,0.32538307,0.096509896,-0.005439315,-0.074794315,-0.027947789,-0.41690227,-0.35652053,-0.45984194,-0.046988443,0.35943553,0.2575212,0.017707841,-0.84727204,0.18604332,0.48515782,-0.46098194,-0.13641039,-0.0843277,-1.2421927,-0.31555858,0.021227362,0.099252194,0.00013435217,-0.23679137,0.16646904,-0.29845974,-0.16623431,0.13009386,-0.23839574,-0.06936315,-0.20947002,0.06177576,0.5307268,0.2206766
450,negative,-0.1486514,0.33430934,0.14534235,-0.06658062,-0.09148481,0.18815294,-0.15851763,-0.084941715,0.14880101,0.14292453,-0.15234089,0.01989805,0.32468733,0.12479163,0.01998741,-0.17144763,0.048924174,-0.0652364,-0.4530257,0.1596459,0.35084862,-0.11855086,0.11376823,-0.026153294,0.027768841,0.047751322,-0.06094613,-0.29328552,0.20624681,-0.006505458,0.054956082,0.21606293,-0.09803456,0.031020047,-0.08549019,-0.0065220776,0.038450435,-0.045473948,0.03658414,-0.021083228,-0.4793335,-0.041209888,0.037240442,-0.3516375,0.15796563,-0.14425713,0.21991807,-0.10337969,-0.26345375,-0.5894269,0.12845057,-0.14594515,0.10317467,1.066068,0.0634602,-1.9089037,0.01793132,-0.19487634,1.1998377,0.26762798,0.0066567864,0.6639789,-0.12754764,-0.27928048,0.66643465,0.18447445,0.26088017,0.15841737,0.059382536,-0.07527678,0.18721399,-0.3110629,-0.2094016,-0.21314333,0.20959653,-0.066621296,-0.0534829,0.13467826,-0.80292517,0.17977653,0.5061217,0.14690273,-0.26660597,0.2002381,-1.1151283,0.04396075,-0.13538541,-0.041015934,-0.07153216,-0.2167964,0.014278117,-0.11636443,-0.049722474,-0.019671092,-0.5334384,-0.0076911226,0.05710246,-0.13129702,0.4465203,0.09454171
451,neutral,-0.22952679,0.28276545,0.22831166,0.0012413296,0.10443369,0.02225716,-0.22703199,-0.055332813,0.06129061,0.07208017,-0.18072599,-0.11499912,0.27825704,0.13234968,-0.2048892,-0.19225827,0.1651104,-0.093257576,-0.4756676,0.014263717,0.2666219,-0.060556963,0.21998973,-0.17208445,-0.039223865,0.02294526,-0.1287803,-0.23869203,0.22404854,-0.1692728,-0.013068946,0.25190908,-0.13135237,0.104584135,-0.18237463,-0.016976051,0.032039527,0.007487494,-0.16499373,0.03969869,-0.5729216,-0.11005194,0.17468587,-0.20258643,0.088388436,-0.27009523,0.27558252,-0.15441613,-0.1912981,-0.676285,0.30900982,-0.017608574,0.15077145,0.9085166,0.13053088,-1.9639982,0.20906402,-0.2097041,1.3595988,0.39528316,-0.12522785,0.42839813,-0.17720044,-0.36808658,0.73993134,0.019212492,0.16740364,0.24420646,0.084746644,-0.025579551,0.18130733,-0.3790115,-0.22553925,-0.1928005,0.15506378,0.049405318,-0.054855958,0.14721307,-0.9335166,0.046653282,0.5575091,0.11192297,-0.14428766,0.21814689,-1.1525073,0.065838836,-0.17599444,-0.0015424454,0.0036378151,-0.50823945,0.012937975,-0.05665714,-0.16727471,0.13920842,-0.4382109,0.033499025,0.062167462,-0.17999,0.43903548,0.32384935
452,negative,-0.16353218,-0.052850485,0.372537,-0.052495956,0.22042455,-0.19949012,-0.0464652,0.101480044,-0.20719557,0.14796564,-0.007503315,0.106267855,-0.1278034,0.041591372,0.02878467,-0.0013539424,-0.020557204,0.039770976,-0.40261397,-0.12580238,0.48151267,-0.10416241,0.025828494,0.099606685,-0.02015205,0.10857593,-0.22187121,-0.27314827,0.1444258,-0.26387048,-0.16109632,0.30605537,0.018824594,-0.009115943,-0.24651676,0.10891236,0.028584419,-0.036570705,-0.11621731,0.14056185,-0.3377482,-0.34636128,0.27538973,0.031391732,0.12567098,-0.14531066,0.094051816,-0.21399483,-0.19792995,-0.661109,0.16917513,-0.085643664,0.0061856424,0.8998908,0.059518114,-1.9651403,-0.046987593,-0.17350018,1.2263271,0.59592056,-0.19435555,0.03272356,-0.23249656,-0.0004714933,0.5064523,0.020989835,0.13491876,0.26737162,0.12524971,-0.10192993,0.09304038,-0.21594203,-0.23065715,-0.36867544,-0.007773346,0.028530378,-0.22886527,-0.01798066,-0.73914087,0.07675455,0.5023422,-0.06921538,-0.35127744,-0.046308793,-0.9484275,-0.17226337,0.0012776663,0.19384576,0.065074414,-0.4295424,-0.07232001,0.08480062,-0.26344168,0.016143426,-0.43794927,-0.0502677,0.056262143,-0.08758943,0.36592305,0.26327184
453,neutral,-0.30781087,-0.21425577,0.23578292,-0.5140729,-0.3342639,-0.33401635,-0.11930326,-0.13193963,-0.16750522,-0.2439441,-0.14588846,0.15051669,0.011706659,-0.02834825,0.14121479,0.19349186,-0.09868052,0.15703245,-0.41059503,0.23041199,0.3180166,-0.16151683,0.33594298,-0.3048728,0.385271,0.28374937,-0.40662816,-0.20441577,0.0857201,-0.16308749,-0.4152569,0.25558543,0.009797807,0.22212169,0.0017079283,-0.16476369,-0.106442295,0.083286606,0.16929701,0.043184064,-0.4689369,0.1998106,-0.18830194,-0.08353998,-0.11063642,-0.093224615,-0.032776862,-0.15148613,-0.36984444,-0.38347787,0.15990059,-0.052133996,-0.2531932,0.7668098,-0.056073844,-1.5488123,-0.3701519,0.053484626,0.76435786,0.36634618,-0.17517303,0.40983626,0.10206327,0.016631193,0.67963797,-0.0098950295,0.5105769,0.10857803,-0.0033059486,0.0878329,-0.08554874,-0.33273327,-0.05941808,-0.06468958,-0.05990103,0.07101302,-0.05329544,-0.110913746,-0.23652114,0.1045091,0.47293666,0.16864017,-0.369302,-0.32789382,-0.84701973,-0.16376501,0.028715232,0.12257912,-0.060445502,-0.17482263,-0.075981356,0.17215127,0.03243422,-0.23017722,0.063159995,-0.0026978657,-0.074453235,-0.075557694,0.14444987,0.030857427
454,negative,-0.105648704,0.33305785,0.21659026,-0.06602415,-0.058140926,0.26254123,-0.3060442,-0.040213827,0.1899753,0.09949282,-0.076362,0.056361288,0.3682193,0.07806796,-0.04892223,-0.13587604,0.11524997,0.03356949,-0.47454172,0.326033,0.2981769,-0.11403286,0.24696833,-0.06570483,0.061498865,0.0426678,-0.19822687,-0.20154226,0.31882605,-0.12910911,0.2678825,0.22522047,-0.13994874,0.10528881,0.0011574733,-0.018134717,0.0668487,0.09477484,-0.036463436,-0.026753627,-0.5181527,-0.039923668,0.08458722,-0.22026254,0.082684025,-0.07037691,0.2669905,-0.09995592,-0.3362041,-0.6158852,0.07972911,-0.09073077,0.17412971,1.0238205,0.06510457,-1.7321786,0.06864339,-0.20673808,1.3819354,0.3586969,-0.09873436,0.6212041,-0.17636709,-0.16162223,0.67848265,0.124404885,0.23057175,0.22279721,0.010139201,-0.20013699,0.17384587,-0.34742737,-0.14457355,-0.32688725,0.31430763,0.053846575,-0.09039869,0.17417167,-0.7801635,0.20943187,0.6528361,0.2424386,-0.26702124,0.2785731,-1.1477432,0.035028286,-0.044077933,0.065565996,-0.17512287,-0.27285144,0.027601352,-0.19296864,0.11425353,0.019525418,-0.4478819,-0.00054835074,-0.06414048,-0.15446198,0.44735578,0.09752483
455,neutral,0.4492495,-0.23411982,0.17696181,-0.2166732,0.13982083,-0.33540237,0.8814817,-0.2471793,0.15475442,-0.15446892,0.19312742,0.46702653,0.08589672,-0.23361596,0.4151134,-0.43143985,-0.017717166,-0.19719252,0.20900431,0.59374815,0.28320688,0.20078376,0.20173013,0.47746843,1.0493207,0.31681186,-1.0775294,-0.32143444,0.079393126,-0.23779775,0.09901488,0.22814189,-0.13361748,0.14793195,0.399419,-0.53727967,0.47482672,0.078048036,0.5189223,0.11706396,-0.75600433,-0.74849284,-0.09923258,0.3150416,0.3230487,0.4892456,-0.022565536,0.20825973,0.33589268,0.18816695,-0.036302675,0.4762844,0.6072075,0.79765064,-0.36097345,-0.5559986,-0.092960745,-0.031978164,0.8150358,0.64371264,-0.020275032,0.8996217,-0.55592924,0.49098834,-0.61781657,0.48437896,-0.13752769,0.34794915,0.52492446,-0.27850208,-0.61895955,0.42765105,0.2946886,-0.12032182,0.15415134,0.3422996,-0.07404998,0.35930198,-0.34529927,0.26356578,0.22573489,0.25293925,-0.13319974,0.19437167,0.30094776,-0.708884,0.4140291,-0.07038376,0.23925124,0.36217174,0.42040747,0.25109383,0.1297892,0.4589576,0.16078015,0.6815942,-0.08560424,-0.01086376,-0.48858425,0.11580281
456,negative,-0.045303155,-0.060647577,0.37681335,-0.05594041,-0.07184475,0.03407158,-0.15934059,0.30905914,0.0793602,0.22179618,0.2833117,-0.16658424,0.06970812,0.049011134,0.07605517,-0.27752715,0.039980248,-0.14158496,-0.39950213,-0.04829015,0.45793465,-0.051911976,-0.01100098,-0.33530483,0.042563833,-0.10658938,-0.2378682,-0.17723855,0.19473106,-0.122153684,-0.052834406,0.30970994,0.2880558,0.15022051,0.2036352,0.24343792,0.18222421,0.19577934,0.15736115,-0.1582118,-0.15119223,-0.2737394,0.26304388,-0.040134534,0.41281486,0.25726768,0.09795693,-0.049962424,0.14778227,-0.37740988,-0.065851375,0.14089073,0.13968846,0.77951974,-0.18489696,-2.0958028,-0.25164175,-0.06748449,1.5734209,0.23233065,-0.2261636,0.48958918,-0.100293495,-0.22371891,0.28778183,-0.013781744,0.04632751,0.09422063,-0.07101903,0.09778885,-0.17139928,-0.34718487,-0.08303889,-0.46188506,0.14796127,-0.056330554,0.3900798,0.037462167,-0.7075704,0.20188712,0.50021654,-0.123143636,-0.20272432,0.10908183,-0.7891382,-0.13423228,-0.020320142,-0.059939656,-0.06608048,-0.3462597,0.12269425,-0.027020225,-0.047903795,-0.2000434,-0.529137,0.44766077,0.06813852,0.088300794,0.65625644,0.18098038
457,neutral,-0.35551056,0.082984746,0.15988302,-0.2794639,0.19714786,0.045583155,-0.06517567,0.04775331,-0.30802503,-0.05681568,0.033690777,-0.21854642,0.14806885,0.18395711,-0.02104725,-0.18667664,0.25096467,-0.010906987,-0.4276646,0.09389115,0.25198185,0.01849776,0.20757213,-0.045738447,-0.10679985,-0.12857133,-0.17112233,-0.35963455,0.2799866,0.0477338,0.08699849,0.48511764,0.01840878,0.038537145,-0.05360377,-0.06965558,-0.19520397,0.06608891,-0.018020045,-0.021289134,-0.35330096,-0.18708895,0.27308393,-0.080705725,-0.06563618,-0.022386426,0.0029863007,-0.2601606,-0.2509654,-0.4564694,0.22332297,0.209107,0.32305548,0.64833313,-0.062245116,-1.9905988,-0.14260308,-0.16983148,1.1643457,0.46548033,-0.23708482,0.26298293,-0.06277049,0.09618035,0.74523526,-0.04827926,0.2524317,0.35781088,0.1666189,0.095312886,-0.008010992,-0.011319248,-0.04211146,-0.22233038,0.17101604,0.03453523,-0.061432526,0.005865392,-0.56255394,-0.030077316,0.23512241,-0.051686585,-0.026053786,0.070613444,-0.8649748,-0.26405305,-0.011516531,0.033524346,0.23702642,-0.2765694,-0.034232106,-0.13203004,-0.0888704,0.3952504,-0.3068061,0.19455613,-0.033418056,-0.19375856,0.3548642,-0.07836113
458,negative,0.1513265,0.12608552,0.34799042,-0.24959888,-0.12875418,-0.13411725,-0.20868675,-0.01020801,0.0031379391,0.0010049907,0.12710942,0.03832878,0.1545786,-0.19578339,-0.037422158,-0.21599068,0.07817619,-0.05906684,-0.6547517,0.18657087,0.27365854,-0.068351045,0.006398615,-0.029402656,0.10547886,0.12229403,-0.18640965,-0.37214425,0.2740798,-0.1400621,0.019880434,0.6041554,-0.023399768,0.101059,0.15790975,0.22077851,-0.030201484,-0.17189127,0.118755884,-0.15681396,-0.38711178,0.030711818,0.12465057,-0.46591827,-0.259597,-0.26224545,-0.045161206,-0.16000898,-0.036112603,-0.8772822,0.0697831,0.17057666,0.13119209,0.8057805,-0.05471647,-2.1607175,-0.123893,-0.22022858,1.3829792,0.3193081,-0.22103892,0.35904115,-0.30890992,-0.48843548,0.58294153,0.015596391,0.23190811,0.6171955,-0.251342,-0.19623938,0.096472085,-0.3002019,-0.54408455,-0.48749417,-0.1318712,-0.13869378,-0.20636947,-0.07178974,-1.0030613,0.28514832,0.65887594,-0.43887025,-0.06969336,-0.14798643,-1.1233684,-0.0845311,-0.13735041,0.25283307,-0.11961225,-0.29445955,0.060325786,-0.09335819,-0.30301365,-0.020395549,-0.5744545,0.04096295,-0.048254054,0.0906329,0.5412617,0.07443543
459,neutral,-0.35828424,0.24582648,0.38809258,0.07661547,0.005393185,-0.24840777,0.018721623,0.009900114,-0.3888005,0.26949078,0.27810946,-0.0019990036,0.37272048,0.26459715,-0.073695086,-0.3003861,0.35132784,-0.2443286,-0.44130358,0.2490624,0.4207806,-0.04781762,0.5418494,-0.14064318,0.020181023,0.17671348,-0.4701275,-0.1748635,0.2287737,-0.15387557,-0.26331508,0.22910789,-0.22222848,0.14053617,0.22970451,-0.10519969,-0.19861533,0.2039949,0.044305332,-0.02756042,-0.554252,-0.10409198,0.16395542,-0.22189145,0.76554704,0.19056094,0.117111616,-0.08275067,-0.05834723,-0.2402871,0.050645255,0.24705757,0.16771923,0.97663057,-0.18219386,-1.8866283,-0.37358168,-0.30300054,1.527303,0.36405003,-0.3695838,0.32887924,-0.10622155,0.22550812,0.3692391,0.29557708,-0.013454601,0.3810811,0.12869965,0.25126565,0.22468798,-0.17952381,0.15510103,-0.15452448,0.119513385,0.23652579,-0.054028567,0.110236555,-0.78326577,0.13083175,0.6309917,-0.043935444,-0.18965137,0.15368533,-0.7393869,-0.13830923,0.0518375,-0.02886967,0.10672357,-0.21167986,0.04301392,-0.029075442,-0.09318831,0.04236302,-0.41044825,0.27253643,-0.36425552,-0.037007824,0.38743004,0.082815416
460,negative,-0.3043689,0.22962125,0.27167138,0.013736126,-0.08430228,-0.55517167,-0.0083202915,-0.40572035,-0.225904,0.6969141,0.18110654,-0.21609078,0.19180624,0.10555418,-0.023395611,-0.46207416,0.23513705,-0.3329896,-0.22065261,-0.2663843,0.45144638,-0.337186,0.14984463,-0.20686784,-0.032909352,0.15159743,-0.5242642,0.048758417,0.33897254,0.030727701,-0.25103295,0.1877521,-0.1006292,-0.23964384,0.36454386,0.032618172,0.045015574,-0.114545524,0.17766097,0.18078586,-0.44276208,-0.3039157,0.12921824,-0.012281181,0.7227751,-0.108174786,0.2771168,0.01812548,-0.21451913,-0.12913352,0.4125642,0.56202316,0.1376814,0.7837909,0.04241694,-1.6593819,0.13820647,-0.54525286,1.5653733,0.4250376,-0.11101227,0.3864745,0.20455782,-0.0076038516,0.31499663,0.17716917,-0.41191995,0.08379127,-0.2390962,0.40330306,0.285192,-0.3314382,0.1039419,-0.16590634,-0.077588804,0.08952521,0.035391208,0.33485383,-0.92964345,0.28965318,0.76453125,-0.39831418,-0.064563006,0.54853445,-0.76953375,-0.16783004,0.112186484,-0.15761006,0.07457719,-0.34200907,-0.2638644,-0.0147507675,-0.011429554,0.0709552,-0.33877513,0.2985236,-0.2681421,-0.1757556,0.21428175,0.1430695
461,negative,0.06681498,0.25822014,0.28026894,0.088478744,-0.06630243,-0.53819317,-0.23704635,-0.29018107,-0.012918495,-0.13404316,-0.082880825,-0.056236047,0.15422875,-0.18126772,0.109112374,0.064783044,-0.2682132,0.04821647,-0.1114562,-0.16357328,0.46096182,-0.16502379,0.1056966,0.4029348,0.12542841,-0.12996697,-0.17208351,-0.14137068,-0.022497943,0.10038207,-0.077869706,0.038844164,-0.121967584,0.104845636,-0.21548648,0.07167984,0.3884819,-0.056042116,-0.14320686,0.024250565,-0.4987279,-0.3122924,-0.022349693,-0.09870363,0.22273512,0.09177673,0.34865648,-0.0914675,-0.0005138875,-0.9511644,-0.07358611,-0.01075013,-0.06878528,0.8096176,0.015456784,-2.0098805,0.02934609,-0.22471876,1.556602,0.29929763,-0.27030164,0.3448822,-0.3221502,-0.060203988,0.4468588,0.1831077,0.11830155,-0.1760529,0.4461965,0.008743391,0.06979602,-0.050701115,-0.5045567,-0.108508386,-0.08966411,-0.10293955,-0.017723164,0.029090384,-0.7897505,0.03893405,0.6577255,0.1699376,-0.30502218,0.041815843,-0.75179243,-0.39740986,-0.048335303,-0.1803468,0.12126992,-0.29120025,-0.122504205,0.24636218,-0.38198936,0.020969212,-0.41291952,0.2210298,0.29938883,-0.12124848,0.46363384,0.14389731
462,neutral,-0.060866576,0.17025584,0.44927078,-0.45008644,-0.113794476,-0.21369953,-0.3387014,0.012851858,-0.04341052,-0.41331688,0.046367392,-0.063547075,-0.21344881,-0.35229477,-0.039005376,-0.3947739,-0.11732496,0.3552194,-0.39726254,0.39170456,0.1628956,0.17253093,-0.213676,-0.0979675,0.19693881,0.053248037,-0.31194642,-0.620934,-0.12366212,-0.47087154,-0.089500554,0.5542555,0.09400962,0.04120512,0.0627058,0.47488585,-0.026610754,-0.10636314,-0.04561985,-0.09305366,-0.0061259684,-0.34254348,0.19985949,-0.009434267,-0.27265382,-0.275677,-0.03397254,-0.19854714,-0.0020637903,-0.9944581,0.07482505,-0.082560584,0.110828035,0.5288826,0.14999633,-2.042097,0.1262497,-0.07721054,1.1341176,0.062439177,-0.2371716,0.33235076,-0.30026826,-0.20984232,0.4145591,0.14220755,0.2416036,0.5685237,0.12661205,-0.31843185,0.14376226,-0.12560683,-0.38134497,-0.41410914,-0.011491133,0.14261,-0.25047633,-0.13669595,-0.55660397,0.07574436,0.47879243,-0.26907495,-0.059231658,-0.47307488,-1.1043271,-0.25632906,0.052866567,-0.1196906,-0.30055058,-0.38511568,0.13674656,-0.1677295,-0.1799882,-0.059759296,-0.53251237,-0.08107476,0.19624382,0.0507469,0.33410326,-0.24119909
463,negative,-0.02240288,0.33752286,0.072874434,-0.034015335,-0.20501554,0.065074496,0.08989273,0.2668345,0.14883381,0.39488706,0.08777789,0.0614661,0.39812282,0.22513862,0.18578634,-0.19980505,0.10405133,-0.042699885,-0.6734081,0.32339865,0.47405535,-0.033280734,-0.016065497,0.10316564,-0.52000713,0.087121084,-0.14043178,-0.38272476,-0.17413697,0.34395996,0.13676283,0.28571376,0.13270782,0.455895,-0.17961791,0.12546423,-0.32792106,0.25824136,-0.13863292,0.12945645,-0.28548184,-0.02380203,0.09596167,-0.35101163,0.5632483,0.11510252,0.24541771,-0.033932354,-0.20462334,-0.41460386,0.1125099,-0.17068677,-0.12139829,0.90263504,-0.1360852,-2.208994,-0.1626337,-0.44701242,1.6078551,0.64846,-0.0064101466,0.4581773,0.10965442,-0.087838635,0.28451574,0.2288884,0.11787999,0.11236351,0.00071740925,0.2322216,-0.12318857,-0.30688444,-0.1822857,-0.08153148,0.45348185,0.114952095,0.26497206,0.1272933,-0.86945057,0.03394547,0.77189356,0.12591255,-0.27662745,-0.026811494,-1.3097888,-0.014787028,0.40518197,0.14434919,-0.36243305,-0.049050212,0.5574658,-0.20231347,0.03214235,-0.037863612,-0.72905284,0.6482391,0.24483867,-0.08731233,0.65242577,-0.18016037
464,neutral,-0.037736315,0.08183426,0.15124276,-0.16203588,0.14237496,0.069423065,-0.067442715,0.042435393,-0.44221053,-0.29338172,-0.06935165,-0.18096346,-0.050735664,-0.01701833,0.07404284,-0.15712294,0.3934783,0.13503815,-0.5298245,-0.02507902,0.41931698,-0.21289292,0.22124101,0.047667306,0.2013535,-0.10944428,-0.29827306,-0.21572156,0.3447502,0.024847558,-0.00087994506,0.37089175,0.08197008,0.091415554,-0.2060831,0.29565877,-0.03859012,0.14920337,-0.021642033,-0.10492979,-0.31723702,-0.19257809,0.36336437,-0.111391105,-0.11841124,-0.20294306,0.118683785,-0.5002804,0.009161389,-0.66124374,0.15526377,-0.19965632,0.33395353,0.6188986,-0.22274014,-2.2091315,-0.27708352,0.12538233,1.2890477,0.2634314,-0.19533426,0.608628,-0.20360854,-0.27313897,0.31730565,-0.08999699,0.30298978,0.4452999,0.14994524,-0.0024401024,0.036091175,0.072077565,-0.37410837,-0.47540754,0.02238237,0.12987755,0.10943456,0.18590914,-0.80965036,0.04352059,0.30511355,-0.13444778,-0.2105533,-0.09322252,-0.8225224,-0.33360013,-0.2763067,-0.24380495,0.2439463,-0.31369627,0.18698312,-0.06986565,0.1192802,0.2626337,-0.51605,0.026362553,0.102042615,-0.2744404,0.06503155,0.1679989
465,neutral,-0.09265899,0.064990215,0.50826955,-0.15016693,0.07963811,-0.082060486,-0.21503009,0.11276595,-0.20001929,-0.041361302,-0.15012856,-0.22981937,0.19112507,0.025574977,-0.09309414,-0.2683855,0.37140468,0.23543116,-0.50538886,0.22798899,-0.0002962636,-0.18467754,0.2485978,-0.03885522,-0.17565401,-0.04936319,-0.03917948,-0.43392637,0.3948752,0.07217145,-0.06046402,0.71733856,-0.00874828,-0.10086902,0.097543895,0.28220922,0.026655298,0.09114648,-0.1388978,-0.1756075,-0.49652666,-0.054318916,0.5082845,-0.21902454,-0.14314634,-0.10297666,0.055644836,-0.27316043,-0.22776546,-0.6822337,-0.10182511,-0.07145583,0.06735661,0.96289617,-0.093190536,-2.1736422,-0.0144903455,-0.1224856,1.1081004,0.26473615,-0.26541498,0.36930326,-0.016426992,-0.20793575,0.71312326,0.08751079,0.26550955,0.7208796,-0.1469384,0.12857957,0.15862623,-0.40523154,-0.3646049,-0.47473347,-0.061721314,-0.09643311,-0.26300618,-0.06617059,-0.53468543,-0.006145412,0.45233795,-0.2218819,-0.16031681,-0.07091741,-1.0311043,-0.15455413,-0.13926876,0.2142121,0.19038886,-0.6304353,-0.049608294,0.015636366,-0.020163931,-0.0006315783,-0.5907339,0.10619621,0.07654519,-0.23747699,0.46510318,0.105356
466,neutral,0.058945123,0.059892066,0.064504854,-0.26583692,0.065799154,-0.26820588,0.03275429,0.051477343,-0.01311503,0.54782605,0.15401323,-0.1914179,0.1457176,0.2839324,0.13283223,-0.07640642,0.0074090585,-0.2817707,-0.64921534,0.3854235,0.07104143,-0.17758042,0.08294136,0.06721972,-0.10958091,-0.09099333,-0.010502211,-0.5247146,-0.08231747,0.20412272,-0.09921476,-0.008368307,0.15666613,0.09159554,-0.061445694,-0.2070015,-0.056303136,0.09671882,-0.10377008,0.18137108,-0.43816927,-0.06705493,0.31999066,-0.21098545,0.10836763,-0.2637527,0.06436174,-0.13941476,0.12447485,-0.59664726,0.021034602,-0.12548855,0.08575191,0.78911203,-0.3065848,-1.8181722,-0.31094554,0.012281375,1.3396543,0.4884049,-0.08917957,0.45350024,-0.054754715,-0.2372046,0.6180852,-0.07437512,0.19251105,0.4018329,-0.27285123,0.3488556,0.16714378,-0.26960838,-0.35020187,-0.34004226,-0.04291199,-0.04192872,-0.010325576,-0.064646505,-0.86411613,-0.110784866,0.48571923,0.14281988,-0.12996507,-0.39282367,-0.97062266,-0.26547346,-0.20904645,-0.017455347,0.07500034,-0.080573685,0.0013896595,0.12096691,0.18127817,0.20388785,-0.33190805,0.10236222,-0.2276997,-0.29030004,0.22110985,-0.27056947
467,neutral,-0.30163613,-0.022496438,0.15683302,0.2591185,0.07286892,-0.1706856,-0.37532657,-0.008982135,0.01084327,-0.013763274,-0.23790015,0.04019488,0.06205846,-0.036265355,-0.016292036,-0.15308264,-0.09046156,-0.21656972,-0.544506,-0.13720082,0.2388693,0.03152287,0.05421555,-0.06617584,-0.11077779,-0.2956363,-0.012269198,-0.040197376,0.16430601,0.15746662,0.07536028,0.30649188,-0.12466577,0.110533655,-0.13467158,0.252597,0.014021664,0.045363255,-0.2050313,-0.10859115,-0.5129278,-0.19543804,0.4022517,-0.08363963,-0.03916576,-0.33513162,0.07247445,-0.07892204,-0.19035468,-0.6620658,0.2854236,-0.11485745,0.23651615,0.86055773,-0.17160212,-1.8368171,-0.09605045,-0.087794855,1.3304746,0.407884,-0.16403876,0.043579604,-0.17372577,-0.15084699,0.4937018,0.11931808,0.092718914,0.4793246,0.1855282,-0.05316174,0.063690014,-0.1780861,-0.27698463,-0.47345653,-0.05474547,0.13078968,-0.20256047,0.18279617,-0.7258944,-0.08682612,0.4075963,-0.02983814,-0.13444017,-0.13603866,-0.7221498,-0.3259756,0.041897766,0.32951605,0.11209707,-0.39347214,-0.03144753,-0.02568949,-0.16465974,0.16365759,-0.63185483,0.18922548,-0.049786452,-0.19274117,0.3336315,0.07372767
468,neutral,-0.20345275,0.22291133,0.17421195,-0.025830131,-0.063468784,-0.5837918,-0.12104748,0.0006655634,0.15338513,0.098988175,-0.116028145,0.011682234,0.17998947,-0.14891246,0.07098322,-0.00678953,-0.0071904436,-0.113733515,-0.2819956,0.23635957,0.13528404,-0.15512116,-0.08456479,0.10499231,-0.17917424,-0.11448624,0.12224406,-0.22934192,-0.064306706,-0.074909486,0.006416941,0.2360837,-0.13587189,-0.016965033,-0.01106238,0.29013458,0.112219036,0.014805164,-0.07578769,-0.00079124334,-0.47100517,-0.14828834,-0.07911604,-0.21397924,0.0012143861,-0.18836117,0.25824535,-0.16866367,-0.25103205,-0.8373575,0.2501919,-0.10397085,0.14022367,0.71883494,-0.13075444,-1.6958605,-0.11338524,-0.29169497,1.2312677,0.39654642,-0.30129433,0.41441482,-0.035180718,-0.13810833,0.5347172,0.15620549,0.100262046,0.3541278,0.27528414,-0.09099429,0.2300763,0.11614594,-0.2514347,-0.3837453,-0.16349587,-0.28463265,-0.016435202,0.13495322,-0.84120727,-0.03838365,0.45853448,0.0120139895,-0.13644393,-0.12059542,-1.0988696,-0.3839866,0.014451429,-0.08752093,-0.015036436,-0.209747,0.09138225,0.10890797,-0.20164752,-0.27042246,-0.26857227,0.028920643,-0.048653822,-0.2911608,0.2895988,0.041760135
469,neutral,-0.11695289,0.20102891,0.53775936,-0.04567634,-0.29358733,-0.09688516,-0.30152267,-0.051385857,0.034201805,0.07900796,0.1694408,-0.012034,0.21148649,-0.1486448,-0.022644045,-0.21786773,0.014819701,0.2458083,-0.19290292,0.08416774,0.27510393,0.008790627,0.13378374,-0.15960068,-0.055874664,0.052354638,-0.2042054,-0.24984038,0.18400158,-0.16593984,-0.075502425,0.36268973,-0.216967,0.07348785,0.18384306,0.06730552,0.03479107,0.1396033,0.13184206,-0.059138503,-0.43217778,-0.16267954,-0.050501663,-0.14901288,0.04292157,0.029336542,0.2251953,-0.18075265,-0.24768601,-0.776846,0.25716937,0.24230205,-0.024550278,1.0094967,0.04305041,-1.8445611,0.31083578,-0.044249266,1.3307111,0.24903344,0.0051204828,0.61643225,-0.21584786,-0.0043449397,0.56232554,0.07648789,0.26063457,0.026951155,-0.055839755,-0.0152596785,0.07174493,-0.34574676,0.060862355,-0.2571899,0.13466243,0.09504661,0.1769354,-0.07492929,-0.45789862,0.119213484,0.3904199,-0.15255651,-0.54887086,0.0010344986,-1.0955914,-0.3696057,0.22945984,8.892388e-05,-0.060352493,-0.22058038,-0.15057074,-0.00091833354,-0.053334888,-0.09933863,-0.12069803,0.1018088,-0.15628166,-0.17768006,0.38716382,0.10614785
470,neutral,-0.17492217,0.25434974,-0.054912176,0.07900685,0.15799828,0.13539895,-0.068096094,0.08842464,-0.07267982,0.14316396,0.07653215,-0.06874259,-0.052031543,-0.17269345,-0.21361566,-0.4029443,0.09557645,0.043995254,-0.3445841,0.13945045,0.36539918,-0.02982389,-0.14662297,0.08355292,-0.1851162,-0.11002412,-0.3511633,-0.31053507,0.27440098,-0.17392874,0.11959157,0.55516917,0.051548503,-0.23035589,-0.16952828,0.52628773,-0.07455532,-0.25976008,-0.13738611,0.036260813,-0.4607616,-0.10853414,0.15911575,-0.029688492,-0.2977481,-0.09744335,0.26795515,-0.43469244,0.037597578,-0.73885,0.0100595085,-0.1885193,0.18989491,0.8455811,0.16826522,-1.8250091,0.018598642,-0.23621473,1.1346364,0.23919582,-0.108575456,0.48879924,-0.18450378,-0.34105787,0.54272366,0.12316063,0.26108065,0.38409203,0.14129612,-0.004465229,0.250581,-0.16144174,-0.5224267,-0.2336329,-0.43716854,-0.15435074,-0.38523015,0.21136129,-0.7646285,0.064209625,0.4796217,0.100794114,0.004102551,0.014102207,-1.0118759,0.062475625,-0.20364226,0.056661874,-0.17624497,-0.44219294,0.0361993,0.14434817,0.15467976,-0.13694032,-0.29362088,-0.15552245,-0.08287062,0.10022275,0.3100969,-0.07792973
471,negative,-0.04188434,0.12116466,0.23627996,-0.17459917,-0.069725014,0.16624327,0.00062777364,0.30027726,-0.15814409,-0.15745077,0.019057984,-0.08165684,-0.004062614,0.0019869155,0.12096425,-0.17053558,0.07761948,0.12154529,-0.2310597,0.3596888,0.16695043,0.021488013,0.21061541,-0.36572385,0.34574634,-0.11899311,0.11361951,-0.25872293,0.036773905,0.019976977,-0.16743131,0.32284683,0.14204417,0.18881898,0.0017345131,0.1469338,-0.16016121,0.29386058,-0.021377299,-0.18465875,-0.16456589,0.08229288,-0.053597074,0.03611455,-0.20351312,-0.025081059,-0.06585046,-0.10143685,-0.02940141,-0.57077366,-0.005140252,-0.29797643,0.17945445,0.58222026,-0.021915162,-1.9330906,0.11707592,0.068126924,0.837048,0.17437948,0.14036174,0.6894467,-0.29884136,-0.22350694,0.4672859,0.037269883,0.39129493,-0.01349898,0.04227095,-0.056656495,-0.029503353,-0.06782291,-0.20069738,-0.14794381,0.19162239,-0.041217808,0.15874434,0.12644157,-0.47419608,0.09099063,0.2715428,0.18850985,-0.25622904,0.031574197,-1.0367756,-0.14860952,-0.34997037,0.0069799586,-0.0831304,-0.24902807,0.08854669,-0.08219027,0.035056327,-0.0019087138,-0.5511164,0.0074779224,-0.13310288,-0.12815675,0.3186759,0.22999406
472,negative,0.025051378,0.5315391,0.24271502,-0.04163075,0.011633783,-0.017194971,-0.1287308,0.08539801,-0.14342646,-0.1803921,0.17948975,0.05468878,-0.11877534,-0.045508884,0.0075584347,-0.43130025,0.17255677,-0.0017495875,-0.35366967,0.28065327,0.3356032,0.060756974,0.0152127575,0.20201848,0.100501426,-0.020501997,-0.040679593,-0.24320929,-0.1855635,-0.15483174,0.018747102,0.49612868,-0.11170979,-0.08461156,-0.0140992,0.3235561,-0.1206092,0.24850364,-0.11541905,-0.04588203,-0.22186774,-0.18373248,-0.0072379825,-0.18769926,-0.015723877,0.14653555,-0.29647398,-0.21948202,-0.1340042,-0.720957,0.030666405,-0.21009475,0.15804194,0.7891575,-0.17538238,-1.885155,-0.044905454,-0.22177409,1.4946445,0.2356272,0.1309697,0.2986531,-0.23013255,-0.12566778,0.26406205,0.17086725,0.13351007,0.20045245,0.36937943,-0.17764285,0.016683146,-0.16890848,-0.25986725,-0.17616282,-0.034905948,0.08742654,-0.26054138,0.15629262,-0.68205214,0.1873288,0.49080065,0.01740709,-0.19575219,-0.040537857,-1.1289817,-0.048810665,0.08271602,0.018684542,-0.14824642,-0.26385468,0.1709867,-0.03941441,0.117507584,-0.21907555,-0.6747506,-0.00057959306,0.2874627,0.020848477,0.57691836,-0.045583673
473,neutral,-0.06677066,0.12947752,0.24202828,-0.091657385,0.09588577,0.08307814,-0.12234155,0.0971995,0.0817218,-0.14223018,0.064026535,0.01655578,0.16997422,0.120101266,-0.20730202,-0.01474399,0.25556588,0.13224672,-0.41315177,0.14763768,0.21412052,0.14832292,0.049726877,-0.0627812,0.18632154,-0.12082627,-0.477843,-0.5195966,-0.01177237,-0.13515781,-0.08292266,0.33616322,0.17895886,-0.016313171,-0.24050994,0.36091113,-0.12667803,0.11653835,0.10268786,-0.13840863,-0.3322754,-0.16527474,0.16953816,-0.1101606,-0.0075262906,-0.022293387,-0.20396124,-0.6827531,0.50258225,-0.38158733,0.4403238,-0.10299974,0.42142218,0.7312059,-0.0217284,-1.6461686,0.16323575,0.040152486,0.82943004,0.34875178,-0.006584788,0.5655173,-0.012678156,-0.10798258,0.60416067,0.114218995,0.53771317,0.42858168,0.10615885,-0.2743073,-0.21822484,-0.07274687,-0.100221485,-0.3243558,0.16291079,0.17992637,0.12130526,-0.0067281136,-0.617372,-0.13032395,-0.09421184,-0.08167684,-0.10205736,-0.30216888,-0.96712923,-0.23931956,0.070792384,-0.3911288,-0.105280176,-0.33342037,0.08832403,-0.056671124,0.5193475,0.057645053,-0.24035998,0.06076521,0.014300578,-0.09583688,0.24026251,0.21161856
474,negative,-0.020190535,0.14653884,0.3221736,-0.34200317,-0.24698085,-0.015582754,-0.0007011651,0.14878501,-0.1552066,-0.3356662,-0.03410155,-0.07201763,0.017930819,0.093229294,0.040722467,-0.18426998,0.032259315,0.23150353,-0.3647796,0.5291245,0.1391112,-0.14423512,0.15995188,-0.20968334,0.3519855,-0.041496616,0.022729797,-0.34675205,0.049668014,0.0026542107,-0.20884208,0.39759448,-0.0072827423,0.121257186,-0.033534233,0.18267655,-0.2819206,0.252493,-0.047070593,-0.19230686,-0.23274828,0.14923179,-0.11740478,-0.06719581,-0.29315636,-0.03270677,-0.11385282,-0.16332899,-0.13928407,-0.7374919,-0.02226951,-0.27400738,0.11153217,0.5815931,0.014342349,-2.0158226,0.16862406,0.01965092,0.88763636,0.19031528,0.0638411,0.71264017,-0.26514465,-0.3044627,0.5946171,0.04037329,0.29710138,0.096918724,-0.048266727,-0.08564199,-0.019497741,-0.12314106,-0.22652793,-0.055310015,0.26172325,0.05803706,-0.044442452,0.017395623,-0.6167424,-0.023658415,0.24645372,0.32753038,-0.3078636,-0.040144116,-1.3085707,-0.21759662,-0.41365194,0.037215672,-0.22512512,-0.41890362,0.033900816,-0.17041288,0.13465936,0.030344969,-0.4816621,0.067741714,0.0073007685,-0.19775257,0.24218889,0.25050744
475,negative,0.058461443,0.44911635,0.30142605,-0.07408855,0.07589762,-0.098510034,-0.016889557,0.2837856,-0.18571232,0.2364115,0.17644921,0.058018927,-0.053692486,-0.0071466286,0.050540056,-0.43670374,-0.03816604,0.056313854,-0.4004659,0.21797046,0.4405656,-0.00022203353,0.09964731,0.35808387,-0.018528504,-0.03320537,0.06224337,-0.15920815,-0.2395494,-0.18085547,-0.06614189,0.35166633,-0.09763675,-0.15822922,-0.008896037,0.26776114,-0.041484963,0.11771326,-0.023155328,0.07621392,-0.22009775,-0.39535534,0.12522578,-0.045172073,0.082008414,-0.018773843,-0.1308883,-0.34343496,-0.23037226,-0.8190668,0.2257167,-0.19443677,0.23250428,0.9552498,-0.22760943,-1.9880202,0.041863963,-0.45305747,1.5797343,0.13727881,0.08059796,0.3025931,-0.2953573,-0.03964635,0.33432487,0.22057082,0.037442245,-0.047299102,0.32330635,-0.26421583,0.103704944,-0.17417055,-0.31872058,-0.037110377,0.032178476,0.14971274,-0.23279245,0.058188293,-0.81669796,0.1421133,0.61727744,0.1540349,-0.18353721,0.08922515,-1.1390011,-0.13808998,0.05888958,-0.059827555,0.07732545,-0.27456075,0.020540738,0.043961495,-0.09649022,-0.36490303,-0.6471993,0.057109628,0.24028584,0.031469647,0.79036486,-0.20104136
476,neutral,-0.19488235,0.28928566,0.37628382,-0.32804137,-0.065477006,-0.23741567,-0.14944059,0.35291234,0.13529733,0.1382216,0.11515435,-0.12438549,0.44994107,-0.04705473,-0.14110313,-0.10920414,-0.50204533,-0.010111361,0.165705,2.2925311e-05,0.16482052,0.013452122,0.1869653,-0.09211336,0.11574687,0.12569332,-0.028761946,-0.31934232,0.27398708,0.11556587,0.039760496,0.00293577,-0.20573966,-0.18243249,0.0050853724,0.3375305,0.1607368,0.35984996,0.00827573,-0.20200859,-0.063898675,-0.3704881,-0.16923796,-0.22021599,-0.19447914,-0.2120416,0.2480614,0.12637761,-0.019927198,-0.78281623,0.05537014,0.25218853,0.15358406,0.7010956,-0.37963024,-1.2274922,0.027933858,-0.29984313,0.9372715,0.2952709,-0.5642562,0.51364547,-0.2041932,-0.2820518,0.75078195,0.34673762,0.09027359,-0.0011040732,-0.44097167,0.05944921,0.21139976,-0.25283772,0.09571018,-0.2512535,0.21279949,-0.049833637,0.19211672,-0.20917192,-0.4307008,-0.16915044,0.46333376,-0.02529944,-0.24685338,0.24832842,-0.5255183,-0.071208835,0.23349538,-0.13015655,0.035918318,-0.28252423,-0.007841522,0.04105799,-0.06669734,-0.37144825,-0.48859173,0.11227077,-0.12309376,-0.55235094,0.1745421,0.0040316656
477,negative,-0.08098311,0.21893708,0.15388308,-0.21883446,-0.17119482,0.3301447,-0.027901143,0.15645437,0.24245544,0.11872665,-0.006000813,0.042984046,0.1559398,-0.0335667,0.06982902,-0.2319674,0.23195425,0.019431103,-0.6320302,0.1652484,0.12619801,0.04374074,0.04340994,-0.05557916,-0.119326845,-0.10812151,0.039721943,-0.48872653,-0.10350195,-0.042420037,-0.22112669,0.26087597,0.14892119,0.31319234,0.0442875,0.073655225,-0.09843741,0.16671368,0.45158607,-0.1957281,-0.5228063,0.02826818,0.24384245,-0.22847179,0.3499354,-0.107646294,-0.036870226,-0.07794428,-0.20708382,-0.38626006,0.03966039,-0.014251412,0.006158363,0.8485644,-0.10068705,-1.8026482,0.018293548,-0.33666784,1.4682999,0.3286317,-0.062109184,0.41046482,0.114928946,-0.12555477,0.9138463,0.025241813,0.040488042,0.19107714,8.871416e-05,-0.10562269,-0.23156139,-0.39697078,-0.16232307,-0.20285544,0.3888872,0.18866307,0.1614814,0.08416403,-0.7105072,-0.03942604,0.5806162,-0.10534753,-0.34931618,0.18735869,-1.0160676,0.022374572,0.16673937,0.035529155,-0.050329294,-0.27615336,0.091449566,-0.16111569,0.27099505,-0.056793872,-0.36080673,0.23665021,-0.029687792,0.028491123,0.35841948,0.05124922
478,negative,0.13939936,0.35081935,0.29116866,0.14030847,-0.13775992,-0.42243385,-0.29618815,-0.26725522,0.0034965172,-0.118130215,-0.095450304,0.08734883,0.18092752,-0.24287176,0.097182974,-0.007394889,-0.33496708,0.012637676,0.010165238,0.012172505,0.5288837,-0.061944596,0.06340097,0.3072549,0.0400897,-0.1683451,-0.20476271,-0.17863937,-0.14306526,-0.067961216,-0.036413573,0.1651645,-0.2009499,-0.08437433,-0.1801149,0.17381899,0.35154,-0.09093632,-0.09986625,-0.011034056,-0.29832086,-0.39144063,-0.21631259,-0.11079896,0.30247357,0.16174148,0.32143715,-0.08654387,0.04610689,-1.0524508,-0.08921956,-0.043458976,-0.027775122,0.8763733,0.009658575,-1.8965886,-0.07410997,-0.2296271,1.4772446,0.26656613,-0.10847951,0.2967214,-0.22456224,-0.070025355,0.34445423,0.3024475,0.21171625,-0.18966976,0.66058785,-0.12832196,0.077076,-0.037532404,-0.4144642,-0.034943696,0.02190024,-0.086349525,-0.10996497,-0.02315,-0.76998657,0.07835701,0.77081335,0.16213846,-0.4854627,0.11217048,-0.7040968,-0.530146,-0.004765999,-0.14193732,0.078785636,-0.24524648,0.062409606,0.266061,-0.2061649,-0.23719633,-0.53640705,0.06108195,0.3217007,-0.1677141,0.46117473,0.18162453
479,neutral,-0.03790948,0.22564399,0.35294,0.027790856,0.04061615,-0.038035568,-0.20410603,0.02678261,-0.07607165,0.0102775125,-0.11522985,-0.13411589,0.057720583,-0.045084532,-0.040601633,-0.14235233,0.10682265,-0.009934036,-0.42099878,-0.039036848,0.3509623,-0.110652044,0.24050196,-0.026754288,-0.06609051,-0.12358463,-0.15237352,-0.32795805,0.24622287,-0.032364424,0.1645374,0.4026324,-0.11380209,-0.029320827,-0.04939549,0.1906144,0.13461742,-0.15293325,-0.16818999,0.016288487,-0.56992066,-0.22119762,0.27340674,-0.16192707,-0.0053708833,-0.21973021,0.20915748,-0.16749337,-0.10209026,-0.59691113,0.17571987,-0.012330301,0.15071978,0.9288775,0.004496977,-1.9682621,0.0302447,-0.20420894,1.3541892,0.318694,-0.20900577,0.28552294,-0.010153196,-0.08683327,0.54964167,0.12208166,0.105622455,0.41948718,-0.034318503,-0.07915067,0.16827045,-0.2125876,-0.36763054,-0.37170073,-0.033476483,0.014540922,-0.23100583,0.058003616,-0.83469373,0.020866342,0.37897873,-0.07150917,-0.06986387,-0.028367205,-1.021553,-0.19802214,0.12621178,0.1285507,0.026942875,-0.36369815,0.04283752,-0.042053033,-0.19891477,0.27523336,-0.5093541,0.07835999,0.089176506,-0.027835509,0.4721626,0.014248382
480,neutral,-0.19846097,-0.11734826,0.37573138,0.030455014,0.044990808,-0.37211514,-0.019624297,0.31275305,-0.0861578,-0.104644984,-0.11789794,0.03688219,0.02096911,0.15358515,0.0013950316,-0.080774404,-0.07090128,0.030999642,-0.33270457,-0.022666866,0.31963918,-0.2664112,-0.11089507,0.21060449,-0.052095596,-0.080612205,-0.05831764,-0.12447647,0.45480502,-0.12915795,-0.30335647,0.2866082,-0.14048539,-0.043596454,-0.030986657,0.10485721,-0.040961023,-0.12193972,-0.006993572,-0.17512995,-0.5234338,-0.26857302,0.41267094,-0.20205216,0.17173435,0.044201057,0.09361731,-0.034702733,-0.148019,-0.5413845,0.22397844,-0.3669014,0.21259508,0.9681104,-0.10943118,-2.2084284,-0.19341171,-0.16343634,1.4393259,0.33429956,-0.14588115,0.34325743,0.09171735,-0.10655533,0.67251664,0.074061416,0.046314266,0.44675907,-0.1582258,-0.047333326,0.35350114,-0.54055154,-0.435927,-0.55099714,0.10362615,-0.05222043,-0.30863357,-0.060788017,-0.6346065,-0.030237364,0.6692245,-0.08541785,-0.37816507,0.14508992,-0.82019556,-0.17078179,0.10816044,-0.024652015,0.38015532,-0.3587317,0.014223055,0.12981513,-0.15728766,0.34229076,-0.32809025,0.1935706,0.36086553,0.07003289,0.39016876,0.28736943
481,neutral,-0.4137832,-0.22638153,-0.010784094,0.09447826,-0.043432746,0.34160736,-0.11456055,0.31181926,0.28785828,0.6077765,-0.2453839,-0.1664039,0.28933483,0.161577,-0.04216779,-0.17650765,-0.13316004,-0.42783213,-0.5696702,0.16023558,0.4629533,0.04233875,0.20184413,-0.14902179,0.15743603,-0.46767578,-0.21029156,-0.23991628,0.22850877,0.08959666,-0.14662257,-0.2386427,0.27961445,0.33828613,-0.3736612,0.056485888,0.4948717,-0.014242265,-0.18785205,0.029389191,-0.537806,-0.090847954,0.2524353,-0.120845914,0.42843962,-0.042678524,0.24313077,0.10023337,-0.03455427,-0.17668016,0.11997948,0.18587288,0.21441333,0.7916645,-0.37337568,-1.556526,-0.25344685,-0.28219536,1.5330555,0.21966693,-0.09253454,0.3157349,0.18271452,-0.52932686,0.52725786,-0.056075715,-0.41333544,0.083432265,-0.35254416,-0.026063869,-0.24678253,-0.6587809,-0.44078413,-0.48632464,0.09956279,0.2098758,0.42064822,0.33398482,-0.71029764,0.18470079,0.44364005,0.1738989,-0.39564016,0.22565275,-0.35469365,0.07234383,0.19659936,-0.11870037,0.14236553,-0.007723931,0.23309135,-0.08664472,-0.23697102,0.26925606,-0.7634283,0.84012073,0.19322142,0.22445835,0.5767162,0.38555762
482,neutral,-0.22977549,0.21684946,0.12113209,-0.22042969,0.033755776,0.025755556,0.018546307,0.15101157,-0.061373547,0.16833366,0.16797207,-0.1868182,0.2076861,0.16037297,0.12855962,-0.06342195,0.22231027,0.0009518094,-0.18599047,0.29917377,0.27342618,-0.17339726,0.0016731042,0.094377585,0.08712598,-0.0448049,0.055451926,-0.14643486,-0.014062855,-0.10800633,0.04021017,0.3686972,-0.08184335,-0.025904002,0.14896995,0.09609654,-0.06516373,0.1193332,0.13361663,0.007447563,-0.14118746,-0.19983557,-0.044959016,-0.13566852,0.04121665,0.0054535456,-0.046582486,-0.17494091,-0.2249383,-0.47979623,0.18328302,0.04746765,0.008499024,0.6911769,-0.055039518,-1.6473064,-0.012777165,-0.019140009,1.4262196,0.33596674,0.028070372,0.42104965,-0.07874022,0.20173794,0.41194665,0.040823124,-0.0278797,0.087989844,0.36522257,0.017622113,-0.029620001,-0.1550784,0.07622745,-0.13737777,0.11462397,-0.043747924,0.19514652,0.06402624,-0.75245494,-0.0780198,0.410481,-0.028025765,-0.13481498,-0.006242183,-0.9518408,-0.089716606,0.034385815,-0.1442706,-0.015536269,0.031168567,-0.08576676,0.054753,0.054207753,0.005093145,-0.35725078,0.033573825,-0.0008794698,-0.13886455,0.51559985,-0.117653444
483,positive,-0.054511547,0.33766288,0.23410243,-0.2380342,0.11162765,0.4017369,-0.20169128,0.0999931,0.02463962,-0.10525507,-0.044083025,0.022989102,0.1853078,0.1884007,0.06773317,-0.13446683,-0.08164092,0.11256352,-0.3315789,0.14967883,0.1121116,-0.20465708,-0.007986842,0.032241277,0.19953607,0.23377573,-0.07321886,-0.3397563,0.31633347,-0.32052755,0.29618627,0.4420011,-0.0041508526,-0.07834037,0.0012773037,0.122081615,0.02703408,0.13592862,0.049698636,-0.15700315,-0.17882806,-0.31171203,0.04507131,-0.46084026,-0.26468825,0.0044424077,-0.0018389078,-0.11892933,-0.06866432,-0.71993405,0.018990112,-0.0847136,0.18564174,0.77927345,-0.006966298,-1.5856446,0.0016477786,-0.17869742,1.1988214,0.10434058,0.11834147,0.67413074,-0.4188661,-0.099659346,0.32643282,0.16991998,0.21189141,0.14742848,0.16969663,-0.37033772,0.0004728231,-0.009615567,-0.048745353,-0.35827747,0.25933793,0.13083756,0.0019579288,-0.06464476,-0.37697357,-0.008186395,0.34394866,0.042567838,-0.30810857,0.10101462,-1.0182116,-0.21573167,0.17084663,0.064118184,-0.3312628,-0.14532582,-0.23010768,0.04540336,0.18733922,-0.046970144,-0.3846562,-0.035633355,-0.0035690623,-0.3382288,0.44520888,0.111142576
484,neutral,0.15981533,0.49730596,0.06286632,-0.08723897,-0.37578657,0.17464173,0.023822192,-0.040762085,-0.17052816,0.3472527,-0.1032306,-0.045502126,0.3001313,0.10551024,0.30398116,-0.29981261,0.31353346,0.13729836,-0.33063373,0.5610381,0.03472341,-0.30622935,0.105405755,0.099817894,0.104901515,-0.17802301,-0.061156828,-0.5901199,0.05045684,-0.058799677,0.0768407,0.8174946,0.098785914,-0.16607253,0.09324831,0.100141294,0.057056904,-0.04938943,0.14146985,0.024387488,-0.2418679,-0.051747255,-0.05734985,-0.38390502,0.18656737,0.12192311,0.062307775,-0.07488837,-0.2113211,-0.63280636,-0.08061669,0.066720106,0.13953155,0.8692485,-0.2708822,-2.047851,-0.28111428,-0.18703982,1.4584311,0.37518483,0.124230854,0.72685134,-0.16819306,0.11031753,0.68539584,-0.0045365454,0.2174172,-0.018209947,0.10893771,0.11454045,-0.4232961,-0.23190175,-0.095459476,-0.048802692,-0.07145152,0.10430482,-0.062638,-0.13158947,-0.91790324,-0.271409,0.2670896,-0.1272958,-0.21216388,-0.21132994,-1.0767481,-0.094946444,-0.06621189,-0.61321765,0.17944172,0.2238399,-0.25013173,-0.018536074,0.19902168,0.15158989,-0.5386011,-0.011542852,-0.28378126,-0.5223062,0.48660827,-0.118548565
485,positive,-0.04929109,0.27911022,0.43503806,-0.3665139,-0.18809722,0.5258244,-0.07383485,0.29355764,0.022520019,-0.17434986,0.21397634,0.02629402,-0.12389515,0.06431381,0.038346373,0.023218345,-0.43946108,0.37335265,-0.13164777,-0.5399823,0.3533582,0.33009404,-0.17101824,-0.47619903,0.40174857,0.072265714,-0.4324358,0.001590928,0.6612919,-0.18421793,-0.06607317,0.3528817,0.19764629,0.19550587,0.06972373,0.21118508,-0.09131886,-0.09357073,0.45803213,-0.20817904,0.19026884,-0.28753737,-0.43576765,-0.32800516,-0.16819325,0.063786365,-0.27981532,-0.014866833,-0.24801075,-0.898452,-0.03849811,-0.23340377,0.059852928,0.5704444,-0.2805244,-1.7258902,0.03256947,0.15784554,0.9678691,0.34518433,0.1327356,0.8745739,0.0046382695,0.22290803,0.3281231,-0.09919974,0.9880274,0.14126727,-0.115798,-0.40488043,0.012350405,0.031105401,0.18819125,-0.16671301,-0.09335595,0.33496436,-0.14425717,-0.1558839,0.19137907,-0.07034172,-0.11532905,-0.27086306,0.17881711,-0.16181472,-0.91879153,-0.4705247,0.05158869,-0.37558183,-0.031648003,0.09614275,0.3046681,-0.2174422,-0.071622185,0.166788,-0.12863088,-0.1823172,0.1389462,-0.111428894,0.6304375,0.20358764
486,neutral,0.34648,-0.25063,0.19631998,-0.64346,0.29192,0.71597993,-0.65998,-0.4203,0.43938,0.82433,-0.49075,0.20073998,-0.87495,0.29658,-0.077166,0.7358499,0.42515,-0.17979999,-0.74023,0.45249,0.71521,-0.52745,0.06129,-0.73869,-0.021832,-0.1763,0.66793,-0.76326,-0.69675,-0.2816,0.51403,-0.27854,-0.09784,0.31692,0.14993,-0.15774,0.17816,-0.88109,0.7805,0.34806,-0.37492004,0.18038999,-0.26451,-0.21192,0.25585,-0.046468,0.51394,-0.55836,-0.3416,-0.65474,0.36881,-0.13515,-0.49075,1.474,-0.11602,-1.5982999,-0.13916,0.33709,1.4884,0.49011,-0.58272,0.47771,-0.57206,-1.2719,0.90758,0.067766,0.16403,0.42555,1.1084,0.85499,0.30687,-1.0201,-0.13125,0.66309,0.37403002,-0.44786003,-0.46149,0.25608,-0.82215,0.15332,0.47315,1.2242,0.084613,-0.33363,-1.7616,-0.45058,-0.97317,-0.12531,-0.77724004,-0.1148,-0.22585,-0.63491,-0.066636,0.13258,0.52252,-0.0053869993,0.040971,-0.32109,0.60135,-0.64281
487,neutral,-0.23437804,0.12440094,-0.016555222,0.4486881,0.027560122,-0.2520432,-0.26717424,-0.36927179,0.10321663,-0.12468637,-0.20020689,-0.058148716,-0.35247505,-0.06910596,0.3139836,0.06701389,-0.16706038,-0.15633567,-0.12770538,0.16028029,0.0054470166,-0.36323693,0.0410342,0.04936204,0.5074304,-0.085431464,-0.35503727,-0.18172036,0.60138047,0.20286757,0.22157076,-0.19567147,0.0055660326,0.1628401,0.36864245,0.35477012,0.6053457,0.3351975,-0.063487,0.2363034,-0.34092072,-0.55291086,-0.030678185,-0.19364779,0.13796526,0.019803463,0.4510892,0.24661796,0.30705667,-0.49201408,-0.1790711,0.088059284,-0.29642177,0.8409873,0.065808564,-1.6517991,-0.107020594,-0.05925532,1.3773416,0.14727138,0.10148991,0.77180475,-0.13359976,0.18222307,0.7250539,0.114574395,-0.38574493,-0.00038355056,0.01599795,0.07063067,0.57593155,-0.54609287,-0.09147921,0.17406477,0.13219155,-0.3619274,-0.16703767,0.2194048,-0.21392965,-0.068099886,0.29758638,0.04844272,0.10763815,0.41081387,-0.90417457,0.039658003,-0.42509016,-0.84087086,0.23065639,-0.16850464,-0.2824119,0.07483617,-0.09081656,0.07859434,0.15621208,-0.2838647,0.21703485,0.10192148,0.65688944,-0.045086823
488,neutral,-0.1352219,-0.0571682,0.12789412,-0.2200167,0.011770918,0.34576496,0.15066603,0.40238732,-0.27301404,-0.012116606,0.1025073,0.012300533,0.06251708,0.052529924,0.15391414,-0.12621187,0.23882048,0.15399268,-0.3992366,0.25129494,0.24673414,-0.006224623,0.19775476,-0.20562235,0.5616458,-0.23142217,0.05249943,-0.11349371,0.20842859,0.017245334,-0.36334285,0.23761196,0.17921254,0.3508162,0.10795268,-0.054552596,0.0005354717,0.22125174,-0.0724726,-0.13072819,-0.13963616,-0.10115274,0.050954726,0.1605304,0.10473511,-0.040982496,-0.25463465,-0.31517383,0.27403814,-0.5787421,-0.04313351,0.008036629,0.12204389,0.56134456,0.16822965,-2.141738,-0.15246855,-0.07103391,1.0054065,0.32489884,0.014536818,0.53628445,-0.35921425,-0.034382433,0.46383253,-0.12772532,0.43731824,0.077354215,-0.056808855,0.05319705,-0.08726166,-0.053065494,-0.18074743,-0.47091493,0.22179401,-0.14195633,0.2900482,0.24058032,-0.3033216,0.3310965,0.36076054,-0.11808075,-0.28579938,0.046264682,-0.62082607,-0.03686705,0.05541818,0.11169382,0.15218244,0.017579054,0.19099145,-0.029956391,-0.11217541,0.12256172,-0.58928734,0.04748092,-0.14487727,0.11357407,0.3582412,0.17234822
489,negative,-0.16968444,0.4338215,0.30607775,-0.13933076,0.000588504,0.19848153,-0.2673811,-0.00011322942,0.0948037,0.2309963,-0.0017088403,-0.13684605,0.28781295,-0.104918756,0.017423676,-0.039423004,-0.009463991,0.030579519,-0.38621965,-0.09871139,0.28560686,-0.098172694,0.3414223,-0.3186182,0.25489816,0.049336936,-0.01938086,-0.15543379,0.24861892,-0.19697009,0.025575515,0.203924,0.048111245,-0.33125648,0.007202705,-0.088360175,0.016091684,0.11778614,-0.07340329,-0.11794814,-0.41065133,-0.16532475,0.027002126,-0.088845216,-0.040311072,0.045424525,0.40802616,0.02050516,-0.11451204,-0.546091,-0.17980042,0.27278137,0.027592901,0.9328468,0.03708565,-1.7513999,-0.028575907,0.04913429,1.4406078,0.2609986,-0.1364708,0.593861,-0.19835658,-0.16811818,0.72682196,0.12718153,0.38671374,-0.0989384,0.087476194,-0.3777987,0.2145236,-0.38053152,-0.16536956,-0.08967389,0.36786452,-0.020458676,-0.119024344,0.0046312264,-0.59673506,0.44092748,0.4232666,0.10469305,-0.33426523,0.35540116,-0.8661647,0.046132844,-0.17614329,-0.03952816,-0.14933829,-0.34743708,0.12237302,-0.035043262,0.022939257,-0.10323916,-0.38447088,-0.09304034,-0.083334036,-0.24683638,0.3301287,0.27729055
490,neutral,-0.13052846,0.16089323,0.2058944,-0.06883113,0.18577388,0.33535928,-0.08268974,0.25618374,-0.059937343,0.12005485,0.05559194,0.10108775,0.08002193,-0.10100966,-0.01999759,-0.030315006,0.24141727,-0.007875458,-0.32759348,0.0001271924,0.27504128,0.2823584,0.23197138,-0.2462307,0.03131599,-0.119782455,0.01633944,-0.2634947,0.17521411,-0.052892946,-0.11329331,0.43252003,0.16586146,0.19929536,0.15347415,0.058481712,0.087559514,0.24164759,-0.19740878,-0.21928388,-0.43468353,-0.14796768,0.2358386,0.0038475613,-0.02654551,-0.31184748,0.097642295,-0.12618014,-0.1069917,-0.56354946,0.120377444,-0.14350933,0.12990323,0.9016816,-0.032716826,-2.0669444,-0.00955944,0.048451196,1.2790817,0.31526342,-0.15596585,0.40075016,-0.39403188,-0.20364256,0.54176915,0.063538745,0.1742407,0.17193688,-0.023950338,-0.061872292,0.2037356,-0.20798373,-0.21714392,-0.5166769,0.13394403,-0.1201768,0.19113521,0.25613979,-0.6081495,0.05948916,0.50712544,-0.14236419,-0.17542444,0.13997214,-0.88996214,0.06986097,-0.044542097,0.0477251,0.11484172,-0.10495891,0.19860959,-0.051706996,-0.26993337,0.099494755,-0.59306824,-0.0995736,-0.20527242,-0.09926683,0.4090416,0.30877662
