row_id,ground_truth,glove_f0,glove_f1,glove_f2,glove_f3,glove_f4,glove_f5,glove_f6,glove_f7,glove_f8,glove_f9,glove_f10,glove_f11,glove_f12,glove_f13,glove_f14,glove_f15,glove_f16,glove_f17,glove_f18,glove_f19,glove_f20,glove_f21,glove_f22,glove_f23,glove_f24,glove_f25,glove_f26,glove_f27,glove_f28,glove_f29,glove_f30,glove_f31,glove_f32,glove_f33,glove_f34,glove_f35,glove_f36,glove_f37,glove_f38,glove_f39,glove_f40,glove_f41,glove_f42,glove_f43,glove_f44,glove_f45,glove_f46,glove_f47,glove_f48,glove_f49,glove_f50,glove_f51,glove_f52,glove_f53,glove_f54,glove_f55,glove_f56,glove_f57,glove_f58,glove_f59,glove_f60,glove_f61,glove_f62,glove_f63,glove_f64,glove_f65,glove_f66,glove_f67,glove_f68,glove_f69,glove_f70,glove_f71,glove_f72,glove_f73,glove_f74,glove_f75,glove_f76,glove_f77,glove_f78,glove_f79,glove_f80,glove_f81,glove_f82,glove_f83,glove_f84,glove_f85,glove_f86,glove_f87,glove_f88,glove_f89,glove_f90,glove_f91,glove_f92,glove_f93,glove_f94,glove_f95,glove_f96,glove_f97,glove_f98,glove_f99
0,negative,0.0057343533,0.2203057,0.32386437,-0.02565219,3.0313047e-05,-0.02344645,-0.19778799,0.09917712,0.111141294,0.06952834,0.047441915,0.01814533,-0.04591661,0.2540438,-0.037036117,-0.0025132513,0.037154984,-0.26452076,-0.49481833,0.27348584,0.30676875,0.22094007,0.2819213,0.12753665,0.05009312,-0.36446202,-0.0339422,-0.20365444,0.4130948,-0.06675125,-0.13225648,0.093335964,-0.08996506,-0.09661268,0.26716837,0.10473136,0.18803583,-0.019331494,-0.13153939,-0.19387686,-0.5465195,-0.16426405,0.3096209,-0.16405219,0.19379202,-0.122061655,0.4911774,-0.04609281,0.010024495,-0.52843505,0.034160737,0.20284683,-0.040917296,0.8596521,-0.2985923,-1.9811157,-0.076942176,-0.13816592,1.2632586,0.49117073,0.04104979,0.46252418,-0.061605398,-0.29405913,0.67525744,0.07699197,-0.2758833,0.46468076,0.0045466507,-0.081802554,0.13822451,-0.46469027,-0.4088693,-0.23710415,0.1680102,-0.0041081687,-0.12223807,-0.011294839,-0.6547551,0.1216664,0.70613474,-0.07730589,-0.30919597,0.16435514,-0.9862212,-0.25220817,-0.20546004,0.091340005,-0.20987101,-0.28381258,-0.058800966,-0.09744088,-0.0020546655,0.09644549,-0.47413197,0.25484714,-0.27643773,-0.04564421,0.37166783,-0.0253924
1,negative,-0.19472487,0.22744554,0.25118944,-0.3030136,0.052543234,-0.02626911,-0.23605986,-0.088538826,-0.09856512,0.08114457,0.048759554,0.1282988,0.008614805,-0.12449065,-0.06360403,-0.032575488,0.00073223776,-0.041601863,0.022978282,-0.16481514,0.1893505,-0.13212092,0.03924883,-0.026358133,0.16759002,0.061020352,-0.23129265,-0.25063586,0.13796395,-0.16019307,-6.0808525e-05,0.13992628,0.035721358,-0.043077346,0.044669405,0.15258782,-0.08284654,0.07231475,0.054595955,0.082530566,-0.28546193,-0.12073738,0.31009197,-0.3325168,-0.05936335,0.042684834,0.081279024,-0.060538303,-0.13959719,-0.442721,0.12481248,-0.060664766,-0.08000614,0.9240084,0.13765833,-1.9964879,0.10184111,-0.03822075,1.2288129,0.47220168,-0.114858635,0.267969,-0.18893573,0.012957362,0.5768046,-0.06576561,0.23880455,0.28854316,0.22919765,-0.18282549,0.16186039,-0.32521096,-0.43596685,0.013627371,-0.024414618,-0.023917722,-0.18006344,0.0698508,-0.64986134,0.2040618,0.73710674,-0.075338885,-0.17453435,-0.122820236,-0.8395485,-0.31629702,0.053694073,0.033639465,-0.13240367,-0.34107855,0.07228968,0.14190717,-0.20063695,0.04720986,-0.27556032,-0.10837285,0.23830791,-0.011814126,0.5370193,-0.14096595
2,negative,0.012598955,0.37233725,0.5278131,-0.038462013,-0.05334445,0.05632721,-0.18169779,-0.14512469,0.206406,0.23085365,-0.011520415,0.02017772,0.20509182,0.0023774193,-0.043192882,-0.10984541,0.106156774,0.12824453,-0.4926008,0.3566245,0.3542953,-0.05152869,-0.016990216,0.01836891,0.14582835,0.23347774,-0.14825039,-0.17597301,0.33787343,-0.018158998,0.018454235,0.34057474,0.022374641,-0.12511723,0.024945164,0.032646053,0.029156603,-0.028665785,0.046534035,-0.15103288,-0.5116487,0.007683514,0.048267093,-0.23640019,0.025193652,-0.18898891,0.027996333,-0.11642107,-0.3107049,-0.465781,0.042974252,0.06102522,0.10349088,0.9231575,-0.1616455,-1.5912514,0.20046487,-0.1543642,1.0882958,0.29322386,0.015066731,0.48053306,-0.1915094,-0.18026876,0.70208746,0.21940073,0.21766034,0.3132942,0.0014984572,-0.17764291,0.20114717,-0.35304087,-0.17727534,0.10616319,0.08753499,0.044870324,0.0020284078,-0.062279437,-0.7447364,0.21155852,0.5869816,0.16062325,-0.26434562,0.19477081,-1.0834867,-0.09417809,-0.05861071,0.00073481305,-0.07015694,-0.26999682,-0.057271454,-0.18056104,0.16035585,0.021080771,-0.41491145,-0.108720206,-0.2934864,-0.20441964,0.19679807,-0.11492653
3,neutral,-0.19225837,-0.11662555,0.15068698,0.020902885,0.037675995,0.3436719,0.12766953,0.29642904,-0.08656599,0.046808653,0.09338334,-0.03236227,-0.22946201,-0.11657332,0.19534479,0.15520814,0.2103941,0.062274747,0.050635878,0.20639129,0.27122524,-0.05319699,-0.016483748,-0.18085305,0.4060334,-0.117767386,0.22762406,0.13868783,0.18461633,0.17801605,-0.049765803,0.26300743,0.2869916,0.39008528,-0.05149221,0.051594533,0.025036184,0.23475409,0.016757254,-0.3097224,0.16102687,0.059309855,-0.1021043,0.24476172,-0.10806691,-0.033172928,-0.23376809,-0.1322488,0.2150592,-0.36896917,0.17378674,-0.17559698,0.30437753,0.3340061,-0.024140658,-1.5345336,-0.013127103,-0.016330067,0.39483365,0.2491956,0.0055642943,0.6002952,-0.2304679,-0.05991426,0.41120094,-0.21556401,0.29703665,0.067776196,0.044875972,0.038358647,-0.13799278,0.14556712,-0.13057962,-0.020688457,0.020822663,0.074142896,0.3194475,0.19179812,-0.11952774,0.011939916,-0.05573954,-0.02222846,-0.11519024,-0.0959237,-0.5218622,-0.020757107,-0.18843345,-0.24309944,0.18729888,0.24005586,-0.16010228,0.17954686,-0.19985999,-0.13817964,-0.38615656,-0.093896255,-0.122707255,-0.06190778,0.11129081,0.16506067
4,negative,-0.013593645,0.1371567,0.54037243,-0.25279713,-0.33611172,0.15388526,-0.12845606,0.043489803,0.19666824,-0.08669854,0.19138783,0.053051032,0.14373243,0.03724531,0.08315605,0.0056745084,-0.011215795,0.14686365,-0.30972424,0.3200464,0.26672637,0.16648573,-0.13969247,-0.25392854,0.10935505,0.11181174,-0.28980267,-0.31092873,0.08909388,-0.085500635,-0.081716605,0.43159446,0.07157778,-0.09802882,0.0137712415,0.120161235,-0.25502232,0.021744583,0.0824207,-0.27191943,-0.35112816,-0.016785963,0.25495452,-0.34180284,-0.3851792,-0.05198373,0.091926455,-0.14642766,-0.27869332,-0.80455446,0.19874935,-0.03349249,0.11774613,0.93540615,-0.13796042,-2.2332392,0.0058528837,0.14535041,1.4532889,0.29370287,-0.18899368,0.78726506,-0.4127875,-0.20938687,0.73430085,-0.01827839,0.47026855,0.3592719,-0.13106324,-0.28598282,0.042186394,-0.31271702,-0.023140263,-0.33015692,0.15257615,0.21815075,-0.1450571,-0.08077102,-0.59791416,0.055844896,0.47868288,-0.04986706,-0.36192918,-0.042107176,-1.3666319,-0.051445853,-0.035750788,-0.08118295,-0.24384952,-0.4388636,0.016043043,-0.105031826,-0.047891386,-0.061145045,-0.55499667,0.040251404,-0.12899023,-0.13247639,0.33820242,0.33388782
5,neutral,0.04403898,0.11409824,0.18218797,0.16256396,0.24535128,-0.07445595,0.14146706,-0.1162219,-0.3699874,0.13415565,-0.18696062,0.060890283,-0.026799917,-0.07319558,-0.18647283,-0.03914175,0.11266214,-0.09811585,-0.18870047,-0.0021759744,0.01321798,-0.09952497,0.16952807,0.11395578,0.339683,0.15517956,-0.3996645,-0.2020699,0.5803043,-0.41551194,-0.06826272,0.18484713,-0.10882703,0.04305001,0.14975493,0.016762521,-0.12233368,0.23316722,-0.12727436,-0.19377396,-0.21048819,0.042741433,0.40288582,-0.3234409,-0.059386965,-0.13923068,0.24496366,-0.19655377,-0.10731824,-0.12025774,-0.14834431,0.08439136,0.09977592,0.7730024,-0.09996116,-1.2877338,-0.08921195,0.15512158,0.5253386,0.13086115,-0.051476832,0.34150788,-0.39557925,-0.07904041,0.27837956,-0.08604413,0.100782394,0.013624893,-0.069010034,0.21210605,0.41773206,-0.03867455,-0.27115253,-0.4625338,0.08934479,0.19946195,-0.34288916,0.18889527,-0.41987613,0.0471442,0.3259093,0.21132652,-0.20603059,0.057091713,-0.41315183,0.252669,0.08719129,0.029136725,0.030268854,-0.74495536,0.00521672,-0.27835786,-0.091876134,0.2339535,-0.42298484,-0.024011,-0.05890043,-0.1039669,-0.11778299,0.3703014
6,negative,0.118972,0.018918416,0.24081877,-0.096518196,0.10529576,-0.04388545,-0.17803335,0.205429,0.050741974,0.35029727,0.44531178,0.19957249,0.15722935,0.14368892,0.14837024,0.027110027,-0.10721966,0.09259215,-0.34282416,0.26332143,0.28402883,-0.10416744,0.006497977,-0.016339056,0.29342052,0.04433721,-0.21457572,-0.099123746,0.05671645,0.13779007,-0.10568691,0.14793746,0.31066418,0.2983948,0.044038728,0.15063095,-0.14207487,0.03792991,0.39516583,-0.13380906,-0.26170227,0.0016867393,0.096430086,0.17386341,0.5617058,0.0801299,0.0556897,0.10852167,0.2621864,-0.18820009,-0.35165322,0.14120074,0.24275985,0.74150753,-0.0661757,-1.5851136,-0.3095956,0.14168535,0.86686444,0.31073514,-0.080304876,0.45151094,-0.06468014,-0.0005013957,0.017366344,0.06645232,0.20598623,0.123846404,-0.3240942,0.1495265,-0.13716015,-0.117526464,-0.04974675,-0.102703646,-0.027083177,-0.28257087,0.2647975,0.041175976,-0.30663517,0.17292021,0.42206132,-0.12356881,-0.22291581,-0.005190585,-0.308514,-0.35807437,0.023107255,-0.091283046,0.107933514,-0.022964455,0.17107864,0.045646694,0.12249765,-0.17614771,-0.21091461,0.21981815,-0.01079938,-0.1383634,0.15449437,-0.11124963
7,negative,0.23856409,0.17103928,-0.27250472,-0.05506971,0.11942991,0.24841836,-0.55737156,0.45643616,-0.100080036,0.3980948,0.09298403,-0.12011041,0.28080937,0.34331524,-0.4534151,0.080327526,-0.13040544,-0.20940845,-0.6052675,-0.27635166,0.8011825,0.07472016,0.26506048,-0.07530547,0.23450354,-0.3360706,0.11824632,0.072525546,0.575999,0.1616115,-0.25779784,0.24269262,-0.029112067,0.15935928,-0.066804014,0.20476565,0.23368357,-0.06746225,-0.1993236,-0.15669642,-0.6053864,-0.12084026,0.29861844,0.026451815,0.6916426,-0.35623083,-0.055352647,-0.046352003,-0.014878764,-0.35388845,0.42396772,-0.045991067,0.1956976,0.79687494,-0.5239898,-1.7010971,-0.3857424,-0.19788833,1.3578804,0.10529918,-0.2511117,0.31359693,-0.099246755,-0.3192213,0.20023431,-0.04091788,-0.16620009,0.12473902,0.11365032,0.012797442,-0.22124547,-0.24587564,-0.42397386,-0.60670763,0.20335948,0.25395915,0.92184675,0.0061982013,-0.9875982,0.12765624,0.6583073,-0.29506138,0.006395387,-0.035282217,-0.82279485,-0.12454458,0.18636858,0.03160048,0.14620093,-0.051730216,0.28681546,-0.19567226,0.016194519,0.06451537,-0.5547331,0.28584337,-0.041647263,0.4268988,0.33739015,0.04778303
8,negative,-0.079771295,-0.0052962718,0.23756944,-0.123984054,-0.022590404,0.16342773,-0.17757237,0.12117779,0.09942374,0.087999776,-0.030621674,0.016405147,0.011026285,-0.008390255,-0.044593148,-0.102872655,0.1671169,0.14847447,-0.22520058,0.006463112,0.2648375,0.053300038,0.045624733,0.038130883,0.014049164,-0.021500805,-0.1970195,-0.3050531,0.055239953,-0.036747545,0.035453502,0.33027676,0.057951257,-0.06727707,0.06812649,0.13434209,-0.013196469,-0.009083732,0.030060476,0.003475909,-0.09090645,-0.22539178,-0.10971692,-0.12720096,-5.5431337e-05,0.052500155,0.112719335,-0.15766013,-0.09107273,-0.5225247,-0.11733223,-0.10462693,-0.022168694,0.609383,0.05560405,-1.2890581,-0.025457881,0.14181821,1.051928,0.21836711,-0.11363775,0.3124146,-0.1583713,-0.07055548,0.34221336,0.07687648,0.23395246,0.03073008,0.07753035,0.050941616,0.15036161,-0.24671558,-0.116845146,-0.25357,-0.016977677,-0.08987638,0.0230564,0.05909375,-0.5221114,-0.13258795,0.2776239,0.056002878,-0.12748392,0.14883383,-0.71516,-0.02960569,-0.07726372,-0.07832653,-0.003041388,-0.34873617,0.15462485,-0.041132994,-0.055862404,-0.024215544,-0.25164792,-0.019632839,0.008458331,-0.17643173,0.3662068,0.16378629
9,neutral,0.08799711,0.22642928,0.31356665,-0.15689166,-0.23493133,0.3172797,-0.18847038,0.03731971,0.13385332,0.17375663,0.00705075,0.028513055,0.3671928,-0.0052334745,-0.04765408,0.063234344,-0.09009599,0.045149706,-0.5331565,0.36436513,0.15376124,-0.08378458,-0.05677418,0.027634623,-0.047525775,-0.10882175,-0.042249024,-0.44845116,0.37956074,0.18885806,-0.10608036,0.35101077,0.09004858,0.15892532,-0.03747046,-0.008793231,-0.07790127,-0.012494201,0.049261503,-0.32635173,-0.40734774,-0.020358253,0.15842403,-0.31125477,-0.20414689,-0.24686879,0.28323904,-0.26271144,-0.092899226,-0.5847422,0.050792843,-0.08725836,0.13031243,0.51126295,-0.32013518,-1.2844582,-0.043821372,-0.016296472,1.1415912,0.27210563,-0.42268243,0.36567456,-0.16757302,-0.17575687,0.44792014,0.11763058,0.15322413,0.3359519,-0.23575042,0.40160388,0.008163245,-0.30280936,-0.3748036,-0.10122475,-0.14660068,0.22594664,0.3258161,0.17950748,-0.60296834,0.02525266,0.46039915,-0.11230979,0.015552844,-0.010609683,-0.64617926,-0.22482453,-0.116215594,0.20113404,0.110799335,-0.23347321,0.10372352,-0.20759489,-0.16624558,-0.059560094,-0.39722082,0.093968906,-0.11468681,0.079432,0.22881374,0.24894194
10,negative,0.05550943,0.2643288,0.46469375,-0.35268512,-0.08865906,0.23936829,-0.011387164,0.1951723,-0.086833164,-0.12227068,0.049452458,-0.037472144,0.23781349,-0.072300866,0.2711768,-0.2448187,-0.016057534,0.11205084,-0.20610182,0.42142063,0.621872,0.025493871,0.2319127,0.01676584,0.22538929,-0.14728391,-0.19924921,-0.43822685,0.19042644,-0.08596662,0.03246828,0.46154073,0.032617934,-0.26395503,-0.18143344,0.16478734,-0.06876295,0.18042727,0.07326941,-0.18282239,-0.20867735,-0.19980517,0.22517431,-0.30003932,0.040343877,-0.059015088,0.29187417,-0.1778608,-0.009484764,-0.81999236,-0.033699058,-0.190246,0.14139946,0.8934705,-0.33250248,-2.6585515,-0.011914083,-0.015492332,1.5522898,0.5143437,-0.05582131,0.9940198,-0.4988379,-0.02744653,0.57754034,0.007815757,0.4868901,0.21376897,0.051463325,-0.14199705,-0.08417349,-0.23999259,-0.30011004,-0.031074245,0.0748616,0.11545928,-0.051752068,0.009794674,-0.71189564,-0.10388035,0.5625135,-0.007519084,-0.43590093,0.18386745,-1.2556869,-0.27800852,0.031745516,-0.14898625,-0.28001466,-0.38036928,0.10478313,-0.06257749,-0.09078728,0.053861525,-0.53009665,0.068024,-0.18604779,-0.19503465,0.40982184,0.12694101
11,negative,0.08947115,0.14431249,0.58169484,0.09355528,-0.03503871,0.034810156,-0.103925474,0.013808309,-0.14114724,0.2984138,-0.065543905,0.22422299,0.18624324,0.19725657,-0.20645817,0.007996077,0.0025921557,-0.0752904,-0.3893013,0.31135723,0.07581487,0.23503073,0.15882848,0.122034214,-0.093050614,-0.042147946,-0.09511801,-0.18393211,0.21335244,0.09319595,-0.21507816,0.34779698,-0.22146805,-0.3463363,0.09104573,0.018917678,0.0022590314,-0.081778094,0.063711524,0.03131156,-0.23402146,-0.30591568,0.16171208,-0.22535822,0.10569406,-0.2964201,0.19421694,-0.10297741,0.04637467,-0.52380574,0.29228792,0.040864073,-0.044240277,0.8539043,-0.19557415,-1.9997458,0.15447415,-0.055510543,1.3594191,0.40673327,-0.14515291,0.6516041,-0.28973445,0.057057872,0.68365675,-0.0036850595,0.15053977,0.2338162,0.09801498,0.08236431,-0.08378126,-0.309112,-0.05589134,0.13216218,0.12463271,-0.0055870996,0.012877845,0.28974065,-0.67226624,0.07184478,0.7334375,-0.049662493,-0.29234388,0.008472599,-1.3229504,-0.19363876,-0.29559058,0.07011028,-0.15327798,-0.29794848,0.017063124,-0.09824446,-0.18154058,0.10210314,-0.2523034,0.19588552,-0.25032422,-0.11482074,0.3633096,0.12786894
12,neutral,-0.10908768,0.15698357,0.26213837,-0.03807119,-0.11320628,-0.31611645,-0.39678913,-0.19305368,0.00090187025,0.070294164,-0.10891298,0.066624284,0.10418446,-0.062230702,-0.12308185,-0.24141037,-0.1787783,-0.1829004,-0.26558545,-0.105072714,0.051401794,-0.095024444,-0.15803634,0.11282346,-0.16689049,0.047737632,-0.05500637,-0.3244293,-0.026028091,0.01581643,-0.045645535,0.41012526,-0.19580333,-0.14852992,-0.20384231,-0.015880994,0.17304388,-0.01235538,-0.2678389,-0.039522234,-0.46064794,-0.32353452,0.06930967,-0.12864093,0.1053755,-0.020289537,0.21566994,-0.11633176,-0.33156544,-0.751683,0.040044617,0.014719008,0.064248495,0.7743915,0.09396255,-1.8329618,0.2628317,-0.5007581,1.3275093,0.380024,-0.08805038,-0.016468136,-0.2142148,-0.06155847,0.5441337,0.1205816,-0.054518122,0.2788171,0.25872028,-0.33295816,0.1464001,-0.2839556,-0.26845977,-0.2160265,0.09697016,0.060884535,-0.12606727,0.1777775,-0.6680192,0.09714641,0.7530866,0.022310814,-0.161041,0.16958833,-1.011563,-0.013553201,0.08373458,0.08198902,-0.1441972,-0.40156695,-0.25410074,0.033038564,-0.25744972,-0.28158292,-0.4100142,0.259887,0.30671325,-0.255998,0.48526368,0.051089182
13,negative,-0.24857686,-0.0056626904,0.09356082,0.03548032,-0.095974386,-0.5812907,-0.19252455,-0.042698205,-0.073203154,0.16869137,0.12022934,-0.15854715,0.031857505,-0.27075708,0.107376434,-0.3433088,-0.10234348,-0.091046065,-0.3548712,0.073131986,0.44415393,0.064304836,0.14866446,0.27740678,-0.11630529,0.20624778,-0.17604531,-0.35587734,0.42949572,-0.0986465,0.026972143,0.38499236,-0.13069926,0.0023391165,0.0383348,0.26752818,0.17902745,-0.2349933,0.00921414,-0.0005901767,-0.5002139,-0.29594868,-0.09848174,0.12882327,0.16818915,-0.1298268,0.65435004,-0.35304055,0.12542814,-0.96403384,0.19131371,0.17967802,0.16063865,0.9272956,0.11382976,-1.7777628,0.23081395,-0.060167737,1.4183449,0.17388763,0.081863336,0.36177438,-0.030546507,0.050295066,0.32376435,0.4354475,-0.07711671,-0.12836453,0.3937058,-0.13561773,0.43889165,-0.5024033,-0.14600554,-0.19723241,0.28924015,-0.07326843,-0.00096388237,-0.12251461,-0.37330106,-0.036923107,0.5243295,-0.061431363,-0.4308467,-0.02581677,-0.69312483,-0.10082163,0.22676943,0.13738382,0.17715459,-0.045820083,-0.0091285,0.1769806,-0.25867805,-0.009216273,-0.5313053,-0.10430889,0.09543943,0.122129835,0.48928088,0.15161474
14,neutral,0.1720654,0.634381,0.74052006,-0.48046005,-0.31683052,-0.4269801,-0.3089892,0.22306323,0.45930177,0.086154774,0.5251847,-0.19856238,0.33479467,0.112761006,-0.3946204,-0.04219751,-0.49915263,0.25159886,-0.5363124,0.576456,0.23193066,0.43999538,0.16993761,-0.6222733,-0.0085891355,0.4209496,-0.42693412,-0.32880887,0.33692846,-0.014644501,-0.3853348,0.74537706,0.09633964,-0.013799823,0.31125605,-0.065732196,-0.13543338,-0.045387417,0.019514766,-0.38728216,-0.48512653,0.14614385,0.33961043,-0.6132262,-0.65547246,-0.66486067,0.6135386,0.05378696,0.11554628,-1.210593,0.27504686,0.034038406,0.06398587,0.9992635,-0.30145797,-2.266061,0.22824208,0.031584594,0.9550418,0.21300764,-0.06462834,0.7299343,-0.58987504,-0.3422787,0.802458,0.38784787,0.648306,0.3574609,-0.39041448,-0.15876941,0.71535736,-0.3743524,-0.039047997,-0.038766406,0.39701915,0.24692823,0.1674594,-0.03499583,-0.5531161,0.22409244,0.508008,0.009533238,-0.7564146,-0.25601178,-1.6592323,-0.3034779,-0.19648647,0.037700277,-0.34747383,-0.65897506,-0.07113012,0.08444994,-0.13991924,-0.31984085,-0.39904532,0.2412377,-0.30640537,-0.5183401,0.08322357,0.73512393
15,negative,0.026795907,0.19963415,0.33075997,-0.27619627,-0.19692017,0.34388736,-0.4217549,0.17316204,0.13719398,-0.18749447,-0.06826172,0.047268957,0.047933616,0.06735118,0.114781715,0.044572316,0.19570051,0.23572831,-0.46855086,0.3396752,0.13709375,0.03769058,0.08991728,-0.103416644,0.077232905,0.10374926,-0.118646055,-0.5045885,0.1147649,-0.07878616,-0.02317556,0.4295672,0.0802935,0.0054114433,-0.120185785,0.11319493,-0.15216945,0.1652268,0.08068393,-0.2813733,-0.33375767,-0.043810945,-0.15088442,-0.40388906,-0.19824901,-0.014550267,0.0104432,-0.03687106,-0.24002339,-0.5276615,0.01815664,-0.027656049,0.19361576,0.8223888,-0.20724238,-1.5340073,0.18916135,0.09114965,1.2002648,0.41535845,-0.04896403,0.5101437,-0.34837863,-0.18391164,0.6902417,0.26356354,0.2583239,0.23279166,0.1657298,-0.21906815,0.055338524,-0.24860461,-0.08402688,-0.31022942,0.06290047,0.08371403,-0.2884263,-0.020436123,-0.61956143,-0.16579306,0.33080608,0.08929733,-0.022351773,0.071832,-1.2726848,-0.08521034,-0.005865,0.0115082925,-0.28265703,-0.44634283,0.114686295,-0.23150711,0.03661949,0.1415609,-0.29830134,0.012762412,-0.09913,-0.42213568,0.29441673,-0.002474244
16,neutral,-0.05182489,0.28256017,0.30532888,0.05405432,0.09732423,-0.1384809,-0.19472104,-0.057430785,0.07125931,0.018099839,-0.058562588,-0.16243915,0.12795769,0.0026968971,0.07589575,-0.12400352,0.09066725,0.040661275,-0.33972552,-0.16443157,0.25512347,-0.08684048,0.09627949,0.20913415,0.06686674,-0.078003205,-0.14582844,-0.16895041,0.14337422,-0.07573395,-0.28353986,0.14418678,0.04590313,0.076082766,-0.0069457265,-0.016795505,0.09481895,0.39481413,-0.28807583,-0.11629084,-0.4193066,-0.23862395,0.22576751,-0.14874808,0.24960662,0.056065053,0.4725961,-0.1099865,-0.22142544,-0.45319468,-0.1944146,0.072141245,0.06777825,0.8345109,-0.14188436,-1.8473408,-0.04894819,-0.06728251,1.33826,0.2529694,-0.29250365,0.4599098,-0.20509611,-0.026226494,0.57356256,-0.16864704,-0.035642374,0.050176274,0.1469051,-0.11351075,0.024965487,-0.295466,-0.15046443,-0.13960227,0.020561803,-0.062359124,0.045246877,-0.11918683,-0.5691728,-0.002366513,0.3047558,0.096115164,-0.4084035,0.16640915,-0.8705039,-0.11783884,-0.09064544,-0.20179892,0.058471847,-0.42959407,0.06957969,0.14498432,-0.11450619,0.051286634,-0.18048231,0.08381449,-0.079748236,-0.00026430015,0.53310984,-0.054573163
17,neutral,-0.121489994,0.42050964,0.19514431,-0.08829164,-0.14078364,-0.08425594,-0.10579636,0.049546372,0.24056284,0.27622694,-0.0741645,-0.014309294,0.16562988,0.025143906,0.02738708,-0.19607493,-0.12726302,0.03678047,-0.36453885,0.092222005,0.0337802,-0.09209348,0.1921024,-0.06668848,-0.017579218,0.047405854,-0.17443989,-0.14845304,0.041934233,0.14062089,-0.094630666,0.23958802,-0.09276811,0.09690586,0.100528345,0.088624254,0.013446959,-0.19206099,-0.023299476,-0.14320578,-0.4645259,-0.0940871,-0.0032580367,-0.32166454,0.35367826,-0.059706554,0.30000788,0.039502297,-0.25329465,-0.44663256,0.04352541,-0.09299005,0.13322209,0.8554613,-0.09673907,-1.4625818,-0.03200314,-0.34865105,1.2368836,0.050780594,-0.048324652,0.3477882,-0.09516563,0.06460621,0.7876317,0.060905453,0.20496982,-0.15333351,-0.02917076,-0.3188731,0.06029908,-0.31189665,-0.11823622,-0.2578599,0.15076515,0.10620356,0.015741529,0.055012167,-0.6775935,0.30667993,0.6155642,-0.01286806,-0.46411735,0.2630826,-0.9166766,0.14493155,0.31923723,0.16284485,-0.066122375,-0.14603901,0.18287638,-0.24187906,0.025672719,-0.061489783,-0.38901213,0.10600508,-0.11464363,-0.28793868,0.49819663,0.11803024
18,neutral,-0.15352932,0.22363532,0.19864827,-0.1634303,0.033735305,0.03828571,-0.123734586,-0.060289454,0.09848735,4.4651726e-05,0.10961506,-0.12821822,0.21635167,-0.07412658,0.09283208,-0.31555924,0.18061148,0.1448383,-0.2514793,0.21826607,0.124792874,0.051363084,-0.07760883,-0.0324677,0.10939275,0.08358818,-0.023022946,-0.22170754,0.031324994,-0.07765094,-0.09706178,0.33176592,-0.108033225,-0.016026054,0.08351152,0.2234194,-0.024117356,0.18205215,0.033342697,-0.24413832,-0.1639378,-0.08196415,-0.06359281,-0.2660723,-0.15843132,-0.10118646,0.027105441,0.024256362,0.008826737,-0.4572014,0.12215237,0.016256174,0.13933514,0.66958404,0.041206058,-1.6384463,0.06191113,0.040378347,1.2188808,0.306045,-0.040547892,0.54328984,-0.20617092,-0.13422555,0.61745274,0.13644552,0.3537062,0.14730215,0.19709402,-0.035336133,0.12539437,-0.15945445,-0.07571843,-0.30792898,-0.05060629,0.003983256,-0.019232376,-0.025133545,-0.5367277,-0.019236913,0.37733972,-0.07166262,-0.25714046,0.02428869,-0.9182556,-0.023518104,-0.013114754,-0.03165206,-0.048704226,-0.26024157,0.05387263,0.11609528,0.14714953,-0.014808306,-0.33191934,-0.06015788,-0.09081662,-0.23538938,0.27637956,0.16781099
19,neutral,-0.22585236,-0.16831982,0.2673664,-0.13271363,-0.14802487,0.20179623,0.1228385,0.06417828,-0.070775345,-0.15108827,0.06424887,-0.12565647,-0.27026716,-0.015811747,0.11290872,0.24796279,0.18122573,0.15746531,0.093544915,0.44982177,0.25276902,-0.22913176,-0.20382905,0.09332686,0.38389823,0.016388595,0.094243474,0.04789745,0.2725109,0.33407435,-0.03846137,0.34728023,0.122809164,0.34321848,-0.11206746,0.019719034,-0.09514406,0.14216803,0.023688985,-0.36589172,0.21430324,0.19970487,-0.08102379,0.19741592,-0.15353546,0.009047588,-0.36359996,-0.24872161,0.17960536,-0.5840027,0.23284434,-0.12082313,0.20884998,0.25271836,-0.008344491,-1.4770745,0.024711818,-0.13806354,0.14826894,0.43134457,-0.12775548,0.63823926,-0.20079225,-0.03985232,0.47357798,-0.31460443,0.21104483,0.26791653,-0.080606945,0.11682848,-0.19432722,0.173666,-0.15507555,0.24577647,-0.010143965,0.33209702,0.10336159,0.06592683,-0.14573362,-0.22675343,-0.20454092,0.06821663,-0.042207807,-0.2714572,-0.6812709,-0.06219578,-0.26451266,-0.3375852,-0.013483847,0.23307186,-0.46797967,0.19615902,-0.1300882,-0.1298074,-0.1382198,-0.08335884,-0.01751131,-0.09607362,-0.061034206,0.14776154
20,negative,0.050803646,0.27000707,0.6822275,-0.47210288,-0.01651911,0.15225777,-0.26264334,0.22070476,0.08146066,-0.2262299,0.27395415,0.065861665,-0.029431425,0.24440627,-0.10602568,-0.3819952,0.3590782,0.44204023,-0.38473314,0.35847035,0.5432552,0.55579835,0.26486295,0.059759896,0.16664581,0.20568955,-0.40874538,-0.4974027,0.4460032,-0.34418654,-0.11004129,0.49841666,-0.1128259,0.0137019735,0.1041351,0.40858367,-0.098312326,-0.036835328,-0.17976035,-0.12402674,-0.56625897,-0.32801533,-0.17908618,-0.3653002,-0.25136825,-0.05732477,0.106563024,0.05837822,-0.11931862,-0.7360771,-0.10091405,0.13863821,-0.10685745,0.981764,-0.00381078,-2.4994564,-0.09035136,-0.14014143,1.8115437,0.2873775,-0.15916981,0.8851602,-0.1530903,-0.21569261,0.6171721,0.1695937,0.30111673,0.34536347,0.016152624,-0.25145823,0.06942049,-0.30059645,-0.23097046,-0.6538379,0.16862327,-0.06271143,-0.23774584,-0.26224193,-0.5512988,0.036734127,0.5098792,0.06315426,-0.6526727,0.21490939,-1.2464285,-0.31377956,-0.27257636,0.05365816,-0.19006465,-0.28737667,-0.036880076,-0.10204516,0.15381342,-0.25136933,-0.7294332,-0.35460946,-0.095879406,0.14043918,0.60558,0.37067068
21,neutral,-0.36808705,0.08781245,0.5770627,0.04134818,0.16477147,-0.018477898,-0.019222125,0.6180155,-0.3295684,0.024414347,-0.21528332,-0.20993108,0.16854347,0.018416306,-0.13747461,-0.36122376,0.14528511,0.16221611,-0.6845508,-0.2284839,0.08892361,-0.21845819,0.39986834,-0.22341841,-0.16216211,-0.388446,-0.022219764,-0.1801846,0.3197132,0.12436037,-0.18229261,0.37231788,-0.14104708,-0.09911493,-0.085359775,0.20142308,0.102723025,-0.13078767,-0.070967734,0.00495733,-0.6500275,-0.3115082,0.31934938,-0.36540422,-0.049567606,-0.28154704,0.002986489,-0.37956637,-0.30608526,-0.39840683,0.009521145,-0.23635517,0.0387075,0.78119415,-0.114543565,-1.9437068,-0.24191032,-0.03422483,1.4888101,0.28767213,-0.0952747,0.39076957,0.021860275,-0.13462059,0.46737418,0.109777994,-0.014825061,0.50452036,0.020706153,-0.1615945,0.19518779,-0.22252186,-0.28082353,-0.5267938,0.16048913,-0.08506078,-0.24010654,-0.25950032,-0.6360452,-0.27731672,0.4021747,-0.06611491,-0.16686246,-0.1562161,-1.067027,0.05947044,0.25779992,0.29464716,0.2809366,-0.3693184,0.30547127,-0.011746919,-0.25857365,0.20980524,-0.57795584,0.2657642,0.24079107,-0.30439588,0.6186731,-0.10556915
22,neutral,-0.08779806,0.31225204,0.19511473,-0.19387722,0.2508657,0.022841189,-0.2190109,-0.17638975,-0.20147684,0.16777068,-0.24574709,-0.19765651,0.17792958,-0.07746378,-0.3683843,0.23953961,0.16750978,-0.2448356,-0.5089208,-0.32548043,0.4709281,-0.0437936,0.34814802,0.015771529,0.08140897,-0.028262474,-0.22017327,-0.27274618,0.46354362,0.11948272,-0.08240723,0.24513285,-0.122842826,0.29517555,-0.12392806,-0.021575756,0.14149493,0.12846808,-0.10748935,0.16734168,-0.8309006,-0.48482776,0.21465836,0.08874682,0.059437543,-0.70929086,0.18675686,-0.010557678,-0.033255614,-0.6275218,0.13503337,-0.0657808,0.23435277,0.79833746,-0.08711872,-1.9826343,-0.13315025,-0.092759445,1.4872991,0.21351519,-0.445641,0.25150546,-0.07998775,-0.40578955,0.3849571,0.09169692,0.009033993,0.24893557,0.047490757,0.2157914,0.23638499,-0.25707048,-0.66144615,-0.43606773,-0.0561051,0.22069557,0.31319237,0.114510216,-0.88212687,0.0003998394,0.70533687,0.09131807,-0.11015531,0.105810426,-0.66683984,-0.07636998,0.023984727,0.37407145,0.18261847,-0.45104563,0.14561935,-0.2163378,-0.15859613,0.19377604,-0.78345585,0.014659154,-0.052943204,-0.02124305,0.47921896,0.44209173
23,neutral,-0.62242675,0.51614076,0.07640105,0.08497706,0.038536698,0.28642732,-0.10394557,-0.30929065,0.18271096,0.63684076,0.044445917,0.054978322,0.36839268,0.21464129,0.17889753,-0.014362333,-0.18989418,-0.17676361,-0.288382,-0.046955526,-0.012635007,0.27528152,0.3211865,-0.20372207,-0.18915403,0.08770599,0.05674013,0.2748106,-0.3290154,0.25060973,-0.3855439,-0.20945993,-0.047380224,-0.3810068,0.26094335,0.14506382,0.5376488,0.45112023,0.3428969,-0.14068237,-0.28079757,0.009864957,-0.047002245,-0.34373063,0.1431405,-0.4586444,0.069234386,0.19107348,-0.45165664,0.073687404,-0.5230363,-0.15272965,0.13949054,1.0666789,0.08776811,-0.8599471,-0.06289741,-0.10352504,1.007587,0.120565,0.35362878,0.2247194,-0.026557306,-0.20450155,0.8616984,0.21381278,0.6888619,0.13495283,-0.50231373,-0.050873563,0.060506005,-0.22256829,0.34270608,-0.26032743,0.16743945,-0.16943541,-0.25363326,-0.048124492,0.11735485,0.07863991,0.5144538,-0.004819946,-0.44589898,-0.16087285,-0.41988602,-0.3597446,-0.21970133,0.28578123,0.492309,-0.104882084,-0.46746644,0.12541445,-0.17442533,-0.06757562,-0.49222928,0.104446396,-0.012511706,-0.19700116,0.08536628,-0.124781586
24,neutral,-0.17174977,0.02971231,0.1298521,-0.21686596,-0.09567823,-0.07439234,-0.10586251,-0.03638139,0.086607404,-0.010135423,0.030167948,-0.014319357,0.16164076,0.029007798,0.066982955,-0.012678352,-0.0855031,-0.110042885,-0.3820313,0.14055774,0.17538239,-0.11798136,-0.005214521,-0.21905656,-0.08372022,0.089586996,-0.07562004,-0.09574262,0.1226684,-0.034035005,-0.084736735,0.18091576,0.019392729,0.07619687,-0.08917368,0.19982609,0.022650998,0.05574423,0.0032346498,-0.067025766,-0.41344497,0.030136853,0.18467113,-0.07836711,-0.06408882,-0.2861577,0.13170446,-0.058537606,-0.0844882,-0.5668005,-0.014986997,0.090505585,0.21469057,0.6073501,-0.23193072,-1.4908372,0.09500851,-0.06811048,0.8028982,0.27804565,-0.114905536,0.40989366,-0.13677098,-0.30751282,0.4126661,-0.024074232,0.20920588,0.32326725,-0.18720911,-0.08410192,0.13063261,-0.22916101,-0.18218763,-0.53172225,0.057468276,0.16964135,0.027643649,-0.08960834,-0.60832804,-0.03839751,0.40139493,-0.2588879,-0.21958584,-0.12563501,-0.8736691,-0.17092891,0.060549397,0.046456266,-0.0063522668,-0.24581823,-0.08368131,0.029911269,-0.079197004,0.023571532,-0.3274774,0.040902995,-0.1672761,-0.2795822,0.14152803,0.15768157
25,negative,-0.070704415,0.08201444,0.14901707,-0.13208956,0.07572152,-0.04372618,-0.03956029,0.06972463,0.0974256,0.13458776,0.08978105,0.073270336,0.11530605,0.07316803,-0.042920597,-0.049161065,0.09760339,0.036510654,-0.60523,0.2200936,0.16209514,-0.13076633,0.12016946,-0.16575767,-0.017927842,0.28811717,-0.079944365,-0.32013458,0.24996957,-0.096674904,-0.0536527,0.37905657,-0.10961923,0.04084992,-0.07462905,0.03380571,0.017069193,-0.070156075,-0.12577757,-0.21368352,-0.29380217,0.060295116,0.1220203,-0.23180078,-0.046253137,-0.17082077,0.13647074,-0.15404633,-0.006912332,-0.66068214,-0.07151193,0.041925024,0.09333865,0.82054317,0.0223215,-1.6541513,-0.054052074,0.0012047054,1.1082977,0.11001276,-0.044326287,0.39696985,-0.15513842,-0.23690741,0.6155335,0.0940858,0.15432669,0.3280406,-0.037719525,-0.17339465,0.20969564,-0.28024825,-0.38842785,-0.22981428,-0.02149675,0.09434085,-0.1217338,-0.12277639,-0.51734406,0.025173444,0.501337,-0.07784718,-0.35341567,0.116978645,-0.83954763,0.0036072813,0.18774514,0.17850232,-0.13554275,-0.07153759,-0.077637434,0.011244925,-0.20591517,-0.09914362,-0.46443897,-0.19003922,0.054269057,-0.09122147,0.14159086,0.16624066
26,negative,-0.12889126,0.051550142,0.24105713,0.0912747,-0.017830016,-0.18757915,-0.049156167,-0.06703416,0.2124059,0.38299897,-0.06792803,-0.07305835,0.12310409,0.08861813,-0.10989488,-0.029881865,0.10329574,-0.14123851,-0.42819956,-0.06447056,0.16633685,-0.14808942,-0.046973422,-0.14595877,0.06454795,-0.12171174,-0.10143777,-0.07705873,0.115393505,-0.07217545,-0.101254836,0.09362066,-0.23448047,0.01954359,-0.16790354,-0.07618234,0.24771786,-0.03215089,-0.037059918,-0.03286402,-0.4623693,-0.1339335,0.23272154,-0.13888791,-0.042616896,-0.13822147,0.38324893,-0.013935678,-0.22144,-0.4526606,-9.559993e-05,0.112700865,-0.03794892,0.8179127,0.045507684,-1.5604502,0.105576135,-0.1820565,1.0786313,0.18426336,-0.1031789,0.34417558,-0.057838034,-0.15740429,0.62320054,0.021722622,0.18653585,0.07578084,0.15784419,-0.09993136,0.16450895,-0.19124432,-0.15030833,-0.23291649,-0.08510732,-0.018823052,-0.062272273,-0.016755844,-0.70552063,0.176663,0.53867584,0.123357445,-0.17283612,0.20641032,-0.6644031,0.11363691,0.01754938,0.026017414,-0.08699755,-0.3559348,-0.09709614,0.1201071,-0.16559812,0.016111128,-0.28536102,0.03060895,0.18305664,-0.12114418,0.32177386,0.35663715
27,neutral,-0.19552022,0.23055756,0.08421616,0.0049169566,-0.008684906,0.0752051,-0.049747538,-0.33585337,-0.034524564,0.4394175,-0.0054327087,-0.1396093,0.2205906,0.085256085,-0.044613134,0.017731905,-0.08750588,-0.16372728,-0.22114493,-0.03437228,0.37574682,-0.2625884,0.18308236,-0.119622044,-0.051205546,0.06719773,-0.19835365,-0.30773064,0.22624604,0.02995743,0.00295649,0.24328005,-0.13016039,-0.12967238,0.23917769,-0.011603938,-0.066271916,-0.17604476,0.15921547,-0.052349497,-0.20109074,0.0025399737,0.1030211,-0.16404887,0.09400575,-0.18444195,0.15503831,0.110314205,-0.14169633,-0.32413566,0.011233301,0.12517215,0.08511738,0.82834804,0.17942281,-1.4411603,0.031185314,-0.08084955,1.1382194,0.36513525,0.009254508,0.36197293,0.029111579,-0.19339561,0.5902719,0.13767128,0.18800452,0.092795454,0.054152653,0.0989265,0.13837896,-0.35139266,-0.24885838,-0.14456004,-0.03231661,-0.23443148,-0.02726054,0.02436358,-0.55995375,0.10252722,0.5000187,-0.116251506,-0.20859069,0.12129454,-0.88310945,0.1947608,0.028789291,0.061024953,-0.10736676,-0.21238786,0.009654787,-0.06488423,-0.094125085,0.21572186,-0.33075285,-0.19266264,-0.10165972,-0.21930264,0.40638268,0.17098898
28,neutral,-0.20306064,0.12839147,0.08787175,0.006172786,-0.007825309,0.011558781,-0.30174866,0.09860621,0.0044508474,0.4161375,-0.09845685,-0.07518403,0.2744492,-0.0050349734,-0.12956929,0.016392818,0.26869068,-0.10073839,-0.3834883,-0.09594429,0.12625627,-0.22622855,0.13269193,-0.115815476,-0.21971454,-0.1252823,-0.15123612,-0.20849293,0.051668625,-0.05907574,0.17567742,0.15063946,-0.1432882,-0.095659435,-0.10103347,0.11741454,-0.02798435,-0.054921806,-0.092357166,-0.026428008,-0.5312046,-0.0811297,0.15546703,-0.1734978,0.034834303,-0.2050023,0.26552397,-0.085992694,-0.16517623,-0.57392806,0.12883505,-0.00461826,0.026394965,0.88437855,-0.05851037,-1.6776325,0.17995697,-0.27137038,1.3842943,0.28279495,-0.1287624,0.25438598,-0.0047132857,-0.03732122,0.5063135,0.01577791,-0.080188096,0.26388106,0.07761472,0.12231601,0.32865137,-0.28619006,-0.3229075,-0.3404035,0.021687172,-0.06803621,-0.17013778,0.11384068,-0.8387108,-0.038197543,0.5452559,-0.05131336,-0.1601169,0.014240173,-0.8456592,-0.11086138,0.18331887,0.23668398,0.1073092,-0.30288354,0.078672595,-0.07925221,-0.1374434,0.013367111,-0.3356963,0.00033625882,-0.027046911,-0.22969648,0.3020195,0.06328503
29,neutral,-0.20393924,0.07631111,0.22359085,-0.13568877,-0.024444291,-0.1414855,-0.012125804,-0.08973434,0.10057162,0.1302171,-0.03280761,-0.020202836,0.10145826,-0.16404536,0.03953478,-0.16777004,0.07648837,0.050449383,-0.20899686,0.106529355,0.24566525,-0.092705,0.183179,-0.14651017,-0.02898133,-0.07961703,-0.031871147,-0.21837203,0.10654412,-0.05262921,0.032715857,0.39120272,-0.21958525,-0.08725831,0.045819666,-0.067746,0.14230517,0.09002117,-0.11629792,-0.1132851,-0.40810534,-0.017680397,0.10535173,-0.20987998,-0.06043561,-0.29582572,0.27852285,-0.12727639,-0.15717362,-0.5253923,0.14506114,-0.035971526,0.11253014,0.72602516,0.1753465,-1.7673415,0.173655,-0.017614257,1.0181799,0.36834383,-0.02768025,0.30970117,-0.20244092,-0.10862575,0.6175189,0.16795057,0.23394911,0.23423293,0.066330455,0.052758083,0.16570657,-0.12432358,-0.21077405,-0.19973858,0.027262535,-0.10885951,-0.10677088,-0.045670856,-0.6712657,0.093232326,0.4530455,-0.00075029634,-0.34562638,0.074754514,-0.90486354,0.09371097,0.15518452,0.03406738,-0.013435112,-0.34611067,0.043467827,0.015988829,0.05487407,-0.04431154,-0.1992558,0.13354538,0.010466017,-0.19164272,0.33282015,0.22033808
30,neutral,-0.09001401,0.05711037,0.18116716,0.0014622075,0.12447278,-0.03500231,-0.07473776,-0.043645184,-0.14664638,0.1434353,0.062358703,-0.0634267,0.06428357,0.08996229,0.014536258,-0.18661293,0.10287042,-0.15189776,-0.5120826,-0.033967912,0.14342153,-0.13755423,0.24063759,-0.02930908,-0.060702115,0.013448617,-0.14049333,-0.12450849,0.46937302,0.04437909,0.17841063,0.4066513,0.0880632,-0.10698233,-0.19214198,0.14533103,0.06633795,0.09112262,-0.32007924,-0.26498744,-0.395566,-0.08997439,0.4315538,-0.21584255,0.22689119,-0.212537,0.13284944,-0.12841618,-0.02362231,-0.16074063,-0.22492178,0.054456558,0.15373807,0.7795975,-0.07638476,-1.3977091,-0.23318979,0.22583054,1.0260856,0.22451633,-0.22971687,0.15911631,-0.106432915,-0.22850907,0.4178502,0.00521351,0.026818123,0.1312025,-0.07922868,0.19594646,0.17355022,-0.022375882,-0.3446061,-0.47232038,-0.24341112,-0.17614177,-0.015040792,0.22430502,-0.6870276,0.14894015,0.48337293,-0.07668299,-0.24680635,0.050819162,-0.57481265,-0.0787511,0.119174406,0.19808371,0.12099285,-0.7002402,0.2562827,-0.14341885,-0.24195963,0.2851162,-0.64911336,-0.16553713,-0.056580123,-0.3179437,0.07549379,-0.1431519
31,neutral,-0.16094549,0.09048474,0.2525899,-0.10452136,0.1252615,-0.12839396,-0.18505625,-0.021728735,-0.05610426,0.14554447,0.02429042,-0.11732302,0.19404665,-0.04823314,-0.07908052,0.045737687,0.25722387,-0.103863046,-0.44122902,0.03799349,0.060357243,-0.19345067,0.099105544,-0.08923563,-0.23230854,-0.2096778,-0.07898278,-0.20282851,0.17968284,0.04613899,0.12313979,0.28512982,-0.26265633,-0.14600949,-0.093878664,0.124372356,0.08054142,-0.019100491,-0.18429749,-0.097956695,-0.49138743,-0.069558606,0.114849605,-0.120626144,-0.022343662,-0.40057632,0.20356375,-0.2835078,-0.26785442,-0.6214581,0.28037953,0.025285685,0.1760327,0.84456605,0.040620845,-1.7589916,0.0066353874,-0.22548889,1.2849464,0.29677007,-0.10501209,0.3187815,-0.13391137,-0.1682082,0.6006276,-0.003925502,0.004416592,0.4141965,-0.010764274,-0.011074783,0.27020824,-0.10982135,-0.2495434,-0.41368622,0.046961863,-0.07047698,-0.19330838,0.09211938,-0.8854666,-0.0480013,0.51572293,0.019805107,-0.20442568,-0.11724727,-1.0114944,-0.07602327,0.23481053,0.18357027,0.0438945,-0.1999193,-0.009634217,-0.1025564,-0.20632191,0.014900114,-0.33631653,0.014939169,-0.09394833,-0.30907798,0.2952736,0.15127891
32,negative,-0.03590002,0.23776063,0.24425207,-0.015232248,-0.11877693,0.28188896,-0.16033037,0.032886826,0.24868515,0.1478412,-0.040605344,0.09526535,0.28186458,0.12458704,0.082866274,-0.1951359,0.059823185,0.014688522,-0.38407713,0.33221397,0.3341173,-0.17969944,0.1861265,-0.10694686,-0.004016457,-0.048159976,-0.11556999,-0.3562626,0.046783224,-0.018827211,-0.068432376,0.26905847,-0.00654813,-0.021447297,0.012219003,0.028703382,-0.08744809,0.12643838,-0.014803056,-0.10899293,-0.37530535,-0.050318636,-0.0018809634,-0.22481142,0.0011133321,-0.008906876,0.19968517,-0.050171982,-0.13920093,-0.4663249,0.082731724,-0.06940358,0.03824997,0.82778347,-0.10538671,-1.7387369,-0.0042629032,-0.1760677,1.2598197,0.34269384,-0.111568645,0.6389409,-0.12012404,-0.15594292,0.623767,-0.008760985,0.29442477,0.097561136,0.0129582435,-0.14699677,-0.08967875,-0.37089863,0.021424595,-0.1662584,0.29080516,0.14460519,0.10142994,-0.09714868,-0.58887273,-0.05461537,0.28684863,0.095189385,-0.15091494,0.02776962,-1.1410989,-0.10063636,-0.06265634,-0.11379238,-0.087084174,-0.291659,-0.049720503,-0.010522781,-0.03208474,0.069616914,-0.35274836,0.035525825,-0.22333659,-0.23788793,0.24330965,-0.000894269
33,neutral,-0.10166405,0.2970828,0.7906028,0.10295719,0.0036303687,-0.08974837,-0.049275752,0.18418595,-0.114510715,-0.21623684,-0.17318687,-0.24196434,0.23900062,-0.046003655,0.044976924,-0.08437535,-0.076239645,-0.005298539,-0.28711167,-0.04560606,0.2306824,0.061625738,0.0057300995,-0.16729231,0.023170363,0.099279106,-0.09375803,-0.1731099,0.34783828,-0.21453182,0.11944447,0.18132314,-0.0070140865,-0.00889057,0.003599038,0.22783974,-0.014924174,0.025509592,-0.25759232,0.04296049,-0.6930359,-0.26208037,0.19239432,-0.16756858,-0.06585243,-0.0056521557,0.43596888,-0.005977445,-0.08330518,-0.53058666,-0.14674883,0.058228087,-0.17467263,0.7622689,-0.10206185,-2.2063303,-0.15375869,-0.11808552,1.2672995,0.20888852,-0.2933974,0.8340834,-0.1424185,-0.5347717,0.54992914,0.05685459,-0.118065394,0.14089043,0.1521293,-0.21775287,0.13247298,-0.32071096,-0.29833332,-0.27181756,0.015625648,-0.15907396,-0.00087269075,-0.1509422,-0.4945764,0.10044939,0.3767025,0.12132767,-0.27396995,-0.061727565,-0.7840882,-0.14836437,-0.2557311,0.074034214,0.10637758,-0.31054118,0.19200101,0.04890953,-0.028971944,-0.1608484,-0.56231314,0.22803257,-0.2354772,-0.14998621,0.49600902,0.3922165
34,negative,-0.017024994,-0.055575002,0.26168004,-0.86057,-0.16152151,-0.11163501,-0.04367501,0.38564503,0.256007,-0.37267,0.16046499,0.314845,0.090739496,0.49608505,-0.079715,0.041750003,-0.091330014,0.020974992,-0.463081,0.61369,0.418221,0.26994503,-0.539875,0.19202,0.36680502,0.4576375,-0.41548,-0.082858995,0.51969504,-0.521815,-0.08952001,-0.051980004,0.282575,0.068136,-0.22626999,0.19925503,-0.16599499,0.34847,0.334765,-0.26833495,0.10291499,0.7453,-0.540075,-0.08981499,-0.294296,-0.132165,-0.546405,0.39418602,0.3063635,0.257309,0.028175,-0.060891002,0.18042257,0.52752,-0.49205998,-0.9069325,0.46859002,0.53859,-0.46847,-0.09487,0.21204498,0.41261998,-0.29199776,0.25319996,0.516365,0.716435,0.946065,0.37335503,-0.29200003,-0.091519974,0.421525,-0.29515,0.284985,0.34097,0.11398999,0.398032,0.19792998,-0.53736,-0.05267,-0.33104995,-0.2655575,0.163923,0.026775012,0.71300995,-0.540035,0.048395,-0.3598875,-0.50479,0.15872951,-0.18034099,-0.1000655,-0.046367,-0.217735,0.285975,0.087757,-0.481833,0.369785,0.415435,0.26582998,-0.19791499
35,neutral,-0.23666894,0.08665908,0.01922132,-0.162777,0.034850292,0.37870854,0.20381747,0.32515046,-0.022636246,-0.0053950693,0.007316091,0.13472366,-0.21572538,-0.07657528,0.18968287,-0.050259292,0.09388018,0.1867523,-0.038465764,0.22996372,0.18943413,0.06326016,0.20341869,-0.070874125,0.37320703,0.019360537,0.09291678,-0.03307248,-0.031799186,-0.13752998,-0.18665849,0.3363109,0.20149559,0.18203266,0.043541506,0.26890403,0.0555951,0.2749556,0.06577665,-0.28231937,-0.03087638,-0.29267362,-0.12542054,-0.06559572,0.030346427,0.066036984,-0.010690762,-0.039324794,0.05466146,-0.56004435,-0.12525383,-0.17872962,0.0754257,0.6244596,-0.007265214,-1.6648053,-0.0756916,-0.09725405,0.7884876,0.011448685,-0.027306905,0.511641,-0.34954497,-0.13881311,0.4788205,-0.19650848,0.40840563,-0.29674608,-0.00703527,-0.18426475,-0.04931813,0.08539527,0.005337389,-0.20293391,0.0722527,-0.029787738,0.21977502,-0.003518008,0.1234851,0.38085186,0.32320917,-0.30533713,-0.2003758,0.20874678,-0.63178355,-0.21554632,-0.037543792,0.091653064,0.3483505,-0.089557186,-0.018199848,0.015075406,-0.41476065,-0.19310255,-0.48433617,-0.26533043,-0.057750653,-0.034958158,0.46340537,0.17557624
36,neutral,-0.07435789,0.059355333,0.036446877,-0.22296354,0.04485717,0.05482712,-0.113298714,-0.13973,0.29652306,0.18343218,0.039781753,-0.06986927,0.14978415,-0.36838126,0.18741925,0.062893495,-0.24255249,0.23000525,0.041464534,0.20003076,0.09730209,-0.16520356,-0.008984713,-0.28483707,0.22379324,0.17549008,0.19529393,0.1619338,0.072965935,-0.13757776,0.17427714,0.15906076,0.061241582,0.020279394,0.22376856,0.051477034,-0.089257464,0.07516454,0.04758801,-0.18610997,0.05972489,0.12165362,-0.09384465,-0.032877006,-0.10935783,-0.22522686,0.3171391,0.048035312,0.023488272,-0.48889902,0.03391048,-0.121535696,0.067668304,0.61770386,0.10831199,-1.6584121,-0.19175793,-0.09065507,0.83629924,0.1072123,-0.03751136,0.7136514,0.049457263,-0.13942122,0.5291651,-0.08135009,0.40225345,-0.10353417,-0.08093842,0.07565012,0.27448207,-0.31567207,-0.21340287,-0.11053269,-0.24881248,0.03916421,-0.026796378,0.0059354138,-0.4691932,0.14341864,0.4235084,-0.08213764,-0.10286962,0.07255512,-1.02263,-0.1581013,-0.24983412,0.041646756,-0.22066998,-0.23799258,0.035106186,0.24937059,0.11080121,-0.16489156,-0.01583258,-0.1678226,0.0072022057,-0.021110175,0.32433873,0.49068415
37,neutral,-0.023217155,0.14109378,0.32776505,0.056510024,-0.17375739,-0.32964706,-0.3758328,-0.014210126,-0.1406195,-0.0701663,-0.12401466,0.08980046,-0.11211284,-0.085770145,0.25802988,-0.09479668,-0.3107025,0.080769874,-0.15382491,-0.07092769,0.39908978,-0.012760117,0.07209858,0.06398188,0.16282895,-0.1305864,-0.09826724,-0.44106543,-0.14691526,-0.046157364,-0.1690803,0.30671662,-0.06996472,0.019815298,-0.02631628,0.15719953,0.09460699,0.07462422,-0.13273108,-0.17109872,-0.35561126,-0.35032418,-0.042555153,-0.083235994,0.076833,-0.15745705,0.23629078,-0.18619163,-0.25661814,-0.85034895,0.18062763,-0.11420082,-0.14156437,0.92261577,0.05168866,-2.1850533,0.022207662,-0.20150301,1.5235853,0.29997954,-0.013461596,0.36418667,-0.059946213,0.04698353,0.5285548,-0.059199847,0.18154736,-0.034758203,0.38432992,-0.0946868,0.14190705,-0.15743126,-0.16740772,-0.07991206,0.05969831,-0.11035162,-0.11323178,0.094279125,-0.46358192,-0.090958,0.5556608,0.18396,-0.37053156,-0.09214897,-0.96729535,-0.3594192,0.06874932,-0.11004989,-0.049137246,-0.4102521,-0.21595252,0.17075324,-0.22379626,-0.18493119,-0.50193363,0.032832816,0.1287953,-0.2782545,0.5253726,0.08245423
38,neutral,-0.29322124,0.13742846,0.07070056,-0.41153544,-0.15465698,0.25279364,0.23755378,0.10450197,0.025787078,-0.23230323,-0.06585171,0.12499829,-0.25008348,0.045764465,0.10332116,-0.06055092,0.005232741,0.34630543,-0.040208768,0.4884629,0.12925029,-0.05584524,0.12523371,0.26260057,0.3341366,0.22479442,-0.11050385,-0.21215528,-0.052566867,-0.1395508,-0.24465385,0.4588467,-0.008156131,0.029023992,0.03040184,0.3468601,-0.05061864,0.20158027,0.097664,-0.32530522,-0.07426974,-0.32904217,-0.11589876,-0.2709877,0.054512534,0.15912516,-0.029016834,-0.11014653,-0.062613554,-0.8747561,-0.21714179,-0.12484501,-0.13746746,0.68947726,0.017293539,-1.6726975,-0.06910749,-0.261595,0.7384688,0.075318635,-0.17900552,0.50509644,-0.37989673,-0.1585194,0.5762974,-0.2871478,0.37781125,-0.27896667,-0.1604557,-0.21772678,-0.06138868,0.08332868,0.04947776,-0.025515245,0.0669803,0.17873968,-0.04963492,-0.23007964,0.22022226,0.32625368,0.36474314,-0.3573544,-0.16967453,0.18552646,-0.8489912,-0.35632908,-0.038050383,0.16577642,0.22670196,-0.26383972,-0.25802583,-0.051534835,-0.45311406,-0.21248512,-0.28303677,-0.34162515,0.08174132,-0.055889312,0.46750247,0.16339053
39,negative,0.018280525,0.19539328,0.24309647,-0.3050529,-0.0012070219,-0.15417409,-0.21307549,-0.028702037,-0.12785068,0.12978949,0.03557392,0.003956497,0.13775547,-0.06620324,-0.031919282,-0.05400011,0.08947287,0.105167344,-0.26937756,-0.002614004,0.12891728,-0.033663467,0.08136512,-0.13366298,-0.013890782,0.11189408,-0.10484226,-0.19839688,-0.05793831,-0.034480847,0.041742984,0.20907554,-0.13606663,-0.06620772,-0.06529494,0.013270545,-0.086814165,0.10670724,0.03787818,-0.07551666,-0.2062497,-0.17944904,0.20520031,-0.095244996,0.060035903,-0.08084329,0.046602685,-0.11257096,-0.17253383,-0.5100626,-0.07949679,0.03798428,-0.026186747,0.75591254,0.0329569,-1.552854,0.06530711,-0.23117413,1.0709394,0.27456033,-0.007005996,0.20242612,-0.13763462,-0.054151412,0.52581036,0.034754086,0.22339624,0.15192354,0.11903156,0.009915206,0.1812376,-0.13127589,-0.111357376,-0.26472124,-0.021427186,-0.11158264,-0.20763448,0.04564716,-0.5916454,0.08993524,0.43572423,-0.017062662,-0.15061575,0.036529347,-0.6786704,-0.09277805,0.040828165,0.09857041,0.12152066,-0.24757244,-0.015670365,-0.13128641,-0.06720422,-0.0061111455,-0.2637071,-0.062025793,-0.045575693,-0.27962,0.34682098,0.07443224
40,negative,0.26917616,-0.15141478,0.39156502,-0.14054114,-0.07184504,0.11760143,0.14019354,0.21716039,0.3014774,0.35721648,0.37726226,0.39047363,-0.12657467,-0.29739472,0.19299236,-0.42595047,-0.2433338,0.23188198,-0.019486729,0.25494528,0.524754,-0.14080495,-0.17056328,0.21375987,-0.2581331,0.13431206,0.115648046,-0.1847059,-0.23258322,-0.42175636,0.04250164,0.27441728,-0.13408327,-0.23378564,-0.26057926,0.53833604,-0.07852379,0.112479314,-0.13109785,-0.38529223,-0.1451146,0.028585484,-0.019173555,-0.025651235,-0.05378755,-0.1634899,0.014415455,-0.105233714,-0.20213984,-0.22035967,-0.392492,-0.2339638,0.49293125,0.40988088,-0.58979976,-0.936861,0.4085142,-0.011642963,0.53176934,-0.08669651,0.11203515,-0.09572766,-0.24216741,0.033186164,-0.031731877,0.059374366,-0.009788222,-0.07499513,-0.062472958,-0.18305488,0.09122066,-0.069244266,-0.22980471,0.036210578,-0.11903875,-0.21263397,-0.014434286,-0.019423798,-0.35677359,0.28554705,0.54445404,-0.08305397,0.13817506,-0.052421678,-0.53966343,0.15371521,-0.17509946,-0.15445158,-0.13552451,-0.008311973,-0.16277492,-0.063335784,0.11833441,-0.34848693,-0.09924526,-0.05892897,0.20071127,-0.3305369,0.37062165,-0.4724116
41,neutral,0.19375883,-0.15585148,-0.25874507,-0.47500327,0.5693277,-0.0010063793,-0.06997479,-0.096864685,-0.4651573,-0.29749587,0.02946919,-0.29238805,-0.050368916,0.05128613,-0.046508234,0.26021883,0.07536689,0.20199162,-0.1462116,0.23211884,0.13831778,0.14897671,0.46203867,-0.32087314,0.5688544,-0.28800318,0.24980876,0.0030877988,0.19228819,0.27315626,-0.1393457,0.5427796,-0.12485363,0.19568454,-0.17677437,0.1578424,0.12304205,0.2542878,-0.16962528,-0.17327586,-0.14869386,-0.34482214,-0.11945516,0.18007872,-0.16612262,0.0077307518,-0.0502945,-0.28440395,0.4202709,-0.072650105,0.12199012,-0.18772268,0.2940412,0.454865,-0.24875513,-2.1964576,-0.31733844,0.05575366,0.5899667,0.2204716,0.22649679,0.6980611,-0.11179049,-0.018442532,0.69751,-0.21464099,0.39312637,0.576401,0.054977056,0.28136432,-0.13538954,-0.02457473,-0.36734626,-0.30506855,0.007181991,-0.35280317,0.26517156,0.17612712,-0.6678422,0.12814221,0.041804586,-0.05173497,0.52814764,-0.17212246,-0.8014971,-0.23040342,-0.32317317,-0.1254732,0.23545733,-0.1822929,0.29988167,-0.39528328,0.38678202,0.15604128,-0.37278372,0.11294826,0.03583339,-0.10758291,0.22878878,0.07127342
42,negative,-0.007427442,0.18678096,0.35380325,-0.15408653,-0.0478257,-0.013621109,-0.16187334,0.059492193,0.0050890916,0.14860456,0.04091359,0.00524625,0.15014012,-0.061865848,0.012799655,-0.028729254,0.0125189815,0.002325932,-0.32462144,-0.03231895,0.30216247,-0.021657327,0.085498124,-0.052411407,0.108931236,0.114099324,-0.15114279,-0.13636675,0.21158889,-0.057891577,0.013732106,0.23301414,-0.035279747,-0.08257083,0.0054474967,0.0026341067,-0.05789135,0.023744177,-0.001463089,-0.06907149,-0.26150182,-0.12355212,0.109921835,-0.26660275,0.12054844,-0.0017984692,0.21881376,-0.003213526,-0.16599227,-0.58631337,-0.104513995,0.067977734,-0.0333405,0.7151021,0.047974505,-1.7052784,0.05923766,-0.1292758,1.1775515,0.30861622,-0.063101225,0.31450874,-0.16746497,-0.09089107,0.5819552,0.05773245,0.18898036,0.07439516,-0.13854387,-0.06909571,0.11759673,-0.11213772,-0.07751314,-0.1904158,0.08878572,-0.047883082,-0.099216506,0.05163954,-0.42289782,0.12686904,0.49361268,0.008103999,-0.37204984,0.19602817,-0.6144658,-0.18652338,-0.053986944,-0.0068517416,0.025801895,-0.29146236,-0.043701917,-0.04418073,-0.050063707,-0.05971196,-0.50181985,-0.010667717,0.11007248,-0.17002907,0.32544476,0.17446001
43,neutral,0.07342849,0.21720305,-0.30057406,-0.53546864,0.5107086,0.23292702,-0.22097366,-0.29408205,-0.43793118,0.032955043,-0.09134894,-0.36224213,0.31708395,0.17425206,0.12508889,0.29826003,0.018583208,0.059201434,-0.4982192,0.30321953,0.19210637,-0.007887916,0.50775814,-0.4302995,0.37921166,-0.3658971,0.2656904,-0.053692486,0.20981836,0.35849985,-0.14144543,0.21849579,-0.3217604,0.18281205,-0.20743184,0.07635445,0.12847117,0.38001567,-0.19305143,-0.22567964,-0.31679547,0.013792061,0.0011237159,0.31184825,-0.22689189,-0.37436712,0.092207804,-0.06167463,0.33632135,0.19102031,0.09526586,-0.027218515,0.14960054,0.35288766,-0.4081518,-2.3306348,-0.43047428,0.1310949,0.708232,0.23346688,0.32038438,0.5191388,-0.2225261,-0.06472529,0.7665481,-0.17033044,0.2961367,0.38619304,0.12820135,0.110182315,-0.12944007,-0.09430281,-0.28436166,-0.48068804,-0.10088901,-0.1872612,0.14828143,-0.057656158,-0.62346864,-0.0003994441,-0.13199288,0.124710366,0.3635638,-0.057151716,-0.61773527,-0.31075045,-0.43512326,-0.0897408,0.31617483,-0.25013265,0.18049483,-0.239536,0.4795463,0.24103478,-0.5010802,0.032522283,0.1249838,-0.27390394,0.39199534,0.08282215
44,negative,0.20636876,0.32336625,0.19156511,0.07474514,0.015487782,-0.69729483,-0.2388137,0.14436613,-0.098100364,0.030551462,-0.024802668,-0.09777408,0.08607471,-0.18887301,0.102052644,-0.10908897,-0.21422015,-0.048892103,-0.06472767,-0.110179715,0.40857887,-0.1791395,0.0076450915,0.20888136,0.13626668,0.041190393,-0.19107375,-0.26544395,0.15803286,-0.0869901,-0.14462464,0.15586363,-0.20789808,0.13273384,-0.06859135,0.20165153,0.32945487,-0.29337156,0.044762935,-0.1004824,-0.26863548,-0.30024815,-0.15415265,-0.20276596,0.36425954,0.020896535,0.030878067,-0.21046336,0.17013842,-0.9822905,0.15353954,0.05320442,-0.011167382,1.0023168,-0.07908123,-2.094385,-0.12481128,-0.25978982,1.6169064,0.17889462,-0.079133704,0.24218671,-0.30333674,-0.12738137,0.5083135,0.2847424,0.35543975,-0.1360834,0.26092058,-0.2475208,0.12948704,-0.23321638,-0.27616668,-0.18761727,0.1623292,-0.12265871,0.09776007,0.1151929,-0.6318146,0.019661555,0.8230849,0.0008563866,-0.40207916,-0.12767054,-0.74266934,-0.5907632,0.2155827,-0.1525387,-0.022395695,-0.2660924,-0.08005103,0.05701769,-0.48593226,-0.18927859,-0.7175052,-0.13692924,0.08410618,-0.13738766,0.4914189,0.022532081
45,neutral,-0.15776742,0.06504237,0.3232259,-0.010711007,0.06881761,-0.24009116,-0.2897793,-0.10439907,0.030297052,0.16799,-0.051412534,0.02726926,0.18032056,-0.18482207,-0.13441162,0.03283609,0.15628089,-0.089866415,-0.44156355,-0.06537409,0.045293197,-0.3423313,0.21279305,-0.24363188,-0.09444605,-0.15812834,-0.071288615,-0.29394776,0.18011075,0.09045491,0.08371771,0.38518345,-0.19670455,-0.121526435,0.04826283,0.053214457,0.13669558,-0.083285876,-0.21699594,-0.19963716,-0.50854933,-0.028658098,0.14593251,-0.21320084,0.03678898,-0.29731116,0.26316813,-0.108268924,-0.31995973,-0.5697939,0.16937193,-0.02863723,0.07844099,0.91940826,0.2174051,-1.7085295,0.105618805,-0.14192005,1.1477345,0.2956754,-0.21029629,0.11212464,-0.1883562,-0.13643038,0.69932014,0.06746457,-0.006559968,0.29309547,0.040485386,-0.061637633,0.25426328,-0.30986667,-0.3064688,-0.4477454,0.07558894,-0.29589698,-0.14432101,0.03590733,-0.7864463,0.083337285,0.5518019,-0.070553474,-0.21284652,0.021784158,-0.8807714,0.17196254,0.26617974,0.24727668,0.0062986594,-0.27630574,0.04125687,-0.15519446,-0.21936844,0.10817646,-0.4086296,-0.044681966,-0.04145291,-0.34354022,0.30614245,0.2044941
46,neutral,0.17511824,0.4262769,0.55857974,0.20257363,0.23307525,-0.5415903,-0.37483728,-0.11913257,0.19540423,0.07949946,-0.35745245,-0.24070263,0.25171584,0.3160163,-0.14906129,0.12066208,-0.0030186148,-0.26262027,-0.46421808,-0.24545057,-0.00740805,0.20173575,0.14660645,0.1918501,0.026202425,0.014602778,-0.08360643,0.15139936,0.28897184,-0.03223122,-0.24655783,0.3229458,-0.046829816,0.068971485,-0.08246025,0.032978952,0.43750733,0.12577517,-0.42976338,-0.2600157,-0.7131066,-0.2692067,0.13539617,-0.3240304,0.24420887,-0.29158366,0.5585074,-0.099189706,-0.06322332,-0.41949257,0.19666195,0.3063514,-0.008932085,0.8265448,-0.27795416,-1.8073744,0.21444061,-0.35399562,1.1757557,0.06718472,-0.067675374,0.29271615,-0.17675567,0.036059905,0.49841866,0.19223253,-0.23131984,0.26216695,0.091797635,0.22453168,0.19036597,-0.31134626,-0.17863467,0.024619523,0.15048479,-0.2146415,-0.004067795,0.012997654,-0.853408,0.3520276,0.6042682,0.059481848,-0.27435967,0.18879372,-0.74457055,0.045705203,-0.33164033,0.15369068,-0.09605886,-0.5158304,0.08908059,-0.032666814,-0.17948362,-0.060059946,-0.58864444,0.09870671,-0.18054809,-0.34287706,0.35313398,0.24534488
47,neutral,-0.122436,0.25765842,0.23954576,-0.37947184,0.28192723,0.38003346,0.2942568,0.15461893,-0.027701987,0.2608128,-0.017815946,-0.24261826,-0.047364905,0.04773675,0.027386168,-0.08301534,0.41983452,-0.13064268,0.043750685,0.047894917,0.034171008,-0.013903655,0.21614167,-0.22152211,0.06327414,0.21628626,0.10198245,-0.35183495,0.522757,-0.030767485,-0.3757736,0.30225107,-0.103687234,0.07921822,-0.15889028,0.1681638,-0.08065729,0.34477863,-0.57247996,-0.75526506,0.0152111035,-0.00474638,-0.05676701,0.13419661,-0.04173319,-0.17231588,-0.0053576096,-0.18356486,0.2685597,-0.4456349,-0.31297004,0.1159133,0.018865949,0.3491029,-0.2711178,-1.5690832,-0.12349631,0.17121264,0.87526304,0.5756002,0.11354611,0.5223462,-0.22978823,-0.12131573,0.5297065,-0.06626371,0.68339485,0.1993494,0.10813125,-0.24674755,0.04344761,0.13747352,-0.06995338,-0.009056592,-0.1600049,0.20153882,0.08725929,0.06655693,-0.102539875,-0.109885156,0.039404806,-0.17258304,0.054525103,-0.004790506,-0.79263514,0.057630923,-0.51909804,-0.49436283,0.05027497,-0.06544761,-0.06446759,-0.038531948,-0.11807208,0.19652642,0.09961865,-0.1784472,-0.63080436,-0.52940786,0.6441555,0.3709535
48,neutral,-0.027859375,0.18322727,0.057273984,-0.21652731,-0.3476701,-0.12040553,-0.08559688,0.1776756,0.021246513,0.043764204,0.27902582,0.2918037,0.19601503,0.16137537,-0.005547648,-0.23638019,0.11991112,0.15520218,-0.3583049,0.1552948,0.459963,-0.1578755,0.1188799,0.10875874,0.008589599,0.09395576,-0.4058287,-0.3902627,0.04679659,-0.10663183,-0.0873146,0.65731424,-0.28778762,0.28056,0.21942762,0.14855212,0.26511765,-0.10664732,0.124905065,-0.13017319,-0.30895022,-0.3150346,0.102305934,-0.29998407,0.2599514,-0.052708443,-0.035901774,-0.28614578,-0.15880264,-0.98825854,-0.15651956,0.09678888,-0.05112663,1.0390037,0.14806338,-1.9251084,0.15166295,-0.17977302,1.5717969,0.54366446,-0.1989088,0.34966177,-0.49684736,0.17837302,0.37797385,0.12558348,-0.016410142,0.38485903,0.05314234,-0.41169637,0.2755148,-0.42304423,0.060579643,-0.332611,0.16087562,-0.026666192,-0.08045398,0.24709377,-0.9072366,0.021341324,0.5619685,-0.08761437,-0.43662673,-0.057670936,-0.85265875,-0.22243622,0.17810243,0.18811248,0.096067496,-0.47231346,-0.0075784912,-0.044960286,-0.33553454,0.021846946,-0.46339074,0.059198588,0.037261076,-0.26474944,0.3708737,0.10246945
49,neutral,-0.2398164,-0.27709454,0.1295418,-0.2397972,0.08920166,-0.06157554,-0.8559754,-0.24068823,0.25574863,-0.013975516,0.13065745,-0.032337915,0.12053414,-0.18278329,-0.112273775,0.52134,-0.2227556,-0.17104231,-0.12204006,-0.102569066,0.11990099,-0.36153764,0.21684842,0.049626973,-0.036052383,0.040007923,-0.2953219,-0.17449495,-0.0050421273,0.2332134,0.10447215,-0.19702235,-0.3433216,0.39907593,-0.12427132,0.14729904,0.14776607,-0.13431548,-0.019013904,-0.28117225,-0.15978783,-0.04874335,-0.1872269,0.17909351,-0.23298012,-0.23450685,-0.017663227,-0.04997771,0.5622086,-0.745711,0.0016990565,-0.093870394,0.05159916,0.87966985,0.0914686,-2.165756,0.048031244,-0.27869117,1.0697215,-0.15188672,0.027352467,0.3937992,-0.2812968,-0.18362619,0.31717345,0.49748427,0.51350826,0.013166187,0.2508707,-0.0372693,0.37689695,-0.19131535,-0.62270796,-0.34635305,-0.06961034,0.06377936,-0.14583041,0.10548206,-0.50107276,-0.08195478,1.0683898,-0.20781356,-0.16978584,-0.078099675,-0.97234654,-0.35489175,-0.023726575,0.24243003,-0.011781721,-0.12159612,-0.011153534,0.060657278,-0.36254883,-0.35407403,-0.362029,-0.37754127,0.08797703,-0.10829369,0.46466163,-0.14254041
50,neutral,-0.3297013,0.30949956,-0.0780389,-0.00086510205,-0.09921871,0.3853796,-0.056072313,-0.39948028,0.23891206,0.3857943,0.035722353,0.32092923,0.29474112,0.0082685845,0.3287278,0.09975765,-0.30497304,0.047731876,0.33510396,0.28188977,0.097494096,-0.009042923,-0.27251655,-0.3922648,0.15735185,0.22643502,-0.27006948,0.073909946,-0.27107123,-0.25072026,0.19711518,0.03378339,0.011144678,0.03833354,-0.21418875,-0.18839799,0.19903512,-0.13682188,-0.22887106,0.06291095,0.046949603,-0.32562932,-0.016188981,-0.10871702,-0.07592722,-0.010506388,0.21129842,-0.23744704,-0.19721642,-0.48001552,0.18710501,0.13481255,0.238248,0.38212016,-0.0429107,-1.3610404,0.20190896,-0.53542006,1.1616759,0.30664733,0.086376324,1.1240143,-0.30155832,0.3194016,0.7425101,-0.34940144,0.22219464,0.08045208,0.25537634,-0.6827414,-0.12152952,0.07036078,0.30114973,0.0563461,0.47091383,0.0032394216,-0.19594021,0.3345569,-0.2929171,0.13990884,0.523531,0.20996313,-0.27836594,0.16092847,-0.84487337,-0.014800477,0.030144023,0.1980027,-0.19256166,-0.33532777,-0.101793416,-0.3487813,0.11671938,-0.1505463,-0.09027541,0.34416175,0.36870524,-0.53816706,0.35243517,0.21807258
51,negative,-0.1305415,0.23554887,0.07500228,-0.26063672,-0.1007034,0.2984255,-0.31341338,-0.09171556,0.15079603,0.06424956,-0.031396654,0.066796795,0.23594494,-0.12653337,-0.13545193,-0.055912033,-0.0010156374,-0.045838084,-0.33342016,0.2628037,0.2574344,0.055018913,-0.041263863,-0.08648247,-0.015432726,-0.16028534,-0.043691665,-0.20791301,0.3248235,-0.13605697,0.044634394,0.42909312,-0.076865375,0.11052881,-0.056058723,0.108539276,0.003690302,0.025689717,-0.014331388,-0.15735915,-0.40748972,-0.10860218,-0.02589884,-0.35085133,-0.13633078,-0.08953107,0.021350393,-0.04536984,-0.17405084,-0.6200734,0.183991,-0.02898345,-0.0046288082,0.656807,-0.1371667,-1.619698,0.12732361,-0.0686874,1.342371,0.13150257,-0.16789441,0.6314313,-0.22579555,-0.053658158,0.57441884,0.20539702,0.47217032,0.093493976,0.13894328,-0.23976481,-0.15908019,-0.18581703,-0.057904355,-0.2656669,-0.023027742,0.091066085,-0.0027433822,-0.04092013,-0.59329575,-0.07926959,0.36969537,-0.052852545,-0.1966304,0.062297136,-1.091039,-0.22889625,-0.08587529,0.062210765,-0.14772221,-0.2035465,0.14232163,-0.17929894,0.17045781,-0.11006021,-0.5198312,0.07880166,-0.015001891,-0.27669603,0.340375,0.18339981
52,negative,-0.068063654,0.037473135,0.10851901,-0.22064544,0.025419146,0.10954899,-0.17715546,0.17092136,0.10373124,0.12605539,0.0020234042,-0.052104104,0.12808469,0.03766227,-0.059881747,-0.027909547,0.24309395,0.03280483,-0.4935042,0.16546798,0.38440892,-0.03612983,0.11829101,0.011677826,0.0073259813,0.11408283,0.080752224,-0.3052365,0.28396082,0.069743276,-0.054797683,0.5405885,-0.17515439,0.058441307,0.16270769,0.068680376,0.14090295,-0.088849455,-0.020277854,-0.15437014,-0.55944693,-0.08516164,0.16245885,-0.14921048,0.020578606,-0.07000716,0.15176575,-0.31194314,-0.099454835,-0.5830811,0.12785316,0.18238443,0.0037045288,0.70693505,-0.10655761,-1.7253312,-0.030399598,-0.27237666,1.5698001,0.16883911,-0.24889305,0.29918504,0.055293307,-0.100153424,0.6418746,0.05096452,0.1761437,0.37531734,0.019429972,-0.054457903,0.050738152,-0.3554988,-0.24520743,-0.28975242,0.16701019,0.0014326352,0.06871727,0.1634263,-0.7631278,0.04668186,0.6385575,-0.20455572,-0.20328665,0.06511673,-0.8702124,-0.1614282,0.2393329,0.13231327,0.00064901385,-0.2715423,0.008390196,-0.07260123,0.091337696,-0.12593976,-0.29109687,-0.026499012,-0.08308733,-0.02446595,0.43428472,0.08621763
53,neutral,-0.13648406,0.15969692,0.058381196,-0.23780361,0.017331019,0.13154995,-0.21633328,0.019814936,0.102179475,0.16358596,-0.008405752,0.001533424,0.21767364,-0.017532488,-0.106731676,-0.038720388,0.09091139,-0.032398734,-0.2685188,0.27441272,0.3487985,-0.016347816,0.09041337,-0.057710614,-0.0044809743,0.01707901,-0.08041172,-0.123287246,0.15780875,-0.061610572,-0.0071827197,0.3556372,-0.09992835,0.09157571,-0.022473738,0.11185059,0.03368153,-0.026847223,-0.012255904,-0.11199738,-0.38241395,-0.110782914,-0.007277358,-0.19387878,0.096631736,-0.1462885,0.06652169,-0.08288347,0.013489669,-0.5694219,0.11533064,0.0068813483,0.005904742,0.80310494,-0.1154664,-1.6998696,0.0006062553,-0.060666103,1.3516582,0.22712259,-0.17692293,0.666779,-0.09005158,-0.07769771,0.57801944,0.17423418,0.44271204,0.054722354,0.100176595,-0.08815673,-0.069778025,-0.21478912,-0.09433847,-0.21312906,-0.04009162,-0.050027177,0.048986055,0.078166194,-0.6423027,0.023724105,0.53586257,-0.11757016,-0.22842035,0.060398877,-1.0385329,-0.19569787,0.04427644,0.028570367,-0.14028083,-0.24805748,0.090675175,-0.12698072,0.021762257,-0.10060931,-0.34919742,0.15907665,-0.0047138873,-0.15097177,0.40428656,0.05703097
54,neutral,-0.2486053,0.10854262,0.1618226,-0.19980219,0.012976168,0.13575502,-0.28529263,0.019425893,0.11290141,0.06080087,-0.108012214,0.023129832,0.3176156,0.049054343,0.16742185,-0.15766266,0.07089341,-0.1952451,-0.28752962,0.10271057,0.3099847,-0.0028179088,0.0679485,-0.09953382,0.2226434,0.36702582,-0.101901375,-0.20719482,0.10408301,-0.08844526,0.019132115,0.2507004,0.016769337,-0.06133269,-0.0038843493,0.23978864,0.094270386,0.119448654,0.11900647,0.010601257,-0.3778227,-0.27519265,0.25031626,-0.3270201,0.063257314,0.007939165,0.091289975,0.06102676,-0.12365584,-0.4944578,0.06962877,-0.104957476,0.08235775,1.0175571,-0.07132791,-1.5307297,0.11785,-0.33536327,1.3630662,0.2048247,0.058358487,0.6462374,-0.048685573,-0.11954724,0.61481,-0.12516046,0.17172405,0.101920724,0.07228892,-0.26446775,-0.040059727,-0.36296487,-0.00931826,-0.19666854,0.03548624,0.04261024,-0.21078853,-0.015064051,-0.56103635,0.12722898,0.5369344,0.015133002,-0.31996283,0.093931235,-0.93576056,-0.3013484,-0.061458252,0.07468719,-0.095262915,-0.13328335,0.00039461235,-0.036359794,-0.026848743,-0.011927628,-0.440504,-0.077371486,-0.1885628,-0.18467705,0.43370673,0.036269844
55,neutral,-0.07465543,0.43733463,0.23261166,-0.42252418,0.38817853,0.57760024,-0.43784234,-0.2632758,-0.33660263,0.0512812,-0.3017437,-0.30197924,-0.4150747,0.24994297,-0.21412547,0.05228845,0.5799933,0.08328868,0.16909164,0.91947484,0.43419713,-0.19275275,0.18785271,-0.60112333,0.23489851,-0.09100615,0.13406356,-0.2045955,0.18072683,0.05430723,-0.9055565,0.48043135,-0.018999098,-0.20664302,0.028817164,-0.021734027,0.23094253,-0.039522454,-0.18691751,-0.69499946,0.16693667,0.40242377,-0.8379645,0.21165347,-0.12962015,-0.47012514,-0.50162286,-0.55013317,0.33351177,-0.49946284,-0.4304108,0.12926462,0.6244266,0.059205294,-0.07309871,-1.8424861,-0.04446827,0.35163972,0.8073786,0.6015486,0.5299814,1.2409002,-0.45874903,-0.38084397,0.7116315,-0.57219607,0.60830337,0.07135804,0.017824236,-0.14214547,-0.40957695,0.35052195,-0.12610418,0.24103644,-0.26608157,0.0063641276,-0.07719289,0.18539497,-0.210033,-0.45882088,-0.57715607,0.24178314,0.49249712,-0.34554923,-1.310547,0.16986002,-0.4251894,-0.2758409,-0.41177768,0.0256999,0.02694807,-0.15232985,-0.16944076,-0.029260356,-0.363059,-0.036828853,-0.3243633,-0.40917745,0.38556623,0.30145317
56,neutral,-0.13738972,0.17877755,0.31948084,-0.27659565,-0.083399154,0.10721546,-0.091201745,0.27241403,0.082712986,-0.027471274,0.12992208,-0.09523113,0.047628865,0.12903681,0.07746558,-0.33017343,0.07822603,0.048807908,-0.115380615,-0.079012096,0.20775925,0.18150355,0.19072491,-0.18455274,0.19448946,-0.16790661,-0.1889022,-0.1507921,0.30795345,-0.055612836,0.012479567,0.36145946,-0.23345841,0.25210202,0.17026663,0.27378455,0.11586899,0.13073637,0.16587262,-0.06328979,-0.22335899,-0.121965595,-0.20094654,-0.09642343,-0.026088359,0.0037096352,0.23318106,-0.23656528,0.02825875,-0.60613745,0.03353204,0.012656892,0.03832162,0.8201713,-0.0673121,-1.8645787,-0.018678682,-0.052517354,1.3460599,0.2756282,0.037442435,0.5320121,0.03790783,0.16892447,0.4715109,0.004307683,0.44186693,0.07894327,0.044358227,0.023786552,0.18366505,-0.30723035,0.16960958,-0.21257615,0.06801801,0.07671269,0.0511998,0.0069773123,-0.52456194,0.025107637,0.51715726,-0.21938948,-0.17286615,0.110458635,-1.0812653,-0.18123052,0.026698206,0.09959336,0.025305636,-0.0380521,0.010081633,-0.05824399,-0.15905447,-0.14885241,-0.3653436,0.046022553,-0.17147884,-0.18397863,0.5748424,0.24438858
57,neutral,-0.09156788,0.12501468,0.26335558,-0.5108367,-0.52101356,0.10656614,-0.14375056,-0.01559132,0.022134885,-0.09186241,0.1284447,-0.11613902,0.070808455,0.10323337,0.11506483,-0.1099258,0.1700593,0.15256076,-0.18821836,0.36961758,0.14434633,-0.011803107,-0.1895747,-0.3568866,-0.008042936,-0.07419493,0.06449888,-0.3609219,0.0880178,0.0003920179,-0.111459956,0.20501523,0.053061932,0.22177057,-0.23829544,0.07303418,-0.30052277,0.114703566,0.4353009,-0.25169554,-0.29202285,0.105759345,0.050897107,-0.25955036,-0.48230273,-0.111180626,-0.006199123,-0.15127905,-0.04167332,-0.6139503,-0.17048913,0.11503948,0.20896758,0.45069426,-0.18138756,-1.23321,0.14977174,0.085278206,0.7859721,0.50959706,0.15056457,0.58518565,-0.35684225,-0.08969832,0.40425715,0.12808345,0.5719187,0.11851084,0.03321734,0.056186505,0.07532526,-0.08972718,-0.098430395,-0.24681686,-0.0061417096,0.10846198,0.23583515,-0.36709973,-0.32357174,-0.13898014,0.32566434,-0.041842844,-0.264794,0.044551913,-1.2097241,-0.29177183,0.06880508,0.073662,-0.2042471,-0.010080857,0.07674892,0.080318905,0.023857668,-0.1338668,-0.12028925,-0.012805947,0.051344708,-0.24084245,0.10206802,0.29041913
58,neutral,-0.007326444,0.046336424,0.37170735,-0.12265247,-0.027161626,0.3459892,0.33572063,0.4436016,0.07339349,-0.19721287,0.40913266,-0.3812114,-0.103016734,-0.21796587,0.33266148,-0.13477626,0.3276799,0.10114789,-0.16307738,0.34077397,-0.20662203,-0.0057529313,0.023855986,0.13564964,0.18062027,0.26330006,0.0109197665,-0.42691046,-0.04580157,-0.23974329,0.121925406,0.23076044,0.16396348,-0.4767087,-0.15115161,0.20131096,-0.041551806,0.43734357,-0.13692683,-0.08666613,-0.20172215,0.050352998,-0.3796148,-0.26917592,-0.27155444,-0.110296845,0.12445817,-0.37413564,-0.21646853,-0.023828328,-0.12957351,-0.34221655,-0.03001945,0.41544563,-0.3962265,-0.9614575,0.027197907,-0.073812485,0.5496956,0.39382258,0.5030754,0.541341,-0.37772205,0.016210716,0.41902685,0.22001159,0.1838581,0.41347423,0.2906372,0.013627022,-0.08552419,0.05148281,0.2313118,0.19514525,-0.37100396,-0.19862764,-0.12846819,0.03177409,-0.48715702,-0.13918838,0.27929774,-0.04895895,0.21539673,0.054619703,-0.28218302,-0.16164045,-0.12577027,-0.6576236,-0.43439555,-0.03245466,0.09395269,0.14717749,0.6223329,-0.13201997,-0.54483914,-0.012985594,-0.243262,-0.7573315,0.042031717,-0.16681898
59,negative,-0.103240386,0.29633576,0.26780283,-0.04995018,-0.0415139,-0.015874244,-0.31688452,-3.4187957e-05,0.12655695,0.26636687,0.10467926,-0.11907727,-0.043899175,0.07338085,0.017876137,-0.14823146,0.25243273,0.0404987,-0.47060215,0.15572482,0.21322307,-0.088750206,0.115786575,0.104568735,-0.114100344,-0.0005631475,-0.103339314,-0.12220356,-0.21396579,0.031969495,0.037032317,0.28742382,-0.1039563,0.08077692,-0.18915828,0.3611409,-0.11699309,0.029100198,-0.11448742,0.009566302,-0.2692926,-0.026116274,0.02850867,-0.035987005,-0.039093163,-0.07061365,0.20739235,0.15551288,-0.28075707,-0.52546525,-0.005563626,-0.11923979,0.11143576,0.7193656,0.013748432,-1.488242,0.22398737,-0.2912572,1.1150051,0.16087766,0.041573204,0.41372493,-0.0027697952,-0.4205134,0.40081504,0.07841432,0.07187773,0.09394304,0.07132401,-0.19727625,0.02266356,-0.21264724,-0.2371031,-0.011754786,0.06684263,0.1432245,0.029760601,0.060984235,-0.6647704,0.12709793,0.3721226,0.06766661,0.012763847,-0.014163402,-0.99716485,-0.11005987,-0.18262312,0.17074296,-0.23032816,-0.37640697,0.1659844,0.06798005,0.17101884,-0.23234557,-0.47292715,-0.020023175,0.09036148,-0.07503787,0.52082354,0.072997764
60,negative,-0.11455156,0.40474722,0.2205883,-0.17792422,-0.08992214,0.2761043,-0.34848517,0.09279721,0.12042425,-0.15011571,0.05280595,0.21075794,0.21517201,0.07204617,-0.10103769,-0.22662848,0.036960155,0.22563042,-0.46243373,0.098329976,0.15355524,0.03723524,-4.156349e-05,0.029201783,0.15505151,-0.014587269,-0.15855007,-0.28893307,0.288701,-0.18148108,0.097738676,0.21954423,-0.06348316,0.14415647,-0.012894004,0.14437784,0.028123122,-0.029237244,0.20676246,-0.21830793,-0.25616384,-0.14010736,0.107799165,-0.44814134,-0.19527198,-0.024452047,0.060312063,-0.015275905,-0.047154013,-0.7897372,0.0050082863,-0.1345713,0.18071772,0.94375974,0.10916989,-1.78272,-0.052261055,-0.087102994,1.0933311,0.23696153,-0.07774049,0.61920726,-0.26739827,-0.060028564,0.3892865,0.18107858,0.32038793,0.26718768,-0.12305059,-0.37033933,0.0640132,-0.12846793,-0.07898306,-0.325185,0.18217675,0.17170928,-0.12466826,-0.0039602956,-0.46387735,0.027055493,0.28608936,0.1369361,-0.3764939,0.14755446,-0.81608176,-0.14651716,-0.009760109,0.08778484,-0.20596026,0.0118215475,-0.024190832,0.0038966457,0.14639597,0.048606344,-0.55250865,-0.12886962,0.058515046,-0.19848375,0.34375405,0.26274738
61,negative,-0.046899136,0.034380145,0.118401766,-0.21428803,0.035512026,0.3034387,-0.19785713,-0.115486726,-0.008171153,0.004444912,-0.0959243,0.042917103,-0.058465667,-0.0769028,-0.16424151,0.044871733,0.09756857,-0.13790295,-0.38293523,0.115922086,0.4203038,-0.39268523,0.18678008,-0.03462313,0.0011276731,0.024897616,-0.2324317,-0.1525203,0.66057986,-0.04513333,-0.09599198,0.17478319,-0.039822675,-0.0042085573,-0.15157884,-0.014654489,-0.044651557,-0.15125757,0.1602435,0.09337097,-0.4491213,0.024958784,0.46730834,-0.22909096,0.19806285,-0.14651437,0.2270236,-0.077608906,-0.06424651,-0.5243058,0.30903396,-0.08446202,0.1513007,0.7827819,-0.09291858,-1.4555455,-0.07703814,-0.10381633,1.0879709,0.2990882,-0.23577103,0.42082363,0.05894616,-0.20902999,0.68009746,-0.07821841,0.2599465,0.2926764,-0.10763434,0.26783893,0.24286574,-0.4138626,-0.3696286,-0.37797546,0.020881297,0.1994789,0.042000283,-0.03332013,-0.6891591,0.12623022,0.5046137,-0.25379008,-0.09022409,-0.052860003,-0.97074264,-0.050217178,0.104128346,0.23203623,-0.045496162,-0.3740229,0.20291615,-0.21888268,-0.05080883,0.32409585,-0.15563677,-0.08134174,0.15468666,0.10311555,0.14840233,0.096402526
62,neutral,0.0014209144,0.3483019,0.31197804,-0.17652051,-0.3314266,0.0110894935,-0.25564232,0.09754594,0.06773829,-0.02454649,0.102158144,0.07455556,0.24753124,-0.20918114,-0.08670878,-0.37906158,0.0691585,0.3989114,-0.19805548,0.3552172,0.115993045,-0.12014024,-0.10542168,-0.27551085,-0.13751501,0.09619642,-0.18953258,-0.45996556,0.32068524,-0.22508453,-0.065780126,0.5030575,0.066671185,0.009620735,0.08236022,0.23687981,0.08332896,0.044590387,0.04995936,-0.17821564,-0.13635947,-0.026748346,0.075409554,-0.42943317,-0.33527324,-0.026501093,0.00467736,0.05636885,-0.11824557,-0.8336121,-0.13355364,0.030941747,0.20300284,0.7226272,0.22939505,-1.5979153,0.2843453,-0.13627648,0.8375826,0.3228092,0.15738268,0.6977418,-0.46107367,-0.14463028,0.6993797,0.1589527,0.14234374,0.32488325,0.07833449,-0.4296296,0.3324485,-0.29689497,-0.0120345475,-0.27202454,0.32769656,0.077937275,-0.24901623,-0.19434838,-0.26046994,0.12832248,0.2802453,0.14505896,-0.3618056,-0.07869512,-1.082699,-0.096657716,0.08004637,-0.2431239,-0.2991729,-0.28763387,-0.1393851,-0.04316259,0.15863174,-0.22901304,-0.36924705,-0.22065519,-0.039986987,-0.43132153,0.43410623,0.18831222
63,neutral,-0.048541907,0.31902373,0.39848715,-0.022197774,-0.009814784,0.1688912,-0.13775265,-0.064220585,0.22142741,-0.024599835,0.05553732,0.036317587,0.2145121,-0.124201536,0.0960243,-0.18182336,0.17073327,0.1903048,-0.2603336,0.27087593,0.15722552,0.035537813,0.06700791,-0.257964,0.03139516,0.083945885,0.032903645,-0.09390039,0.08960582,-0.083752595,-0.021379085,0.39170974,-0.023678685,-0.054817997,0.20237705,0.120918185,-0.0941401,0.16519925,0.07958128,-0.1897453,-0.21685818,-0.0727945,-0.0069772927,-0.18417756,-0.21336342,-0.13577893,0.1395015,-0.07080886,-0.008757461,-0.52335954,0.04185601,0.052651446,0.2390355,0.73855036,-0.016624613,-1.752872,0.14230713,-0.069343835,1.213111,0.21893935,0.0029916635,0.6210005,-0.25645792,-0.22061911,0.74786144,-0.0040408038,0.37187767,0.16463935,0.08488109,-0.14561006,0.090910695,-0.17364465,0.06922948,-0.21006775,0.15023679,0.0016066129,-0.0053301034,-0.14195213,-0.46940142,0.003468908,0.3675373,0.022740647,-0.30000544,0.064454585,-1.166766,-0.028903276,0.071668886,0.108787015,-0.12685671,-0.29900873,-0.016684236,0.07027184,0.043451298,-0.090940684,-0.37125602,-0.08503892,-0.17453969,-0.2700897,0.2377971,0.30365005
64,neutral,0.061284162,-0.07898862,0.1938798,-0.16616951,0.0503743,0.22582601,0.25546595,0.10380985,0.14563575,-0.03284165,0.14062192,0.15129569,-0.025736475,0.09603902,0.082690425,-0.2738185,0.14492838,0.08825603,-0.16754843,0.21215984,0.39689875,-0.03823341,0.014314947,-0.17565307,0.26199478,0.034241725,-0.0756026,-0.4248075,0.1485863,-0.27912596,-0.060033083,0.06831198,0.07643677,-0.054995865,0.1711798,0.18488285,0.20648316,0.114427626,0.16081789,-0.15022156,0.07726396,-0.19071335,-0.05523447,-0.34490037,0.026649678,0.10282026,-0.29238296,-0.1703995,-0.43295383,-0.32087752,-0.27371266,0.23943205,0.07325681,0.37710866,-0.06639989,-1.515701,0.024047347,0.12775731,0.9353866,0.12130779,0.016707713,0.40685546,-0.30776146,-0.22024581,0.35339978,-0.15640862,0.1921629,-0.10120008,-0.11669636,0.19954395,0.20864129,0.17930461,-0.11781292,-0.29669958,-0.031653166,-0.0057916385,0.016772244,-0.11558431,-0.37506893,0.14422555,0.24585815,-0.088087745,-0.19377288,0.08490139,-0.6082986,-0.03602281,0.049629875,-0.11585618,0.09107388,-0.20317319,-0.19066325,-0.1047076,0.05614785,0.040650517,-0.28473008,0.008545003,-0.3111025,-0.38851944,0.14311796,0.14826141
65,neutral,-0.16101407,0.13900773,0.24331473,-0.08055742,0.037821326,-0.43000713,-0.1277042,-0.007828919,0.09402972,0.15524967,0.046526678,0.011006977,0.079175666,-0.017653182,-0.08563749,-0.33068165,-0.03863428,-0.12618683,-0.10030148,-0.09455104,0.21576792,-0.19398098,0.11122134,0.023239305,0.0054275054,0.08991376,-0.101345144,-0.05384673,0.02661671,-0.007891388,-0.10009259,0.2812885,-0.114203796,-0.045117263,-0.0660503,0.0772683,0.120529756,0.170839,-0.096380696,-0.07167342,-0.35773537,-0.34766456,0.005134087,-0.008503197,0.06614853,0.0006231806,0.19237901,-0.15099017,-0.17190057,-0.5299594,0.037544228,0.286482,0.029251603,0.7002035,-0.16473368,-1.6089025,0.12146887,-0.14733204,1.150494,0.2782357,-0.060519446,0.24463674,-0.06908553,-0.046748623,0.48686495,0.12798584,0.1420399,0.006387047,0.18576363,-0.17981133,0.2848045,-0.15952855,-0.015277729,-0.19126856,0.012342122,-0.15339504,0.040389884,-0.04134526,-0.5677952,0.21010998,0.6351332,-0.041090094,-0.27407336,0.093353756,-0.72295827,-0.12907569,0.07378794,-0.043679588,-0.056677356,-0.27009654,-0.06046234,0.03589162,-0.11696457,-0.15055421,-0.24932915,0.2236432,0.063690685,-0.2818185,0.3745146,0.17718065
66,neutral,0.054160513,0.33273026,0.4884295,0.072626285,-0.06101376,-0.35101712,-0.079380475,0.40847924,-0.34765455,0.060985975,0.26128167,-0.07256117,-0.08644439,-0.115475506,-0.18770956,0.33462995,0.21806599,0.030462643,-0.19024333,-0.29409754,0.26493663,-0.3029837,0.28213984,0.31262976,0.22477849,-0.33311564,0.17719416,-0.12214289,0.44156322,0.056357857,-0.6263877,-0.14606223,-0.12563042,0.042277604,0.35420647,0.13071255,-0.0002783654,0.3984551,-0.5694136,0.11745371,-0.6363192,0.054553628,-0.19158149,0.121319346,0.36117157,0.061378304,0.012757006,-0.4255584,-0.24448264,-0.83915144,0.036923427,-0.09678511,0.12382539,0.99666464,-0.11494219,-2.783465,-0.41660726,0.31204134,1.2338829,0.5136622,-0.20310491,0.7242001,0.0031656015,-0.18768726,0.7104976,-0.14169484,0.018099958,0.20059748,0.08455597,-0.15783098,0.24566944,-0.06993763,-0.54143786,-0.142538,0.1000741,-0.031271312,-0.09644807,-0.2680147,-0.8155365,-0.4715585,0.57404447,0.10471331,-0.2674411,0.37993652,-1.4040235,-0.32013535,-0.21806914,-0.12606019,0.039491862,-0.08517942,0.15127358,-0.11756888,0.18579732,0.2560013,0.038955465,0.3551883,-0.2534926,-0.22770396,0.74197054,0.24995397
67,neutral,-0.0533909,0.32465646,0.33159328,-0.67610717,-0.7065936,0.059974555,0.1553945,-0.3093717,-0.2295563,0.13181233,0.21007772,-0.13583872,-0.0291232,0.14001384,0.2189191,0.0339932,-0.19693467,0.13309652,-0.56564784,0.3704706,0.18441764,-0.34638017,-0.24973834,-0.51401484,0.15342005,-0.060910564,-0.24601083,-0.15797307,0.4015659,0.097247936,-0.2721477,0.29174083,0.10970165,0.047074024,-0.027857862,-0.17123576,-0.417914,0.10776211,0.58486193,0.04594769,-0.1164564,-0.012941062,0.66645825,0.008673143,-0.03898465,-0.12978466,0.32100534,-0.023448339,-0.25047708,-0.9019738,0.028245369,0.2746996,-0.17484896,0.71315706,0.0032739388,-1.793813,0.17542492,-0.060481787,1.0897548,0.32290444,0.08095582,0.78229576,-0.11358475,0.026810622,0.39301988,-0.1638705,0.55738926,0.48526263,-0.6870833,0.43187827,0.1520048,-0.7663829,0.08805787,-0.51774836,-0.0030603383,0.11094174,0.20844291,0.16916281,0.1640906,-0.11976891,0.36683893,-0.1969276,-0.5145363,-0.048173513,-1.1559399,-0.3637577,0.18713123,-0.23542692,-0.14855343,-0.07083741,0.19933285,-0.23580971,-0.21671163,-0.024613462,-0.36221087,0.39135867,-0.27622232,-0.015041915,0.3312667,0.2745642
68,neutral,-0.10334963,-0.03575243,0.21703105,-0.16166556,0.17772262,-0.003132383,-0.22350655,0.14333932,-0.07159102,0.13012312,0.05987046,-0.13177969,0.051164348,0.18357614,0.14105034,-0.25586882,0.20636413,-0.22475666,-0.058531154,-0.043734975,-0.035853345,0.049247436,0.1295341,0.029287256,0.1906614,-0.38843548,0.07419616,0.26664105,0.22156747,0.154778,0.065200664,0.36175123,-0.11433768,0.05437112,0.23076837,0.16336219,0.040809114,-0.11781468,0.07923797,-0.24062572,-0.1066321,-0.08912172,0.072407655,-0.08206911,0.0080346465,-0.13367748,0.3010514,-0.16694516,0.15513606,-0.33016282,0.0582615,0.26262093,0.090051636,0.5480245,-0.20333597,-1.4182051,-0.07640128,-0.25740796,1.1358085,0.26257303,0.14833435,0.33265838,0.0039046735,-0.052761916,0.40563098,0.113724515,-0.28961423,0.022011222,0.22943984,0.020027986,0.066320874,-0.17336173,0.14260174,-0.16494733,0.27590337,0.06357791,0.08767902,0.19351,-0.45457774,0.034436587,0.28080848,-0.32337576,-0.24871671,0.08942139,-0.7893313,0.11024269,0.25914562,-0.22468491,0.15382956,0.06813515,-0.059963938,0.05460053,-0.0069182767,0.11216757,-0.32061657,0.06901622,0.019803984,-0.040139146,0.33180258,-0.21487673
69,negative,-0.1191785,0.15264265,0.01749256,-0.25559345,-0.006968596,0.32465193,-0.14759305,0.10646739,-0.01757231,0.08759823,0.004991977,-0.030930018,0.25704855,-0.1578321,-0.09636606,-0.1570496,0.13784063,0.05979958,-0.5026986,0.1548129,0.12962833,-0.099133454,0.081154086,-0.14301024,-0.115557514,0.061426945,-0.14752315,-0.2587365,0.08869095,-0.03591726,-0.033514366,0.40593973,0.015539156,0.099072665,0.081154324,0.045228306,-0.11768644,0.053894836,0.07687991,-0.1704314,-0.3248661,-0.007545318,0.19397137,-0.2897132,-0.07525224,-0.19856352,-0.18372521,-0.2156798,-0.22987592,-0.59222966,0.08318575,0.013585959,0.052033436,0.68872917,-0.13806663,-1.3978388,0.12101761,-0.15739748,1.356478,0.25805354,-0.12235589,0.32091287,-0.08122163,-0.0425163,0.53750896,0.07164863,0.103849076,0.20934258,0.14428928,-0.096178666,0.06696913,-0.2992858,-0.11790422,-0.30941346,0.024838127,0.1538066,0.00077486463,0.027770251,-0.6026671,-0.05069233,0.50231624,-0.084199764,-0.04535666,-0.029289369,-0.944042,-0.12977786,0.10237509,0.141208,-0.006947339,-0.2572807,0.05100396,-0.22909923,0.16327322,-0.08861771,-0.17837363,0.09074809,0.07568045,-0.20886514,0.37920648,0.18445772
70,neutral,-0.12634428,0.20418528,0.22870065,0.098183826,-0.1969587,-0.21550387,-0.3213571,-0.044184297,0.1713393,0.11892378,-0.33335748,0.118831046,0.16512997,0.28527978,-0.051202547,-0.14862624,-0.0027277337,-0.08177151,-0.106389426,0.079535596,0.08748754,-0.13406757,0.29996878,-0.07470575,0.07886275,-0.042407915,-0.22840135,-0.18308595,0.39506182,0.083347246,-0.06350462,0.095125735,-0.2663392,-0.009780452,-0.050243232,0.13446462,0.22133738,0.07881246,-0.24586846,-0.007865227,-0.50992066,-0.015742885,-0.094408646,0.06369714,0.18742791,-0.2539713,0.32213032,-0.19991189,0.05894354,-0.41318038,0.10118488,0.2826046,0.040926877,0.65230554,-0.010986928,-1.3101647,-0.14770396,-0.08273791,1.2042257,0.09929176,-0.10158529,0.24422963,-0.005654836,0.05596149,0.47206357,0.22836468,0.09826251,0.094673954,0.09498827,-0.2598176,-0.07524028,-0.28686768,-0.10001831,-0.24989513,0.108433925,-0.27776453,-0.2237484,-0.06357911,-0.38661066,0.027694585,0.23619327,0.016264245,-0.27691558,0.07282146,-0.64236754,-0.15028247,0.03840825,0.027487637,-0.17878985,-0.16270971,-0.23809391,-0.19683103,-0.018782265,-0.16844419,-0.10429777,0.080738604,0.037598707,-0.113061644,0.26466164,-0.023127139
71,negative,-0.16511102,-0.11900294,0.31837907,-0.9156688,-0.35474956,-0.1248566,-0.095333286,0.054939613,0.16131657,-0.102037504,0.20749848,0.009816658,0.49523014,-0.14381014,0.042909455,0.40960187,-0.05455559,0.41564393,0.12453056,0.6416856,0.6941811,0.12868366,-0.35182303,-0.60632455,0.19708681,0.3031368,-0.13931902,0.19720888,0.4383809,-0.110058814,-0.21770407,-0.074662074,0.491189,0.53131294,-0.37523502,0.46995878,-0.54895526,0.047391273,-0.22897288,-0.6214044,0.29055262,0.13195033,-0.64086527,0.061559174,-0.7825482,-0.49852565,-0.27441755,-0.32123676,0.4545364,-0.33076632,-0.7031235,-0.042027317,0.55593127,0.58393764,-0.87052286,-1.2381849,0.08598852,0.36278564,0.31340316,0.17402181,0.34246352,0.74658257,-0.5301511,-0.27661654,0.72966367,0.67800075,0.4926468,-0.23058963,-0.40873355,-0.17962565,0.0017113654,0.1541779,-0.11264367,0.35138947,0.0685689,0.40100935,0.0537243,-0.34243622,-0.36458936,0.13310468,0.023782989,-0.17711963,-0.04012349,-0.041438255,-1.132198,-0.12611966,-0.24019252,0.02610161,0.16800854,0.003651288,-0.21684705,-0.333466,-0.1912395,-0.0044651018,-0.0040533314,-0.46899915,-0.28201124,-0.40130404,0.49179488,0.2753809
72,negative,0.29782596,0.37848234,0.40926132,-0.40309405,-0.091539815,-0.09940336,-0.09957207,0.18961197,-0.051212158,0.11080082,0.12425868,0.019081913,-0.0924107,-0.12615333,0.034712985,-0.36089537,0.01425275,0.040747903,-0.18760665,0.2776798,0.4607597,0.2699171,-0.03648641,0.07014395,0.16467275,0.07288155,-0.2218167,-0.54316515,0.3087506,0.07137571,-0.011486572,0.5680302,0.054303024,0.108196065,0.034858517,0.24106137,-0.05519813,-0.08290518,0.23177907,-0.20650898,0.006635558,-0.29241505,-0.07087589,-0.30241746,-0.12677212,0.002503675,-0.31437278,-0.2668873,-0.027561275,-1.001853,-0.012416226,-0.05399998,0.07843976,0.6568003,-0.20071265,-1.8813566,-0.07923544,-0.062719226,1.3984427,0.27682093,0.14347245,0.34592175,-0.33423665,-0.109236695,0.38440782,0.15357412,0.5028073,0.14021151,-0.010369638,-0.26743358,0.041420985,-0.11628985,-0.16931574,0.07019168,-0.073350094,0.054211102,0.23286149,-0.13830504,-0.6645478,-0.09697985,0.6007914,-0.15084362,-0.15060017,-0.109282315,-0.8849402,-0.087361,-0.43152615,-0.031979598,-0.014659574,-0.24759564,0.07235553,-0.025816161,-0.34907228,-0.45760596,-0.5673412,-0.034009416,0.055993102,0.11602381,0.45405954,0.15575713
73,negative,-0.23465624,0.1677801,0.043424238,-0.31085545,-0.22240017,-0.08916778,-0.099564254,-0.04805876,-0.13002169,-0.030249672,-0.02288194,-0.097543545,0.036388934,0.124385014,0.037129223,0.023074403,0.106975146,-0.033286124,0.0064290897,-0.08531133,0.36461464,0.09473588,0.1009421,-0.19802895,0.23325324,-0.1331552,-0.03869912,-0.26495078,0.04138475,-0.0062389444,0.0077476534,0.20323734,-0.08439132,-0.23172793,0.02648589,-0.07187888,-0.024184683,-0.012167921,-0.00071303727,-0.08184917,-0.2833305,-0.20712924,0.09585286,-0.09539876,-0.10080943,-0.15984374,0.13398524,0.025107797,-0.21539323,-0.33977145,0.089816205,0.025402555,0.07216725,0.82170093,-0.027862763,-1.4903783,-0.018523501,-0.06346897,1.2430047,0.23971294,-0.10041272,0.286888,-0.24567856,0.0052715093,0.7034585,0.09012986,0.49856946,0.26765993,0.12876669,-0.11572963,0.1502874,-0.112367615,-0.21328522,-0.056223452,0.18089895,-0.025403652,-0.27269927,0.2589661,-0.3188558,0.13864113,0.46438998,0.19283697,-0.25744084,-0.015194498,-0.8724609,-0.35660285,0.047162544,0.056639444,-0.01472835,-0.14220604,-0.09163604,-0.15807606,-0.06143373,0.11814435,-0.0136648845,-0.036947466,-0.043661937,-0.0898494,0.3031134,0.052354187
74,neutral,-0.17586105,0.19305916,0.2607175,-0.24583384,-0.21107589,-0.087991014,-0.20961659,-0.055697747,-0.061914492,0.20089519,0.08207941,0.04851062,0.2767515,-0.07272675,-0.106038585,-0.014983451,0.057888776,0.08110544,-0.3868219,0.12747449,0.25576076,-0.03490137,0.13505705,-0.11349217,0.056913167,-0.026729159,-0.22133496,-0.38591653,0.12157572,-0.08468061,0.15510501,0.3226051,-0.10204421,-0.09149875,0.039551664,0.14264122,0.08000727,0.038990673,0.028011933,-0.1597514,-0.47170871,-0.07741744,0.1851115,-0.3396999,-0.10406685,-0.17294095,0.31768966,-0.14056832,-0.15387048,-0.6766495,0.057380464,-0.12170063,0.055903375,0.88306946,0.14266227,-1.9500657,0.027392711,-0.10945098,1.3378623,0.28273386,-0.15136474,0.31307742,-0.25890538,0.015089425,0.63555896,0.056753185,0.25613675,0.3263206,-0.063750826,-0.026050746,0.174623,-0.1778536,-0.23627797,-0.33091125,0.11486354,-0.1610625,-0.14702031,0.042206872,-0.5753288,0.08607993,0.73866045,-0.08556117,-0.43262106,0.01768626,-1.0704172,-0.12288509,0.119153745,0.15996327,-0.06650369,-0.34046263,0.08515226,-0.08224162,-0.12800096,-0.058463443,-0.38161385,0.0043137833,-0.063943006,-0.33655933,0.42058665,0.20063247
75,negative,0.25637063,0.30320272,0.1804746,0.0025583494,0.19086568,-0.84215873,-0.20023352,0.14874947,-0.21914555,0.206318,-0.17411408,-0.28714848,-0.023277758,-0.18646611,0.14080578,-0.1453494,-0.21747623,-0.15989986,-0.08039606,-0.11035498,0.44270903,-0.14356188,0.047196228,0.18196563,0.11680894,0.025098547,-0.116801955,-0.24488384,0.013231754,0.049474396,-0.100009255,0.26770675,-0.24759622,0.15988356,-0.19884121,0.066548586,0.35202488,-0.362437,0.07413667,-0.10478823,-0.17070934,-0.47284856,-0.17023386,-0.22716555,0.44645417,0.015145639,-0.007590684,-0.3415425,0.21090694,-0.8903205,0.13558847,0.15695557,0.005871757,0.82929426,-0.17899415,-2.1428099,0.002496833,-0.38110968,1.6680189,0.11434431,-0.15510803,0.13616222,-0.15702145,-0.0164309,0.5087076,0.10864124,0.28619233,-0.17041193,0.27829042,-0.17926733,0.19123778,-0.26548943,-0.34686267,-0.18680502,0.19459563,-0.2058593,0.15462464,0.15558748,-0.84738815,0.032622367,0.90575314,0.028840821,-0.2718481,-0.006196981,-0.70548546,-0.4610729,0.20812595,-0.1659691,-0.055790655,-0.35619408,-0.060571626,-0.007652334,-0.4235219,-0.3008536,-0.78523403,-0.024878344,0.09664863,-0.09387634,0.56307316,0.09658797
76,neutral,-0.041042097,0.09424923,0.15089269,-0.16338104,0.063354544,0.067408,-0.3649036,0.036834653,0.019580992,-0.063995466,-0.04569963,-0.104984045,0.21906522,-0.113152474,-0.043779336,-0.11203727,0.0802203,0.08237035,-0.26257432,0.037013978,0.15335502,-0.15579073,-0.041071218,-0.04013883,0.0007073037,-0.17283714,-0.12039926,-0.40634742,0.28922904,-0.09597312,0.20417413,0.4159963,0.01627037,0.14789394,-0.07987635,0.22685608,0.060433697,-0.13146731,-0.2018666,-0.14594974,-0.5040971,-0.055933136,0.31635237,-0.43329015,-0.078699864,-0.1872832,-0.054513678,-0.25844207,-0.06412932,-0.530744,0.07086799,-0.06894229,0.04136626,0.7940236,0.0032592681,-1.8181341,-0.115157805,-0.1727211,1.3619592,0.2764365,-0.23980328,0.26167297,-0.19010781,-0.03779738,0.5166391,0.08652695,0.14801519,0.27717194,0.041336957,-0.37742487,0.13572177,-0.18757649,-0.28958374,-0.5715043,0.10395921,0.17327535,-0.13938457,0.08696023,-0.7438392,-0.04984119,0.5549255,-0.17966074,-0.34071544,-0.17540123,-0.9512861,-0.21331775,0.16377379,0.16012935,0.11442493,-0.38600105,-0.017633544,-0.1447046,-0.40294442,0.093784526,-0.3340965,0.098198235,0.043448374,-0.053120185,0.47729626,0.11314046
77,neutral,-0.5784836,-0.10626713,0.2926468,0.27375373,-0.31507593,0.011908724,0.279654,-0.12932496,-0.04752265,-0.09073862,0.23490106,0.14270118,0.3487955,0.089513354,0.14474407,-0.2546519,0.3799367,-0.42145452,0.3903518,-0.12611523,0.3519182,-0.19006744,0.32388228,0.24954566,0.3333418,-0.031663366,-0.21496086,0.07870316,-0.07092813,-0.43401527,-0.14267313,-0.4392121,-0.18859407,0.12463493,-0.4267358,0.010578912,-0.068765,0.21141905,0.28551236,0.12967722,-0.3906168,0.058804274,-0.110099405,-0.024212968,0.4869536,-0.012190762,0.4697248,-0.27011126,0.33400828,-0.6379935,0.0050808173,0.18005468,0.02162905,0.95800424,0.31412157,-1.7407146,0.16090132,0.21039084,1.2888638,0.7181698,-0.0444636,0.70570874,-0.12208979,0.2519597,0.4888476,-0.36285922,-0.21037117,-0.0063040205,-0.1283733,-0.05229369,-0.58658004,-0.58371305,-0.007225683,0.17018539,0.404739,0.16630846,0.25406697,0.037305303,-0.52905923,-0.11323546,0.62189096,0.01444363,-0.23758376,0.34307718,-0.9094026,-0.3391288,-0.15093139,-0.29605684,0.23000856,0.13873334,0.22862707,-0.19368789,-0.34893182,0.367611,-0.26638654,0.14025046,0.36260158,0.18519153,0.11426095,-0.24169469
78,neutral,-0.12506919,0.026118027,0.13930191,0.31666857,-0.24325828,-0.32392278,-0.12993126,-0.0825843,0.07862156,0.25945938,-0.12312592,0.016726375,0.22945198,0.016303333,0.08615525,-0.03105544,-0.11023708,-0.040583413,-0.29384375,-0.034712277,0.10685108,-0.12009872,-0.10240145,-0.13789728,-0.16142182,0.08956051,-0.05384529,-0.044776186,-0.009807249,-0.07689077,-0.19307677,0.03211216,-0.2891551,0.07524779,0.03662524,-0.031708013,0.18317907,-0.13026255,-0.20148127,0.021932611,-0.43167582,-0.009211018,0.106226936,-0.11959068,0.20289567,-0.21767063,0.3327322,-0.0557332,-0.45068064,-0.53857607,0.23040304,0.15754645,-0.19117762,0.83196926,0.021031791,-1.5788146,0.12553863,-0.234524,1.051224,0.10433728,-0.24644765,0.108552,-0.11396765,-0.22413135,0.6414373,0.1926705,-0.037699707,0.041431982,0.15186578,0.035248265,0.28297973,-0.11278462,-0.1480356,-0.26014593,0.15116397,0.1689224,-0.022332883,-0.039959766,-0.6641458,0.14023198,0.54212123,-0.030586315,-0.22211845,-0.058811508,-0.9704951,0.060644146,-0.06268085,0.012143051,-0.10457996,-0.35935983,-0.3057465,0.03808434,-0.20661539,0.028715823,-0.3460917,0.1716446,-0.042243127,-0.27331805,0.25846642,0.25182787
79,neutral,-0.14786379,0.08156218,0.2382593,-0.13714156,0.0353804,0.124780454,-0.28579897,0.14497215,0.27636266,-0.06307166,0.12439584,-0.026873939,0.2698812,-0.054594822,-0.00046064486,-0.1367235,0.35354477,0.023467604,-0.42017338,0.2683119,-0.005333637,-0.1365694,0.15076548,-0.27607328,-0.25642154,-0.27425525,0.018446105,-0.3439939,0.27206603,-0.08461403,0.1074595,0.48311454,-0.10490178,0.10184298,0.22013417,0.15919787,-0.058119755,-0.05944805,-0.10353065,-0.06868675,-0.40289697,-0.14286935,0.0534573,-0.34484434,-0.16633806,-0.24705277,-0.2893747,-0.28847596,-0.1369996,-0.6475336,0.18639997,0.15394688,0.015306711,0.7612892,-0.05248572,-1.7496477,0.018351963,-0.18796943,1.6138779,0.1620169,-0.37486228,0.2856801,-0.10525531,-0.13600779,0.62446165,0.15501952,0.23259537,0.30198255,0.1638762,-0.21310577,-0.017226137,-0.24704215,-0.12923396,-0.58308524,0.12286798,0.10862179,-0.14879905,-0.06077836,-0.7797975,-0.07770437,0.49546024,-0.13322107,-0.286109,-0.11149223,-1.0415839,-0.10828649,0.27166677,0.35307506,0.013105475,-0.18380806,-0.0082250815,0.086377114,0.041492052,-0.035429202,-0.25886208,-0.10153375,0.03230199,-0.11790137,0.3865002,0.12205643
80,neutral,0.03220673,0.037318613,0.15555213,-0.0192794,0.111017324,-0.5823833,-0.2010319,-0.003622357,0.224253,-0.041988768,0.025942663,0.11396856,0.11803789,-0.13254994,-0.043722596,-0.11759302,0.036036886,-0.08895829,-0.22492385,-0.110336944,0.2559925,-0.090233676,0.090960555,0.014205738,0.015075186,0.124103956,-0.28788382,0.0030145478,0.047356926,-0.076813936,-0.20146565,0.3462284,-0.10465097,0.075678,-0.18052861,0.016571645,0.17074788,-0.05514088,-0.22602627,0.042581674,-0.38417545,-0.35661745,0.01577311,0.033372853,0.07229081,0.07203222,0.09562638,-0.16350734,-0.127101,-0.5235212,0.29834843,0.17501129,-0.015810145,0.6942457,-0.016112396,-1.5466739,0.025227563,-0.20671827,1.366189,0.28281674,-0.19794537,0.16575505,-0.13309287,-0.1961949,0.3595339,0.15940708,0.056551922,0.18459198,0.13900441,-0.18541169,0.0725168,-0.1839527,-0.19520335,-0.37085995,0.13637713,-0.10276332,-0.090403214,0.058668114,-0.62893224,0.080186,0.51893955,-0.03847527,-0.20489648,0.1664016,-0.8830457,-0.14737476,0.058989994,-0.046112746,-0.006181052,-0.43959078,0.0021488667,0.1726714,-0.31162164,-0.13533884,-0.23234053,0.2704654,0.20315602,-0.16009338,0.45104498,0.019598195
81,neutral,0.07386651,0.013089592,-0.069392554,0.11830925,-0.013711535,0.09172936,0.16635111,0.22569549,-0.16546793,-0.18738928,-0.16654752,-0.09009074,-0.2865377,0.28129923,0.078660086,0.0629823,0.3545008,-0.06543693,-0.15252821,-0.07833416,0.122767754,0.22071399,0.34818953,-0.21861002,0.29277715,-0.004672133,0.058898106,-0.03287664,0.12541983,0.072814874,0.055530358,0.14262643,0.34380996,-0.021750208,0.005817415,0.21955466,0.15679862,0.27686948,0.26066536,-0.29259127,0.0060650352,-0.16385792,-0.13647915,0.057856325,0.040775117,-0.096380845,-0.21052667,-0.19764824,0.13563128,-0.2748469,-0.099146634,-0.11476542,-0.09173202,0.2982934,-0.21490993,-1.1636955,-0.39354575,0.071611054,0.4895967,0.1420583,0.10128353,0.27208218,-0.07177936,-0.06892913,0.122444384,-0.36404586,0.39352188,0.16579896,0.24646892,-0.12949452,0.083229154,0.18447952,0.11508868,-0.2389337,0.039760035,-0.17440288,0.15030728,-0.0098268865,-0.26481578,0.28431764,0.1869114,-0.13459292,-0.34273806,0.07264226,-0.4000769,-0.011786861,-0.120142065,-0.26096922,0.21577619,-0.059310164,0.35885257,-0.14141065,-0.20349768,0.13291134,-0.35284477,-0.19367479,-0.042464677,-0.18545277,0.08492432,0.33885637
82,neutral,-0.14480908,0.10691325,0.13232113,-0.00691834,-0.0939521,0.08937957,-0.11544071,0.055007987,-0.019898273,0.123442695,-0.018901568,-0.026558263,0.1280606,-0.050195634,-0.034664802,-0.10542581,-0.10416361,-0.053535607,-0.1955869,0.010289653,0.4119927,-0.15906338,0.0701606,-0.053754903,0.077486865,0.026078105,-0.2402319,-0.18853486,0.12612475,-0.0658075,-0.015703179,0.2037827,-0.13917077,0.021150926,0.109968856,0.04224971,0.039240565,-0.0617381,0.14332812,0.052293215,-0.26307803,-0.21043207,0.18622749,-0.27420342,-0.025653834,-0.033800315,0.239435,0.023422657,0.06055691,-0.6678277,0.20088498,-0.09978785,0.017527144,0.91755503,0.17115942,-1.8027644,-0.08106936,-0.053392567,1.1722378,0.22072591,-0.092500746,0.3639944,-0.21336207,0.04991853,0.51930493,0.11712479,0.10582916,0.13983795,-0.011464823,-0.011222379,0.09134452,-0.29379603,-0.097580306,-0.3269734,0.16247219,0.0071520573,0.04688476,-0.023921046,-0.5255934,-0.047710814,0.54207283,-0.09129178,-0.25557074,0.07491653,-0.88450456,-0.11719994,-0.0028083962,0.026305946,-0.15258433,-0.36232778,-0.08923485,-0.042307053,-0.19258301,0.04035115,-0.4176944,0.094685115,-0.043039735,-0.14243412,0.353734,0.18113215
83,negative,0.09450994,0.058943097,0.30146128,-0.15595484,-0.019121287,0.13030103,-0.13891192,-0.2987782,-0.08868104,0.09513857,0.07805253,0.005885882,0.14024816,0.024681607,-0.09437417,-0.1500798,0.10281527,0.19575892,-0.19551362,0.29672,0.09785899,0.19015247,-0.06634362,-0.046833247,-0.046137776,0.14682269,-0.10039315,-0.2336967,-0.069966644,-0.028054755,0.07723767,0.5774819,-0.1777336,-0.19380897,-0.022496559,0.24623907,-0.1350633,-0.04643367,0.054933824,-0.17701082,-0.24554862,-0.28167322,-0.041294914,-0.11308958,-0.11289953,-0.17916593,0.1565467,-0.19560882,-0.13398238,-0.816914,-0.03058721,0.014351808,0.113823004,0.7129998,-0.015815765,-1.8129148,-0.021505287,-0.034353085,1.4706862,0.17305434,-0.052324083,0.24357484,-0.2146927,-0.03868274,0.65562123,-0.13892666,0.28673008,0.3188463,0.23283142,-0.012364277,0.061215717,-0.27097675,-0.28730938,-0.30552047,-0.051403757,0.081856355,-0.068841636,-0.07507797,-0.5185437,-0.004941076,0.60808367,-0.10812817,-0.14018588,0.11169949,-0.96371186,-0.25265998,-0.090604,-0.04437261,0.07342643,-0.33964807,-0.04870439,0.0037810039,0.12937842,-0.16393533,-0.3208273,0.08301121,0.019968297,-0.12005212,0.394524,0.24273431
84,neutral,-0.16861579,0.0071014795,0.15831351,0.0481074,0.12740688,0.37141335,0.14378256,0.46348998,-0.26042226,0.20877905,0.11793674,-0.019089269,-0.118467785,-0.22929874,0.17075737,-0.039611198,0.2144582,0.0656492,-0.24345447,-0.06908983,0.29597658,0.14415966,0.28485107,-0.2682885,0.46852535,-0.3127857,0.12518336,-0.020179981,0.10163258,-0.08317301,-0.18376678,0.20660143,0.29838905,0.25058502,0.056178603,0.15592167,0.01735747,0.24096884,-0.10089682,-0.24621639,-0.05911254,-0.17206345,0.032825395,0.09860106,-0.059333023,-0.10539322,0.07979224,-0.15399113,0.25702915,-0.43471897,-0.04945226,-0.23196791,0.35728687,0.6560747,-0.07506683,-2.003161,-0.11059432,-0.021802781,1.0059224,0.25865456,-0.085839145,0.6690815,-0.2845063,-0.25049102,0.27001184,0.04735749,0.31978947,0.13534413,-0.017617563,-0.036012184,-0.046413824,-0.112864465,-0.17380959,-0.41539758,-0.09634432,-0.21005526,0.2884508,0.29406184,-0.4239884,0.4670665,0.4148204,-0.2268752,-0.18512042,0.12598114,-0.63931525,-0.11270782,-0.20147099,0.038474135,0.33629686,-0.05852996,0.1378348,0.10256609,-0.24406959,0.023972109,-0.67199683,0.024245994,-0.09764286,0.050654523,0.48142794,0.24094816
85,neutral,-0.16094549,0.09048474,0.2525899,-0.10452136,0.1252615,-0.12839396,-0.18505625,-0.021728735,-0.05610426,0.14554447,0.02429042,-0.11732302,0.19404665,-0.04823314,-0.07908052,0.045737687,0.25722387,-0.103863046,-0.44122902,0.03799349,0.060357243,-0.19345067,0.099105544,-0.08923563,-0.23230854,-0.2096778,-0.07898278,-0.20282851,0.17968284,0.04613899,0.12313979,0.28512982,-0.26265633,-0.14600949,-0.093878664,0.124372356,0.08054142,-0.019100491,-0.18429749,-0.097956695,-0.49138743,-0.069558606,0.114849605,-0.120626144,-0.022343662,-0.40057632,0.20356375,-0.2835078,-0.26785442,-0.6214581,0.28037953,0.025285685,0.1760327,0.84456605,0.040620845,-1.7589916,0.0066353874,-0.22548889,1.2849464,0.29677007,-0.10501209,0.3187815,-0.13391137,-0.1682082,0.6006276,-0.003925502,0.004416592,0.4141965,-0.010764274,-0.011074783,0.27020824,-0.10982135,-0.2495434,-0.41368622,0.046961863,-0.07047698,-0.19330838,0.09211938,-0.8854666,-0.0480013,0.51572293,0.019805107,-0.20442568,-0.11724727,-1.0114944,-0.07602327,0.23481053,0.18357027,0.0438945,-0.1999193,-0.009634217,-0.1025564,-0.20632191,0.014900114,-0.33631653,0.014939169,-0.09394833,-0.30907798,0.2952736,0.15127891
86,neutral,-0.06128605,-0.029391551,0.20881356,-0.15781496,-0.010099727,0.027585331,-0.13288535,0.086464025,0.07984204,0.19635445,0.15280151,0.0018669704,0.09752266,0.1177042,0.046252605,-0.03301774,-0.014499556,-0.1869781,-0.2878345,-0.05242264,0.4626429,-0.21540055,0.12059579,-0.097710826,0.067306854,0.01012301,-0.14961895,-0.16689982,0.19434622,-0.016027942,-0.052532732,0.15970431,-0.20993887,0.03045808,0.0034008431,0.108008705,0.16493747,0.033700213,0.053308755,0.008324685,-0.25883803,-0.2673028,0.22282234,-0.14561269,0.051136065,0.0071206386,0.10657573,-0.024428893,-0.0028969976,-0.5931413,0.0443612,0.06261861,-0.04664131,0.95622617,0.049192246,-1.6474398,-0.0793722,0.086496994,1.2576677,0.18847479,-0.014914523,0.42071617,-0.12533219,0.06502402,0.4676784,0.043964904,0.05432471,0.108917326,0.05596627,0.076651186,0.020741018,-0.3525326,-0.059015024,-0.3664678,0.08993839,0.08758022,0.19840696,0.019482084,-0.6595447,0.055331897,0.5835326,-0.050645247,-0.23579183,0.07114928,-0.72969574,-0.113382906,-0.0834965,-0.078679234,-0.054573596,-0.25863498,-0.0026845334,-0.10874845,-0.089910865,0.07227819,-0.3580091,0.090761006,-0.06465337,-0.1115794,0.39599478,-0.07638064
87,neutral,-0.15697089,0.061235145,0.08616238,-0.17806883,-0.010332071,-0.07152011,-0.010673586,-0.17861564,-0.18572295,0.08995956,-0.07280486,-0.24980684,0.09733162,0.11392082,0.010957989,-0.058961242,0.20066676,-0.06131913,-0.4907263,0.107243836,0.063532114,-0.031007925,0.21692027,-0.12879206,0.024907408,0.009623236,-0.06602071,-0.2864434,0.13937996,-0.015037879,-0.24943382,0.39473492,-0.082052425,0.031357475,-0.14310162,-0.030289458,-0.1275679,0.19273657,0.027895259,-0.06437657,-0.36514723,0.0076859323,0.09563029,0.0061587486,-0.05726109,-0.14548184,0.181995,-0.18255636,-0.21503432,-0.5088845,0.2873628,-0.13623087,0.050455738,0.60872567,0.052142072,-1.6668991,0.16966477,-0.3023385,0.9941822,0.18218696,-0.03945323,0.2876018,0.027440596,-0.13863362,0.5967633,-0.17482212,0.13171725,0.36019126,0.13605721,0.34512427,0.1863868,-0.057035267,-0.18614163,-0.35926333,0.08434774,0.014366183,0.078966774,0.13003162,-0.75051636,-0.117792666,0.36682802,-0.023755219,-0.14334342,-0.058272246,-0.8822409,-0.04797349,-0.0279417,0.006091834,-0.052915152,-0.42153147,-0.022540543,-0.037814755,-0.0069727018,0.205595,-0.2793818,0.07574145,-0.068676226,-0.17435552,0.07969288,0.3654286
88,negative,0.096817166,0.23362295,0.16281478,-0.115061216,-0.030826572,0.064887725,0.12069682,0.3224476,-0.15620844,0.21480288,0.123311296,-0.13372426,0.15180545,0.22471508,0.16701056,-0.037701387,0.27687067,0.11701444,-0.45186895,0.26806197,0.12557887,-0.17266068,0.18650329,0.119357474,0.11348544,-0.15228438,-0.04324019,-0.2822838,0.011579955,0.11643283,-0.11670909,0.29096934,0.035968963,0.060873732,0.006890485,0.088523045,-0.18785615,0.044629093,-0.0758043,0.05972873,-0.4934348,-0.054475445,0.042526897,-0.072848566,0.1658951,-0.08509698,0.11471252,-0.2900474,0.07824519,-0.5235813,0.025105843,-0.15356308,0.122801945,0.8078795,-0.14165549,-2.1287026,-0.11592212,-0.18314652,1.5047,0.5231172,-0.11740013,0.6095144,0.005875894,-0.015994068,0.5208433,-0.020198286,0.10650471,0.26572534,0.03163455,0.18959928,-0.031466722,-0.14823806,-0.06606003,-0.18982443,-0.09129553,0.18425074,0.104978785,-0.006019939,-0.8606802,-0.25895455,0.43602008,0.071980044,-0.13241678,-0.01364929,-1.1188201,-0.18770736,0.05266266,-0.0543247,0.093898,-0.05939508,-0.09145973,0.0859368,0.0033605332,0.21247567,-0.48591208,0.1297819,-0.15757096,-0.11045699,0.33084005,0.0060838186
89,negative,0.30966824,0.25294423,0.4490659,-0.07701865,0.05678804,0.35678977,-0.40930083,-0.34873608,-0.08285608,0.19947483,-0.19963335,0.026292942,0.15492949,-0.1490953,-0.03919255,-0.16225874,0.18423714,-0.12969042,-0.6229047,0.18205029,0.4647375,-0.03717092,0.26028836,-0.2776707,0.21297486,0.096893676,-0.12826137,-0.43275467,0.35192335,-0.061148293,0.12143096,0.4980979,-0.18364331,0.14742616,-0.14899503,0.035168443,0.094567105,0.554567,-0.1660526,-0.1663551,-0.82413167,-0.07826022,0.12996137,-0.123432696,-0.16039759,-0.5564229,0.35398692,0.07517183,-0.13275695,-0.2924414,0.082269154,0.1455493,-0.03337179,0.8820914,-0.003420347,-1.59307,0.49845666,-0.07630539,1.6203054,-0.0054891445,-0.12262115,0.05567562,-0.3743546,-0.2935149,0.8179786,0.16160002,0.2351569,-0.14316618,0.35368738,-0.061187603,-0.11914534,-0.15348577,-0.021280132,-0.1745221,0.08377106,0.027186787,-0.090462804,0.010159732,-0.7169185,-0.1410097,0.15047385,0.026171517,-0.10759609,0.18471088,-1.0921067,0.14936323,-0.07260269,-0.0017778722,0.06685361,-0.36026722,-0.08329813,-0.38355878,0.045672506,0.11288092,-0.5892058,-0.14671053,-0.09908952,-0.39295438,0.38818893,0.31069684
90,neutral,-0.12829493,0.22241428,0.21417749,-0.06092196,0.13607277,-0.0070292274,-0.13984868,0.0029194755,-0.14627539,0.00990502,0.08386976,0.0019717894,0.14148736,-0.037561033,-0.046972804,-0.024760697,0.038607083,-0.103478886,-0.48039085,0.1206537,0.020825766,0.027692225,0.0155755915,0.02635803,0.1236684,0.057618625,-0.091211505,-0.27394593,0.17689319,0.023938762,-0.15368629,0.3475484,-0.05648464,0.053903062,-0.08816718,0.19563784,0.06479391,0.099256575,-0.13189147,-0.013730767,-0.43945333,-0.044796687,0.11493698,0.0017239513,-0.1478509,-0.15275936,0.06816956,-0.25763923,-0.06806288,-0.38681957,0.150796,-0.012040169,0.16490567,0.63102335,-0.030775605,-1.4564524,-0.06085331,-0.13736473,0.89423937,0.093099385,0.014613602,0.42873424,-0.16460897,-0.2259024,0.5953259,-0.10089942,0.26148486,0.38820475,-0.101798125,-0.03032052,0.059336852,0.04004284,-0.16635439,-0.19145356,-0.009049405,0.00059175625,-0.02166753,0.05093669,-0.48496902,-0.12485478,0.32149777,0.057208713,-0.028812384,-0.050229926,-0.7220357,-0.024929497,-0.06338108,0.14486966,0.034397464,-0.2502109,0.043446943,-0.0053528068,0.03271083,-0.03219919,-0.36472756,0.09424666,-0.13034256,-0.28908807,0.1489667,0.30406356
91,neutral,-0.16101407,0.13900773,0.24331473,-0.08055742,0.037821326,-0.43000713,-0.1277042,-0.007828919,0.09402972,0.15524967,0.046526678,0.011006977,0.079175666,-0.017653182,-0.08563749,-0.33068165,-0.03863428,-0.12618683,-0.10030148,-0.09455104,0.21576792,-0.19398098,0.11122134,0.023239305,0.0054275054,0.08991376,-0.101345144,-0.05384673,0.02661671,-0.007891388,-0.10009259,0.2812885,-0.114203796,-0.045117263,-0.0660503,0.0772683,0.120529756,0.170839,-0.096380696,-0.07167342,-0.35773537,-0.34766456,0.005134087,-0.008503197,0.06614853,0.0006231806,0.19237901,-0.15099017,-0.17190057,-0.5299594,0.037544228,0.286482,0.029251603,0.7002035,-0.16473368,-1.6089025,0.12146887,-0.14733204,1.150494,0.2782357,-0.060519446,0.24463674,-0.06908553,-0.046748623,0.48686495,0.12798584,0.1420399,0.006387047,0.18576363,-0.17981133,0.2848045,-0.15952855,-0.015277729,-0.19126856,0.012342122,-0.15339504,0.040389884,-0.04134526,-0.5677952,0.21010998,0.6351332,-0.041090094,-0.27407336,0.093353756,-0.72295827,-0.12907569,0.07378794,-0.043679588,-0.056677356,-0.27009654,-0.06046234,0.03589162,-0.11696457,-0.15055421,-0.24932915,0.2236432,0.063690685,-0.2818185,0.3745146,0.17718065
92,negative,0.09315429,0.1901908,-0.14616363,-0.24996902,0.16131516,0.32387835,0.0015359487,-0.23810734,-0.12039428,0.3238908,0.087058894,-0.2872692,0.074464455,-0.26352113,0.100093625,0.09594813,0.06611839,0.04634752,-0.1954015,0.0072893407,0.44829974,-0.050830655,0.1337461,-0.094824485,0.099745795,-0.022780959,-0.09600077,-0.29624763,-0.1557532,-0.08608191,-0.009297114,0.58129543,-0.10471309,-0.22991104,0.32096916,-0.029544841,-0.289125,0.02085565,-0.038642764,-0.010709771,-0.24854991,0.004421377,-0.1056316,0.13129124,-0.11393987,-0.3372699,0.06946227,-0.16127914,0.101670735,-0.5132322,0.056032497,-0.045133475,0.027992,0.88551086,0.24449399,-1.8614221,0.18849756,-0.19837603,1.4120969,0.19922532,0.0012164476,0.39756882,-0.067398705,-0.09782754,0.69002336,-0.02178002,0.34620613,0.1713095,0.20642051,0.017914614,0.16147962,-0.2991132,-0.24499995,-0.18249676,-0.07390501,0.10433183,-0.015200291,0.090420574,-0.618535,-0.23764211,0.5541919,0.057546575,-0.17222443,-0.042236853,-1.3638917,-0.41723698,-0.13335429,0.006891329,-0.040056437,-0.36883157,-0.046518132,0.024143506,0.21907277,0.02520042,-0.16523665,-0.31418678,-0.413788,-0.17199226,0.59555376,0.22694379
93,negative,-0.12510322,-0.08864833,0.22466081,-0.26375347,0.10952228,-0.07232927,-0.39164987,-0.07829454,0.082832746,0.31284636,0.13169268,-0.09032102,0.1319135,0.08854047,-0.07048008,0.14001347,0.19710101,-0.1751167,-0.5650632,0.05014356,0.08925243,-0.10429767,0.12906213,0.030749708,-0.16295108,0.07499638,0.09972639,-0.2237771,-0.052840333,-0.06483474,0.21096551,0.27771065,-0.12081597,-0.033631127,0.10139517,0.03806522,-0.00256887,-0.06083164,0.016894566,0.18823618,-0.43017113,-0.20456295,-0.04213036,-0.02760042,0.2162394,-0.18477258,0.113236435,-0.2045564,-0.15762009,-0.5849825,0.40609655,0.079741396,0.0898883,0.9111889,-0.03981744,-1.7049793,0.032648608,-0.18435834,1.6283358,0.33180818,-0.2356223,0.32523492,-0.020584257,-0.31116912,0.6131932,0.12596469,0.123297796,0.34168148,0.4083236,0.13054204,0.05412064,-0.24494536,-0.1432673,-0.27976832,0.20349926,0.021425277,-0.063384995,0.021787416,-0.8182577,0.15537949,0.6277566,-0.14348604,-0.23483387,-0.032161254,-0.94128054,-0.16424492,0.20808855,0.103460684,-0.044283874,-0.12585509,-0.04449352,-0.050582,-0.020361425,-0.039070833,-0.25876418,0.10472653,0.081544556,-0.23171674,0.3969202,-0.012529966
94,negative,-0.109625466,0.11728624,0.23351778,-0.08578476,0.01720357,0.06126187,-0.25539017,-0.15493019,0.21381336,0.082044154,-0.031396728,-0.09057445,0.10182845,0.104892395,-0.037818752,-0.019039143,-0.016065458,0.07003809,-0.42952192,0.12233638,0.22270247,-0.10193827,-0.040026814,-0.30012766,-0.0023268352,0.029428864,-0.18172209,-0.22471964,0.06266705,-0.059375845,0.14258261,0.38220927,-0.11382401,-0.10218606,-0.009378087,0.10260485,-0.040622156,-0.002023868,-0.0066844467,-0.05683853,-0.33838326,-0.108445495,0.075523034,-0.0929053,-0.07593969,-0.22774325,0.14002436,-0.07720421,-0.2028554,-0.5031993,0.11211306,0.122582726,0.11228512,0.8783713,0.03204763,-1.6146765,0.16731973,-0.25549567,1.2337948,0.15324415,0.001363796,0.34384653,-0.07814752,-0.0097088665,0.66829497,-0.14123392,0.18015742,0.23535016,0.0717407,0.013280146,0.12095532,-0.25027794,-0.024329677,-0.18647566,0.088178694,0.047851373,-0.16108936,-0.038466536,-0.59859866,0.13204518,0.42911997,0.015281184,-0.2586863,0.03809497,-1.0280209,-0.012102885,0.009493103,0.13165615,-0.021865409,-0.3961908,-0.12494736,-0.06970114,-0.015265214,-0.15859203,-0.20507644,-0.07251117,-0.05427005,-0.29301795,0.337985,0.3451574
95,neutral,-0.2154985,0.029257005,0.4180337,-0.25362203,-0.17597254,0.095569484,0.15076555,0.14326411,-0.4140827,-0.042897742,0.081649184,-0.20584261,-0.08658856,-0.13381915,-0.033466782,-0.050017875,0.15597737,0.27446246,-0.46846932,0.15818238,0.2829183,-0.021977693,0.20637448,0.22827365,0.48828247,-0.2341723,-0.27289504,-0.38737962,0.20148815,-0.028789975,-0.30406886,0.32734418,-0.04317891,-0.0010341374,0.041858174,0.19984981,-0.24996454,0.04812169,-0.21297555,-0.2987208,-0.18194462,-0.11925139,0.22393137,-0.16124104,-0.10472126,-0.09236162,0.13847655,-0.42850527,0.22592394,-0.9691776,-0.16317007,-0.17476836,0.20851119,0.8285748,-0.09600018,-2.385245,-0.13426311,-0.29009095,1.1342165,0.6614636,-0.47187063,0.8251261,-0.27888435,-0.41299653,0.25202954,0.117739014,0.15900971,0.6396655,-0.35554665,0.052828167,-0.0689665,-0.33130342,-0.2732782,-0.2671963,-0.2895819,0.03910972,-0.2107566,0.13316722,-0.8091668,0.4439495,0.6021151,-0.25286943,-0.10331334,-0.012789202,-1.1097009,-0.30129302,-0.37952462,0.13880923,0.06439513,-0.39593562,-0.20410052,0.05526306,-0.14141464,0.21707603,-0.44619587,0.1745041,0.156152,0.098536775,0.50960433,0.28559032
96,negative,0.10608321,0.33508125,0.39821953,-0.11415044,-0.15432088,0.24909133,-0.30311307,-0.16153517,0.21703738,0.09128532,-0.0542107,0.106541246,0.05517147,0.09049499,0.0029441887,-0.019101718,0.0429447,0.14361271,-0.4812453,0.22698548,0.28648895,0.05446807,0.08371999,-0.29044822,0.09273614,0.037803818,-0.13410124,-0.28360802,0.28029713,-0.11522108,0.27659145,0.1988657,0.03399976,-0.1093821,0.0036634707,0.10596717,0.020318016,0.02819112,0.046066847,-0.16913134,-0.42791617,0.10037613,0.05702968,-0.306741,-0.18444566,-0.19995093,0.4534319,-0.1766667,-0.34598967,-0.77187926,-0.042388022,0.0054280674,0.18921988,0.9498063,-0.22742982,-1.6203561,0.055074565,0.0017545682,1.1712232,0.120641865,-0.075173765,0.50768095,-0.2904767,-0.27951735,0.7278106,-0.020442031,0.33467692,0.28590465,0.034114454,-0.119757436,0.14837164,-0.29466406,-0.35462317,-0.18049578,0.10992722,0.008535187,-0.18367817,0.070998885,-0.6167397,0.2261041,0.4507834,0.07562406,-0.27234817,0.10707339,-1.0304636,-0.10937172,-0.16502947,-0.033994798,-0.082678296,-0.23142686,-0.07622743,-0.13149093,0.0072529214,-0.08688518,-0.32332906,-0.24898309,-0.28694242,-0.24987131,0.21059847,0.12705402
97,negative,-0.08462102,-0.06599699,0.1310803,-0.15052758,-0.14224459,-0.028678518,-0.15161172,0.015592163,0.020781865,-0.0025081835,0.16386127,-0.037188716,0.06362208,-0.09762618,-0.01562873,0.04956219,0.037522055,-0.048787046,-0.32440728,0.09172533,0.25753993,-0.15170407,-0.11656697,-0.03065698,0.033526566,0.033334278,-0.05491607,-0.14415884,0.035650045,-0.05981148,0.05348251,0.23205042,-0.15569392,0.12608416,-0.020931497,0.092109986,0.08916844,0.016019884,0.16873886,-0.039013352,-0.26197144,-0.14302438,0.11184954,-0.08386624,-0.06732996,-0.054690674,0.08051526,-0.0013956969,-0.013744296,-0.52732855,0.07698211,-0.05533008,0.08257305,0.61745375,-0.007132526,-1.3731426,-0.091090165,0.066729665,0.85588294,0.103653274,-0.115661584,0.30748144,-0.12592751,-0.0012480658,0.3141661,-0.02966543,0.21357864,0.23657212,0.08161712,0.07035725,0.053211585,-0.19427869,-0.1855012,-0.31358922,-0.013348081,0.0019493852,0.12215555,0.034079738,-0.4686304,0.041961756,0.4168224,-0.10537555,-0.1169645,-0.047662344,-0.64836186,-0.1308365,-0.15879095,0.0133426795,-0.035516143,-0.2970561,0.12436979,0.038160186,-0.0648621,-0.015016322,-0.19381195,-0.059092756,0.011491014,-0.114618205,0.2238891,0.056166574
98,negative,0.031833816,0.23668547,0.14586233,-0.19208793,-0.030123515,0.20694101,-0.09516485,0.19718874,-0.058334656,0.2713009,0.02432622,-0.07343894,0.25403562,0.3217999,-0.06875633,-0.17006552,0.10901931,-0.0118413605,-0.4039208,0.29056028,0.24103048,-0.19911571,0.117116325,0.050595623,0.020204732,0.007831465,-0.25670052,-0.25597993,0.13265601,0.13592333,-0.11449487,0.4152672,0.0139791975,-0.026513666,0.08078257,0.06359481,-0.12701616,0.118526176,0.28270012,-0.048143025,-0.28847107,0.07585324,-0.120792836,-0.22604445,0.20726839,-0.036754854,-0.08556642,-0.1173564,-0.11327577,-0.4428542,-0.13231924,-0.040782824,-0.12128382,0.78839344,-0.09941921,-1.5933764,-0.16012292,-0.14439535,1.2954874,0.36447734,0.0694583,0.3586773,0.009258636,-0.09188016,0.48020363,0.011323339,0.14968696,0.20135829,0.08569024,0.12252122,-0.039830472,-0.23287062,-0.18167223,-0.25764492,0.08991679,0.2066437,0.06072867,-0.07804774,-0.52962774,-0.14329158,0.52266574,0.049403407,-0.24296436,-0.11921772,-0.96820915,-0.16065408,0.09802426,-0.06670949,-0.021745611,-0.14475332,0.009724557,-0.079165764,0.062343318,-0.12561491,-0.4357455,0.11077841,-0.08107629,-0.20358601,0.17144531,-0.0136747565
99,negative,-0.025159296,0.01703092,0.17850368,-0.4224999,-0.04653705,0.11844056,0.059739877,0.08857809,-0.16201548,-0.23960291,0.10095881,-0.006962355,-0.12382838,0.058664627,0.03879342,-0.05317452,0.23407765,0.01341971,-0.3525601,0.23261775,-0.01890011,-0.0046877996,0.07160613,-0.051260497,0.22975852,0.029452082,-0.16527492,-0.12610087,0.13339563,0.024587255,0.15889888,0.09397379,0.10668626,0.099588886,-0.0073315916,0.23925808,0.0630623,0.12665728,0.15348987,0.04037145,-0.076243185,-0.026821222,0.23914509,-0.16481937,-0.14416906,-0.07901851,-0.2551197,-0.29425475,0.04796917,-0.35603285,-0.08040398,-0.13580546,-0.050908383,0.3337814,-0.17922232,-1.2793077,-0.1993731,0.0878087,0.3502959,0.07727481,-0.029087165,0.18453637,0.04130366,0.030966498,0.3060649,-0.20676167,0.22131912,0.4053698,-0.044749685,0.02441709,-0.02359819,0.11993442,-0.13396877,-0.25423136,0.028564993,-0.08088099,-0.08586223,-0.05348995,-0.27397916,0.0732571,0.3441147,-0.1333363,-0.19446455,-0.080242656,-0.34072918,-0.07473858,0.05670796,-0.116250016,0.019217698,-0.3344165,-0.07576555,-0.124472305,-0.16234915,0.28805727,-0.091674134,-0.043734446,0.0979151,-0.18165445,0.06492652,-0.16103989
100,neutral,-0.09001401,0.05711037,0.18116716,0.0014622075,0.12447278,-0.03500231,-0.07473776,-0.043645184,-0.14664638,0.1434353,0.062358703,-0.0634267,0.06428357,0.08996229,0.014536258,-0.18661293,0.10287042,-0.15189776,-0.5120826,-0.033967912,0.14342153,-0.13755423,0.24063759,-0.02930908,-0.060702115,0.013448617,-0.14049333,-0.12450849,0.46937302,0.04437909,0.17841063,0.4066513,0.0880632,-0.10698233,-0.19214198,0.14533103,0.06633795,0.09112262,-0.32007924,-0.26498744,-0.395566,-0.08997439,0.4315538,-0.21584255,0.22689119,-0.212537,0.13284944,-0.12841618,-0.02362231,-0.16074063,-0.22492178,0.054456558,0.15373807,0.7795975,-0.07638476,-1.3977091,-0.23318979,0.22583054,1.0260856,0.22451633,-0.22971687,0.15911631,-0.106432915,-0.22850907,0.4178502,0.00521351,0.026818123,0.1312025,-0.07922868,0.19594646,0.17355022,-0.022375882,-0.3446061,-0.47232038,-0.24341112,-0.17614177,-0.015040792,0.22430502,-0.6870276,0.14894015,0.48337293,-0.07668299,-0.24680635,0.050819162,-0.57481265,-0.0787511,0.119174406,0.19808371,0.12099285,-0.7002402,0.2562827,-0.14341885,-0.24195963,0.2851162,-0.64911336,-0.16553713,-0.056580123,-0.3179437,0.07549379,-0.1431519
101,negative,0.08995533,0.23516104,0.46708468,0.022617176,-0.063280515,-0.058746565,-0.15704376,0.08789677,0.14724256,0.04344593,-0.07647643,0.04555782,0.2240857,0.09431072,-0.05080503,-0.025725435,0.11505934,-0.13714145,-0.28721926,-0.01405304,0.33426344,-0.06350627,-0.031992648,-0.033383526,0.19099171,0.19068646,-0.14822741,-0.23042884,0.37918672,-0.010681291,-0.012620344,0.11754943,-0.037067115,0.01742098,-0.0063987286,0.21136525,0.08060571,0.010958951,-0.16936795,-0.13464662,-0.37018982,0.14364636,0.29968214,-0.18471043,0.1043371,-0.13484333,0.1628554,-0.08955313,0.021223078,-0.47414103,0.039877098,0.14949663,0.23642479,0.66454446,-0.21470349,-1.2522001,0.13598484,-0.22781286,1.0876703,0.16063225,-0.09158494,0.36944056,-0.14798854,-0.40380836,0.5676241,-0.021063447,0.20085213,0.27390602,-0.29356486,-0.303855,0.0585999,-0.08150714,-0.15525366,-0.36228436,0.03512101,0.4474456,-0.1996204,-0.11534231,-0.5772219,0.055907715,0.42401382,-0.085954614,0.0008334807,0.075477906,-0.78510493,-0.08106084,0.13488856,0.063622296,0.16651586,-0.19866022,-0.016607001,-0.059173826,-0.18273766,0.13251252,-0.44356155,0.03349964,0.033327706,-0.03478411,0.31573036,0.024462858
102,neutral,-0.085646816,0.1651218,0.25119388,-0.2231497,-0.06983282,0.07714243,-0.18410248,-0.0899427,-0.07989001,-0.085251026,0.31997803,-0.057482995,0.041269973,-0.008188954,0.014417792,0.10204888,-0.21560298,-0.14055967,-0.0920931,-0.08342766,0.240591,-0.016867211,0.08502105,0.031279933,0.12739362,-0.04381239,-0.068743765,-0.07282287,0.07820642,-0.0052016764,0.06736688,0.2837372,-0.12900977,0.1018735,0.024257822,0.042419422,-0.15602355,-0.09535324,0.030064844,-0.21842591,-0.037078828,-0.25442666,-0.22413927,-0.32850826,-0.057556253,-0.24693927,0.16707273,0.013722162,0.07922692,-0.5405442,0.06381156,0.023743698,0.01670126,0.50755286,-0.0772801,-1.444695,-0.019666882,0.15453233,0.6871947,0.20193064,-0.07767331,0.48200986,-0.29208475,-0.06329688,0.32288784,-0.02080644,0.15824682,0.058490925,-0.027897611,-0.21940437,-0.18234496,0.06415102,0.06106807,-0.06233772,0.023636011,0.10068616,0.060947876,-0.11024514,-0.21871898,-0.2610968,0.2828021,-0.20331621,-0.2924087,-0.2691509,-0.57754356,-0.12423731,0.08725543,-0.06350707,-0.045586146,0.057709564,0.052071348,0.23143508,-0.24447103,-0.14815249,-0.29109266,-0.030384922,-0.22287928,0.09319295,0.30154398,-0.006988883
103,neutral,-0.053330354,0.09628378,0.3549917,-0.16931115,-0.21770999,-0.005786352,-0.06028075,-0.10519515,-0.12987228,-0.021316363,0.12210378,0.04464495,0.06570285,0.034090035,-0.107066974,-0.09430408,0.028193709,0.04626896,-0.35095614,0.39104658,0.19508031,-0.09389671,0.18651047,-0.030687122,0.05488038,0.11604599,-0.12692927,-0.33630264,0.280508,-0.028886681,-0.048860975,0.47529745,-0.048160657,0.02742169,0.116055086,0.13381289,-0.13723302,0.100789435,0.13773067,-0.047243115,-0.2139328,0.035979893,0.023692885,-0.28623855,-0.21810016,-0.09294591,-0.1444319,-0.06743796,-0.12145964,-0.5334956,-0.061742682,-0.20842974,0.15339555,0.53429514,-0.1065553,-1.3375039,-0.08203103,0.06436377,0.6272968,0.15048222,-0.03997327,0.1956079,-0.17484915,-0.0020158233,0.4589501,-0.09196468,0.23506723,0.40835372,-0.08769841,0.050721444,-0.024844237,0.04462706,-0.21639979,-0.30379373,0.019828822,0.09345447,-0.071294434,-0.04775122,-0.3458304,-0.14116076,0.2980462,-0.06918795,-0.13865878,-0.2504409,-0.63802075,-0.11735981,-0.10052458,0.021308772,0.021113738,-0.32270935,0.023603722,-0.106628954,0.041223146,-0.060876604,-0.25679627,0.18430547,0.057728466,-0.2653681,0.04830573,0.07026582
104,negative,-0.2352827,0.35031953,0.12888281,0.005008857,-0.13826458,-0.032954503,-0.0039614327,0.07159412,-0.08780603,-0.17233044,0.3579935,0.044791497,0.028154556,0.014081935,0.080215834,-0.021247946,0.058014162,0.11213438,-0.12665002,0.044985894,0.15866174,-0.16336712,-0.27573627,-0.29188684,0.2858325,-0.042134244,0.08989593,-0.053799156,0.1230812,0.052716218,-0.05761891,0.025816197,0.0143339075,0.07713403,-0.07185363,0.123536125,-0.082450874,-0.056613546,-0.06718264,-0.2149525,-0.2030831,-0.09951525,0.038039315,-0.10721611,-0.15327084,-0.3884469,-0.11211325,-0.06272791,-0.063649975,-0.5044602,0.0017781217,-0.14606869,0.23706831,0.6283284,-0.36377084,-1.4468586,0.014589869,-0.09196393,1.1616498,0.09072611,-0.4185325,0.865214,-0.50808924,-0.041516926,0.5028766,-0.010434957,0.19250654,0.14090875,-0.10902342,-0.24685515,0.1855995,0.058352333,-0.045026295,-0.107531734,0.31043744,0.24124968,-0.09833964,-0.06681786,-0.39241335,0.12503164,0.4274042,0.05359323,-0.028249756,-0.011718054,-0.6999661,-0.0898771,-0.11749781,-0.07716737,-0.02388333,0.13059361,0.08311764,-0.2045355,-0.17827713,0.23878771,-0.22570507,-0.14068286,-0.105603255,-0.15867032,0.4515776,0.31816292
105,neutral,-0.03990882,0.26176646,0.504592,-0.023731476,0.21996972,-0.18504554,0.11767129,-0.022288783,-0.14319915,0.009892997,0.17836612,-0.08042345,0.059866372,0.029153198,-0.18665154,-0.17182201,0.13693228,-0.18473947,-0.20339902,0.20528105,0.31189555,-0.05959003,0.099371485,0.007875476,0.21906981,-0.052360307,0.112507425,-0.4003447,-0.10403383,-0.08068353,0.14280246,0.29279462,-0.26479077,-0.110217765,0.15085115,0.11029439,0.2138629,0.11319499,-0.17083913,-0.041837115,-0.29147837,-0.2856907,0.07832403,-0.17551075,-0.03964134,-0.25006717,0.14206482,-0.078051046,-0.08831,-0.5912498,-0.0028335096,-0.069968484,0.14320365,0.5588278,-0.17109357,-1.9868044,-0.13783222,-0.12269651,1.3901829,0.29403988,-0.12424877,0.24214278,-0.29942828,-0.10502252,0.55182517,-0.0028658574,-0.0903093,0.4146054,0.09232005,-0.24064416,0.10954298,-0.021212596,-0.30199146,-0.30845627,0.017136177,-0.15848924,-0.13830365,-0.11048166,-0.75056016,-0.21295647,0.46569788,0.07008372,-0.10501078,0.02243979,-0.7519023,0.011617915,-0.09166585,-0.13256548,0.05661975,-0.17958339,0.024170898,-0.16559626,-0.31667927,-0.07716533,-0.5377929,0.2713677,-0.18310058,-0.016216582,0.6568648,0.26785856
106,neutral,-0.18693262,0.080269724,0.33428338,-0.10894171,0.13475357,0.11418759,-0.43528727,-0.033137597,-0.12065701,0.56927234,0.10238282,-0.18001196,0.44073227,0.37879947,-0.14988413,-0.026592098,-0.2179179,-0.5211701,-0.66949576,0.3634893,0.34071982,-0.2687835,0.29486084,0.0040241643,-0.24228574,0.13518153,-0.0849207,-0.0007808376,0.5298132,-0.010631267,-0.07749012,0.09799016,-0.005286278,0.0067011206,0.0048801284,-0.044810504,-0.071419984,0.046020377,-0.031670168,0.17159286,-0.6232241,0.20676893,0.42476496,-0.41432148,0.21605188,-0.4279297,0.17505486,-0.14176509,-0.15551133,-0.67505634,0.06624114,0.47100398,0.33457774,1.1922137,-0.34795848,-1.6599306,-0.46017686,-0.31438515,1.4190592,0.1982979,-0.24512249,-0.014066736,0.18944623,-0.3411369,0.47351003,0.44987622,-0.121692896,0.4882874,-0.24887662,0.12609613,0.18499105,-0.64699566,0.0072314586,-0.5510088,0.13451849,0.3187757,0.14420356,-0.014654589,-0.7259309,0.3582176,1.0248424,0.21585318,-0.37962723,-0.059314728,-1.0036637,-0.15071826,0.016820796,0.05865437,-0.16673541,-0.35117128,-0.09497936,-0.036137294,-0.09186078,-0.30665636,-0.5815914,0.11701005,0.026739681,0.010891985,0.34084153,-0.17224383
107,neutral,0.14292698,0.022287002,-0.06492916,0.045701317,-0.16016509,-0.09394923,0.1764251,0.040287394,-0.18190482,-0.4057146,-0.27690777,-0.17473902,-0.33460313,0.48912916,-0.018921565,0.09523176,0.38429368,-0.043811675,-0.19329304,-0.008505215,0.058478367,0.19388382,0.34494486,-0.04179945,0.23815227,0.12748785,-0.092025295,-0.15528484,0.16576211,0.14440978,0.09989174,0.15923287,0.24980204,-0.19709438,-0.016256884,0.25574818,0.11926968,0.22735152,0.35008797,-0.32555336,-0.010795601,-0.14403944,-0.1338038,-0.039782476,0.060920626,-0.08906626,-0.29239106,-0.30101246,0.08351759,-0.3911345,-0.15293188,-0.05572157,-0.29532495,0.22959955,-0.27015415,-0.9952382,-0.49931896,0.01780297,0.3516914,0.2310531,0.04214874,0.18449391,0.0038306636,-0.058160882,0.06546861,-0.48416016,0.36743447,0.33843356,0.22949411,-0.13337749,0.1209599,0.2174424,0.1833537,-0.13008544,0.024881216,-0.08196202,-0.05804542,-0.166963,-0.33337343,0.21348596,0.16802976,-0.11093006,-0.3711324,0.009541668,-0.46823874,-0.037377115,-0.14914513,-0.33261427,0.08658451,-0.1680095,0.32564807,-0.24125712,-0.15643248,0.23276252,-0.16955492,-0.22099318,0.058238298,-0.25198033,-0.04358371,0.38717085
108,neutral,-0.44016615,0.017374167,-0.061444096,-0.052888915,0.01544269,0.024197057,0.21372359,0.1305498,-0.16748029,0.4345013,0.25612608,-0.19876769,0.3057961,0.2534947,-0.028479407,0.046919573,0.10650191,-0.28721994,-0.5174131,0.10838652,0.42240033,-0.25871098,0.11868434,-0.026591428,-0.14560474,-0.028403314,-0.08983841,0.06839594,0.28827837,0.08372595,-0.14817311,-0.011241818,-0.23400101,-0.029528849,0.28369722,0.07381721,0.041039716,0.15956919,0.15056702,0.07159833,-0.34879956,-0.02834605,0.31392282,-0.03398183,0.4289825,-0.10262009,-0.062545754,-0.07246623,-0.067749895,-0.3540134,-0.13205074,0.22289033,-0.008229553,0.91359866,-0.16736604,-1.4344808,0.09577755,-0.2679088,1.4555022,0.45939234,-0.02160953,0.5973226,0.14622398,0.056412973,0.5337089,-0.050046075,-0.3242714,0.20854476,-0.034888238,0.49592158,0.18094482,-0.7254318,-0.32716414,-0.18800719,0.16765969,0.21663211,-0.124965586,0.21944395,-0.7603801,0.105983905,0.58358264,-0.21175449,-0.055711754,0.22785413,-0.71929026,0.046898123,0.29738602,-0.07883443,0.09415091,-0.043434996,0.046275403,-0.034558285,-0.089167714,0.14912382,-0.48580936,0.13801007,-0.0049299146,-0.0091102505,0.24671322,0.01938158
109,neutral,0.15829498,-0.0047398554,0.3252139,-0.37501732,0.041342713,0.081088446,0.044798326,-0.029189728,-0.26105866,-0.14170259,0.016685149,0.0997265,-0.16045092,0.09566508,0.16759242,-0.26076755,0.25648746,0.29963434,-0.12103469,0.21948588,0.2783703,0.09624798,-0.060974397,0.19103606,0.5020948,0.36499226,-0.4399416,-0.42839304,0.5958863,-0.1881422,0.16820237,0.5713283,0.30515856,0.22021496,0.19027688,-0.032627076,-0.08897881,0.06830722,0.19864494,-0.076768205,-0.14255811,-0.118451245,0.25268534,-0.17933981,-0.11136155,-0.06910054,0.26621103,-0.1213562,-0.4385335,0.19135398,-0.18837887,0.41175178,-0.29921305,0.43003553,-0.23365442,-1.6504064,-0.30584943,0.21688871,1.1633759,0.45689797,0.056584872,0.73043066,-0.232036,-0.0059466804,0.33114085,-0.048145946,0.0009561574,0.13508159,0.08305227,0.22776882,0.3077067,0.100530505,-0.14924625,-0.77492267,0.14430718,-0.1758526,-0.3742433,0.31394506,-0.5095374,0.11212824,0.12162333,-0.03902465,-0.6730185,0.17847386,-0.36310586,-0.0982032,-0.2021166,-0.064348325,0.14893766,-0.5231048,-0.27635822,-0.4836121,-0.011580709,0.19317834,-0.36788216,0.29234797,-0.39299214,-0.30346346,0.29592147,-0.041813765
110,neutral,-0.16370727,0.26833218,0.35518324,-0.059637975,-0.11483468,-0.17559189,-0.06880343,-0.06933843,-0.09157508,0.0014057896,-0.060329594,-0.030221205,0.0475085,-0.08044217,0.111431316,-0.1933043,0.07680768,0.034647554,-0.27487412,-0.0049704374,0.15068626,0.086893074,0.0046175127,-0.17102234,-0.043315787,-0.015933618,-0.19110942,-0.20093833,-0.01548539,-0.12044751,-0.058611255,0.24154556,-0.18368037,-0.045631297,-0.13271196,0.04393069,-0.061162505,0.029049018,-0.040493075,-0.25159755,-0.38318545,-0.14131275,0.08113915,-0.19116081,-0.012607425,-0.064394906,0.2767718,-0.06635081,-0.21846548,-0.6573591,0.019964807,-0.07920023,0.053726036,0.7811952,-0.0069565396,-1.7993717,0.11167035,-0.051944178,1.3333321,0.36372766,-0.16311239,0.57653946,-0.31192377,-0.11733637,0.554139,0.005264515,0.05016277,0.08972784,0.2690606,-0.14101765,0.024474826,-0.04198337,-0.14047544,-0.24510743,-0.039161265,0.004892673,-0.17334858,0.09875738,-0.64545316,0.08505917,0.43555567,0.028826514,-0.39210606,0.05407925,-0.992334,-0.01037603,-0.03410574,-0.11149537,-0.14253747,-0.28044435,0.29018542,-0.045675043,-0.15082724,0.02667713,-0.29271677,-0.008139496,-0.09031932,-0.17787041,0.2816416,0.021612365
111,neutral,-0.20393924,0.07631111,0.22359085,-0.13568877,-0.024444291,-0.1414855,-0.012125804,-0.08973434,0.10057162,0.1302171,-0.03280761,-0.020202836,0.10145826,-0.16404536,0.03953478,-0.16777004,0.07648837,0.050449383,-0.20899686,0.106529355,0.24566525,-0.092705,0.183179,-0.14651017,-0.02898133,-0.07961703,-0.031871147,-0.21837203,0.10654412,-0.05262921,0.032715857,0.39120272,-0.21958525,-0.08725831,0.045819666,-0.067746,0.14230517,0.09002117,-0.11629792,-0.1132851,-0.40810534,-0.017680397,0.10535173,-0.20987998,-0.06043561,-0.29582572,0.27852285,-0.12727639,-0.15717362,-0.5253923,0.14506114,-0.035971526,0.11253014,0.72602516,0.1753465,-1.7673415,0.173655,-0.017614257,1.0181799,0.36834383,-0.02768025,0.30970117,-0.20244092,-0.10862575,0.6175189,0.16795057,0.23394911,0.23423293,0.066330455,0.052758083,0.16570657,-0.12432358,-0.21077405,-0.19973858,0.027262535,-0.10885951,-0.10677088,-0.045670856,-0.6712657,0.093232326,0.4530455,-0.00075029634,-0.34562638,0.074754514,-0.90486354,0.09371097,0.15518452,0.03406738,-0.013435112,-0.34611067,0.043467827,0.015988829,0.05487407,-0.04431154,-0.1992558,0.13354538,0.010466017,-0.19164272,0.33282015,0.22033808
112,neutral,-0.19552022,0.23055756,0.08421616,0.0049169566,-0.008684906,0.0752051,-0.049747538,-0.33585337,-0.034524564,0.4394175,-0.0054327087,-0.1396093,0.2205906,0.085256085,-0.044613134,0.017731905,-0.08750588,-0.16372728,-0.22114493,-0.03437228,0.37574682,-0.2625884,0.18308236,-0.119622044,-0.051205546,0.06719773,-0.19835365,-0.30773064,0.22624604,0.02995743,0.00295649,0.24328005,-0.13016039,-0.12967238,0.23917769,-0.011603938,-0.066271916,-0.17604476,0.15921547,-0.052349497,-0.20109074,0.0025399737,0.1030211,-0.16404887,0.09400575,-0.18444195,0.15503831,0.110314205,-0.14169633,-0.32413566,0.011233301,0.12517215,0.08511738,0.82834804,0.17942281,-1.4411603,0.031185314,-0.08084955,1.1382194,0.36513525,0.009254508,0.36197293,0.029111579,-0.19339561,0.5902719,0.13767128,0.18800452,0.092795454,0.054152653,0.0989265,0.13837896,-0.35139266,-0.24885838,-0.14456004,-0.03231661,-0.23443148,-0.02726054,0.02436358,-0.55995375,0.10252722,0.5000187,-0.116251506,-0.20859069,0.12129454,-0.88310945,0.1947608,0.028789291,0.061024953,-0.10736676,-0.21238786,0.009654787,-0.06488423,-0.094125085,0.21572186,-0.33075285,-0.19266264,-0.10165972,-0.21930264,0.40638268,0.17098898
113,negative,-0.020812621,0.21784438,0.13429345,-0.21439287,-0.0082393205,0.20893249,-0.0678978,0.19708063,-0.10031023,0.23608199,0.033549473,-0.0407689,0.228584,0.3076849,-0.032512333,-0.15177324,0.1320002,0.029389454,-0.4412385,0.23425731,0.3567232,-0.25330475,0.1072517,0.00468744,-0.020751417,0.01417344,-0.2643154,-0.29776978,0.16811875,0.08240232,-0.13495657,0.3852802,-0.05613774,0.014184051,0.124056146,0.055123523,-0.17179076,0.12191005,0.26143742,0.03638826,-0.32350233,0.027164916,-0.11419739,-0.22720231,0.2445235,-0.06272055,-0.089527555,-0.17546166,-0.14533001,-0.4801578,-0.11646518,-0.06145363,-0.11076652,0.8182538,-0.10713132,-1.7186083,-0.17759605,-0.14791034,1.3950225,0.39210802,-0.0056687137,0.44964746,0.028768979,-0.10400299,0.5003511,0.010120907,0.17323671,0.19638309,0.024769273,0.0826872,-0.030957837,-0.25798568,-0.22491568,-0.25921276,0.10560795,0.21896537,0.041700613,-0.023723684,-0.5493444,-0.13195719,0.60399055,0.040148407,-0.30376124,-0.124635965,-0.99708503,-0.20703314,0.13891457,-0.054680273,-0.055271942,-0.12467155,0.0073719844,-0.107255995,0.008877665,-0.16143626,-0.4477393,0.07816132,-0.101860605,-0.1820048,0.19302078,-0.001535543
114,negative,-0.058194734,0.12956493,0.33492026,-0.22013476,0.20518124,0.29322842,-0.09624979,0.056788135,0.16286567,-0.06806327,0.18879053,-0.05845696,0.096422,-0.043704644,0.22072697,0.09243405,0.14727342,0.0741349,-0.27134663,0.2800252,0.23935421,-0.061164513,0.031001134,-0.049809676,0.23436037,-0.055238146,-0.086464085,-0.27168816,0.26476657,-0.1730592,0.1544388,0.45851818,-0.11951022,0.1885782,0.16360685,0.094885156,-0.14367767,0.07085704,-0.048604213,-0.2697549,-0.19107115,0.050141215,-0.077356026,-0.07079929,-0.06450029,-0.011721649,0.018579599,-0.48478776,0.10243214,-0.6535934,0.12153646,0.0059913923,0.08823375,0.7395603,0.055587053,-2.1335099,-0.17699283,0.024787983,1.3682574,0.24113838,-0.09982414,0.831142,-0.12612504,-0.19467199,0.6107189,0.011597236,0.4031525,0.253901,-0.10793989,0.051895306,0.04009176,-0.058275335,-0.12825799,-0.1828889,0.01863206,0.049041823,-0.1361933,-0.047567744,-0.48172852,-0.13255799,0.3918175,-0.074037634,-0.13370372,0.13601696,-1.2233343,-0.08869717,0.038765665,-0.27391014,-0.034661714,-0.21109974,-0.09598098,0.1391514,0.06580994,-0.06886309,-0.15567848,-0.14961372,0.037198685,-0.16976097,0.42352888,0.08505097
115,neutral,-0.020862397,0.16863893,0.68426996,-0.07833842,-0.4354114,-0.015070265,-0.10700287,-0.23358175,0.28716502,0.035682436,0.14971228,0.399139,0.3778717,-0.068723775,0.100452706,-0.10400011,0.087707914,0.43094304,-0.40453893,0.6002702,0.05103309,-0.24992013,-0.21294056,-0.53530955,-0.26894137,0.014695153,0.22849289,-0.5102178,0.17647056,0.047571495,0.088362776,0.41170514,-0.058605555,0.08406335,0.13394615,0.10663286,-0.30583104,-0.055127062,0.08158329,-0.35442522,-0.44455054,0.15730116,0.1713098,-0.3265495,-0.29211923,-0.1951851,0.37001142,-0.39769894,-0.3531688,-1.0112046,0.6250804,0.09391153,0.2976973,0.59471697,0.044654757,-1.8688616,0.055210993,0.13787527,1.1512302,0.12451911,-0.24973443,0.59939563,-0.35070854,-0.1632108,0.74250484,0.15382369,0.35142878,0.49834457,-0.31655407,0.021013767,0.039022602,-0.23341565,-0.13493858,-0.5647676,0.4949898,0.013196668,0.103462905,-0.47062126,-0.77262473,-0.0465581,0.115738764,0.0024773395,-0.321786,-0.074896954,-0.9557639,-0.4893672,0.10306995,0.14622156,-0.19292545,-0.100413315,0.08687773,-0.15549849,0.11354665,-0.15331449,-0.3775656,-0.12094478,-0.41892648,-0.14541385,0.11632796,0.32890725
116,negative,-0.17617561,0.24125473,0.15499175,0.13611211,0.12467822,-0.25538087,-0.23656037,-0.019898739,-0.010786514,0.45508033,-0.074760556,-0.16721988,0.28286067,-0.10034721,0.12797119,0.06442378,-0.29573506,-0.25077522,-0.45075968,0.10600169,0.3268293,-0.10258243,0.18765952,-0.15121667,-0.039903637,-0.11922313,-0.032863185,-0.029257987,0.2353899,-0.079811506,0.1061851,0.11136364,-0.070470534,0.08860905,-0.0038335125,0.07429878,0.1541336,-0.014121019,-0.25788096,0.18948342,-0.43127877,-0.08393127,0.29587102,-0.05113981,0.23669411,-0.3039254,0.44776604,0.12233978,-0.047294274,-0.34383515,0.3365156,0.14467208,0.15431407,1.0054802,-0.12223491,-1.8341739,0.042923875,-0.27352506,1.4153886,0.24759752,-0.0966577,0.37222975,-0.037564028,-0.14862642,0.5014777,0.07774446,-0.19519562,0.112309426,0.030211529,0.16267666,0.27814937,-0.41509047,-0.25691432,-0.30949104,0.20505553,-0.118450366,0.043078575,0.029548284,-0.78785837,0.04033686,0.7803229,0.105665356,-0.1871609,-0.13351062,-0.9315548,0.04011007,0.07223616,-0.001193912,0.002776401,-0.09923396,0.1126273,0.13735832,-0.2833805,-0.12453028,-0.5563791,0.14128806,0.0837691,-0.10864066,0.6862148,0.30042526
117,neutral,-0.16327552,0.14299601,0.26815212,-0.2597273,-0.018535914,-0.20188113,0.027048789,0.17645815,0.06020678,0.114420265,0.13982356,-0.094550125,-0.04790312,-0.11674636,0.005759832,-0.18117422,-0.06757853,0.14842837,0.028930815,0.09004148,0.3424637,-0.035350136,-0.096925125,-0.044316005,0.1370696,-0.01396444,-0.18390994,-0.3058814,0.30173647,0.012213975,0.017004902,0.29507372,-0.057479464,0.060034953,-0.0029067376,0.30842564,0.14015077,0.015526721,0.12299382,-0.21202715,0.18405066,-0.18152137,-0.10365606,-0.19286075,-0.08560792,0.06773313,-0.07102414,-0.25296265,-0.14981706,-0.64209265,-0.001301102,0.03572237,-0.14960569,0.66587234,0.008692425,-1.2258848,-0.080126844,0.13143909,0.98702484,0.22423686,0.18227169,0.22093907,-0.22265416,0.17059967,0.47974956,0.19653569,0.36920288,-0.17656669,0.22814114,-0.11788439,0.089764245,-0.15005733,0.026162606,0.054028854,0.028822135,0.11586071,0.22271378,-0.14716996,-0.3661148,-0.12362463,0.24104491,-0.019860366,-0.16935489,-0.18594141,-0.508545,-0.31759024,0.038708225,-0.3497072,-0.2520606,-0.13256708,-0.016269872,0.107395254,-0.09991864,-0.09065317,-0.2801035,-0.0051861512,-0.015161739,-0.15877625,0.44449884,-0.17358473
118,neutral,-0.21764888,0.05281396,0.19799218,0.08751898,-0.01794495,0.04617876,-0.12983884,0.07549912,0.13570969,-0.08880728,-0.10947936,0.075856045,0.026686685,0.15494831,-0.05252217,0.05526196,-0.0073161637,-0.20509677,-0.21573438,-0.03749328,0.12589505,-0.13247305,-0.05930142,0.050842356,0.029577885,-0.055128925,0.10047665,-0.13201237,0.2719706,-0.18798274,-0.27362743,0.09654013,-0.012401242,0.032328747,-0.016746204,0.20386963,0.17222114,-0.00805765,-0.117531076,-0.17116416,-0.381009,0.04781505,0.07800575,-0.13908315,-0.1168044,-0.13148947,-0.1119884,-0.005156461,-0.11429574,-0.35521722,-0.07761997,0.069353096,-0.055376098,0.49181235,-0.18241999,-1.0366752,0.005523949,-0.1595878,0.6443391,0.019675499,-0.15839949,0.12396422,-0.12989244,-0.37709475,0.45989344,0.037695985,0.022655936,0.31912664,-0.16794752,0.015065373,0.16901858,-0.16065104,-0.34292322,-0.5787693,-0.067730695,0.08845379,-0.07599604,0.0715155,-0.4220619,-0.16562398,0.15409993,-0.2383609,0.17821668,0.03953495,-0.7661717,0.090562485,-0.060261842,0.12968874,-0.05560599,-0.2979682,0.074968904,0.057673,-0.20241795,0.19900556,-0.018856112,-0.015239423,0.08121738,-0.107571244,0.26368338,0.23382443
119,neutral,-0.108357504,0.38141268,-0.15494028,0.23537338,0.019305576,-0.35068488,-0.111414105,0.023924997,-0.15594937,0.2641625,-0.15353285,-0.44721043,-0.021114714,-0.12974855,0.076354496,-0.25709286,0.37686002,-0.028853744,-0.44417554,-0.036764372,0.08533572,0.12097949,0.31589988,0.05353681,0.4049946,0.29037702,0.029179921,-0.33346426,-0.011112877,0.20239091,-0.3908077,0.47588316,-0.37707302,-0.10341009,-0.053289756,0.16555867,0.43984693,0.0919081,-0.37265676,-0.12270103,-0.23882899,-0.40020177,-0.1776889,-0.03879965,0.26862454,-0.08350383,0.22990356,-0.103902444,0.0424831,-0.7373377,-0.15058409,0.23015593,-0.17895016,0.92032415,-0.009628898,-2.124137,-0.059421953,-0.2816581,1.7736653,0.1858769,-0.1415421,0.3333109,-0.24948438,-0.037520625,0.60477716,-0.048584506,-0.09668881,0.40224016,0.3920609,0.09589644,0.54010165,-0.33352047,-0.18189426,-0.419155,0.06359797,-0.22363573,-0.34078023,0.12871812,-0.6638997,-0.10613124,0.7967853,-0.09169054,-0.05229617,0.43210745,-0.89206594,0.08630179,-0.08089266,-0.075200036,0.33118632,0.000875149,-0.31937158,0.31984442,-0.102030255,-0.35307977,-0.46597576,0.15069221,0.15351766,-0.049427066,0.5818449,0.32499072
120,negative,-0.07452941,0.25269544,0.31230846,-0.25097597,-0.014218524,-0.03858039,-0.11475938,-0.05947146,-0.013611158,-0.03986051,0.043889064,0.10074475,-0.015353872,-0.054412667,-0.0050706505,-0.013939177,0.25992802,-0.030104233,-0.24189371,0.039198067,0.120795466,-0.074819095,0.07110684,0.0654567,-0.04654097,-0.079201214,-0.1528715,-0.1052454,0.18936627,-0.029948102,-0.032142375,0.20902787,-0.058241677,0.023379346,-0.015388003,0.087656446,-0.01201049,0.071370676,-0.08165402,0.05062176,-0.36375517,-0.21081874,-0.12461824,-0.15592736,-0.044193294,-0.10933637,0.13594173,-0.07193637,-0.27424842,-0.4102878,-0.061622318,0.02667025,0.10692777,0.64087665,-0.05648508,-1.5289197,0.04802407,-0.08840404,1.0878382,0.21122588,-0.0036378328,0.16954125,-0.09948814,-0.10399725,0.6752529,0.21004401,0.031691942,0.037417985,0.19864428,-0.09749763,0.14020197,-0.06359829,-0.20966245,-0.29728812,-0.20961426,-0.083969355,0.03385539,0.12796707,-0.53070545,0.11202478,0.35442665,-0.043931734,0.041097783,-0.017394116,-0.67100453,-0.08158328,-0.31710505,-0.018276442,0.2549422,-0.3281991,-0.026236333,0.008348828,-0.007917975,-0.023057545,-0.023621349,0.06579178,0.021369405,-0.026632957,0.4476016,0.16214043
121,neutral,-0.008969349,-0.02914387,0.2542538,-0.35682645,0.093168326,-0.032891884,0.017886017,-0.02500804,-0.19680685,-0.018346053,0.063603565,0.023485873,-0.035353273,0.011030082,0.010699576,-0.014067516,0.072671935,-0.2891097,-0.4329407,0.015675984,0.17751752,-0.04545803,0.17739667,0.12586118,0.0287812,0.050098173,0.07533085,-0.20903422,0.15009278,0.06439294,-0.08728788,0.18724675,-0.100716166,0.28759196,0.038306717,0.042088404,0.010298965,0.02622085,-0.031691678,-0.11470189,-0.66331834,0.07564992,0.15949745,0.020495879,0.162861,-0.18333489,-0.00066881493,-0.3205629,0.007314154,-0.22107442,0.2902324,0.035230447,-0.09730807,0.5881872,-0.13818388,-1.7572157,-0.11919649,-0.11455899,1.1636974,0.37005436,-0.17727768,0.41265845,-0.09555733,-0.18921208,0.6138502,-0.1278874,0.043399654,0.23828405,-0.099345684,0.06699793,0.04905198,-0.024681285,-0.26609665,-0.22289124,0.03321598,0.005346857,0.14937498,0.018869216,-0.7032106,0.04076263,0.5294551,-0.15770498,-0.11185946,0.1295604,-0.8106398,-0.09762309,-0.009390071,0.09359969,-0.16631387,-0.29695898,0.05592573,-0.006637761,-0.012606624,0.121617556,-0.15728432,0.38440642,0.04465678,-0.024314247,0.31973502,0.005878945
122,neutral,0.09189914,0.12396381,-0.26927084,-0.35966668,0.7339884,0.08489645,-0.34606823,0.07211216,-0.4310235,-0.059405547,-0.20289609,-0.37122488,0.36362532,0.06714634,0.15414035,0.48710048,-0.027978191,-0.014038741,0.22693907,-0.29397655,0.09316085,-0.008562396,0.3080916,-0.67093253,0.5724698,-0.10400062,0.23896106,0.05558851,-0.09230289,0.05944416,-0.104171194,0.33002263,-0.15586087,0.14458443,-0.2010244,0.28199032,0.006449614,0.098976664,-0.10857117,-0.26534462,-0.123170935,-0.47622845,-0.27636042,0.025297718,0.04599478,-0.07763706,0.18556829,0.17288505,0.39236912,-0.061829206,0.11600669,-0.29720277,0.39929762,0.64193493,-0.31106833,-2.2610247,-0.20515633,0.1318784,0.7261886,0.044647403,-0.12491565,0.9807086,-0.6033807,0.01098955,0.7662262,-0.09835464,0.44211861,0.13826089,0.16483608,-0.007797541,0.10402842,-0.09399975,-0.29903316,-0.39517513,-0.021040339,-0.063277304,0.38689086,-0.031733565,-0.518513,-0.2713543,0.16469112,-0.027241524,0.35477078,-0.0982329,-0.7079699,-0.38661388,-0.2795522,-0.028652864,0.33450562,-0.17160292,0.42019528,-0.168945,0.4869134,0.038814977,-0.51610565,0.10587067,-0.35056442,-0.2000594,0.23046345,0.16117683
123,negative,-0.18275116,-0.071977645,0.30064157,-0.23290752,-0.15402932,-0.20388287,-0.19772089,0.07022519,-0.07901411,0.0037832942,-0.031725824,-0.073767126,0.030735433,0.037612934,0.15953639,-0.05696785,0.03843861,0.039038584,-0.2959287,-0.12804711,0.14000478,-0.014861516,-0.24216299,-0.060884178,-0.08277459,0.19006501,-0.083639905,-0.08785346,0.17018227,0.01312246,0.07113595,0.3840311,-0.22808287,-0.029800309,-0.2333148,0.17601082,0.005074122,-0.046979137,0.08333457,-0.109412156,-0.17256325,-0.3227398,0.06553777,-0.1453186,-0.015292158,0.113009855,0.037006512,0.006778279,-0.16850837,-0.5078419,0.11860631,0.1148826,0.07327567,0.6174248,0.03633711,-1.4910264,0.15847285,-0.22542034,0.67763585,0.16788125,0.12185683,0.23648183,0.08273012,0.018950453,0.47984347,0.037777897,0.2954009,0.310252,-0.028883604,-0.074094646,0.19558282,-0.027587138,-0.047881614,-0.31643328,-0.07869714,0.047090776,-0.07909663,0.23010838,-0.3716565,0.008279663,0.5680561,-0.07998687,-0.22310266,-0.00018635191,-0.50980324,-0.35048386,-0.005055366,0.26178494,0.03307937,-0.3338937,0.022970997,0.032309167,-0.15308183,-0.022652596,-0.28967467,0.1358362,0.21673788,-0.05069317,0.12887657,0.16395509
124,negative,-0.28381008,0.23920484,0.25088087,-0.11281339,-0.21467377,0.17228362,-0.28569236,-0.026347963,-0.010836874,-0.11941431,0.06407825,-0.08343537,0.19756998,0.18157002,-0.023953639,-0.28713894,0.27414563,0.19494295,-0.5324336,0.1322549,0.079537556,-0.054841515,0.14638859,-0.12414036,-0.15170386,-0.072402194,-0.16299656,-0.41235024,0.12472883,-0.19870287,0.025553437,0.5846174,-0.080953136,-0.102995574,-0.009020937,0.37359494,-0.012985035,0.154443,0.13015509,-0.052775856,-0.3771992,-0.100101404,-0.007868347,-0.3266034,-0.39070895,-0.16148211,0.013521133,-0.1455459,-0.08477098,-0.54920834,0.26124096,-0.14537767,0.07680315,0.72360235,-0.008127401,-1.7026693,0.0103834495,-0.05050501,1.1031092,0.4746379,-0.06549253,0.5581107,-0.053353645,-0.2304204,0.70996755,-0.13231209,0.62016976,0.47671777,0.013825702,-0.03181981,-0.13865404,-0.011716818,-0.08359621,-0.39540967,-0.030530946,-0.09274867,-0.22505157,0.18864645,-0.5146284,0.1624332,0.3896033,-0.03530615,-0.27398008,-0.3035339,-1.2780222,-0.24762851,-0.22253905,-0.036946166,-0.040412277,-0.47877476,0.105844595,-0.2403939,-0.0022233764,-0.051650275,-0.22430587,0.11868202,-0.22628817,-0.428294,0.22901759,0.14848216
125,neutral,-0.2010214,0.4667566,0.50696254,-0.26058704,-0.37220454,0.3523895,-0.45431036,0.31972766,0.3046854,-0.38862512,0.15828158,0.16645914,0.20150821,-0.055068273,-0.3715094,-0.35381514,-0.098848216,0.468327,-0.79794264,0.3677693,-0.052453604,-0.20243306,0.004683784,-0.6178777,-0.36910972,-0.053559337,-0.18120119,-0.32638907,0.7695676,-0.13237134,0.098489836,0.7404056,0.0026426646,0.4606433,0.18860771,0.5738254,0.02642848,-0.054705556,0.47027692,-0.50906265,-0.5999563,0.040721983,-0.10961737,-0.368136,-0.7503995,-0.4899709,-0.030197347,-0.32229337,-0.113409236,-0.98656315,0.37262285,-0.018430123,-0.037471578,0.8586683,0.06301656,-1.4785111,0.15701504,-0.089904815,1.3165752,0.24416085,0.056426723,0.6658667,-0.4828328,-0.6502862,0.7542868,0.29917064,0.41219938,0.67044765,-0.2933305,-0.40057242,0.22691995,-0.38302118,0.17954321,-0.68894124,-0.13390939,0.077863336,-0.1979756,-0.10346477,-0.24964608,-0.42424494,0.73815393,-0.2821488,-0.44941792,-0.06675899,-1.6929086,-0.19207829,0.0034852293,0.18786325,-0.22422484,0.12655643,0.03602091,-0.112034164,-0.2426491,-0.42378017,-0.5456367,0.053990323,-0.23917717,-0.52770144,0.37522048,0.48291743
126,negative,-0.21928519,0.1791628,0.28329757,0.021190638,-0.078081,-0.114477254,-0.16214679,-0.14239849,0.047158085,0.050911114,-0.015326906,-0.023363631,-0.048407126,-0.015446814,-0.031355135,-0.33735943,0.047360945,0.119911306,-0.31828833,0.15720256,0.18237565,-0.09170797,0.072674446,-0.022240495,0.050809786,-0.00703375,-0.12205647,-0.25194743,0.08267737,-0.17145713,0.06822493,0.28093845,-0.18830918,-0.03847382,-0.08200504,0.12845999,0.053601157,0.0319657,-0.10178533,-0.039313536,-0.25856963,-0.09314779,0.05393557,-0.016510233,0.016435755,0.0066023353,0.19036698,-0.047097698,-0.18472852,-0.50295144,0.06550859,-0.024361322,0.18129039,0.67357695,0.030280994,-1.3723729,0.034541465,-0.030561179,0.8778125,0.10401145,-0.068443455,0.32369202,-0.03274503,-0.044778563,0.3421824,0.13788767,0.22118767,0.18824027,0.06844295,-0.25011623,0.1412378,-0.19838428,-0.3104292,-0.07039777,-0.04530943,0.0029047867,-0.113794774,0.19806266,-0.5460738,0.03700243,0.35252348,0.009956519,-0.18011388,0.10593843,-0.6873543,-0.11285794,-0.037151944,0.09390671,-0.037922204,-0.57721704,0.056348078,-0.06902829,0.06753154,-0.09908092,-0.30258766,-0.030531008,0.07470417,-0.27721837,0.27124938,0.023614332
127,neutral,-0.17510688,0.28606963,0.14879039,0.01427081,0.5184887,-0.39750805,-0.30514884,-0.12913336,0.41966757,0.23938546,0.19200139,-0.21697864,0.10171612,-0.025189241,0.27202445,-0.19178832,0.3084469,0.124276794,-0.1468201,0.08674539,-0.14923139,-0.19015875,0.50667506,-0.04461401,-0.09003932,-0.46592277,0.40391216,-0.09390782,-0.1159124,0.26456994,-0.11959765,0.35316116,-0.24118336,0.045911316,0.47217494,-0.1891455,-0.14689977,0.18218099,-0.13485534,-0.25041914,-0.15995662,-0.22953805,-0.1607048,-0.012396571,0.04643853,0.029986903,0.31864545,0.20929669,-0.04658668,-0.3754547,0.18211953,0.04764447,-0.060794145,0.79973507,0.27127036,-2.0368803,-0.15159984,-0.29839784,1.7047863,0.22747901,-0.035576873,0.20571652,-0.14840885,-0.062328096,0.57856447,0.26860482,-0.053755313,-0.11054089,0.54256094,-0.082578674,0.14190976,-0.17091002,0.07603179,-0.3597656,0.15267558,-0.40806496,0.07715411,0.3149269,-0.6428811,-0.17020003,0.63788444,0.12088107,-0.30313593,0.22969219,-1.1805667,0.15643321,0.332229,-0.07697397,0.03783044,-0.11639966,0.13972978,0.2556102,0.0008971602,0.00044610052,-0.16704333,-0.012071167,0.16057955,-0.103901446,0.6290578,0.21999572
128,neutral,-0.16390479,0.23832414,0.20109956,0.15500772,0.055824127,-0.44433147,-0.04468242,-0.007957844,0.046741735,0.4598753,0.11142292,-0.25485715,0.20095631,-0.027858052,0.010058691,-0.016204914,0.19201708,0.14594507,0.033203803,0.02339279,0.3074819,-0.19879583,0.2087295,-0.033548918,0.07873464,-0.10867358,-0.15420078,0.19159542,0.04171425,-0.00046847007,-0.16732924,0.18464483,-0.18572749,-0.095182285,0.13616002,0.08533719,0.196362,-0.20921907,0.10138679,-0.12878451,-0.07633923,-0.26961434,0.022393053,-0.09503718,0.35922813,-0.1551824,0.1051711,-0.18128756,-0.16648607,-0.42930755,0.07918755,0.36821863,-0.021884901,0.8378895,0.06125738,-1.2950073,-0.059224267,-0.118523434,1.451072,0.10084906,0.14300473,0.17804928,-0.0022979463,0.41587347,0.3159397,0.017235864,-0.008035514,-0.01917347,0.16316427,0.011406403,0.20188886,-0.33210495,0.22115512,-0.07646257,0.15377744,0.10823646,0.06675423,0.12801097,-0.6931605,0.109388046,0.708884,0.05857716,-0.2748247,0.16602038,-0.828018,-0.27921563,0.20740557,-0.047352437,-0.051557902,-0.14444108,0.040944148,-0.040467884,-0.14032601,-0.04182415,-0.121116474,0.07326777,-0.14241175,-0.12247347,0.40221718,-0.083675385
129,negative,-0.08606454,0.1539731,0.028414084,0.13695383,-0.070794284,-0.35805944,-0.1389735,0.09934038,-0.081437066,0.38138774,-0.15693258,-0.080332726,0.08797223,-0.05895391,0.107248545,0.041363265,-0.284385,0.0062320638,-0.40152267,-0.109160624,0.4965463,-0.18176973,0.18643065,-0.036298018,0.23715104,0.049462568,-0.22906011,0.0038706076,0.13163763,0.006380739,-0.19361472,-0.013225415,-0.09163897,0.117225796,-0.10585565,-0.09641422,0.28103346,-0.24229144,-0.17912048,0.12595795,-0.40587124,-0.098780744,0.12518826,-0.058435023,0.3640938,-0.16283876,0.3176395,-0.10033177,0.09256664,-0.61386365,0.13702324,0.10381319,0.02188629,0.8782629,-0.11985643,-2.0342312,0.018329196,-0.18910009,1.4618245,0.40590563,-0.16340414,0.33697733,-0.165798,-0.15830837,0.5871931,0.15576576,-0.052456506,0.02460305,0.0054187495,-0.12456272,0.051432803,-0.30700973,-0.40221614,-0.44258007,0.13634075,0.082205415,0.024558352,0.0043440415,-0.8126675,0.11364026,0.78940004,-0.07006517,-0.38368815,0.021750275,-0.8809634,-0.28975642,0.12403838,0.07896801,0.046116438,-0.22801511,0.07727012,0.15092337,-0.39843047,0.03589772,-0.50696945,0.21782474,0.24768011,0.100417845,0.48055127,0.13511038
130,neutral,-0.08411631,0.11911047,0.27497128,0.013862945,0.026190436,-0.28932154,-0.16723837,-0.008732933,-0.047649335,0.09039665,0.04050075,-0.12147572,0.05249325,0.0033718045,-0.048349805,-0.16435571,-0.027837863,-0.0936474,-0.17801498,-0.037783206,0.2521802,-0.21831177,0.11124238,0.07462511,0.031273272,0.18767923,-0.11968502,0.01582515,0.007974928,-0.09028372,-0.056583427,0.29409602,-0.14991783,-0.09093066,-0.027438438,0.016142469,0.025830418,0.15560915,-0.09892859,-0.11836614,-0.20330508,-0.26021478,-0.07087776,0.0033074925,-0.011215435,-0.031871524,0.1636148,-0.019724242,-0.096220724,-0.51645887,0.22722206,0.14839487,0.03466909,0.64614683,-0.130263,-1.6602771,0.06515176,-0.24151696,1.1499888,0.22545017,-0.034131855,0.17789756,-0.07530752,-0.07211475,0.520854,0.07913913,0.11967232,0.018882548,0.26095018,-0.11759967,0.15992923,-0.12022998,-0.053379532,-0.20959356,0.027433567,-0.21380769,0.019219732,-0.019754143,-0.59920305,0.16082706,0.63084924,-0.051845625,-0.10653902,0.12995072,-0.78180647,-0.10944705,0.021635663,-0.14429645,0.0016834439,-0.39490017,-0.06455803,-0.0792833,-0.07343335,-0.1009642,-0.34669408,0.15996365,-0.0021982675,-0.32252073,0.33351815,0.23965083
131,negative,0.051673733,0.016519448,0.20707366,-0.21659525,-0.1621027,0.16407318,-0.06840637,-0.060193527,0.20498407,-0.27414885,-0.011267472,-0.021429729,0.16927281,-0.085395694,0.1599078,0.024356624,-0.21931475,0.16424885,-0.029548904,0.34738857,0.4135594,0.10761465,-0.16877462,-0.02276874,0.15435871,0.22244608,-0.058030043,-0.117812455,0.079648055,-0.00036780897,-0.151846,0.342594,-0.11770292,-0.08052953,-0.031470582,0.25039428,-0.118539095,0.043258846,-0.03279877,-0.24254343,-0.03888558,0.08938842,-0.1983561,-0.19795902,-0.05948225,-0.13105929,-0.004939437,-0.050303698,0.2447803,-0.3321025,0.019832347,0.030452276,0.17356065,0.48890224,-0.253833,-1.18854,0.035498094,-0.014897784,0.38544723,0.11302375,0.022668479,0.41628078,-0.5127577,0.058502965,0.564037,0.045684535,0.41205838,0.05279194,-0.23570313,-0.16418427,-0.0715814,0.107239254,-0.031505924,-0.023518898,0.05265806,0.35556498,-0.17550975,0.00093838276,-0.22278567,-0.1593305,0.12748602,-0.1845244,-0.523221,0.008248229,-0.78558016,-0.330738,0.038338277,-0.034726866,0.06064484,-0.20775624,-0.11819691,-0.02922805,-0.08204985,-0.13643073,0.07768994,-0.2332609,-0.029265907,-0.2365821,0.015586942,0.23666115
132,neutral,-0.29516244,-0.023170155,0.20109576,0.08330541,-0.19280323,0.23680553,-0.19201304,0.10175594,0.22761944,0.4777157,-0.1153671,-0.041106515,0.31214482,0.014190653,0.01320935,-0.24907324,0.028064325,-0.24882443,-0.51559067,0.24700083,0.51039493,-0.15318787,0.2661304,0.0280158,-0.17228538,-0.3165675,-0.23875101,-0.23860191,0.1191391,-0.11607812,0.004964365,-0.12297921,-0.11290822,0.18893367,-0.042506345,-0.09788223,0.23241664,0.15601471,0.15305956,0.006463439,-0.66366583,-0.15210898,0.04230938,-0.062087893,0.6511636,0.078868546,0.11168451,-0.108463846,-0.07496587,-0.4317605,0.041246396,0.011817071,0.015593009,0.8022142,-0.012141917,-1.3272585,-0.10046303,-0.47535276,1.526059,0.30354267,-0.040652588,0.3049203,0.14969373,-0.17010596,0.5161345,-0.00029417741,-0.2117088,0.12977254,-0.12390922,0.064363874,-0.039022293,-0.48878783,-0.37769952,-0.45034596,0.336747,0.16584425,0.1723561,0.43725666,-0.5348783,0.11591332,0.7527154,0.11092136,-0.4680609,0.18986641,-0.68138963,-0.1329865,0.1670191,0.11846764,0.07696691,-0.10901583,0.3144771,-0.113205805,-0.10991316,-0.046129443,-0.7421578,0.3400561,-0.077010676,0.27395114,0.40346238,-0.0052997144
133,neutral,-0.07915912,0.062222175,0.25369355,-0.3586295,-0.2586883,0.28609917,-0.015732141,0.20247921,-0.1222495,-0.2159899,0.0701538,-0.123654515,0.02734423,-0.13445987,0.1290968,-0.14413565,0.067859784,0.21250832,-0.23253876,-0.03426412,0.029084506,-0.131834,0.08515996,-0.18431546,0.11518877,-0.16574784,-0.18761134,-0.2103205,0.27456278,-0.067288585,-0.26318577,0.2980941,0.012052511,0.094022326,-0.10304375,0.25223923,-0.18745841,0.07019672,0.24910134,-0.129103,-0.28818965,-0.17101821,-0.04760683,-0.14534931,-0.18320575,-0.022901498,-0.08790062,-0.2768869,0.08270273,-0.56721735,0.069059625,-0.07423311,0.0881356,0.35204777,0.065563306,-1.6718254,-0.025044218,0.07573162,0.70439345,0.15469164,-0.25830504,0.5432999,-0.07831399,-0.03290317,0.31982073,-0.20054781,0.27435753,0.3237292,-0.33134633,-0.22476424,-0.034691136,-0.053498063,-0.2850116,-0.3239991,0.052137163,0.08030131,-0.15068726,-0.22603147,-0.1615723,-0.18637839,0.09591363,-0.3433976,-0.004298001,-0.06579801,-0.5756935,-0.097921245,-0.05284838,-0.0589399,-0.22497086,-0.19826247,0.10213165,-0.04633522,-0.08061468,-0.016357392,-0.25467128,0.029747011,-0.059311874,-0.13739602,0.23877124,0.26270306
134,negative,0.011533915,-0.09691748,0.1794461,0.15501945,-0.019688517,-0.14155659,-0.18158306,0.21071552,0.09000599,0.37652662,0.026226604,-0.113910936,0.305424,0.2029529,-0.11880672,-0.11952729,-0.014033234,-0.36182386,-0.7253104,-0.068360075,0.386846,-0.26331118,0.039855152,-0.037927043,0.0022408615,0.015618391,-0.27801117,-0.10436754,0.6690788,-0.017202882,0.15215035,0.13788597,-0.31963122,0.24036413,-0.16885439,0.12612142,0.25946653,-0.14927539,-0.23607022,-0.069894195,-0.4269148,0.096672766,0.32106164,-0.06539309,0.17349425,-0.2593004,0.12714157,-0.008293661,-0.11400474,-0.5530474,0.22555377,0.06665073,0.2209969,0.84296185,-0.25637347,-1.5186616,0.035188522,-0.31440532,1.294006,0.26862162,-0.026379181,0.07588213,-0.13137305,-0.22894304,0.4771131,-0.004420213,0.10683438,0.48501965,-0.26922294,-0.0057671648,0.043029092,-0.43885824,-0.26638895,-0.49603721,0.037703075,0.27273014,-0.01003725,0.102959156,-0.81345165,0.06391229,0.6042055,-0.10703788,-0.26674977,0.07944281,-0.51537305,-0.10481662,0.13525742,0.17507078,0.20720144,-0.31574965,0.06546644,-0.12041406,-0.30235693,0.33123395,-0.66463345,0.14907624,0.055954482,0.09470459,0.4769913,0.13544582
135,neutral,-0.38485312,-0.121304266,0.10601735,-0.010735878,-0.025088709,0.01177841,0.105574876,0.16528632,0.058346912,0.22910361,0.12086928,0.0726506,0.27942127,0.16134948,-0.015927568,-0.120681465,0.32998976,-0.28952658,-0.5320007,0.3627667,0.41639534,0.04151563,0.16191882,-0.028738193,-0.066183984,-0.18776238,-0.19649987,-0.073445335,0.21791342,-0.17324238,-0.10859856,-0.011586174,-0.10455891,0.13536087,0.111133926,-0.055833895,0.21355416,0.216623,0.41061994,0.06334611,-0.41082186,-0.18023887,0.2162892,-0.045478098,0.2189041,0.07092847,-0.08538523,0.016873108,-0.08634598,-0.23307884,-0.011934418,0.2071764,0.09731335,0.9195243,-0.061979014,-1.4313232,-0.12808402,-0.17830831,1.4859911,0.33385152,0.07923472,0.56444556,0.16334718,-0.099385336,0.5920816,-0.012980575,0.056243397,0.24119738,-0.15608957,0.31079715,0.036220443,-0.63148856,-0.12252485,-0.36812702,0.07658196,0.04470771,0.13386038,0.33358255,-0.6893385,0.15814981,0.40244615,0.19987324,-0.25582793,-0.041924976,-0.60210496,0.04156994,0.2780895,0.050205503,0.13201967,-0.17133567,0.09546829,-0.057536323,-0.02110088,0.24918929,-0.47063908,0.15029971,-0.11035484,0.0033551734,0.31272838,-0.009472769
136,neutral,0.060409892,0.094978325,0.1360059,-0.2544093,0.25776088,-0.51765096,-0.13161764,0.1412601,0.2225531,-0.012566014,0.08950816,0.0970624,0.3056641,-0.06744838,-0.15324564,-0.2753103,0.18225916,-0.22802392,-0.027820524,-0.15661545,0.37911782,-0.0679265,0.045892112,-0.13657707,0.007372212,0.03125289,-0.5233755,0.15270834,0.19256233,0.017334437,-0.15095668,0.038634464,-0.18958735,-0.045622583,0.03406249,0.016876712,-0.0045493674,0.055554498,-0.05473677,0.15832517,-0.33619508,-0.372319,-0.08320892,-0.048449963,0.26147187,0.18698724,0.048174307,-0.17825937,-0.06372042,-0.16814476,0.1574551,0.33993936,0.14604874,0.6577716,-0.42163858,-1.1134396,-0.011510149,-0.25234893,1.2350675,0.4248148,-0.3622985,0.1998409,0.10309089,-0.050560087,0.09943733,0.21901292,0.16210487,0.12755351,0.054696813,-0.26379743,0.071558945,-0.16939338,0.3187162,-0.021087335,0.022490514,0.043639544,0.07201596,-0.07548858,-0.48180312,0.17445378,0.5742801,-0.062026642,-0.13319583,0.28685117,-0.47481734,-0.080933936,0.19964823,0.077994384,-0.080393426,-0.30143163,0.0015881931,0.17591265,-0.42802364,-0.3101191,-0.28747764,0.35744983,-0.0843904,-0.11546701,0.28359675,0.047327835
137,neutral,0.053565618,0.3342992,0.2693583,-0.08390167,0.1156853,-0.71614957,-0.19468631,0.26128706,-0.059455447,0.11362205,-0.061957177,-0.07398054,0.22023958,-0.02319945,-0.025097251,-0.28036422,-0.2470545,-0.08540476,-0.20837748,-0.06698244,0.39205727,-0.20731859,0.24750108,0.21452841,0.20400652,0.085928716,-0.2162006,-0.25192928,0.19777548,0.052308295,-0.16611557,0.09103811,-0.25189835,-0.17081204,-0.15481386,0.28380156,0.1147968,-0.029193437,-0.19185781,-0.18139324,-0.28374478,-0.3639208,0.12209672,-0.19069216,0.21421589,0.00018522663,0.0025614498,-0.29729337,-0.016459873,-0.864119,0.0042964984,0.030919282,0.07370286,0.9698308,-0.1788647,-1.981812,-0.33889788,-0.25730538,1.6217539,0.40285465,-0.02316642,0.16300674,-0.27036133,-0.28781325,0.5278773,0.15032376,0.21387014,-0.0067037516,0.1697429,-0.29866526,0.20263006,-0.18113834,-0.22216149,-0.18233413,0.08728202,-0.045112655,-0.11020225,0.0028598323,-0.75952935,0.09937094,0.6744598,0.11643049,-0.45384762,0.23729955,-0.92203707,-0.17529021,0.15633379,0.04191043,0.004754426,-0.4192013,-0.04701578,0.17878273,-0.23830438,-0.13675955,-0.65038496,0.07946033,0.19432731,-0.062090516,0.4703626,-0.04604199
138,neutral,0.03751234,0.19410959,0.28449237,-0.11204484,0.1547638,-0.5881895,-0.4173678,0.031236786,0.00070009555,0.023627013,-0.06786296,0.17311881,-0.046076354,0.057222452,0.050887503,-0.23517767,-0.073849514,-9.284351e-06,-0.0741505,-0.13470031,0.00757565,-0.16529092,0.049314123,0.19402601,-0.13418294,-0.15630257,0.052121498,-0.3179005,-0.19669905,0.050745193,0.026738608,0.3027104,-0.3279255,-0.12632594,-0.024336534,0.15915516,0.14533672,-0.14999178,-0.20386921,-0.25665978,-0.21120894,-0.34447047,-0.015381463,-0.010172313,0.24557377,-0.09743061,0.111278825,-0.14592813,-0.3099391,-0.70167065,-0.031235676,0.11351345,0.07878007,0.74222404,0.06962159,-1.5435582,0.03845787,-0.4168431,1.5531776,0.32000914,0.039046343,-0.16262288,-0.454891,-0.06209872,0.5190831,0.08773048,-0.124217115,0.002916694,0.58354634,-0.30153096,0.18102956,-0.27384537,-0.16409016,-0.06332165,0.06005129,-0.011041877,-0.2519401,0.05960715,-0.804256,-0.11006934,0.73914677,0.02847096,-0.039333284,-0.01386928,-0.7750602,-0.16068448,0.021703623,-0.058235496,0.114274316,-0.474701,-0.06635032,0.2464498,-0.21504615,-0.44259244,-0.29610863,0.23582731,0.2582676,-0.20031144,0.5789799,0.09409987
139,neutral,0.1275519,-0.25073498,0.47443995,0.076327816,0.057453696,-0.38196394,-0.55041736,-0.1936204,-0.069853924,0.18411562,-0.028423786,0.005936533,0.38247856,-0.34695396,-0.055495273,0.15488812,0.43484545,0.17821245,-0.18307403,-0.089132056,-0.20156132,-0.11533307,0.13275614,-0.95941794,0.05551342,0.23821963,0.01395783,0.08194694,-0.25779888,-0.57074124,-0.2849223,-0.3100214,-0.552858,0.18263449,-0.031386193,-0.17696741,0.256124,0.10275952,-0.072830796,-0.035371747,-0.2200005,-0.2861177,-0.16176881,0.27031428,-0.18370208,-0.13645332,0.35115793,-0.03645294,-0.011490291,-0.25777224,-0.07823031,0.31034163,-0.40500668,0.7386864,-0.22537273,-1.1203053,0.77790505,-0.2147627,0.79972416,0.0054067993,-0.26978913,-0.22681151,-0.69957167,-0.0115453405,0.17737056,0.30051452,-0.30263102,-0.21979403,0.655672,-0.10833571,0.34874752,-0.13305107,0.5133929,-0.033181198,0.4739168,-0.26577803,-0.17833889,0.02623365,-0.83347267,-0.01927876,0.50788176,0.15068899,0.37520462,0.5797356,-0.64262444,0.44785467,-0.013192725,0.14839934,0.14810859,-0.32981232,0.092317395,-0.29122746,-0.21470857,-0.17326827,0.6988979,0.2915621,-0.25337377,-0.8329321,0.0943621,0.36209747
140,neutral,0.14045997,0.14049712,0.5859554,-0.08848255,-0.11667345,-0.1445653,0.058138892,0.1953098,0.092872076,-0.29985994,-0.0752039,0.023532718,0.2308564,-0.16340575,-0.19475323,-0.0751078,0.10692387,0.37444255,-0.14241365,0.010704884,0.2471899,-0.03004959,0.035584033,0.19923657,-0.036387313,0.15739962,-0.0771958,-0.19093476,0.20413926,-0.11786278,-0.05335297,0.49756512,-0.25327793,-0.17777841,-0.07797358,0.12457379,0.19013847,-0.05527995,0.0261596,-0.27278566,-0.28946114,-0.11095808,0.3949245,0.18945085,-0.54473525,0.009440589,0.17368764,-0.063558266,0.004007194,-0.8255984,0.15317202,-0.3137456,-0.062303714,0.744711,-0.016156135,-1.9688954,-0.22053984,0.16494332,1.1105474,0.20963903,0.09471283,0.5855993,-0.162181,-0.05727877,0.56782985,0.06211821,-0.012383443,0.18003075,-0.050178222,-0.110576324,0.19150926,-0.06495358,-0.59155583,-0.23965237,0.15855414,0.153548,0.08829651,-0.2824986,-0.86319256,-0.043891165,0.2971137,-0.024308888,-0.39430714,0.30029455,-0.9077104,-0.38379708,-0.20604126,-0.12368362,-0.14767388,-0.2630717,0.12257728,0.018614486,0.042365443,0.025019376,-0.37829348,0.18918407,0.10799044,-0.25759962,0.5685952,0.2332216
141,neutral,0.14045997,0.14049712,0.5859554,-0.08848255,-0.11667345,-0.1445653,0.058138892,0.1953098,0.092872076,-0.29985994,-0.0752039,0.023532718,0.2308564,-0.16340575,-0.19475323,-0.0751078,0.10692387,0.37444255,-0.14241365,0.010704884,0.2471899,-0.03004959,0.035584033,0.19923657,-0.036387313,0.15739962,-0.0771958,-0.19093476,0.20413926,-0.11786278,-0.05335297,0.49756512,-0.25327793,-0.17777841,-0.07797358,0.12457379,0.19013847,-0.05527995,0.0261596,-0.27278566,-0.28946114,-0.11095808,0.3949245,0.18945085,-0.54473525,0.009440589,0.17368764,-0.063558266,0.004007194,-0.8255984,0.15317202,-0.3137456,-0.062303714,0.744711,-0.016156135,-1.9688954,-0.22053984,0.16494332,1.1105474,0.20963903,0.09471283,0.5855993,-0.162181,-0.05727877,0.56782985,0.06211821,-0.012383443,0.18003075,-0.050178222,-0.110576324,0.19150926,-0.06495358,-0.59155583,-0.23965237,0.15855414,0.153548,0.08829651,-0.2824986,-0.86319256,-0.043891165,0.2971137,-0.024308888,-0.39430714,0.30029455,-0.9077104,-0.38379708,-0.20604126,-0.12368362,-0.14767388,-0.2630717,0.12257728,0.018614486,0.042365443,0.025019376,-0.37829348,0.18918407,0.10799044,-0.25759962,0.5685952,0.2332216
142,neutral,-0.20679185,0.49768817,0.8052979,-0.033616655,0.20039167,-0.0030122078,-0.27412125,-0.054946482,0.3703018,-0.386672,0.4756696,0.16905978,0.19727258,0.15920812,0.47823116,0.20960289,0.36705703,0.41071084,-0.040667783,0.19795753,-0.026778867,-0.12874913,0.14086908,0.06334979,-0.33300883,-0.44889852,-0.025004089,-0.03982433,-0.01928836,0.14403121,0.09076626,0.1938348,-0.3036809,0.16107126,0.2365124,0.06327425,-0.0703201,0.030404953,0.5002242,-0.33935457,-0.3572255,-0.10183194,-0.32081544,0.25127333,-0.410372,-0.14066572,0.2318604,-0.27444434,0.06796509,-0.5708689,0.5372028,-0.001518233,0.44749516,0.9878393,0.3762797,-1.6451161,-0.09655351,-0.27811554,1.1505797,0.2884678,0.09908742,0.43064573,-0.0094266785,-0.26006743,0.7955316,0.13750696,0.36184478,0.025638651,0.389047,0.09357859,-0.12183649,0.28817073,0.47043478,-0.37002787,0.36924905,0.00078566343,0.19081013,-0.17783377,-0.59477806,-0.13877623,0.32856828,0.38287318,-0.74133813,-0.12993911,-1.4451371,-0.3960464,0.25438824,-0.2377575,-0.020870166,0.11393181,-0.18298426,0.31919754,0.12544838,-0.009434602,0.31862262,0.03646983,-0.17499681,-0.42463797,-0.0029071502,0.24030235
143,neutral,0.0072736293,-0.026285993,0.5123526,-0.02799504,-0.24305034,0.083649576,-0.075316295,0.052423935,-0.06273743,0.09696695,0.15819612,0.017840829,0.19348392,-0.02612135,0.2790953,-0.086259946,-0.040169924,0.14188243,0.077282645,0.18048367,0.25549746,0.19342926,0.06121025,-0.17826991,0.11372016,0.05826409,-0.079284996,-0.17660563,0.040708497,-0.19660492,-0.26829323,0.18224157,-0.16502398,0.20383283,0.08834387,0.10156665,0.07536599,0.09262897,0.36420193,-0.08795476,-0.34505692,-0.22989197,-0.14607249,-0.11005408,0.12953942,-0.048941754,0.14743824,-0.052405905,0.0051146266,-0.37447116,0.046007454,0.24953058,0.13046712,0.7530543,0.13250454,-1.618741,0.13466693,0.0953425,1.2786559,0.2227108,-0.059212863,0.61210203,-0.10597572,-0.20294617,0.33994374,0.025620194,0.07068077,-0.069493085,-0.055675536,-0.10548007,-0.21123755,-0.2306855,0.036144257,-0.24632739,0.18521962,-0.12588485,0.2065944,0.0050952807,-0.4241224,-0.033872962,0.26356727,-0.015561743,-0.28095227,-0.03726719,-0.82001317,-0.12077051,0.19239818,-0.105874255,-0.16043347,-0.10291728,-0.18583314,0.19150206,-0.052661527,0.044050906,-0.18984908,0.053317305,-0.10755971,-0.28666288,0.21246283,-0.05611866
144,positive,-0.18696457,0.08504137,0.32073754,-0.18496788,-0.08827855,0.48964387,-0.08743151,0.58198273,-0.39909187,0.1208127,-0.22788289,0.006306741,0.29308093,-0.31036445,0.08965821,-0.15127097,0.26397777,-0.07729866,-0.24691911,-0.14627276,0.36835033,-0.16307223,-0.02479402,-0.05531042,0.15245596,0.022588138,-0.015851032,-0.0032030516,-0.0888981,0.07428588,-0.22724752,0.24470751,-0.24325983,0.06810528,0.13090467,0.2599722,-0.07885617,-0.13216051,-0.00063762075,-0.3157369,-0.18073703,-0.3507518,0.22929733,-0.10628875,-0.021760823,-0.17331812,0.05785946,-0.026851125,0.28098744,-0.6637354,0.15342872,-0.4776469,0.2617662,0.7232572,-0.05918237,-1.8955648,0.005809614,0.10515408,1.0507759,0.18945442,-0.2842592,0.405618,-0.55118114,-0.19694059,0.3866648,0.12612604,0.17568225,0.45945042,-0.13053492,-0.5078571,0.022530686,-0.51974577,-0.28127658,-0.6687477,0.26417917,0.41062412,-0.13704199,-0.05233168,-0.62876153,-0.45717493,0.52994275,-0.13763103,-0.15032841,0.07781071,-0.89087135,-0.34917337,0.061194308,0.24985167,-0.3210785,-0.16430438,0.18870255,-0.016136713,0.13327982,0.24677056,-0.7891036,0.28763747,-0.26349536,-0.25518593,0.28297713,0.36327344
145,neutral,-0.06960322,-0.01656867,0.26280567,-0.16534549,-0.17019486,0.3124919,-0.0059119803,0.17934349,-0.005732744,-0.07143683,0.15667604,-0.09921114,2.372915e-07,0.11991467,0.14467837,-0.083968714,0.04668185,0.07228678,-0.21492757,-0.041637465,-0.015631584,0.10140586,0.009716913,-0.086503975,0.27451771,-0.013039914,-0.055856537,-0.22432168,0.21405038,-0.1344189,-0.019483572,0.18285753,-0.036609437,0.18396859,0.18325639,-0.010502196,-0.027617808,0.101776,0.2109788,-0.019726133,-0.0822945,-0.07462445,-0.111281656,-0.17608282,-0.032396417,0.10847459,0.12384243,-0.100975044,0.04051325,-0.47881812,-0.07747827,0.08563944,0.1125828,0.5081479,-0.116948225,-1.4024557,-0.055849154,-0.011925993,0.89314735,0.26031604,0.0816896,0.53513587,-0.3492037,-0.10485838,0.3566777,0.012567907,0.31564927,-0.04517417,-0.05987551,0.03189598,-0.027171591,-0.13613589,0.14363316,-0.3360407,0.004319968,0.111817524,0.025052555,-0.101286374,-0.33787656,-0.11325027,0.31597957,-0.35853305,-0.23516457,0.010023142,-0.61909837,-0.21179965,0.022668373,0.14325005,0.1340309,-0.0074763712,-0.07633801,0.23097724,-0.1541023,-0.035418633,-0.17758451,0.12798306,-0.06428872,-0.1816494,0.3447202,0.17283276
146,neutral,-0.06700035,0.08094705,0.422698,0.037579656,-0.009852591,-0.06530656,-0.33308154,-0.045782875,0.03227074,0.27282077,-0.19787052,-0.22344887,0.32129744,0.088693246,-0.15551937,-0.11909465,-0.04376534,-0.21643102,-0.5468485,0.047821287,0.2896901,-0.011801463,0.067015335,0.011240189,-0.047872737,0.14113326,-0.27991903,-0.11314902,0.5556066,0.07992704,0.07787922,0.3461939,-0.13907546,0.14051479,-0.124277316,0.2798881,0.18030156,-0.094260246,-0.19669576,0.012765848,-0.72640777,0.0021291312,0.11043025,0.07228994,0.11097341,-0.17112406,0.3349571,-0.079661354,-0.097219884,-0.7214502,0.11312883,0.20623502,0.11158609,0.8636827,-0.10991506,-1.5892183,0.04656203,-0.20735528,1.3967175,0.24338225,-0.06453148,0.21020031,0.037398774,-0.23448634,0.52338064,0.09510371,0.07418796,0.43928543,-0.07848648,0.038289085,0.1728201,-0.3485495,-0.22857122,-0.6177437,0.049822148,0.10401091,-0.009852339,0.11562865,-0.7608686,0.19559278,0.5201101,-0.12467171,-0.17597723,0.052994683,-0.77673626,-0.21156015,-0.08175139,0.20885542,0.13390851,-0.4717732,-0.03660283,0.07070461,-0.22920541,-0.042680014,-0.5315142,0.12237815,-0.16886847,-0.012874359,0.35520005,0.19228642
147,negative,-0.12889126,0.051550142,0.24105713,0.0912747,-0.017830016,-0.18757915,-0.049156167,-0.06703416,0.2124059,0.38299897,-0.06792803,-0.07305835,0.12310409,0.08861813,-0.10989488,-0.029881865,0.10329574,-0.14123851,-0.42819956,-0.06447056,0.16633685,-0.14808942,-0.046973422,-0.14595877,0.06454795,-0.12171174,-0.10143777,-0.07705873,0.115393505,-0.07217545,-0.101254836,0.09362066,-0.23448047,0.01954359,-0.16790354,-0.07618234,0.24771786,-0.03215089,-0.037059918,-0.03286402,-0.4623693,-0.1339335,0.23272154,-0.13888791,-0.042616896,-0.13822147,0.38324893,-0.013935678,-0.22144,-0.4526606,-9.559993e-05,0.112700865,-0.03794892,0.8179127,0.045507684,-1.5604502,0.105576135,-0.1820565,1.0786313,0.18426336,-0.1031789,0.34417558,-0.057838034,-0.15740429,0.62320054,0.021722622,0.18653585,0.07578084,0.15784419,-0.09993136,0.16450895,-0.19124432,-0.15030833,-0.23291649,-0.08510732,-0.018823052,-0.062272273,-0.016755844,-0.70552063,0.176663,0.53867584,0.123357445,-0.17283612,0.20641032,-0.6644031,0.11363691,0.01754938,0.026017414,-0.08699755,-0.3559348,-0.09709614,0.1201071,-0.16559812,0.016111128,-0.28536102,0.03060895,0.18305664,-0.12114418,0.32177386,0.35663715
148,neutral,0.04999061,0.21615446,0.31068978,-0.011896693,-0.18882793,-0.10076207,-0.2592679,-0.017950727,-0.016851395,0.045086768,0.054002196,0.07323128,0.03442783,0.13040715,0.008998145,0.11973245,-0.16547409,-0.18915762,-0.11136011,0.060265895,0.32683164,-0.21788485,0.15535657,0.17353603,0.040534265,0.17378016,0.019118685,-0.29050168,0.22896548,-0.35438702,0.06632749,0.2972498,-0.045610957,-0.1532065,-0.16348477,-0.066297375,-0.028900804,-0.07731171,-0.3648644,0.063889235,-0.5002879,-0.14594847,0.21705998,-0.3475193,0.0034992488,-0.10710884,0.1996878,-0.07162025,-0.06047899,-0.73538893,-0.050568253,0.08586422,0.07413188,1.0666549,0.05688223,-1.8106161,-0.025394278,-0.25228,1.3286604,0.2685362,-0.24576166,0.09402056,-0.44264317,-0.054256786,0.58466023,0.23576558,-0.1877288,0.037162036,0.030110069,-0.12300261,0.16900642,-0.14568244,-0.46839446,-0.19578727,0.006372103,-0.19527955,-0.31293514,0.15859099,-0.7868237,0.24733075,0.5417192,-0.09518124,-0.15323043,0.007248815,-0.88798654,-0.19547614,0.024864482,0.05835663,-0.081614755,-0.2860338,-0.16892056,-0.120212786,-0.23926145,0.20192297,-0.097853884,0.043232996,0.22987057,-0.025936332,0.49133885,-0.06355647
149,negative,-0.036373932,0.20307577,0.13746314,-0.049112417,-0.012616583,0.32217756,-0.15614873,0.12260351,0.23987487,0.032818235,-0.10697975,0.19367133,0.33976844,0.2328777,0.08925341,-0.22353747,0.018655654,-0.15465726,-0.44445235,0.31740898,0.14093205,-0.115321934,-0.004267766,0.19598298,0.1778669,0.015905526,-0.18314305,-0.5869921,0.22803706,-0.0009158443,0.2275553,0.39154893,0.13430253,0.04461214,-0.019753948,0.018038565,0.08966321,0.15923779,0.04946356,-0.019146629,-0.2787923,-0.07482825,0.080683894,-0.37042716,-0.068307534,-0.054340612,-0.13686188,-0.01608127,-0.015652578,-0.55647135,-0.038333554,-0.022017408,0.41548792,0.83269227,0.10846443,-1.7847338,-0.1474216,-0.25544432,1.1902057,0.37978807,0.1320898,0.49974433,-0.16052935,-0.15161388,0.52556735,0.2543856,0.2659569,0.16628072,0.096496105,-0.26353005,-0.0038228678,-0.11103316,-0.16032231,-0.2533493,0.27216876,0.24654432,-0.11457533,-0.06513416,-0.5407738,-0.058068145,0.4544523,0.29229388,-0.07590147,0.20057008,-0.98439986,-0.0924886,0.0714148,-0.06884306,-0.17380863,-0.07480679,0.013690065,-0.017535977,0.22998552,-0.09075596,-0.6269764,0.0017341694,0.102882184,-0.1371694,0.4139817,-0.044890545
150,negative,0.032289334,0.18051922,0.3141512,-0.10969052,0.010375321,-0.41771272,-0.20342858,-0.081284255,0.087354735,0.19021069,0.24853857,0.07508732,0.24718061,0.2616369,-0.006002677,0.123961,-0.0217745,0.19389117,-0.5708511,0.007304492,0.4560148,-0.19980276,0.0070573282,-0.2711832,0.1585432,0.38024232,-0.25477335,-0.117344595,0.16550784,-0.08296696,0.01096064,0.09069211,-0.1861107,0.06495216,0.105226,0.1669968,0.3456554,-0.24574707,-0.042693928,-0.14004734,-0.15228008,0.080284566,0.5055285,-0.16129926,0.08487141,-0.29567865,0.063095026,-0.07972281,-0.05158974,-0.50367343,0.0022411484,0.0049865786,0.16797248,0.61539733,0.019373536,-1.6598095,-0.031630103,-0.20478208,1.0531976,0.0729333,0.09284233,0.3643766,-0.33443707,-0.024892028,0.5023425,-0.21251406,0.2058474,0.49651912,-0.23068182,-0.1313735,-0.07080393,-0.24243924,-0.3249958,-0.3638694,-0.100888066,0.3140797,-0.14925225,-0.124745324,-0.6151264,0.11449816,0.6979448,-0.18705551,-0.15027936,-0.16297613,-0.7116609,-0.19560598,0.15352216,0.10777385,-0.0028689103,-0.23770945,0.061244577,-0.027887665,-0.13138789,0.044074863,-0.45176777,-0.06885939,0.04325559,-0.04140459,0.42348996,0.11156647
151,negative,-0.097059615,0.07421926,0.2749459,-0.07031382,-0.06920686,-0.05936074,-0.023406995,0.25396127,0.12003381,0.26165637,-0.020306481,0.008820043,0.25697038,0.23323633,-0.003459947,-0.100970395,0.24737458,-0.21784872,-0.37890866,0.016653376,0.38229418,-0.16263475,0.09316568,0.121516004,-0.018465387,0.041318152,-0.16220777,-0.28008303,0.4727431,0.0019184703,-0.123141184,0.23257779,-0.041095555,0.26818302,-0.062846035,0.14989395,0.15471664,0.0003543304,-0.12838358,-0.13634056,-0.36714348,-0.056188885,0.29295695,-0.11836916,0.1161321,-0.12222279,0.065799944,-0.116350316,0.08441382,-0.56402147,-0.042035647,0.13037674,0.17060225,0.7728797,-0.26506704,-1.4756274,-0.044083692,-0.15686387,1.1548309,0.23572409,-0.15582469,0.3335472,-0.2086207,-0.2871767,0.31058782,0.09720984,0.047718886,0.26189572,-0.21872121,0.050150655,-0.014088968,-0.2552357,-0.23190379,-0.45725232,0.11109482,0.1125613,-0.082925215,0.02311908,-0.57475895,-0.0057086376,0.73881096,-0.13708393,-0.2136421,0.0110953655,-0.90476435,-0.0072438903,0.06576989,0.11638725,0.114425026,-0.081845015,0.030651174,0.06171672,-0.16729921,0.14949335,-0.4603435,0.07510032,0.061719596,-0.12931146,0.372247,-0.0001401713
152,neutral,0.033934213,0.1193028,0.24882439,0.121800676,-0.0049877665,-0.23011684,0.052441828,-0.038817745,0.0026537718,-0.21137975,-0.013672041,0.09537345,-0.046939,-0.016205948,0.26206094,0.06873673,-0.05724888,-0.19155122,-0.062131893,0.047073804,0.024495702,-0.2340456,0.028353343,0.099672414,0.49176684,-0.24419254,-0.15702878,-0.11506599,0.0072408793,-0.24225263,-0.054885548,0.10889528,-0.10897081,0.16230915,0.049121033,0.13830867,0.21584976,0.059622064,-0.057408314,-0.113731064,-0.2543396,-0.102947034,-0.04526153,-0.12930965,-0.15569535,0.04406076,-0.090654306,-0.15774769,-0.030999808,-0.54339314,0.03910824,0.06823681,-0.17206255,0.684396,-0.08635032,-1.5956285,0.16292824,-0.07407406,1.2283757,0.42836654,0.002955879,0.27195087,-0.24851367,-0.011028207,0.40980175,0.027533395,-0.07165431,0.15739366,0.23803629,0.09778517,-0.022126636,0.02616844,-0.01389121,-0.24137974,-0.15310277,-0.06183702,-0.13088563,-0.026219433,-0.37853053,-0.15577675,0.47570497,0.17120053,-0.34929627,-0.19806191,-0.94399434,-0.27563986,0.10637813,0.046209235,0.074287504,-0.3178362,-0.13768992,0.18512738,-0.118461795,0.12052899,-0.25199348,0.1852899,0.15578298,-0.18501645,-0.008566909,0.18906072
153,negative,0.021459544,0.29018766,-0.01097109,0.04591888,0.090523265,-0.041409012,0.08496407,0.11047201,-0.02762159,-0.055762615,-0.14969516,0.27745286,-0.04927231,0.10961284,0.28417122,-0.03577756,0.23830225,-0.48268017,-0.4309455,0.17107102,0.4147232,0.11019019,-0.06327266,0.2733714,-0.27031484,-0.18058668,-0.045292612,-0.04540222,0.2882691,-0.25098127,0.08943319,-0.0066162515,0.066163346,-0.31527236,0.042490568,-0.09961527,0.15600884,-0.12721436,0.3393158,0.01247519,-0.3823364,-0.20136958,-0.27948615,-0.19626276,0.40167767,-0.01737642,0.2120076,-0.13083637,0.23698086,-0.36167705,-0.19361079,0.12132919,0.078240745,0.7023112,-0.26252452,-1.2626754,-0.23520093,-0.057460792,1.3801999,0.12718652,-0.008607505,0.5516737,0.011599887,-0.1963864,0.7374696,0.278391,0.29262653,0.072352104,0.3123368,0.042288147,0.06436611,-0.5566738,-0.21118048,-0.29652625,-0.26358253,-0.15988557,0.04605542,0.11967309,-0.3617531,0.095170885,0.39008632,0.269456,-0.42365015,0.09424096,-0.5651057,0.15319714,-0.11801142,-0.04198308,0.24826482,0.16595691,0.26439524,-0.2404396,0.033245362,0.39285275,-0.3657945,-0.21434925,-0.092228234,-0.055509284,0.274122,0.05574127
154,negative,0.061789412,0.37549743,0.20941794,-0.31379223,-0.09670879,0.13988414,-0.2588536,-2.3618261e-07,0.13145013,0.53958553,0.03555952,0.23911092,0.014290813,0.19934762,0.066550866,0.0034855558,-0.081625246,0.06256518,-0.7220616,0.2648369,0.55594164,-0.08833687,0.15912466,0.027429895,0.02242488,-0.060270097,-0.2251494,-0.2513669,0.34229803,-0.081856266,-0.071911976,0.17551388,0.019810664,0.011280446,-0.045736484,0.1226528,0.21615174,-0.0785004,-0.002012273,-0.09960065,-0.48611733,-0.02877511,0.17697208,-0.3032628,0.15794888,-0.0958481,0.18971868,-0.09374749,-0.22808531,-0.62476504,-0.12268449,0.08178994,3.6766956e-05,1.0681608,-0.27412814,-1.6148088,-0.14755099,-0.03243865,1.4266274,0.23620526,0.0018551692,0.5502636,-0.053209446,-0.31608927,0.7209107,0.25824672,0.1553583,0.21466798,-0.043411944,-0.12491681,-0.006634925,-0.46194935,-0.2071561,-0.2768353,-0.07855616,0.030411763,-0.035264235,0.046563387,-0.580144,0.32655755,0.6654699,0.17164136,-0.3947463,0.047594015,-0.8694851,-0.21198933,0.17048252,0.015066331,-0.059205253,-0.27542296,-0.014148323,-0.027971964,0.13767788,-0.06885777,-0.33648857,-0.34110367,0.0044266563,0.05349531,0.427246,0.0342113
155,neutral,-0.18390395,0.16735381,0.27949083,-0.05846579,-0.094103776,-0.10151009,0.022844179,-0.1104436,-0.16678712,0.4173284,0.04292205,-0.16042171,0.114106596,0.14315285,0.002077515,-0.12483347,0.37375602,-0.1737264,-0.3936619,-0.00040287556,0.34199148,-0.13664183,0.12003233,0.03334123,0.07720388,-0.09613095,-0.20355575,-0.12820119,0.29278433,0.1210402,-0.28307477,0.40589842,-0.25092143,0.06065855,0.120030925,0.06209296,-0.11674842,-0.04578847,0.10869264,0.00035430954,-0.4133009,-0.0447938,0.15710218,0.13588247,0.33471596,-0.23476084,0.041659944,-0.30657905,-0.064904466,-0.46974263,0.17352295,0.21488683,0.021717288,0.9337504,-0.1933083,-1.767333,0.100586824,-0.1573247,1.5169681,0.45721954,0.010290603,0.39674026,0.09632517,0.07695539,0.47290212,0.019143622,0.0135131,0.20373757,0.07149102,0.27752587,0.2296016,-0.43493193,-0.032413747,-0.21773134,0.04971526,-0.13043666,0.04301189,0.17962311,-0.8338507,0.066413425,0.737252,-0.09326544,-0.186463,0.102230474,-1.0483618,-0.03548144,0.16821532,0.08458452,-0.063810356,-0.23973478,0.013610022,0.031364337,-0.1027163,0.16644628,-0.31898955,0.024495827,-0.16374835,-0.16046683,0.24888907,-0.048127864
156,negative,0.07779555,0.116930515,0.3658948,0.13177614,-0.019501416,-0.19918737,-0.24138048,0.019537335,0.08971174,0.07512599,-0.117589034,0.2072524,0.2287606,-0.03228524,0.0319599,-0.11792325,-0.11016623,-0.048309345,-0.3882312,-0.13755487,0.33266726,-0.22310542,0.12301225,0.20063905,0.26130033,-0.05443496,-0.08815009,-0.26113704,0.43468833,-0.16376463,-0.16623451,-0.012140743,-0.23586887,-0.03356108,-0.012029545,0.30658945,0.29221246,-0.24394538,-0.17617235,-0.06996256,-0.4728531,-0.10765606,0.44331548,-0.084797084,0.1953237,-0.2828442,0.2062695,-0.08827709,0.19997059,-0.80428153,0.09677293,0.01917288,0.04561092,0.86431557,-0.0054419073,-1.8365237,0.0006649781,-0.5431367,1.3171904,0.19118848,-0.20863026,0.2015987,-0.18247502,-0.23755552,0.45625255,0.121093206,0.17196581,0.14674518,-0.16596282,-0.19202796,0.070921496,-0.23620734,-0.4645457,-0.45968288,-0.11736186,0.38432613,-0.29801303,-0.055247,-0.93203896,-0.013004341,0.6693687,-0.028571814,-0.23901728,0.2552896,-0.76419723,-0.14565895,0.02481041,0.17329712,0.19873625,-0.29165035,-0.16647077,0.17330447,-0.35628137,0.16842003,-0.4061018,0.008142145,0.21481332,0.20163436,0.33443174,0.1443474
157,neutral,-0.20646004,0.10553249,0.056385003,0.17509,-0.46766752,0.16645251,0.11227,-0.307465,0.30046174,0.11700998,-0.43514997,-0.068275005,0.0416025,-0.102244996,0.599245,0.458286,0.17030945,-0.2442105,0.15044175,-0.3759775,-0.57691,-0.51974,-0.44138503,-0.0046149967,0.16122,0.19767499,0.21164851,-0.032552496,-0.091768496,-0.33348346,0.42284802,0.19373778,0.031170001,-0.020117,0.072064,-0.1502975,0.07086227,0.3499565,0.040770028,-0.04740225,-0.0063650026,0.22384253,-0.53068274,-0.65732753,-0.5133225,0.38872525,0.423269,0.09338525,-0.15293,-0.36774212,0.17105,-0.157792,0.111825004,0.57937825,0.1932385,-0.56978077,0.24798,0.16529277,0.020419978,0.067395,-0.040709995,0.72893244,0.139119,-0.16494225,0.5684203,0.28041425,0.1934075,-0.64238024,-0.06957255,-0.130975,-0.4239372,0.35791248,-0.17142475,0.37573132,0.81055,-0.07673524,-0.082314245,-0.005016499,0.0032567491,-0.325551,0.053907495,-0.254235,-0.35460597,0.50779,-0.836709,0.21504824,0.41151997,-0.00075475516,-0.39479774,0.43058997,-0.14995725,0.24091,0.20691825,-0.018127492,0.27218002,0.40768495,-0.19253317,-0.87546754,0.06393775,-0.54612577
158,neutral,-0.118289046,0.25413114,0.19672452,-0.112546444,-0.07789265,0.27269056,-0.21656217,-0.16311142,0.16450787,0.14456855,-0.15645312,-0.05251287,0.22497572,0.0180581,0.05673734,-0.026927771,0.09460319,-0.021078825,-0.37015072,0.17999005,0.23345967,-0.027498718,0.06929537,-0.11902377,0.04013805,-0.045469027,-0.055742864,-0.1963491,0.07305894,-0.05262814,-0.15594526,0.39749008,-0.07252553,-0.054156795,0.10091269,0.10247119,-0.004082119,0.06678372,-0.063725516,-0.17765631,-0.4804325,-0.08425104,-0.01526109,-0.24505801,-0.037851956,-0.12515733,0.110732235,-0.08165738,-0.07538477,-0.62313324,0.12607804,-0.0062318416,0.051668365,0.68596226,-0.09623977,-1.5623647,0.17726229,-0.015456896,1.1808695,0.16270776,-0.117036216,0.4620452,-0.2666137,-0.20058046,0.62853974,0.11537964,0.3052907,0.069330946,0.09266396,-0.20225364,0.04682763,-0.10327219,0.006939525,-0.29710677,0.00076081976,0.1519654,-0.035075314,0.01783319,-0.4794584,-0.0799855,0.35247925,-0.09680182,-0.20578581,0.08649285,-1.0147275,-0.082873285,-0.1408457,-0.031088354,-0.027778292,-0.23693442,0.0073894393,-0.067816585,-0.011607707,-0.06644337,-0.26927835,-0.10860976,-0.19937362,-0.28597605,0.20246159,0.19652158
159,neutral,-0.27905822,0.28241596,0.033208545,0.29925394,-0.12923111,-0.20096876,-0.16270518,0.061534002,0.0029423598,0.20136398,-0.020330857,-0.14277436,0.14077623,-0.0073674503,0.009747734,-0.15328741,0.04109425,0.10905454,-0.2126308,0.044261057,0.19118164,-0.04603585,-0.052408688,-0.16457906,-0.1298642,0.0026414325,-0.07084235,-0.055600498,-0.041990366,-0.013497309,-0.027477697,0.26880917,-0.100768074,-0.057632487,0.18786015,0.21097979,0.18425241,0.07537958,-0.019084096,-0.06797555,-0.26198933,-0.19413081,0.061706968,0.080012925,0.06939508,-0.18772584,0.09838991,-0.14949039,-0.18449165,-0.62355465,0.16301212,0.12109562,0.13383356,0.7935757,-0.07279336,-1.8002603,0.051584553,-0.46232235,1.5166843,0.32722583,0.0058789435,0.40504527,0.11668005,0.0538563,0.8388198,-0.21538526,0.04837553,0.14585294,0.19801901,0.089958414,0.12607345,-0.38054335,-0.10561482,-0.43525425,0.05742328,0.06007924,0.063056536,0.05846395,-0.7120587,0.17854226,0.562438,-0.13180436,-0.11924096,-0.024462733,-0.96820784,-0.16143714,0.20800439,-0.053062987,0.021015983,-0.31705382,-0.27367875,-0.07829408,-0.07292305,-0.088379174,-0.51733184,-0.009735572,-0.1577177,-0.23277946,0.5906183,0.21759266
160,negative,0.007169248,0.27309188,0.24864674,0.24321249,0.10014428,-0.31240013,-0.28894362,0.15622799,0.1667015,-0.029004728,0.07521647,-0.11152588,0.2886111,0.255252,-0.17733024,0.08800834,0.18813896,-0.2895471,-0.3882457,-0.21714321,0.43275186,-0.041619584,0.1714038,0.21116377,0.013535279,0.14883664,-0.022951895,0.02882251,0.6878925,-0.12441556,0.08371032,0.36552793,-0.10757678,-0.048519034,0.06531998,0.13924953,0.3138687,-0.21247897,-0.16395563,0.08286774,-0.55159396,0.12616776,-0.013744327,-0.22876427,0.18259041,-0.15527308,0.64408416,-0.2184578,-0.370324,-0.604633,0.10167584,0.26267335,0.017822068,0.8578451,0.13337567,-1.7667241,0.17343006,-0.16839659,1.4166598,0.28131098,-0.31454828,0.19069764,0.18471016,-0.18292104,0.5129054,0.0794376,-0.27120447,0.25597662,-0.079193585,0.25567532,0.094752476,0.019424826,-0.2946123,0.06478198,0.19020928,-0.012085421,0.0851195,0.3502025,-0.7452823,0.19353968,0.62474614,0.35341102,-0.13224255,0.3030117,-1.0977185,0.26741618,-0.15052465,-0.14216773,0.0084578935,-0.23141353,-0.10649276,0.17276527,-0.22187112,0.44631368,-0.15850474,0.091209516,-0.012911856,-0.3173597,0.3719175,-0.22088122
161,neutral,-0.08005839,-0.025348498,0.20683514,-0.04909945,0.08042604,0.012769714,-0.14766349,0.040412214,0.023174047,0.22331569,-0.10452573,-0.03494701,0.31685293,0.09886912,-0.087499805,0.005782676,0.021398168,-0.19953206,-0.49888235,0.010199377,0.35043076,-0.2390566,0.13258882,0.009136572,-0.20421825,0.011375077,-0.092659816,-0.052814312,0.25925913,0.10324889,0.102306925,0.2492671,-0.08316867,0.01944491,0.10657349,0.016308434,0.1327103,0.02336171,-0.08123345,-0.113435045,-0.44443753,-0.02585533,0.34435213,-0.13349563,0.054438777,-0.072684005,0.14263661,-0.10767447,-0.17694157,-0.47912645,0.06678555,0.07276438,0.10719439,0.83190876,-0.025846582,-1.7144017,-0.017678188,-0.27516562,1.3222741,0.37565503,-0.027940568,0.16877548,0.03851721,-0.037591033,0.6286739,0.07673745,0.025927667,0.40153235,0.069983825,0.12558937,-0.014117812,-0.33620486,-0.19551453,-0.40296334,0.11127352,-0.020521345,-0.13531259,0.15881169,-0.67059004,0.0013797969,0.503255,-0.17559323,-0.23652717,0.058921248,-0.90593594,-0.0929023,0.09718046,0.11567079,0.15901972,-0.26365337,-0.028889336,-0.02292817,-0.12599257,0.20915823,-0.44047078,0.11385827,0.017215988,-0.065661736,0.39258528,0.089145035
162,neutral,-0.3108559,0.29633847,0.3665643,-0.20744893,-0.076930895,0.46433356,-0.115507506,0.09258079,-0.091115706,-0.16166106,-0.00015529043,0.115285456,0.2925958,-0.08581789,-0.06470842,-0.1275571,-0.15672928,0.22301021,-0.34931687,-0.18539193,0.17110227,-0.018217415,0.07204775,-0.45792297,-0.15269502,-0.22031981,-0.27253568,-0.207812,0.5660231,-0.13417684,0.19106643,0.5649448,0.17599604,0.13722369,0.099639826,0.22824019,-0.03813195,0.0032397856,0.13496561,-0.34036013,-0.26009458,-0.24558629,0.22560391,-0.35519773,-0.36359966,-0.086009175,-0.104111455,-0.19451807,-0.34616905,-0.7717752,-0.19985846,-0.19441904,-0.0044981046,0.69750756,-0.15093377,-1.6231331,0.06793837,0.2631798,1.1005496,0.14964521,0.03436581,0.48119155,-0.0012121779,-0.09669078,0.60031146,0.0487358,0.6567084,0.45806828,-0.073033735,-0.22278315,0.2299043,-0.17016745,-0.27682227,-0.3607982,0.0379968,0.10466912,-0.283491,-0.14890605,-0.18463467,-0.26424736,0.081431024,-0.13503957,-0.17033808,-0.020884207,-1.0068545,-0.28580546,0.21020757,0.039294083,-0.03088672,-0.3059389,0.22354539,-0.14182422,-0.13507019,0.1794321,-0.4757581,-0.048933316,0.1329853,-0.2539819,0.34506324,0.07777422
163,neutral,0.00045504374,-0.04668992,0.30856642,-0.056042,-0.037193526,-0.044012964,-0.0338604,-0.11355979,0.0011380446,-0.06050398,0.052159898,0.0058856714,0.18817978,-0.0868778,-0.10107603,-0.11528871,0.082159206,0.10044869,-0.29035637,0.2740824,0.14513099,-0.117143385,0.09498196,0.03256743,0.048551954,-0.0730049,-0.042046525,-0.41955718,0.043758605,-0.05628714,-0.043549273,0.39961076,-0.022200674,0.010503654,-0.010434179,0.215278,0.044281866,0.06461903,0.010909576,-0.15218672,-0.2345089,-0.16390996,0.30249736,-0.1685252,-0.007231136,-0.20997861,-0.058220915,-0.040065788,-0.04237372,-0.4882708,-0.11767614,-0.09084134,0.061599325,0.65881556,0.008447721,-1.703984,-0.15534967,0.02248263,0.96733046,0.31587383,-0.20383231,0.38502678,-0.2547171,-0.13819335,0.39649814,0.09440547,0.3045708,0.3746532,0.03767471,-0.07101849,0.05099988,-0.13358516,-0.20230222,-0.30285034,-0.0642349,-0.023399383,0.011120628,-0.046880245,-0.55622715,0.0034356134,0.46461287,-0.1364393,-0.10009474,0.02997641,-0.8007925,-0.23140419,-0.23963252,0.07582167,0.1059815,-0.35839856,0.054601975,0.00876941,-0.02977024,0.059951317,-0.35262385,0.118778974,0.12152769,-0.1855683,0.4834122,0.0813838
164,negative,0.14179355,0.11212042,0.5328148,-0.22419661,-0.12506106,0.043172322,-0.36072788,0.0633223,0.04703244,0.17554133,0.06945332,-0.03998974,0.11788256,0.22249514,0.13101752,-0.051717818,0.35342482,-0.23217578,-0.50958174,-0.26367068,0.44809252,-0.1281788,-0.10111481,-0.07511827,-0.0009842811,0.31683883,-0.33663493,-0.09498018,0.4091232,-0.17421855,0.25233904,0.22814827,-0.08157771,-0.04149738,0.019480133,0.12873055,0.08067981,-0.100504,-0.123604335,-0.17274673,-0.2378018,-0.12942064,0.29752976,-0.16643144,-0.1728876,-0.19809303,0.44750336,-0.10053923,0.12092635,-0.4448148,0.066191666,0.3528679,0.40380988,0.90476084,-0.070218205,-1.6600751,0.10276824,-0.30254656,1.3952177,0.2368614,0.12046145,0.18437621,-0.26457536,-0.22454496,0.55016136,-0.14674783,0.26002416,0.28339702,-0.34104708,-0.10039402,-0.08406972,-0.07991771,0.022874033,-0.29848027,0.23946156,0.31602687,-0.06966889,0.3168537,-0.4831522,0.21953295,0.52740544,-0.06375277,-0.18571447,0.048257392,-0.93465936,-0.036001407,-0.043113355,0.14198631,0.18571651,-0.20573327,0.041799307,-0.1481056,-0.2828141,0.081736974,-0.3310682,-0.07163969,-0.12332939,-0.023180453,0.38071403,-0.022907821
165,negative,-0.08380091,0.122523904,0.3943612,-0.10441302,-0.34206828,-0.12999246,-0.21857195,0.116427645,0.20299534,-0.07172108,0.21700649,-0.032594968,0.16385435,-0.015159414,-0.17844406,-0.076719165,-0.07795512,0.17105913,-0.47176462,0.23064704,0.086607985,-0.07459137,-0.06628666,-0.046777595,-0.2334384,-0.016996367,-0.07717017,-0.15392196,0.026581902,0.121432014,0.032915,0.36971053,-0.095519364,-0.09069482,-0.0053974856,0.22083925,-0.12282288,-0.042669173,0.18674347,-0.07543788,-0.3935912,-0.040403303,0.07654728,-0.23634613,-0.23107637,-0.25806046,0.08605584,-0.19745323,-0.2879616,-0.6924736,0.31438237,-0.04719847,0.020051021,0.56050813,-0.21737678,-1.2560704,0.19498634,-0.100001104,0.9804517,0.1526652,-0.17537595,0.19764473,-0.12211272,-0.01968651,0.4943261,-0.2240988,0.24510321,0.5572561,0.008612428,0.13022536,0.16817123,-0.20590284,-0.20877747,-0.37874335,0.1650963,0.03712091,-0.13562919,0.14384948,-0.5540783,0.016917534,0.3999486,-0.18942659,-0.24313337,-0.1831034,-0.9806118,-0.17766595,0.04722867,0.10897306,-0.045282714,-0.4170064,0.1425194,-0.0041648736,-0.02977944,-0.120141655,-0.16295741,0.11011698,-0.034223415,-0.11505507,0.08628089,0.30986384
166,negative,-0.16375738,0.20635083,0.17713478,-0.14721349,0.26390484,0.16970083,0.025001042,-0.22697912,0.10100521,0.42751858,-0.1526853,-0.11293772,0.15461993,-0.024656478,0.24404702,0.08301146,0.15271151,-0.18609749,-0.29512846,0.0193474,0.25193954,-0.08055467,0.34017047,-0.09306379,-0.045670163,0.020451684,0.11401281,0.17717277,0.18913038,0.1711879,-0.04786132,0.2883628,-0.3866291,0.11548514,-0.034630194,0.05290941,0.11389796,-0.11849308,-0.11032197,0.068737686,-0.40696803,0.042682175,-0.16903213,0.043349113,0.33948657,-0.22200555,0.16882573,-0.25955036,-0.20089607,-0.59711915,0.19437958,0.2938127,0.22796506,0.91549593,-0.02446615,-1.6108866,-0.13264179,-0.0629041,1.0579436,0.10436519,0.13020946,0.68501645,0.1161044,0.023285992,0.55670786,0.06554351,0.25847787,-0.06304303,0.059772775,0.12592173,0.1739091,-0.3404019,0.024842728,-0.087193236,0.048958056,0.10422113,0.2937912,0.13553897,-0.73835397,0.08217574,0.54194146,-0.124095656,-0.25355062,-0.041697867,-0.95716125,-0.076102205,0.18292756,0.07253313,-0.032676537,-0.31283942,-0.04664202,-0.04562975,-0.2613617,-0.05232432,-0.21910845,0.17813808,0.019853277,-0.247681,0.49020687,0.14051773
167,negative,-0.057634894,0.09226271,0.15471885,-0.14219068,0.079284325,-0.05440438,-0.023189642,0.086243145,0.08440189,0.13502038,0.08674599,0.07107507,0.1186275,0.0706321,-0.04182005,-0.05838864,0.099392615,0.03317412,-0.59993136,0.22101033,0.16793756,-0.13107617,0.121038914,-0.13221656,-0.004289645,0.27001202,-0.079942465,-0.33162215,0.24560119,-0.10677131,-0.05606225,0.37356946,-0.100833885,0.031601682,-0.08562128,0.050357323,0.0065278956,-0.056120526,-0.13762987,-0.21316247,-0.29360798,0.054609086,0.13135691,-0.22494209,-0.04407461,-0.16581069,0.14503293,-0.18461956,-0.006051108,-0.6755316,-0.07307422,0.015874231,0.101105586,0.8294835,0.009268363,-1.6843879,-0.05702871,-0.0043896046,1.1310413,0.122386634,-0.05249655,0.4068776,-0.16282664,-0.22906448,0.6046687,0.09739629,0.15192609,0.32096457,-0.015688475,-0.17534535,0.216085,-0.27598718,-0.40633053,-0.22026937,-0.042207807,0.09510965,-0.12545808,-0.118943594,-0.54205054,0.019916186,0.5111411,-0.077215776,-0.35710573,0.1220412,-0.8477007,-0.001268981,0.1870302,0.15937832,-0.13330251,-0.07788767,-0.07745319,0.020369738,-0.21153593,-0.09865805,-0.47492018,-0.17792052,0.05541754,-0.07915293,0.15007307,0.14543465
168,neutral,-0.28296298,0.4071324,0.087890364,-0.16984624,-0.08791783,0.3699007,-0.22188565,0.066607356,0.09204655,-0.21586688,-0.023788385,0.11819045,0.31147322,0.20808482,-0.11048331,-0.116171345,-0.22842118,0.30829555,-0.41086605,-0.18524657,0.12157355,0.030115545,-0.26781967,-0.14646928,0.18354367,0.38082686,-0.2459131,-0.40470877,0.5561352,-0.60759705,0.17531176,0.4062639,-0.16227041,0.0016610414,-0.12295973,0.11487788,0.12390386,0.049694717,0.036758557,-0.38330618,-0.45455316,-0.51874477,0.15424082,-0.6327227,-0.3263156,-0.21068616,-0.14395803,-0.05810063,-0.090772346,-0.71069854,-0.19422653,-0.09230174,0.041272633,1.0409019,0.2335563,-1.9610441,-0.21977118,-0.0798731,1.3245586,0.16920146,0.12571855,0.5389925,-0.45859444,-0.07079837,0.5638244,0.23464294,0.19792931,0.6903935,-0.23101123,-0.33430135,0.24269688,0.061238546,-0.12158244,-0.644809,0.27412364,0.13558081,-0.33396915,-0.11876095,-0.0257755,0.07076366,0.38405415,-0.0655523,-0.5541433,0.09103789,-0.8780606,-0.17820016,0.2620163,0.19572759,-0.055827685,-0.07360638,-0.2546018,0.13480777,-0.088282734,-0.28898585,-0.5104813,-0.4168821,0.086661085,-0.09504316,0.45930606,0.18239021
169,positive,0.1749034,0.4067966,0.6109467,0.0462629,0.017943963,0.14546508,-0.24985695,0.16864161,0.084077545,-0.14256476,-0.012891286,0.21578056,0.37556142,-0.09605946,0.010149674,-0.37863058,-0.03860873,0.54484636,-0.49792215,0.5076527,0.5705546,-0.019824237,-0.06488667,-0.4172379,0.114193805,0.07262514,0.019142063,-0.33096257,0.33094093,-0.52671826,-0.06068457,0.29858395,-0.23273703,-0.18360716,0.0741042,0.39723176,0.11922625,0.1559138,-0.13442911,-0.1563203,-0.15917638,-0.023570908,-0.019453473,-0.24813835,-0.14740227,-0.24397655,0.108928286,-0.089950085,-0.15884483,-0.84003764,0.08082032,-0.14711785,0.12563796,0.88399297,-0.15556636,-2.1093712,0.27937564,-0.22357582,1.2988403,0.40250203,0.18282388,0.45735446,-0.39021352,-0.23328301,0.63238865,0.10734203,0.2981732,0.26451668,-0.12339892,-0.4174898,0.104798876,-0.18924604,-0.060095247,-0.20268701,0.08371167,0.08092298,-0.29507312,-0.25936663,-0.5577647,-0.05083965,0.22696394,0.14653388,-0.3903211,0.041114923,-1.1657081,0.005565476,0.18189389,-0.22618382,-0.03917172,-0.016721228,0.025942497,0.0034051142,-0.16772793,-0.16089812,-0.5239947,-0.26812863,-0.05935196,-0.3218215,0.33752796,0.18100588
170,neutral,-0.19856441,-0.013838191,0.417682,0.043885656,-0.17694256,-0.024478234,-0.36525896,0.043372974,-0.14529593,0.28367218,0.15087101,-0.10416989,0.3740452,0.100638784,-0.2835638,-0.30330312,0.13917966,-0.21229936,-0.0601729,0.0984864,0.37657395,0.009048601,0.18823288,-0.33302236,0.12825279,-0.20763269,0.12444117,-0.29106313,0.16763376,-0.016165864,-0.46059266,0.10018473,-0.18570432,-0.09851105,0.14913195,0.30234927,0.01896621,0.4768948,0.11604418,-0.02540263,-0.56060964,-0.23422419,0.18140535,-0.10522287,0.4060276,0.21089935,0.08323783,-0.009936308,0.19889478,-0.32313117,-0.29058605,0.24252056,0.08693928,0.8738934,0.05719654,-1.5239636,-0.08286367,-0.16700214,1.614075,0.32975665,0.11668514,0.351994,0.123916194,-0.2919079,0.2027087,-0.019706639,-0.40642333,0.12535483,0.04879595,0.023079645,-0.24126464,-0.4174702,-0.34693968,-0.19922024,0.16046964,-0.018971622,0.24181658,0.06580836,-0.85884184,0.16481605,0.51013047,-0.2612382,0.09739014,0.36730868,-0.5582021,-0.49037236,0.07103372,0.12137468,-0.2162923,0.014812134,-0.07324912,0.0045698923,0.101280816,-0.12306783,-0.28745133,0.46480277,0.18729779,0.1557098,0.2576636,-0.027782673
171,neutral,-0.049999353,0.21557504,0.26819447,-0.29558378,-0.22928843,-0.008483892,-0.17938504,-0.1204184,-0.2496668,0.07554979,0.012771718,0.12421417,0.24787405,0.34209123,0.2220607,-0.123375885,0.29767752,0.33677974,-0.13645926,0.11894546,0.18294342,0.011818105,0.073363625,-0.2697882,0.24771528,0.07658638,-0.20642594,-0.40985495,0.07784015,-0.17613555,-0.16303821,0.2479443,0.0460797,0.21734479,0.36047003,0.13027443,-0.01178581,0.05004895,0.07544589,-0.0810272,-0.35819334,-0.22939101,0.06572073,-0.305638,-0.12415937,-0.18611965,0.24396725,-0.2873203,-0.22544797,-0.8557847,0.35965848,0.04953409,-0.0069670035,0.90329075,-0.028055944,-1.9246128,0.0099997865,0.23196179,1.5955881,0.24907511,-0.10804056,0.72328585,-0.17698297,0.126984,0.5086928,-0.09400099,0.33110002,0.15705489,-0.22199138,-0.25187084,0.0076854164,-0.3409473,-0.17851762,-0.20325834,0.46752727,0.26392582,0.12902363,-0.1376406,-0.44281715,0.24491282,0.34229553,-0.14061318,-0.29608658,-0.30831,-0.994278,-0.25318623,0.2837123,-0.18501647,0.07629353,-0.1022751,-0.22710167,-0.023452643,-0.040664986,-0.16473287,-0.40816256,-0.13008772,-0.19055422,-0.24611954,0.23088309,0.04702859
172,negative,0.07145599,0.12636209,0.41924056,-0.0822202,-0.2734958,0.21852547,-0.1118463,0.059479937,0.10416485,0.057424556,0.059072904,0.276496,0.07175706,-0.0791042,0.033065405,0.07521791,-0.07182612,0.18616214,-0.1943122,0.22522771,0.20316207,-0.13970993,0.052423023,-0.15826502,-0.03971785,0.1613511,-0.19348145,-0.41450366,0.36522785,0.02408465,0.12795122,0.15572056,-0.03671045,-0.13664822,0.03139622,0.07133535,-0.07287292,-0.08571717,-0.05602692,-0.1192109,-0.35632953,0.11209484,-0.12540835,-0.31167272,-0.2559295,-0.33616564,0.23705262,-0.20772973,-0.22001024,-0.6627394,0.08910309,0.05903765,0.17873843,0.60068905,-0.16734074,-1.2434545,0.20582101,0.0002685768,0.9392143,0.11313336,-0.21100491,0.16801865,-0.15526856,-0.084133826,0.41692552,0.13070618,0.112770356,0.20026992,-0.29001784,-0.21248691,0.023315798,-0.16830575,-0.14797662,-0.1580065,0.045951016,0.09406763,-0.03595147,0.049628355,-0.43085745,-0.15953028,0.020466838,0.024618782,-0.23409928,0.040904325,-0.8678289,-0.3200406,-0.056645557,0.102143526,-0.08537216,-0.20843413,-0.102023765,0.0046147113,-0.077055596,-0.00085081754,-0.17225966,-0.016659271,0.109849446,-0.13011803,0.13741072,0.18838549
173,negative,-0.24714148,-0.03592399,0.15018654,0.06698869,-0.0018025122,0.2416678,-0.14122844,0.327506,0.11724356,0.32148463,-0.2516538,-0.05447072,0.45696694,0.30983573,0.056942377,-0.27263042,-0.039017726,-0.44359398,-0.71436447,0.30185363,0.5640379,0.09952863,0.13113454,0.16822973,-0.48541212,-0.07039798,0.02901764,-0.2581329,-0.082882434,0.038215343,-0.02168833,-0.076729044,-0.012299945,0.050514065,-0.20649862,-0.2690388,-0.09802748,0.23125857,0.098143354,0.16076072,-0.2917919,-0.15797709,0.090549104,-0.2118012,0.48289084,-0.14678796,0.035308238,-0.14074507,-0.12080384,-0.41385853,-0.16082992,0.038409136,0.032160003,0.75709695,-0.33943653,-1.4717373,-0.14863338,-0.30809596,1.4524757,0.39720806,-0.05553079,0.4394171,0.17426895,-0.009025854,0.25406498,0.07616045,-0.042689096,0.040941488,0.06676064,0.059111852,-0.1376361,-0.4683208,-0.048584417,-0.19535469,0.28722104,0.0032862555,0.010014757,0.26452956,-0.7453355,0.08617434,0.37862515,0.29267332,-0.48094997,-0.22536077,-0.7309127,0.0027626748,-0.12014097,0.17413384,0.04192109,0.2534643,0.67635834,-0.25594294,-0.15772806,0.28038478,-0.61101747,0.53422236,0.32562745,0.11387453,0.47613466,0.026346497
174,neutral,-0.2732835,-0.17848325,0.27043808,0.06297185,-0.10834867,-0.15081586,-0.470972,-0.22412917,0.06944018,0.23104385,-0.26036093,0.06670446,0.24732272,0.06853584,-0.13146779,-0.036150947,-0.142117,-0.11728287,-0.6171964,-0.04329169,0.13554868,-0.26554698,-0.01478736,-0.23711003,-0.12296404,0.21467459,-0.13397683,-0.16558623,-0.006081526,-0.07614453,-0.12812193,0.24714555,-0.257428,-0.1767177,0.07479476,-0.06799162,0.17092554,0.0629425,-0.22608092,-0.009018774,-0.568041,-0.110861726,0.32405725,-0.17394777,0.18177702,-0.26689687,0.23999697,-0.1368801,-0.4367438,-0.59954786,0.17169702,0.07467161,-0.13558269,1.0515374,0.17501356,-1.6465088,0.32048643,-0.25483462,1.1500889,0.24911128,-0.23296843,0.19611572,-0.1257724,-0.10666187,0.40531865,0.119989045,-0.08608669,0.2117246,0.013738743,-0.18937793,0.27755216,-0.38671294,-0.010124597,-0.48763648,0.09584447,0.17497616,-0.21301703,0.36885732,-0.7414594,0.26763165,0.5631198,0.1477753,-0.07919099,0.07778597,-0.892257,0.008198486,0.012182326,0.38955858,0.06559613,-0.5941478,-0.0536155,-0.12935415,-0.25379816,0.15940847,-0.29401085,0.2274636,0.1946281,-0.28502354,0.44344848,0.29630682
175,neutral,-0.19223084,0.11925001,0.13061848,0.042481545,-0.13955654,-0.18040404,-0.19774847,0.050214414,0.11511749,0.06381603,-0.0996872,0.033975776,0.20796359,0.022457229,0.047127955,-0.13138025,0.062366284,-0.049335487,-0.3590075,0.014098593,0.1721647,-0.14371207,-0.049101155,0.020098511,-0.08976452,0.30849245,-0.17839757,-0.20810519,0.2586045,0.020098625,-0.022193195,0.10381693,-0.15872543,0.08334711,-0.11018294,0.12830934,0.20653096,0.09824231,-0.17288175,-0.14768359,-0.4371983,-0.09769917,0.20973985,-0.14294595,0.12746018,-0.16443118,0.045300137,-0.06231292,0.011459863,-0.5448698,-0.021089718,0.024025522,0.15198262,0.87454814,-0.070925236,-1.4301974,0.1790327,-0.22463317,1.1676719,0.16030169,-0.079170674,0.3818749,-0.28907275,-0.36777028,0.60812443,0.07761249,0.17956786,0.09279975,-0.105633125,-0.27231747,0.10626294,-0.34290797,-0.14177349,-0.45658773,0.15909944,0.22218347,-0.16442558,0.025148788,-0.52224916,-0.024597563,0.6641051,-0.0048137675,-0.1844989,0.16907175,-0.780514,-0.18491988,0.09942577,0.16826525,0.042510435,-0.19026768,0.001594143,-0.040019855,-0.09322008,0.14064671,-0.48098835,0.03616384,0.084323406,-0.31690717,0.4244453,0.071299165
176,neutral,-0.0138421105,0.2433068,0.2590926,-0.37675428,0.15742627,-0.06397686,0.25188312,-0.0641273,-0.42165512,-0.30178148,0.2316962,0.17058837,-0.08321329,0.07181757,-0.16272865,-0.12636125,0.052539818,-0.102742545,-0.5088711,0.10283928,0.109770514,0.18484144,0.30184302,0.46517295,0.008384694,0.10042157,-0.170591,-0.4800781,0.32198238,-0.101577155,-0.31746072,0.120893106,0.0884382,0.13708484,0.20624301,0.24605599,0.11680559,0.33061358,-0.25634167,0.060015,-0.150296,-0.0031147627,0.26734015,0.14928097,-0.13942133,-0.095253415,-0.2001023,-0.38250136,0.24972166,-0.13654359,0.10459919,-0.18997744,-0.33306748,0.26576972,-0.26050928,-1.9075155,-0.2990578,0.19047353,0.5149123,0.56575817,0.047568664,0.7085928,-0.21948373,0.42783743,0.29731855,-0.11909534,0.42048734,0.43634933,0.098087296,0.006716386,0.004067412,-0.018362405,-0.1792016,-0.19365986,0.24203174,-0.07015353,-0.09011441,-0.2361081,-0.26227635,-0.24310257,0.35845912,0.073800765,-0.41626817,0.11847849,-0.7063786,-0.22338818,-0.23646176,0.14201632,-0.076098435,-0.19312367,-0.12501559,0.1550466,0.1662512,0.2908988,-0.13539498,-0.039229263,-0.11075931,-0.20160878,0.0955262,0.13699211
177,neutral,-0.2862535,0.008987348,0.3191927,-0.059180073,-0.1094615,-0.16407302,-0.14631574,-0.05086117,-0.25518775,0.5287379,0.25023955,-0.23734811,0.077815466,0.060449287,-0.065334156,-0.20625746,0.377345,-0.16518214,-0.4176981,-0.07265136,0.38970986,-0.1961748,0.10427695,-0.15221736,-0.08297499,0.10232042,-0.30620605,-0.30710092,0.14523329,-0.036026858,-0.28800252,0.2936691,-0.1710021,-0.051605586,0.07559176,0.27319157,-0.29721802,0.023784906,0.3514571,0.0889555,-0.45366856,-0.16957074,0.29988116,0.13984022,0.30390865,-0.05416069,0.072810516,-0.13059504,0.05918957,-0.52608174,0.34316084,-0.10952893,0.12581857,1.1085454,0.019935802,-1.7627238,0.1494122,-0.3004579,1.5402545,0.48980224,-0.18962513,0.42773366,0.18629426,0.04053665,0.4739071,-0.12200251,-0.021957966,0.35704494,-0.096491314,0.5696845,0.17824179,-0.38607332,-0.18009286,-0.37548095,-0.010659833,-0.0048751687,-0.14855576,0.21572153,-0.8887204,0.2971723,0.653491,-0.17988022,-0.09705912,0.15176795,-0.9561268,-0.04844072,0.20716457,0.08259974,-0.030159613,-0.34055027,0.089486174,-0.013385091,-0.14920434,0.10978717,-0.41836983,0.12489183,-0.112875804,-0.11137244,0.25336188,0.09692396
178,neutral,-0.1653156,-0.100029886,0.28965637,-0.05942491,0.08839069,-0.13926539,-0.18302585,-0.13276955,0.17212981,0.21615382,0.1836319,-0.009818614,0.36545292,0.063443676,-0.1285691,-0.13122809,0.075470805,-0.22626185,-0.4721948,0.07555725,0.23687696,-0.17342457,0.21985534,-0.10201628,-0.14479385,-0.12239019,0.012934224,-0.2730959,0.2004228,0.07167904,0.18986768,0.17883894,-0.19506676,-0.12523915,0.0874337,0.10481884,0.12848046,-0.017458115,-0.08466031,-0.06420142,-0.3525174,-0.08853293,0.28777653,-0.055516608,0.22821409,-0.29496497,0.08976523,-0.008978036,-0.18323813,-0.5672214,0.19122829,0.063662164,0.12837467,0.97865474,0.16713357,-1.6963228,-0.07268044,-0.2681709,1.3664821,0.3873023,-0.15875809,0.19211018,-0.10833336,-0.06972364,0.50888556,0.09562939,0.06999863,0.30263638,0.061718315,0.112611495,0.23979747,-0.38672072,-0.1375475,-0.39002255,0.10474163,-0.17852485,-0.16391116,0.15689857,-0.7706037,0.15141809,0.5541496,-0.024573267,-0.3171474,0.05671547,-0.8598781,0.044275273,0.17588657,0.14419661,-0.00611492,-0.14855142,0.1962655,-0.12089732,-0.05860855,0.20300695,-0.351762,0.105164714,0.0043833996,-0.28828505,0.32450253,0.20890777
179,neutral,-0.079477474,0.18601334,0.11256312,-0.09832776,0.0015872944,0.1240115,0.21773425,0.26721036,0.08625425,0.026716135,0.20671734,-0.01815964,-0.052582543,0.04403196,0.1925407,-0.24776146,0.1843885,-0.065363586,-0.1682519,-0.037195683,0.27577633,0.112003125,0.07317143,-0.15517336,0.0058184927,-0.12379283,-0.016623858,-0.14520429,-0.09304584,-0.10019628,0.06458444,0.42788184,0.04033321,0.14011091,0.035851575,0.26191986,-0.14014648,0.023707889,-0.28917617,-0.41797513,-0.038384162,-0.13189094,-0.08543932,-0.039996248,-0.107682236,-0.17127079,0.078304656,-0.32946762,0.026596535,-0.49100146,-0.095882595,0.087423876,0.1208782,0.5437354,0.033671595,-1.4970455,-0.24780197,0.05086875,1.0287907,0.31430274,-0.1797999,0.44509056,-0.0494254,0.0032054754,0.3864301,0.0684634,0.008966389,0.12444245,-0.10956812,0.06359998,0.007186406,-0.2564968,-0.1729917,-0.15228601,0.19567981,0.13242428,-0.2107724,0.038010694,-0.38559726,-0.018431881,0.114225365,-0.36458325,-0.1381215,-0.042341646,-0.7805207,0.25114307,-0.16642737,-0.104869716,0.062383495,-0.18308422,-0.06910018,0.027905827,0.15030722,0.018268138,-0.21168284,-0.19643655,-0.34930268,-0.19252397,0.6339083,0.086343765
180,neutral,-0.30237344,-0.106583744,0.0665593,-0.31453425,0.124473765,-0.009516338,0.07628364,0.30788857,0.004037796,0.013292609,0.28826642,-0.09029832,-0.06609843,-0.08866241,0.16292231,-0.28972918,0.050859887,-0.08832916,-0.14010051,-0.029637897,0.030079385,0.007583668,-0.05974733,0.067981996,-0.037790623,-0.312114,0.0607516,-0.090338655,-0.027608605,0.08018807,-0.10284881,0.31205907,0.0006970997,0.20224549,0.08511207,0.29367435,-0.04661274,0.12212276,-0.026273256,-0.17308208,-0.12571512,-0.1995276,0.04155896,-0.07701385,-0.16086705,0.059253827,-0.1271213,-0.16495045,0.1528728,-0.43746486,-0.02048988,0.11553225,0.17253335,0.49330825,-0.21877842,-1.4611307,-0.2655062,-0.14032546,1.1217991,0.3462394,0.025827574,0.22995669,-0.027604446,-0.067261696,0.32614055,0.0781719,0.053479526,0.16374962,0.18748355,0.12314292,0.066212416,-0.13049193,0.013681074,-0.4320144,0.06772774,0.18198815,0.10618762,-0.008800884,-0.5592011,-0.010922712,0.36368856,-0.17926998,-0.08875568,-0.045123868,-0.7910113,0.0955361,-0.0180195,-0.033382375,0.11082935,0.2433345,0.020822339,0.17031582,0.007458478,0.070811324,-0.19272034,-0.05496922,-0.027671749,-0.0027311123,0.42987555,0.036692917
181,neutral,-0.042437352,0.16166636,0.09751086,-0.3107943,-0.101523414,0.18017364,-0.38808882,0.06919829,-0.34423095,-0.15172705,0.04971209,-0.035893705,0.38555518,-0.12319239,-0.0018875017,-0.32029182,0.086402655,-0.14885798,-0.20479177,0.31014398,0.29472384,0.08744922,-0.19793685,0.003234781,0.40087718,0.18552755,-0.15350802,0.06816199,0.21501844,0.25433856,0.2058443,0.37778687,-0.04254549,-0.23032548,-0.12906615,0.2151949,0.063959554,0.09577521,0.17055705,-0.06988334,-0.28562304,0.053032685,-0.07073373,-0.24830966,0.029000258,0.034117088,-0.08595711,0.13060494,0.16493335,-0.40319484,0.021628259,0.012388589,-0.0035420393,0.78210175,-0.054929245,-2.0205805,0.06500038,-0.1410636,1.556834,0.42039838,0.32539803,0.4071991,-0.06849828,-0.25871393,0.5685058,0.16780287,0.043073203,0.067291714,-0.022553392,-0.2703914,-0.036064304,0.008160977,-0.026160158,-0.2972344,0.09969499,0.12862338,-0.100337304,-0.28163788,-0.74269646,0.075715266,0.24422418,0.08920719,-0.18521431,0.20161772,-0.9543864,-0.52957386,0.07335635,0.20109655,0.27800533,-0.17331281,-0.040621772,0.049548354,-0.073603444,0.1539461,-0.38484782,0.29512033,0.14576131,-0.27480826,0.2833472,-0.034526516
182,neutral,-0.23154925,0.1639464,0.2665991,0.0026292612,-0.08827522,-0.36324382,-0.1545844,0.26555988,-0.021738933,0.35141963,-0.017941924,-0.2541266,0.23049776,-0.029735014,0.12028424,-0.503903,-0.016720008,-0.124830574,0.24563181,-0.31431037,0.4120603,-0.35592687,0.23164335,-0.09344297,0.12514797,0.2960391,-0.24234955,0.07888205,-0.13960752,0.05820612,-0.10688562,-0.053243652,-0.19848566,0.09667692,-0.1563871,0.16690712,0.17549126,-0.03603328,-0.02569412,0.06391888,-0.33977395,-0.24119304,-0.074922465,-0.40451485,0.6693179,-0.0734917,0.2221026,0.29293677,0.10685772,-0.43656522,0.23248444,0.093780674,0.28635988,0.7498623,-0.047609612,-1.3344737,-0.015000731,-0.11517744,1.033896,0.09417625,-0.47428122,0.8046069,-0.25336576,0.061373547,0.046927985,0.34326023,0.07509581,0.026772251,-0.28865597,-0.08358184,0.4154864,-0.530084,0.21821438,-0.5188891,0.040406693,0.030012732,0.23614173,0.045563187,-0.5501824,-0.031600114,0.5737782,-0.050942067,-0.39917135,0.12861174,-0.67850846,0.08138435,0.08183686,0.08085384,0.24315636,-0.11087461,0.14643516,0.16281281,-0.3121047,-0.058834154,-0.55168605,0.61784,0.13324256,-0.03257041,0.23355938,-0.031102998
183,negative,-0.35442686,0.06668179,0.5153435,-0.16407947,-0.35104555,-0.5076166,0.18389627,-0.13691658,-0.15306108,0.80559367,0.30385822,-0.41308007,-0.08107948,-0.047381278,0.32523158,-0.28105122,0.21597801,0.062515646,-0.03445981,-0.11475736,0.35862714,0.047989838,0.049499013,-0.09757377,0.18532328,0.2236107,-0.42643872,0.360542,0.21499719,0.07308288,-0.18274531,0.39586562,0.06706019,0.23494877,0.31417063,-0.030369902,0.22126418,-0.2665706,0.13676119,0.09172902,-0.2635842,-0.13610087,-0.06682599,0.17714322,0.54731107,-0.05092698,0.29595277,-0.24169269,-0.043946598,-0.48495358,0.18499379,0.39838564,-0.13796033,0.5644929,0.027047317,-1.1663657,0.34534192,-0.15715358,1.4398819,0.5520164,0.16027614,0.63749105,0.30393487,0.38462612,0.034319736,0.20965607,-0.009619985,0.17917842,-0.23775084,0.4807173,0.29960358,-0.5037675,0.16812967,-0.38150704,0.016091544,-0.03526665,0.38185182,0.43620813,-0.41141456,0.14337537,0.5823737,-0.22903644,-0.28373507,0.050828416,-0.5486435,0.19853237,0.50119483,0.18068178,0.10564768,-0.07038801,-0.09628946,0.24610898,-0.25523633,0.020483853,0.07019286,0.47076064,-0.060023017,-0.06922923,0.12608464,-0.013222768
184,negative,-0.09201882,0.381034,0.070695914,0.062039964,-0.20846948,0.44378233,-0.788233,-0.10376294,0.33854803,0.2581196,-0.015625516,0.1587443,0.42896235,0.14549644,-0.009038398,-0.21687104,0.25672922,-0.45388603,-0.6236968,0.09341781,0.69733816,-0.0021835158,0.71904576,-0.34401566,-0.42925695,-0.3916734,-0.04612307,-0.23690559,0.16621879,-0.35152948,0.49900597,0.5492631,-0.19553429,-0.047068052,-0.22444542,0.11294803,0.19501159,0.20084488,-0.19514391,-0.18330675,-0.9913801,0.02686483,0.3893508,-0.23013589,0.27104646,-0.36846814,0.23601098,-0.5151635,-0.38363907,-0.56838286,-0.07806183,-0.45424896,0.4537154,1.5284188,-0.2978416,-1.9701425,0.16194472,-0.2490952,2.3197668,0.50159174,-0.004551886,0.38830298,-0.34403536,-0.08668781,0.816005,0.53398156,0.002119696,0.39767715,0.38637066,0.016997011,0.33528438,-0.63559955,-0.5582418,-0.6043054,0.077851065,0.21481052,-0.2521331,0.8139161,-1.6005154,0.21872967,0.9585512,0.19016568,-0.2807115,0.20080407,-1.3762827,0.040419456,-0.16693345,0.13209526,-0.23989992,-0.7616009,0.49058676,-0.4992076,-0.40927172,0.11504301,-1.0139565,0.1086925,-0.08159189,-0.21130799,0.33615154,-0.053460304
185,negative,-0.11170182,0.3134276,0.2391002,-0.23348713,-0.16523369,0.03323159,-0.0025438892,0.030667298,0.040502585,0.19886322,0.18380015,-0.066617094,0.2628427,0.04646653,-0.025245747,-0.064116746,0.027306927,-0.14309335,-0.43836483,0.17169778,0.403102,-0.03169176,0.04582713,0.022671293,-0.005396993,0.083258934,-0.22492029,-0.31827334,0.38308492,-0.026428362,-0.07069628,0.21857427,-0.057767637,-0.037202954,0.109966055,0.017791342,-0.15089534,0.07029285,0.12123131,-0.07662106,-0.22066551,0.050295923,0.122297525,-0.29285607,0.043707374,-0.07677674,0.08783414,-0.109902486,-0.16893058,-0.59438086,-0.0048956736,0.022920024,0.088551275,0.86490697,-0.08121828,-1.7255498,0.116779715,-0.118355475,1.112911,0.34795356,0.052185357,0.6250475,-0.14706828,-0.03799036,0.5629583,0.1655242,0.19447282,0.14948566,-0.13763891,0.040078446,0.25789657,-0.2634613,-0.23084533,-0.2086934,0.15934138,0.1641411,-0.011589766,-0.003591452,-0.6473337,0.034001086,0.6167475,-0.06723383,-0.25435057,0.15116195,-0.9887925,-0.19572866,-0.052858718,-0.08232439,-0.019526862,-0.2258635,-0.027000014,-0.08950632,-0.004218059,0.02886271,-0.5374481,-0.011552944,-0.010126447,-0.085329086,0.2862365,0.053218845
186,negative,0.18452762,0.18880944,0.2571952,-0.65759027,0.013697619,0.19566193,-0.031509046,0.09391143,-0.11888572,0.021484701,0.020633293,0.041105986,-0.03057894,0.31471258,0.09086838,-0.42467391,0.16586745,-0.091906205,-0.52146006,0.021132829,0.047342215,-0.0019640382,0.023694057,0.26139498,0.15963955,0.19167961,-0.13898407,-0.72846794,0.12369568,0.37193137,-0.12009211,-0.06983441,0.02823568,0.04407362,0.028353099,0.4890768,-0.40758902,-0.05174597,0.37983823,-0.15865648,-0.13317823,0.08596068,0.21565785,-0.0203057,-0.07273376,0.08868661,-0.3675066,-0.22677562,0.08595981,-0.083831824,-0.03648237,-0.5287305,0.3241169,0.55160576,0.0141734695,-1.1102554,0.30633202,-0.0617385,0.27401647,0.30424815,0.06594917,0.15775126,-0.3531184,-0.26818886,0.28337085,-0.09451445,0.5245414,0.37179807,-0.089997426,0.11404209,0.040237118,-0.024064148,-0.21238928,-0.16498579,-0.029961584,0.2320635,0.21301171,-0.26437682,-0.057599153,0.41096827,0.28215656,-0.25229397,-0.04760268,0.0021190427,-0.6747396,0.20903395,-0.1286011,-0.051704932,0.055159204,0.004916903,0.2519503,-0.23520246,-0.011101654,-0.15778121,0.07269945,-0.06903959,0.021572636,-0.07973534,0.049045727,-0.41807517
187,negative,0.18452762,0.18880944,0.2571952,-0.65759027,0.013697619,0.19566193,-0.031509046,0.09391143,-0.11888572,0.021484701,0.020633293,0.041105986,-0.03057894,0.31471258,0.09086838,-0.42467391,0.16586745,-0.091906205,-0.52146006,0.021132829,0.047342215,-0.0019640382,0.023694057,0.26139498,0.15963955,0.19167961,-0.13898407,-0.72846794,0.12369568,0.37193137,-0.12009211,-0.06983441,0.02823568,0.04407362,0.028353099,0.4890768,-0.40758902,-0.05174597,0.37983823,-0.15865648,-0.13317823,0.08596068,0.21565785,-0.0203057,-0.07273376,0.08868661,-0.3675066,-0.22677562,0.08595981,-0.083831824,-0.03648237,-0.5287305,0.3241169,0.55160576,0.0141734695,-1.1102554,0.30633202,-0.0617385,0.27401647,0.30424815,0.06594917,0.15775126,-0.3531184,-0.26818886,0.28337085,-0.09451445,0.5245414,0.37179807,-0.089997426,0.11404209,0.040237118,-0.024064148,-0.21238928,-0.16498579,-0.029961584,0.2320635,0.21301171,-0.26437682,-0.057599153,0.41096827,0.28215656,-0.25229397,-0.04760268,0.0021190427,-0.6747396,0.20903395,-0.1286011,-0.051704932,0.055159204,0.004916903,0.2519503,-0.23520246,-0.011101654,-0.15778121,0.07269945,-0.06903959,0.021572636,-0.07973534,0.049045727,-0.41807517
188,neutral,-0.3229145,0.009703266,0.20702471,0.21943615,0.11639898,-0.21224442,0.20604786,0.017064482,0.0852487,0.15491447,-0.049847703,0.14377688,0.874394,0.13273437,0.06814068,0.06808483,-0.42692685,-0.1142945,-0.52129877,-0.34898892,0.21015584,-0.39882028,0.27341354,-0.13998513,0.08980785,0.047024086,-0.4282803,-0.15721072,-0.031081557,-0.37694076,0.0345263,0.08473939,0.20681137,-0.09410346,-0.02197722,-0.04536041,0.29057395,-0.19828013,-0.21851441,-0.11460037,-0.34907937,0.33053258,0.67084056,-0.065036036,-0.18671896,-0.4882611,-0.15727754,-0.14115135,-0.31440783,-0.41490203,0.4498442,0.15026493,0.011927065,0.85703886,-0.24333997,-1.849354,0.2641482,-0.34941113,1.3608516,0.4807303,-0.2302098,-0.026972787,-0.80095327,-0.5569672,0.7286865,0.32098928,-0.24011269,0.27308562,0.052299585,-0.59999555,0.42683417,-0.48766539,-0.3542243,-0.73470116,0.008517906,-0.2377671,-0.31487525,0.20653982,-0.91964644,-0.16927768,0.33027616,-0.2142825,0.09184156,0.0008589667,-0.65604985,0.246275,0.3770985,0.195195,-0.18591468,-0.31775388,-0.3338698,0.019608304,-0.5613326,0.11878817,-0.7013474,0.39893982,0.011753877,0.23402102,0.5131434,0.45132357
189,negative,-0.24556322,-0.11304593,0.14976083,0.08515524,-0.055788416,-0.31149587,0.09444483,-0.023259372,0.04991464,0.7373643,0.07853547,-0.18681087,0.18541867,0.13018699,0.092022724,0.105974525,-0.18266718,-0.32170403,-0.5323297,-0.08091233,0.42619967,-0.1880113,0.21453804,-0.010336024,0.16750719,0.14106731,-0.4016457,0.12878764,0.35244974,0.1251731,-0.2111791,0.12509309,-0.18842015,0.32348028,0.062695116,-0.13321479,0.2043038,-0.24762227,-0.027324311,0.115421034,-0.68712103,0.056215826,0.15717094,0.19394736,0.4022378,-0.37362567,0.29830852,-0.023898745,-0.16203985,-0.44740242,0.21919696,0.4018525,0.30847585,0.92769057,-0.16901298,-1.757027,-0.20062976,-0.100717224,1.2605401,0.31800973,-0.07534427,0.5378713,0.16825521,-0.23442158,0.30072224,0.24228401,-0.052676674,0.34993997,-0.28523377,-0.020006983,0.15213148,-0.5394379,-0.2011798,-0.41121393,-0.13575083,-0.014617475,0.18116294,0.1783364,-0.8555429,0.08847991,0.90206033,-0.00701079,-0.18852371,0.045848403,-0.614559,0.03479893,0.28772712,0.25281402,0.08377336,-0.2032305,-0.09571878,0.4239088,-0.22589448,0.057014644,-0.57412755,0.27779704,-0.034075335,0.12747072,0.4591815,0.01854358
190,neutral,-0.17174977,0.02971231,0.1298521,-0.21686596,-0.09567823,-0.07439234,-0.10586251,-0.03638139,0.086607404,-0.010135423,0.030167948,-0.014319357,0.16164076,0.029007798,0.066982955,-0.012678352,-0.0855031,-0.110042885,-0.3820313,0.14055774,0.17538239,-0.11798136,-0.005214521,-0.21905656,-0.08372022,0.089586996,-0.07562004,-0.09574262,0.1226684,-0.034035005,-0.084736735,0.18091576,0.019392729,0.07619687,-0.08917368,0.19982609,0.022650998,0.05574423,0.0032346498,-0.067025766,-0.41344497,0.030136853,0.18467113,-0.07836711,-0.06408882,-0.2861577,0.13170446,-0.058537606,-0.0844882,-0.5668005,-0.014986997,0.090505585,0.21469057,0.6073501,-0.23193072,-1.4908372,0.09500851,-0.06811048,0.8028982,0.27804565,-0.114905536,0.40989366,-0.13677098,-0.30751282,0.4126661,-0.024074232,0.20920588,0.32326725,-0.18720911,-0.08410192,0.13063261,-0.22916101,-0.18218763,-0.53172225,0.057468276,0.16964135,0.027643649,-0.08960834,-0.60832804,-0.03839751,0.40139493,-0.2588879,-0.21958584,-0.12563501,-0.8736691,-0.17092891,0.060549397,0.046456266,-0.0063522668,-0.24581823,-0.08368131,0.029911269,-0.079197004,0.023571532,-0.3274774,0.040902995,-0.1672761,-0.2795822,0.14152803,0.15768157
191,negative,0.17838882,0.13019507,0.18288603,-0.23676185,-0.055146713,0.22702916,-0.018700916,0.05164373,0.045255564,0.3699448,0.14503519,0.080112554,0.23436962,0.32663217,-0.21131848,0.07077385,0.18638463,-0.010514323,-0.76447433,0.343738,0.18086037,-0.16885634,0.19704929,-0.09087871,-0.09038021,-0.07391761,-0.15609924,-0.4303716,-0.01764934,0.10141831,-0.068785496,0.21115756,-0.039902024,0.19389112,-0.0650002,-0.12242517,-0.008941512,0.075530775,0.28564334,0.109040074,-0.68634874,-0.0007147534,0.22681402,-0.22182496,0.089457884,-0.11779235,0.07951422,0.020277651,-0.10876904,-0.4903947,0.14855568,-0.1777954,0.026036764,0.9866495,-0.21625918,-1.8674723,-0.27561134,-0.20289123,1.4408818,0.3734727,-0.12483663,0.5087018,0.11910316,-0.10273332,0.5925216,-0.09800444,0.17807049,0.35170978,-0.087369405,0.40426168,0.07238805,-0.34374705,-0.20516863,-0.106945015,-0.108468056,0.18252848,0.24454717,0.057939857,-0.81695324,-0.10859009,0.49929297,0.2608706,-0.24165389,-0.15218772,-1.0371904,-0.34512237,0.054224405,0.06316441,-0.044067185,-0.28614473,0.021926973,-0.20716844,-0.0882439,0.12121159,-0.29937327,0.093877725,-0.2380885,-0.12510374,0.31558362,-0.024327561
192,neutral,-0.052278746,0.31855515,0.45471433,0.026984127,0.08993011,-0.24785063,0.14372465,0.25107065,-0.13405955,0.33939603,0.25865933,-0.116163865,0.31652874,-0.087469004,0.049696743,0.21137595,0.055085436,0.0043514394,-0.4089699,0.11535534,0.40617725,-0.2311056,0.16717088,0.32030153,0.3310517,-0.15296923,-0.17253792,-0.1128914,0.07248032,-0.07845412,-0.056329638,-0.08668422,-0.070363246,0.02070236,-0.18546471,0.02497847,-0.1559966,-0.07545438,-0.4574614,-0.039228354,-0.5365698,0.1880726,0.4531317,0.10235011,0.17905565,-0.1856969,0.37377474,-0.41616708,0.09749589,-0.72348505,0.21671923,-0.0007674901,0.15492773,1.0949333,-0.1214242,-2.018433,-0.1530743,-0.2138594,1.3395042,0.61612725,-0.37615246,0.5912788,0.009799329,-0.22568023,0.82980424,0.04268392,-0.07027671,0.2718476,-0.07354766,-0.09380876,-0.009251103,-0.14344676,-0.39300075,-0.24862546,0.023371624,-0.010838426,0.11980002,-0.078067906,-1.0712743,0.14137647,0.654837,-0.06655336,-0.37079474,0.2723587,-0.9832281,0.06535321,0.27663165,-0.09737902,0.06475113,-0.2110238,-0.07535893,0.1843238,-0.19650061,0.3497913,-0.54137677,0.002682315,0.2173961,-0.0033269976,0.3146129,-0.0069991304
193,neutral,-0.13757616,0.29087704,0.29089332,-0.30368865,-0.13622221,0.31206703,-0.076396056,0.11352671,-0.044875327,-0.14359108,-0.0894894,-0.019297726,0.32058558,0.09014713,0.0577877,-0.24976364,0.16014941,-0.021426048,-0.036277466,0.2240344,0.16042563,-0.07340252,-0.035338443,-0.10662528,0.33929792,0.03936598,-0.15737171,-0.31735414,0.17799401,0.011881159,0.06251672,0.2899659,0.09168495,-0.024559326,0.2547222,0.16698223,-0.1878453,0.24011736,0.1631308,-0.07783589,-0.16420858,-0.07909882,0.15382215,-0.36520353,-0.105610706,-0.005818844,0.019550094,0.0067396294,-0.09102529,-0.49142072,-0.15542643,-0.18433924,0.1100752,0.7043419,-0.16674428,-1.7259209,-0.14889678,-0.004102859,1.0119904,0.36727753,-0.1179871,0.5357654,-0.12189267,0.12995034,0.59608054,-0.029674932,0.29188824,0.15624982,0.05476984,-0.07485108,-0.027317822,-0.24969144,-0.06963622,-0.23544857,0.106925815,0.19042517,-0.13442038,-0.19789265,-0.3181816,-0.13596678,0.21047628,-0.13497955,-0.21641384,-0.06658281,-0.9573293,-0.22106557,0.042403027,0.00033655256,0.14459862,-0.20062628,-0.096973956,-0.18718372,0.10473889,0.07942332,-0.5230735,-0.071647525,-0.32282183,-0.20959473,0.27704796,0.01418777
194,neutral,0.09030589,0.040589258,0.09916015,-0.44866163,-0.0519751,0.006863879,-0.16319837,0.094931744,-0.3844822,-0.26892552,0.10719966,-0.025586508,-0.10654363,0.07732756,0.09855431,-0.12786816,0.25540438,0.019265879,-0.46708927,0.3344351,0.08175443,0.15059015,0.20292658,-0.103792205,0.35144296,-0.011513556,0.072230875,-0.45696107,0.14308752,0.3585654,0.13631985,0.42887354,0.09926085,0.24943005,-0.26138392,0.13686903,-0.17812477,0.23663583,-0.1540825,-0.30365524,0.011738269,0.06498201,0.16240206,0.07286292,0.035762094,-0.15025409,-0.030333465,-0.34800148,-0.011182564,-0.42157435,0.1431292,-0.1988111,0.35637072,0.6045136,-0.04671317,-1.3167688,-0.16423622,0.21845867,0.21473375,0.38086426,-0.022574889,0.4125915,0.25027096,-0.12806426,0.34708098,0.032112274,0.40344173,0.4701179,-0.2171437,0.14142677,-0.06829401,-0.061437357,-0.0752934,-0.118077144,-0.07236217,0.0852997,-0.03647587,-0.07336949,-0.06458775,-0.19259511,0.28139293,-0.020774774,-0.15468279,-0.0977084,-0.4048021,0.02997728,-0.0648361,-0.10765232,0.16886924,-0.10328478,0.3230881,0.04928192,-0.1273771,0.07296341,-0.16008557,-0.056834597,0.09026857,-0.17160246,0.098588444,0.015728928
195,negative,-0.00884065,0.19261396,0.30079722,-0.09369359,0.020653358,0.13911276,-0.12432242,0.005111305,0.09475604,0.14869952,-0.030562157,0.0679326,0.13884021,-0.12244617,0.010096883,-0.14195944,-0.051778063,-0.040296678,-0.34303474,0.12104913,0.27277038,-0.02560019,0.10283726,-0.031757995,0.016467944,-0.04713281,-0.20609966,-0.26687294,0.24132635,-0.07306018,0.10840456,0.38611156,-0.072393954,-0.04499434,0.016476713,0.20447282,0.017851384,-0.048505105,0.0051018526,-0.15116106,-0.4550608,-0.13596112,0.20204343,-0.2568635,-0.08739279,-0.12324785,0.07852903,-0.13221909,-0.1273037,-0.5613034,0.13721552,-0.00029432206,0.17941919,0.8161344,-0.14007187,-1.5974202,0.087086424,-0.12851653,1.1568681,0.23209241,-0.07617593,0.377981,-0.067444086,-0.1810797,0.47746372,0.04579191,0.27695516,0.2633091,-0.108601004,-0.05711739,0.09311473,-0.19041036,-0.2701407,-0.32683474,-0.027806269,0.05390801,0.053553764,0.008414724,-0.6527018,0.12624453,0.5000463,-0.16572484,-0.20522821,-0.10099105,-0.8971556,-0.11680149,-0.018222522,0.2391022,0.005846541,-0.45758212,0.064322814,-0.11531263,-0.1660342,-0.12794827,-0.47321036,-0.006256752,-0.11204096,-0.07788499,0.30779192,0.15719195
196,negative,-0.048704106,0.057050202,0.30672437,-0.36877808,-0.060562175,0.08323655,0.030938908,-0.11738848,0.18744525,0.12922218,0.0675101,0.02147013,0.028435143,-0.063868344,0.10245854,-0.094531864,-0.08222497,0.10781986,-0.18877515,0.13314424,0.31660587,0.0544232,0.0629838,-0.16927882,0.06035416,0.08543215,-0.16537091,-0.051829446,0.19248104,-0.062187344,-0.015824568,0.49512175,0.13002048,0.08742911,0.09622125,0.049729373,-0.25481847,-0.040265962,0.10230944,-0.16146056,-0.050930515,0.002956706,-0.037026208,-0.26012304,-0.19138633,-0.29375866,-0.008716913,-0.20135343,-0.042735282,-0.6731747,0.06271164,0.28672004,-0.01139565,0.59170264,-0.23709998,-1.4893936,0.013440561,0.06948509,0.94670373,0.28794724,0.038108602,0.45602223,-0.047733203,0.13759935,0.4885432,-0.14117715,0.49935114,-0.074247435,-0.17708173,-0.1633133,0.06272701,-0.24304347,0.16725451,-0.042561788,0.047709446,0.05668952,0.008009386,-0.013718856,-0.0070599252,0.16213568,0.27992058,-0.070502646,-0.55668044,-0.09673785,-0.90055203,-0.09711495,0.19863884,-0.23692307,0.003115094,-0.18240528,-0.07386455,0.10185075,-0.25959846,-0.28068092,0.007260987,-0.24383873,-0.06814271,0.06193591,0.3524016,0.0068602343
197,neutral,-0.15151414,0.054513097,0.43546832,-0.25323722,-0.12707824,-0.013936908,-0.11485236,0.2674691,0.13668247,-0.07589594,0.14482036,0.059851505,0.1381819,-0.04521441,0.0056497757,-0.12893161,0.010170494,0.1531814,-0.25111,0.10245768,0.10197684,-0.20904996,0.0929709,-0.007511415,0.123375975,0.08299036,0.035978206,-0.15316205,0.14228867,-0.016184809,-0.16513132,0.113150164,0.022111733,0.27478248,-0.001300051,0.16439906,-0.122276016,0.07323495,0.06656056,-0.24702613,-0.21585417,-0.0877506,0.082869425,-0.196907,0.051228832,-0.12031108,0.072934136,-0.14262351,0.0014431076,-0.7040163,-0.045476034,-0.089733124,-0.0036543005,0.7579538,-0.19352105,-1.4831762,-0.17771435,0.008819645,1.030316,0.32080194,-0.2561976,0.42335346,-0.23471273,-0.18453124,0.38233933,0.1414093,-0.11959127,0.14917138,-0.024142545,-0.0014857053,-0.038652413,-0.2912976,-0.16036803,-0.130698,0.07603541,0.058973663,0.10483064,0.03696748,-0.57948947,-0.11011853,0.42812583,-0.20162597,-0.05523653,0.12852865,-0.7858683,-0.08473416,-0.090091646,-0.030507185,-0.050754305,-0.050057687,-0.044622023,0.027794212,-0.04862508,-0.15706816,-0.27276593,0.26906034,0.1953842,-0.09873278,0.38949168,0.053721864
198,neutral,-0.060512777,0.040445257,0.19502054,0.021186192,0.13622116,-0.20330401,-0.103109725,0.061191734,-0.110263065,0.1303781,0.12955427,-0.10543596,0.23189,-0.079205096,-0.056740135,0.00038998385,0.23121518,-0.047523223,-0.121719606,0.06450418,0.29788986,-0.103290185,0.062542744,0.1292574,-0.07987925,-0.08027345,0.07349206,0.029639088,0.1304362,0.040087108,-0.052643783,0.3103657,-0.20409001,0.1338606,0.054823887,0.09217317,0.048689745,0.1367483,-0.064887926,-0.14032602,-0.1917831,-0.23076984,0.060929786,0.019257382,-0.010798452,-0.09727271,0.13946658,-0.13993683,-0.010974083,-0.6173009,-0.007635253,0.12043863,0.13939919,0.8431861,-0.103001416,-2.0629985,-0.21403085,-0.18510716,1.4821187,0.4142302,-0.13068119,0.44444308,-0.0410683,-0.018077705,0.4145997,0.04013892,0.11420497,0.27995136,0.0064706467,0.03561643,0.031325895,-0.101872094,-0.08944016,-0.32883316,0.052710854,0.0022921637,0.018374259,-0.047395367,-0.7311045,-0.022350801,0.49257734,-0.14601338,-0.23214489,0.19410539,-0.9104989,-0.23393103,0.21458194,0.11848443,0.17436917,-0.121131,0.07571809,0.07033164,-0.0335654,-0.120133355,-0.31392953,0.09936052,-0.024092164,-0.16625689,0.41586363,0.19409947
199,negative,-0.011103664,0.34782895,0.24204342,-0.15161248,-0.21305703,-0.0068814727,-0.13021824,0.037993893,-0.0052442187,-0.03170716,-0.024122396,0.054658853,0.074871674,0.07314606,0.0148969,-0.072699994,0.06405739,0.06489546,-0.2745129,0.17925109,0.32052305,0.1088062,0.08633159,0.09980169,0.12531818,0.07668415,-0.20497757,-0.24406326,0.07813235,-0.032590706,-0.05557174,0.20493944,-0.024137544,0.05346226,0.109550446,0.17238314,-0.054974966,0.012271754,-0.013389519,-0.15501122,-0.33750546,-0.06707351,-0.0062743416,-0.2324098,0.0062284316,-0.090936795,0.15300886,-0.13170233,0.0069123376,-0.59470624,-0.016050601,-0.06492708,0.15544462,0.74684507,-0.106028475,-1.7044251,0.021933518,-0.1612599,1.0649972,0.31514335,0.00863546,0.5020431,-0.07450529,-0.12810762,0.4870282,0.04529278,0.20598999,0.18413901,-0.02807164,-0.047346056,0.07227844,-0.19543475,-0.23801212,-0.21926314,-0.073806904,0.11137132,-0.082005955,0.04877988,-0.494958,0.076625794,0.52506906,-0.02965987,-0.23738171,0.05588865,-0.89453083,-0.104579136,-0.037652235,-0.027978217,-0.15019402,-0.30893704,-0.09272729,-0.020546561,-0.02984787,-0.12869307,-0.34301218,-0.08719672,-0.100193225,-0.0621396,0.45925453,0.08026868
200,neutral,-0.23941582,0.296575,0.26230523,-0.344972,0.052686892,0.31476536,-0.10667903,0.20129214,-0.24491455,-0.021062884,-0.00393699,0.02306617,0.051934797,0.06518322,0.035351936,-0.20960626,0.32061478,0.30724567,-0.3114167,-0.099319,0.29964438,0.14573722,-0.010817027,-0.2754375,0.28932554,-0.093257405,-0.21855718,-0.26688072,0.07951728,-0.24637586,0.12745786,0.4182359,0.10838993,-0.14168318,0.2198818,0.2873182,0.070076734,0.12659532,0.1300663,-0.06190488,-0.1427021,-0.27693,-0.1409973,-0.14890467,-0.21372406,-0.11162854,-0.06277421,-0.049383286,0.06976011,-0.32299262,0.030350177,-0.058425467,0.049686253,0.9356082,-0.09288456,-2.1537838,-0.03739963,0.06274411,1.419644,0.33933392,-0.16533385,0.8055577,-0.14426209,0.19172512,0.65882075,0.16156326,0.37988383,0.15480177,0.083158694,-0.2556316,-0.054403223,-0.20568116,-0.15865707,-0.39152116,-0.08290669,-0.24004169,0.014071423,0.035677318,-0.2688144,-0.02568881,0.39999965,0.11149937,-0.49133232,-0.07813865,-1.1495622,-0.08030457,0.14640495,-0.20713845,-0.0816355,-0.07757454,-0.019511925,0.072901905,-0.030066436,-0.34011415,-0.45673832,-0.27024785,-0.105833344,-0.16458353,0.6343467,0.32337224
201,neutral,-0.09737922,0.103246294,0.38044006,-0.11369658,-0.21337022,-0.010598358,-0.016224792,0.09289908,0.22465687,0.033156388,0.2623932,0.18276405,0.22911794,0.04757491,0.22418037,-0.37823376,0.005559537,0.21199128,-0.09221833,0.12823331,0.36602956,0.11374197,-0.029943112,-0.16805919,0.014285642,0.023169205,-0.22217953,-0.23471873,0.24026032,-0.15901007,-0.09000099,0.29981643,0.07534498,0.12701218,0.072585315,0.25018898,0.020214582,0.0074438555,0.2109148,-0.066295676,-0.2614006,-0.24448988,0.027082749,-0.22927323,-0.042019952,-0.00602255,0.108180575,0.05933532,-0.13581558,-0.55706656,0.03327335,0.22721963,0.118034355,0.85325253,-0.006054309,-1.6568936,-0.15247272,0.093559064,1.4154332,0.11794247,-0.042028397,0.71138006,-0.11060913,-0.013126924,0.642144,-0.021884575,0.3120161,-0.063273095,-0.111848824,-0.13535419,-0.06217951,-0.3762353,0.13340645,-0.29322928,0.24455227,-0.21531634,0.051229,0.05456156,-0.50864625,0.23109713,0.26880333,-0.1244952,-0.30044332,0.012799997,-0.79282975,-0.1509019,0.07074784,-0.2025776,-0.057711706,-0.18518971,-0.054447077,-0.14032915,-0.062041674,-0.10440747,-0.43937126,0.1499898,-0.14573509,-0.034055047,0.29595035,-0.040342223
202,neutral,-0.12641972,0.070639916,0.17301843,-0.24428803,-0.118811674,0.26505122,0.034020536,-0.0051617487,0.24774885,-0.08130838,0.12475235,0.037368774,0.05938281,-0.12445134,0.1097449,0.20999251,-0.0050795455,-0.052850604,-0.117178544,0.061872408,0.21472104,0.010764297,-0.13002826,-0.3848029,-0.0015874106,0.2052907,-0.102994755,-0.0875185,0.057865605,0.013260009,-0.07901241,0.33210725,-0.14268446,0.21554014,0.11855119,0.2948505,-0.16330719,0.046798427,-0.04104763,-0.2527323,-0.33762252,-0.07529891,0.015932575,-0.26953316,-0.104542136,-0.110237695,-0.11764725,-0.04237581,0.2825133,-0.47281277,0.08221801,-0.0990797,0.14374441,0.46808958,0.025901416,-1.2613602,-0.15620857,0.051663183,0.42073053,0.23422085,0.07361263,0.5951635,-0.28289366,-0.32777295,0.38342324,-0.116492815,0.34484842,0.3122972,-0.20153154,-0.13686407,0.20656171,-0.101184554,-0.186263,-0.020859618,-0.31831226,0.33598337,-0.09125367,0.16488352,-0.2739769,-0.19897074,-0.013404821,-0.25832477,-0.034633044,-0.1100888,-0.78602713,-0.072547294,-0.1967494,-0.037263665,-0.32336572,-0.13271052,0.003876823,0.02308405,-0.03673121,-0.41691476,0.03383017,-0.06782468,-0.24537976,-0.12233302,0.46066627,0.37900054
203,negative,0.091533706,0.26499727,0.31915447,-0.13398466,-0.014619369,-0.18858679,-0.032059744,0.16921213,-0.012314042,0.43453112,0.12071552,-0.12206753,0.050852977,0.098677896,0.1243115,0.06722829,0.15532406,0.122101925,-0.13624284,0.011260009,0.19849536,-0.24245143,0.06329931,-0.26753697,0.34041303,0.06555671,-0.10997558,0.18306148,0.06353495,0.01560351,0.022799032,0.16738006,-0.24865769,0.16227865,0.076808736,-0.12969609,0.030524803,-0.1563583,0.026935231,-0.08292505,-0.09766141,0.02599292,-0.0836953,-0.14181633,0.15309457,-0.16774902,0.252441,-0.078134306,0.011076134,-0.35552233,0.10500364,-0.010881193,0.0858575,0.6934055,0.022246415,-1.4623243,-0.121110804,0.0112430705,1.0359877,0.24869977,0.07040331,0.44171938,-0.045420997,0.17545106,0.5865058,0.02658341,0.14272091,0.041700125,0.14100574,-0.075662255,0.06118403,-0.10183905,0.11449692,-0.018200252,0.037834544,-0.028420033,0.24234247,-0.10041365,-0.6597651,0.104004,0.560725,0.13747968,-0.29827574,0.06684824,-0.8077008,0.2654505,0.30826813,-0.019324977,-0.10891965,-0.21998732,-0.13451892,0.2288009,-0.14708537,0.11711464,-0.22240697,-0.20816427,0.078593194,-0.29509166,0.3835516,-0.0960416
204,negative,0.039696887,0.24657497,0.22745414,-0.22967792,-0.114847794,0.1291149,-0.14103152,-0.25610417,-0.08755497,-0.023795826,0.13471116,0.11973864,0.074885875,-0.07476634,-0.06792117,0.016504535,-0.03799255,0.10886228,-0.3191159,0.35711715,0.21147925,0.068275385,-0.18433687,-0.24971066,0.13966073,0.5299682,-0.23381491,0.010152553,0.055849522,-0.13914728,-0.012328465,0.25283143,-0.055651434,-0.08058901,-0.035122555,0.15987933,-0.15537657,0.22224002,0.08828838,-0.11897069,-0.3074253,0.028999329,-0.089037776,-0.22333904,0.0197089,-0.24501596,0.467006,0.061396383,-0.05882737,-0.2306195,0.087494195,-0.10680286,0.3764209,0.58105224,-0.17988962,-1.5043582,0.39255968,-0.13934818,0.5858926,0.21249948,0.2157512,0.45074207,-0.21546774,0.020209866,0.5096354,-0.16147283,0.17197002,0.16097295,-0.1061698,-0.28097257,0.20008558,0.0854729,-0.0805517,-0.18919736,-0.09235524,-0.079360984,0.06573207,0.20688716,-0.4866786,0.16394937,0.18255417,0.25522903,-0.048962746,0.18591517,-0.73895776,0.066837244,-0.23144561,-0.14561303,-0.079668,-0.3921139,-0.14482649,-0.09246576,-0.15144823,0.09046246,-0.105303876,-0.052968834,-0.23027727,-0.5148018,0.08848933,0.19941801
205,neutral,-0.27718514,0.11860823,0.025285464,-0.24876934,0.2103755,0.0027419825,-0.25654894,0.1095199,0.0051564514,0.038053658,0.21722698,-0.2150318,0.15272512,-0.48199564,0.13672124,0.26481912,-0.13775183,-0.027118715,0.07433125,0.101041,0.07359403,-0.11833339,0.061951723,-0.08562443,-0.09518424,0.031045372,-0.10704501,0.23726779,0.24256209,-0.17999922,-0.026584508,0.13362955,-0.25345212,0.3258463,0.20968261,-0.04345008,-0.12471795,-0.32714877,0.11191062,-0.1971291,-0.15076756,-0.12103776,-0.2415452,-0.14547199,-0.13924176,-0.3266621,0.11027661,-0.35572785,0.15382999,-0.9793686,0.31035087,0.05417525,-0.019283878,0.8350854,0.13184544,-1.6801748,0.020345047,-0.1612874,1.2907451,-0.16028698,-0.16236648,0.7073079,-0.08336333,-0.19880524,0.5731902,0.3216504,0.22992474,0.16795756,0.11955115,0.09015268,0.23121256,-0.037977252,0.13585228,-0.14437085,0.15537226,0.31195855,0.20512749,0.10578182,-0.4530199,0.004501475,0.7004884,-0.10360763,-0.20044187,-0.07181076,-0.9863084,-0.17809626,0.16256738,-0.14972344,0.059982013,-0.29871348,0.122850806,0.14072856,0.19547457,-0.5332238,-0.15844008,-0.20403297,0.08914031,-0.2769338,0.43751886,0.094759695
206,negative,-0.067889705,0.22180267,0.25623935,0.039005287,0.0051423376,-0.067570604,-0.32978922,0.127077,0.016513674,0.03318005,-0.11790824,0.22973323,0.06660036,0.010212514,-0.15117723,-0.26349434,-0.022052271,-0.046061706,-0.1993605,-0.21036452,0.16168557,-0.0009674429,-0.004356686,-0.060626194,-0.15157676,-0.09582785,-0.29239082,-0.36675736,-0.07096253,-0.091524184,0.048232447,0.18593125,-0.16570184,-0.034830853,0.069026485,0.012116467,0.20212856,0.026029345,-0.1609102,-0.09928371,-0.33664477,-0.43856892,0.011128772,-0.09544253,0.14008373,-0.13794692,0.16163403,-0.056222584,-0.11892622,-0.95271593,-0.23934926,0.09139555,0.09717732,0.73116606,0.111338735,-1.9396375,0.0998631,-0.3108661,1.5132071,0.43049693,-0.03273269,0.41298723,-0.23264417,0.013095342,0.5690533,0.1048102,0.009649125,0.17659171,0.37004212,-0.2412728,0.3387388,-0.34777156,-0.2702997,-0.36320788,0.08829364,-0.12787999,-0.18184504,0.15372685,-0.5845002,-0.01674051,0.7684,0.14311145,-0.32405192,-0.08761185,-0.7091547,-0.00922784,-0.15105715,-0.013290926,-0.15453754,-0.1931302,-0.03131959,0.07070741,-0.13074996,-0.25324026,-0.4571218,0.12340631,0.1286676,-0.012530506,0.40999466,0.19543825
207,negative,-0.23782416,0.2942806,0.2624024,0.007978973,-0.11767909,-0.2779355,-0.34663236,-0.03336478,0.13824974,0.03062919,-0.067379065,-0.03177528,0.29735693,0.015814237,-0.06954669,0.014966367,-0.109681256,-0.17935115,-0.34271753,-0.1934778,0.41322464,-0.11458418,0.099122025,0.12255899,0.060560357,-0.048944976,-0.27923843,-0.029744862,0.27004024,-0.0047495756,0.0037979027,0.020756567,-0.1873561,0.09903284,-0.19591805,0.07086278,0.09467225,-0.26847702,-0.08060138,-0.07613859,-0.41864216,-0.20221671,-0.16059639,-0.14734124,0.30735022,-0.09519269,0.43269542,-0.07918463,-0.06656319,-0.79160535,0.09516284,0.045072243,0.028211476,0.80572903,-0.027888315,-1.6581805,-0.07330289,-0.2585024,1.1451542,0.39254004,-0.06460157,0.50739604,0.013735265,-0.16417041,0.48267096,0.3256744,0.07855762,-0.035337668,0.15012474,-0.11035991,0.3247448,-0.28933433,-0.28198782,-0.24621613,-0.052875392,-0.027077777,0.16864426,-0.040717244,-0.6757264,0.08832185,0.7253257,-0.10617946,-0.45121104,0.22390275,-0.6423126,-0.17725003,0.080458194,0.09417555,0.023080174,-0.37114698,0.013085676,0.19485047,-0.23456998,-0.02312526,-0.37989244,0.23457839,0.17230226,0.051489163,0.37239596,0.22462866
208,negative,-0.021145895,0.14649507,0.5162644,-0.4595889,-0.05026993,0.16220044,0.108099304,0.022862034,-0.2635624,-0.09112053,0.06658058,-0.2455301,0.014138511,0.18693647,0.15018982,-0.08486841,0.25636968,0.15374684,-0.52073383,0.30191305,0.24610223,0.0783436,0.10250838,0.19468617,0.2941762,-0.012612241,-0.15838093,-0.4943953,0.22063233,0.18376507,-0.1797385,0.52319145,0.017128047,0.09084935,0.0023155245,0.17245406,-0.3529628,0.17871554,0.035884872,-0.17892879,-0.18110475,-0.25930792,0.22757569,-0.2193832,-0.011192574,-0.11978816,0.010478709,-0.3178627,0.16757132,-0.7640506,-0.040948015,-0.01194194,0.17821462,0.83457875,0.16884051,-2.3170733,-0.24235605,0.124476746,1.1990727,0.56527054,-0.13913572,0.5396067,-0.1546949,-0.11516389,0.57721156,-0.03857811,0.5086042,0.5972761,-0.116231434,0.26369876,0.18644269,-0.14701349,-0.15701276,-0.3668141,-0.113013424,0.19693665,-0.16685961,0.08011368,-0.6183314,0.12757584,0.6379864,-0.1000177,-0.28823528,0.08853294,-1.3583584,-0.2205537,-0.28745493,0.011118856,-0.028651234,-0.40067744,0.06502656,-0.12131543,-0.100432076,0.12712732,-0.53948265,-0.24932203,-0.2923413,-0.09619647,0.37452137,-0.05866117
209,negative,-0.055094205,0.17202125,0.38228664,-0.15581317,-0.32040775,-0.047521796,-0.17160419,-0.07464024,-0.021267042,-0.024501892,0.013383677,-0.037135795,0.34643742,-0.01052474,0.07597138,-0.103994176,-0.054744292,0.1549298,-0.3639045,0.36293584,0.29097167,0.17806205,0.14091046,-0.014893258,-0.07062725,-0.090474226,-0.15611388,-0.42108467,0.3422193,-0.15912288,-0.040352847,0.42621928,-0.028031439,-0.052181333,0.07259902,0.23912248,-0.17007786,0.09122111,-0.14444342,-0.14823072,-0.30347925,-0.0445355,0.07562771,-0.3079027,-0.2502083,-0.15893523,0.5073305,0.02278086,-0.08477931,-0.74718416,0.14624079,-0.054801874,0.025884356,0.96344465,-0.007619,-2.0541294,0.2670757,0.08865854,1.3803935,0.27836287,-0.08277762,0.661578,-0.2540154,-0.013052182,0.7729051,0.09972981,0.33742884,0.35995245,-0.033656105,-0.29689798,0.21572956,-0.3074643,-0.26322922,-0.30055907,0.14671928,-0.17603128,-0.22598508,0.033100523,-0.5491654,-0.039836783,0.386898,0.08739207,-0.4930685,0.06632153,-1.1611453,-0.14304951,0.04076071,0.059863675,-0.19127314,-0.38814545,-0.14356528,-0.06348624,-0.14189117,0.06458294,-0.35687944,0.0828933,-0.10956706,-0.1470185,0.32166964,0.4120068
210,negative,-0.020812621,0.21784438,0.13429345,-0.21439287,-0.0082393205,0.20893249,-0.0678978,0.19708063,-0.10031023,0.23608199,0.033549473,-0.0407689,0.228584,0.3076849,-0.032512333,-0.15177324,0.1320002,0.029389454,-0.4412385,0.23425731,0.3567232,-0.25330475,0.1072517,0.00468744,-0.020751417,0.01417344,-0.2643154,-0.29776978,0.16811875,0.08240232,-0.13495657,0.3852802,-0.05613774,0.014184051,0.124056146,0.055123523,-0.17179076,0.12191005,0.26143742,0.03638826,-0.32350233,0.027164916,-0.11419739,-0.22720231,0.2445235,-0.06272055,-0.089527555,-0.17546166,-0.14533001,-0.4801578,-0.11646518,-0.06145363,-0.11076652,0.8182538,-0.10713132,-1.7186083,-0.17759605,-0.14791034,1.3950225,0.39210802,-0.0056687137,0.44964746,0.028768979,-0.10400299,0.5003511,0.010120907,0.17323671,0.19638309,0.024769273,0.0826872,-0.030957837,-0.25798568,-0.22491568,-0.25921276,0.10560795,0.21896537,0.041700613,-0.023723684,-0.5493444,-0.13195719,0.60399055,0.040148407,-0.30376124,-0.124635965,-0.99708503,-0.20703314,0.13891457,-0.054680273,-0.055271942,-0.12467155,0.0073719844,-0.107255995,0.008877665,-0.16143626,-0.4477393,0.07816132,-0.101860605,-0.1820048,0.19302078,-0.001535543
211,negative,-0.08992503,0.29652527,0.21737488,-0.3199269,0.014640259,0.26184884,-0.19886002,0.17284694,0.09283076,-0.04534449,0.034839675,0.047971085,0.24970825,0.13588157,-0.014148497,-0.17200463,-0.00033168285,0.064627126,-0.24829654,0.24952446,0.09031914,0.039789345,-0.062441565,-0.13004936,0.23047483,0.29818955,-0.11025124,-0.42894045,0.2536187,-0.31441948,0.19011864,0.28821152,0.0730711,-0.039625943,-0.13487126,0.14130604,0.015691018,0.23580918,0.0044324743,-0.11811471,-0.124646045,-0.15206638,0.02066704,-0.46402195,-0.20012699,-0.0757561,-0.008112583,-0.1131674,-0.007630557,-0.57104063,-0.050082885,0.085213155,0.1724306,0.6655015,-0.06853364,-1.7647344,-0.037901703,-0.06423825,1.0812736,0.19195893,0.13828056,0.5970851,-0.3737687,0.10882582,0.30978286,0.17594127,0.2979795,0.162354,0.15179792,-0.42253622,0.17093216,-0.06391221,-0.03435368,-0.16383795,0.27018023,0.30693704,-0.08317589,-0.034031797,-0.4617969,0.021616995,0.29561627,0.058765765,-0.21186864,0.14535747,-1.0507857,-0.08705347,0.17399724,0.027602205,-0.20606185,-0.16004053,-0.004533712,-0.07926823,-0.014387195,-0.091031015,-0.37021762,-0.20051914,-0.031064807,-0.17366199,0.24675533,0.20092392
212,neutral,-0.08475428,0.034997195,0.063176066,0.46834853,0.0012260317,-0.34939307,-0.15844266,-0.2463683,0.15511589,0.265681,0.055533763,0.0018384667,0.17532262,-0.18285778,-0.0041476632,-0.15361908,-0.15252882,0.14503415,-0.36724073,-0.074320726,0.3589341,-0.2641008,-0.10439235,-0.21335667,-0.15266873,0.26329908,-0.18550669,-0.2005565,-0.08417823,-0.19541162,-0.20466565,0.13506591,-0.344026,-0.12192253,0.119530655,0.20775566,0.16006017,-0.25286284,-0.10020478,-0.40662944,-0.10975572,0.16658582,0.49973965,0.021229973,-0.1143986,-0.35141858,0.035259496,-0.02230129,-0.27883112,-0.31285876,0.038239975,0.07000102,-0.17262207,0.7400582,0.23362815,-1.0352687,0.5151596,-0.47196382,0.98088396,-0.21636365,0.105291955,0.0008489867,-0.46436596,-0.23985726,0.6897109,-0.19716375,-0.14741306,0.13653716,-0.18408695,-0.32721695,0.18993017,-0.26333383,-0.16260551,-0.53372616,-0.320821,0.14396466,-0.24782847,0.12705143,-0.5329409,-0.12934825,0.38635573,0.03462625,-0.06796917,0.06831524,-0.7342203,0.06126434,0.24947606,0.032895006,0.043035626,-0.27584243,-0.16961642,0.06279572,0.07968578,0.1343698,-0.25557595,-0.14449872,-0.126677,-0.18221536,0.39249894,0.65218043
213,negative,-0.025711324,0.05979123,0.266545,-0.35067526,0.097991794,0.026909668,-0.19112746,0.014860733,0.13154587,0.07233705,-0.13618481,-0.028724067,-0.04271218,-0.017876493,-0.09288911,-0.008464404,0.005861597,-0.014987254,-0.5453524,0.09963937,0.65047514,-0.11129668,0.25968954,-0.3014513,-0.16207857,0.07830426,-0.36623737,-0.26863563,0.26575547,-0.12860917,0.3213947,0.2639467,-0.024658823,-0.01131663,-0.06162167,0.12283254,0.15025519,-0.31650308,0.08655322,0.15813072,-0.5628381,-0.074448295,0.26997474,-0.06747313,-0.09220883,-0.29796815,-0.011413104,-0.41159993,-0.31526694,-0.5615892,0.17454481,0.20605958,0.17862546,0.6284325,-0.047033723,-1.6205707,0.28064594,-0.257109,1.124113,0.21928163,-0.027670374,0.01888541,0.011290905,-0.128921,0.73824966,0.008545003,0.33741084,0.5484175,-0.07579439,-0.12309924,0.27088138,-0.48744386,-0.3268651,-0.15342085,-0.06014931,-0.18531826,-0.14676225,0.14861089,-0.8179647,0.03264145,0.35663542,-0.38986817,-0.044838373,-0.0064027905,-0.9723776,-0.07451753,0.34648484,0.10264829,-0.016999321,-0.43113193,-0.0826729,-0.1846815,-0.2987507,0.5684884,-0.43738794,-0.14666203,0.09551526,0.22766459,0.39212286,-0.047266122
214,negative,-0.19291076,0.2959989,0.25144687,-0.15351936,-0.08287688,0.3866292,-0.30622035,0.026095822,-0.028291432,-0.06714006,-0.038575906,-0.006594039,0.09915949,0.03928214,-0.016059542,-0.20649798,-0.11249372,-0.0045813737,-0.46744323,0.0815945,0.11267755,-0.00707836,-0.10765135,0.04827641,0.18628798,0.22769088,-0.2309097,-0.24898072,0.3556593,-0.28645793,0.114413545,0.3443591,-0.020055631,0.06909847,-0.058616992,0.12447807,0.11598329,0.117281355,0.0941578,-0.13540363,-0.22415449,-0.20688172,0.05397138,-0.49411348,-0.17166236,0.08125459,-0.08327125,0.013016062,-0.07363657,-0.63871515,-0.038589153,-0.037379637,0.093999304,0.8137736,0.11114141,-1.6711327,-0.02290434,-0.25440103,1.1276386,0.26128942,0.09641105,0.46678028,-0.34731227,-0.10249937,0.4597643,0.06136887,0.09287969,0.291662,0.048525613,-0.39818555,0.08123597,-0.1426328,-0.10280411,-0.42789185,0.44140333,0.2676717,-0.19880274,-0.03434873,-0.31983125,0.042545903,0.35937694,0.12530665,-0.227614,0.107201725,-1.0800854,-0.13347916,0.04788211,0.11872693,-0.38126487,-0.16411425,-0.10414155,-0.069576964,0.09474428,-0.15990955,-0.41802457,-0.16831708,0.045341223,-0.16040567,0.34749296,0.10085345
215,neutral,0.014137726,0.26222363,0.20604299,-0.24474168,0.17103459,0.1276525,0.07424995,0.26132476,-0.52719355,0.02115856,-0.29862916,-0.14966145,0.38360867,0.44263983,-0.084451556,-0.05722484,0.6354698,-0.098006904,0.29933926,-0.24041137,0.3105882,-0.13233514,-0.22228417,0.07083088,0.022202658,0.3366948,0.07352134,-0.43947756,0.012360862,-0.19094113,0.46917498,0.39815873,-0.03718351,0.054559633,-0.04344496,-0.01551512,-0.10652477,0.39739096,0.4471982,-0.10172562,0.21398446,-0.5929428,-0.14075677,-0.22290681,-0.05194502,0.37886566,0.100077964,0.35851565,-0.13027771,-0.51518285,-0.057411328,0.069612674,0.31397998,0.7147026,-0.18667124,-2.3935833,-0.007304435,0.009478716,1.7069162,0.54281807,0.21622314,0.46118423,0.00953811,0.1954468,0.34681538,0.20447256,0.24010049,0.16771609,0.41571286,0.40375218,0.022272881,-0.18805577,-0.31306252,0.061256923,0.26786578,0.22374687,0.20148997,0.2763985,-0.43787736,-0.14929149,0.5712929,0.09601101,-0.36214036,0.3452252,-1.0483166,-0.1714339,0.053773098,-0.22556058,0.33272636,0.15988702,0.00058253616,-0.6279125,-0.2426068,0.4325385,-0.69448715,0.37616423,-0.17895119,-0.30343953,0.23605426,-0.1838546
216,neutral,-0.25067332,0.11233473,-0.021560604,-0.029489707,0.16407655,-0.007950657,-0.11369445,-0.12319028,-0.078021854,0.40906623,0.32737702,-0.05701079,0.42961338,0.12974823,0.076079205,-0.0781612,0.069666676,-0.25602153,-0.34498793,0.0046846033,0.21723427,-0.23672302,0.13408726,-0.05671362,-0.025752926,-0.119323805,-0.05560982,-0.3099401,0.21064037,0.133531,0.09799803,0.15313607,-0.078993805,-0.11106896,0.06902181,0.027297443,0.021575995,0.089595914,0.10930734,-0.032602124,-0.24661747,-0.046894945,0.16856658,-0.12830573,0.21379639,-0.024614345,0.07864503,0.13969544,-0.22753894,-0.23755787,0.039221305,0.0945841,0.17337152,0.90300226,-0.05825408,-1.4771501,-0.022108216,-0.2506998,1.2746148,0.5908833,-0.07502874,0.41769844,0.046902593,0.01020344,0.4933902,0.12657948,0.22591035,0.21655454,0.048848104,0.08964804,0.22205424,-0.24752522,0.014651933,-0.270686,0.024881223,-0.051235933,0.05014415,-0.09228429,-0.43836147,0.11409909,0.51391685,0.02342867,-0.4103594,0.20896928,-0.7384577,0.16641952,0.2356092,-0.03804651,0.24188195,-0.11989198,0.10065239,-0.084321044,-0.18399492,0.15874116,-0.30479127,-0.08224525,0.006775034,-0.42817026,0.23186201,0.08109032
217,neutral,-0.15384184,0.25552154,0.21402943,-0.09561135,-0.20075953,0.19219765,-0.18494911,-0.07309791,0.044196203,0.19600233,0.083093494,0.12235989,0.17049962,-0.015130507,0.07751312,-0.14234136,0.15987577,0.08269576,-0.27832788,-0.17288262,0.092872515,-0.08179886,-0.024923235,-0.03819086,0.06465726,0.15225433,-0.07550481,-0.07625627,-0.04046352,-0.18695828,0.14366333,0.43991798,0.17906284,0.1414875,-0.15801683,-0.014089784,-0.17941883,0.05849821,0.024424216,-0.35771656,-0.14788711,0.015030772,0.048966855,-0.29269123,0.017461572,-0.23030251,-0.029694775,-0.33469996,-0.2735135,-0.3818756,0.23261085,0.040765613,-0.12350011,0.7424392,-0.110391706,-0.9707165,0.37903464,-0.59552395,1.3425428,0.48433155,-0.06682812,0.07120589,-0.0676599,0.040835638,0.6262452,-0.10636215,0.26621485,-0.038468916,0.12210226,0.021048937,-0.036975995,-0.060156286,0.122436315,-0.32532072,0.18340504,0.35632575,0.0030907607,0.026333278,-0.45921442,-0.02242475,0.31916037,0.080165416,-0.20892403,0.05179474,-0.86410177,-0.14826,0.31165814,-0.012610077,0.010762585,-0.36512628,-0.033552855,-0.13215123,-0.2673706,-0.02563626,-0.062153663,0.20914914,-0.0025973849,-0.26138285,0.073779285,0.19323628
218,neutral,-0.09105077,0.020937808,0.257377,-0.109899096,0.0012481965,0.07790737,-0.16906472,-0.09635648,0.18727197,0.03955824,0.04684468,0.19959547,-0.08803269,0.10022371,-0.05985046,0.06633068,0.05544128,0.07100017,-0.49152535,0.14212936,0.09980103,-0.06582915,0.023644475,-0.07190517,0.09186754,0.02853159,-0.11720918,-0.14226142,0.18429805,-0.105544016,0.11859068,0.36885867,-0.09321164,0.06798779,0.081586584,0.14805925,0.06984011,-0.09532474,-0.022949012,-0.10821012,-0.31491154,-0.08649633,0.044062182,-0.29015538,-0.1415028,-0.009476887,0.19315845,-0.06582229,-0.055343222,-0.49458203,0.11434214,0.045423616,0.08528234,0.80282235,-0.07722359,-1.4583511,-0.08290359,-0.17071423,0.9957728,0.19303082,-0.22078077,0.5020006,-0.10090024,-0.023797246,0.56142765,-0.011030401,0.30710828,0.2438397,-0.046187177,-0.008105479,0.003280588,-0.26615125,-0.15731977,-0.27466524,-0.03414306,-0.05496532,-0.035545833,-0.0048842533,-0.6392586,0.24317515,0.4036935,0.023087097,-0.13140635,-0.12653948,-0.93513566,-0.08714518,0.011750061,0.30085266,-0.023445657,-0.19100252,-0.11985408,0.051402498,-0.08522685,-0.046104427,-0.13927226,-0.119488545,-0.07675233,-0.0818411,0.29599094,0.13953471
219,negative,-0.21950842,0.23475718,0.057013962,0.006688659,-0.013423737,0.08989311,-0.020127857,-0.32985717,-0.046002246,0.46512362,0.009153526,-0.12083982,0.27734596,0.06995447,-0.06120761,0.004780157,-0.10775504,-0.14165772,-0.22291057,-0.065138884,0.37338215,-0.2475598,0.17517413,-0.1394579,-0.061621845,0.067956164,-0.20970017,-0.27595374,0.25920245,0.007930769,-0.017088594,0.26175207,-0.14434727,-0.13502128,0.24095383,0.023618344,-0.05359737,-0.18596604,0.16878672,-0.0612358,-0.18488216,0.0021063748,0.090337776,-0.17989053,0.08945144,-0.19696635,0.17274104,0.11777379,-0.15666029,-0.32083827,0.02365648,0.15808682,0.11664599,0.82281035,0.19424291,-1.407979,0.0537395,-0.08097256,1.1134982,0.33899948,0.0068308692,0.3340843,0.023410518,-0.17550083,0.57942003,0.13382016,0.17167284,0.085053615,0.053291872,0.09041936,0.11812903,-0.36654016,-0.23453656,-0.15834111,-0.005502611,-0.26971617,-0.04094279,0.029244242,-0.5632321,0.14901698,0.5003958,-0.1377894,-0.2407492,0.13091962,-0.8303123,0.24711493,0.04629317,0.05358053,-0.1099414,-0.20882262,0.043748144,-0.1058754,-0.1032649,0.22353375,-0.29288357,-0.20554404,-0.110215016,-0.22784476,0.3919531,0.16098006
220,neutral,-0.20393924,0.07631111,0.22359085,-0.13568877,-0.024444291,-0.1414855,-0.012125804,-0.08973434,0.10057162,0.1302171,-0.03280761,-0.020202836,0.10145826,-0.16404536,0.03953478,-0.16777004,0.07648837,0.050449383,-0.20899686,0.106529355,0.24566525,-0.092705,0.183179,-0.14651017,-0.02898133,-0.07961703,-0.031871147,-0.21837203,0.10654412,-0.05262921,0.032715857,0.39120272,-0.21958525,-0.08725831,0.045819666,-0.067746,0.14230517,0.09002117,-0.11629792,-0.1132851,-0.40810534,-0.017680397,0.10535173,-0.20987998,-0.06043561,-0.29582572,0.27852285,-0.12727639,-0.15717362,-0.5253923,0.14506114,-0.035971526,0.11253014,0.72602516,0.1753465,-1.7673415,0.173655,-0.017614257,1.0181799,0.36834383,-0.02768025,0.30970117,-0.20244092,-0.10862575,0.6175189,0.16795057,0.23394911,0.23423293,0.066330455,0.052758083,0.16570657,-0.12432358,-0.21077405,-0.19973858,0.027262535,-0.10885951,-0.10677088,-0.045670856,-0.6712657,0.093232326,0.4530455,-0.00075029634,-0.34562638,0.074754514,-0.90486354,0.09371097,0.15518452,0.03406738,-0.013435112,-0.34611067,0.043467827,0.015988829,0.05487407,-0.04431154,-0.1992558,0.13354538,0.010466017,-0.19164272,0.33282015,0.22033808
221,negative,-0.007886598,0.19482808,0.15146793,-0.009896256,-0.15256077,0.16806163,-0.15896194,0.036953036,0.027014516,-0.00868643,-0.15856831,-0.07107047,0.34382564,0.033369564,0.0011207322,0.04744365,-0.009090887,0.022646751,-0.49624434,0.12395789,0.3605807,0.13092919,0.32782602,-0.24257027,-0.03209661,0.085708,-0.16218247,-0.46512827,0.03433678,-0.099184945,0.041808568,0.4045474,-0.15108822,0.049923144,0.10204444,0.13984431,0.10735767,-0.091209956,-0.1934986,-0.24807285,-0.43150628,0.004382977,0.20142724,-0.22161216,-0.06452842,-0.1186477,0.16556479,-0.019342352,-0.30945715,-0.49724653,0.36800343,-0.03206635,0.043262824,0.83073735,-0.12127226,-1.6881055,0.011295568,-0.24399023,1.0859187,0.2694076,-0.12096663,0.16733634,-0.2345875,-0.14631559,0.6751768,0.09988103,0.1999962,0.4017865,-0.1693378,-0.3230892,0.05387567,-0.2720923,-0.090374835,-0.30504245,0.14868663,-0.12090366,-0.2555158,0.10960084,-0.6107071,-0.05699081,0.4192451,0.1386794,-0.18727812,0.0964405,-1.0957813,-0.04817913,0.20516005,0.13251954,-0.20061386,-0.30158833,-0.15973994,-0.26006302,-0.06538372,0.2134408,-0.3744421,0.1225891,-0.19170523,-0.048008192,0.378092,0.14511932
222,negative,-0.19806229,0.1639659,0.51920426,-0.14641242,-0.055741634,-0.18529963,-0.2831208,-0.113180175,0.08770811,0.10134232,-0.060106542,-0.061989356,0.010126224,-0.0831587,-0.050237633,-0.05253934,0.019661482,0.0073053874,-0.40406728,0.17374411,0.15160467,-0.09786697,0.015884658,-0.1061059,-0.14399253,-0.02426353,-0.17401458,-0.20740409,0.22006893,-0.1160083,0.09613255,0.3182903,-0.170387,0.022020277,-0.09468734,0.21104722,0.02117614,0.036075663,-0.06845576,-0.05282151,-0.4508083,-0.12819755,0.07797394,-0.2357501,-0.14840324,-0.35131386,0.026078774,-0.3001605,-0.18114394,-0.72915334,0.19464661,0.1481122,0.05800455,0.7764597,-0.027731284,-1.9028889,0.17628849,-0.34682134,1.480982,0.26548645,-0.04225967,0.30496293,-0.080822825,0.030536985,0.7506104,-0.05917494,0.23713034,0.3285658,0.016451834,-0.07658265,0.06029966,-0.37994152,-0.27786607,-0.37892187,0.16256402,0.23704307,-0.088050164,-0.004834405,-0.84545827,0.07864706,0.5854122,-0.117096044,-0.15596667,-0.03283008,-1.1899788,-0.16149436,0.14755721,0.2549947,-0.15576568,-0.4141183,-0.07740987,-0.14875254,-0.08323222,-0.06901364,-0.6010135,-0.12106578,0.07762612,-0.23173188,0.37682137,0.15217139
223,neutral,-0.17174977,0.02971231,0.1298521,-0.21686596,-0.09567823,-0.07439234,-0.10586251,-0.03638139,0.086607404,-0.010135423,0.030167948,-0.014319357,0.16164076,0.029007798,0.066982955,-0.012678352,-0.0855031,-0.110042885,-0.3820313,0.14055774,0.17538239,-0.11798136,-0.005214521,-0.21905656,-0.08372022,0.089586996,-0.07562004,-0.09574262,0.1226684,-0.034035005,-0.084736735,0.18091576,0.019392729,0.07619687,-0.08917368,0.19982609,0.022650998,0.05574423,0.0032346498,-0.067025766,-0.41344497,0.030136853,0.18467113,-0.07836711,-0.06408882,-0.2861577,0.13170446,-0.058537606,-0.0844882,-0.5668005,-0.014986997,0.090505585,0.21469057,0.6073501,-0.23193072,-1.4908372,0.09500851,-0.06811048,0.8028982,0.27804565,-0.114905536,0.40989366,-0.13677098,-0.30751282,0.4126661,-0.024074232,0.20920588,0.32326725,-0.18720911,-0.08410192,0.13063261,-0.22916101,-0.18218763,-0.53172225,0.057468276,0.16964135,0.027643649,-0.08960834,-0.60832804,-0.03839751,0.40139493,-0.2588879,-0.21958584,-0.12563501,-0.8736691,-0.17092891,0.060549397,0.046456266,-0.0063522668,-0.24581823,-0.08368131,0.029911269,-0.079197004,0.023571532,-0.3274774,0.040902995,-0.1672761,-0.2795822,0.14152803,0.15768157
224,neutral,-0.20928715,0.17887862,0.102940336,-0.39954007,-0.18486859,0.10916265,0.13504063,0.24050568,0.043790165,0.38177085,-0.08392153,-0.41670266,-0.05158501,0.08985582,-0.42090985,-0.1849908,0.1320758,0.015757855,-0.59796673,-0.23954608,0.80118877,-0.31226027,-0.07068191,0.31089032,0.48233548,0.1605099,-0.09115249,-0.007725598,0.3011127,0.041034743,-0.31304604,-0.07184871,-0.5109999,0.19625379,0.28295392,-0.4393909,-0.2869874,0.14949664,0.08490109,-0.2682895,-0.01913447,-0.20523153,0.16153342,-0.39661473,0.15117858,0.26784685,0.19743706,0.04491105,-0.22098231,-0.49852934,-0.32030812,0.6707841,-0.1308015,0.8958649,-0.07749081,-1.5300767,-0.28959623,-0.17695522,1.0130004,0.19716437,-0.052426353,0.34605753,0.097998366,0.14189091,0.13503174,0.20055166,-0.2459859,0.0060282773,-0.064709954,-0.12637748,0.04528831,-0.51047254,-0.034788374,0.14716329,-0.04813708,-0.24035074,0.21137443,0.010335491,-0.72708386,0.2742248,1.4859185,-0.15448208,-0.33830413,0.48767093,-0.73968256,-0.15801838,0.110570155,0.17831874,-0.070028774,0.09774787,0.09682598,0.04401609,0.13440235,0.19806835,0.06317177,-0.16365114,-0.23484392,0.09354811,0.16436394,0.17291722
225,neutral,-0.06465649,0.30810827,0.37963337,-0.12564999,0.02961528,-0.35986936,-0.45761067,0.0014930214,-0.06230276,-0.28019038,0.07566107,-0.01441127,0.08365442,-0.01623164,-0.10374396,-0.19653028,0.022488005,0.17968416,-0.3774062,0.1401645,0.100426644,0.20890273,0.047256146,0.05797173,-0.23935163,-0.030598124,-0.034305084,-0.42601195,-0.038247995,-0.0035013822,-0.10310508,0.44709238,-0.224266,-0.09094063,0.057247385,0.32801002,0.13569355,0.2268678,-0.15601458,-0.15471058,-0.31158772,-0.30909076,-0.012780695,-0.15076262,-0.028085275,-0.14640486,0.17706887,-0.024402011,-0.29196957,-0.98836935,0.1047681,-0.12828717,-0.0700521,0.6662618,0.111835904,-2.0838602,-0.026558463,-0.05531947,1.5521796,0.34942734,-0.08868321,0.30872405,-0.3104456,-0.22113213,0.5691471,0.19629972,0.287945,0.26988584,0.45448634,-0.2444611,0.085859455,-0.25246394,-0.2726413,-0.31547356,0.093855925,-0.085292645,-0.14761852,0.013368169,-0.7966651,-0.18770985,0.8047288,0.019091928,-0.33693862,0.11296788,-1.1666038,-0.3289914,-0.22698648,-0.13836014,-0.10116056,-0.37679467,0.17182751,-0.08247341,0.10286739,-0.26985028,-0.32756346,0.2414582,-0.0024002735,-0.29021722,0.64464796,0.25370944
226,neutral,-0.16820636,0.07798634,0.17771462,-0.19264945,0.016144374,0.09361498,-0.057456013,0.2125298,-0.11836265,-0.14299163,-0.017695596,0.016281059,-0.10766358,0.010799764,0.053430613,-0.07377409,0.090152934,0.17962565,-0.22947583,0.18488544,-0.02975304,-0.01387776,0.22273746,-0.003819356,0.533442,-0.059963383,0.1707292,-0.0832878,0.10013639,-0.09589777,-0.294012,0.19820462,0.3278502,-0.022679131,0.060833424,0.32155743,0.039635155,0.28176323,-0.01612595,-0.0759196,-0.15603459,-0.037160948,-0.2777764,0.043134674,0.013537321,-0.009881041,0.20297013,-0.077843726,0.04152377,-0.47682846,0.0772193,-0.41244623,0.08655263,0.47415617,-0.019985182,-1.583523,-0.16020353,0.08542862,0.57455575,0.060938384,0.081911676,0.54108185,-0.18972993,-0.071427576,0.31530538,-0.1325736,0.31760138,0.033125635,0.105316244,-0.059930153,-0.068149425,-0.009460234,-0.117269054,-0.5108961,0.014829048,-0.08645131,0.06446926,0.16144922,-0.33337447,0.37356985,0.2428861,0.056600012,-0.37873513,0.01845516,-0.428612,-0.19770342,-0.09571414,0.10588438,0.08201831,-0.018561058,-0.009805134,-0.10385919,-0.105150156,-0.034624513,-0.40060046,-0.11496946,-0.12813048,-0.10147251,0.32506,0.06484
227,negative,0.03657152,0.32812712,0.26359096,-0.13353361,-0.083414726,-0.060036518,-0.2502141,0.17962204,-0.00459068,0.020848759,0.18955716,0.093900554,0.015638053,0.03885425,0.015994612,-0.32139736,-0.0047056815,0.14364919,-0.24389519,0.2803726,0.29551026,0.14989036,0.06320108,0.17905791,0.0860632,-0.15369472,-0.19438227,-0.44080514,0.00440009,-0.19178098,0.03816201,0.43382612,-0.053206053,0.026932461,-0.021050526,0.27290553,-0.035957627,0.109356,-0.022302488,-0.049610373,-0.113056555,-0.2503329,0.041903824,-0.1734895,0.0045512123,0.0016765824,0.13556486,-0.2766905,-0.09860393,-0.7566224,-0.028888814,-0.07786298,0.008632337,0.83522886,-0.04188841,-1.847078,0.018693592,-0.21080168,1.4387172,0.36293614,0.017493661,0.30320588,-0.16183123,-0.08564836,0.47895768,0.1460357,0.20409766,0.21732602,0.17858355,-0.23911983,0.044898346,-0.18491909,-0.20478772,-0.16870123,0.06848957,0.054586817,-0.07370046,0.09260306,-0.7195581,0.097233355,0.58138037,0.09489226,-0.31092364,-0.03358548,-0.9980805,-0.18569778,-0.04080489,-0.030461727,-0.18549465,-0.25684693,-0.026902843,-0.034638815,-0.010577901,-0.3280916,-0.54126084,0.0350845,0.19857544,0.011613815,0.551188,-0.019179406
228,neutral,-0.15341938,0.1513164,0.2376225,0.39837515,-0.3191817,0.09107435,-0.157638,0.043148056,0.19517173,0.099181496,0.23581874,0.32984564,0.099685326,0.24400476,0.12662113,-0.13252118,0.00013996825,0.29371917,-0.8007888,0.18915091,0.5024078,-0.44138357,-0.052631907,-0.37067887,-0.016131688,0.44844535,-0.20451927,-0.19272213,0.6370535,-0.1289189,-0.13886546,0.027250169,-0.2198557,-0.12772168,0.251067,0.03603748,0.274843,-0.31429225,0.0072191292,-0.13448541,-0.2961261,0.28089994,0.4682588,-0.18937282,-0.0007355048,-0.21340753,0.17299014,-0.14657995,-0.27415213,-0.8401626,0.12838046,-0.040020317,-0.028982019,0.8136176,-0.003465582,-1.1531142,0.38717115,-0.58641,1.4777193,0.33298823,-0.020762516,0.2799305,-0.4994541,-0.2669669,0.7677693,-0.095468305,0.13125478,0.38719583,-0.24610706,-0.033768725,0.035339795,-0.88139695,-0.39906284,-0.5763534,0.22487353,0.13675933,-0.19354247,0.056008916,-0.50673354,0.17885655,0.75454026,0.063905485,-0.1900089,0.37430754,-0.7406402,-0.0041893385,0.56346923,0.1766507,0.06229501,-0.060868513,-0.32021007,-0.38240498,-0.033975903,0.17049678,-0.24232659,-0.11606028,0.047602687,0.2499052,0.19732434,0.26951763
229,negative,0.20085022,0.14193378,0.27242115,-0.15935127,0.009466251,-0.49350232,-0.08615398,-0.01678319,0.0009545645,0.07541192,-0.086984545,-0.048106797,0.00081590144,-0.16598614,0.156344,-0.13351823,-0.23758842,0.074196205,-0.075363174,-0.044168994,0.44208476,-0.2046864,-0.020999731,0.065550424,0.045356758,-0.077974305,-0.1409972,-0.30277202,0.16295607,-0.08903878,-0.039899938,0.044498205,-0.30846247,0.023709921,-0.18920855,0.09037254,0.18820478,-0.18048435,0.13484126,-0.13601495,-0.12845868,-0.32941803,0.0055947895,-0.20120573,0.33193278,-0.09700644,0.12894438,-0.29809514,0.0747079,-0.88566,-0.08384676,0.02371309,0.021829888,0.6442882,-0.0502031,-1.7253509,0.029554265,-0.35242322,1.2094012,0.1614307,-0.24319002,0.23462349,-0.33769453,-0.17968568,0.356646,0.044897933,0.20206136,-0.24804044,0.18457422,-0.13139108,0.020771403,-0.085195705,-0.42919758,-0.17389107,-0.011331459,0.010874839,-0.02910204,-0.024055809,-0.6615499,0.03406208,0.59265053,0.10189368,-0.3754389,0.09370328,-0.68189526,-0.3776553,0.11643491,0.06988579,-0.026582351,-0.28584373,0.0014924075,0.07359429,-0.1603921,-0.078078166,-0.4936562,0.005103634,0.2547572,0.008993054,0.38213578,0.037847165
230,neutral,-0.3471275,0.061697584,0.37931067,-0.09774288,-0.083995,-0.12235715,0.031777237,0.14616227,-0.22920889,0.26594684,0.12416008,-0.37316975,-0.07002023,0.07543189,0.30016267,-0.26957068,0.22970441,-0.100434594,-0.17319149,-0.3077826,0.25144637,-0.23856544,0.24702469,-0.09477724,0.08459776,-0.011916814,-0.2210823,-0.0028815866,0.11488724,0.12971357,-0.116889924,0.45323205,-0.19948316,-0.19870046,0.17810588,0.07572612,-0.06499544,-0.053373717,-0.11186451,-0.10387225,-0.22628242,-0.27450243,-0.043090984,-0.3243643,0.26987344,-0.04340343,-0.02155232,-0.31909567,0.06714994,-0.43272826,0.14114605,0.29284889,0.16204783,0.94749546,0.11089172,-1.5962094,0.1595866,-0.078853235,1.5726712,0.28589785,-0.024213135,0.359431,-0.08132973,0.09039522,0.32634336,-0.016924333,-0.022986647,0.12241822,-0.009328452,0.19229256,0.20405051,-0.21033676,0.059533015,-0.5123492,0.32925755,0.04639874,-0.10659287,0.3995048,-0.58559084,0.025070993,0.57814157,-0.20004097,-0.10653985,0.03950657,-1.2225074,0.0050539277,0.33548385,0.0861288,0.099730074,0.005996539,0.1695828,0.17895412,-0.17838839,0.054737203,-0.1213065,0.16005002,0.038916674,-0.21450794,0.17683458,0.045520432
231,negative,-0.2594692,0.14275476,0.27937397,0.08326024,-0.14033428,0.061616056,-0.16646421,-0.15007406,0.22339764,0.25995284,-0.35288766,0.026270643,0.19761465,0.15276428,-0.03834307,-0.16522127,-0.06367919,-0.19654134,-0.6190705,0.22218594,0.40793967,-0.09614484,0.0186629,-0.15807658,0.096323326,-0.38744867,-0.21275946,-0.40594172,0.20903191,-0.00083779107,0.058479033,0.29266274,-0.13801354,-0.13705984,0.09454228,-0.10273232,0.22321154,0.011349988,-0.017234577,-0.23198105,-0.4475027,-0.22679934,0.111991346,-0.04137775,0.09312162,-0.31466442,0.28392228,0.18521969,-0.107533306,-0.5512568,-0.10005769,0.13108958,0.2544299,0.9585165,-0.20417732,-1.5313375,0.06378006,-0.1962614,1.102461,0.3107222,0.01362193,0.40197846,-0.19040224,-0.112581275,0.84846544,0.20478654,0.20485987,0.16409601,-0.018144418,-0.28587198,0.17638922,-0.5134269,-0.2714757,-0.07711408,0.13133046,-0.032297257,-0.16442578,0.09046691,-0.7500938,-0.0046222927,0.54135275,0.23701842,-0.2015475,0.29314864,-0.8730985,-0.14826871,-0.068777606,-0.043360796,0.17339316,-0.3195834,0.021027148,-0.0833812,-0.09495796,-0.11168301,-0.5300455,-0.1419876,0.019398533,-0.063334934,0.22792384,0.12651274
232,negative,0.069167264,0.24954484,0.07277749,-0.0029366147,-0.07798307,-0.54417795,-0.23705374,-0.21315286,0.07762287,-0.07383315,0.0797621,0.1932451,-0.024465207,-0.09465619,0.1239889,-0.19417235,-0.17923579,-0.07127166,0.055463016,0.026183823,0.36464,-0.15969166,-0.098708674,0.17746438,0.095934525,0.13911912,-0.044656374,-0.2422464,-0.13260712,-0.17570023,-0.022513036,0.2038836,-0.033293277,-0.13263024,-0.2154823,0.15881038,0.1913581,0.020850083,-0.19161966,-0.06698139,-0.18510106,-0.28491786,-0.10365146,0.04427191,0.1814288,0.06947701,0.058893982,-0.35367987,-0.23398975,-0.92339694,-0.14978713,0.012090799,0.2731735,0.693287,-0.23745762,-1.6913203,0.08809421,-0.04885335,1.0938689,0.16166815,-0.20276771,0.2536769,-0.14797007,0.13735878,0.09989492,0.22518674,-0.05636635,-0.08471272,0.3900397,-0.2476095,0.29983386,-0.27298564,-0.27112058,0.0148384245,0.099326335,-0.2939316,0.0047993083,0.015219798,-0.59544957,0.15009183,0.5984054,-0.041375883,-0.40629324,-0.09520542,-0.8384106,-0.034751114,-0.05195133,-0.1413341,-0.106468044,-0.464511,-0.08032284,0.10695837,-0.12361323,-0.21127824,-0.19218692,-0.008665934,0.29262218,-0.298236,0.47295213,-0.105080135
233,neutral,-0.06680588,0.1510651,0.4759455,-0.4186895,-0.027031465,-0.045564856,0.13397059,-0.048465665,-0.3374448,-0.06940735,0.3630451,-0.03501817,-0.15661894,-0.01902217,0.00802981,-9.958765e-05,0.11307202,0.06820127,-0.20535205,0.0755672,0.36913377,-0.094387345,0.08648699,-0.008539054,0.3938024,0.031465944,-0.030920455,-0.19968712,-0.0014763154,0.03661231,-0.0069055525,0.240011,-0.055608053,0.033435706,-0.0023181837,0.086831436,-0.18445867,0.18972574,0.04676009,-0.046909265,0.09077146,0.08857829,0.011867015,0.015222551,-0.13652968,0.039727,-0.102091685,-0.1263623,0.20092018,-0.34749618,-0.18699284,-0.06875585,0.15906954,0.36685112,-0.005355839,-1.81664,-0.36611715,0.13195269,0.8499228,0.4322779,-0.05860796,0.6990214,-0.17595191,-0.14998291,0.42742777,-0.22929913,0.38725844,0.6304943,0.09931261,-0.06636626,-0.07131384,0.080946,-0.21592452,-0.20511661,-0.0005401511,0.23342425,-0.15774387,-0.25330836,-0.41487578,-0.008662555,0.3079117,-0.15103422,-0.140022,-0.17278664,-0.8320426,-0.155793,-0.18666005,-0.35381898,0.012573294,-0.13324377,0.12880206,0.10477135,-0.050142534,0.055787493,-0.28818825,-0.10163332,-0.021782473,-0.26953697,0.35218516,0.025623452
234,negative,-0.32937428,0.2126651,0.3214214,-0.50608796,0.060117986,0.116905265,-0.08500128,-0.16829468,0.1775094,0.08599654,0.018225238,-0.039592035,0.0073661665,0.0847983,0.13495247,0.08100437,0.28990597,0.15063883,-0.077969074,0.55103517,0.44025713,0.08997454,0.2400329,-0.6738244,0.006198343,0.15523368,-0.28695673,-0.44236144,0.14595129,-0.16538669,-0.050185103,0.7082294,0.25870413,-0.24148065,0.10193404,0.1222706,-0.109240495,0.108795196,-0.053664804,-0.23433407,-0.33228362,-0.21379194,0.2376898,-0.14504324,-0.16902035,-0.26962134,0.08570119,0.034061693,-0.19945987,-0.5223829,-0.08012458,-0.06738958,0.13315572,0.90570885,0.055145442,-2.013281,0.19275568,0.5492194,1.0743579,0.12320781,-0.1614376,0.37767708,-0.46492752,0.09491615,0.94865817,0.14222531,0.2720983,0.142519,-0.0073131192,-0.31814942,0.30069792,-0.06913187,-0.37853923,-0.238781,0.0320951,0.12959924,-0.315302,0.04312812,-0.36496428,0.14446627,0.09623901,0.092190355,-0.3073015,0.06758341,-1.090748,-0.14774272,0.044788413,0.12906563,-0.07525642,-0.04464529,0.2709725,-0.35820094,0.01023224,0.17950654,-0.32263547,-0.1936871,-0.10490855,-0.075538166,0.17771757,0.17639476
235,neutral,-0.101737946,-0.12821977,0.3332804,-0.085915744,0.0258317,0.09230673,-0.083194874,0.37691292,0.007371479,-0.108308055,0.13230306,-0.12311351,-0.061618067,0.03231984,0.09193002,-0.33468673,0.19824998,-0.06106206,-0.4685298,0.20276311,0.10976969,0.16921598,0.06939954,-0.12131481,-0.13809793,-0.31746003,0.07086387,-0.24347179,0.49556085,0.11712583,-0.16487746,0.25539947,-0.14686409,0.30651662,0.35800356,0.16956758,0.008656581,0.16826016,0.14664415,-0.27362955,-0.2955514,0.107581705,-0.12806031,-0.14151596,-0.16740341,0.07026534,0.31109834,-0.31823325,-0.01836381,-0.4264938,0.094479196,0.20381987,0.14969902,0.6455835,-0.29620838,-1.7413361,-0.2775454,-0.12620407,1.3748646,0.24712819,-0.09111385,0.47889698,-0.29645014,-0.2614371,0.5218795,0.0149426935,-0.08968493,0.03498562,0.36634517,0.32112858,-0.01929756,-0.3143171,0.10630383,-0.5140966,0.36512205,-0.018917391,0.10998386,-0.15407684,-0.6576871,-0.056771256,0.5850756,-0.17862733,-0.06583201,-0.007539593,-0.6551238,0.05230111,-0.0006532142,0.34858626,0.20033993,-0.14327537,-0.17001,0.01612898,-0.17796701,-0.08121811,-0.1844412,0.10240922,-0.05415526,-0.012365579,0.54349035,0.30991796
236,negative,-0.3531792,0.15499736,0.31162053,0.06842332,-0.08831924,0.22286063,-0.07844717,0.3702046,-0.0545417,0.16287372,0.24017033,-0.011075476,0.18208022,0.17984672,0.08226524,-0.38372618,0.28133172,0.047818206,-0.8315122,-0.125697,0.22438003,0.032392923,0.067140654,0.16363339,-0.1500447,0.04177247,-0.079013444,-0.3200505,0.3326314,-0.016489077,0.059639733,0.19412781,0.039747402,-0.23431274,0.37079644,0.213485,-0.08678014,0.14454584,0.018721966,0.17400864,-0.34261853,0.09081516,0.04453221,-0.25615558,-0.030775264,-0.14318842,-0.1094657,-0.015302652,0.014512418,-0.6085527,0.02531677,0.016256223,0.10298712,0.8759709,-0.13831453,-1.6000634,0.058178946,-0.17377089,1.2248868,0.3871586,0.22252132,0.5094957,0.06615525,-0.3067081,0.59497917,0.116291024,0.19865753,0.42792973,-0.05630589,0.33845803,0.17837277,-0.3561579,-0.23003156,-0.37220016,0.31321183,0.011850758,-0.0033488323,0.17971055,-0.5750833,0.02009331,0.8240078,-0.15730359,-0.16411078,0.011807368,-0.7511806,-0.2494065,0.27825794,0.22246139,-0.17890885,-0.20191687,0.026900569,-0.33079275,0.09898963,0.16238187,-0.5902318,0.08613774,0.070827834,0.086674586,0.1311493,0.061497588
237,neutral,-0.35705847,0.13772978,-0.17752922,-0.35293868,0.13424896,0.2555735,-0.24809091,0.045126397,0.059472162,-0.15398382,0.2504312,-0.10243743,0.122392,0.020781485,-0.02109642,-0.07124665,0.46576253,0.27418587,-0.1406156,-0.22128509,0.079377145,-0.06747021,-0.025744556,-0.18039605,0.30789304,0.017427824,-0.09451145,-0.29627526,-0.06449602,-0.22800349,0.089455456,0.36803845,0.21149279,-0.1615147,0.083712414,0.37732777,-0.053896125,0.09544662,0.0065377858,-0.013282489,-0.15118651,-0.05602356,0.15314709,-0.23708332,-0.43878257,-0.2957724,0.07688153,-0.06396374,-0.30916855,-0.42771325,0.09718588,0.13945463,0.09981705,0.618932,-0.11095039,-1.5111212,-0.15685813,0.13277909,1.0998658,0.048141412,-0.015042526,0.64040154,-0.2233398,-0.11137948,0.5735748,-0.021931292,0.2642622,0.49120137,0.12964167,-0.08874284,0.25595862,-0.00068364805,0.018895976,-0.31829685,0.16213,0.18958682,-0.068116054,0.1211511,-0.4780073,0.019157957,0.12178688,-0.41208097,0.020072639,-0.27467173,-0.8433454,-0.22147368,0.0061919,-0.4364414,0.24617843,-0.112238444,-0.0627307,-0.16555212,0.21330136,-0.1136271,-0.3684754,-0.094792925,-0.0738428,-0.43566918,0.2155499,0.028325634
238,negative,0.039631523,-0.08759067,0.02842631,-0.26643768,-0.012459438,0.09439543,-0.19234414,-0.14107564,0.19581173,-0.024006173,0.08948119,0.09701673,0.014587265,0.16163397,-0.08726548,-0.20955524,0.17656702,-0.1446048,-0.6801283,0.14323065,0.2592388,-0.030808935,-0.054666027,-0.15388855,-0.10605778,-0.06544771,-0.07104131,-0.26556537,0.20785916,-0.06114355,0.14575884,0.3666584,0.053574245,-0.021040173,0.036133196,0.09810548,-0.10350656,0.099392526,0.1359967,-0.012560661,-0.36149102,0.025888275,0.15151326,-0.3846698,-0.1889895,-0.076969676,-0.021785395,-0.53786963,-0.047377534,-0.60207665,0.2167557,0.04685455,0.10998895,0.60230976,-0.061378565,-1.2825031,0.112492226,0.04551503,0.72210675,0.20181209,-0.16857344,0.0885422,0.000477545,-0.13241495,0.3788058,-0.13948773,0.5937258,0.56384057,-0.10650492,0.24843569,-0.013221299,-0.025518076,-0.24655458,-0.16680439,-0.024509788,-0.039508194,-0.07702691,0.037012566,-0.69657284,0.099319436,0.30165717,-0.08354597,-0.16651602,-0.2798934,-0.877583,-0.05340362,-0.06497657,0.04767095,-0.044253062,-0.23702104,-0.008477099,-0.24309611,-0.044668388,0.15812159,0.029132538,-0.068562575,-0.32078844,-0.1687855,0.071059436,-0.26772228
239,neutral,-0.05797216,0.2674809,0.14289786,-0.08734794,0.13319956,0.09170535,-0.20475048,0.1126945,-0.102533676,0.01658943,0.24084911,-0.2493814,0.22387509,-0.10659383,-0.0010689307,-0.12959462,0.11795916,-0.017797627,-0.2435593,0.07359606,0.18073776,0.044087097,0.075102076,-0.0051228884,0.09946493,-0.2155065,-0.039497275,-0.24920306,0.07225527,0.10546183,-0.10506078,0.4579054,-0.16645665,-0.01737653,0.05516306,0.12792519,0.05689486,0.10512387,-0.10953129,-0.123962514,-0.39120254,-0.13084818,0.13998759,-0.18996903,0.20519873,-0.024247281,0.16479166,-0.22625361,0.02573962,-0.6258644,0.08088287,0.010871403,-0.05294966,0.72709656,-0.11709401,-2.032006,-0.069320545,-0.20229876,1.4640906,0.40025693,-0.098897524,0.61826617,-0.21482927,0.045101166,0.6348466,0.035810877,0.13388059,0.09651581,0.33869076,-0.021644566,0.11582429,-0.08931249,-0.026877968,-0.2551974,0.09387374,-0.021754505,-0.0265426,-0.15024929,-0.7003184,-0.15268324,0.61235684,-0.016566912,-0.27571097,0.021721669,-1.0152047,-0.06479104,0.09709064,-0.17288463,0.049743064,-0.25233617,-0.02369596,0.2112898,-0.0821837,-0.1762145,-0.2729186,0.1704098,-0.17005448,-0.19790207,0.58350533,0.17756136
240,neutral,-0.033780668,0.18310137,0.23416558,-0.057937406,0.08708637,-0.24305536,-0.14413811,-0.000392721,0.03906022,0.0358519,-0.09463897,-0.071134515,0.072851904,-0.0034175268,-0.050617665,-0.10724075,0.075255655,-0.090469114,-0.24055387,0.050784398,0.13164943,0.04672854,0.00691841,0.18261302,-0.07574826,-0.15811862,-0.022982946,-0.21181262,0.21529932,-0.035570234,0.05583031,0.21453086,-0.03198448,-0.03917114,0.014656458,0.114779584,0.10551063,0.14004445,-0.14849031,-0.033174537,-0.12391173,-0.19088213,0.08998503,-0.07170791,0.07274991,-0.20455086,0.1181199,-0.062001348,-0.08622675,-0.6035779,0.05187596,0.14499485,-0.07296907,0.7318754,-0.02838148,-1.5054814,0.10581881,-0.38219637,1.1070044,0.28042355,-0.0894306,0.19631338,-0.093860626,0.12713689,0.49759135,0.18667398,0.0999756,0.2099071,0.19942701,0.026952451,0.18633646,-0.22345528,-0.18337746,-0.1587014,0.18539187,-0.02593083,-0.080139354,-0.05868999,-0.51291716,0.1746916,0.4778113,0.05625748,-0.25060248,0.03618802,-0.7820494,-0.261877,-0.010854149,0.059181135,0.0056622573,-0.27940106,0.027519075,-0.12482859,-0.029786143,-0.10088967,-0.26453644,0.05776937,0.10495246,-0.044132322,0.3517035,0.08647957
241,neutral,-0.072590694,0.30899766,0.34178808,-0.18464482,-0.09079472,0.18842714,-0.18411198,0.13136159,0.09980324,-0.2116109,0.14273351,0.023524886,0.23157734,-0.006806382,0.02260783,-0.1513636,-0.08400608,-0.03255072,-0.24042411,0.14711834,0.16648528,0.16806915,0.1126458,-0.17742935,0.17417559,-0.07441216,-0.014227453,-0.31867713,0.2960702,0.067138635,-0.017887626,0.33580467,0.014883012,0.06041217,0.2340032,0.2401369,-0.027993953,0.017943474,0.19076255,-0.24164289,-0.28806254,-0.042340413,-0.0340138,-0.19739169,-0.15745252,-0.12763888,0.17669374,-0.21728896,-0.06460695,-0.6841555,0.039621975,0.021826353,0.078680545,0.55535704,-0.20934416,-1.5872542,0.09861278,-0.2610232,0.9550685,0.20262513,-0.07878447,0.6511961,-0.18438461,-0.27190077,0.49887463,0.11824312,0.28681555,0.106190756,0.047078166,-0.018768666,0.14353932,-0.15139514,0.12363782,-0.25929993,-0.015132393,-0.092894,0.059104387,0.0599712,-0.35796285,-0.022893663,0.43362686,-0.19005397,-0.324961,0.047812235,-0.99217045,-0.09748507,0.011802369,-0.042722937,-0.023693219,0.0046134195,0.078620315,0.06108702,0.02577645,-0.06936871,-0.4098863,0.12821066,-0.19978595,-0.13565196,0.2924033,0.25514588
242,negative,-0.18311906,0.10967453,0.2678397,-0.37300202,-0.11984596,-0.091266654,-0.12497744,0.022700606,-0.11845676,-0.34575704,-0.07636788,-0.031425774,-0.09368126,0.12469479,-0.052822083,-0.088959105,0.02828092,0.28619054,-0.2968848,0.34591132,-0.14686748,-0.122013584,0.17600463,0.24731664,0.562291,0.052926674,0.058690965,-0.2230777,0.13168253,-0.082846045,-0.37086138,0.23406556,0.22838198,-0.19821002,0.05784867,0.39308453,-0.038482085,0.23397994,-0.02272809,-0.033742268,-0.22907758,0.026564531,-0.32408687,-0.05953234,0.02422472,0.027414953,0.26451665,-0.13959533,-0.04317414,-0.66304773,0.08461663,-0.45664552,-0.05507693,0.466482,-0.007611864,-1.5607381,-0.185002,0.036452208,0.46620974,0.121742524,0.016106851,0.5468158,-0.15506834,-0.061533798,0.325233,-0.17235029,0.26521453,0.15963294,0.03942087,-0.039694153,-0.082926475,-0.043756254,-0.1296086,-0.4964136,-0.008681161,0.036408573,-0.17348035,0.06381099,-0.4256465,0.33373404,0.24342385,0.1465258,-0.4195867,-0.06338189,-0.5066136,-0.28772599,-0.11622636,0.16147242,-0.09344379,-0.11304995,-0.17078726,-0.19061059,-0.024026962,0.0070696566,-0.2340076,-0.11498189,-0.05720312,-0.1388351,0.27989945,0.018123388
243,neutral,-0.09843865,-0.07520316,0.26261914,0.042413365,0.0035144717,0.071982875,-0.12003382,0.4889049,-0.095434,0.047998957,0.064433925,0.08068201,0.07531885,0.041849986,0.11290289,-0.27189973,0.20364189,-0.02236665,-0.11972513,0.023806766,0.18958701,0.01341896,0.27253425,0.013422075,0.08837968,-0.025518723,0.00017810283,-0.09027345,0.11760967,-0.18718691,-0.322382,0.096920155,-0.13121629,-0.071662135,-0.13912563,0.12353861,0.012490517,0.107334785,-0.023883797,0.08118051,-0.5305865,-0.08613113,-0.011739534,0.07574406,0.06653581,0.14346477,0.1738826,-0.11699311,0.013416502,-0.099034086,0.059173487,0.09408927,0.045493025,0.6825572,-0.01272451,-1.3369718,0.069621995,-0.12212061,1.1784426,0.39806917,-0.19231647,0.3067565,0.25422397,-0.22276464,0.30921727,0.033699937,-0.10568476,0.18751203,0.10732189,-0.055158548,-0.08690842,-0.2159243,-0.09544901,-0.179341,0.28517795,0.15177184,0.045858525,0.0547411,-0.6301352,0.04381287,0.30509007,0.017423732,-0.10598917,0.15493828,-0.76346374,0.009572062,0.108560376,-6.18802e-05,-0.15053917,-0.17347819,0.019651596,0.042348444,-0.105932385,-0.18797499,-0.3062823,0.15001838,0.052333675,-0.0987316,0.18879649,0.043073032
244,negative,-0.018048435,0.003937134,0.3539587,0.154118,0.023380343,-0.36831978,-0.20884632,0.12688005,-0.009151129,0.15962303,0.020691112,0.052038945,0.26659107,0.08688604,-0.0051471116,-0.13715905,0.16705967,0.012764095,-0.5973639,0.06812618,0.3609161,-0.19383042,0.1129224,-0.05551294,0.02827923,0.2666196,-0.14403008,-0.13291489,0.38958514,-0.09056166,0.07043036,0.24803741,-0.29051873,0.08574753,0.0530076,0.3188655,0.39219117,-0.11414965,-0.24508618,-0.24768351,-0.3252227,0.018772526,0.57059735,-0.08375445,0.17808351,-0.3168357,0.168716,-0.18268713,0.036908578,-0.6053766,0.022339642,-0.0026879539,0.21055402,0.7871098,-0.010216428,-1.6934294,0.15050024,-0.4223128,1.421959,0.13324848,0.040576167,0.14335166,-0.18592438,-0.29488608,0.6018772,-0.011910668,0.192959,0.46987545,-0.076896966,-0.047157746,0.113136336,-0.34209165,-0.38322797,-0.5112846,-0.023448166,0.25593707,-0.2087714,0.15505196,-0.88237965,0.05507523,0.8185325,-0.15279669,-0.18325105,0.18669629,-0.7730926,-0.04555411,0.14324944,0.10627048,0.234164,-0.43569553,0.02718563,-0.06512564,-0.14911176,0.115536205,-0.6175831,-0.038675062,0.14235659,-0.07942601,0.4100783,0.21406585
245,positive,-0.2203409,0.2715467,0.17495002,0.2700754,0.031818278,-0.1764014,0.014275304,0.015507465,0.013548414,-0.12305333,-0.022216227,-0.094627224,0.14063413,-0.20427634,-0.02490024,-0.0105198845,0.0880172,-0.088298164,-0.36010015,0.323177,-0.13258778,-0.26032385,-0.09938894,0.043789927,-0.12212268,-0.10704746,-0.05348907,0.083294205,-0.046683334,-0.09966853,-0.21549411,0.2474574,-0.31311736,-0.038166482,0.05367222,-0.0022010808,-0.1506231,0.057076618,-0.24894996,0.07384028,-0.2994812,0.16240123,-0.052646913,-0.11331178,-0.22811772,-0.09285315,0.3682454,-0.25368696,-0.09119932,-0.63981515,0.29358372,-0.0036565503,0.118605316,0.53008115,0.21274851,-1.4148521,0.42427668,-0.5472786,1.1917777,-0.07983335,-0.14468828,0.2924301,-0.21366431,-0.26770264,0.6312563,-0.085692324,0.036053255,-0.006343617,0.2928605,-0.11985815,0.22872658,-0.08169085,-0.059868205,-0.37112477,0.1227242,0.05743562,-0.16843529,-0.048673436,-0.54210585,-0.42782152,0.5174695,0.18183124,-0.039386105,-0.07530294,-0.9057862,0.041953124,0.04313442,0.02025085,-0.16753246,-0.18248183,-0.05809541,0.065362915,-0.15726924,-0.30027157,-0.09632388,0.02524686,0.01182904,-0.28418082,0.2841448,0.52374
246,neutral,-0.18811622,0.09455287,0.18773246,-0.15627705,0.03323638,0.248171,-0.12687601,0.21023548,-0.026982533,0.06446455,0.07950532,0.0020079263,0.034863483,0.0024508343,0.32648963,-0.34482166,-0.04328255,-0.106000215,-0.11889341,0.1833354,0.05495028,0.020160146,0.06838194,-0.11324673,0.18852691,-0.10607792,0.15522416,-0.1260855,0.26090327,-0.052746616,-0.056731433,0.33856896,0.020115439,0.16996978,0.11915748,0.045723807,0.16593944,-0.08639699,0.25617203,-0.33251297,-0.11429864,-0.18398,-0.17118515,-0.124224514,-0.103228845,-0.06371005,0.10150537,-0.13353111,0.04177079,-0.5422208,0.123155385,0.05283826,-0.0148970615,0.56546915,-0.11663109,-1.4068053,-0.019705152,-0.033749145,1.0310206,0.2818088,-0.035186764,0.52078843,-0.11049092,-0.08602235,0.4643955,0.02030201,0.18307634,-0.14235498,0.15386327,-0.0091806445,-0.13254629,-0.20171815,0.09332903,-0.22243981,0.09838451,-0.026020434,0.20349595,-0.18223815,-0.33250836,-0.15107702,0.30540565,-0.44720805,-0.3526648,-0.036147382,-0.64775956,0.071444556,0.22995636,-0.17082246,-0.069647424,0.107867815,-0.08398791,0.038425677,-0.18372634,-0.036652863,-0.26882303,-0.091048546,-0.17896405,-0.10837882,0.41411966,-0.0020670795
247,negative,-0.1085889,0.23652878,-0.010779849,-0.015949322,0.11982104,0.026673974,0.047236994,0.22916545,-0.051178202,0.4161067,-0.01041158,-0.20580694,0.26868063,0.18428154,0.13267484,-0.019308276,0.47225797,-0.094057724,-0.4193777,0.08119079,0.13436379,-0.18857263,-0.034464076,0.10981964,0.00084747124,-0.14198892,-0.03574391,-0.21813692,0.13881105,0.07702583,-0.2399401,0.21955289,-0.014856208,0.22404511,0.102111205,-0.035595898,0.24969016,0.05452584,-0.061454453,0.0036225577,-0.227013,-0.13709693,0.32670704,-0.022814924,0.29579678,0.03380579,0.09249032,0.18805538,-0.07356825,-0.23669548,0.07559717,0.09329009,-0.180089,0.55257,-0.330111,-1.8479564,-0.20399265,-0.30343202,1.373943,0.2944218,-0.15249214,0.57779264,0.14822635,0.038943704,0.24555188,-0.048891537,-0.14457373,0.032808676,0.09284184,0.18233559,-0.08188941,-0.3851841,-0.13504349,-0.43115157,0.014943775,0.035128295,0.44869494,0.10972506,-0.7333043,0.039242297,0.3168858,0.008903503,0.03763812,-0.01994666,-0.76046383,0.01601011,0.23318252,-0.143336,-0.027748704,0.0047277934,0.2924617,-0.25009748,0.092713885,0.14408886,-0.48356482,0.19528976,0.03843748,-0.07154674,0.5502491,0.08243589
248,neutral,-0.19816592,-0.07354234,0.17778713,-0.13656718,-0.0538822,0.117401324,-0.055304255,0.25964692,0.091440834,0.14167266,0.044185292,0.039001245,0.19919632,0.21931554,0.0648442,-0.033361536,0.14531337,-0.092748046,-0.2658064,0.17094685,0.29771203,-0.032861147,0.03173022,0.02448944,0.22756457,0.1824473,-0.111488014,-0.25393143,0.18360674,-0.038010236,-0.13813967,0.097260386,-0.03778765,0.10748011,-0.041990202,-0.02800715,0.0794216,0.076436706,0.09383058,0.012369535,-0.25144458,-0.12391903,0.052521855,-0.16944134,0.03710661,-0.09895471,-0.09133703,0.037649292,0.07298329,-0.3347387,0.011367399,0.098447524,0.0995566,0.689233,-0.008667643,-1.5703138,-0.05746171,0.06351359,0.9665689,0.3056295,-0.047828905,0.5257662,-0.02011388,-0.10454708,0.49101707,0.14134128,0.099221475,0.118097134,0.026872505,0.025576364,0.04572941,-0.12868676,-0.017144019,-0.31596243,0.16981484,0.061900962,0.06685858,0.08127403,-0.44720706,-0.062885046,0.3753857,-0.08600627,-0.18074295,-0.014002064,-0.78432375,0.09641453,-0.020894604,-0.023246868,0.006429526,-0.06615544,0.1263947,0.004837025,-0.07236204,0.089535326,-0.3222534,0.078829035,-0.08409801,-0.18306059,0.25007257,0.010577837
249,neutral,-0.19481587,-0.005213755,-0.03352534,-0.15004176,0.10659897,0.49152774,-0.36163336,-0.22703937,0.15724902,0.51126754,-0.07329101,-0.03161179,0.31609023,0.033304777,0.11137061,0.18227147,0.07006749,-0.19947693,-0.59923947,0.11293809,0.20370923,-0.18995544,0.1919248,-0.122515,-0.06015956,-0.01565767,0.19170694,-0.067955665,0.31954053,0.10746006,-0.03001197,0.1459556,-0.090476245,0.35777828,0.08312132,-0.16547023,-0.07040316,0.0013700261,0.3287653,0.09148406,-0.46734288,-0.0037438523,0.25013313,0.021343201,0.51937646,-0.19364506,-0.046618443,-0.05465479,-0.07264293,-0.17796259,0.030116633,0.087959826,0.06756551,0.9214436,-0.14097632,-0.8431262,-0.12874708,-0.057587087,1.4072816,0.04361686,-0.13091534,0.34177625,0.104161546,-0.13987316,0.5243142,0.15910557,0.108695604,0.13473351,-0.31817,0.30155188,0.022071045,-0.6901499,0.052904062,-0.17874472,0.00024064067,0.29622793,0.26634562,0.20312332,-0.70757484,-0.22555652,0.8072393,-0.13750443,-0.1797056,0.1572193,-0.48468143,-0.0156714,0.35520583,0.44758826,0.077957,-0.044184785,0.21143882,0.10214228,0.017530562,-0.17882207,-0.17172882,0.17463319,-0.0124522,0.15077744,-0.027663145,-0.005171748
250,neutral,-0.24410854,-0.009884393,-0.10211539,-0.19743092,0.049269978,0.37726262,-0.25047505,-0.1273388,0.16364384,0.5356079,-0.028411305,-0.07657594,0.2806915,0.12260102,0.15117599,0.15929799,0.072124004,-0.12483251,-0.5729302,0.09642036,0.25309658,-0.19422163,0.11891217,-0.15950137,-0.004060362,0.04375329,0.049265213,0.04264669,0.24693932,0.11369982,-0.031165423,0.092519194,-0.12525257,0.44026798,0.10237014,-0.17005505,-0.069418974,-0.07548134,0.31135508,0.07941665,-0.42620367,0.018571444,0.17607327,0.05138492,0.5096541,-0.1291993,-0.032877818,-0.009981349,-0.082096554,-0.27447402,0.073123775,0.10445183,0.08149686,0.874602,-0.087810144,-1.1610261,-0.07635501,-0.057460543,1.421681,0.08271637,-0.0766152,0.44047657,0.15901393,-0.08161452,0.45348746,0.13329543,0.103025295,0.059249923,-0.27245015,0.22669722,0.018596457,-0.61533713,0.021534158,-0.19378021,0.009071564,0.34985352,0.3129674,0.22713736,-0.7023145,-0.16609874,0.7767008,-0.09826853,-0.20434622,0.109418295,-0.57171094,-0.036346994,0.35033163,0.30784363,0.038118575,-0.05970342,0.24341649,0.17831771,0.04050878,-0.08959085,-0.22806427,0.17231517,0.048623912,0.18128718,0.12010348,-0.0048135724
251,neutral,0.24466547,0.51668376,0.48398998,-0.03226677,-0.1986042,-0.14097461,-0.0031500994,-0.12613414,0.051031757,-0.025025386,0.10796595,0.13641398,0.3728269,-0.18907511,-0.08671404,-0.021227345,-0.08127556,0.38846698,-0.22438784,0.31225458,0.2640481,0.1396021,-0.12359148,-0.06930183,0.11503832,-0.23614968,-0.1532191,-0.407909,0.33759722,-0.22157532,-0.14173888,0.122141205,0.13190632,-0.16804972,0.14396064,0.112152144,-0.34706613,0.3404651,0.02343183,-0.28785032,-0.31458554,0.06755396,0.32594967,-0.17960161,-0.06537393,-0.036903888,0.5619674,-0.6412735,-0.069010876,-1.1355742,0.47879627,-0.17443511,0.3839219,1.1012849,0.019717893,-2.2302015,-0.2747044,0.1901052,1.2927368,0.5892565,-0.21198241,0.46886373,-0.4511486,-0.070613936,0.8134028,-0.07656757,0.16144553,0.13868615,0.022444243,-0.13844804,0.22638896,-0.31384146,-0.5276404,0.026345108,-0.1408448,0.010134533,-0.07372481,-0.25530946,-0.43990147,-0.18539076,0.30946767,0.14095157,-0.4489552,-0.23668769,-1.3462162,-0.41751686,-0.06736647,-0.082536906,0.0049900548,-0.34953037,-0.017266914,-0.075008266,-0.14476097,-0.24461336,-0.45808694,-0.12011939,-0.2680451,-0.17461018,0.44584092,-0.011016215
252,neutral,-0.18585706,0.09433106,0.41162437,-0.1617226,-0.17246778,0.14848703,-0.11145346,0.11196857,0.044050682,0.16061465,0.13506955,-0.013860126,0.14476292,-0.039863717,0.051021278,-0.070901155,0.12685794,0.17191806,-0.33825523,0.031847216,0.099900186,-0.09595647,-0.023898076,-0.069843315,0.15689123,-0.05387495,-0.09187604,-0.09952971,0.30558622,-0.058956806,-0.11607178,0.31324103,0.003190097,-0.07977911,0.06003985,0.17237595,-0.20224406,-0.079814054,0.109299816,-0.27813926,-0.22967869,-0.1835623,0.14034466,-0.15486072,-0.10349182,-0.116942145,0.08820094,-0.06744248,0.0504159,-0.47255886,0.08940161,0.10046118,0.1577337,0.7910456,-0.10861074,-1.5020137,0.042289454,-0.00811406,1.1375296,0.36622947,-0.15950668,0.5084978,-0.03782857,0.050033662,0.33417064,0.10920419,0.11096634,0.30637777,0.00013210057,-0.052148193,0.2033616,-0.23211156,-0.16733491,-0.32168683,-0.005086175,0.22825159,-0.04564573,0.096879,-0.5889621,0.17928298,0.4789797,-0.14879847,-0.22401467,-0.08910856,-0.8006462,-0.23795246,0.06761827,-0.09521787,-0.015610967,-0.18681768,0.07006907,0.08899617,0.029485157,-0.0022589916,-0.17449953,0.020592913,-0.2063234,0.039045777,0.34579378,-0.029862167
253,neutral,-0.18585706,0.09433106,0.41162437,-0.1617226,-0.17246778,0.14848703,-0.11145346,0.11196857,0.044050682,0.16061465,0.13506955,-0.013860126,0.14476292,-0.039863717,0.051021278,-0.070901155,0.12685794,0.17191806,-0.33825523,0.031847216,0.099900186,-0.09595647,-0.023898076,-0.069843315,0.15689123,-0.05387495,-0.09187604,-0.09952971,0.30558622,-0.058956806,-0.11607178,0.31324103,0.003190097,-0.07977911,0.06003985,0.17237595,-0.20224406,-0.079814054,0.109299816,-0.27813926,-0.22967869,-0.1835623,0.14034466,-0.15486072,-0.10349182,-0.116942145,0.08820094,-0.06744248,0.0504159,-0.47255886,0.08940161,0.10046118,0.1577337,0.7910456,-0.10861074,-1.5020137,0.042289454,-0.00811406,1.1375296,0.36622947,-0.15950668,0.5084978,-0.03782857,0.050033662,0.33417064,0.10920419,0.11096634,0.30637777,0.00013210057,-0.052148193,0.2033616,-0.23211156,-0.16733491,-0.32168683,-0.005086175,0.22825159,-0.04564573,0.096879,-0.5889621,0.17928298,0.4789797,-0.14879847,-0.22401467,-0.08910856,-0.8006462,-0.23795246,0.06761827,-0.09521787,-0.015610967,-0.18681768,0.07006907,0.08899617,0.029485157,-0.0022589916,-0.17449953,0.020592913,-0.2063234,0.039045777,0.34579378,-0.029862167
254,neutral,-0.23070663,0.029362375,0.22031577,-0.15064931,0.14512727,-0.38333294,0.044148304,-0.14453296,-0.07995701,0.4791433,0.16916014,-0.4045306,0.11593455,0.17035504,0.15824263,-0.0755856,0.21640363,-0.18594189,-0.05366254,0.10852445,0.07479729,-0.049517374,0.012549987,0.10645524,0.12736139,-0.11104471,0.10204884,0.22597508,0.2666719,0.100375235,0.052685805,0.3957687,0.019558517,0.3474668,0.28555125,0.23440516,0.08963074,0.032535862,-0.16778953,-0.05704787,-0.3708097,-0.14046943,0.2723816,0.13946705,0.04984009,-0.24987535,0.14492731,0.04805355,-0.04480707,-0.4694013,0.004305962,0.45484766,0.13486232,0.80886,-0.1940079,-1.4696646,-0.023025872,-0.00022555026,1.1744703,0.3609812,0.10753421,0.312912,0.23166473,-0.0013440286,0.2565402,0.22160399,-0.044086773,0.14700139,-0.29229644,0.23358656,0.21283513,-0.32400125,-0.0050235265,-0.21978104,-0.03310562,-0.07107696,0.28128958,-0.009597487,-0.42366582,0.33541408,0.5412673,0.04139628,-0.109626554,-0.09178557,-0.5716838,0.05102933,0.29450297,0.22262679,0.15174404,-0.09953985,-0.059360445,0.10772278,-0.026933225,-0.14274873,-0.35585192,0.21267681,-0.20814031,-0.19416691,0.32168502,-0.010787774
255,neutral,-0.05474822,0.014442312,0.29038617,-0.30586544,0.089114286,-0.23779483,0.12963618,0.22342624,-0.2869766,-0.116585985,-0.3168279,-0.23523067,0.06394012,0.20895152,-0.22896357,-0.01381277,0.52976817,-0.045181062,-0.7228359,0.16282097,-0.014320037,0.2768785,0.1592805,-0.11518493,-0.08954987,0.14511485,-0.036975037,-0.61603683,0.024913859,-0.24443036,-0.12038224,0.5599332,0.1232247,0.24068908,-0.1970048,-0.041834574,0.13053046,0.3120167,0.21258916,-0.17214502,-0.52963,-0.13104779,-0.25221667,-0.1002863,-0.21439981,-0.260548,0.19683324,0.014151862,-0.017976768,-0.3483672,0.1101814,-0.25030774,0.22567296,0.27956837,0.022434102,-1.9609915,0.17843172,-0.30384746,1.1153455,0.3953408,0.08927678,0.5100997,-0.018487174,-0.13156837,0.57432204,0.10660168,0.35673878,0.54349416,0.18474509,0.4312216,0.04141529,-0.20852976,-0.36629847,0.037478425,0.022147626,-0.0670434,0.102696665,0.027189694,-0.7630984,0.06005138,0.09666202,0.10021296,-0.3567027,-0.22663873,-0.7811133,-0.0187535,0.2624315,-0.044923406,-0.015788294,-0.49834052,0.44597584,-0.36494258,-0.11000561,0.16372956,-0.64183533,0.14465615,-0.09219944,-0.15907052,0.31833982,0.19744246
256,neutral,0.4688595,0.5841285,0.3896369,0.12144171,0.43029445,-0.56973535,-0.60970974,0.14079139,-0.25486064,0.4806147,0.057322673,-0.7325169,0.47670972,-0.09504196,-0.44384646,0.37297234,0.41806868,-0.21699178,-0.79835075,-0.2232559,-0.20015654,0.1842147,0.7060983,-0.18271439,0.19935244,0.36767215,-0.18266886,-0.25785074,0.53062224,0.38131174,-0.5966087,0.19163059,-0.880602,0.6063989,-0.13347073,0.16277388,0.76383173,0.5496549,-0.8307974,-0.08344072,-1.0087436,0.17005397,0.21189182,-0.16986997,0.5456412,-0.21484947,0.28563443,-0.016708178,-0.18956237,-0.46483773,0.18969028,0.39647076,-0.20352371,0.843127,-0.46417275,-2.2615485,-0.14160009,-0.034639116,1.776936,-0.076693654,-0.2575426,-0.04983052,-0.5322759,-0.19258878,0.23205976,-0.19471465,-0.56360734,0.67153096,0.53415215,0.34787866,0.19245207,-0.3371581,0.06945241,-0.5087276,0.26523256,-0.3132733,-0.045649607,-0.30728975,-1.6267709,0.017038247,1.5834615,0.007910674,0.2610575,0.098199956,-1.1877825,0.11650842,-0.24642482,0.40332064,0.5141403,-0.6289421,-0.4013479,0.43944362,-0.4140162,-0.28063232,-0.19410169,0.9374907,-0.08776965,-0.015081995,0.9595606,0.48541626
257,negative,-0.43079278,0.03421897,-0.026753504,0.12440508,-0.18816227,-0.18084349,-0.02454278,-0.022467105,0.20428169,0.33636627,0.091802984,-0.032655958,0.2883865,0.078974366,0.107579805,-0.012793664,-0.19140753,-0.34652403,-0.371713,0.013057618,0.45347685,-0.1320582,0.07461769,0.022903826,0.0074667293,-0.07746554,-0.3322443,-0.22693235,0.22973944,-0.10073927,-0.058757566,-0.08099047,0.018819982,0.17718223,0.25459382,-0.07640768,0.31245685,-0.12150533,0.08459821,-0.00019251907,-0.33021256,-0.011547301,0.25301328,-0.09068176,0.25273523,-0.22290508,0.13272297,-0.007575617,-0.24077366,-0.45173326,0.099202216,0.3618401,0.21485597,1.0096471,-0.1361203,-1.6742288,0.17092827,-0.4273507,1.22533,0.28350598,0.13130428,0.3303634,0.16171566,-0.087799214,0.5933597,0.20960993,0.0033282572,0.0885771,-0.109780274,0.09008886,0.43771547,-0.51825243,-0.37101054,-0.467699,-0.07990582,0.037975524,0.13506724,0.25430688,-0.7623956,0.21702719,0.812936,0.010334253,-0.10674651,0.078936934,-0.55885774,-0.118978575,0.31738064,-0.014162463,0.303217,-0.21352565,-0.1281685,0.07821746,-0.3053226,0.2738089,-0.5075442,0.12690513,0.09609455,0.11857465,0.49306288,0.26781955
258,neutral,-0.06998952,0.11718259,0.28793544,-0.020534594,-0.08627495,-0.46153107,-0.14210925,0.06028563,0.010371988,0.17017294,0.0010189656,-0.12777974,0.16352776,-0.028534545,-0.086541854,0.052359916,0.016057651,0.072770685,-0.22223955,-0.018198404,0.19484732,-0.3077035,0.032011148,0.13432454,0.14185788,-0.022174504,-0.038132988,-0.107561454,0.030043628,0.07895846,-0.2547726,0.17169818,-0.19781798,-0.09378748,-0.0035144207,0.1958541,0.18368183,0.02242486,-0.18114515,-0.11055843,-0.19693029,0.010081485,0.022803782,-0.06132888,0.13398366,-0.13919537,0.037147544,-0.31842408,-0.122686334,-0.54005605,0.0943405,0.09444477,0.0019259176,0.7012985,0.14815451,-1.5063394,-0.018787896,-0.18608572,1.0619838,0.11874213,0.026754046,0.3025991,-0.124038704,-0.076830104,0.43750823,-0.018881183,0.19383995,0.29481772,-0.007088203,-0.0555534,0.23752941,-0.049352344,-0.08248895,-0.19428149,0.09296636,0.08915499,-0.17057092,0.06315491,-0.67200947,0.17139567,0.42115334,0.053989857,-0.31496486,-0.019247727,-0.9620733,-0.1663583,0.05010539,-0.054045796,-0.06718179,-0.2666368,0.024702013,0.056511655,-0.14872386,-0.008060529,-0.23981616,0.0011664467,-0.051655494,-0.29034457,0.43603238,0.13404235
259,negative,-0.12361122,0.34809184,0.36045948,-0.10246063,0.026190018,-0.12520309,-0.17378904,0.1382462,0.010245078,-0.035416815,0.038668238,0.004970904,0.11695918,-0.16478284,0.024157384,-0.15816802,-0.120539494,0.17560782,-0.17119299,0.08011696,0.34385434,-0.0101962285,0.03866662,-0.23300876,0.21098365,0.17590377,-0.2515675,-0.33547896,0.22955611,0.028119167,-0.1299263,0.46488494,0.003559255,0.09816371,0.07487339,0.19031237,-0.024184009,0.101602316,0.12491692,-0.15065393,-0.14447933,-0.22215813,0.12466653,-0.08858377,-0.23321885,-0.07932747,-0.027562264,-0.20434809,-0.11812198,-0.7465944,0.00816904,0.09105364,0.028200705,0.66382027,-0.02400459,-1.9646411,-0.010431904,0.0043370016,1.475055,0.20412625,0.005559197,0.48727745,-0.33827242,-0.11829702,0.5994364,0.06902544,0.31394932,0.0055686566,0.090590954,-0.37460676,0.08893977,-0.024611134,0.040744327,-0.1448923,0.13247791,0.11904935,-0.009702365,-0.13020991,-0.4032947,-0.15121177,0.31405994,0.07784441,-0.34003377,-0.012799945,-1.0142927,-0.041787807,-0.00037695674,-0.10704118,-0.08849666,-0.21699266,-0.09078411,0.05080012,-0.1891538,-0.21102327,-0.48763755,-0.07775092,-0.055544175,-0.11004757,0.46254316,0.23634128
260,neutral,-0.1777377,0.5094651,-0.11840864,-0.07543753,-0.15479884,0.029963817,-0.12853244,0.0008333301,0.23932692,0.16741914,-0.048605714,-0.08791981,0.082157515,-0.08829947,-0.18090528,-0.051721476,-0.041574117,-0.06115137,-0.45297596,-0.16820388,0.26431873,-0.023386836,0.30499288,-0.21683507,-0.021060973,0.30837688,-0.24936244,-0.056142543,-0.07988127,0.03544141,-0.35594597,0.054868884,-0.1190255,0.11287575,-0.16365276,0.2230834,0.28972974,0.13516451,-0.44655833,-0.23237886,-0.33096266,0.055705436,-0.33975402,-0.30067125,0.28870705,-0.041560445,-0.14951137,-0.036578838,-0.1976269,-0.55602735,-0.13748328,0.123555645,-0.22312403,0.86364174,-0.029200051,-1.4033554,0.048351973,-0.19214626,1.3167205,0.10742277,0.064527825,0.1911192,-0.100478984,-0.35567486,0.72526824,0.1480627,0.01547427,0.16265088,0.46111584,-0.29842576,0.28265637,-0.43904167,-0.36565426,-0.1511835,0.14508905,0.1805898,-0.33869955,0.13266085,-0.4892627,0.18599759,0.28490102,-0.041372247,-0.20641823,0.16264237,-0.83250165,0.0022287166,-0.01826873,0.1819409,-0.21638454,-0.21550311,-0.061573263,0.15923944,0.01552284,-0.17487061,-0.36145815,-0.24055709,0.17667006,-0.100959264,0.5863003,0.43583488
261,neutral,-0.31989333,0.2998904,0.27120408,0.19960873,-0.32082072,-0.59879947,0.39145434,0.15094808,0.2754355,1.0220635,0.13096085,-0.012328186,0.2899963,-0.12472164,0.36343044,-0.08608856,0.044428196,0.3231161,-0.42754215,-0.13300347,0.5000665,-0.50239265,-0.04677936,0.36255568,0.04354689,0.058971316,-0.263591,0.3212557,-0.017316395,0.14895828,-0.15746242,0.22868232,-0.30127952,0.12315032,0.59384143,-0.058201868,0.042119153,-0.062309064,0.18003319,-0.027908163,-0.47810122,-0.15450077,0.0234798,-0.094009615,0.31654915,-0.5488956,0.11665042,-0.19380412,-0.592976,-0.39977127,0.40712106,0.4105213,0.17549273,0.8942905,-0.16275372,-1.3996462,0.028421791,-0.31070304,1.1330453,0.42135206,0.30176428,0.32356024,0.24232645,0.51575303,-0.02126009,0.31564575,-0.16914088,0.24870592,-0.25174442,0.069130294,0.34138784,-0.08708969,0.14536005,-0.34353676,-0.010994883,-0.22146916,0.09579358,0.17662326,-0.9705407,0.016553396,0.78557736,-0.029543687,-0.43682858,-0.24929598,-0.66916394,-0.14865002,0.46464443,0.06489327,0.099774115,0.089676306,0.076818764,0.37473494,0.16643915,-0.3826994,-0.1789913,0.1328279,-0.14081939,-0.021038773,0.6300694,-0.14430659
262,negative,-0.16685101,0.16000703,0.24686131,-0.13004352,-0.019253798,-0.25478926,-0.23885176,-0.10392491,0.07146688,0.12565407,0.05869582,-0.09588716,0.116095096,-0.23928049,0.0386946,-0.087056585,0.020934168,0.11306356,-0.2645986,0.13882767,0.22780745,0.003432329,0.014785916,-0.083358616,-0.28155917,-0.027781285,-0.16421615,-0.1330181,0.06955387,-0.15651688,0.01704014,0.27461848,-0.10746146,-0.0788354,0.13838522,0.37126586,-0.043359756,-0.135551,-0.36105692,-0.08786616,-0.21036592,-0.21747094,-0.23323502,-0.20378488,-0.033624656,-0.25415936,0.2050879,-0.32933274,-0.05041184,-0.73305744,0.1342101,-0.066148385,-0.07975722,0.93433297,-0.081542395,-1.7570059,0.03366725,-0.29802072,1.5293968,0.13355091,-0.045144934,0.398972,-0.31798896,-0.07848321,0.5761843,0.38770932,0.19765034,0.15836374,0.19819722,-0.3888752,0.3126727,-0.4399529,0.079010226,-0.21766472,0.0062209293,0.14948653,-0.09475777,0.032668266,-0.58632404,-0.06174551,0.516363,-0.1634973,-0.34844744,-0.11516563,-1.2986331,0.013363778,0.10365291,0.13051042,0.04019706,-0.21383314,-0.18495843,-0.0058431975,-0.23160797,-0.056237955,-0.2550455,-0.21729082,0.04262191,-0.22541054,0.56370074,0.23646452
263,neutral,0.08331891,-0.31351602,-0.19576128,-0.5312765,0.41112304,-0.10936477,-0.009340325,-0.014833359,-0.20994416,-0.18264394,-0.05150944,-0.1946305,-0.001989799,0.04825405,0.23545115,0.18873219,0.15950468,-0.16892296,-0.07733753,0.022943899,0.3668726,0.13106357,0.10432206,-0.45776957,0.4904135,-0.12690453,0.33123282,-0.18743297,-0.021907713,0.028636733,0.028044952,0.49529403,-0.120398015,0.21210997,-0.13828653,0.15818287,0.15311927,0.018825565,0.01971468,-0.20664454,-0.09625783,-0.11392971,-0.27716893,0.08630034,0.11347066,0.09247557,-0.2728433,-0.43862402,0.17947565,0.25585514,0.14801477,-0.15194233,0.039089035,0.42433015,-0.37161565,-1.569908,-0.24922566,0.13456784,0.25063652,0.14826691,-0.10662614,0.45359597,-0.16477928,0.04115199,0.54612666,0.052966952,0.30777532,0.36502647,0.07178125,0.29738948,0.009086103,-0.025445964,-0.13836354,-0.41915867,-0.19777972,-0.2791771,0.21542004,0.049771618,-0.3770347,0.06833005,0.14705293,0.034925207,0.24549255,-0.22300318,-0.58502966,0.14057174,-0.15286009,-0.09675867,0.19520316,-0.14067923,0.07537113,-0.11011806,0.31438825,0.33725712,0.17299274,0.12240001,-0.09516715,-0.35521978,0.28154686,-0.090361185
264,neutral,-0.18029214,-0.12581077,0.06367813,-0.012160639,0.08403271,-0.04273675,-0.10348955,0.099774614,-0.047412474,0.027419744,0.2205473,-0.036452577,0.042294502,-0.06365016,0.16906048,-0.1745319,0.05142641,-0.24272552,-0.02990864,0.13610111,-0.093343005,0.062954396,-0.102489516,-0.15868255,-0.036100272,-0.19004494,0.055709764,-0.036393326,0.13223004,0.044240564,-0.13786963,0.40834528,-0.2540539,0.0913703,0.038441334,0.13412851,-0.052505497,0.007841379,0.02135873,-0.12541312,-0.118813306,-0.12135449,-0.10444976,-0.11128877,0.0074243317,-0.07379515,-0.0133452,-0.26323992,0.012498021,-0.4257004,0.013613659,0.1707248,0.22206849,0.5761203,-0.032961432,-1.4701582,-0.022317685,-0.18437669,1.1504648,-0.012362205,-0.092617825,0.54174733,-0.12465994,-0.19588009,0.4776099,0.037967473,0.19977248,0.068592556,0.0993588,-0.08819017,-0.014052573,-0.0016505673,0.29705417,-0.26044184,0.021116253,0.12350639,-0.034632243,-0.082963906,-0.48880008,-0.08538226,0.376578,-0.17531912,-0.22992437,0.013533595,-0.97072977,0.13480851,0.1287992,0.0021186422,-0.0762046,-0.079022236,-0.10559455,0.13438205,0.021347467,-0.14570236,-0.15444061,-0.045770086,-0.21006459,-0.3531802,0.43370852,0.2029475
265,neutral,0.013750149,-0.12727137,-0.082512446,-0.43851072,0.29060677,-0.03666823,-0.10554743,0.0076966,-0.5377002,-0.3482678,0.005953624,-0.21886279,-0.01085169,0.20128848,0.15110035,0.15772009,0.0069324626,0.124977656,-0.3419218,0.040673397,0.17922342,-0.03039251,0.52646303,-0.33271283,0.45871872,-0.020949896,0.35285258,-0.1886451,0.04300183,0.20079856,-0.19081567,0.4917632,-0.111024305,-0.009771328,-0.1924058,0.08881522,-0.03322784,0.3120514,-0.047339574,-0.11771563,-0.2773707,-0.13913636,0.019235425,0.12720639,-0.06816309,-0.025669307,-0.2765727,-0.2001155,0.22555622,-0.03189369,0.2549404,-0.24980891,0.36920685,0.23507532,-0.1160214,-1.9995224,-0.49884242,-0.05958712,0.1757357,0.049119286,0.18059231,0.52955854,-0.09938822,0.21777533,0.41246155,-0.24274848,0.3156457,0.7627144,0.19765846,0.33736125,-0.16914235,-0.03153161,-0.39455608,-0.2918311,-0.13632862,-0.39781323,0.105161525,0.14107902,-0.4998223,0.17351279,0.08875151,-0.07373119,0.50184524,-0.0025528783,-0.46820405,-0.26427567,-0.37257794,-0.16672817,0.1925416,-0.20224276,0.11112015,-0.52636606,0.48905033,0.053246524,-0.25942147,0.1578634,0.1748734,-0.2746878,-0.04206876,0.022124615
266,neutral,0.053272627,0.046370815,0.19325201,0.14196026,-0.032679096,0.23449461,-0.09321933,0.12060676,0.05291006,0.10194451,-0.16822244,0.0035545945,0.30765766,-0.06043395,0.06724705,-0.19013895,-0.055158563,-0.10228025,-0.6550835,0.11555154,0.40283123,-0.09193165,0.12868401,-0.042289183,-0.0020770335,-0.24942453,-0.08731489,-0.2796212,0.25633207,0.006742837,-0.03777553,0.13593724,0.023779126,-0.117975615,-0.1619255,-0.014000743,0.10375178,0.10282058,-0.17306626,-0.048538923,-0.53321534,-0.23458599,0.28237388,-0.0119311,0.13461831,-0.18347327,0.16245651,-0.17215617,-0.20027041,-0.49552694,-0.087279394,-0.06093274,0.21814784,0.9837087,-0.16506433,-1.6262592,0.040402394,-0.39426082,1.4863514,0.27194682,0.05060645,0.3385371,-0.18552747,-0.30918828,0.7128044,0.08345384,0.03582001,0.12850016,0.0065673357,-0.21721762,0.1645521,-0.302322,-0.23051204,-0.1690556,0.012128395,0.065792166,-0.23022488,0.124469556,-0.8401258,0.039935924,0.5141738,0.23253746,-0.16052996,0.29077697,-0.8528245,-0.0047380165,0.076519504,-0.124059424,0.21326844,-0.12729892,-0.09667403,0.030232392,-0.25312793,0.023850475,-0.5355564,0.09376158,-0.10840452,0.12330626,0.36790094,0.06857531
267,negative,-0.04843315,0.21627761,0.121423855,-0.22839603,0.1403618,0.21756843,-0.009512993,0.011426927,-0.05674073,-0.15317717,0.0054933685,0.14693241,-0.19583888,0.0075066388,-0.102753304,0.2451209,0.28601363,0.116616294,-0.06457086,0.27041295,0.046433505,-0.1757886,0.08919733,-0.11265921,0.36856025,0.028531209,-0.2306516,-0.3382503,0.4588932,-0.22074549,-0.05857821,0.13514654,-0.14928101,0.12214021,0.014495236,0.0866776,-0.025686089,0.38465673,-0.019087536,-0.13910432,-0.22472765,-0.15540561,-0.030854255,-0.46493533,-0.15159331,-0.16843891,-0.0739961,-0.17546661,-0.3117263,-0.2458898,-0.016567584,-0.27431965,0.23834354,0.72671056,-0.38259912,-1.1208167,-0.16713533,0.20742407,0.8057692,0.009053992,-0.13993095,0.6181422,-0.6516822,-0.008926046,0.5103871,-0.055772483,0.20837553,0.34252504,-0.032342225,0.0043089143,0.10925041,-0.24631938,-0.19200735,-0.065959476,-0.08322699,0.025478523,-0.14679152,-0.29963472,-0.31446478,-0.08273021,0.47640437,0.21016404,-0.15537894,-0.022229787,-0.7881599,0.0024499428,-0.099720776,-0.06367533,-0.003440768,-0.18478794,-0.10280178,-0.14413516,0.07944771,-0.06433808,0.02327125,-0.13061011,0.1379778,-0.021183474,0.42172062,0.14821394
268,neutral,-0.0966225,0.080447115,0.160188,-0.060677066,0.059767842,-0.6739243,-0.2672415,0.08774563,0.05096216,0.042082846,-0.24668536,-0.27751434,0.24853222,-0.017169306,0.006273478,-0.047077622,-0.022622088,-0.28215194,-0.3559681,0.08264902,0.51667595,0.094516434,0.021140628,0.08312076,-0.085417956,0.07997867,-0.13494489,-0.1938913,-0.07060795,-0.31910473,-0.3636985,0.14309977,-0.07711193,-0.0179654,-0.06435723,-0.12204228,0.040666245,-0.009933242,-0.19171777,-0.12353745,-0.45945325,-0.22837469,0.16130614,0.13977318,0.4131061,-0.21414804,0.60197026,-0.048316922,0.075982936,-0.7023965,-0.056600872,0.13039523,0.17000759,0.8719078,0.040313255,-1.8141484,-0.09000774,-0.20510061,1.4652313,0.37194324,-0.19229035,0.41938037,0.0661949,-0.35797775,0.41106373,0.3705439,0.069940515,0.017502632,0.37408674,-0.15971977,0.32782215,-0.19633283,-0.16359295,-0.27654612,0.09201181,-0.046194423,-0.090395704,0.17578757,-0.75749946,0.13112892,0.7001528,0.1503022,-0.2023648,0.23464064,-0.691468,-0.09372452,-0.018782418,-0.24146777,-0.0050996593,-0.51128894,-0.009421605,0.14666626,-0.4107501,-0.15570009,-0.4781867,0.16985093,-0.044571392,-0.065838434,0.54273385,0.03300746
269,negative,-0.019906476,0.246589,0.41108245,-0.09767709,-0.04465473,-0.021205736,-0.31847125,-0.042750087,0.2225192,-0.12267556,0.016060647,0.16601467,0.2655798,-0.0047790348,-0.20312393,-0.16834593,0.092863604,0.23978297,-0.33786094,0.06689586,0.28810742,0.054996822,0.048640333,-0.04718722,0.11521394,0.15311202,-0.15050425,-0.37716192,0.035082124,-0.2200813,-0.06703097,0.335715,0.11156255,-0.046029087,0.10543108,0.103814535,-0.058372926,0.031744022,-0.14930223,-0.18205643,-0.41227823,-0.16617358,0.081171274,-0.3096908,-0.014343899,-0.25107473,0.24125731,-0.10266297,-0.14406839,-0.7685322,0.21444035,-0.14824554,-7.4904456e-05,0.80440474,-0.016158843,-1.832302,0.10470399,-0.12276886,1.4776627,0.2743807,-0.3082485,0.45879832,-0.316094,0.01220683,0.51697016,0.10431403,0.16573471,0.34497076,0.03698689,-0.15577374,0.14377414,-0.28268802,-0.13400099,-0.27814764,0.05164439,-0.020046301,-0.18066664,-0.062444363,-0.6590702,-0.07063384,0.6259278,-0.03002657,-0.2950688,0.06415568,-1.2548591,-0.112678714,0.018363154,0.09786008,-0.15273783,-0.29724428,0.13250609,-0.017743446,-0.08261324,-0.097996384,-0.3876927,0.080241,-0.048372764,-0.3354666,0.3919293,0.048077073
270,neutral,0.07191238,-0.0006642403,0.15902984,-0.18633606,0.15860587,0.07367584,-0.06304795,0.4044294,-0.101063,0.039242476,0.13480568,0.030671207,0.14421248,0.16001554,0.0485958,-0.1759997,0.12960868,-0.054429445,0.0066127544,-0.069874145,-0.0030139466,-0.05422189,0.12521574,-0.08146736,0.19740409,-0.07759872,0.028178412,0.042409122,0.20378777,0.12038175,-0.07812256,0.37524816,-0.100130975,0.2578892,0.09069335,0.059155762,-0.020093266,-0.20655212,-0.00476764,-0.20734118,-0.10796943,-0.15462378,-0.21802475,0.028632151,-0.08058111,-0.30026564,0.09808538,-0.13696449,-0.008975499,-0.6098936,-0.04450925,0.07954344,0.07959266,0.6242893,-0.12973301,-1.6294984,0.07369069,-0.11319646,1.1524038,0.30249512,0.15619913,0.29334632,-0.19864124,-0.047155343,0.49404895,0.22815394,0.0903828,0.026769012,0.0516946,-0.016725698,0.06617316,-0.20317832,0.058672167,-0.23415881,0.13894631,-0.07778184,-0.0073862234,0.03626955,-0.4999583,-0.31971034,0.39772245,-0.3901802,-0.2846597,0.07912408,-0.9447954,-0.09795824,0.16758661,0.17531341,0.09588711,-0.044525955,0.022987364,0.09571722,-0.19253549,0.20746303,-0.4683495,-0.0333611,0.009082222,-0.07018523,0.44756427,-0.0020512727
271,neutral,-0.24060638,-0.030925423,0.21926498,-0.20088626,-0.19643123,-0.10800038,0.4595444,0.07229648,-0.3047067,0.44786957,0.34564784,-0.13974619,0.23629175,0.12858696,0.44112614,-0.09238618,0.1799476,0.18613875,-0.42796925,0.2803083,0.8191669,0.059577487,0.054284148,0.06302324,0.35883385,0.60447556,-0.24832705,-0.16451328,0.20733736,0.07175159,-0.18634424,0.38750747,0.16998024,0.3124123,0.25144842,-0.094961494,0.13353072,-0.22139315,0.0914886,0.5720001,-0.37209845,-0.27864987,0.23448323,-0.0060750386,0.33269992,-0.11603041,0.31141102,-0.069789596,-0.14296845,-0.5831261,-0.11493146,0.37764874,0.08580505,0.6428209,-0.038850687,-1.4791011,-0.10578218,0.014430771,1.406502,0.5258986,0.2842516,0.7469683,0.18343158,0.41149768,0.18720292,0.22794186,0.058264904,0.024845904,0.15068208,-0.0848663,-0.036623087,-0.21988498,0.17674987,-0.06815003,0.31099558,-0.07766356,0.12907247,0.11517366,-0.35355198,0.2405281,0.4183011,0.08531162,-0.46180418,0.0517313,-0.50656885,0.01633353,0.3580534,-0.20029694,0.019766936,0.24362314,-0.008413144,0.043667775,0.061055586,-0.13133928,-0.37108907,0.1991563,0.08661026,-0.12797327,0.6406039,-0.31100407
272,neutral,-0.049448874,0.30988258,0.14446765,-0.334564,0.21693096,-0.5071856,0.04513501,0.21398897,0.13750137,0.35284412,0.47922912,0.27347192,0.21840388,-0.053717278,-0.06951461,-0.41778868,0.01493379,-0.08993893,-0.14186904,-0.038435407,0.54013735,-0.12526302,0.10040061,-0.016146278,0.20221885,-0.0036522686,-0.47928786,0.2570456,0.006176247,0.07568475,-0.10181547,0.0823634,-0.2115317,0.046615522,0.083227284,-0.037699953,0.2522532,0.12739287,0.055783466,0.20543355,-0.21903498,-0.5233558,-0.0013811785,-0.020817975,0.48372868,0.2881257,-0.19592828,-0.27794307,-0.36485645,-0.32495898,0.062996544,0.2783312,0.07227003,0.99253994,-0.26869842,-1.4305731,-0.17536202,-0.34561488,1.3669751,0.35173807,-0.082035996,0.23110016,-0.101257294,0.07309172,0.3301341,0.26660532,-0.029394638,-0.04723644,0.057215042,-0.17363562,0.019293096,-0.098739825,0.33943874,0.019817445,0.11313401,0.103961684,0.16427904,-0.103267856,-0.7130736,0.21214733,0.4858576,-0.06663131,-0.36685088,0.3149823,-0.32414675,-0.2514745,0.2667906,-0.22871803,-0.04960977,-0.31303185,-0.03649234,0.15861432,-0.3080496,-0.44498336,-0.26791513,0.3230867,-0.13151841,-0.08624631,0.4430144,-0.0394227
273,neutral,-0.2100703,-0.0828397,0.29708385,-0.013073278,0.021467471,-0.10091029,-0.17872034,0.07076907,0.00798953,0.22515728,0.12512515,0.007993271,0.083157964,0.1051518,-0.16688041,0.16522765,0.21776804,-0.16018216,-0.60394007,-0.045294352,0.07610744,-0.33500335,0.10373139,-0.14689037,-0.25039008,-0.35257816,0.009224358,-0.21604621,0.16993688,-0.034196153,-0.14177313,0.22231992,-0.33835527,-0.14166665,-0.09557329,-0.03512014,-0.038979474,0.15157469,-0.19004449,0.17257085,-0.432996,-0.254519,0.20526615,0.122028224,0.055229772,-0.1070241,0.082287066,-0.14725128,-0.06138195,-0.5807459,0.36585894,0.08762817,0.18877853,0.93493277,-0.081666775,-1.5041897,0.08033356,-0.2545236,1.3691401,0.34603843,0.03670644,0.15486495,-0.13896671,0.017972277,0.79775983,0.09282415,-0.039895087,0.2754918,0.30964723,0.115360565,0.1478855,-0.21898255,-0.18419904,-0.46907398,0.0453397,0.11941018,0.10267333,-0.01190617,-0.931325,-0.011350905,0.6580496,0.13540998,0.08570041,0.115003385,-0.9246199,-0.22421671,0.1630139,0.37082478,0.19705084,-0.21937008,0.131073,-0.17851515,-0.114665024,0.097395204,-0.1657803,0.14059821,0.0067571937,-0.18457517,0.44348368,0.109450325
274,neutral,0.005607299,-0.08755778,0.23639797,-0.45231473,-0.1233028,0.23738822,-0.023736145,0.039241046,0.09464229,0.04470401,0.1943872,-0.07528741,0.09142692,0.16336681,-0.027127383,-0.15807773,-0.028455064,-0.018481271,-0.04666317,-0.3018274,0.24089156,0.20222826,-0.07875713,-0.26725295,0.22050874,-0.049508557,-0.22119254,-0.11898731,0.37228277,0.050788112,0.024267085,0.2933514,0.05433707,0.26701394,0.14565231,0.10294693,-0.061716586,0.12483812,0.27395442,-0.29342645,-0.016577242,-0.12261881,-0.16773868,-0.16827776,-0.08812659,-0.11291504,0.10883454,-0.07650569,-0.09343566,-0.46156022,0.030377185,0.09758077,0.077132694,0.6002879,-0.041649826,-1.5123683,-0.08861692,-0.029768875,1.1621486,0.60362417,0.22686772,0.44743913,-0.121273555,0.14971168,0.40584403,0.11381043,0.47930115,-0.043361075,-0.037444886,-0.09854112,0.13640648,-0.045677327,0.12410389,-0.27764004,0.06524733,0.084309034,-0.020165727,0.034356896,-0.15379608,-0.08560946,0.23627615,-0.11854528,-0.07946711,-0.041963007,-0.7074023,-0.18755701,0.14750893,0.125013,0.06590082,-0.1253683,-0.05769381,0.067818396,-0.17065035,0.037841097,-0.1446497,-0.043926097,0.023998093,-0.1262906,0.40118816,0.10711152
275,neutral,-0.036178205,0.07346838,0.30511805,0.056029927,-0.07716876,-0.12397132,-0.27263317,-0.0987361,0.13203621,0.092933536,-0.15806453,0.04825599,0.23900785,-0.08420341,-0.09227091,-0.20538135,-0.11975592,0.070417866,-0.37696487,0.05998068,0.3221629,-0.005724776,0.105616525,0.039612386,-0.1320641,0.104669765,-0.07796702,-0.29811108,0.156005,-0.03372157,0.10257642,0.13134018,-0.09111261,-0.061195865,0.07015898,0.055131536,0.08791658,0.0696734,-0.059008658,-0.004070925,-0.4531131,-0.15624194,0.13641424,-0.17301092,0.122215696,0.0696289,0.2915764,-0.015095048,-0.3062123,-0.6333138,0.120821774,-0.020647477,-0.18182711,0.87279934,0.09973839,-1.759564,0.083492756,-0.29898903,1.4431576,0.34794417,-0.17537616,0.45282972,-0.12172155,-0.1450359,0.48865262,0.099544324,0.21004683,0.0014793703,0.26246965,-0.063298546,0.117264755,-0.3797685,-0.11681043,-0.22801661,0.28723004,-0.08152995,-0.20045315,0.12298196,-0.6976922,0.1330329,0.5799444,0.05819504,-0.36836597,0.20968693,-1.0304389,-0.18269573,-0.008072448,0.013726428,-0.043144543,-0.4464757,-0.053336132,-0.04834124,-0.021068042,0.01483473,-0.25849143,0.2488901,0.1033908,-0.24857658,0.33678448,-0.009878932
276,negative,-0.03240027,0.04392219,0.28148243,-0.2151641,-0.33972102,0.095279306,-0.029062832,-0.0036549384,0.039288785,0.16204149,0.14958394,0.13092604,0.031306144,0.13645287,0.12591928,0.07199006,0.11136517,0.24071595,-0.29960924,0.06950254,0.3597261,-0.023683047,-0.010113113,-0.15248647,0.06366691,0.32393718,-0.29989213,-0.1529287,0.16373712,-0.06941971,-0.03730669,0.24906358,0.00071088393,0.017079938,0.34007776,0.059550177,-0.016134918,-0.11907671,0.2985955,0.044150483,-0.21085308,-0.04180068,-0.045976654,-0.19944239,0.15704852,-0.008437771,0.1787753,-0.058641803,-0.20471314,-0.3802834,0.07174538,0.10111686,-0.06595631,0.6431112,0.003319129,-1.2772567,-0.009363353,-0.028938573,0.8667436,0.07581919,0.0039456505,0.3172169,-0.23126468,0.05083149,0.37638816,0.17221966,0.1820168,0.07504972,-0.11460263,-0.04596808,-0.028859612,-0.3531383,0.06812103,-0.14215502,-0.07567399,0.120386556,0.038829975,-0.0027246855,-0.4511346,0.1881768,0.38776502,0.030740373,-0.2274609,0.13398029,-0.68393093,-0.0831668,0.10275621,-0.08567288,0.055884134,-0.07887694,-0.27556172,-0.024017544,0.09146538,0.002198429,-0.12789795,-0.077138275,-0.053290028,-0.18396933,0.24311914,0.03342002
277,neutral,-0.060977265,0.2840987,0.15658416,-0.34185225,0.1591504,-0.47073713,0.043819062,0.16708279,0.1694454,0.3705008,0.519924,0.30429247,0.22914587,-0.06454045,-0.07426218,-0.3919215,0.0343839,-0.1633147,-0.12600599,-0.016694829,0.51863575,-0.122405775,0.10086319,0.0613756,0.23492464,0.04728203,-0.51719564,0.24614947,0.033962686,0.055966265,-0.07431673,0.07320935,-0.19169815,0.09714169,0.10521402,-0.076972805,0.1897142,0.13511826,0.08487942,0.16872098,-0.1731305,-0.55252856,-0.07295291,-0.03724775,0.4699877,0.2653125,-0.18769857,-0.2658818,-0.41715258,-0.2820613,0.004748472,0.29951963,0.04205732,0.99481815,-0.2593639,-1.3191917,-0.1873828,-0.255325,1.2548926,0.33368403,-0.038592696,0.25205767,-0.09663776,0.10161134,0.33548257,0.26870084,-0.03903967,-0.067054406,0.010272336,-0.20067084,-0.0014603104,-0.12934326,0.36335436,-0.011776309,0.10334758,0.091173425,0.18667535,-0.1306008,-0.7267551,0.15111977,0.4653986,-0.08979571,-0.29997236,0.3242402,-0.2751743,-0.19225225,0.2467148,-0.20313111,-0.056440305,-0.2847113,-0.037883144,0.21703784,-0.28368655,-0.39975825,-0.17833114,0.32218194,-0.11684833,-0.07534753,0.3945074,-0.07654454
278,negative,-0.069341496,0.2853947,0.24567351,-0.11421722,-0.12415981,0.10301091,-0.2348229,0.109587096,0.29407114,0.23544191,0.0039373203,-0.015346678,0.18915386,0.15811652,0.14646028,-0.016264776,-0.094536394,0.014717555,-0.42411086,0.14376047,0.22275594,-0.0908711,-0.071930096,-0.33357164,-0.044698067,0.024795529,-0.1371793,-0.16942823,-0.055912,0.11103074,0.0109650465,0.20511575,0.015742699,0.097841404,-0.08486509,0.14931342,-0.009829394,0.13670844,-0.03854277,-0.24825394,-0.08852121,-0.10511757,-0.044656593,-0.24747358,0.03856989,-0.19482204,-0.0034057454,0.08249068,-0.12132119,-0.5047068,0.14474264,0.079776615,0.17104113,0.65739244,-0.18321118,-1.7190112,0.091381244,-0.11838196,1.2075648,0.07421867,-0.10399439,0.5193608,-0.09779007,-0.09416141,0.6698813,0.061317608,0.208239,0.0234309,-0.043628927,-0.15672885,-0.124394245,-0.24087796,0.0024512752,-0.33601174,0.27163506,0.07800699,0.17210314,-0.0739847,-0.5331756,-0.05050892,0.39042014,0.015433307,-0.5023953,0.008927234,-1.0023851,0.06891858,0.074840814,-0.17521107,-0.27315155,-0.25172922,0.1318326,-0.06639546,0.061032716,-0.06711201,-0.49011862,-0.012672596,0.104237966,0.0188942,0.44169825,0.35080022
279,neutral,0.06257794,-0.37346727,-0.22849214,-0.41002512,0.41686717,-0.14723702,-0.362146,-0.011655946,-0.33030096,-0.19166905,0.0298997,-0.17937244,-0.1630091,0.007552063,0.11335837,0.5951071,-0.05703153,0.0049533737,-0.06762262,-0.06849109,0.16539258,0.12175039,0.19724396,-0.48172975,0.33566076,-0.32527718,0.17822376,-0.2341836,0.15880111,0.3647479,-0.13612114,0.28433055,-0.17823315,0.34484786,-0.41962752,0.079848595,0.01517732,0.25900814,-0.27402985,-0.30355683,-0.10131946,-0.26711,-0.040859826,0.21807572,0.022906655,-0.076825485,-0.028120065,-0.0074104737,0.31914747,-0.0030386853,0.057867482,-0.16835752,0.3794949,0.39701325,-0.22964297,-1.4859133,-0.30357334,0.13629782,0.27311677,0.12803836,0.097446285,0.55367476,-0.13576594,-0.12437797,0.57864684,0.022121243,0.33077222,0.39355156,0.06467922,0.05091676,-0.21951853,-0.018051803,-0.3757234,-0.17782709,-0.23779191,0.009097181,0.31394264,-0.04777768,-0.37305814,0.044003088,0.15276776,-0.0055136243,0.2800321,-0.20425004,-0.3496458,-0.13565436,-0.2448289,-0.16061851,0.21159025,-0.091546625,0.31369254,-0.037467696,0.5132176,0.018387115,-0.31766316,0.09556891,0.09464695,-0.22737977,0.14242356,0.019317733
280,neutral,-0.10138955,0.39882073,0.23973328,-0.16101149,-0.154067,0.34099945,-0.4167447,-0.057302978,0.026030367,-0.20300071,-0.17597653,-0.16336745,0.15758759,0.0009487343,0.0014124389,-0.03227374,-0.11705746,0.30957678,-0.33709395,0.09743908,0.13004096,-0.114320114,-0.13735236,-0.12052843,0.070257396,0.19772495,-0.18966724,-0.026427632,0.29089808,-0.28632838,-0.11580973,0.29864824,-0.000998029,-0.07975627,-0.16928637,0.21400274,0.1602398,0.014732055,-0.035282742,-0.30402318,-0.2500263,-0.06466,-0.021463873,-0.34316066,-0.06336007,-0.10566027,0.26594695,0.0044047213,-0.049002647,-0.6930191,0.16280904,-0.0067958804,-0.11784311,0.7141289,0.14439382,-1.6506413,0.23837116,-0.027460026,1.2075992,0.09208483,-0.1068698,0.5448652,-0.22333862,-0.32680115,0.7128245,0.21313639,0.30468202,-0.17010956,0.18911605,-0.43625206,0.114432365,-0.11195833,-0.0664095,-0.11269395,-0.03384945,0.16750343,-0.08201012,-0.1943228,-0.6015518,0.10566848,0.594613,-0.11039628,-0.42648646,0.16591555,-1.0396801,-0.10539588,0.030535828,-0.03431015,-0.23177224,-0.5206868,-0.019859865,0.050688412,0.000581918,-0.09480734,-0.48799533,-0.27291915,0.11273575,-0.25383008,0.21357617,0.24020186
281,neutral,0.1865878,-0.015812756,-0.16155256,0.22611459,-0.15427636,0.46755087,-0.23718338,0.04052917,0.5029104,-0.04402501,0.19012967,0.44632077,-0.20138736,0.08489566,0.025812,-0.42447793,0.18768059,0.07601478,-0.39727145,0.26914144,0.5948377,0.29146698,0.20251773,0.042724196,0.062274534,-0.39193663,-0.3430577,-0.33545995,0.007881601,0.0041258433,-0.08155047,0.06411102,-0.14520071,0.1597555,0.100467,0.36201754,0.08079387,0.30427706,0.3294802,-0.13540468,-0.77902865,-0.21191356,-0.21876065,-0.014379764,0.34334832,0.0011287915,-0.023452517,0.2753036,0.21314897,-0.4996377,-0.079440825,-0.098694354,0.12770572,0.7887389,0.31543207,-1.9033588,0.06264111,-0.74339813,1.775964,0.13090399,-0.35339898,0.28665504,0.14479813,0.12432517,0.53156924,0.0058599175,0.13890375,0.09106052,0.15180369,0.13407499,-0.30921504,-0.3958217,-0.021637408,-0.74184585,-0.06794306,-0.037258547,0.063590206,0.043407958,-0.5655965,0.03818641,0.8297628,0.38388252,-0.3520557,-0.13141108,-0.8418474,-0.06615985,-0.21245697,0.2044774,0.17408426,-0.40411592,-0.17138422,-0.21837069,0.19930606,-0.19190222,-0.7302761,-0.035577923,0.05850092,0.027887147,0.19238241,-0.2705412
282,negative,-0.044696588,0.076296136,0.17147398,-0.02246711,-0.11879396,0.23994492,-0.033443723,0.31137753,0.053167515,0.025711767,0.31430086,0.12519802,0.16415477,-0.15359415,0.19944052,-0.06584257,-0.2914078,0.18754728,-0.023080807,0.029807564,0.18983054,0.15212193,-0.09909292,-0.14497206,0.25752696,0.18366833,-0.17636262,-0.06841488,0.023634186,0.005649266,-0.089175075,0.24508132,-0.027472889,0.003369593,-0.037079457,0.085420616,-0.11651616,-0.15943603,0.16820405,-0.040572748,-0.041421585,-0.06710965,0.009842089,-0.08088905,-0.03870382,-0.14568849,0.22556575,-0.17101663,-0.06879798,-0.62137663,-0.018106896,-0.1007969,0.05950761,0.5369858,-0.17468971,-1.2331082,0.07852519,-0.15770002,0.7860432,0.14767812,0.072936006,0.46571434,-0.2253737,-0.14495991,0.35203448,-0.043743648,0.025506794,-0.12619752,-0.038464665,-0.04026403,0.096176356,-0.28224808,0.2180373,-0.06788576,0.075623766,-0.09049113,0.05407632,-0.1530524,-0.23236406,-0.10818121,0.15870377,-0.27869883,-0.28870726,-0.03311336,-0.82791,-0.079851225,0.052691534,0.18656625,-0.05039569,0.014865661,-0.13515608,0.09851261,-0.07321601,-0.115596466,-0.29102534,0.08056339,0.04771325,-0.09585691,0.058833767,0.033665575
283,negative,-0.042495996,0.26902267,0.27548668,-0.08506434,0.0006678159,-0.16249259,-0.084617764,-0.008107541,-0.05097393,0.04520225,-0.07404767,-0.009502236,0.07629861,-0.093559794,-0.012848459,0.0192398,0.0625398,0.07303562,-0.3994236,0.29946357,0.10589213,0.033664778,0.120437115,0.112830624,-0.08586049,0.21231635,-0.20996422,-0.051777523,-0.107039146,0.00759388,0.0067114686,0.39073703,0.02086201,0.05895575,0.14012775,0.41450173,0.053520575,-0.08595701,-0.085891955,-0.23192032,-0.098390296,-0.19535746,0.08091293,-0.302826,-0.024459796,-0.06423451,0.011726442,-0.13011983,0.013401622,-0.5508485,-0.08150079,-0.088156246,-0.06696086,0.61362326,-0.18051247,-1.464836,-0.08431465,-0.22494447,1.0810632,0.14234763,0.041560404,0.2848309,-0.0054941755,0.1485899,0.33933774,-0.05844201,0.020271795,0.31930518,-0.14895311,0.12572096,0.040234216,-0.23273982,-0.12614158,-0.23850122,0.104626946,0.20801114,-0.1679214,0.09097408,-0.5151539,0.20680803,0.5829729,-0.034866344,-0.36977962,-0.015232001,-0.98249626,0.024890436,0.13108781,0.33972445,-0.18954207,-0.16449147,0.03714119,-0.03698296,-0.019304978,-0.16027758,-0.48746097,-0.122243784,-0.026618345,-0.07939979,0.22729093,0.099213004
284,negative,-0.042495996,0.26902267,0.27548668,-0.08506434,0.0006678159,-0.16249259,-0.084617764,-0.008107541,-0.05097393,0.04520225,-0.07404767,-0.009502236,0.07629861,-0.093559794,-0.012848459,0.0192398,0.0625398,0.07303562,-0.3994236,0.29946357,0.10589213,0.033664778,0.120437115,0.112830624,-0.08586049,0.21231635,-0.20996422,-0.051777523,-0.107039146,0.00759388,0.0067114686,0.39073703,0.02086201,0.05895575,0.14012775,0.41450173,0.053520575,-0.08595701,-0.085891955,-0.23192032,-0.098390296,-0.19535746,0.08091293,-0.302826,-0.024459796,-0.06423451,0.011726442,-0.13011983,0.013401622,-0.5508485,-0.08150079,-0.088156246,-0.06696086,0.61362326,-0.18051247,-1.464836,-0.08431465,-0.22494447,1.0810632,0.14234763,0.041560404,0.2848309,-0.0054941755,0.1485899,0.33933774,-0.05844201,0.020271795,0.31930518,-0.14895311,0.12572096,0.040234216,-0.23273982,-0.12614158,-0.23850122,0.104626946,0.20801114,-0.1679214,0.09097408,-0.5151539,0.20680803,0.5829729,-0.034866344,-0.36977962,-0.015232001,-0.98249626,0.024890436,0.13108781,0.33972445,-0.18954207,-0.16449147,0.03714119,-0.03698296,-0.019304978,-0.16027758,-0.48746097,-0.122243784,-0.026618345,-0.07939979,0.22729093,0.099213004
285,neutral,-0.1263289,-0.16938801,0.3864887,-0.26334462,-0.31322092,0.012738334,-0.2894335,0.19846752,0.26107296,0.10818483,-0.071774215,0.14831613,0.06979484,-0.281566,-0.010098734,-0.20362139,0.19016534,0.28867942,-0.6463242,0.23761748,0.16644795,-0.05734426,-0.18120591,-0.2493467,-0.052266188,-0.046032608,-0.18052512,-0.16553229,0.38424197,-0.20356065,0.09008639,0.52913105,-0.084847055,0.1431563,0.11043754,0.41762516,0.07347193,-0.020337323,-0.012382294,-0.31651953,-0.43707576,-0.032901164,0.12729467,-0.40688035,-0.17739743,0.004015521,0.097622275,-0.01917583,-0.12155974,-0.7295596,0.050489075,-0.0501793,0.23115766,0.5870889,-0.31999066,-1.9024488,0.0018810711,-0.0067645274,1.021981,0.2710545,-0.23549996,0.3722844,-0.16733335,-0.2711034,0.47893018,-0.06290473,0.33431023,0.6671216,-0.21203385,-0.11825314,-0.027999062,-0.19509675,-0.22604698,-0.6505643,-0.016306208,0.12984739,-0.0187821,-0.0074305846,-0.7344967,0.17821744,0.383165,-0.52376497,-0.14564799,-0.24879862,-0.98478395,-0.38875768,0.05272801,0.2797669,0.012842903,-0.40755057,0.12986626,-0.17264743,-0.045001123,-0.21382052,-0.50981945,-0.04683699,0.111326456,0.0043607443,0.37088388,0.26102507
286,neutral,0.0624739,0.18570803,0.29014182,-0.29039425,0.19431163,0.14542407,-0.27387172,0.23588187,-0.088952504,0.17529212,-0.17167193,0.0050624833,0.2818584,-0.030490564,-0.21643049,-0.33309555,0.028682223,-0.025564319,-0.2700793,0.18016157,0.12510347,0.32518977,0.08585522,0.029851612,0.011056812,-0.25566262,-0.2172806,-0.6546609,0.1737806,0.107546404,-0.21818255,0.35326326,0.00037550103,-0.00875303,0.25091442,0.29966712,-0.07320392,0.23744994,0.059236016,-0.076574,-0.4447094,-0.40296307,0.2016294,-0.23880142,-0.14387468,-0.2760127,0.13231415,0.05597752,0.0279983,-0.50605476,-0.37377137,0.062048197,0.27859384,0.7701607,-0.015359965,-1.654756,-0.39959225,-0.07168209,1.2761872,-0.026372125,-0.053192295,0.3924431,-0.054298315,-0.029121784,0.54464203,-0.043509677,0.063951135,0.1471428,0.05098831,-0.054488804,-0.23610465,-0.1589185,-0.31221348,-0.11744918,-0.050182536,-0.054330807,-1.793067e-05,-0.09983077,-0.42912176,-0.023149539,0.6705616,0.019559836,-0.2747709,0.107656665,-0.75765455,-0.10916063,-0.17102273,0.13188042,-0.12947607,-0.5015432,-0.4002126,-0.1079138,0.37776926,-0.2901698,-0.45627752,0.08847699,-0.10226125,0.0074680303,0.5130016,-0.09507821
287,negative,0.063206196,0.44044948,0.31086177,-0.13682756,0.031394787,-0.84586495,-0.05760932,0.09060655,-0.057485737,0.28612596,0.07404162,-0.12179616,0.10983474,-0.06753839,0.07677717,-0.16054744,-0.51492304,-0.102497436,-0.08194026,-0.08962407,0.5958092,-0.2430544,0.30913273,0.292082,0.19706793,-0.012493529,-0.4830969,-0.22786401,0.12788098,-0.07266418,-0.100427285,0.08887228,-0.31253833,-0.011496729,-0.08188466,0.15292272,0.2797803,-0.09744201,-0.13926531,-0.14801623,-0.35316542,-0.33446196,0.1143864,-0.12671563,0.4664623,-0.15174249,0.25320786,-0.7136488,0.16566032,-1.1240238,0.30390233,0.13941653,-0.11530403,1.0809002,0.004820002,-2.02571,-0.10618373,-0.22535253,1.7401907,0.13569611,-0.08419518,0.112683095,-0.15286765,0.13730577,0.549745,0.24441692,0.23647851,-0.27758932,0.20657575,-0.09670292,0.18211071,-0.21269059,-0.4506945,0.090362765,-0.12023874,0.041293897,0.1919604,0.123523146,-0.9740975,0.2582831,0.86921316,0.050821323,-0.52142334,0.080359645,-0.690936,-0.18098122,0.11045464,-0.2078775,-0.3364855,-0.39239457,-0.24424437,0.3169025,-0.47018516,0.026305463,-0.8177397,0.03022831,0.2548229,0.061862685,0.58294,-0.1395456
288,negative,0.029415235,0.15250866,0.1990006,-0.054968014,-0.11752365,-0.29233816,-0.3749114,0.08885786,0.08913559,0.055372715,-0.0039569903,0.12051104,0.120392986,-0.03547138,0.060766526,-0.022070697,-0.025477415,0.17032568,-0.1619539,-0.020572746,0.25113165,-0.11344325,-0.078492865,0.061870076,0.010225457,-0.12543161,-0.1445861,-0.39282227,-0.10710219,0.01782084,-0.02772117,0.15206331,-0.1162085,0.08834582,-0.075840086,0.2385336,0.099153034,-0.10462058,-0.04279227,-0.2033568,-0.26521578,-0.13862261,0.036775284,-0.1886842,0.05526609,-0.0819039,0.16787863,-0.16482,-0.07476804,-0.7371315,0.08170784,-0.012239705,-0.078842,0.6403183,-0.023619963,-1.648824,-0.008861022,-0.19614746,1.3760566,0.24973997,-0.100172885,0.2693458,-0.18425903,-0.03520764,0.40704682,0.14216141,0.13721098,0.043573618,0.28977725,-0.25556988,-0.03910278,-0.14746115,-0.11216692,-0.14575528,0.0533647,-0.0961897,-0.012380677,0.007718868,-0.61087066,-0.037295494,0.47600907,0.08648661,-0.2841853,-0.010205332,-0.7879682,-0.2592148,0.07205091,-0.063829474,-0.017940687,-0.32730663,-0.13558765,-0.0026735945,-0.11831363,-0.09655791,-0.329206,0.046830706,0.11373911,-0.18023454,0.465077,-0.0900232
289,neutral,0.04680537,-0.03592805,-0.08872015,0.0015518811,-0.11510201,-0.21214937,0.13134839,0.7488167,-0.07377565,0.21761057,0.45552897,0.057055112,-0.31485185,-0.0871383,-0.12729014,0.18914405,0.19751284,-0.15357581,-0.56606984,0.046602808,0.09082482,0.097473025,0.13875526,-0.22981487,0.18410644,0.16256823,-0.12173851,-0.507306,-0.016519137,-0.05499484,-0.37334338,0.22436348,0.46859363,0.19268422,0.25763157,0.28658724,-0.11712583,-0.101843506,0.42231283,-0.1617389,-0.058103114,-0.5628747,0.02300464,-0.37320122,-0.18460333,0.09621053,-0.029583659,0.16729619,0.104159005,-0.0014210697,-0.06629329,-0.22102945,0.13582878,0.32315812,-0.027382327,-1.5529621,0.19907014,0.16916434,0.39706427,-0.04177676,-0.18662731,0.5197159,0.051200554,0.19699268,0.081982136,0.016228579,0.6445911,0.21359926,-0.24603306,-0.4286229,-0.3361611,0.22744653,0.03335737,-0.27461457,0.039864063,-0.38477266,0.17216913,-0.041445203,-0.26823327,-0.051114902,0.1618922,-0.1566893,0.12132958,0.1072982,-0.3432665,-0.18152085,-0.26162767,-0.03183799,0.053400133,-0.024211995,-0.14493132,-0.3860191,0.17805912,0.36852732,0.10021792,0.1743725,-0.14737032,0.043081183,0.27561736,0.17797072
290,neutral,0.062613375,0.27182448,0.22557552,-0.2393384,-0.5635304,0.029455278,-0.23600669,-0.045246188,0.04172642,-0.19504799,0.0114321355,-0.14066964,0.26089936,-0.044034336,-0.08672289,-0.022353929,-0.09295636,0.31914988,-0.59621215,0.6020839,0.067121625,0.24354324,-0.22654082,-0.33553982,-0.008999934,0.31294256,-0.11452781,-0.43940866,0.40664962,-0.46290866,-0.16015005,0.6881624,0.124810435,0.20275195,0.15038954,0.22472164,-0.15644786,0.08676475,0.21016482,-0.2859997,-0.19579826,0.09112135,0.101013646,-0.2741448,-0.23764572,-0.22886358,0.1872917,-0.16028862,-0.2862977,-0.9476201,0.1061077,0.14811131,-0.008342241,0.56259155,-0.13911095,-1.318862,0.3133919,0.1835488,0.732977,0.04709268,-0.08446926,0.5113537,-0.35199115,-0.21325943,0.49476627,0.28018278,0.43028772,0.5567605,-0.17829995,-0.3216069,0.34412718,-0.17077656,0.12082296,-0.35648066,0.18511695,0.090119615,0.04754332,-0.2834559,-0.15951891,-0.17721939,0.4537519,0.01484424,-0.4079071,-0.0062840707,-0.96973985,-0.057982907,-0.17927477,-0.028771041,-0.329532,-0.35850188,0.07728221,-0.34911957,0.018229306,-0.08870387,-0.49092057,-0.021643372,-0.20322856,-0.20338741,-0.021893887,0.6479924
291,neutral,0.046998613,0.3538452,0.59501195,0.09769784,0.19291294,-0.50639325,-0.32023302,0.026301892,0.054318726,0.5119723,0.11706745,0.019363156,0.18721767,0.39719495,-0.24237354,0.26048708,0.300843,-0.3112258,-0.51228523,-9.9455625e-05,-0.03486895,0.08144659,0.118062824,0.14461328,-0.51447845,0.18110982,-0.16649035,0.2910996,0.26027414,0.180009,0.06545436,0.20683898,-0.6007171,-0.28400677,0.052731004,0.03426571,0.2305544,0.17592514,-0.27395466,-0.13611007,-0.34613487,-0.3563936,0.20622022,0.14417452,0.40675128,-0.3676186,0.09507913,-0.102880046,-0.26233125,-0.5571117,0.26913372,0.39613146,0.07808623,1.0222753,-0.036116473,-1.7270844,0.28609633,-0.7660338,1.5519338,0.3346359,0.20384903,-0.14828248,-0.058269393,-0.010262902,0.42306927,-0.06169161,-0.23022918,0.4705931,0.4945778,0.59762275,0.26950175,-0.54883486,-0.47398216,-0.24490811,0.25317383,-0.057286125,-0.12772064,0.32841673,-0.9713434,0.19852892,1.078022,0.2595507,0.0014708927,-0.084375195,-1.0663538,0.16861336,0.15348995,0.13232276,-0.014546454,-0.62462705,-0.03423915,-0.030989246,-0.0027692816,-0.23751725,-0.39291742,0.29035124,0.10723479,-0.24648559,0.21918401,0.26989836
292,negative,-0.103355244,0.08474807,0.19115321,-0.22424404,-0.06781754,-0.12529983,-0.06898166,0.045001313,-0.030279221,0.1164572,-0.05206043,-0.07727095,0.35407248,0.052246172,0.05673509,-0.060551133,-0.049949683,-0.14397219,0.016416175,-0.0730589,0.18151201,-0.0003084823,-0.1718187,-0.12827471,0.15169679,0.24680588,-0.26468056,-0.14527081,0.018721387,-0.039884478,0.1249004,0.33899927,-0.114965014,-0.002335163,-0.08582209,0.12550126,-0.09173345,0.045962427,0.118091576,-0.014724663,-0.29583746,-0.35667685,-0.086829625,-0.15551764,-0.07039506,0.024127614,0.011750941,-0.07354737,-0.0012748548,-0.5640749,0.12725773,0.16117337,0.09094984,0.7729125,-0.11674886,-1.6715169,-0.05453359,-0.15122917,1.2642089,0.2431319,0.13027622,0.57096606,-0.09933096,0.0958812,0.4664972,0.1318151,0.31449574,0.15272713,0.013774586,-0.2676805,0.023318037,-0.10433879,0.06937384,-0.2178366,0.2730292,0.026500305,-0.0505166,0.021315305,-0.36829174,0.14259483,0.4239395,0.015298417,-0.37031442,0.122969165,-0.8730157,-0.18622147,0.07126132,0.06886679,0.025084155,-0.21656959,-0.102069095,-0.06575373,0.02676686,-0.15612873,-0.25631246,0.20929441,-0.124435626,-0.15843244,0.38603142,-0.036388718
293,negative,0.3912146,-0.038886942,0.51021314,0.26569608,0.08279904,-0.38598678,-0.07376181,-0.031610228,0.23831217,0.23135746,0.38788998,0.49026868,0.42122775,-0.052352007,0.04227915,-0.09600132,0.159423,-0.115647994,-0.6540946,0.07966552,0.3233975,-0.32402802,-0.19572562,-0.22891054,0.22245485,0.49795315,-0.24701107,0.030772338,0.2516491,-0.35644057,0.010139407,0.21824782,-0.33053875,0.039580096,0.25211132,0.35205716,0.64378166,-0.4588809,-0.38965532,-0.24103929,-0.03825003,0.287362,0.779821,-0.23587103,0.043044623,-0.37896943,-0.074332535,0.015364668,0.087641135,-0.42505005,0.06229643,0.09403858,0.22728905,0.5941059,-0.11375505,-1.2496611,0.3967816,-0.90733576,1.0902159,0.031004662,0.06506533,-0.12797634,-0.6141534,-0.627158,0.6694739,-0.11774806,0.28255516,0.7113533,-0.5924137,-0.27420166,-0.08603941,-0.42134285,-0.46391237,-0.80602497,-0.14335717,0.2746498,-0.4135213,-0.16313061,-0.9706796,0.15373549,0.8175694,-0.32180735,0.17542884,0.23844518,-0.6895648,0.2174329,0.3350964,0.29754186,0.19003709,-0.3096609,-0.264434,-0.19312164,-0.29795274,0.0952512,-0.39621228,0.00067943224,0.11562008,0.2565484,0.4004404,0.27736264
294,negative,-0.13551769,0.25603357,0.24714167,-0.1087277,-0.27368212,0.01204536,-0.23098311,0.18664142,0.027869614,-0.05181642,0.0837307,0.08101398,0.13026898,0.10139923,0.026728583,-0.184123,0.0053353915,0.16077016,-0.3597426,0.20027836,0.24702153,0.14074685,0.016521184,-0.1255985,0.056715086,0.14766307,-0.27500597,-0.38233748,0.13560529,-0.22107203,-0.28787366,0.49561602,-0.05508689,-0.05488468,0.17535134,0.20969325,-0.1015481,-0.026191214,0.040450756,-0.13793992,-0.23267433,-0.22267957,0.126528,-0.35354105,-0.18349254,-0.0646669,0.041352674,-0.24366125,-0.013662423,-0.80505025,-0.024860095,-0.04832073,-0.06027986,1.0333017,-0.038761284,-2.2573817,0.008899603,-0.073139,1.5141128,0.29148728,-0.09775789,0.55243576,-0.44281384,-0.14056599,0.8257492,0.05655423,0.24568434,0.26949453,-0.17009544,-0.40025133,0.17956455,-0.31592408,-0.18697983,-0.49537817,0.14029533,0.024976607,-0.22576116,0.07532286,-0.4895032,-0.10612558,0.5163408,-0.037451204,-0.5067683,0.0040624235,-1.174724,-0.10062819,0.121623255,0.041901354,-0.25749692,-0.38326988,-0.04757729,-0.013638524,-0.12179411,-0.026798634,-0.60175496,-0.028321203,0.08328095,-0.07386708,0.46302232,0.31597412
295,neutral,-0.04122635,0.13577735,0.24365509,-0.23625596,-0.17056488,0.13343433,-0.08584838,-0.04258228,-0.085771225,0.038440466,-0.09074673,0.009794653,0.24626341,0.05269888,0.004073237,-0.13013196,0.19887282,0.07769438,-0.03694112,0.2808801,0.3170188,-0.0321482,0.050548874,-0.10450869,0.22432224,0.02752302,-0.30257657,-0.1653999,0.102834135,-0.049977407,-0.13726741,0.45961028,-0.09292934,0.09407648,0.029378982,0.28832227,-0.078015864,0.107380845,0.10044924,-0.049639113,-0.17127138,-0.080793664,0.05666312,-0.28150368,-0.10812884,-0.0034951372,0.105856754,-0.1561659,0.035084236,-0.42324024,-0.07231875,-0.032366116,0.10475413,0.7655393,0.04170612,-1.4068956,-0.02222098,-0.15184373,0.81080216,0.20350073,0.021382727,0.57502294,-0.15490167,0.05990666,0.47038266,-0.11175803,0.14779699,0.14614981,-0.10610136,-0.058392312,-0.09857283,-0.21239762,-0.035403542,-0.20231986,0.19638497,0.11137703,-0.06343504,0.040758032,-0.48217702,0.05188474,0.2654543,-0.04781881,-0.30355585,-0.22529331,-0.95672053,-0.16764648,0.059055343,-0.085556634,-0.22211182,-0.09274562,-0.03120898,-0.20417741,0.11571298,0.015460533,-0.3303445,-0.13201034,-0.11783511,-0.15133928,0.21818684,0.039612386
296,negative,-0.06786855,0.13133515,0.3141307,-0.07602899,-0.14557636,-0.26231864,-0.05571132,0.103734925,0.07317455,0.04222998,0.12284861,-0.19001639,0.15020958,-0.05483045,-0.057425242,-0.17432019,0.25527966,0.28957847,-0.2256394,0.33407024,0.13246787,-0.17243308,0.03728328,0.081026964,0.12997456,0.03751336,-0.07802983,-0.256312,0.0064597377,-0.17697136,-0.05915724,0.5290924,-0.051366758,-0.11500036,-0.08392337,0.22462654,-0.0021645988,-0.086719275,-0.057469647,-0.24506113,-0.045654293,-0.13874312,0.16250218,-0.33492243,-0.22116593,0.037996735,-0.021364762,-0.21588454,-0.057497274,-0.5065153,-0.04921247,-0.030408112,-0.06857368,0.58296615,0.064235605,-1.3476086,-0.065905996,-0.028625175,1.0497453,0.30426353,0.17011103,0.23257591,-0.3183713,0.060113396,0.33131033,0.078384206,0.086313024,0.49335712,-0.088916376,-0.22465129,0.06421394,-0.1245558,-0.10226544,-0.23437558,0.18228644,-0.034424286,-0.10849282,0.006834625,-0.5714072,0.0053163012,0.4447297,-0.07501565,-0.3029369,0.07489506,-0.91847783,-0.16550873,0.024744099,0.13907295,-0.09941123,-0.25670138,-0.031450395,0.0050020046,0.059949484,-0.049106542,-0.23151103,0.07656234,0.10212284,-0.16309927,0.53773934,-0.13049725
297,neutral,0.16292,-0.31798,0.42328,-0.86767,0.45101,0.57857,0.026645001,-0.12648,0.33465,-0.042047,-0.040596,0.16478,-0.67344,-0.33751,0.35912997,0.57383,0.8461999,0.36373997,0.3063,-0.06805,-0.6761,-0.19147,-0.14594,0.0032621,0.66949,-0.33588,0.17868002,-0.3936,0.177,-0.33642,0.19288,1.003,-0.21793999,0.24270998,1.0935,-0.10303,-0.79196995,-0.13506,0.12156,-0.98377,1.03,-1.0242,0.60269,-0.15986,-0.26773,-0.5563,0.25834,-0.085021,-0.15221,-0.33717,0.026357997,0.23171,-0.18056001,0.57107,0.38556,-1.5732,-0.14902,0.037826,1.8485,0.70210004,-0.11697,0.077822,0.07462,0.09957,-0.21427,-0.60061,0.094903,0.80589,0.55333,-0.31359,-0.90991,0.053645004,-0.14494,-0.48532,0.10335,1.2182,-0.22199,-0.014934,-1.1355,0.3279,1.1733,-0.52838,-0.66953,-0.62109,-1.366,-0.44052,-0.29538,-0.71655,0.5992,-0.0003455,-0.82363,0.93572,0.62134,-0.26649,0.099595,-0.11545,0.6,0.072834,0.66487,-0.6451
298,negative,-0.054184675,0.08963751,0.2552155,-0.2192122,0.03429548,0.22981836,-0.24661274,-0.08709035,0.07690974,-0.067588136,0.14400885,-0.019878045,0.11929901,0.010454056,-0.02466314,-0.14222246,0.1827308,0.14080808,-0.38346428,0.2889863,0.15459843,-0.033629816,0.11528034,-0.010361014,0.026420316,-0.048609126,-0.08172855,-0.3235032,0.104397,-0.12818617,0.103568844,0.42919117,-0.2237693,0.09664806,-0.052390017,0.12845433,-0.07692683,-0.08428401,0.12351086,-0.06610509,-0.3002672,-0.041669548,0.015103676,-0.18909109,-0.15118372,-0.13244411,0.14948715,-0.16035235,-0.020427663,-0.6357404,0.17370503,-0.00480609,0.03190174,0.74575305,-0.041897316,-1.7388781,-0.082359016,-0.11148853,1.2967459,0.23618586,-0.24174456,0.53995275,-0.14097352,-0.033251833,0.60821366,-0.0700366,0.28950524,0.28037766,0.029280718,-0.032947466,0.026315369,-0.100850634,-0.17889619,-0.43254393,0.078915715,0.0045744134,-0.121716894,-0.0074256766,-0.5907696,0.0518751,0.38206267,-0.04098625,-0.22041261,-0.08741924,-1.1336257,-0.18633981,-0.011093638,0.085193045,-0.15463836,-0.26920828,0.066622555,-0.07097166,-0.072232164,0.028984534,-0.2731202,-0.010857293,-0.045367863,-0.18050407,0.30221674,0.1474245
299,neutral,-0.09801201,0.2200659,0.2823886,0.11617242,0.22985198,-0.6707276,-0.3131266,0.06317524,0.085983485,0.10796357,-0.046119213,-0.2027544,0.2002812,0.23025677,0.02119959,-0.033747032,0.31359303,-0.2322515,-0.53517014,-0.07010699,0.10318447,0.020755282,0.2646082,0.19583778,-0.11837858,-0.09751405,-0.008228174,0.029748563,0.27466562,0.07765101,-0.20692678,0.4179842,-0.22218595,0.030412199,0.21369976,0.104154296,0.2419699,-0.0057231267,-0.20541854,-0.03154879,-0.53156507,-0.26278222,-0.09157918,-0.088274926,0.019618105,-0.28595117,0.1924061,-0.00724912,-0.05719069,-0.60741204,0.27119043,0.13391961,-0.014208858,0.79729646,-0.033969063,-1.7565013,0.18122934,-0.3752347,1.4630336,0.26440585,0.070617564,0.19949833,0.03460674,0.14203277,0.38118055,0.16232915,-0.09558376,0.35166973,0.25421217,0.21448448,0.2710159,-0.07535848,-0.13020992,-0.21889997,0.23404735,0.039545186,0.109654136,0.21575612,-0.8975306,0.14309728,0.753481,0.07056513,-0.3131429,0.09836904,-1.0497787,0.14375706,0.13986273,0.17268535,0.0573419,-0.1757282,0.3272286,-0.065719135,-0.026411984,-0.00060206157,-0.40816844,0.097790085,-0.15538664,-0.4526306,0.33206004,0.12309075
300,negative,-0.09940596,0.009550108,0.25615197,-0.29512206,-0.17462955,0.112532035,-0.1746107,0.21531773,0.2250039,0.2886905,0.031838622,0.16236545,0.26065892,0.025423354,0.035451397,-0.082745634,-0.06223983,-0.015600788,-0.28138444,0.020618776,0.4411121,-0.28917488,0.11444187,-0.2640028,-0.11626301,0.005864038,-0.29854113,-0.27289286,0.07234615,0.05776245,0.097960584,0.22513358,-0.23346856,0.12058012,0.05841211,0.03460908,0.031318888,-0.037308473,0.33769485,0.018322326,-0.2431778,-0.22065516,0.191934,-0.22903256,-0.08991614,-0.1285298,0.13334116,-0.03220062,-0.08720456,-0.74740756,0.24210374,-0.06682999,-0.00562042,0.9666391,-0.018824602,-1.637975,-0.045267954,0.21986642,1.4357895,0.21527556,-0.07535815,0.59967047,-0.13949692,0.26719505,0.5127142,0.011812565,0.13543238,0.030536048,0.037863795,0.055543054,0.001245399,-0.45498446,0.018907113,-0.34001523,0.16002041,0.15844944,0.26099378,0.02932024,-0.73742104,-0.09769823,0.6371116,-0.07165369,-0.36355758,-0.0019488924,-0.98557955,-0.24802244,0.06425681,0.0948135,-0.18679157,-0.23826607,0.16266148,-0.053577106,-0.13368398,-0.06710136,-0.30527952,0.18368335,-0.015147956,-0.057488378,0.3492026,-0.08548797
301,neutral,-0.07769596,0.19276775,0.23607342,-0.1928202,-0.24283476,0.055050958,-0.21981667,0.11050531,-0.0046918443,-0.03509595,0.0054642865,0.09254655,0.14828207,0.09395807,0.060958464,-0.18147434,0.05222061,0.14984049,-0.32521898,0.1887215,0.25655404,0.11211705,0.001211784,-0.18146597,0.12211816,0.10999651,-0.28364104,-0.2955629,0.13786557,-0.18086284,-0.27172655,0.4745433,-0.008777336,-0.07773941,0.0792797,0.20424415,-0.11719901,-0.03950444,0.09484878,-0.11023707,-0.18661237,-0.121441536,0.1407031,-0.3331789,-0.21913609,-0.060562503,0.089356095,-0.26556864,-0.011017906,-0.6918451,-0.007783536,-0.048739746,0.022444976,0.9198989,-0.036181293,-2.0089898,-0.00033233062,-0.10414948,1.2115595,0.21506518,0.029089432,0.58932173,-0.33755216,-0.115438975,0.780011,-0.0016090254,0.28906083,0.25726128,-0.15410867,-0.33759573,0.14758635,-0.22733659,-0.12359959,-0.42114896,0.12874368,0.06616162,-0.17829104,0.06613263,-0.48151731,-0.09820407,0.41642055,-0.01592493,-0.39236072,-0.019435642,-1.1200075,-0.08256659,0.06988595,0.038684286,-0.26061478,-0.36405474,-0.023008727,-0.051285353,-0.01520661,-0.012083416,-0.50623924,-0.04768063,0.025967347,-0.14783917,0.35295454,0.31299216
302,neutral,-0.071279,0.1507814,0.28712097,-0.104095176,-0.15032741,-0.085822225,-0.056975648,0.03744675,-0.020960324,0.056743722,0.038007766,-0.113144375,0.21258636,-0.012720283,-0.047321208,-0.16620734,0.23646136,0.1739565,-0.12590209,0.31500736,0.22810602,-0.11008219,0.07499041,0.036736835,0.15474026,0.022412466,-0.19340502,-0.24474193,0.07677262,-0.124981724,-0.08567113,0.51045847,-0.118120775,0.019364545,0.01152961,0.2549879,-0.025137007,0.032587174,-0.0024793835,-0.14510193,-0.12404851,-0.1576519,0.10346022,-0.32841998,-0.10489092,0.01583551,0.023787335,-0.15286948,-0.0116827395,-0.48337862,-0.071930684,-0.05161188,-0.0039607724,0.7107765,0.07030579,-1.4390252,-0.0729697,-0.08701086,1.0599581,0.29041034,0.04996106,0.37361738,-0.23155138,0.06357568,0.3753418,-0.0082330275,0.06461641,0.31732792,-0.08934245,-0.116823725,-0.055466898,-0.18536672,-0.08193073,-0.21575859,0.21002096,0.019888617,-0.101025455,0.024005484,-0.5470383,0.050088935,0.37422714,-0.055339973,-0.3348743,-0.07944789,-0.9488109,-0.20609361,0.072630174,-0.011221238,-0.1562584,-0.16518147,-0.03830448,-0.12930825,0.060157944,-0.0018986758,-0.3214185,-0.01670308,-0.022994006,-0.14568184,0.4234693,-0.10467291
303,neutral,0.096392885,-0.060834654,0.17207637,-0.30346802,0.04392435,0.28083056,-0.09455016,-0.005028513,0.33114767,0.13821287,0.046280812,0.080953516,0.12265991,0.2266165,0.20818731,-0.09034201,0.013557679,0.11519867,-0.112760805,0.07938802,0.1281559,0.0403922,-0.07954702,0.012071947,0.029939719,0.02325864,-0.23154256,0.09918277,0.26022863,-0.07479157,0.00702702,0.25411668,-0.025413286,0.18793508,0.24853967,0.023644919,-0.08875666,-0.06681282,0.15718073,-0.015933214,-0.15924354,0.047017366,-0.19084938,-0.1736036,0.07026444,-0.14105375,0.1401118,-0.21590915,-0.010562129,-0.49846345,-0.13925369,0.20818655,0.048887245,0.6359276,-0.22447172,-1.1233511,0.05666707,-0.0558298,0.75310314,0.29587474,0.087483816,0.4403271,-0.20397486,-0.26947993,0.306772,0.12530145,0.2316463,-0.0764999,-0.12073118,-0.10886251,0.03696485,-0.11650077,0.06610565,-0.36835843,-0.103297144,0.13155219,0.12935351,-0.020453649,-0.48143083,-0.020637415,0.5350406,-0.28267157,-0.32483616,-0.07085039,-0.8972758,-0.0999202,0.12528086,0.07702094,0.012947134,-0.06781979,-0.06948473,0.1995932,-0.13452156,-0.04387194,-0.12048062,-0.11249196,-0.13309869,-0.20435968,0.23600903,0.042256266
304,neutral,0.07342849,0.21720305,-0.30057406,-0.53546864,0.5107086,0.23292702,-0.22097366,-0.29408205,-0.43793118,0.032955043,-0.09134894,-0.36224213,0.31708395,0.17425206,0.12508889,0.29826003,0.018583208,0.059201434,-0.4982192,0.30321953,0.19210637,-0.007887916,0.50775814,-0.4302995,0.37921166,-0.3658971,0.2656904,-0.053692486,0.20981836,0.35849985,-0.14144543,0.21849579,-0.3217604,0.18281205,-0.20743184,0.07635445,0.12847117,0.38001567,-0.19305143,-0.22567964,-0.31679547,0.013792061,0.0011237159,0.31184825,-0.22689189,-0.37436712,0.092207804,-0.06167463,0.33632135,0.19102031,0.09526586,-0.027218515,0.14960054,0.35288766,-0.4081518,-2.3306348,-0.43047428,0.1310949,0.708232,0.23346688,0.32038438,0.5191388,-0.2225261,-0.06472529,0.7665481,-0.17033044,0.2961367,0.38619304,0.12820135,0.110182315,-0.12944007,-0.09430281,-0.28436166,-0.48068804,-0.10088901,-0.1872612,0.14828143,-0.057656158,-0.62346864,-0.0003994441,-0.13199288,0.124710366,0.3635638,-0.057151716,-0.61773527,-0.31075045,-0.43512326,-0.0897408,0.31617483,-0.25013265,0.18049483,-0.239536,0.4795463,0.24103478,-0.5010802,0.032522283,0.1249838,-0.27390394,0.39199534,0.08282215
305,neutral,-0.13424551,-0.22418821,0.17346935,-0.2873263,0.2162127,0.09232049,-0.20838214,0.15402387,0.27543703,0.049730122,0.18515542,-0.07255227,0.057731595,-0.015694343,0.06614892,-0.32901394,0.13556024,-0.14452176,-0.18205832,-0.076991625,0.1534783,0.14156741,0.112710744,-0.0068298276,-0.0029926007,-0.11800784,-0.0697484,-0.16270107,0.2919256,-0.015867038,-0.078472584,0.31453377,-0.016381308,0.22597714,0.26977402,0.12322872,0.043195907,-0.04013059,0.01046494,-0.190879,-0.11094402,-0.20363937,-0.14698254,-0.21549892,0.0034632627,0.012530209,0.16234155,0.03841762,0.028486786,-0.46497217,0.003149303,0.09543599,0.12646492,0.5571574,0.06840221,-1.3173473,-0.06968807,-0.17745337,1.0090139,0.2850546,-0.10130311,0.41064376,0.055102915,-0.009195461,0.38278952,0.15200803,0.08109254,-0.061309185,0.0348536,-0.12989484,-0.038013726,-0.32263157,0.044053167,-0.3420386,-0.007700836,0.09442342,0.16881247,-0.02316346,-0.2303303,0.02106544,0.54960746,-0.07428376,-0.25158364,0.04993753,-0.51339066,0.046671174,0.1823213,0.14399631,-0.014807478,-0.06126381,-0.07270095,0.22312549,-0.003446492,-0.10692572,-0.17817256,-0.10144992,-0.047250226,0.109629214,0.32130557,-0.04880197
306,neutral,0.0016422739,0.16508971,0.051771432,-0.0363167,0.07672767,-0.26988336,-0.28494167,-0.5733515,-0.15032493,0.39037102,-0.09449312,-0.43983033,0.18550472,0.3039727,-0.10617063,0.43886796,0.21115689,-0.2957286,-0.49398288,-0.24619004,-0.019707235,-0.24055128,0.17086764,-0.03794424,-0.27954787,0.018160675,-0.009684581,-0.08573254,-0.01834288,0.047189124,0.14395681,0.2212155,-0.016576553,0.06705508,-0.035189018,0.019736193,0.17012079,-0.14051417,-0.0018229465,-0.09178379,-0.6922182,0.13397212,0.30980638,-0.098871365,0.48834792,-0.17595667,0.38575247,-0.11849268,-0.3709242,-0.50306976,0.2688043,0.26312268,0.319743,0.9889753,-0.008486099,-1.544849,0.38711503,-0.33080035,1.2775925,0.14835235,-0.17760827,0.2560342,-0.021052359,-0.37278956,0.5886687,-0.12186763,0.060718026,0.3882371,0.21022399,0.4884197,0.12388772,-0.5883127,-0.3907941,-0.19937707,-0.11203484,-0.2612103,-0.100080006,0.17785275,-0.83878666,0.25828612,0.6633648,0.18985255,-0.08978546,0.2619956,-1.150297,-0.122071,0.0141952885,0.35633275,0.080986835,-0.4529136,-0.026544876,0.06522297,0.1706483,0.27021134,-0.011179901,0.1576701,0.22219585,-0.16355328,0.46434033,0.30635586
307,negative,-0.08516182,0.1875922,0.12207099,-0.20926529,-0.081902124,0.36969632,-0.13128407,0.23926078,-0.14752296,0.1441264,-0.038243666,0.10086519,0.24750017,0.11861665,-0.045151267,0.022324175,0.26311773,0.08445326,-0.26100448,-0.0050210343,0.13826442,-0.27940038,0.03787668,0.06755969,0.26895496,0.111429825,-0.21526532,-0.23236872,0.21400577,-0.039685473,0.13980255,0.09633268,-0.017668312,0.072286434,-0.03870064,-0.07191893,-0.012980171,0.10053327,0.07021914,-0.0055166036,-0.26322794,-0.2354681,0.15560798,-0.21553664,-0.05732532,-0.10216535,0.00360704,-0.09017377,-0.11528982,-0.54221946,0.09799705,-0.08110575,0.1706366,0.8990415,-0.08891836,-1.712315,-0.18608528,0.06982864,1.0575775,0.27988195,-0.037850995,0.59060293,-0.063827775,-0.04649295,0.46787155,-0.05156721,0.2577478,0.21985531,-0.09310646,-0.12913983,0.018217959,-0.065388024,-0.07919943,-0.17846376,0.17848419,0.22196575,-0.04093099,-0.1474976,-0.3844242,-0.122011125,0.4211745,-0.11806653,-0.09754527,-0.026121175,-0.84792817,-0.34726903,0.04975432,-0.0051843678,0.1353292,-0.08346691,0.04745849,-0.04175343,0.06738506,0.13416332,-0.29916033,-0.08878592,-0.02903221,-0.16736037,0.33445373,-0.026205074
308,negative,-0.029121658,-0.0679523,0.38607064,-0.034254003,0.16092905,-0.28109488,-0.26730374,-0.026913814,0.018661838,0.17568286,0.16434745,-0.063824415,0.1804213,-0.122134775,-0.11269334,-0.103347555,0.11529033,0.051822655,-0.39175364,0.04658825,0.11780134,-0.19542359,0.14368461,0.0046037994,-0.2969632,-0.17896691,-0.12851922,-0.25814828,0.09325141,-0.1447931,0.0028643655,0.39353353,-0.2153982,0.10179477,0.10274562,0.15798396,-0.08221667,0.16018258,-0.3641481,-0.10777426,-0.49631223,-0.121805094,0.5265308,-0.11926708,0.122991,-0.2933589,0.1620396,-0.31204763,-0.1787212,-0.6324429,0.25257364,-0.034881033,0.022716975,0.8913243,0.035121687,-1.9120424,-0.015083386,-0.12820105,1.2085314,0.27231184,-0.2692771,0.089019276,-0.10858147,-0.21416934,0.64422894,-0.054219354,0.119990066,0.57965,-0.11916804,-0.021373486,0.1350936,-0.16848232,-0.20764732,-0.49490416,-0.0027314753,-0.073854834,-0.25031543,-0.06085873,-0.83749896,0.0054445905,0.52447957,-0.06811044,-0.16602074,-0.09813981,-1.0827098,-0.1952946,-0.032933097,0.23554422,0.20808153,-0.24389572,-0.077846415,-0.057922974,-0.1966453,0.08804269,-0.5912823,-0.038183153,-0.05650676,0.03500913,0.430555,-0.10556923
309,neutral,-0.17768243,0.010036757,0.2673198,-0.10000283,0.16176419,-0.46390787,-0.07180309,-0.07660123,-0.119111665,0.59513414,0.23049794,-0.4382166,0.16017586,0.15852074,0.15189959,-0.07534399,0.23110774,-0.15943551,-0.05375354,0.12112382,0.101628736,-0.05516621,-0.008104493,0.18711768,0.17191471,-0.07398688,0.20045783,0.2921618,0.24069563,0.16619854,0.060301993,0.34679532,-0.0112310825,0.35462776,0.36443922,0.19342999,0.00987906,0.011993186,-0.11936417,-0.008934953,-0.27514943,-0.1608468,0.222586,0.15850541,0.12171964,-0.22945064,0.1966546,0.074586414,-0.030509349,-0.59135276,-0.032313157,0.56381696,0.12774119,0.86281663,-0.1458729,-1.5855781,-0.10499824,-0.09931069,1.2848985,0.3394777,0.10607756,0.3616602,0.32183287,-0.107702136,0.19940974,0.2503112,-0.07458373,0.15144315,-0.36218277,0.30226412,0.23962162,-0.35083306,0.05939195,-0.21886373,0.09144449,-0.004180784,0.36898798,0.0926358,-0.4050731,0.32683408,0.6485825,0.02678118,-0.16452561,-0.06905791,-0.5857802,0.10111211,0.37723765,0.2126398,0.15404122,-0.08682869,-0.14308481,0.18342067,-0.029433021,-0.24058785,-0.450725,0.28129363,-0.23269382,-0.19706541,0.2758483,-0.0015424937
310,neutral,0.029694498,-0.105315134,0.13330363,-0.082391135,0.12553753,0.30114082,-0.03898493,-0.15468882,0.1394173,0.3074508,0.38773447,-0.21742037,0.07752385,0.035350252,-0.31255662,-0.12442074,0.09947574,-0.18953656,0.014951034,0.25837523,-0.07982796,-0.11004324,0.09977233,0.039423138,-0.0085238265,-0.313759,-0.049015515,0.20397073,0.14297153,0.037888914,-0.270038,0.21115324,-0.28223526,0.48551777,0.042363614,-0.109937996,0.11655785,0.16065206,0.030286748,-0.47154143,0.17922455,-0.05778928,-0.15111613,0.003787759,0.0045699333,-0.3086665,0.071921036,-0.120943695,0.16501243,-0.13366893,-0.16078421,0.29017684,0.1399052,0.317385,-0.44186404,-1.1722691,-0.08031227,0.07484733,0.5569621,0.24433891,0.14714284,0.26218134,-0.20000674,-0.18974464,0.18145584,0.19864377,-0.15141462,-0.0016550199,-0.013249713,0.13823521,-0.17007887,0.027052475,0.04901982,-0.08826925,-0.019620825,-0.050191347,0.05833511,-0.16870774,-0.39474568,-0.22643903,0.16842519,-0.3831369,-0.09218023,-0.1089525,-0.44449317,0.16011286,-0.15213953,-0.15903158,0.103601694,0.028236933,-0.04076691,0.05074869,-0.072447196,-0.032190938,-0.20225465,0.035797324,-0.19549514,-0.06038602,0.4235481,-0.15151183
311,negative,-0.12920614,0.18722856,0.15030475,0.09900728,0.04245761,0.009468473,-0.27802768,-0.083099924,0.31668463,0.46393076,-0.19919251,0.065199964,0.32790518,-0.02459428,-0.10073507,0.10248296,-0.017311735,-0.30222237,-0.5698082,-0.010505927,0.37339383,-0.14988156,0.11017489,-0.11474315,-0.13757376,-0.024960788,-0.19366907,-0.0899562,0.27510503,0.17103933,0.1140624,0.11428619,-0.04483363,-0.110455744,0.36244252,0.011912333,0.17854609,0.015807074,-0.101624504,-0.041786533,-0.49510288,0.0112836985,0.22473875,0.037128415,0.1621323,-0.24421756,0.06791076,-0.14864214,-0.15766557,-0.36594912,-0.09413333,0.33098435,0.22235948,1.0354426,-0.120180905,-1.3462178,0.07602606,-0.39710298,1.3581986,0.23753132,0.0463736,0.034626924,0.13910492,-0.020576237,0.67281175,0.17561054,-0.12133,0.21372725,-0.32203838,0.107688636,0.13796689,-0.40716854,-0.28500465,-0.45077887,-0.023866069,0.03025227,-0.010853528,0.30590504,-0.859211,0.16458213,0.50039685,-0.029855853,-0.2048776,0.14422186,-0.7586003,0.062453862,0.30315444,0.22742909,0.14342827,-0.29924276,-0.09033121,0.0005215186,-0.29125747,0.13013482,-0.6195649,0.10848404,-0.21792984,0.0020988816,0.41366336,0.13828056
312,negative,0.10182327,0.16659382,-0.0318173,-0.42845234,0.0073574567,-0.08833117,-0.17172843,-0.06993341,0.018841652,0.014361359,0.08773207,-0.2805189,0.2291754,-0.036023047,-0.116674095,-0.26850602,0.31647602,-0.29667723,-0.34556103,0.008731691,-0.018492302,-0.07366769,0.124848016,0.18522494,0.0072373287,-0.26390874,-0.052760735,-0.11177384,0.30972078,0.11354227,0.033460192,0.40267956,-0.061552096,-0.26670295,0.16004477,0.18669987,0.009226771,0.054835957,0.0085071055,0.11838451,-0.5104721,0.00427457,0.1308763,-0.17440452,0.024433985,-0.15435867,0.002954966,-0.33070353,0.13542256,-0.5389331,0.14515382,-0.14230385,0.13642637,0.7230172,0.00092729746,-1.5696017,0.02574788,-0.48366648,0.91320044,0.24258071,0.014234774,0.429814,-0.09407084,-0.21237189,0.39135754,-0.07383123,0.17687057,0.45652747,0.024548503,0.10529036,0.17177168,-0.3941559,-0.43739262,-0.33206353,-0.079002865,-0.059715576,-0.17681156,-0.017798852,-0.7976414,-0.0051986803,0.7923194,0.25394657,-0.15561602,0.14186884,-0.88477,-0.029941384,0.09938198,0.07450109,-0.2062334,-0.49927607,-0.09478508,-0.018689167,0.0968175,-0.0662888,-0.42562506,0.03108917,0.071957156,0.1656513,0.17136173,0.06084191
313,neutral,-0.21744062,-0.0588018,0.38049775,-0.061948795,-0.29975086,-0.15350173,-0.16612427,0.10972442,-0.1722807,0.020550953,0.09446541,0.19801408,0.24160801,-0.06811286,-0.055561136,-0.21338002,0.16549,0.14386994,-0.29786792,-0.041426014,0.042651445,0.02814748,-0.012328207,-0.044401597,0.015921023,-0.08245723,-0.21308997,-0.36404082,0.059138015,-0.24960586,-0.33839995,0.04254649,-0.14563026,0.026668549,-0.13521698,0.22482353,0.077951625,-0.114070326,0.11309868,-0.015627654,-0.46963757,-0.27069297,0.1879836,0.03783135,0.08031113,-0.23271488,0.10411557,-0.21326436,-0.17532696,-0.80487794,0.19129306,0.031052865,-0.0058885766,0.897128,-0.08238281,-1.8660331,0.29844952,-0.20576045,1.425131,0.3650572,-0.0501172,0.37231857,0.009530843,-0.27969173,0.68656015,0.028243858,-0.09518359,0.2883592,-0.018083734,-0.3064194,0.097004674,-0.4884362,-0.32294095,-0.2695626,0.1583963,0.13727735,-0.007822315,0.05847711,-0.547422,-0.06608901,0.6392842,-0.14378338,-0.1804421,0.3676224,-1.096534,0.17445096,0.30617097,-0.0048264484,-0.030826254,-0.14146893,-0.13975643,0.06975228,-0.036105923,-0.19736664,-0.46626076,0.08967913,0.25547862,-0.024506351,0.29424506,0.38531303
314,neutral,0.043756776,0.13968533,0.00258293,-0.30521795,0.18770897,0.04708181,-0.1336073,-0.10342983,-0.13501836,-0.054217726,0.031431735,-0.1253975,0.1740015,0.17800885,-0.06743441,-0.08923643,0.18971865,0.07596901,-0.31559876,0.22270194,0.15205559,-0.19015609,0.23698705,0.025937974,0.23503354,-0.09348277,0.053287312,-0.27514014,0.086132616,-0.16126113,0.031406634,0.30624035,-0.055974577,-0.03617924,-0.027211845,0.17732647,0.0088088075,0.12545925,0.03055739,0.0047788527,-0.16284323,-0.14932725,-0.022542438,-0.12557618,-0.20907332,-0.15008827,0.16379814,-0.12175634,0.031454578,-0.45035252,-0.019978767,-0.012455943,0.028841393,0.638465,-0.1085988,-1.705711,-0.08554532,0.04078413,0.99808383,0.40258154,-0.23270924,0.36753348,-0.14743614,-0.12387271,0.5017233,-0.02128734,0.20946614,0.42723677,0.22347447,0.11018999,0.05901305,-0.27742857,-0.27075562,-0.18034066,0.14172743,-0.04384777,-0.034009,-0.06454099,-0.644132,0.16696009,0.33258846,0.06309007,-0.12260367,0.15000331,-1.0294706,-0.3258182,-0.33093682,-0.095929995,-0.090035655,-0.1651541,-7.513257e-05,-0.14124636,0.19458583,-0.08645888,-0.28416422,-0.08667076,-0.10901712,-0.13815883,0.2374566,-0.0048374
315,negative,-0.28786713,0.11201619,0.16244365,-0.091917984,-0.13101682,-0.03232564,-0.10524492,0.12801862,0.060141627,0.35702828,0.20325872,-0.09498905,-0.03774765,0.040653184,0.07389336,-0.033745818,0.18941504,-0.026770867,-0.2769993,0.17943554,0.2789101,-0.23127608,-0.024163352,-0.07806693,0.04965244,0.0012417609,-0.09239771,-0.09071964,0.0263198,0.022035295,0.006201349,0.19102862,-0.16022669,0.014730486,0.0054232273,0.016290473,-0.005635196,-0.14593118,0.1695579,0.02793462,-0.17751446,-0.19470008,0.055906683,-0.10664119,0.039817978,-0.0449226,0.08521213,-0.029126616,-0.14902622,-0.55646574,0.15758917,0.08421241,0.025256611,0.7905271,0.03538426,-1.316559,-0.008336084,0.04222563,1.1410912,0.08487005,0.008900165,0.39672026,-0.0061336234,0.15149656,0.31886154,0.06314829,0.032037202,0.084520645,0.12734246,0.023627307,0.13329889,-0.3376268,0.03710529,-0.26343966,0.12165798,0.009367531,0.1386659,0.08977718,-0.619762,-0.05271677,0.532798,0.035682764,-0.25122136,0.01858545,-0.71474725,-0.122958705,0.19274947,0.062729634,-0.091985285,-0.13572846,0.10483542,0.01313935,0.056274503,-0.11813062,-0.2937755,0.1292638,-0.055975154,-0.111570545,0.28303435,0.09117701
316,negative,-0.13828681,0.10405221,0.30979005,-0.042033717,-0.11215875,-0.18877394,-0.3704315,0.010792447,0.38835654,0.044202052,0.14434297,-0.036231413,0.19335046,-0.2786675,0.021043008,0.022120105,0.01997322,0.08970296,-0.19520459,0.010530809,0.051757228,-0.11201757,0.119819045,0.1285294,0.0657831,-0.21288078,0.13802446,-0.041157685,-0.13781397,0.014732455,0.14683332,0.44596773,-0.02161767,0.026262661,0.040552594,0.17104779,0.021847395,-0.10047558,0.29310507,-0.36232182,-0.13254255,-0.04905856,-0.12203277,-0.19709843,-0.08011877,0.045896154,0.12245257,-0.26607227,0.00078909885,-0.33944443,0.61117643,0.0840763,-0.14601915,0.61960095,-0.09371481,-1.2223969,-0.05559771,-0.220518,1.4056497,0.10798167,0.024139501,0.016002236,-0.06385798,-0.13308753,0.5028328,-0.024402868,0.19957463,-0.073401935,0.35092375,-0.052386716,-0.096097134,0.018060084,-0.016031304,-0.34465322,0.0817634,-0.029065432,0.003567507,0.02258733,-0.7386903,0.10896177,0.42648286,-0.09010384,-0.37406558,-0.104921184,-1.1164554,-0.3146049,0.07808794,-0.07907814,-0.22783878,0.012284759,0.10885502,0.3163029,-0.14358225,-0.17205454,-0.12105071,0.2061641,0.21252146,-0.0007093981,0.36044425,0.18655248
317,neutral,0.040403526,0.17913203,0.1429751,-0.042531934,-0.092492834,0.03892912,-0.33250186,-0.03036585,0.084740676,0.028442759,-0.12968445,-0.024254717,0.26283163,-0.07752583,0.00853796,-0.19291277,0.10730766,0.049136266,-0.5127519,0.042983662,0.21483997,-0.033001937,0.28005564,0.009074733,0.035700195,-0.10929995,-0.08162978,-0.2716699,-0.024388036,-0.018148374,-0.012304839,0.08027886,-0.13574882,0.23075375,-0.14490098,0.05908311,0.19319074,0.35644478,0.013221999,-0.08138038,-0.67875457,-0.1738161,0.059094723,-0.2703553,0.21425089,-0.110786825,0.063899375,-0.12599336,-0.28393218,-0.49470794,0.3883784,-0.011125351,-0.04105755,0.90536696,-0.1326523,-1.7591408,0.05588858,-0.37612277,1.7238089,0.37451845,-0.012511497,0.31189516,-0.18469982,-0.10685052,0.65981764,0.028790953,-0.16892257,0.16595045,0.20621218,0.091407165,0.09520295,-0.3693631,-0.22609499,-0.3316315,0.33127347,0.055686645,-0.15277134,0.09601095,-0.78987485,0.050195526,0.66718507,0.021542918,-0.16932802,0.08719896,-1.0624999,-0.06706399,0.16545197,-0.00075512985,0.020325,-0.43936867,-0.028872931,-0.19760023,-0.20072736,-0.08707302,-0.39112175,0.2191142,-0.013534195,-0.14970374,0.4598103,0.016055088
318,neutral,-0.12863292,0.26810074,0.4225586,-0.15866314,-0.32196245,-0.014510333,-0.546549,-0.33028615,0.059470277,-0.049309835,-0.1583111,-0.07793036,0.4534957,0.15662174,0.030992394,-0.17556149,-0.026415402,0.33544984,-0.62027234,0.19442597,0.46949074,-0.15632737,0.04132379,-0.05731662,0.2259838,0.21818176,-0.50443655,-0.22189467,0.3468789,-0.06611366,-0.19512817,0.3139154,0.019583387,-0.067383714,0.13789864,0.20380248,-0.04838841,0.36112836,-0.24569927,-0.32116717,-0.24696368,0.08586548,0.21924332,-0.51317436,-0.37548837,-0.2041257,0.2762953,-0.23572925,-0.35126773,-0.7220806,0.14381334,0.3262155,-0.041606117,1.0862001,-0.19898131,-2.0513813,0.32521898,-0.0823285,1.4834571,0.50907326,-0.081257,0.6070559,-0.25513688,-0.289743,0.8223478,0.036561366,0.5143931,0.124539755,-0.31626168,-0.22566135,0.1576076,-0.28839415,-0.26662928,-0.41046736,0.6324128,0.23635991,-0.40347204,0.0227891,-0.46881825,0.30186698,0.43480617,0.42791653,-0.3861823,0.10311558,-1.2184042,0.022520382,-0.046914566,0.03429551,-0.14999457,-0.64526653,-0.17899852,-0.3324919,-0.114608325,-0.079981,-0.65413964,-0.07527933,0.033120897,-0.23644911,0.21344094,0.21709658
319,neutral,-0.19421515,0.051101986,0.30084592,-0.040974196,-0.03020968,0.09640186,0.1574176,-0.015402156,0.07884045,-0.07414587,0.08163937,0.12656395,-0.00049564027,0.029147042,-0.04719893,-0.07188894,0.26668498,0.10402335,-0.10494991,0.21077962,0.23479182,-0.32956594,0.17288437,-0.04206421,-0.03739347,0.026036695,-0.2424976,-0.051072583,-0.2297602,0.06666337,0.0464833,-0.003023463,-0.07748522,-0.075572886,-0.22828256,0.021229794,-0.102673866,-0.12459142,0.2031742,0.008521674,-0.23337732,-0.19066691,-0.03436359,-0.3600471,-0.06262185,-0.11134931,0.12602544,-0.38877222,0.12594266,-0.63136107,0.3142855,-0.11477247,0.18618444,0.5355124,-0.020281127,-1.3228788,0.034755945,-0.044016894,0.9870174,0.3798248,-0.105762444,0.34276167,-0.08050193,0.08218421,0.55658084,-0.23491436,0.09478241,0.11194097,0.06899569,0.007526632,-0.23352377,0.18648371,-0.04785893,-0.10828975,0.4296536,0.13104716,0.008515618,0.0008508964,-0.47947025,-0.2593029,0.34824613,0.17491403,-0.17455299,-0.21806015,-0.67568326,-0.22514857,-0.038506705,-0.14311875,-0.03545576,-0.22170688,0.06854794,-0.08960305,-0.107904956,-0.07500157,0.05409371,0.21656987,0.1998209,-0.124528706,0.17396587,-0.04536831
320,neutral,-0.19421515,0.051101986,0.30084592,-0.040974196,-0.03020968,0.09640186,0.1574176,-0.015402156,0.07884045,-0.07414587,0.08163937,0.12656395,-0.00049564027,0.029147042,-0.04719893,-0.07188894,0.26668498,0.10402335,-0.10494991,0.21077962,0.23479182,-0.32956594,0.17288437,-0.04206421,-0.03739347,0.026036695,-0.2424976,-0.051072583,-0.2297602,0.06666337,0.0464833,-0.003023463,-0.07748522,-0.075572886,-0.22828256,0.021229794,-0.102673866,-0.12459142,0.2031742,0.008521674,-0.23337732,-0.19066691,-0.03436359,-0.3600471,-0.06262185,-0.11134931,0.12602544,-0.38877222,0.12594266,-0.63136107,0.3142855,-0.11477247,0.18618444,0.5355124,-0.020281127,-1.3228788,0.034755945,-0.044016894,0.9870174,0.3798248,-0.105762444,0.34276167,-0.08050193,0.08218421,0.55658084,-0.23491436,0.09478241,0.11194097,0.06899569,0.007526632,-0.23352377,0.18648371,-0.04785893,-0.10828975,0.4296536,0.13104716,0.008515618,0.0008508964,-0.47947025,-0.2593029,0.34824613,0.17491403,-0.17455299,-0.21806015,-0.67568326,-0.22514857,-0.038506705,-0.14311875,-0.03545576,-0.22170688,0.06854794,-0.08960305,-0.107904956,-0.07500157,0.05409371,0.21656987,0.1998209,-0.124528706,0.17396587,-0.04536831
321,neutral,-0.12455835,0.17914103,0.37842909,0.28498578,0.08748427,-0.3493913,-0.07927488,-0.077837676,0.07925207,0.2503049,0.086055726,-0.13107926,0.38382992,0.11596527,-0.017523948,-0.006825236,0.13766064,-0.16355346,-0.35414702,-0.019206278,0.19862671,-0.23240852,0.118594415,-0.118135184,-0.18265218,-0.16983302,-0.08612586,-0.09102185,0.24206251,0.07438114,-0.06356563,0.24017364,-0.25097954,-0.0103533985,0.17459103,0.08765257,0.21820168,-0.023196662,0.005134687,0.069605626,-0.3645379,-0.13493231,0.1925847,-0.042975206,0.12548842,-0.25670335,0.14130518,-0.18579352,-0.108774096,-0.4381927,0.37229806,0.21477158,0.090213716,0.9171706,0.0050402377,-1.7936738,0.1605772,-0.34653786,1.5281324,0.36280504,-0.1436465,0.5464715,-0.0073865615,-0.022405885,0.6233932,-0.039214008,-0.07246383,0.2529647,0.07208682,0.1580366,0.035475668,-0.44672978,-0.21041828,-0.34291688,0.24983698,0.08698057,0.07286897,0.030349508,-0.91519564,-0.08011708,0.52801853,-0.0013586637,-0.115522,0.044390336,-1.1430194,-0.07030463,0.2849905,0.046127833,-0.09424886,-0.24026132,-0.042242475,-0.09912934,-0.10204014,-0.11284739,-0.41580114,0.1624761,-0.2118381,-0.17410694,0.42345998,0.15432648
322,neutral,-0.098655045,-0.13598472,0.106006786,-0.16679414,0.17051381,0.058498245,-0.048601188,0.2009772,0.068500206,-0.06241999,0.114358045,-0.013296633,0.25668004,0.016605558,0.067171276,-0.09729946,0.13065167,-0.23973003,-0.15052442,0.12368034,0.14732642,-0.113738745,0.15384205,-0.09046134,0.09927738,-0.14278802,-0.059632547,-0.044899315,0.33187032,0.10690485,-0.14273559,0.22832154,-0.08139764,0.28962678,0.21278328,0.06271371,0.046695538,0.08063839,0.0076925363,-0.28489175,-0.37825465,-0.06947638,-0.0426753,-0.19847862,-0.15099594,-0.1812275,0.005018579,-0.20098951,-0.12890904,-0.4001795,-0.028639005,0.4175,0.17453982,0.636833,-0.32677904,-1.7253933,-0.07626437,-0.16611958,1.0283716,0.06525368,0.037844297,0.44320998,-0.1598739,-0.37473696,0.4519794,0.23712981,0.09384763,0.11315883,-0.107424736,0.031395134,0.17412217,-0.19497687,0.17155123,-0.28894395,0.088594586,0.062368374,0.15574473,0.017707504,-0.38149634,-0.001749861,0.49191183,-0.115324005,-0.3086176,0.13094246,-0.87707365,0.13141926,0.10774113,-0.084198706,0.3100039,-0.058391217,-0.13542809,0.05785217,-0.000529967,0.19387335,-0.40075377,0.03779215,-0.182958,-0.20308875,0.3110607,0.035489086
323,neutral,-0.11136334,0.06668362,0.42926002,-0.13641302,0.14496517,0.03990116,-0.23710586,0.23535268,-0.054573517,0.07032189,0.15330857,-0.17637125,0.1980332,0.13246112,0.20310518,-0.21574561,-0.019925235,-0.36982092,-0.13129136,-0.13645221,0.19504605,0.25419945,0.33764118,0.010914677,0.18179616,-0.099351756,0.09716469,-0.058340255,0.144757,-0.026648173,-0.24797162,0.24616002,-0.13755207,0.10106252,0.22745124,-0.005176166,-0.02495106,0.14441317,-0.18007773,0.009892371,-0.24679022,-0.21742736,-0.11024139,-0.21262394,0.16607568,0.0420817,0.3543119,-0.06835726,0.10190068,-0.23318331,-0.34586835,0.4386164,0.08370408,0.48365128,-0.33731458,-1.4501845,-0.19911395,-0.406267,0.837073,-0.1000336,-0.064475454,0.28998867,-0.22825348,-0.34731963,0.30741727,0.08514876,-0.17590962,0.011136431,0.22405678,0.03160939,-0.07055311,-0.124298215,0.20845057,-0.42331642,0.08762087,-0.14807992,0.02951948,0.11399104,-0.49777853,0.04929925,0.58691,-0.08897517,-0.30607778,0.08228551,-0.5852975,0.07174829,-0.027203128,-0.09785885,0.19907787,0.012759271,-0.1652293,0.08185748,-0.09335181,0.0063160155,-0.2942863,0.2912847,-0.23260157,-0.06514611,0.32864916,-0.012889622
324,neutral,-0.27531195,-0.13135414,-0.06504942,-0.32296297,0.06400931,0.20248695,0.37302536,0.049731966,0.15020047,0.24196751,-0.17400458,-0.09803617,0.10786675,-0.36719465,-0.16386539,-0.07666795,0.22867593,-0.15496968,0.18173818,0.13891155,-0.22664323,-0.05593344,-0.098682344,-0.32823193,0.20241022,-0.21979003,0.14280802,0.17078939,0.16276614,-0.12997794,-0.05061261,0.11345129,-0.050765224,0.2301316,0.17282782,0.025175141,-0.093317896,0.0078005753,0.104624875,-0.08382504,-0.43975195,-0.14050266,-0.20198636,0.13262323,-0.34793863,-0.27331984,-0.2636158,-0.3518589,-0.055272132,-0.0955247,0.27867988,0.15155344,0.08124644,0.30902636,-0.14783183,-1.4112059,0.24068889,0.012642553,0.8610788,0.3197432,0.024175717,0.15266068,-0.00902035,0.15509124,0.6463604,-0.32904533,-0.050968233,0.12132996,0.08371904,-0.066790216,0.2710326,-0.04159687,0.1879041,0.072032325,-0.38608253,0.03359948,0.06921391,-0.015228341,-0.39833832,-0.20660512,0.1532008,-0.07295947,0.2378583,0.21065947,-0.6161618,-0.18940729,-0.010973378,0.22753254,0.017446976,-0.35564843,-0.07296454,0.4499308,-0.306958,0.6252995,-0.01721561,-0.15977193,-0.009361665,-0.14557049,0.20857775,0.5034555
325,neutral,-0.0138421105,0.2433068,0.2590926,-0.37675428,0.15742627,-0.06397686,0.25188312,-0.0641273,-0.42165512,-0.30178148,0.2316962,0.17058837,-0.08321329,0.07181757,-0.16272865,-0.12636125,0.052539818,-0.102742545,-0.5088711,0.10283928,0.109770514,0.18484144,0.30184302,0.46517295,0.008384694,0.10042157,-0.170591,-0.4800781,0.32198238,-0.101577155,-0.31746072,0.120893106,0.0884382,0.13708484,0.20624301,0.24605599,0.11680559,0.33061358,-0.25634167,0.060015,-0.150296,-0.0031147627,0.26734015,0.14928097,-0.13942133,-0.095253415,-0.2001023,-0.38250136,0.24972166,-0.13654359,0.10459919,-0.18997744,-0.33306748,0.26576972,-0.26050928,-1.9075155,-0.2990578,0.19047353,0.5149123,0.56575817,0.047568664,0.7085928,-0.21948373,0.42783743,0.29731855,-0.11909534,0.42048734,0.43634933,0.098087296,0.006716386,0.004067412,-0.018362405,-0.1792016,-0.19365986,0.24203174,-0.07015353,-0.09011441,-0.2361081,-0.26227635,-0.24310257,0.35845912,0.073800765,-0.41626817,0.11847849,-0.7063786,-0.22338818,-0.23646176,0.14201632,-0.076098435,-0.19312367,-0.12501559,0.1550466,0.1662512,0.2908988,-0.13539498,-0.039229263,-0.11075931,-0.20160878,0.0955262,0.13699211
326,negative,-0.31485167,-0.005401013,0.38106388,-0.3557699,-0.052194092,0.15871105,-0.17220564,0.22228156,-0.031775467,0.38880894,0.106461406,-0.09912623,0.40970364,-0.104886234,0.014863686,-0.04663185,0.3372138,-0.106748156,-0.36761042,0.053019524,0.64339393,-0.24203986,-0.056133978,-0.096256316,0.024773337,0.45472533,-0.30351388,-0.21504515,0.25750127,0.023309212,-0.006324373,0.08574486,-0.25579488,-0.10497229,0.054902535,-0.22893961,-0.17315346,0.25349396,0.43702865,0.21675016,-0.446132,-0.07128883,0.12504593,0.109535754,0.13549179,-0.07078234,-0.04844701,0.26132318,-0.25844264,-0.48374066,-0.12667379,0.15999144,0.038408246,1.0395857,0.22059672,-1.5621897,-0.29311478,-0.040633738,1.4864326,0.32933882,0.53688776,0.58702976,0.12822972,0.06803968,0.46687755,0.19950855,0.09950814,-0.09938085,-0.2935944,0.19243701,0.26060703,-0.40333307,-0.039406,-0.3476632,0.24597596,0.040146194,0.39679185,0.1913083,-0.47033975,0.060846828,0.76030815,0.14943004,-0.33902037,0.17213146,-0.6829264,-0.13010976,0.2959346,0.01529395,0.06276037,-0.161833,0.10697542,-0.32153237,0.08767726,-0.051515143,-0.47986206,0.12778507,-0.08800669,-0.065258466,0.50199753,-0.20465863
327,negative,-0.13692822,0.2554164,0.20758227,0.07105579,-0.09134507,-0.09267864,-0.22100411,-0.094200686,0.18240622,0.19263597,-0.098507404,0.0146432975,0.30887055,0.013156393,-0.089101896,-0.0865827,-0.15594451,-0.12481947,-0.31148028,0.05181608,0.27747452,-0.08168004,0.17094094,-0.10971847,0.026265094,-0.12833911,-0.18288037,-0.10923533,0.15228575,-0.068748415,0.25051728,0.14783166,-0.15250704,-0.01957881,-0.09598025,-0.032387175,0.0719496,0.06788153,0.021948766,-0.015135065,-0.4532543,-0.026434759,0.18845254,-0.16381419,0.06636639,-0.13398565,0.31950313,-0.0950299,-0.16912602,-0.59304965,0.19235021,-0.044095606,0.13613558,0.94168043,0.15672153,-1.6983328,0.14070623,-0.28044352,1.1508728,0.33179682,0.024398854,0.39896938,-0.11302179,-0.18692009,0.68375593,0.051076006,0.17869012,0.022902276,0.035012834,-1.7826875e-05,0.20495343,-0.2572193,-0.17937659,-0.07261566,0.16551809,-0.039154653,-0.058173943,0.007276039,-0.67832655,0.13931997,0.5389821,0.10017126,-0.15881334,0.1249216,-0.99521464,-0.046293736,-0.121696174,0.0052566594,-0.1487849,-0.37656924,-0.036575284,0.030355357,-0.0642575,-0.015562626,-0.34004524,0.06990889,0.0101714535,-0.13950412,0.37647554,0.16909444
328,neutral,-0.08971384,-0.10408294,0.22426884,-0.22166976,0.07231194,0.29338965,-0.11848488,0.18084265,-0.122234605,-0.02854387,0.35243937,-0.03848059,-0.023679897,0.022980304,0.15489982,-0.17567746,-0.13644913,-0.17172985,-0.020767577,0.16147445,0.17962259,-0.005882414,0.014177044,-0.13668185,0.059822075,-0.1570133,0.17545253,-0.02890523,0.32048973,0.21624763,0.062735654,0.27776638,-0.10122543,0.35938537,0.06763872,0.044064075,-0.003347537,0.028688435,0.29887038,-0.21314704,0.110819824,0.005412759,0.026442029,-0.07315123,-0.2046129,-0.19575873,0.35248938,-0.28796014,-0.012872007,-0.42803696,-0.04356421,0.10356134,0.121506944,0.41938037,-0.06248368,-1.4724973,-0.055503562,-0.1299778,0.90189046,0.26279023,0.16180137,0.52833235,-0.24692407,-0.12354412,0.42745075,-0.0891396,-0.045972206,-0.08718842,0.033307258,0.15047836,-0.07716519,-0.13205287,0.16263251,-0.30861655,0.12275333,0.11502423,0.22097032,-0.041853953,-0.3957179,-0.23453285,0.23643808,-0.33902806,-0.11425405,-0.12246981,-0.7143511,0.015131227,0.121389404,0.13992146,0.007766542,0.070858575,-0.030635994,0.106739886,-0.3479359,-0.060179453,-0.17781141,0.13464153,-0.23453173,-0.06257578,0.31400642,0.17577577
329,negative,-0.028287213,0.20428622,0.299002,-0.13867497,-0.21442142,0.035606917,-0.2523362,0.20802356,4.6593897e-05,-0.109930016,-0.14245045,0.19201781,0.14862841,0.09550361,0.16087161,-0.13839506,-0.14884555,0.1630221,-0.31646404,0.20289224,0.26816446,-0.15711346,-0.19630049,0.10467196,0.083284885,0.22387731,-0.27248812,-0.19680221,0.26684397,-0.15228571,-0.03892451,0.2003198,-0.078244224,0.01594872,-0.23244219,0.054160636,0.16660886,-0.14220543,0.033783495,-0.16769353,-0.41677043,0.03762446,0.11342157,-0.20240939,-0.0692456,-0.10098864,0.300062,-0.10965821,-0.17887388,-0.7392753,0.16042554,-0.12513478,0.008429896,0.8962564,0.020576447,-1.7878424,0.093486466,-0.20824139,1.1075091,0.30196694,0.0071258275,0.56210536,-0.15879726,-0.19960295,0.6814929,0.2512036,0.093963705,0.08396485,-0.07850531,-0.2824207,0.025368288,-0.35697442,-0.18473363,-0.21924734,0.1247552,-0.05477009,-0.19876386,-0.038567785,-0.56947505,-0.17657427,0.6068813,-0.16130973,-0.28427398,0.09575857,-1.193035,-0.08231535,0.1552525,-0.18815053,-0.11862089,-0.1540116,0.05637888,0.03900244,-0.057069782,0.0004717614,-0.39596483,-0.013683972,0.23569047,-0.09121068,0.2904312,0.014896663
330,neutral,0.079075925,0.015881931,0.051744808,-0.29820406,-0.05469678,0.001230832,-0.13599062,0.03301217,0.10369918,-0.05730319,0.09464336,-0.2868542,0.2218978,-0.04665108,-0.07212519,-0.1468019,0.21726242,0.07561622,-0.21470219,0.20153898,-0.088749364,-0.18247774,0.015182269,0.15540092,0.18232842,-0.21513207,0.079503864,-0.21187603,0.30354947,0.103510424,0.086501144,0.43526015,-0.11585434,-0.14886779,-0.036981855,0.1385924,-0.01879404,-0.16605875,0.08236879,-0.16665481,-0.30234095,0.035087634,0.059396382,-0.31385416,-0.04449929,-0.11187534,-0.05451654,-0.17185643,0.028630152,-0.40933108,0.21323037,-0.12961207,-0.017323414,0.5133168,-0.15633607,-1.4391178,0.12800056,-0.35145512,0.90646064,0.2181039,-0.040389266,0.1446208,-0.314852,-0.36277878,0.5106034,0.1433013,0.0130782,0.4272146,0.010047908,0.11958164,0.15141971,0.113380164,-0.2840814,-0.29621494,0.0012865423,-0.05603978,-0.16708593,0.008316936,-0.6835295,0.01987416,0.3428379,-0.19941434,-0.070656404,-0.14219154,-0.47053915,-0.19943526,0.02163757,0.13855164,0.025126265,-0.08041872,-0.06787289,-0.010787991,0.1499541,0.115110375,-0.12505485,0.1161137,0.091278695,0.15378754,0.28187734,0.016874323
331,negative,-0.09532553,0.22768618,0.31034598,-0.115869,0.07190184,0.02450143,-0.19591503,0.16441983,0.2058193,-0.11772558,0.10170666,0.025822446,0.28732064,-0.09943146,0.09316224,-0.25705132,0.041684404,0.1441894,-0.10844374,0.14625873,-0.026039524,0.027965866,0.09722065,-0.22252971,0.09430318,-0.12986518,-0.09740201,-0.10900054,0.012167321,-0.21362306,0.06173692,0.35335097,-0.0639644,-0.15171458,0.05138479,0.2442787,0.0050094216,0.038276806,-0.0638939,-0.005582721,-0.26447916,-0.2282891,0.029756099,-0.039737757,0.04859682,-0.093316875,0.24657616,-0.29203624,-0.044883486,-0.62012535,0.3452022,0.0057649477,0.0117533235,0.7546528,-0.093622245,-1.6439767,-0.0037781268,-0.14801985,1.6092042,0.34103253,-0.18469597,0.30449668,-0.06549718,-0.12503858,0.645595,0.16983159,0.29028788,-0.09745032,0.46400797,-0.07836572,0.026997244,-0.2909328,0.017885963,-0.2234772,0.3469466,0.13068984,0.09431577,-0.109516755,-0.4554287,-0.014480271,0.52649206,-0.05669138,-0.2683724,0.0040016402,-1.205182,-0.00962976,0.083907895,-0.12019421,-0.044066016,-0.13658331,-0.10328436,0.11254863,-0.09787517,-0.17600293,-0.3830948,-0.02850239,0.040259197,-0.08005474,0.48005486,0.22425215
332,negative,-0.08272839,0.041410934,0.33886945,-0.20033723,-0.1541197,-0.08051404,-0.052599087,0.13714567,0.0042173015,0.13886623,0.17957489,-0.025415445,0.11865438,0.064809516,-0.08281766,-0.06455661,0.17740422,0.14747503,-0.26532564,0.1521745,0.29160097,0.02909976,0.07180946,-0.21414492,-0.088915095,-0.037319727,-0.14814249,-0.22957566,0.030082379,-0.08622541,-0.16786689,0.2666617,0.021700205,0.058861896,0.14477609,0.22267003,-0.1077547,-0.057958603,0.055183437,-0.12916367,-0.14213021,-0.089562155,0.02047306,-0.17785515,0.077065356,-0.20008858,0.055948656,-0.23790926,-0.032647092,-0.68235934,0.23972738,-0.08697155,-0.04392611,0.7368701,-0.026074437,-1.6539397,0.040683925,0.05775943,1.2122699,0.3941016,-0.094014004,0.46436974,-0.09609662,-0.079612,0.5374212,-0.015540048,0.26112506,0.34792718,-0.03620825,0.14302413,0.1527219,-0.3398536,-0.1416889,-0.2892237,0.10978023,0.081358016,-0.060513612,0.06463913,-0.5030675,0.035624053,0.37317955,0.03319883,-0.30454323,-0.03106684,-1.0394418,-0.1101786,0.1249426,0.061059743,-0.13791412,-0.19802676,-0.091107205,-0.12762164,-0.2366661,0.051973257,-0.296043,0.05593734,-0.058814615,-0.015394011,0.31867063,0.13659182
333,neutral,-0.09684383,-0.008421989,0.24717371,0.21609232,-0.3912284,-0.10719498,-0.21689792,0.3584182,0.118966416,-0.099699385,-0.071000345,0.35896555,0.295939,-0.14296907,0.14779596,-0.7414438,0.4520552,0.57906216,-0.34048185,0.1576919,0.16912526,-0.13535877,-0.29231417,-0.030157095,0.0027023095,0.34824902,-0.3455482,-0.10933316,0.3229323,-0.37118778,0.13459858,0.16502349,-0.029338075,0.047309063,0.015619563,0.3593152,0.07617363,-0.08933079,-0.13972251,-0.31336898,-0.49343368,0.13625728,0.09947924,-0.26665273,-0.052482992,-0.1217094,-0.289876,-0.2489238,-0.035293136,-0.6139699,0.10407169,-0.22908705,0.21766737,0.7117281,-0.18807091,-1.6641113,0.1864443,-0.02960224,1.3539032,0.2050298,0.02088117,0.46963778,-0.24493143,-0.4360653,0.4698313,0.16125011,0.2453432,0.5492352,-0.45078465,-0.17890465,0.123247646,-0.20961536,-0.41322416,-0.34473318,-0.050406847,-0.0013224988,-0.1776642,-0.021574486,-0.56024045,0.10460511,0.6310447,-0.24329762,-0.04140713,-0.054958787,-0.7580659,-0.18303967,0.06788878,-0.04178728,0.39715046,-0.18164945,-0.1215696,0.09641235,-0.01302147,-0.23312873,-0.42251274,-0.08762886,0.11561737,0.13470371,0.16845319,-0.31906757
334,negative,-0.21230316,0.1797014,-0.0047281873,0.035536986,0.18382427,-0.06667519,-0.07238686,-0.03243652,0.40914884,0.40902627,-0.008602585,-0.1919005,0.16873142,-0.16141644,-0.04515599,-0.18340267,0.0979793,-0.23246501,-0.51332366,0.16681762,0.22579773,-0.087584764,0.13086732,0.17641054,0.20917279,-0.45731708,-0.18099397,-0.20893854,0.33219343,0.08170635,0.03213724,0.2760881,-0.18619551,0.15186068,0.07875922,0.07105503,0.29456005,0.010213655,-0.29633164,-0.08633767,-0.4378185,-0.07548734,0.13381973,-0.14425752,0.17497429,-0.19965158,0.12872012,-0.05388711,-0.15128566,-0.24410632,0.104778126,0.35891587,0.04832417,0.92759085,-0.20948501,-1.597109,-0.00051994453,0.0009938247,1.434629,0.29379302,-0.18955468,0.02259236,0.11446959,-0.33117193,0.7536743,0.2679046,-0.17073062,-0.026950613,0.24881728,-0.04167275,0.48714733,-0.12236874,-0.23875892,-0.5387212,0.09205235,-0.08647409,0.05397338,0.15191375,-0.87308,0.13621505,0.51470184,-0.029074525,-0.24025711,0.20635569,-0.568444,0.19165571,0.13846524,-0.05822489,0.055042878,-0.20665039,0.0019046165,0.12863627,0.19384904,0.012471994,-0.19377208,-0.005123788,-0.15841873,-0.3997945,0.58930814,0.26734015
335,negative,0.009478884,0.2645672,0.3348876,-0.21352719,0.065048665,0.07032684,-0.17593516,0.012981889,-0.13862546,0.04878884,-0.04582043,0.12228645,0.11689988,-0.08491468,-0.009055029,-0.2348907,0.066789515,0.14210808,-0.23519337,0.11041644,0.2563807,0.052643888,0.052305974,-0.13235134,-0.02237484,-0.018953912,-0.15153448,-0.34192285,0.10684552,-0.24098368,0.08159608,0.32226357,0.11248243,0.011402051,0.019754754,0.07392198,-0.017047094,-0.0018435502,-0.027953006,-0.006386225,-0.34579194,-0.31217736,0.11435294,-0.21482867,-0.033739526,-0.19926941,0.2683811,-0.13832158,-0.19558327,-0.5837443,0.06388917,-0.010002698,0.07512159,0.6800053,-0.13653368,-1.8837658,0.045782298,-0.059974708,1.2471875,0.29376134,-0.2491972,0.570269,-0.1649836,0.0640213,0.4900691,0.0018173434,0.08367572,0.11926034,-0.026714796,-0.092671126,0.036934897,-0.2016495,-0.14710388,-0.22317816,0.15020855,0.065984406,0.027379312,0.044130616,-0.58477396,0.09487802,0.27756798,-0.05888499,-0.14821926,0.027014377,-0.8022547,-0.27081198,0.014593554,0.038323075,0.051751364,-0.2605846,-0.030580236,-0.17954776,-0.024796002,0.009621183,-0.5226306,-0.03471654,-0.11192894,-0.08519187,0.3857169,0.1040658
336,negative,-0.06813828,-0.006452619,0.092575654,-0.028778873,-0.09403278,0.16381055,-0.09329971,0.12557544,0.20912613,0.2753049,-0.09307175,0.054865215,0.36055318,0.16088668,0.12825625,-0.21898332,-0.008029636,-0.31165728,-1.0104461,0.078444116,0.45111454,-0.2783526,0.20181511,0.25031072,-0.3637873,0.06979616,0.044718325,-0.20436087,-0.08417249,0.19305263,-0.006483053,0.24591196,-0.2230025,0.15491395,-0.3522484,0.026566155,-0.24366343,0.3723658,-0.2538564,0.06811972,-0.56369704,-0.063913204,0.18028945,-0.13344358,0.3971186,-0.09421816,-0.07434112,-0.21336046,-0.31865445,-0.74309003,0.3121412,-0.23142245,0.08933602,1.2158891,-0.21404074,-1.99978,-0.2971196,-0.0548736,1.8383378,0.6992406,-0.22895442,0.36945683,0.058454756,-0.27013296,0.40104055,0.37149552,-0.049626224,0.43536445,0.40850216,0.052754473,-0.014996985,-0.52307785,-0.26199493,-0.3897313,0.0771144,0.24021672,-0.0812441,0.3255128,-1.2474256,0.030417737,0.76556623,-0.014636704,-0.30533847,-0.0011867975,-1.126372,-0.28689584,0.14671347,0.3351135,-0.2775189,-0.21455283,0.808039,-0.27070192,-0.10531879,0.3168151,-0.7994457,0.46290487,-0.044755124,-0.14609158,0.3887227,-0.36790836
337,neutral,-0.06176254,0.060483295,0.27743188,-0.01804396,-0.09781168,-0.098327495,0.06957658,0.13268584,-0.10435546,-0.10654001,-0.0129655935,-0.0059544677,0.21379824,-0.02163542,0.04110024,-0.10636543,0.07277033,-0.19288851,-0.32349154,0.0888975,0.06437385,-0.024077918,0.049201917,-0.1363768,0.060246952,0.25210148,-0.18673468,-0.29915407,0.2747368,-0.1372412,-0.04818686,0.24297047,-0.11979357,-0.044615384,0.08233982,0.27975035,0.12495766,0.039166685,-0.24379541,-0.19399981,-0.3249947,0.04420734,0.30537567,-0.25495625,-0.15784413,-0.10630411,0.03170091,-0.19359547,-0.009989631,-0.65446097,0.012744382,0.06124725,-0.03233347,0.7727708,-0.118244715,-1.6623176,-0.042147838,-0.24758525,1.2255994,0.1761225,-0.10600346,0.23184517,-0.195786,-0.3296309,0.7403485,-0.04847097,0.28090513,0.30181712,-0.13981,-0.29039368,0.14500213,-0.2984289,-0.3520853,-0.4229384,0.102839835,0.102538384,-0.30621812,-0.031381957,-0.6082004,-0.089476325,0.42148325,-0.069834836,0.006913378,0.1291635,-0.9396587,0.1239665,0.11470536,0.2052577,0.0546181,-0.30031213,-0.0794703,-0.008177942,-0.3863024,0.2721166,-0.46308962,0.029454574,-0.023922624,-0.10263219,0.46787348,0.22741021
338,negative,-0.15639856,0.19463246,0.3127482,-0.21701843,-0.16695333,0.091511466,-0.1040457,0.13544667,0.10516008,0.119286604,0.086498454,-0.037310064,0.13272305,0.0042137015,-0.11299455,-0.28464925,0.073321044,0.108914554,-0.36815542,0.054523733,0.2713186,0.13297081,0.22150297,-0.23643565,0.057336193,0.035266597,-0.3890875,-0.22785059,0.22831309,-0.14127243,0.018773982,0.35712075,-0.07639307,0.0007630129,0.07695628,0.1417979,0.1686568,-0.008611225,0.049696214,-0.1006933,-0.45902187,-0.16463141,0.031564686,-0.18640423,0.11136247,-0.17338106,0.16563551,-0.07902098,-0.29778954,-0.5661114,0.16029887,0.060383387,0.0799748,0.70738876,-0.081226915,-1.5528185,0.031010026,-0.22518003,1.2642913,0.29825607,-0.1040176,0.317619,-0.30276152,-0.027248241,0.39066058,0.12970887,0.17299977,0.3023033,-0.07991219,-0.10628313,0.18459794,-0.33832362,0.05022118,-0.13445961,0.08955688,0.012905516,-0.15115538,-0.012456928,-0.49903473,0.0013434401,0.43377966,-0.19589894,-0.28753957,0.22346574,-0.903754,-0.14640394,0.18442565,0.13560025,0.046725623,-0.2384573,-0.13783753,-0.10292273,0.004368497,-0.18238111,-0.32096452,0.16372944,-0.19236973,-0.20644909,0.26285404,0.19931626
339,negative,-0.024255112,0.2541064,0.36019915,-0.4198216,-0.16497773,0.20595579,-0.101807736,-0.0064118113,0.085989505,-0.058296133,0.1113607,0.07187595,0.10163553,-0.085992076,0.014919014,0.020492453,0.0077861072,0.19528814,-0.22182268,0.20225382,0.31960604,0.08544475,-0.03249697,-0.26231188,0.0026923274,0.06151592,-0.22695057,-0.17858614,0.38052395,-0.16146733,0.013921397,0.2524021,0.18825667,-0.0048656166,-0.01436413,0.13883474,-0.09027857,0.09056265,0.040649086,-0.24866137,-0.14707184,-0.2578984,-0.041977815,-0.28184617,-0.26444846,-0.11231847,0.13974774,-0.1883057,-0.08776103,-0.66044325,-0.09538,-0.04052771,0.15146162,0.6656225,-0.2001765,-1.6529366,0.10943942,0.14155921,1.1597812,0.1856985,-0.04752455,0.5834648,-0.39244393,-0.05709407,0.6869923,0.2273349,0.23223591,0.03188729,0.013012639,-0.2397932,0.1794084,-0.09167533,-0.30082476,-0.25412902,-0.037371777,0.10630708,-0.13680276,-0.03852863,-0.37274158,0.05524483,0.42985338,-0.060574304,-0.29441527,0.03255788,-0.95882404,-0.13080697,0.06362777,0.07139243,-0.10070069,-0.20389208,0.015617006,-0.18618102,-0.111442044,-0.026097046,-0.22029541,-0.21635777,-0.018783312,0.08871771,0.17600499,0.28038716
340,negative,-0.07587048,0.06731808,0.2745172,-0.39795077,-0.21346764,0.18078092,-0.17757228,0.044859327,0.071895994,-0.12336489,-0.11455991,-0.031824477,0.2485678,0.16002,-0.017742768,0.1710652,0.025895057,0.14789802,-0.256902,0.18171221,0.10476789,0.014124473,-0.11968933,-0.1845192,0.023667159,0.21840267,-0.15464322,-0.14198135,0.33313453,-0.16706087,0.029698245,0.267442,0.06482298,-0.016602969,0.03522382,0.118211955,-0.019190948,-0.0036824206,0.14274372,-0.24437587,-0.12074282,0.015764331,0.16242231,-0.30871558,-0.06740181,-0.043952383,-0.042666987,-0.14034362,-0.1380143,-0.5573403,0.043264087,0.07636768,0.08144662,0.5850967,-0.071992524,-1.3847055,0.09596727,0.10467283,0.87118864,0.27060783,0.12051998,0.41134724,-0.2145825,-0.13869888,0.5192423,0.08017382,0.26581883,0.23539612,-0.15350369,-0.13672355,0.079295844,-0.24875137,-0.2657792,-0.26195365,-0.049224276,0.15574366,-0.039972197,0.06046576,-0.40530068,0.12581238,0.3443843,-0.14445464,-0.28782243,0.1721,-0.9365371,0.027995227,0.05512463,0.15999298,-0.12630036,-0.18750136,-0.08367876,-0.12594219,-0.12921314,0.16408895,-0.1915648,-0.14584643,0.035679378,-0.08591398,0.08885039,0.13591968
341,neutral,-0.19690739,0.27483463,0.29336497,-0.07393463,-0.3192232,-0.2623106,-0.02549569,0.056270454,-0.18394883,0.32044485,0.1110268,0.03487668,-0.021750532,0.019720934,0.07181249,-0.15280977,-0.1049172,0.10349213,-0.14909191,-0.17534317,0.22967732,-0.2972735,-0.061286237,0.06622453,0.25411454,0.010187731,-0.27967903,-0.101037726,-0.050211277,-0.029074436,0.012962981,0.13466957,-0.18690526,-0.07115529,0.14593962,-0.002979179,0.19116361,-0.049733836,-0.07942065,0.02943944,-0.3180439,-0.17402147,0.052422073,-0.25530636,0.38573042,0.008899382,0.3236018,-0.23295161,-0.33449283,-0.6261597,0.061908443,0.004766154,-0.04960671,0.8956082,0.19510657,-1.671971,0.1743889,-0.24497753,1.2288066,0.5083341,0.02113574,0.5429658,-0.024071438,0.20605959,0.4477627,0.20705825,0.1359671,-0.046694446,-0.047223862,-0.2088061,0.29264924,-0.33475146,0.034272157,-0.04322305,0.027428206,-0.016895473,-0.041918326,-0.011347606,-0.65072846,0.15305701,0.56484735,0.05642986,-0.37073886,-0.004958493,-0.8048552,-0.04721507,0.2512431,0.07566994,-0.02087237,-0.027240152,-0.066903375,0.17952669,-0.22013056,-0.09354629,-0.27162907,0.06525888,0.069224425,-0.070035145,0.32322094,0.07557667
342,negative,-0.13236167,0.061713617,0.23059398,0.19052891,0.028821988,0.05639972,0.01928474,0.17584151,0.0068401997,0.43864658,-0.07191771,-0.07386642,0.28101867,0.11407885,0.047189306,-0.13961165,-0.061824687,-0.17466918,-0.5450357,-0.056866657,0.45418411,-0.11519098,0.22325611,0.05604529,0.14227536,-0.19969648,-0.043887183,-0.19942634,0.39861372,0.09062241,-0.3677865,-0.037370842,0.10947359,-0.0054248255,0.004126955,-0.008938691,0.007840554,-0.08734942,-0.04199342,0.1255979,-0.42870387,-0.06131909,0.2640098,-0.033598963,0.35339752,-0.062829696,0.21030292,-0.021837784,-0.051562447,-0.47591117,0.021205852,0.051050447,0.080917254,0.9001244,-0.25483486,-1.9078318,-0.26416945,-0.15025534,1.5579098,0.44889992,-0.17341377,0.52501225,0.040102866,-0.2672678,0.54520154,0.09439573,-0.080792725,0.096538775,-0.3518005,-0.07614477,0.14739235,-0.40990907,-0.40252736,-0.40956607,0.042992853,0.21368119,0.069760226,-0.00010420409,-0.73549455,0.04419187,0.5437035,0.1779451,-0.350218,0.12718695,-0.7313268,-0.03858998,0.084721215,-0.06828885,0.25269917,-0.10513978,0.05393989,0.062154487,-0.21277006,0.24017142,-0.62716895,0.30024758,0.19433251,0.2514118,0.42343464,0.14884856
343,negative,-0.020812621,0.21784438,0.13429345,-0.21439287,-0.0082393205,0.20893249,-0.0678978,0.19708063,-0.10031023,0.23608199,0.033549473,-0.0407689,0.228584,0.3076849,-0.032512333,-0.15177324,0.1320002,0.029389454,-0.4412385,0.23425731,0.3567232,-0.25330475,0.1072517,0.00468744,-0.020751417,0.01417344,-0.2643154,-0.29776978,0.16811875,0.08240232,-0.13495657,0.3852802,-0.05613774,0.014184051,0.124056146,0.055123523,-0.17179076,0.12191005,0.26143742,0.03638826,-0.32350233,0.027164916,-0.11419739,-0.22720231,0.2445235,-0.06272055,-0.089527555,-0.17546166,-0.14533001,-0.4801578,-0.11646518,-0.06145363,-0.11076652,0.8182538,-0.10713132,-1.7186083,-0.17759605,-0.14791034,1.3950225,0.39210802,-0.0056687137,0.44964746,0.028768979,-0.10400299,0.5003511,0.010120907,0.17323671,0.19638309,0.024769273,0.0826872,-0.030957837,-0.25798568,-0.22491568,-0.25921276,0.10560795,0.21896537,0.041700613,-0.023723684,-0.5493444,-0.13195719,0.60399055,0.040148407,-0.30376124,-0.124635965,-0.99708503,-0.20703314,0.13891457,-0.054680273,-0.055271942,-0.12467155,0.0073719844,-0.107255995,0.008877665,-0.16143626,-0.4477393,0.07816132,-0.101860605,-0.1820048,0.19302078,-0.001535543
344,negative,0.15092045,0.0638366,0.23852973,-0.13212632,0.07777288,-0.43028632,-0.24937452,0.4048049,-0.0490306,-0.020497192,0.10578136,-0.091178894,0.13986489,-0.03769729,-0.091816425,-0.13528459,-0.19428498,0.04266877,-0.09413322,-0.09921222,0.35638157,-0.022676898,0.2537439,0.17621475,0.19827512,0.064678684,-0.16004613,-0.18583645,0.3608152,-0.03350389,-0.22257355,0.11959828,-0.08267489,-0.09807997,0.050709575,0.2178912,0.13494621,0.1780688,-0.0491599,-0.064302035,-0.22881262,-0.09572307,-0.16446096,-0.03761377,0.078424536,0.058999166,0.17351678,-0.1589107,-0.1472054,-0.7499815,-0.08137978,0.32633966,-0.02907179,0.8112417,-0.14459011,-1.72037,-0.22434147,-0.25865728,1.3038031,0.28227776,-0.10124818,0.33303562,0.04818173,-0.12683484,0.3685798,0.27259454,-0.07499723,0.11706594,-0.0007116003,-0.15058805,0.19175857,-0.27853274,-0.114206,-0.21316946,0.014202065,0.05844854,0.15185261,-0.06386739,-0.5080441,0.2827657,0.5261933,-0.15911554,-0.43206418,0.28797048,-0.8583295,-0.16921084,0.26556823,0.03945204,0.21952073,-0.2098033,-0.018220112,-0.051922835,-0.18413217,-0.2149667,-0.4438549,0.14841288,-0.02782119,-0.0957244,0.525569,0.005502098
345,neutral,-0.108357504,0.38141268,-0.15494028,0.23537338,0.019305576,-0.35068488,-0.111414105,0.023924997,-0.15594937,0.2641625,-0.15353285,-0.44721043,-0.021114714,-0.12974855,0.076354496,-0.25709286,0.37686002,-0.028853744,-0.44417554,-0.036764372,0.08533572,0.12097949,0.31589988,0.05353681,0.4049946,0.29037702,0.029179921,-0.33346426,-0.011112877,0.20239091,-0.3908077,0.47588316,-0.37707302,-0.10341009,-0.053289756,0.16555867,0.43984693,0.0919081,-0.37265676,-0.12270103,-0.23882899,-0.40020177,-0.1776889,-0.03879965,0.26862454,-0.08350383,0.22990356,-0.103902444,0.0424831,-0.7373377,-0.15058409,0.23015593,-0.17895016,0.92032415,-0.009628898,-2.124137,-0.059421953,-0.2816581,1.7736653,0.1858769,-0.1415421,0.3333109,-0.24948438,-0.037520625,0.60477716,-0.048584506,-0.09668881,0.40224016,0.3920609,0.09589644,0.54010165,-0.33352047,-0.18189426,-0.419155,0.06359797,-0.22363573,-0.34078023,0.12871812,-0.6638997,-0.10613124,0.7967853,-0.09169054,-0.05229617,0.43210745,-0.89206594,0.08630179,-0.08089266,-0.075200036,0.33118632,0.000875149,-0.31937158,0.31984442,-0.102030255,-0.35307977,-0.46597576,0.15069221,0.15351766,-0.049427066,0.5818449,0.32499072
346,neutral,-0.33692068,-0.10754878,0.22941461,-0.29090124,0.10670194,-0.0843077,-0.2519867,0.29176328,-0.3283738,0.13012168,0.2950574,-0.33478892,-0.12838687,-0.13163042,0.32599655,-0.31001893,-0.18686597,-0.31725773,0.14405815,0.048641235,-0.021969246,-0.047592845,0.18319897,-0.15736541,0.17488708,-0.066366695,0.248327,0.15421274,0.20520528,0.42180502,0.110140905,0.51867956,-0.35028788,0.25959724,0.27540013,0.1788018,0.0368733,0.17639655,0.17013636,-0.25739607,0.08185669,-0.3038738,-0.19634774,-0.15047684,-0.14834546,0.01863786,0.41361368,-0.2850553,0.05599166,-0.5159856,-0.07823687,0.36544567,0.34438112,0.5839012,-0.0063149794,-1.4396156,-0.14490825,-0.28524813,1.2034878,0.062227037,0.2692483,0.28143072,-0.04564978,-0.27890784,0.5326911,0.13498159,-0.0076568737,-0.25120863,0.2218852,0.0791911,-0.12510133,-0.27577674,0.4426628,-0.116983786,0.06995706,-0.03689015,0.09488664,0.031085368,-0.36779562,-0.08297487,0.40208173,-0.4525129,-0.4248048,0.15974739,-0.7709082,0.17845893,0.4257077,-0.01779471,0.051276963,0.055765774,-0.32496524,0.28003344,-0.26558658,-0.046308167,-0.32221094,0.05517262,-0.21255475,-0.1420953,0.5233791,-0.07945994
347,neutral,0.00772336,0.3493473,0.3418964,0.041004814,0.36261806,-0.81534094,-0.29625925,0.008534644,0.06426175,-0.029305993,-0.16635413,0.11966843,0.058627874,-0.00618717,-0.06550487,-0.25252303,0.011987217,-0.08541062,-0.08936278,-0.19239283,0.26880735,-0.20178641,0.086582676,-0.1204774,-0.20975107,0.37246367,-0.2814076,-0.14231795,0.04997352,0.20804536,-0.20530336,-0.20856833,-0.20478486,-0.08303946,-0.00043597494,0.061192285,0.22533196,0.047670364,-0.12550503,0.031610683,-0.32940558,-0.49131975,0.14352736,-0.18906303,0.5110255,0.029035121,0.05380852,-0.121609315,-0.17469366,-0.48801032,0.2510017,0.43887997,0.0005088333,0.70051867,0.049980097,-1.6114389,0.07175417,-0.44991058,1.6460224,0.15889564,-0.1599527,-0.013408573,-0.17783706,-0.18190835,0.6830232,0.009395307,0.10536055,-0.1867071,0.34731886,-0.58013356,0.04159139,-0.33655486,-0.033291027,-0.13938823,0.31763047,-0.083315924,0.023924397,-0.1179423,-0.79816747,0.11796586,0.84010005,0.037372667,-0.47601807,0.30558354,-1.0696357,-0.19294396,0.39537194,-0.04453744,-0.17064807,-0.35542777,0.121839926,0.025170803,-0.17795569,-0.22091399,-0.46941927,0.15206401,0.28230676,0.07558746,0.43239412,0.06553709
348,negative,-0.015258176,0.30063704,0.17206459,-0.05792324,-0.08080549,0.04683914,-0.15364675,-0.009391355,0.04653123,0.17353565,-0.188815,-0.037652843,0.376327,0.041670065,-0.02362833,-0.20180495,0.11229022,-0.012922143,-0.4695979,0.2756176,0.18864575,-0.089817606,0.19526191,-0.07564331,-0.025504176,-0.11945635,-0.11763875,-0.47168377,-0.0022863597,0.14675622,-0.048053958,0.24341372,-0.037592843,0.10653154,-0.11703702,0.006627592,-0.07727784,0.16420636,0.048352912,-0.078492515,-0.46933508,-0.0086063575,0.14682914,-0.33854032,0.16663988,-0.103708796,0.114436656,-0.22326533,-0.15541354,-0.5557542,0.16236542,-0.13462466,0.07282068,0.912922,-0.032729454,-1.8592784,-0.15325812,-0.2804774,1.5079926,0.29278094,0.07158483,0.46497807,-0.106226414,-0.1839859,0.70840764,-0.046186406,0.15716444,0.06692252,0.14331342,0.13808611,0.053534124,-0.26245838,-0.17864989,-0.11421725,0.19622321,0.10697227,0.09237451,-0.02348008,-0.77039677,-0.043673627,0.4004792,0.2115544,-0.19662087,-0.041095838,-1.2496275,-0.22090623,-0.0063837115,0.014631145,-0.102597915,-0.48045743,0.14209318,-0.13879158,0.08299047,0.02353453,-0.4181873,0.25567976,0.08879641,-0.20740062,0.4278796,-0.07206751
349,neutral,-0.032199506,0.018746492,0.14692219,-0.16972807,0.009674894,-0.08290893,-0.33949545,-0.061552864,-0.061860535,-0.010957756,0.021588614,-0.029254328,0.03998808,0.03217316,-0.14966452,-0.072558224,0.22973183,0.29215696,-0.43539435,0.27866134,0.3758505,0.026237527,-0.276289,0.008062385,0.25993377,0.15914075,0.05226115,-0.12669906,0.17924714,0.09884555,-0.21406507,0.34324825,-0.03902729,0.051837023,-0.026925294,0.42232546,-0.07655535,-0.10501483,-0.17823184,-0.13452668,-0.14521419,0.1373777,0.11636359,-0.16182217,-0.027800862,-0.051873323,0.023994451,-0.10635378,0.24130023,-0.2520488,-0.2745734,0.087646276,0.19810282,0.5072912,0.04062702,-1.6789033,-0.011989766,0.019022977,0.83085024,0.15894814,-0.17835988,0.40950194,-0.41875803,-0.16470444,0.43090358,0.07343584,0.07337863,0.4481558,-0.07950618,-0.13564074,0.10208457,-0.039351314,-0.17677158,-0.23801976,-0.20264281,0.102166906,-0.21170832,0.14002004,-0.5352531,0.1597551,0.39397332,-0.29242003,-0.026190694,0.0061923675,-0.78062093,-0.09148625,-0.34937263,-0.21410891,0.25793493,-0.37038007,0.13466579,0.14331971,0.0059771896,-0.3067826,-0.3127142,-0.18963778,-0.107291006,-0.33554384,0.37665704,0.10901059
350,neutral,0.061561186,0.038669735,0.27575004,0.013816902,-0.042804774,-0.022118328,-0.29229805,-0.040523525,-0.1527504,0.30640596,-0.04145385,-0.103139415,0.4240192,0.035840645,-0.09453114,-0.0087466985,-0.450032,-0.022084368,-0.31607044,-0.408558,0.23946725,-0.05138063,0.077196576,-0.0808573,-0.012213554,-0.17760211,-0.10094064,-0.2914617,0.20954667,-0.22771494,0.13075002,0.07040706,-0.117515594,-0.078122064,-0.10311319,0.0965531,0.1123797,-0.26629966,-0.26225483,-0.2628448,-0.7336053,-0.20058201,0.32234776,-0.27487385,-0.037590563,-0.38095567,0.28082272,0.004682034,0.07261782,-0.46789548,0.1447526,-0.057922553,-0.114591405,1.1803352,0.24755828,-1.6838663,0.12518886,-0.12434537,1.1423608,0.1502538,-0.0837826,-0.02973024,-0.22757824,0.07476092,0.5923535,0.15070678,0.17332807,-0.19922616,-0.20641917,-0.09551974,0.3158967,-0.12435884,-0.30152428,-0.3213982,0.024263859,-0.16761753,-0.16300948,-0.025099492,-0.70046294,0.14747262,0.72535557,0.07287687,-0.20850609,0.07170762,-0.88743293,0.19119547,0.20204523,0.12978551,0.068013296,-0.5715826,-0.025321133,0.17629877,-0.42521602,0.2107035,-0.28304684,0.0043195607,0.16416891,-0.15026568,0.3762938,0.1759612
351,neutral,0.0045917984,0.10995881,0.1629387,-0.1280084,0.12945443,0.26644954,-0.21295545,0.0067220745,0.012807122,0.28899378,0.14682193,-0.011147158,0.09122158,0.098372035,0.32473725,-0.23099257,-0.29052454,-0.22321646,0.2379173,-0.015430453,-0.058456693,-0.022146467,0.006777994,-0.13994533,0.29787123,-0.20271988,0.064542204,0.17559084,0.0676408,0.15878619,-0.061952364,0.35926545,-0.1966013,0.118424416,0.1505899,0.079295106,-0.00037042005,0.056262672,0.16104461,-0.147842,0.018441109,-0.06386305,-0.4048015,0.020035611,-0.14472757,-0.080580704,0.18685558,-0.2580728,-0.10077471,-0.48249623,-0.2668,0.28482378,0.46032473,0.6748241,-0.209451,-1.0416389,0.0052167648,-0.10382228,0.7911708,0.021748854,0.24277382,0.3497924,-0.08999353,-0.40259305,0.42266324,0.0931085,0.21224913,-0.30629376,-0.028233564,-0.05890779,-0.16237682,-0.062475488,0.3323075,-0.2568281,0.17193244,-0.041536324,-0.07937744,-0.04968441,-0.31263188,-0.20470843,0.19642445,-0.5243991,-0.45511442,-0.110812984,-0.90457827,0.16675295,0.3033017,-0.066669546,-0.0071479105,0.0056612142,-0.14407858,0.17357206,-0.11362858,0.043475524,-0.16893488,-0.07253805,-0.19263063,-0.40129274,0.2506689,0.044411413
352,neutral,-0.034054875,0.18492553,0.3325078,0.01465132,-0.18818693,-0.10113952,-0.07366831,0.03725577,-0.044292632,0.21659237,0.18597573,0.275788,0.0792187,-0.071229875,-0.12946822,-0.31869742,0.16093738,-0.030365909,-0.44450065,-0.0872597,0.32433832,-0.004907425,0.1243141,-0.06401252,0.12170104,-0.009160495,-0.4136835,-0.18246657,0.08952839,-0.006643503,-0.089561634,0.108453564,-0.031720396,0.009553506,0.053624153,0.04047559,0.025802927,-0.03380733,0.05308256,0.06816016,-0.5674751,-0.3280683,0.0052130185,-0.24069367,0.31005302,-0.11950452,0.01782313,-0.19652458,-0.18052343,-0.47533914,0.25551805,0.13534933,0.21937175,0.8580162,-0.13620664,-1.5590729,0.04488099,-0.39031997,1.4775676,0.43131414,-0.2113613,0.29333952,-0.035235517,0.051445533,0.55321896,0.26079667,-0.09390105,0.24190052,-0.049232315,0.065967165,0.16677573,-0.10798091,0.08619188,-0.13250086,-0.06069724,0.08409033,0.006539183,0.069622464,-0.7164428,0.14074409,0.5506512,-0.18158628,-0.09463682,0.2280439,-0.66255426,-0.17350587,0.052808706,0.09281638,0.2354474,-0.22957224,-0.092183754,0.042812437,-0.15796153,-0.022860695,-0.15042943,0.16710751,-0.12557694,-0.027684232,0.4102967,0.15609972
353,neutral,-0.11809514,0.16211939,0.30498356,-0.21924768,0.045685027,-0.4333603,-0.03153966,0.21765922,-0.027951501,0.066244595,0.07414867,-0.19993722,0.17694621,0.024266476,-0.04589402,-0.16997668,-0.018204035,-0.10719624,-0.2299029,-0.0033643278,0.35108125,-0.16030169,0.16607755,0.05123791,0.080904774,0.17845634,-0.06427911,-0.13100094,0.18084455,0.055728327,-0.13366972,0.14362825,-0.1889827,-0.02986556,-0.040603943,0.14112857,0.12835965,0.055452734,0.10193191,-0.11749472,-0.11210883,-0.28060165,0.031385433,-0.20337956,0.09609953,0.11747188,-0.06795664,-0.1387749,-0.031822376,-0.6990343,-0.02637156,0.10896797,0.016669558,0.6786295,-0.19183986,-1.4519215,-0.19583009,-0.10181083,1.2847466,0.18717664,0.06475553,0.18503939,-0.20406494,-0.008706515,0.45664868,0.054226026,0.21937302,0.051614482,0.15222283,-0.049592823,0.08964213,-0.19489712,-0.06872294,-0.2071327,0.11432962,-0.066679046,0.07597437,-0.051960614,-0.51938266,0.114828706,0.63693655,0.023716688,-0.40391797,0.12843227,-0.65385145,-0.15227449,0.12415154,-0.02231071,0.053836018,-0.22489892,0.02379394,-0.006488495,-0.24836423,-0.11779053,-0.43701506,0.2015998,0.03420446,-0.13429971,0.4243905,-0.04979966
354,neutral,0.15228823,0.08866935,0.3719988,-0.16701734,-0.394389,0.09793942,0.01342038,-0.04394329,0.22245811,0.017983135,0.051436044,0.102403015,0.42316115,-0.075866975,-0.039461795,0.08646296,0.125182,0.106818005,-0.1647227,0.377362,0.18369247,0.2372955,-0.16598526,-0.48558867,0.09569645,0.41059783,-0.09862396,-0.27143455,0.03907396,0.011026997,0.09236987,0.36706525,0.12785222,0.018966317,0.034107678,0.27797908,-0.20989868,0.14922409,0.32825842,-0.36211264,0.0061628744,0.13229015,-0.0084408615,-0.46370587,-0.029216759,-0.04848786,-0.093245156,-0.123068616,-0.27802938,-0.53141403,-0.046125934,-0.13296048,0.023978313,0.6077728,-0.23881222,-1.188844,-0.049184524,0.19895259,0.60724425,0.23344883,0.02305127,0.48120457,-0.17613398,-0.16379167,0.6089303,0.031796996,0.20249924,0.11579452,-0.19832058,-0.13330975,0.03933733,-0.078274205,0.039763667,-0.022109985,0.2035599,0.18016784,0.001877527,-0.14524408,-0.20351927,0.08779928,0.33676776,-0.21358906,-0.15449363,0.075301446,-0.7899017,-0.047480956,-0.040235966,0.024259862,-0.22254649,-0.2205882,0.18178582,0.044598714,-0.032659315,-0.12000408,-0.24989694,-0.25336736,0.045699567,-0.2933114,0.20528705,0.10113328
355,neutral,-0.06946188,0.22274758,0.23337083,-0.016049942,0.0512282,0.02022636,-0.057086557,0.14115874,0.10530676,0.03347915,-0.14738363,-0.039028525,0.31036,-0.066998124,0.0100775175,-0.16019131,0.02661107,-0.12464074,-0.31793234,-0.012458701,0.3803029,-0.046918154,0.25539762,0.07230869,0.009110436,-0.10107954,0.00415373,-0.10313876,-0.04441363,-0.004598898,-0.014279057,0.17885037,-0.13168788,0.15620889,-0.022307707,-0.07750844,0.19640124,0.2425812,-0.10899866,0.038865585,-0.42357928,-0.1843797,0.18496405,-0.20664702,0.2846369,0.12796673,0.2208372,-0.11633727,-0.13305064,-0.46042174,-0.029416215,0.010780096,0.0047733276,0.66419613,-0.032339633,-1.8321906,-0.013171116,-0.36971056,1.4707808,0.43018997,-0.044107433,0.5396916,0.020073969,-0.016456628,0.6006687,0.1103731,0.002582945,0.057150032,0.40330204,0.000861982,0.09399603,-0.27415645,-0.19037327,-0.13871038,0.39353663,-0.022221027,-0.15914667,0.21477948,-0.6860033,0.118896775,0.5687225,-0.0046076756,-0.3660864,0.17305511,-0.8919391,0.10328916,0.06161467,-0.0013838314,-0.081140004,-0.19410321,0.16247131,-0.021105021,-0.16415875,-0.11665759,-0.47360802,0.25623754,-0.013411406,-0.09499999,0.4983055,-0.042884827
356,negative,-0.008986579,0.14575806,-0.051691554,-0.068210654,0.21360359,0.21496022,-0.22384319,-0.003083685,0.14114043,0.10135855,-0.044134997,-0.084612876,0.12063775,-0.04210031,-0.22694738,-0.097963974,0.3408991,-0.38227555,-0.31768346,0.103196576,0.34188285,0.1027205,-0.28795683,-0.024623979,0.012946651,-0.021047972,-0.046307728,-0.061656255,0.28653482,0.008854881,0.043737628,0.090286694,-0.16150776,-0.14515655,0.019032797,0.07203984,-0.05177172,-0.14858082,-0.11006858,-0.13978185,-0.4605505,-0.08486348,0.022612132,-0.15264557,0.08575255,-0.36465383,-0.10211413,-0.29787752,-0.016136821,-0.4133757,0.13498493,0.17870939,0.04631727,0.7375371,-0.09319395,-1.1881052,-0.017503414,-0.21393214,1.4273529,0.07431829,-0.101616815,0.09569082,-0.09603982,-0.21365407,0.550999,0.01915079,0.21166708,0.120959006,0.04152212,-0.035463084,0.20705879,-0.26800433,-0.24342853,-0.18974802,-0.028759332,0.10074212,-0.15223832,0.3107238,-0.7538113,0.013932612,0.6860546,-0.15796773,0.05850524,0.20400135,-0.802112,-0.22829755,0.019261168,0.060704883,-0.1155963,-0.42682475,0.016620567,-0.18963884,0.09457488,0.09296313,-0.1514041,-0.10597634,-0.15770416,-0.10526001,0.39909288,0.107365705
357,negative,-0.026085692,0.24973847,0.22133677,-0.19764954,-0.057635345,-0.22577187,-0.31444812,0.023390206,-0.12157431,0.10910566,0.008946717,-0.13442844,0.2963347,0.052538704,-0.1728356,-0.13569449,0.09184237,-0.087388664,-0.25440413,0.05330496,0.19113562,0.012368542,0.065495595,-0.15975645,-0.1050423,0.14014663,-0.07946384,-0.12305576,0.13784453,-0.22355032,0.014562016,0.39267737,-0.23536788,-0.093936905,-0.07455955,0.22622749,0.04028839,0.16698012,-0.038565334,-0.08803267,-0.24343951,-0.12240677,-0.03031875,-0.25549027,0.008134506,-0.051966395,0.16352807,0.04947767,-0.07486419,-0.6033421,-0.09637426,0.057641532,0.05080296,0.7134558,-0.15512645,-1.7247612,-0.029330745,-0.22027475,1.1626849,0.2957919,0.16273828,0.23261882,-0.18591985,-0.109108515,0.5025848,0.14061765,0.24623595,0.23632175,0.13258657,-0.014607735,0.051022016,-0.04714293,-0.15865456,-0.3320071,-0.013703915,-0.11267919,-0.015649097,0.05038312,-0.6823776,0.12645528,0.56347495,0.044404782,-0.33759055,0.09500802,-0.7249404,-0.08759131,-0.058717802,0.031225255,0.0071501774,-0.406057,-0.04796664,-0.208535,-0.20236683,-0.21106394,-0.49045753,0.08244655,-0.086511925,-0.26928446,0.3597009,0.092546396
358,neutral,-0.21119726,0.19370846,0.2599234,0.18704449,-0.06629545,-0.12393738,-0.22644888,-0.089773364,0.054312248,0.21474916,-0.11410917,-0.029108852,0.11234275,-0.14058332,-0.04516229,-0.10569026,0.00130219,-0.13813335,-0.2046839,-0.11203166,0.3005591,-0.20292169,0.11614146,-0.08974612,0.046360563,0.05103819,-0.07252789,-0.2147311,0.16795017,-0.23950016,-0.01052618,0.09672902,-0.1119759,-0.17670774,0.12387871,0.07492419,-0.02103061,0.08176557,-0.17257355,0.026684003,-0.27514127,-0.034321744,0.10647461,-0.20024726,-0.0037778353,-0.19370666,0.36059657,-0.07912873,-0.118694715,-0.44610724,0.051615305,-0.010303339,-0.06262764,0.9028358,0.2634911,-1.6033306,0.24709204,-0.31155896,0.9461687,0.2041672,-0.09859005,0.3005401,-0.03200368,-0.14918427,0.5577824,0.070239045,0.04419921,-0.014416466,0.0017935344,-0.0514483,0.22264688,-0.17503096,-0.23422667,-0.15414295,0.045277555,-0.11456311,-0.13158771,0.1427425,-0.608438,0.116031945,0.35646394,-0.057570122,-0.11724566,0.14049718,-0.8594768,0.05569434,0.03062833,0.0007840631,-0.18653066,-0.34413663,-0.12793623,0.036791973,-0.028529778,0.011679784,-0.28133407,-0.022572285,0.20911776,-0.12746662,0.36821985,0.26587597
359,neutral,-0.17174977,0.02971231,0.1298521,-0.21686596,-0.09567823,-0.07439234,-0.10586251,-0.03638139,0.086607404,-0.010135423,0.030167948,-0.014319357,0.16164076,0.029007798,0.066982955,-0.012678352,-0.0855031,-0.110042885,-0.3820313,0.14055774,0.17538239,-0.11798136,-0.005214521,-0.21905656,-0.08372022,0.089586996,-0.07562004,-0.09574262,0.1226684,-0.034035005,-0.084736735,0.18091576,0.019392729,0.07619687,-0.08917368,0.19982609,0.022650998,0.05574423,0.0032346498,-0.067025766,-0.41344497,0.030136853,0.18467113,-0.07836711,-0.06408882,-0.2861577,0.13170446,-0.058537606,-0.0844882,-0.5668005,-0.014986997,0.090505585,0.21469057,0.6073501,-0.23193072,-1.4908372,0.09500851,-0.06811048,0.8028982,0.27804565,-0.114905536,0.40989366,-0.13677098,-0.30751282,0.4126661,-0.024074232,0.20920588,0.32326725,-0.18720911,-0.08410192,0.13063261,-0.22916101,-0.18218763,-0.53172225,0.057468276,0.16964135,0.027643649,-0.08960834,-0.60832804,-0.03839751,0.40139493,-0.2588879,-0.21958584,-0.12563501,-0.8736691,-0.17092891,0.060549397,0.046456266,-0.0063522668,-0.24581823,-0.08368131,0.029911269,-0.079197004,0.023571532,-0.3274774,0.040902995,-0.1672761,-0.2795822,0.14152803,0.15768157
360,negative,-0.05531759,0.06513885,0.29346567,-0.13743141,-0.08279364,0.11089959,-0.17139268,0.031073485,-0.040798903,0.24292877,0.02690122,-0.09811178,0.044463277,0.039904322,-0.101804875,-0.094044685,0.2175199,-0.024617733,-0.3607148,0.042863447,0.15679018,-0.14269984,0.13388851,-0.11027882,0.093638845,0.041103713,-0.16841286,-0.13037574,0.15607078,-0.11770677,0.04519771,0.27024472,-0.10630582,0.028777743,-0.014787356,0.07202794,-0.058243964,0.11027722,0.21030475,0.09919356,-0.2159074,-0.16512012,0.14905696,-0.21849638,0.0023232913,-0.09352087,0.033000737,0.005700076,-0.11549096,-0.57195073,0.042448353,0.041030187,-0.00859776,0.89856535,-0.05389948,-1.5293694,0.031389184,-0.008445908,1.2141021,0.16468632,-0.10065997,0.3239563,-0.21834765,0.008905945,0.4443869,-0.012813834,0.10052722,0.14062442,-0.041442126,-0.025162991,0.079450406,-0.29948345,-0.060787585,-0.30225807,0.15678728,0.11019938,-0.024884123,0.21314892,-0.54707664,0.11360022,0.5278422,0.018221818,-0.10296167,0.039509367,-0.8637365,-0.10986063,-0.069797166,0.14409082,-0.030256748,-0.27232355,0.14568932,-0.18697917,-0.18855381,-0.009507133,-0.37230077,0.050667014,-0.11793995,-0.058718044,0.2701595,0.11993172
361,neutral,-0.23992488,0.05506703,0.7235353,-0.16724923,0.21785106,-0.7744481,-0.0494666,-0.29769275,0.010943824,-0.27947357,0.17479888,0.14128675,0.13195373,-0.08557698,0.07231996,0.39233285,-0.07271994,-0.20224285,-0.45135164,0.23791625,0.34509668,-0.79690754,-0.40160504,-0.038200583,-0.32372224,-0.15066138,0.3995997,0.2425051,-0.47858226,0.36246827,-0.220956,0.2319952,-0.8666643,-0.13044198,-0.41437784,0.07730457,-0.06450013,0.7582288,0.049466155,-0.14827263,-0.63174665,-0.04466468,-0.5482564,-0.12468574,-0.82396954,0.18742405,0.41040635,-0.5775331,-0.12342838,-0.742149,0.56222194,-0.41775396,0.074492194,0.24353617,0.2368014,-1.6963482,0.047768675,-0.27856004,0.8697293,-0.08572409,0.110514,0.3770418,-0.3988411,-0.3178353,0.33821607,-0.5990318,-0.11213705,-0.15451185,0.6330978,0.32762817,0.076962,0.55221605,-0.38369873,-0.75147974,-0.030765058,0.27163774,0.33016482,-0.5314092,-1.09375,-0.59351075,0.5545535,0.7495726,-0.22869806,-0.17104866,-0.6793293,-0.56713396,0.3302761,-0.114281446,-0.00063890277,-0.19072907,0.4496392,-0.20071231,0.25846386,-0.55819196,0.13886192,0.4080112,0.08152126,-0.961828,0.28739,0.8876298
362,neutral,-0.06730491,0.39121848,0.23134018,-0.22488882,0.16076018,0.06482147,-0.055471346,0.284909,-0.20509748,0.071213044,-0.12188394,-0.043162994,0.35713825,0.12535729,-0.022793097,-0.030872338,0.19479112,-0.120415494,0.028507857,-0.08283959,-0.006982704,-0.0016117728,0.01961639,0.2946357,0.35971734,-0.0064890366,-0.045437943,0.067554705,0.3689956,-0.09614003,0.006628903,0.20018983,0.010614847,-0.043300826,0.19745988,0.026101284,0.06056109,0.19957392,0.06753649,-0.10630623,-0.21513824,-0.19650935,-0.19069026,-0.043676,0.08155598,-0.19333825,-0.009176245,0.03671222,0.2345556,-0.2371194,0.06611316,-0.01992496,0.07339566,0.7146332,-0.29268116,-1.9295866,-0.07065059,0.09671624,1.2230445,0.40755475,-0.13075632,0.46183658,-0.24137375,-0.039483987,0.63376355,0.30162576,0.14103693,-0.2685007,0.40396273,-0.23233452,-0.086459994,-0.019160379,-0.14701006,-0.21833047,0.13759993,-0.14807321,0.07732134,0.03525514,-0.19732444,-0.12199463,0.3739116,0.112235345,-0.3437989,0.04728216,-0.6473129,-0.022692883,-0.057282355,-0.24824509,0.1954575,0.17102854,-0.10478238,-0.01708999,-0.15027875,-0.054327145,-0.34667325,-0.19665526,-0.11076615,-0.046493374,0.42588767,0.14752676
363,negative,-0.13200404,0.0039884304,0.35862115,-0.22213553,-0.23504494,0.1656469,-0.19947617,-0.11492164,-0.04415029,-0.0032888078,0.1269302,0.10995817,0.11718498,0.07929248,-0.12627587,-0.056147635,0.1542362,0.29847914,-0.33764946,0.4287743,0.31888235,-0.15144323,-0.05214771,-0.032832917,0.2093356,0.39050812,-0.19031397,-0.26244628,0.24488638,-0.09266577,0.055868737,0.32426485,-0.12193607,0.0072807465,-0.04517037,0.19404094,-0.17433392,0.17775728,0.105425835,-0.17044765,-0.062853985,0.029887816,-0.028357128,-0.19210869,-0.19497244,-0.073919415,0.01009376,-0.08987868,-0.11048769,-0.43423808,-0.059294388,-0.23936468,0.031129276,0.6952997,-0.12860602,-1.3026878,0.17176917,-0.058834586,0.73081565,0.23601417,0.1173369,0.36861968,-0.1663756,-0.028813,0.42078924,-0.009768876,0.3909646,0.20539203,-0.103853375,-0.16607475,-0.104457885,-0.10159678,-0.2847476,-0.36112332,0.0962462,0.18778238,-0.09071773,-0.035433874,-0.44151455,0.16451807,0.3997567,0.13775788,-0.20243,-0.0962842,-0.7413644,-0.053898983,-0.086746626,-0.045509372,-0.0832812,-0.23441635,-0.025753124,-0.28812507,0.038836107,0.029759241,-0.30599448,-0.2542909,0.08962021,-0.25586098,0.21654306,0.104292184
364,negative,0.3240972,0.35393623,0.3051823,-0.21606535,-0.21950278,0.32618302,-0.45143342,-0.37236756,0.024652634,0.37592196,0.07897936,-0.0772475,0.26563683,-0.381826,-0.20465086,0.21480061,0.13798659,-0.10920726,-0.51268506,0.056813296,0.3874474,0.11142621,0.4199836,0.08781833,0.2806521,0.13844542,-0.13709776,-0.19471954,0.5761735,0.054654736,0.121156976,0.25284508,-0.21584061,-0.13847005,0.012652601,0.18762669,0.15971695,0.017726952,-0.37417436,-0.109951325,-0.59718007,0.29605573,0.14351557,-0.019473577,0.37620023,-0.27871072,0.73977566,0.2519793,-0.048850402,-0.6103357,-0.12380733,0.16552444,-0.2546786,0.6786965,0.20813619,-1.0227757,0.36800668,0.050996237,0.92925096,0.055962507,0.0075736656,0.108930446,-0.16964361,-0.30107516,0.640306,0.22798392,-0.07887961,0.17453207,0.3853537,-0.1449192,0.3961107,-0.48393574,-0.4123982,-0.1683557,-0.12641282,-0.3526876,0.18211633,-0.07322769,-0.48447052,0.49698487,0.80238044,-0.01545376,-0.28929734,0.30749172,-0.5758832,0.08971245,-0.27601948,0.38804886,0.085496925,-0.14518486,-0.059815697,0.058891267,0.28260168,0.12023403,-0.29303744,-0.4125987,-0.2417422,-0.37711602,0.18266803,0.3603858
365,neutral,-0.060553484,0.5101001,0.5224652,-0.1750894,-0.1360389,-0.30946764,-0.07028253,0.15184608,0.04561973,0.16856425,0.15647241,-0.097881,0.10008777,0.068832286,-0.10290998,-0.28837723,0.13818966,0.17059284,-0.6050305,0.06899153,0.20111293,-0.03339198,0.084361784,0.19037315,-0.02596453,0.06213399,-0.1515258,-0.17509697,0.27799752,0.08334237,-0.20766644,0.44847435,-0.05970419,-0.04487023,0.31607872,0.24188921,0.009039946,0.009434087,-0.008044368,-0.10546296,-0.32077548,-0.14238237,0.19884887,-0.3772035,0.101447865,-0.32013243,0.16161436,-0.33241907,-0.06828743,-0.75512,0.2607706,0.2966478,-0.008552478,0.91548014,-0.1083706,-1.9494277,0.16493589,-0.2281573,1.497107,0.32969844,-0.059609797,0.49400446,-0.17029782,-0.012019052,0.61908704,0.27441078,0.17597745,0.3391753,-0.026073294,-0.08262673,0.39127746,-0.42608687,-0.1091419,-0.14444023,0.091026604,0.0016225728,0.015153183,0.13697383,-0.8844781,0.10819799,0.7747832,-0.14553176,-0.4118428,0.06749794,-1.2274818,-0.09432983,0.009634616,0.16917792,-0.18966435,-0.19107518,0.0086831115,-0.024563108,-0.07721334,-0.12737766,-0.68137425,0.1345517,-0.021746654,-0.03771074,0.42817545,0.19735041
366,neutral,-0.072005525,0.2014376,0.26399654,-0.06613521,0.042774834,-0.07228661,0.032223072,0.28053322,-0.34213737,-0.07069068,0.1285227,-0.035529424,-0.03424134,0.06896814,0.19242986,-0.29464087,-0.19703338,-0.010674824,-0.18559495,-0.028781569,0.45783338,0.08574537,0.21984783,0.17710213,0.33615217,-0.19520496,-0.044635806,-0.14500275,0.17142895,0.022009095,-0.13196959,0.3137446,-0.09286528,-0.11427803,0.11880529,0.13358745,0.088350505,0.0033111062,-0.14366537,-0.19242574,-0.14621802,-0.34658802,0.053042714,-0.0051896735,-0.036185123,-0.13393639,0.056704685,-0.33181277,0.14745253,-0.51929826,0.0024526673,-0.08464396,0.011845538,0.689876,-0.21313164,-1.8247972,-0.18389037,0.10160798,1.2606848,0.28124285,0.02773907,0.31239438,-0.2777075,0.22600527,0.3393607,0.0331124,-0.07153926,-0.102496594,0.14852823,-0.13853432,-0.0738807,-0.12624514,-0.038989585,-0.109706126,0.18600528,-0.11613425,-0.028965682,-0.10247186,-0.37916538,0.06345628,0.4470208,-0.0018103825,-0.3351635,-0.060581382,-0.6978624,-0.16869843,0.067060106,-0.09547782,-0.073781334,-0.16870345,-0.019131407,0.039854035,-0.124506354,0.0101248,-0.5117626,0.009408061,-0.009929444,-0.07926716,0.45685726,-0.114246964
367,negative,0.108148426,0.13218364,0.3958488,-0.12311333,-0.37287855,0.22506797,-0.12030287,0.04917965,0.02592746,-0.105558656,-0.0141276345,0.13649279,0.058896977,-0.045774702,0.15290652,0.012063837,-0.20098947,0.20811883,-0.25508735,0.25356674,0.33395743,0.1403851,0.027509872,-0.35161808,0.09596967,0.19169109,-0.24023399,-0.33874875,0.17559488,-0.18342379,-0.03775486,0.27897245,0.08590078,0.03566811,0.078649156,0.15180087,-0.114350736,0.06168003,0.21597262,-0.18855925,-0.29201427,0.04939373,-0.047326636,-0.40405157,-0.12765433,-0.12562189,0.1160485,-0.18838039,-0.050298553,-0.66094685,-0.022333488,-0.13641989,0.071156874,0.6569923,-0.13616963,-1.4104476,0.1887079,0.0042486154,0.9488483,0.26313153,0.018330963,0.5050511,-0.2807243,-0.09055231,0.46517548,0.16334541,0.33815652,0.029246822,-0.0069004917,-0.20078036,0.14876862,-0.34816122,-0.021968158,-0.12134284,-0.000774824,0.16399479,-0.05615147,-0.095620535,-0.3458059,-0.077686146,0.3445925,-0.06298843,-0.3824601,-0.0886486,-0.9095864,-0.17259704,-0.12081703,-0.020453969,-0.12258803,-0.21729648,-0.20084102,0.05208888,-0.08592231,-0.0858913,-0.24222632,-0.06833446,-0.034563236,-0.15312499,0.21255414,0.17465249
368,negative,-0.12135224,0.28191635,0.25841203,0.086113326,0.03829361,-0.15094353,-0.16010198,-0.0098686535,0.10683811,0.06738372,0.031165102,-0.028803077,0.12696321,0.042260084,-0.028960736,-0.16951495,0.18028435,-0.097196266,-0.3883233,0.08734052,0.17139964,0.05768096,0.13626067,0.053003512,-0.06257029,0.022307495,-0.14077114,-0.19219798,0.35849968,-0.12800696,-0.011997288,0.27895722,-0.13252512,0.016851984,0.02587062,0.24494812,0.18521634,-0.11924806,-0.15085393,-0.029158808,-0.4230876,-0.13044065,0.1117977,-0.1525384,0.232782,-0.036269195,0.1762179,-0.01530126,-0.18270174,-0.45381075,0.061728872,0.20763752,0.087867156,0.6899731,-0.094014905,-1.6285225,0.02704376,-0.35629964,1.093239,0.28271094,-0.1018024,0.2043933,-0.10660696,-0.12195799,0.4621518,-0.009886878,0.0054708296,0.27747083,0.118977025,0.017188204,0.09460066,-0.18502341,-0.2308265,-0.3150754,0.12779161,-0.064029224,-0.02145547,0.08143418,-0.61041194,0.10915907,0.5966923,-0.032058787,-0.29531944,0.13911076,-0.84197426,-0.1862148,-0.032705467,0.29189152,0.1095554,-0.3438761,-0.13288142,-0.055998947,-0.10107141,0.023326172,-0.3778066,0.049051173,-0.09002494,-0.2639344,0.33997995,0.109275386
369,negative,-0.11957607,0.092994586,0.29771167,-0.09023399,-0.061665725,-0.20324308,-0.18774012,-0.0704719,0.10724356,0.08164496,-0.048077106,-0.08443504,0.24172844,-0.033046164,-0.10026007,-0.06348971,0.09690371,-0.012018175,-0.22044408,0.012138978,0.17964706,-0.25710192,-0.07790957,-0.1326418,0.16812576,-0.010078416,-0.06867949,-0.07764361,0.12915152,-0.13854788,0.024287397,0.38840455,-0.019249497,-0.025602285,0.034148883,0.080895044,0.20523736,-0.045529816,-0.06523624,-0.16810797,-0.39209324,0.019621277,0.09627936,-0.08817949,-0.15950252,-0.05321566,0.23493232,0.0033861562,-0.18895695,-0.5696724,-0.17817803,0.093156286,0.04805666,0.6924847,0.019688878,-1.4692538,0.075742975,-0.2432177,1.0574346,0.2602555,0.00026327537,0.36007458,-0.30281585,-0.16143598,0.5009911,0.06671996,0.05701013,0.12199581,-0.034111936,-0.14796188,0.202194,-0.19861494,-0.2602003,-0.29891774,0.083206214,-0.118567705,-0.09255504,-0.058535773,-0.58506185,0.039390113,0.40383643,-0.08992201,-0.23432201,0.037357833,-0.8384668,0.050932076,0.09654118,0.060442053,-0.16114442,-0.27612603,-0.06844099,0.052086145,-0.19374382,-0.15082926,-0.21238807,0.120096825,-0.01850034,-0.23812594,0.35794422,0.18677767
370,negative,-0.0778886,0.21776083,0.31945974,-0.32794583,-0.5151052,0.50522774,-0.27422363,0.21111639,0.14812145,-0.029713104,0.10230439,0.049944002,0.060147632,-0.010212792,0.12536627,-0.22243063,-0.20682673,0.3467723,-0.31783015,0.25478026,0.13343668,0.039756786,0.056077365,-0.12309617,0.053023573,0.197613,-0.089576885,-0.3347296,0.3367826,-0.2059324,0.056983426,0.1869408,0.025433155,0.12607822,-0.18410231,0.17639334,-0.016145622,0.0748637,0.22831312,-0.2595889,-0.16542651,-0.048998717,-0.23243135,-0.3865171,-0.19600631,-0.07676824,0.1361675,0.092385925,-0.058977786,-0.84616303,-0.1579823,0.00044178838,-0.061675496,0.7292881,0.10485096,-1.4930923,0.20156911,-0.021807767,0.99926007,0.114959225,0.17028931,0.5740225,-0.34925264,-0.111941606,0.46143037,0.3002199,0.3829663,-0.031769317,0.022513794,-0.22955744,-0.0057045068,-0.17531928,-0.031197611,-0.21640578,0.09802601,0.10511052,-0.21898791,-0.03456649,-0.18724117,-0.09029741,0.31782824,2.4778044e-05,-0.42427137,0.16436116,-1.147964,-0.113862604,0.015291062,0.13989049,-0.29891104,-0.1798592,-0.015541713,0.0062879827,0.12136179,-0.07490707,-0.23263545,-0.10921181,0.104213804,-0.10023914,0.280629,0.10522078
371,neutral,-0.40139285,-0.03879415,0.2901477,0.24690028,-0.12317849,-0.12551324,-0.23210314,0.1117442,0.032916967,0.33179793,-0.24553691,-0.018589962,0.28559554,0.15041217,0.07047994,-0.34660354,-0.11673913,-0.24033396,-0.55573195,0.08396477,0.33315766,-0.119582,0.26397702,-0.080406785,-0.09917936,-0.0783177,-0.2068181,-0.16137649,0.25790367,0.048889156,0.03765027,-0.11187336,0.028961025,0.05150135,-0.14837559,-0.12864737,0.2128757,0.12839982,-0.09903821,-0.022020083,-0.5931898,-0.0077449176,0.23313785,-0.32797614,0.25930265,0.039403044,0.3319613,-0.01207424,-0.20346057,-0.29313138,-0.14867862,0.019039648,0.12067098,0.79393274,-0.033964448,-1.5122811,-0.20029932,-0.34962696,1.277738,0.19179817,-0.004747192,0.23844351,-0.060740307,-0.2168704,0.69237286,0.09272944,0.10461111,0.056728777,-0.02151221,0.043509584,0.18827856,-0.39478052,-0.3371039,-0.467817,0.20477858,0.1050328,-0.093834646,0.16274509,-0.5490912,0.14298029,0.55474955,0.15005298,-0.13822462,0.00864398,-0.58380246,-0.078921236,-0.028164204,-0.17141207,0.15793179,-0.29821098,-0.03619432,0.04056155,-0.20397188,0.1716656,-0.38377923,0.23401879,0.056493793,-0.13936743,0.54985726,-0.035672404
372,neutral,0.02188497,0.061039872,0.14939931,-0.2364598,-0.06851861,-0.056609716,0.12481755,0.29980865,-0.0022927418,-0.19404617,0.18875776,-0.056798656,0.04889661,0.119083904,0.15818232,-0.014331079,0.253573,0.009022203,-0.46299258,0.143586,0.17304873,-0.032797243,0.13808681,0.25329167,0.27239814,-0.003763306,-0.16741334,-0.35171443,0.48062927,-0.17860337,0.049424186,0.47216287,-0.10950464,0.11122827,-0.14492318,-0.034070313,-0.17386404,0.05935532,-0.008771215,-0.24335825,-0.2906423,-0.2405068,0.23902693,-0.05761297,-0.089536466,-0.17271113,0.13204345,-0.28680408,0.013013969,-0.75925773,0.23270606,-0.102789976,0.16087838,0.9035283,-0.25213677,-1.9476601,-0.2154725,-0.08156233,1.1494523,0.3183548,-0.15343088,0.67764544,-0.17767662,-0.3022715,0.48987257,0.19824325,0.15173513,0.32945937,-0.009427445,-0.1315005,0.0805436,-0.1762153,-0.3775115,-0.17221649,-0.10754875,0.30512685,-0.024063908,-0.037553232,-0.7344541,0.023582561,0.33572218,-0.041667275,-0.290936,-0.05297837,-0.8289909,-0.2451946,-0.06309513,-0.10423382,-0.057991274,-0.3011336,0.044219684,-0.033416804,0.15514636,-0.082546584,-0.7666544,0.08905996,0.26221237,-0.0594843,0.1533623,0.1692179
373,neutral,-0.23467135,0.13947378,0.19455826,-0.16339152,-0.3727806,0.06598645,-0.2754226,-0.05089731,-0.15295249,0.28336453,0.010411364,-0.049005285,0.26147008,0.008210604,0.06917961,-0.05927026,-0.060059007,0.06797939,-0.5174584,0.21210727,0.3059566,-0.11275534,0.08956425,-0.09473771,-0.06145138,0.11345526,0.04849299,-0.20815706,0.24815616,-0.20191008,-0.118197694,0.35487843,-0.19796222,0.030977404,0.032575894,0.089990444,-0.0973721,-0.15614355,0.029128728,0.013092075,-0.4627063,-0.09129579,0.26190272,-0.060116068,0.19042929,-0.1755619,0.12164584,-0.20535275,-0.25793517,-0.6963239,0.2041524,0.12063612,0.17337212,0.7743999,-0.09710103,-1.3713778,0.09418187,-0.29059663,1.3274142,0.17961952,-0.017357325,0.5258527,-0.029854156,-0.25546038,0.5129406,0.012304659,-0.020153562,0.3102512,-0.12253323,-0.013226195,-0.02878668,-0.2823897,-0.23431718,-0.3312544,0.006491095,0.18311882,-0.09432088,0.0121349925,-0.67363435,0.12746911,0.63994753,-0.19371185,-0.15696515,0.044530928,-0.9287512,-0.24475248,0.11018532,0.17215732,-0.06821048,-0.21029791,-0.039214086,-0.049713537,-0.035047457,-0.1099855,-0.28423214,0.16929956,0.17876177,-0.0640075,0.2550867,0.0955352
374,neutral,-0.051339112,-0.119562164,0.18209861,-0.058861163,0.09536078,-0.36950055,0.002844276,0.28894302,-0.13779412,0.0833245,0.16300142,-0.039591305,0.2927006,0.021945639,0.1565585,-0.30557868,0.1721245,-0.36514434,-0.3571256,-0.17157103,0.5724117,-0.101045445,0.14415878,0.0035719746,0.24399729,-0.15484045,-0.31998053,0.06440994,-0.006746308,-0.101622336,-0.40452498,0.1886459,-0.027402366,0.15176383,0.08235983,-0.0012626619,0.056273244,0.17613639,0.06613479,0.24439232,-0.38535735,-0.5063652,-0.058784973,0.026920162,0.32762852,0.19352637,-0.08192783,-0.33507577,0.031597823,-0.28530943,0.46497232,0.021434145,0.054236334,0.82006186,-0.18398535,-1.7960304,-0.05359009,-0.25446412,1.9512981,0.6497491,-0.45276296,0.36858788,-0.08003934,-0.11267468,-0.056692705,0.1880684,-0.08889017,0.13052031,0.31833586,0.07639373,-0.16084023,-0.19436723,0.35785317,-0.29685742,0.20025265,0.13064478,-0.055654477,0.020228868,-0.7641366,0.03287011,0.53996,0.111991175,-0.14996502,0.20935795,-0.90946054,-0.28331795,0.2690918,-0.10322811,0.08884179,-0.17711273,0.12100192,0.15967582,-0.28949264,-0.11180129,-0.31652403,0.43780547,0.048498973,-0.23399605,0.4672043,-0.031089138
375,neutral,0.17684184,0.3310598,0.36207628,-0.35360658,-0.28656086,0.19897419,-0.21027352,-0.29683468,0.1877826,-0.3253691,0.11103925,0.29123944,0.34229794,0.06068391,-0.07170899,-0.18799438,-0.047969606,0.3718516,-0.3806125,0.24793541,0.31350613,-0.24547519,-0.16848306,-0.0868115,0.112538986,0.23618338,-0.064668834,-0.62843156,0.06920991,0.019802565,0.28434873,0.60931593,0.1292914,0.14372423,0.05824231,0.18977335,-0.08252825,0.20036101,0.2670334,-0.31180987,-0.48595995,0.15233913,0.4486493,-0.4996801,-0.44982687,-0.30631748,0.15502752,-0.19928719,-0.17105098,-0.47930542,0.3428083,0.28517795,0.09108196,0.74946916,-0.21818408,-1.7963305,0.18274122,-0.043740686,1.1113251,0.5081232,-0.08289443,0.61805415,-0.3275871,0.045535453,0.9530785,0.16311105,0.6062063,0.3212285,-0.44116104,-0.122302495,0.12603891,-0.093977824,0.017089488,-0.3641309,0.20958126,-0.15409042,-0.13875677,-0.25724134,-0.45467478,0.026860517,0.3068008,0.2415643,-0.74011415,-0.13450241,-1.0904598,-0.3937897,-0.05942594,0.24995378,-0.055964537,-0.34481978,-0.27128577,-0.36230022,-0.011577415,0.18596613,-0.059582632,-0.043035984,0.0018592599,-0.2657325,0.16634701,-0.019086463
376,neutral,0.17240219,-0.004978996,-0.2613726,-0.38780394,0.48281097,0.30786267,0.02200463,-0.010437148,-0.21924236,0.18612891,0.041999593,-0.17905594,0.1852084,0.31313536,-0.14141624,0.29975447,0.022236302,-0.17982136,0.05120708,-0.14549357,0.39085844,-0.2403118,-0.0014902152,-0.5474184,0.16652319,-0.23651382,0.115560785,0.01023295,0.3749021,0.11590551,-0.018026758,0.30695468,-0.0669673,0.093216024,-0.13858768,-0.13862349,0.30238417,-0.030466573,0.09952759,-0.43785444,-0.04362473,0.024142513,0.09352899,0.28058925,0.037195142,-0.23027879,-0.043960303,-0.20444673,0.17830454,-0.114855535,0.22567233,-0.20681234,0.33041173,0.36206436,-0.26467708,-1.6789836,-0.30765995,-0.041653648,0.4776018,0.24948667,0.3149219,0.42034015,-0.4654258,0.09285478,0.6821132,-0.10921391,0.1801239,0.20027417,0.35671392,-0.024220537,-0.07462463,-0.1537797,-0.4795064,-0.1665073,-0.27304924,-0.29825774,0.38139164,-0.27598417,-0.40051964,-0.021505577,0.12870368,0.118109755,0.45879328,-0.16982862,-0.7227989,0.0015477242,-0.21458067,-0.17365122,0.11764061,0.14691529,-0.18529132,-0.124770395,0.2128351,0.1911192,-0.20689288,-0.21518773,0.10549926,0.034251567,0.3576698,0.06120994
377,neutral,-0.055453077,0.27204126,0.44805205,0.24269858,0.14744179,-0.3182546,-0.19995657,0.040762506,-0.02375985,0.42750764,0.19049093,-0.31110677,0.08327677,0.38984782,-0.28787306,0.13599896,0.13712782,-0.16042127,-0.5244852,0.17026475,0.044326346,-0.21984984,0.2715159,0.10265319,-0.29717276,-0.07730341,-0.2659701,0.026960261,0.36197457,0.1695899,-0.17546958,0.27932855,-0.31876653,-0.056351658,0.07407963,0.059041265,0.11986485,0.12562722,0.08127172,-0.045278255,-0.2995487,-0.061279416,0.16537316,0.06921427,0.22098391,-0.43283063,0.19892056,-0.253853,-0.1847832,-0.56421775,0.2489608,0.21444897,-0.049147308,0.89164054,-0.18138719,-1.8324275,0.020850563,-0.37042734,1.3769355,0.49549204,0.093952164,0.22657512,-0.06116647,0.060406774,0.42008936,-0.156884,-0.06311802,0.5186558,0.2407369,0.34037703,0.28162795,-0.44720596,-0.025557669,-0.2608977,0.17078154,0.014281081,-0.067146204,0.020262893,-0.7769942,-0.094469726,0.8111298,-0.098604895,-0.16546018,-0.1510142,-1.1875678,-0.022462066,0.21094167,0.21738021,-0.031596184,-0.14943966,-0.06568247,0.022713313,0.050162517,-0.20285359,-0.31238076,0.14875369,-0.40662378,-0.46964583,0.31249148,0.09449901
378,neutral,-0.042999532,0.14151363,0.5749028,-0.38163358,-0.025671652,-0.105745725,0.028251715,0.16672058,-0.16764231,0.08540732,0.31988353,0.070800774,0.10454228,0.21211423,0.0042337384,-0.3961627,0.17397082,0.026909413,-0.039013967,0.41014382,0.41231123,0.009045772,0.20496462,-0.10039464,0.40012747,-0.016298534,-0.42212808,-0.2050509,0.37528127,-0.15099408,-0.19718792,0.19120653,-0.02571563,0.25599644,0.2722001,0.057058282,-0.008331612,0.35859784,0.1737909,-0.35430473,-0.2615215,0.0020132463,-0.13220735,0.03456088,0.18339384,0.098672114,-0.03541471,-0.075544275,0.2991425,-0.37500393,-0.19698279,0.055871584,0.23783797,0.48861578,-0.22037105,-1.798403,-0.31984046,-0.080626175,0.95780367,0.7088464,-0.22895296,0.74804384,-0.33312753,0.022230744,0.21360707,0.14365116,0.10156179,0.24163862,-0.05357803,-0.1944907,-0.05304075,-0.029252738,-0.14348643,-0.11013217,-0.15273894,0.10251147,0.1022643,-0.0803531,-0.40183043,-0.09550625,0.27336323,0.04359269,-0.011465194,0.23545052,-0.685827,-0.47614643,-0.17165534,-0.08210967,-0.34419116,-0.11148237,-0.047832806,-0.012689158,0.0073623154,-0.06861835,-0.34630838,0.09101802,-0.02395845,0.024957577,0.34778324,0.18929519
379,negative,-0.020812621,0.21784438,0.13429345,-0.21439287,-0.0082393205,0.20893249,-0.0678978,0.19708063,-0.10031023,0.23608199,0.033549473,-0.0407689,0.228584,0.3076849,-0.032512333,-0.15177324,0.1320002,0.029389454,-0.4412385,0.23425731,0.3567232,-0.25330475,0.1072517,0.00468744,-0.020751417,0.01417344,-0.2643154,-0.29776978,0.16811875,0.08240232,-0.13495657,0.3852802,-0.05613774,0.014184051,0.124056146,0.055123523,-0.17179076,0.12191005,0.26143742,0.03638826,-0.32350233,0.027164916,-0.11419739,-0.22720231,0.2445235,-0.06272055,-0.089527555,-0.17546166,-0.14533001,-0.4801578,-0.11646518,-0.06145363,-0.11076652,0.8182538,-0.10713132,-1.7186083,-0.17759605,-0.14791034,1.3950225,0.39210802,-0.0056687137,0.44964746,0.028768979,-0.10400299,0.5003511,0.010120907,0.17323671,0.19638309,0.024769273,0.0826872,-0.030957837,-0.25798568,-0.22491568,-0.25921276,0.10560795,0.21896537,0.041700613,-0.023723684,-0.5493444,-0.13195719,0.60399055,0.040148407,-0.30376124,-0.124635965,-0.99708503,-0.20703314,0.13891457,-0.054680273,-0.055271942,-0.12467155,0.0073719844,-0.107255995,0.008877665,-0.16143626,-0.4477393,0.07816132,-0.101860605,-0.1820048,0.19302078,-0.001535543
380,negative,-0.045330293,0.15055263,0.26406214,-0.14833228,0.112451024,0.04033774,-0.058259305,0.03883774,0.2005711,-0.0393915,-0.08780148,-0.12416818,0.21527329,0.19406103,0.094758265,-0.13985145,0.065607294,-0.08336756,-0.35837713,0.011457178,0.24974674,0.033645537,0.056203015,-0.028866736,0.2511605,-0.061786555,-0.095961936,-0.32556006,0.22102408,-0.071418636,0.12938015,0.30052733,-0.011918934,-3.8872156e-05,-0.020506041,0.16161975,0.05274035,0.0393656,-0.0051777847,0.0021664745,-0.47463512,-0.09713468,0.26250556,-0.16724044,0.0840311,-0.21518627,0.14511128,-0.031322904,-0.09508642,-0.57244766,0.088623755,-0.07159368,0.15042798,0.92884433,-0.19072995,-1.8698084,0.04881673,-0.22479138,1.2252591,0.3271615,-0.07532222,0.591544,-0.0800809,-0.13348567,0.44264686,0.09391978,0.3012218,0.29090315,-0.10519588,0.013266096,0.13589172,-0.37619418,-0.28088313,-0.22389871,-0.038022082,-0.0418017,-0.08708613,0.10026809,-0.635853,0.047792807,0.5936172,-0.0032512739,-0.25444597,0.11564644,-1.0718096,-0.13609383,0.12944946,0.1523286,-0.06052325,-0.22732893,0.025828667,-0.11211818,-0.12791626,-0.012501993,-0.41534203,0.110506654,-0.10425147,0.0357963,0.43926406,0.06059538
381,neutral,-0.011082878,0.4712484,0.5408308,-0.2408178,-0.42876184,0.14038688,-0.3228828,-0.39594707,-0.017599056,-0.1039559,-0.11334377,-0.15652929,0.27870965,-0.335564,-0.5895282,-0.36486116,0.42738092,0.1386786,-0.42535493,0.34723794,0.2646009,0.29543698,-0.19131643,-0.4830114,0.4565727,0.030627081,-0.05077797,-0.45201147,0.45606187,-0.14456378,-0.34275514,0.49028763,0.41090134,0.03161629,0.1350232,-0.095433705,-0.319499,0.35399336,0.34738103,-0.1677975,-0.4441353,-0.15545575,0.35242164,0.02479555,-0.18841141,-0.25753763,0.57218736,0.10955425,-0.39512774,-0.9556431,0.073342144,-0.18662503,0.4209735,0.6590388,-0.17398767,-1.5783204,0.077601045,-0.10891459,1.2835506,0.13915549,0.13135989,0.5379314,-0.16473526,-0.4168859,0.80113465,-0.38742685,0.35834402,0.7831228,-0.13298155,0.11800667,0.3628278,0.11037293,-0.33309972,-0.1548054,0.22817671,0.332142,0.024438566,-0.16750707,-0.76515156,-0.3039359,0.026615955,-0.1986607,-0.0151269175,0.2483769,-1.2141238,-0.39264396,-0.41513082,0.11089254,-0.2695937,-0.72685903,-0.20947011,-0.105921544,0.1790782,0.028506095,-0.73824257,0.093215,-0.57998455,-0.44052222,0.060483135,0.66800356
382,negative,-0.24784541,0.27419057,0.16699465,0.0406279,0.03316953,0.06627082,-0.24582545,-0.044847228,0.10434873,0.23693499,-0.28324622,-0.03580981,0.18723728,0.018797688,-0.06756872,-0.06548582,-0.047060125,-0.102120526,-0.33506685,0.03884487,0.31838924,-0.16828257,0.18132736,-0.08084399,0.07536927,-0.16825333,-0.04523534,-0.30315173,0.086662024,-0.052577242,-0.018536638,0.26600873,-0.17428778,-0.0736632,-0.009212094,-0.025493402,0.13023092,-0.09903791,-0.060489666,-0.08468264,-0.4242405,-0.031451542,-0.066146374,-0.26860538,0.12657075,-0.10249408,0.3136345,-0.16658126,-0.2092682,-0.6368413,0.08337451,-0.06668057,-0.13100559,1.0323993,0.1777849,-1.9912614,0.053287838,-0.24178508,1.373032,0.4158084,-0.09340842,0.41309372,-0.098179124,-0.21070045,0.82273126,0.21039604,0.2128499,-0.030851567,0.32567817,-0.06405933,0.15232305,-0.23128505,-0.29730353,-0.06846286,0.15510939,-0.17467844,-0.10987459,0.06308371,-0.7878119,0.07902636,0.59891784,0.0032218124,-0.33330414,0.07295165,-1.1454029,0.09286363,-0.06607406,-0.050005518,-0.16040304,-0.30732712,-0.09005409,0.060462665,-0.22062854,-0.09933931,-0.36681917,0.022438208,0.028821213,-0.2149511,0.43501842,0.14656384
383,negative,-0.38923794,0.072120525,-0.37240654,-0.2330231,0.30900672,-0.09602254,0.32641926,-0.017186644,-0.034731947,0.095195636,0.23486462,-0.3324221,-0.01514173,0.19085331,0.09880538,-0.2103963,0.4321936,-0.6765999,0.24490309,-0.6693835,0.06606159,0.15254451,-0.18123044,0.20289302,0.4868344,-0.37658244,-0.16037239,-0.3169886,-0.20982979,0.15729322,0.2007289,0.37520823,-0.49801615,-0.095111236,-0.612583,0.20412412,-0.061236277,-0.24217711,-0.28319913,-0.36295173,-0.40654778,-0.33759958,-0.29257742,-0.0098359445,-0.39882973,-0.41424468,-0.15718208,-0.36079934,-0.19019881,-0.82843024,0.38357437,0.21633448,0.566428,0.9538356,-0.3408976,-1.8896079,-1.0982925,0.18914886,1.8761408,0.37167946,-0.31090984,0.6620689,-0.57595843,0.067943186,0.6379568,-0.4008607,0.4315036,0.4332253,0.006601602,-0.33310744,-0.22840635,0.4412598,-0.06273346,-0.26026475,-0.13969295,0.49555135,-0.12887704,0.31589407,-0.9427112,0.36043555,0.42055064,0.07625547,-0.20816623,-0.05106432,-0.87341774,-0.6497954,0.11377065,-0.2136155,-0.059389766,0.044876523,0.419692,-0.02352902,0.13599126,0.5329732,-0.85377544,0.124628775,-0.13211846,-0.28142735,0.47917494,-0.15884717
384,neutral,-0.051196314,0.16569899,0.22346908,-0.17692795,-0.21906927,0.116803534,-0.15793821,0.12492862,0.11714476,-0.18360378,-0.023242632,0.1090102,0.123212576,-0.00050303334,0.15556315,-0.000944399,-0.15279597,0.21382734,-0.13518651,0.25909722,0.1886572,-0.100061215,-0.03989417,-0.12123217,-0.005325581,0.16577393,-0.1739856,-0.4532375,0.39428958,-0.13868113,0.012123309,0.29986024,-0.05526232,0.16685285,-0.05581479,0.18681768,-0.11546284,0.19440266,-0.0041128593,-0.249952,-0.17603666,-0.14441831,-0.14144441,-0.24569318,-0.15786417,-0.01144909,0.15654622,0.004774329,0.031916823,-0.6957646,-0.063726954,-0.06100019,0.1321261,0.6632142,0.07108546,-1.6596297,-0.050490104,-0.09315123,0.9723625,0.39489838,-0.0017928141,0.8316876,-0.20541534,-0.123294294,0.5258855,0.22389,0.2736939,0.0642278,-0.09031481,-0.40648767,0.09669902,-0.2150319,0.032863103,-0.25534093,-0.021972219,-0.022318166,-0.050393436,-0.16843247,-0.2067214,-0.028352488,0.41584778,-0.061199583,-0.57185674,0.10139974,-1.1337999,-0.10388962,0.2641518,0.05352181,-0.24287435,-0.15030019,-0.029434646,0.055973254,-0.0020655948,-0.15988378,-0.37172374,-0.1502507,0.07620123,-0.34291592,0.24956018,0.03841682
385,neutral,0.113258705,0.24171726,0.21935287,-0.2487057,-0.36358804,-0.12954985,0.09895379,0.1268657,-0.13969447,-0.26375616,-0.12382158,-0.037584156,0.15388095,0.12959965,-0.20797591,-0.20794481,0.30939066,0.1792692,-0.41119772,-0.079703495,0.19244394,0.074091025,0.14263266,-0.10836064,0.325037,-0.1903467,-0.30412132,-0.50353575,0.50727594,-0.024250789,-0.2271716,0.5785666,-0.1502006,-0.22621143,0.08164009,0.108427234,0.13580404,0.0655381,-0.11879315,-0.20033084,-0.33475924,-0.09885166,0.29350924,-0.21662739,0.114319116,-0.068556294,0.09213669,-0.1290136,-0.028195823,-0.5073428,0.060783755,-0.033891328,-0.24779905,0.42370364,0.06385889,-1.5413985,-0.14421687,-0.0013617049,0.95715874,0.62930095,-0.01622631,0.05606991,-0.34267282,0.028194742,0.43178862,0.038097087,-0.002953048,0.5560853,-0.055102255,-0.26833636,0.099166594,-0.10356467,-0.33906895,-0.528212,0.16462928,-0.11708702,-0.17436284,-0.11811765,-0.52727735,0.014512274,0.29572135,-0.1726294,-0.2832913,0.07664001,-0.78071314,-0.056487575,0.08783743,0.4425233,-0.020578971,-0.17458226,-0.2477758,-0.1294431,-0.21574676,0.031442385,-0.28115958,-0.049831107,0.046471514,0.25330898,0.30873543,0.15195319
386,negative,-0.45097598,-0.11015867,0.3593665,0.30377176,-0.09699344,-0.42289802,-0.24611008,0.29504254,-0.16602464,0.4129623,0.009615304,-0.10684032,0.25490546,0.3101545,0.05000866,-0.23451412,-0.122855745,-0.18031803,-0.5457551,-0.23422098,0.29456264,-0.2699185,0.09829793,0.0054028085,-0.05606799,0.1295164,0.10990921,0.41451305,0.33520326,0.07458918,-0.34158117,0.34667325,-0.032253366,0.14301369,-0.1165426,0.0031437713,0.23000243,-0.19409211,-0.15506195,0.14465612,-0.7149348,-0.016133798,0.36561745,-0.079087995,0.57192516,-0.35578582,0.18707837,-0.10532479,-0.13574398,-0.25039366,0.03204757,-0.07627646,0.14107484,0.88249797,-0.27789,-1.7318531,-0.11958078,0.13708064,1.3946453,0.19789745,-0.29487294,0.22863565,-0.13118522,-0.15390655,0.30997884,0.3047231,-0.2364043,0.069866076,0.088206954,0.016183848,0.24639009,-0.45297617,-0.4609694,-0.5031896,-0.124827266,-0.0010481067,0.1708611,0.2750427,-1.0493499,-0.0805818,0.6578401,-0.16590236,-0.024861844,-0.15329649,-0.5583634,-0.12542213,0.1458984,0.22129491,0.2591622,-0.15138425,0.23517136,0.25285566,-0.22961986,0.061677504,-0.3716306,0.2836769,0.14239521,0.09326677,0.46437418,-0.12122999
387,neutral,-0.15612182,-0.111853965,0.25590935,-0.05207963,-0.22974281,-0.03188192,-0.1931531,-0.019900043,0.0454023,0.024934294,-0.1640414,0.033831753,0.12010819,-0.00054337195,-0.010427374,-0.11909633,-0.03164107,-0.02538093,-0.4766619,0.14184465,0.41578034,-0.084360324,0.12545668,-0.033638354,0.04917371,-0.022374945,-0.15620634,-0.185532,0.31490332,-0.16383463,-0.16171339,0.053915266,-0.055638593,-0.013555063,0.11844725,0.020653624,0.27569452,-0.115010776,-0.19862159,0.029604772,-0.43254635,-0.11302229,0.022182677,-0.17942487,0.16807503,-0.18518089,0.29410335,-0.16047783,-0.19076149,-0.73276556,0.007174768,0.25239873,-0.06321371,0.8737355,-0.07669857,-1.9882479,0.04711686,-0.35082716,1.0663811,0.36777177,-0.15948215,0.3129858,-0.18890166,-0.3128821,0.64782876,0.17086354,0.029566761,0.10636,0.0353111,0.028209763,0.29587796,-0.3447279,-0.24892634,-0.30192107,0.18960269,0.06774558,-0.0014818464,0.14390169,-0.76816285,0.3366731,0.48634312,-0.13491154,-0.22196436,-0.0021300213,-0.81582546,-0.12286162,-0.06765152,0.13145134,0.103700235,-0.4938566,-0.19425917,0.009589613,-0.3132701,0.12951732,-0.43392128,0.17161213,0.09589147,0.015890166,0.32029787,0.17793065
388,neutral,-0.28436777,0.30576602,0.12994608,-0.11486502,0.01788119,-0.006697925,0.07268836,0.17133027,-0.31846517,0.14777718,0.076441325,-0.2987748,-0.055318166,-0.0074435477,0.05691979,-0.1289565,0.29804412,0.09089169,-0.43744513,0.19276246,0.048840202,-0.18594803,0.3012042,0.0064847646,0.33215302,0.46691883,-0.014588583,-0.29119375,-0.080002815,0.3612587,-0.46512222,0.54343414,-0.3092331,0.0163001,-0.042077545,0.07119598,0.17762855,0.16076806,-0.09249044,-0.14500353,-0.42724204,-0.23382495,-0.1682615,-0.18046272,0.38931912,-0.1142678,0.052806392,-0.17870496,-0.340652,-0.6099015,-0.27594548,0.15160052,-0.17681989,0.9583526,-0.14671716,-2.1191547,-0.291588,0.11894689,1.5832303,0.21446715,-0.09728153,0.49292952,-0.2937442,0.048131786,0.6207739,0.050437465,-0.16400138,0.4983491,0.38184404,0.04233083,0.20306256,-0.41543192,-0.038641535,-0.22956936,0.003618303,-0.059628773,-0.17339033,-0.22677234,-0.5248002,-0.06397225,0.9534837,-0.1541292,-0.26704738,0.1667624,-0.8136697,-0.13429601,0.009401095,0.03932288,0.44878954,-0.010479626,-0.15089682,0.16597812,0.17386058,-0.24953203,-0.5411668,0.32400447,0.109646395,-0.073148586,0.47597212,0.17571674
389,neutral,-0.11856925,0.26555997,0.39387769,-0.038617175,-0.23271926,0.038351435,-0.058663286,-0.19865164,0.12263941,-0.0055845873,-0.1395309,-0.1540478,0.11984868,0.019764699,-0.11647567,-0.010269121,-0.14357895,-0.15076582,-0.32139626,-0.10268587,0.16033095,-0.06295068,0.20251505,0.105003014,0.111959316,-0.056879338,-0.16808237,-0.111985676,0.23099847,-0.051491402,-0.062336586,0.25298494,-0.17973094,-0.11969509,0.18228994,0.24715607,-0.03268163,-0.12702148,-0.15591033,-0.23518515,-0.45680103,0.0070455186,-0.0063330582,-0.18613735,0.0009775534,-0.12946406,0.31396937,-0.25369698,-0.12808172,-0.73457205,0.22110245,0.10060777,-0.057334792,0.8462199,-0.12923889,-1.7137461,0.058661442,-0.27031615,1.1890813,0.36001784,-0.08568143,0.5532529,-0.2352326,-0.24019267,0.5121745,0.03382156,0.10398996,0.28142935,0.14051503,-0.19741483,0.11700522,-0.426543,-0.14455819,-0.34226486,0.106724694,0.07602175,-0.24073519,0.091246665,-0.68316066,0.038374193,0.44688576,-0.14869598,-0.35989705,0.18117999,-1.0092356,-0.2292871,-0.15211153,0.071126,-0.09433982,-0.38480377,-0.16571158,0.10221579,-0.003018169,-0.0034157012,-0.30709663,0.19175784,0.020940593,-0.014828103,0.34113926,0.41503975
390,neutral,-0.25010824,-0.021281354,0.01080009,0.040665332,0.0046700477,0.4062611,-0.39758164,-0.09233058,0.03819395,0.4250522,-0.5570246,-0.10558589,0.14433214,-0.06385062,-0.2755285,0.16615392,0.041963328,-0.08790038,-0.5650732,0.19127916,0.27139515,-0.067534514,0.18421471,-0.3930869,0.10832935,-0.060905233,0.031077716,-0.5149381,-0.09062003,-0.2374273,0.06021915,0.6067133,-0.16409777,-0.048886433,0.093104064,-0.074736126,0.28253606,-0.120638005,-0.40334865,-0.55192584,-0.3234955,-0.17247708,0.38209066,-0.21434557,-0.30099556,-0.16021366,0.31449363,0.13111562,-0.15578416,-0.3296077,-0.22690982,-0.17454839,-0.066519484,0.7070784,-0.09207005,-1.3912725,0.14303656,0.047712665,1.0863384,0.0077712005,-0.14582331,0.40659925,-0.368467,-0.15557697,0.8832211,-0.082768604,0.08001027,-0.19395006,-0.23235226,-0.1410898,0.27087104,-0.14248209,-0.22549146,-0.25042614,0.042910203,-0.01101193,-0.14393184,0.20963658,-0.33236235,-0.021627866,0.2847587,-0.23637082,-0.24577317,0.028365253,-0.5017207,0.5192109,-0.012400331,-0.12998192,-0.07553668,-0.3195659,0.3134225,-0.10827308,-0.11091255,-0.16824901,-0.25741827,-0.19827217,-0.404113,-0.7224987,0.61703753,0.32222
391,neutral,0.16792603,0.29932085,-0.7882789,-0.19084607,-0.06405108,0.55556256,-0.18588004,0.16360398,-0.06546321,0.47442555,-0.3592598,0.103680976,-0.00344718,-0.32767949,-0.21927279,0.4258035,-0.18812235,-0.21400915,-0.19279876,-0.25421694,0.67337894,-0.24862307,0.34426382,-0.029788654,0.07434338,-0.12253746,-0.121975094,0.27923316,0.55446017,0.18869562,-0.42359325,0.09499966,0.25243428,0.42973086,-0.151044,-0.19276054,0.3332962,-0.016531281,-0.29081133,0.02379087,-0.6842887,-0.092535175,0.60331804,0.16761097,0.17113084,-0.518298,0.29332304,-0.19830696,-0.08814944,-0.28414816,0.36677796,-0.13053271,0.08709997,0.7796114,-0.22469836,-1.292336,-0.08896818,-0.025774678,1.287623,0.25242734,-0.5448801,0.23052143,0.11199491,-0.3309671,0.3883345,0.036619198,0.02985994,-0.102884375,0.07843818,0.18738286,0.13930666,-0.5644796,-0.62010926,-0.5361385,-0.38340834,0.44364864,0.65165335,0.060314737,-0.8220269,0.059745885,0.4180938,-0.13216595,0.37845546,-0.09258009,-0.89645225,-0.16704254,-0.008325044,0.6228139,-0.12107097,-0.19419335,0.33000758,-0.3662094,-0.2323125,0.59752095,-0.07961145,0.05269991,-0.089483574,0.18775249,0.56877553,0.3100937
392,neutral,-0.012344956,-0.12720089,0.29210824,-0.13916196,0.043318067,-0.06328364,-0.13184541,0.24584289,0.10177312,-0.105373956,0.010836695,-0.20059726,-0.0009820205,-0.040292915,0.030001707,0.17535494,0.13739198,0.08686273,-0.09506714,0.10335261,0.37188843,-0.06640705,0.121511,0.117212355,0.43294394,-0.07889314,-0.034572333,-0.35560176,0.3577536,0.07499825,-0.055471748,0.19182134,-0.37598112,0.22796781,0.18424739,0.03950965,0.09115815,0.042191934,0.029545307,-0.2351032,-0.25475255,-0.16809359,-0.11651087,0.0313675,-0.19621404,-0.19745806,0.15008801,-0.13769667,-0.061347853,-0.63637775,0.0296168,0.23300442,6.181048e-05,0.8500455,-0.07549262,-1.8051167,0.0009405188,-0.1058901,1.169713,0.2520052,0.06399375,0.46450007,-0.047014132,-0.07112525,0.6100185,0.24872005,0.1437628,0.22451207,0.020269927,0.16481164,0.32652354,-0.18182349,-0.115961894,-0.013484861,0.09269567,0.044500373,0.11408746,-0.17896037,-0.38328874,-0.0004538739,0.3255477,-0.23695053,0.0072406754,0.17508808,-0.9117618,-0.11554569,-0.012965675,-0.019195924,0.3430349,-0.36623162,-0.21317649,0.111944504,0.024171015,-0.06387771,-0.15150256,-0.10016499,0.09899204,0.0826639,0.63124657,0.14914264
393,neutral,-0.22554633,0.0012150635,-0.013275643,-0.046734456,0.08972871,-0.16526732,-0.0664945,0.19133264,-0.2554214,0.43260592,-0.06476651,-0.30129123,0.19317186,0.117850296,0.17519897,-0.092912495,0.086366504,-0.04723285,-0.63168675,0.09982668,0.40985155,-0.079691425,0.14429644,-0.15434024,-0.049713325,-0.017034614,-0.04503018,-0.12070501,-0.109011784,0.09012479,-0.06561082,0.25323072,-0.10583519,0.16051227,-0.012359511,-0.12936305,0.15340498,0.09364779,0.118181854,-0.06717583,-0.1795872,-0.23639221,0.17312947,0.092595875,0.43375117,0.0752355,0.087659284,-0.006649542,-0.0400063,-0.3346864,0.12500577,0.06306311,-0.07325528,0.75516385,-0.050623115,-1.9660411,-0.061503366,-0.37484178,1.6081089,0.4156757,0.06492982,0.42147648,0.24417233,0.009761629,0.49966806,-0.031061387,-0.013447285,0.24963467,0.17735945,0.2562107,0.029869298,-0.3734375,-0.16544263,-0.436385,0.11502195,-0.17630498,0.026436573,0.18886149,-0.6968207,0.11394106,0.53371805,-0.07284052,-0.35860088,0.038102478,-0.79795665,-0.080730185,0.2582256,-0.03163792,0.15991895,-0.10760372,0.20009665,-0.03147071,-0.13072811,0.11883028,-0.40477535,0.33488953,0.079160325,-0.13205656,0.57994926,0.097196415
394,negative,-0.18545018,0.22794878,-0.030153211,0.119190104,0.033904687,-0.24498145,-0.42962733,-0.100549944,0.25355443,0.68570477,-0.15021965,-0.12755084,0.18682538,-0.086136095,0.08434933,0.20292506,-0.3731352,-0.0875351,-0.60500056,0.110146284,0.26801035,-0.1937508,0.11102078,-0.15356326,-0.0662812,0.10224638,-0.12776263,0.05985847,0.1577793,0.021661226,-0.043577116,0.11654684,-0.04028532,0.04418584,0.014224994,-0.061541688,0.38798422,-0.1191936,-0.055198886,0.18444149,-0.48823756,-0.05456976,0.16099562,0.035376925,0.25913525,-0.30847332,0.34788105,0.048251066,-0.15430671,-0.3756829,-0.002798019,0.1330281,0.13752866,0.93994725,-0.13170129,-1.5877398,0.07032002,-0.2775182,1.2204808,0.22024982,-0.10383558,0.1724747,-0.046312567,-0.2334028,0.58178645,0.30663478,0.0047212867,0.18254924,-0.15414529,-0.07826876,0.23455133,-0.4214222,-0.23370574,-0.51409644,-0.044149183,-0.0747495,0.06993547,0.20587023,-0.65068066,0.023296604,0.81022745,-0.024876002,-0.2693739,-0.004046235,-0.8079228,-0.063566074,0.024884168,0.2929306,0.029438876,-0.25864714,-0.0442327,0.12705578,-0.33845398,-0.1416337,-0.41946954,0.058045615,0.054135825,-0.014769735,0.47209513,0.20418966
395,negative,-0.28490958,0.2237315,0.21062416,-0.18420982,-0.01435452,-0.37370276,0.12569438,-0.19947374,0.03164057,1.0067507,0.39469144,-0.00567661,0.46862677,0.4246276,-0.21628454,-0.1745729,0.30729058,-0.1477037,-0.2009311,0.0479541,0.6770872,-0.31361586,0.17194532,-0.2677026,0.09380884,0.3052979,-0.5282329,0.48824406,0.24571322,0.21719646,-0.30418992,0.3742237,-0.042273544,0.11540538,0.38853708,-0.0048602605,0.1636396,-0.089942895,0.54505324,0.16999842,-0.42720234,-0.03659078,0.21379307,0.37872574,0.81446743,-0.0071884077,0.072086014,-0.05102782,-0.061214313,-0.05384621,0.10552956,0.90456474,0.16085607,0.88239855,-0.23638,-1.3432775,-0.29586464,-0.14024007,1.7026503,0.49701214,0.21913342,0.38398117,0.4075215,0.13778974,-0.11047957,0.37249693,-0.3133857,0.26491964,-0.18418515,0.4468604,-0.10028889,-0.57433355,0.20631473,-0.11080393,-0.0007996275,0.26818556,0.64050245,-0.13767152,-0.8840949,0.1656607,0.4366629,-0.5114615,-0.08715377,0.3469942,-0.4844923,-0.50875163,0.57924634,-0.07055185,-0.14043437,-0.163455,-0.17122385,0.45742387,0.03036645,-0.04887929,-0.24098815,0.3496285,-0.083423324,-0.053575013,0.28137064,-0.31766418
396,negative,0.09807568,-0.074033156,0.22228603,-0.20719828,0.07371167,0.026452964,-0.271851,0.0024996113,0.14076957,-0.12059474,0.19388627,0.015109565,0.15208432,0.032937683,-0.16733404,-0.06999444,0.36518627,0.18640678,-0.52989674,0.28707147,0.19444868,-0.21706009,0.15269691,-0.0420453,-0.018180931,0.0808119,0.24668063,-0.44876435,0.15961874,-0.087603465,0.24189219,0.4281655,-0.27119148,0.17133997,-0.04158105,0.08369255,-0.14787692,0.026188074,0.24025972,-0.24148442,-0.25848553,-0.080562614,0.059728183,-0.24288811,-0.054329872,-0.28725684,0.06635886,-0.2908757,0.029501047,-0.61369663,0.46831232,-0.116387166,0.014256384,0.6685219,-0.1687452,-1.5736732,0.060877908,-0.12132761,1.3138524,0.40107727,-0.18260866,0.40135255,-0.1336093,-0.36391127,0.8495584,-0.15082075,0.23509538,0.675459,-0.08087046,0.07239274,0.1389449,0.19284764,-0.39479825,-0.4785504,0.036864597,0.20750836,-0.28231585,-0.08990101,-0.8132665,-0.009702053,0.36195165,-0.17116743,-0.173994,-0.016914524,-0.9145962,-0.1043626,0.052106857,-0.016872933,-0.04179087,-0.12068967,0.103015736,-0.2767502,-0.16313371,0.012907068,-0.08151488,-0.027687324,0.09292701,-0.06311023,0.36153963,-0.041988865
397,neutral,-0.083530255,0.2552227,0.20139828,-0.045267165,0.027919238,-0.44207275,-0.26717663,0.060304135,0.14597215,-0.011765065,-0.27643245,0.033093225,0.07617146,0.0019073186,0.05266246,-0.14889286,-0.092957005,0.083795615,-0.279515,-0.055981524,0.2133282,-0.10823843,0.19099216,-0.05884769,-0.049691275,0.14694934,-0.21375452,-0.19532044,-0.026644472,-0.10989592,-0.06337905,0.3264183,-0.23958488,-0.09971166,-0.005412763,0.15445913,0.26807505,0.06294202,-0.18704516,-0.08671285,-0.21780019,-0.2269768,-0.1725282,-0.266473,0.2892962,0.08103537,0.20216346,-0.06660926,-0.277029,-0.7182622,0.15543798,0.010776684,-0.042004667,0.7676032,0.056495838,-1.5410329,0.07807791,-0.31682792,1.396238,0.16456118,0.016806677,0.15137905,-0.22877653,-0.084006235,0.6471688,0.06656089,0.18456736,-0.13304932,0.3288149,-0.37989444,-0.06451706,-0.33418584,-0.016115041,-0.12283139,0.22013703,-0.04514182,0.057362992,0.004340575,-0.6972968,0.18333416,0.6280159,-0.0026263462,-0.42908636,0.06822613,-1.1320326,-0.13008565,0.18393257,-0.058562707,-0.2042909,-0.26340437,-0.046528745,0.041619398,-0.10502664,-0.23955527,-0.36569172,0.055756196,0.2661337,-0.23225267,0.6091796,0.115541555
398,neutral,-0.09443389,0.15683416,0.2671347,-0.10559266,0.11493099,0.13061664,0.31916812,0.46528804,-0.33242235,0.09475482,0.28455552,-0.14983906,0.18877852,0.15619776,0.1598849,-0.27647978,0.10012901,0.056541245,-0.33560333,0.0308482,0.6027402,-0.19576424,0.062702924,0.24505466,0.47657555,-0.13418798,-0.19022864,-0.105723396,0.24609296,0.1641968,-0.13025704,0.16076788,-0.0209778,0.091510646,0.111096844,0.09995282,-0.20699482,0.089405246,-0.116334915,0.012818772,-0.3823972,0.0115139475,0.4368819,0.045306772,0.26102096,-0.11182617,0.13476726,-0.5752281,0.06316854,-0.64709544,-0.124206126,-0.11248737,0.14400502,1.0789404,-0.21108648,-2.6310356,-0.13586289,0.00366153,1.7575381,0.73913044,-0.45605257,0.7093953,-0.13430594,-0.016832404,0.5233876,0.10647284,0.13589375,0.22837438,-0.13255854,-0.14593346,-0.1259075,-0.22029293,-0.25241086,-0.2617918,-0.012935807,0.36995822,-0.28451994,-0.19306913,-1.0258378,-0.017839361,0.5705146,0.016595887,-0.21389933,0.22762594,-1.1816611,-0.14846733,0.21676993,0.037561253,0.11507565,-0.093985856,0.003511428,0.08672155,-0.13179423,0.110419534,-0.69256413,0.08809401,-0.069237344,0.18574512,0.45616046,-0.105405375
399,neutral,-0.27977967,-0.07630493,0.31127903,-0.08392485,0.04513525,-0.35637948,-0.06714041,-0.059052493,0.06883326,0.80969614,0.29919335,-0.16382442,0.3499789,0.13987438,-0.10372166,-0.10268815,-0.28639194,-0.2979561,-0.49549758,0.2694793,0.54846704,-0.083270796,0.24812834,0.0055801673,0.043773737,-0.1337561,-0.48667264,0.077148914,0.48537728,0.10069936,-0.25842467,0.13947147,-0.026906338,0.106804624,0.1737241,-0.036759783,0.15458494,-0.05080073,0.01116313,0.07838719,-0.39790425,-0.07791295,0.27087754,0.3136044,0.7602092,-0.0692359,0.22734123,0.02013361,-0.05926995,-0.25866157,-0.03224451,0.46386018,0.27980682,0.8505105,-0.25194153,-1.5268067,-0.25837582,-0.24744554,1.4236197,0.50680476,-0.01703829,0.10979669,0.11460234,-0.09728886,0.25327185,0.23112033,-0.35341573,0.12852268,-0.44266915,0.16161698,0.23908846,-0.38289008,-0.24760829,-0.32057267,0.011682613,0.2452367,0.32638645,0.22019611,-0.9079317,0.14024623,0.9371354,0.008247464,-0.07668053,0.35713494,-0.31855765,-0.36183348,0.12094108,-0.0062289536,0.16837646,-0.296306,-0.22996327,0.28453663,-0.13801295,-0.2332423,-0.4696934,0.5468725,0.02432867,0.1271719,0.4086282,0.19416487
400,neutral,-0.073158436,-0.02100706,0.15085542,-0.039858144,0.31470218,-0.4092036,0.04732605,-0.008688317,0.29667085,-0.044487342,0.05820847,0.032105003,0.49290437,-0.068222135,0.03935581,-0.23569176,0.035582095,-0.111917704,-0.20195094,-0.23434108,0.5754682,-0.27608904,0.26003987,0.08617445,0.122074015,0.018570706,-0.488049,0.08481461,0.26367858,-0.37874594,-0.25620946,0.044394042,0.12834208,0.12705621,0.15256426,-0.03698015,0.12981644,-0.10497153,-0.23359026,-0.15093736,-0.47108102,-0.34760284,-0.0972378,0.15164804,0.13659377,0.05180713,0.23145889,-0.13518713,0.041339546,-0.13799827,0.2154223,0.423485,0.09388457,0.9907055,-0.20764375,-1.5069054,-0.033033498,-0.54271024,1.0713937,0.35159802,-0.58961415,0.5420032,0.022570081,-0.11798175,0.2846533,0.52354676,-0.11147157,0.13090676,0.049441177,0.02399003,0.1292813,-0.13531533,0.3371447,-0.20136257,0.0748777,-0.10277831,0.07821268,0.2537004,-0.48629427,0.1109069,0.36402437,0.006084711,-0.0984438,0.2151731,-0.5062133,-0.17007048,0.1687012,-0.12941992,-0.06320332,-0.32033724,-0.25648582,0.5903782,-0.19722925,0.002952003,-0.3458559,0.16476236,0.07119707,-0.08461288,0.09378022,0.053173386
401,negative,-0.034766614,0.3539492,0.27899358,-0.20167974,-0.03450169,-0.5136266,-0.5264179,-0.42939088,0.059735626,0.21610382,-0.20672768,0.09418507,-0.10682944,-0.07623788,0.074817054,0.0866447,-0.59665054,0.014938754,-0.09142096,-0.23071475,0.36573204,-0.29604182,0.13110197,0.09366002,0.03882207,0.32200268,-0.34276626,0.10621462,0.17167489,-0.010191921,0.021876806,0.018843995,-0.4542657,0.13691714,-0.2949041,-0.22886352,0.33127916,-0.31569803,0.0009180325,-0.14704165,-0.61527675,-0.11405132,-0.32713643,-0.20231296,0.55906606,-0.0007632556,0.54616,0.00874313,-0.19454347,-0.8690164,-0.16690044,0.25193888,-0.12615407,0.8395351,0.2516675,-1.7037139,0.24514344,-0.19551672,1.0137744,0.17275293,0.22277738,0.34028468,-0.35307327,-0.35940492,0.6893983,0.44530904,-0.042662323,-0.22063355,0.40157467,-0.40585884,0.40591398,-0.24573895,-0.34500238,-0.034840513,0.11286825,-0.21731037,0.17903358,-0.035753194,-0.6510451,0.12141853,1.0910681,-0.048705753,-0.5738938,0.21439426,-0.48509824,-0.5228394,0.12607913,0.12873048,0.15347835,-0.54191273,-0.018839434,0.2522122,-0.29182833,-0.22787397,-0.3096626,-0.15541247,0.2692303,-0.08016936,0.41711697,-0.09514703
402,neutral,0.16837962,-0.06409164,0.24245678,-0.23653324,0.032853603,0.24419807,-0.38300282,0.38642266,0.35956907,0.6760493,0.04624928,-0.24210303,0.2626059,0.24096555,-0.037654027,0.09779777,-0.23210017,-0.19125718,-0.50860244,0.02257289,0.39196876,-0.45250323,0.07872718,-0.48664996,0.015778035,0.058241833,-0.17765574,-0.081141375,0.43042436,0.48143196,-0.042928744,0.1411346,-0.27915308,0.32254165,-0.038532116,0.071623966,0.25267592,-0.16163619,0.31582883,0.11962734,-0.43790856,-0.15213855,0.28021073,-0.18160024,0.055027973,-0.28162062,0.16553962,-0.097856686,0.18320668,-0.51326174,0.21848445,0.18144035,0.26053753,1.1770093,-0.1861165,-1.8387402,-0.28253943,0.054789763,1.3160043,-0.059117414,0.051332984,0.44116774,-0.19256663,0.054598156,0.36740926,0.016031114,0.25964472,0.17474169,-0.2585613,0.31137007,0.03685011,-0.4084788,0.098282024,-0.6497978,0.34893057,0.29038066,0.5829517,-0.1459876,-0.7567099,-0.18861583,0.7854396,-0.09150586,-0.31762472,-0.1673414,-1.0905045,-0.23092496,0.2025839,0.3458965,-0.0130360685,-0.27570558,0.25565964,-0.018578595,-0.17843524,-0.010497622,-0.5264669,0.40089887,-0.20457353,-0.11231051,0.53037214,0.10317719
403,negative,-0.03577112,0.112551294,0.26224327,-0.18860058,0.0500818,0.26031616,-0.4228887,0.044827543,0.06968565,0.1500876,-0.122880965,0.148375,0.18545699,0.052929517,-0.10822143,-0.035021957,0.2310147,-0.051340234,-0.6375855,0.205258,0.0872314,-0.28019837,0.30874267,-0.21176252,-0.07993921,-0.06465868,-0.14060354,-0.37180424,0.33217248,0.15952975,0.24778646,0.39315134,-0.11252426,-0.037014063,-0.057907287,0.060656175,0.0025861647,-0.0984176,-0.0012792309,-0.058711454,-0.5842304,0.07752259,0.22840305,-0.108448915,0.09057736,-0.2446302,0.16147341,-0.3280142,-0.3699361,-0.549361,0.16551387,-0.011656317,0.20900227,0.9450509,-0.11254279,-1.5719285,0.14862129,-0.20056207,1.3563421,0.32230058,-0.14304782,0.2988692,-0.19690749,-0.30782562,0.72317755,0.15914017,0.15794416,0.34529588,-0.021172438,0.082492314,0.18284334,-0.3227702,-0.038274445,-0.32235366,0.036381025,0.10382963,-0.13163568,-0.012919573,-0.7358758,-0.11583475,0.5925812,-0.24636987,-0.104909,-0.016969718,-1.1933882,-0.106846206,0.09227414,0.021087304,0.23034422,-0.28811714,0.17077047,-0.23248877,-0.12959807,0.13769145,-0.3659648,0.026909469,-0.06038144,-0.18062353,0.40912718,0.0048039933
404,negative,-0.06591826,0.38067213,0.29679492,-0.009005352,0.03241041,0.09764049,-0.16476636,-0.0095708845,0.10963457,0.15635914,-0.06767809,-0.0865926,0.19100906,0.01065519,-0.04935499,-0.22055101,0.092192605,-0.020251729,-0.3109827,0.124016225,0.383314,-0.1839583,0.032005664,0.03804613,0.19035578,-0.028642643,-0.13180605,-0.119766384,0.16536552,-0.043031763,-0.049918428,0.29534495,-0.09674763,-0.13774946,-0.2675289,-0.0030485163,0.0326908,-0.037057787,-0.039815973,0.06035635,-0.3989233,-0.13428804,-0.038551204,-0.14074422,0.21495228,-0.010191351,0.19347033,-0.16073424,-0.15696305,-0.5381997,0.018252376,-0.036050346,0.011253582,0.9244456,0.011623241,-1.6844661,-0.0054609985,-0.18134196,1.2682182,0.28766873,-0.04198494,0.5590573,-0.14764348,-0.24895766,0.5399447,0.016102767,0.13009113,0.11234704,0.113617055,-0.044070043,0.24745457,-0.2657027,-0.22703472,-0.18051584,0.23680782,-0.034329742,-0.030940622,0.105573796,-0.6728868,0.11874847,0.47665715,0.0928023,-0.26384246,0.17856357,-0.911164,0.07851318,0.04014913,-0.13975531,-0.0067317984,-0.20647582,0.09102205,0.12648153,-0.12214098,-0.08471318,-0.42427894,-0.039470896,0.03973721,-0.14688845,0.34853166,0.13078432
405,neutral,-0.011528196,0.19016382,0.2254667,-0.23082392,0.084788695,0.44282392,-0.13518675,0.21407121,0.20987003,0.098059505,0.06269523,0.023614377,0.29578832,0.107678376,0.040360283,0.0986677,0.08236314,0.03894088,-0.2224493,0.011170209,0.36921835,0.045094315,0.14778876,-0.15365471,0.23862569,-0.16118078,-0.21695042,-0.17779557,0.07395683,0.06514221,-0.048580837,0.07876575,0.05447473,0.10377833,0.12390258,-0.0073993104,-0.094653554,-0.0033572924,0.12510589,-0.008685329,-0.18062483,-0.22110036,0.13935223,-0.17814723,-0.056689996,0.12689371,-0.049120244,0.045973156,0.0023081987,-0.34054142,-0.07588486,0.0077162646,-0.002691818,0.78755873,0.017322512,-1.567986,-0.18477742,-0.079945825,1.1429857,0.31063884,-0.0716573,0.66728556,0.03750648,0.12479917,0.4642663,-0.00013747602,0.22672233,0.097354606,-0.096869685,-0.090417825,-0.13469927,-0.19708487,0.075114734,-0.21822853,0.06843591,0.16282503,-0.010447604,-0.114982605,-0.43046513,-0.03335931,0.45355573,0.18124612,-0.18704867,0.0020530426,-0.76743424,-0.280111,0.12603572,-0.03910424,-0.18105379,-0.15325804,0.17489374,-0.021544248,0.097422495,-0.043541823,-0.43743154,0.12791035,-0.14203586,-0.01438335,0.37736467,-0.08932406
406,negative,-0.16644642,0.24831106,0.06439705,0.044007663,-0.07881037,0.116719894,-0.29422036,-0.09148091,0.031832047,0.13185826,-0.20117725,-0.00841255,0.27760947,-0.000920573,-0.018218422,-0.11071506,-0.060615648,-0.08233113,-0.4460959,0.22187208,0.48493448,-0.12778395,0.18613419,-0.06710272,0.05195587,0.010727118,-0.09501418,-0.24928309,0.23835984,-0.018260203,0.0029336119,0.1661732,-0.17210972,-0.006645382,0.076870084,0.002873645,0.16639313,-0.105553254,-0.015616971,0.015917912,-0.42191666,-0.05388421,0.115512334,-0.16219762,0.11917482,-0.22197554,0.22632733,-0.11384048,-0.18717752,-0.620433,0.08783119,-0.100549065,0.026227573,1.028665,0.1308989,-1.7130567,0.09083942,-0.26178676,1.3469806,0.24974445,-0.0274428,0.53575397,-0.20596799,-0.26772106,0.69848895,0.099720486,0.14849095,0.0665133,-0.0054077883,-0.034795545,0.18681924,-0.3594054,-0.17928655,-0.17408733,0.15316702,-0.04860806,-0.07905865,0.067610644,-0.65006924,0.0068073925,0.49207282,0.11710246,-0.31448722,0.13310063,-1.0757747,-0.102223694,-0.12213153,0.057790395,-0.06463059,-0.35090932,0.025008168,-0.07176844,-0.10747876,0.055570833,-0.33765998,0.10699955,0.009972272,-0.09402985,0.32874116,0.09111183
407,neutral,-0.1945437,0.21828987,0.08859192,0.11183301,-0.13697529,-0.17053351,-0.24486518,0.07542166,0.014386118,0.36729926,-0.017523007,-0.08929905,0.051515494,0.014289715,-0.013450593,-0.18153661,0.1546664,0.07349664,-0.4052379,0.2584672,-0.08758207,-0.34545875,0.016544154,-0.01269721,-0.26962176,0.035785194,-0.110028036,-0.112196945,-0.008395222,-0.07802694,0.01732918,0.3196585,-0.14293219,0.055399958,0.18488832,0.19077645,0.07537224,-0.19008054,-0.07854561,-0.004022555,-0.34591544,0.04426677,0.10364847,-0.11712927,0.20944211,-0.22226758,0.06609005,-0.1721433,-0.3021323,-0.59512883,0.21849367,0.21214882,-0.03227849,0.72034234,0.10055837,-1.2156856,0.3196572,-0.52874124,1.5560801,0.18857569,0.078538805,0.26564148,0.05556568,0.12142933,0.5496089,-0.0368632,-0.13442901,0.20517844,0.054515004,0.03504195,0.04880265,-0.47654077,0.02818118,-0.28986079,0.27222288,0.2870689,-0.0345394,0.12114622,-0.70005494,0.034448504,0.4900575,-0.27225798,-0.39458027,-0.08923408,-1.1104543,0.15315188,0.42014349,0.15473592,0.00901776,-0.11613406,-0.02825833,-0.073578894,-0.07084051,-0.15463977,-0.17009883,0.08650504,0.023688784,-0.0947843,0.31221402,0.028656574
408,neutral,0.0021542038,-0.15719922,0.042967826,-0.28745314,0.10002298,0.20645371,0.3297707,-0.040342722,-0.11606783,-0.2288926,-0.04193706,0.031233765,0.060850818,0.07438727,-0.0044807945,-0.1573919,0.17108934,-0.16086094,-0.34536293,0.18690269,0.21029443,0.06899852,0.23985189,0.23437895,0.24816264,-0.07136032,0.1921158,-0.07994611,0.15094933,-0.090408735,-0.37275958,0.34479946,0.03862522,-0.037886042,0.23115206,-0.013499844,0.07774344,0.4616089,-0.08410893,-0.24046504,-0.20817362,0.1171308,0.046784386,0.20903896,-0.033085164,-0.15161875,-0.23099211,-0.51902866,0.14355509,-0.06553757,0.24535668,-0.2589575,-0.1002834,0.21897136,-0.15657613,-1.4692973,-0.2655093,0.24268748,0.5439958,0.26637498,-0.01983197,0.22041558,-0.09767667,0.18227625,0.49859038,-0.15000565,0.17787139,0.17621964,0.17826733,0.179641,0.021853415,0.26029226,-0.08740056,-0.34211665,0.17950723,0.062566824,-0.30166057,-0.20162855,-0.50211835,-0.06732298,0.096737795,-0.13109982,-0.02549451,0.06891965,-0.54918206,-0.07631154,-0.21971448,0.1617159,0.05176607,-0.10221746,-0.14760382,-0.00017211723,-0.15901336,0.14931653,-0.16072969,-0.12625341,-0.03932581,0.011374412,0.05455973,-0.13490985
409,negative,0.15146106,-0.11762237,0.15362646,-0.12987664,0.2344995,0.0778286,-0.21126749,0.09030233,0.073303685,0.24182747,0.10122762,0.10527404,0.055249818,-0.002628842,0.07188207,-0.030402178,0.060244005,-0.13073875,-0.5226321,0.18577574,0.45869705,-0.11395597,0.23399933,0.04138395,0.18107317,-0.04602921,-0.037675496,-0.2562913,0.08167261,0.106133305,0.0032188057,0.16815974,-0.18163575,-0.015756298,-0.037813675,-0.0031766328,0.15332308,-0.044754986,-0.04515153,-0.00681086,-0.3324635,-0.11414993,0.14569543,-0.09626889,0.09106107,-0.26634338,0.12154657,-0.30606022,-0.08255898,-0.32015803,0.19705889,0.02110969,0.13067272,0.92909324,-0.18898632,-1.4859416,-0.12641363,-0.19375582,1.4114242,0.26130292,-0.061881747,0.20721835,-0.051633064,-0.17468603,0.37766013,0.08714543,0.259013,0.15635762,0.0448199,0.14670497,-0.05674525,-0.16105556,-0.04432863,-0.09643564,-0.008943776,0.06342308,0.037454117,-0.052444417,-0.4795465,0.027541297,0.80453867,0.035693645,-0.35089538,-0.11909539,-1.018681,-0.08823442,0.22008438,0.031226523,0.040945027,-0.21506657,0.13660283,0.0731629,-0.059572954,-0.11892732,-0.37808383,0.04432005,0.07098456,-0.15602355,0.32288188,-0.051799517
410,negative,0.020838536,-0.11420107,0.2405926,-0.18359767,0.116073504,0.16354483,0.023227375,0.23900309,-0.048083663,0.14298697,0.044242706,0.24377745,-0.10165617,0.034919657,0.23310326,-0.21307889,0.2726487,0.12160579,0.0313972,-0.03354252,-0.017741123,0.19456697,0.15237716,0.03735607,0.11245508,0.2008718,0.038138475,-0.06993489,0.21114442,0.12819146,0.081403084,0.32868806,0.080380835,0.2249688,0.1427311,0.050845068,-0.019377412,-0.10380244,0.06477624,-0.44766292,-0.0694922,-0.18252422,-0.1965495,-0.35192332,-0.01540318,-0.11230235,0.01637168,-0.0129798325,0.1892237,0.08592862,-0.14487116,0.18390605,0.20335354,0.56732464,-0.28925517,-1.3882865,-0.08817155,0.07675833,0.8284601,0.22454956,-0.14687672,0.37449247,-0.1187411,0.2768824,0.44466114,0.0814344,0.0972249,0.08145967,0.11772463,-0.00079721515,-0.23251647,-0.13777974,0.097421944,-0.13281046,0.056627598,0.08873852,-0.03459197,0.012388269,-0.2328884,0.07254285,0.28351992,-0.024244817,-0.05123717,0.06941705,-0.5485393,-0.1548857,0.07220941,0.24996983,0.08519587,0.17824431,0.15296978,-0.058993805,0.061967604,0.11494623,-0.19537832,-0.22633088,-0.17417459,-0.14278439,0.20192656,-0.14205757
411,neutral,-0.5845822,0.31682855,0.06886002,0.13026671,-0.138327,-0.019062651,-0.21631679,0.16518258,-0.37852246,0.2099226,0.14455196,0.16116063,0.6729951,0.42574283,-0.13105452,-0.36705488,0.11221314,-0.19276585,-0.39471263,0.498827,0.5207698,-0.28980973,0.7737919,-0.002096996,0.092091374,0.2559271,-0.49180806,-0.100256406,0.11300785,-0.11959281,-0.38918528,0.10825984,-0.45967165,0.12075189,0.22891594,-0.42112046,-0.16406293,0.1793716,-0.063601725,-0.20967197,-0.8275077,0.20519443,0.409909,-0.42123917,0.6989029,0.23532696,-0.09199161,-0.0054606562,-0.026671046,-0.14032783,0.06802038,0.4108772,0.22589074,0.966143,-0.20184381,-1.3242205,-0.7542487,-0.42193526,1.2344642,0.11957987,-0.46879268,-0.030664483,-0.27933595,0.054072667,0.080857866,0.5828645,-0.38066643,0.30377266,0.035993762,0.13150729,0.30245104,-0.19807199,-0.17210773,-0.3312374,0.1931009,0.46002433,-0.3924434,0.17322212,-0.54006505,0.06080044,0.33385396,-0.155966,0.10226528,-0.042122755,-0.34175465,-0.06758371,-0.024939258,0.1531652,-0.100299366,-0.15958455,0.11553346,0.23382865,-0.04714367,-0.25683987,-0.2270368,0.3647177,-0.19933087,0.2820734,0.2604126,-0.06557677
412,negative,-0.18838471,0.13497208,0.015526336,-0.04002459,-0.035495322,-0.09210579,-0.007511883,0.11839609,-0.13665795,0.3721298,0.047487766,-0.11787607,0.20346326,0.09387079,0.022690892,-0.07518836,-0.16842033,-0.31274015,-0.44325787,0.1785904,0.48069465,-0.062545314,0.20874076,0.11010301,0.24285588,-0.026616395,-0.17734969,-0.14883555,0.2487463,0.2518685,-0.2523145,0.13757648,-0.02064149,0.18601145,-0.011414779,0.048207294,0.12393278,0.047081605,-0.14343707,0.15724541,-0.2685432,-0.067391,0.12668216,0.034849457,0.3884702,-0.14698078,0.041641623,-0.13747203,-0.037622068,-0.7104626,0.04421146,0.15269089,0.22227079,0.8514591,-0.13193914,-1.8780586,-0.12241771,-0.08933568,1.5208932,0.33570555,-0.107681364,0.48740828,-0.16154188,-0.15087293,0.45137507,0.053269483,-0.01880558,0.048318982,-0.15197319,-0.19136733,-0.035451133,-0.3767161,-0.24805164,-0.26836613,0.04984308,0.14301462,-0.0018868446,0.13017415,-0.63193023,0.015006211,0.6618214,0.12203664,-0.31339693,0.062209763,-0.8718319,-0.07304072,-0.01483177,-0.0018185478,0.15411521,-0.06680954,0.12240866,0.06677834,-0.2550401,0.09211138,-0.6208045,0.24649075,0.21286218,0.2368253,0.5560206,0.13655911
413,negative,0.0026300296,0.45584288,0.2401176,-0.29149,0.13712701,0.22784099,-0.59335107,-0.23701043,-0.0046860413,0.2760802,-0.1601459,-0.20489791,0.55766773,0.09605994,-0.09436301,-0.07976478,-0.26103023,-0.33031604,-0.6205667,0.044993315,0.50491744,-0.17586212,0.36344096,0.10503402,-0.043294236,0.23448487,0.115620755,0.12043118,0.36084858,-0.034491543,-0.14254731,0.33568853,-0.05313476,0.08383059,0.1271287,-0.047584794,0.46548772,0.21391308,-0.11282125,-0.14755934,-0.941738,0.15772447,0.48864844,-0.38022545,0.22885908,-0.44183943,0.5589602,0.17272276,-0.027350437,-0.5025766,-0.23699619,0.366213,-0.08360934,0.8420769,-0.1930863,-1.6806543,-0.12626784,-0.10831331,1.4229913,0.25341445,0.06528899,0.14743891,0.20125541,-0.31191158,0.37401453,0.39554614,0.08207002,0.14665686,0.12745847,0.086197816,0.31432968,-0.21944085,-0.3797595,-0.26192582,-0.1932944,0.10083049,-0.26900738,0.03275021,-0.6321374,0.36997402,0.64392936,-0.14289653,0.057953704,0.046454962,-0.6456786,-0.21559443,-0.24788852,0.2465634,0.033170182,-0.1041739,0.18200526,0.018125392,-0.18431574,-0.050671943,-0.4629004,0.22257425,0.03163196,-0.016336301,0.28963804,0.12979345
414,neutral,-0.049386095,0.23348314,0.21302174,0.15623829,0.08419112,0.07766989,-0.32314342,-0.1953177,0.08218891,0.03249156,-0.21047656,-0.057126228,0.32956666,-0.2068842,-0.04575661,-0.0035101247,0.16184679,0.10829247,-0.15133844,-0.0018388282,0.16289538,-0.13467576,0.20145094,-0.18032466,-0.06742505,-0.27193838,0.030931849,-0.15821275,0.06725258,-0.010760845,0.10073563,0.25465918,-0.19731079,-0.19188465,0.070620805,-0.051298253,0.102579616,0.030223515,-0.081509724,-0.19853482,-0.22415482,-0.15385526,0.0612812,-0.25480545,-0.08187613,-0.16290656,0.1609894,-0.032155894,-0.11810702,-0.4979172,0.017568968,0.18261266,0.18973818,0.73072165,0.060422137,-1.4618192,0.09871379,-0.150498,1.3195763,0.24387619,-0.075279474,0.2448785,-0.14708932,-0.05153569,0.6009872,0.069130585,0.13234618,0.08471173,0.20485783,-0.16528079,0.004146025,-0.26194838,0.052308,-0.3618151,0.14965732,-0.16933943,-0.12577066,-0.05729853,-0.5807672,-0.04969076,0.2724814,0.0073783593,-0.42001793,0.18127368,-0.84747934,0.059747394,-0.0058002784,0.026457157,-0.10043722,-0.3231698,-0.121435024,0.038383834,-0.20456654,-0.027738703,-0.22110981,-0.017449638,-0.15554379,-0.41379094,0.23587327,0.20022608
415,negative,-0.10270943,0.19584903,0.31081682,-0.028313184,-0.06943724,-0.26345322,-0.28468052,-0.24505883,0.1969433,0.24301374,-0.27446604,-0.037391696,0.29663834,-0.047853284,-0.1368265,0.06760752,-0.11772132,-0.22921632,-0.42977372,0.001443593,0.20978564,-0.0061255987,0.2529974,0.08369184,-0.012790437,0.004153906,-0.27884024,-0.16505687,0.18401399,-0.031795148,-0.10744408,0.27086875,-0.030643973,0.032296047,-0.041228708,0.08005143,0.21529134,-0.012315543,-0.17994942,0.033538524,-0.56960493,-0.21524629,0.25102976,-0.08516285,0.17651542,-0.22241078,0.30187067,-0.08342222,-0.19139962,-0.57279617,0.113222346,0.12667143,-0.039469387,0.94146764,0.0041466583,-1.6063,0.11854877,-0.263309,1.1741858,0.2991861,-0.16960678,0.40163463,0.011556216,-0.24775878,0.52601516,0.25661933,0.045233965,0.270702,-0.025633173,-0.12862204,0.3586713,-0.27903974,-0.20050758,-0.19830771,0.07863845,0.058849093,-0.1473345,0.116916046,-0.6551942,0.16253787,0.6158147,-0.03750991,-0.20109715,-0.03181578,-0.75137645,-0.12008661,-0.016672947,0.15325251,-0.049500447,-0.51523983,-0.040781207,0.20725843,-0.31712726,-0.08663726,-0.58843815,0.07779816,0.10309958,-0.10305917,0.37587374,0.152871
416,negative,-0.06684321,0.074243374,0.3606034,-0.05003427,-0.11825104,0.011319282,-0.20021191,-0.12586775,0.078806125,0.18855502,0.16171525,0.5032888,0.015891397,0.14502238,-0.09252554,-0.22150026,0.13789882,-0.0035884222,-0.5086532,0.035448264,0.23402245,-0.270807,0.11818061,-0.016513113,0.08416124,0.2630112,-0.500201,-0.20295371,0.3155186,-0.31110707,0.15922636,0.20659181,-0.13847391,0.07571079,0.07379079,0.041863598,0.19144757,-0.38367304,0.063851744,-0.13228765,-0.41242632,-0.12719934,0.19613756,-0.20903948,0.422049,-0.0033301844,0.16280544,-0.05632583,-0.23446146,-0.52877784,0.12391728,0.14670356,0.09567569,0.8380618,0.01620231,-1.3319377,0.12098454,-0.57405907,1.0101577,0.24849713,-0.14951451,0.16449766,-0.27672288,-0.1789354,0.39310357,0.28694347,0.019115826,0.43809995,-0.28509998,-0.21907797,0.0115367,-0.16060145,-0.09704426,-0.19161113,0.063532904,0.14459787,0.06579721,0.007637128,-0.6249664,0.043407805,0.7686357,-0.14486946,-0.060940616,0.16089845,-0.59076387,-0.3706679,0.05659746,0.13380179,0.046752956,-0.20753543,-0.0002845324,-0.11155601,0.15654,0.03415371,-0.15750946,0.027699068,0.052627623,-0.09184401,0.1726285,-0.028407337
417,negative,0.009317764,0.0134009365,0.26341873,-0.05725752,-0.057089884,0.058850646,-0.35671306,0.045441177,0.12118539,0.22590579,0.05764024,-0.03033261,0.05996756,0.06616771,0.17387703,-0.30332133,-0.009402988,-0.08815415,-0.5770667,-0.15353556,0.08938527,-0.11818471,0.017836288,-0.023938123,-0.2342785,0.22862242,-0.11618836,0.117756024,-0.07289553,0.14650898,0.015028195,-0.15547602,-0.1758644,0.527236,0.046081502,0.13754773,0.069191284,-0.13535075,-0.047896247,0.08480652,-0.65730906,0.08859371,0.32003054,-0.41441044,0.70841473,0.067047365,0.0068555963,0.15299249,0.02925011,-0.5340878,0.15230902,0.20389026,0.12581283,0.7156285,-0.01707102,-1.6080819,0.2529755,-0.4924656,1.6981145,0.27831015,-0.040476054,0.4188915,-0.006735596,-0.18263535,0.60888517,0.0858265,-0.4422279,0.1841393,0.075149335,-0.10466317,-0.058746576,-0.5091688,-0.26873267,-0.557602,0.39993215,0.45115837,0.11252665,0.22740182,-0.8581497,0.008000255,0.9143092,-0.27551198,-0.34771988,-0.015042848,-0.8611091,-0.0025067357,0.37519512,0.34836486,-0.14043432,-0.23398954,0.19483036,0.07252766,0.09849045,-0.2588508,-0.3382427,0.3675195,0.15672755,0.08275176,0.24180207,-0.18487851
418,negative,0.10840225,0.5435289,0.9170638,-0.6228351,-0.3605086,-0.16884056,-0.42862105,0.09446092,0.48783794,0.2655734,0.20833345,-0.2543144,-0.08278523,0.16442901,0.26137152,0.07131192,-0.40133813,0.1815817,-0.36191437,0.51694083,0.6072418,0.24104609,0.2848107,-0.5303356,0.14568558,0.3286172,-0.31125873,-0.05661318,0.20847647,0.01980633,0.26292515,-0.07683107,0.010128562,-0.36689138,0.2358871,0.4186315,-0.27473953,-0.10282926,0.053717304,-0.02189936,-0.20355575,0.19514726,-0.07509573,-0.1239953,-0.2740985,-0.19199088,0.2001539,-0.11888864,-0.14343055,-0.836995,-0.08481229,-0.019858478,0.26982045,0.8137581,-0.306074,-1.2544026,0.22995871,0.39993262,0.72697306,0.014497561,0.19709647,0.72241944,-0.1407423,-0.5436039,0.6094402,-0.18491419,0.38560396,0.41003343,-0.09670777,0.014878071,0.09314933,-0.48329547,-0.42938378,-0.00070271106,0.08693754,-0.04993364,-0.034796562,0.06353484,-0.50588584,0.17891912,0.41355124,0.14448145,-0.04434569,0.29687423,-0.98036736,-0.036093503,-0.03720008,-0.30839184,-0.33498126,-0.40717795,-0.20589276,0.16882674,-0.23924959,0.008989679,-0.54318625,-0.23227009,-0.1519321,0.056565706,0.053675383,0.158291
419,neutral,-0.17561781,0.0037873213,0.11784526,0.008860995,0.006206924,-0.08327431,-0.14512774,-0.020395327,0.06113745,0.20926449,-0.022718746,-0.07436881,0.29349118,0.054790057,-0.012845919,-0.11330802,0.028088905,-0.20641409,-0.45450655,0.019697474,0.28688806,-0.16479757,0.09502266,-0.06890828,-0.02592745,0.03492941,-0.104420155,-0.18212348,0.26437056,0.022176245,-0.033038605,0.21765828,-0.029667858,0.040912174,0.09242338,0.0170923,0.096085764,0.041063488,-0.01639456,-0.019612841,-0.44076625,-0.024449544,0.26357856,-0.114225365,0.1371087,-0.17054315,0.19249703,-0.063495375,-0.19036224,-0.3972024,0.05522972,0.17678232,0.12879917,0.86858445,-0.10313324,-1.5756931,0.030344658,-0.26799357,1.2427818,0.3187223,-0.10761589,0.27144265,-0.018702906,-0.13974664,0.5476091,0.12607902,-0.023714747,0.21074666,-0.07472741,0.040325977,0.22262023,-0.34887776,-0.16861296,-0.40977392,0.09427985,0.017817127,-0.04834807,0.0661105,-0.7019786,0.042519413,0.5198564,-0.03804091,-0.23989199,0.12163759,-0.80575806,-0.022566607,0.093723446,0.12549078,0.056070462,-0.24736668,-0.041569173,0.015396849,-0.19638015,0.12320686,-0.33524296,0.11722787,-0.042648345,-0.11868346,0.41592732,0.17575552
420,neutral,0.06612799,0.63411206,0.44825143,0.0463064,0.06379298,-0.4529868,-0.42951685,-0.09373971,0.118856475,-0.11422551,-0.0971164,-0.36599922,0.29489216,0.37833977,-0.16035709,-0.23755337,0.6009372,-0.5324968,-0.37341163,-0.24696268,0.67311794,0.35724533,0.14211763,0.3602954,-0.004327834,-0.002093157,-0.10750672,-0.06894675,0.67759603,-0.106295854,-0.0566574,0.7020095,0.1327989,-0.23120259,0.06306198,0.12177412,0.28478464,-0.1206227,-0.33380407,-0.30339164,-0.711076,-0.17770544,0.31247622,-0.2086936,0.29175577,-0.20814107,0.44127023,-0.14295915,-0.14143825,-0.73131603,0.036740787,0.19434986,-0.11287742,1.0343641,-0.0033820812,-1.649698,0.024888916,-0.18342718,1.539625,0.37462795,-0.2648775,0.4964094,-0.1218315,-0.14216352,0.51657194,0.07520816,-0.108745575,0.4638334,0.03641801,0.4670748,0.542759,-0.2371552,-0.3867613,0.060128115,-0.011372606,0.12451779,-0.18054007,0.26842558,-0.85515064,0.25176308,0.7111375,0.13056847,-0.026182028,0.13564296,-0.93544805,0.17489296,-0.36238703,0.12534636,0.013297598,-0.3523154,0.34152642,-0.041365415,0.05407024,0.19055064,-0.48960164,-0.061887745,-0.3034172,-0.20700154,0.110192366,-0.026025912
421,neutral,0.19375883,-0.15585148,-0.25874507,-0.47500327,0.5693277,-0.0010063793,-0.06997479,-0.096864685,-0.4651573,-0.29749587,0.02946919,-0.29238805,-0.050368916,0.05128613,-0.046508234,0.26021883,0.07536689,0.20199162,-0.1462116,0.23211884,0.13831778,0.14897671,0.46203867,-0.32087314,0.5688544,-0.28800318,0.24980876,0.0030877988,0.19228819,0.27315626,-0.1393457,0.5427796,-0.12485363,0.19568454,-0.17677437,0.1578424,0.12304205,0.2542878,-0.16962528,-0.17327586,-0.14869386,-0.34482214,-0.11945516,0.18007872,-0.16612262,0.0077307518,-0.0502945,-0.28440395,0.4202709,-0.072650105,0.12199012,-0.18772268,0.2940412,0.454865,-0.24875513,-2.1964576,-0.31733844,0.05575366,0.5899667,0.2204716,0.22649679,0.6980611,-0.11179049,-0.018442532,0.69751,-0.21464099,0.39312637,0.576401,0.054977056,0.28136432,-0.13538954,-0.02457473,-0.36734626,-0.30506855,0.007181991,-0.35280317,0.26517156,0.17612712,-0.6678422,0.12814221,0.041804586,-0.05173497,0.52814764,-0.17212246,-0.8014971,-0.23040342,-0.32317317,-0.1254732,0.23545733,-0.1822929,0.29988167,-0.39528328,0.38678202,0.15604128,-0.37278372,0.11294826,0.03583339,-0.10758291,0.22878878,0.07127342
422,negative,-0.11294751,0.47161353,0.4246028,-0.31530175,-0.3380163,0.17819953,-0.049340747,-0.020027399,0.20445423,-0.38601288,0.01713202,0.18917085,0.068780184,-0.17837076,0.08042155,-0.22449881,0.08396596,0.095311575,-0.08761745,0.36204872,0.2742046,0.038797222,-0.039712127,0.06942417,0.16732633,0.25665185,-0.11956959,-0.23502591,0.34488258,-0.077217236,0.02855812,0.46553114,0.26261592,0.05867626,0.19095685,0.09854063,-0.27104896,0.12996374,0.07339866,-0.21958135,-0.24643251,0.07866246,-0.075362496,-0.57238036,-0.16844143,-0.17102143,-0.02075178,-0.1705728,-0.5167436,-0.48519063,-0.21394715,-0.086996146,0.13712521,0.6197996,-0.12488267,-1.4103358,0.18233578,-0.0469727,1.1274306,0.23815039,0.036991958,0.50517684,-0.38992655,-0.14667732,0.57869434,0.17971891,0.29054588,0.31250578,0.011535234,-0.31904113,-0.093885,-0.2526971,-0.065646835,-0.16922057,0.08723028,0.19357449,-0.20017058,0.01768602,-0.41949928,0.026650913,0.43238214,-0.09447397,-0.48078352,-0.117245816,-1.1078587,-0.39389205,-0.22039793,-0.03205967,-0.21438989,-0.25593928,0.051301472,-0.23279119,0.25490424,-0.0141064,-0.50728,0.14846686,0.18402426,-0.03227673,0.24272823,-0.085107036
423,neutral,-0.003497271,-0.37234306,-0.07412612,-0.5167051,0.28669947,-0.16936548,0.052967332,0.04533541,-0.3383701,-0.27134445,0.010550601,-0.20221588,-0.08262202,0.10983157,0.25658008,0.16410662,0.09896236,-0.039392944,-0.18240236,0.04086706,0.32559612,0.09448451,0.19112137,-0.42129523,0.4697868,-0.048503134,0.34314477,-0.22666982,-0.013366129,-2.6619784e-05,-0.02968461,0.5884343,-0.11319406,0.10827107,-0.12038361,0.18266687,0.10789674,0.13325958,0.020874936,-0.13452768,-0.1491043,-0.0937387,-0.112609394,0.12119422,0.056849796,0.09919772,-0.29013017,-0.39744627,0.12918405,0.08143741,0.14666656,-0.21931356,0.04990279,0.29023755,-0.21517289,-1.5229588,-0.29313028,0.08961153,0.12729356,0.10839691,-0.010845474,0.3782503,-0.06476721,0.12249374,0.40290895,-0.026199855,0.33261997,0.5277503,0.013663355,0.34976694,-0.062081054,0.06940394,-0.19542642,-0.3313934,-0.19773193,-0.28178412,0.18841258,0.17286918,-0.36108017,0.10986438,0.15350887,0.004993269,0.2798273,-0.16798341,-0.45769295,0.14312547,-0.15526496,-0.06630198,0.16440637,-0.18568477,0.004045449,-0.20685428,0.25273588,0.24880998,0.040699687,0.19164214,-0.04126281,-0.40102163,0.066396885,-0.095777676
424,neutral,-0.17129053,-0.15514958,0.28558892,-0.17906076,0.06419097,-0.034228798,-0.15191926,-0.03910455,-0.16136579,0.26738274,-0.04830775,-0.26805097,0.3225379,0.10821015,-0.019016594,-0.18686625,0.23371914,-0.16399203,-0.7134269,-0.0021640472,0.28832722,0.016997265,0.100248314,0.026743028,-0.023392152,0.01411636,-0.09570592,-0.26448283,0.31288993,0.021691222,-0.14632581,0.3033185,-0.11800986,-0.24529018,0.07964505,-0.11403064,0.07716628,0.21156022,-0.09092549,-0.0057781055,-0.3100987,-0.111379646,0.22232454,-0.0063382746,0.29148206,-0.15902042,0.109563455,-0.10932133,-0.20089138,-0.6164526,0.07906518,0.096069366,0.049637858,0.87117326,-0.04044428,-1.7804092,0.03955821,-0.49604273,1.6829312,0.5907274,0.02780326,0.34166273,0.06549139,-0.07105288,0.63367885,0.11399413,-0.1376318,0.38762188,-0.045113843,0.25524244,0.30746663,-0.43941292,-0.19926836,-0.32280865,0.084310755,0.022921283,-0.09097795,0.392207,-0.8017465,0.17365192,0.7388112,0.20193568,-0.22773667,0.15043823,-0.94909734,-0.03270932,0.27962726,0.2668686,0.2919141,-0.41398278,0.012047399,-0.20596194,-0.26252192,0.1453434,-0.3698489,0.2470556,-0.050063226,-0.07417542,0.41270608,-0.031024555
425,negative,-0.0907563,0.21253303,-0.03412827,0.07608403,-0.08689517,0.014395699,-0.21353714,0.10345935,0.11126379,0.35658953,-0.096193984,-0.15409085,0.0439645,-0.17641392,-0.00080431247,-0.148528,0.0077762413,0.12532124,-0.43969944,0.07973975,0.23328511,-0.22797392,0.09696309,-0.16261244,-0.025324464,0.05422105,-0.09681267,-0.117542006,0.058023117,-0.004537042,-0.14570719,0.1324959,-0.18398726,0.04349462,-0.032548074,-0.15898536,0.12871355,0.026279038,-0.10415971,0.0381399,-0.27192035,-0.111804314,0.0077439584,0.05062106,0.2342337,-0.265144,0.25283885,0.0009548556,-0.25885266,-0.40296352,-0.0203445,0.0019069606,0.09877319,0.8204012,0.07059281,-1.4319301,0.16191022,-0.28792244,1.0668063,0.2046598,-0.032582033,0.18567483,-0.08998679,-0.07397116,0.56043756,0.017166272,0.094070904,-0.068173684,0.2068075,-0.1181973,0.11793851,-0.32582948,-0.15012513,-0.26009724,0.08515234,-0.08712671,-0.0023121405,0.099427216,-0.71031225,0.2627492,0.5433295,0.12319964,-0.3104032,0.15586601,-0.7863091,0.17313512,0.14209089,0.049172677,0.0042484985,-0.1749397,0.031024428,-0.20096694,0.03407334,0.12912263,-0.37783772,-0.01925035,0.03215659,-0.30416405,0.39464113,0.11018234
426,neutral,0.07699845,0.2943854,0.11292644,-0.13297892,-0.10575601,-0.6096894,0.03366109,0.31137893,-0.1767132,0.007403754,0.20251335,-0.23926291,-0.08908924,-0.003676269,-0.025203142,-0.30041,0.016650239,-0.12701583,-0.28549823,0.114361316,0.62138474,-0.10474157,0.108711675,0.3912708,0.22861314,-0.27996215,-0.20473546,-0.24244377,0.14686868,0.10629444,-0.11982771,0.29985657,-0.40547416,-0.18937272,0.09777136,0.39837092,0.3010073,0.2540381,-0.014195616,0.06846233,-0.15838985,-0.194698,-0.010024511,-0.004613969,0.1417824,0.059508454,0.19626379,-0.3325105,-0.09567143,-0.74416065,0.20238258,-0.09921443,-0.046160698,0.8598043,-0.20741078,-1.5679132,-0.43151715,0.104569666,1.2703979,0.2086934,0.28974247,0.011081399,-0.24074149,0.22443801,0.21239385,0.14765427,-0.028664617,0.0965463,0.23149583,-0.23420942,-0.105934575,-0.08555394,-0.0939627,-0.027207276,0.03777752,0.15942271,0.29943565,-0.16476002,-0.8006347,-0.03795296,0.45406827,0.12188716,-0.34541038,-0.15498982,-0.6906561,-0.18424815,-0.24607208,-0.19814467,0.0030298163,-0.10241566,-0.015810378,-0.04450436,-0.19803634,0.024432449,-0.36594465,0.19345249,0.053878147,-0.18035483,0.7917305,-0.42446956
427,negative,-0.09749631,0.32494515,0.39508,0.020534685,-0.057608105,-0.07184351,-0.2225247,-0.093624584,0.128139,0.08529367,-0.21484031,-0.06511108,0.1424133,0.07022146,-0.025842411,-0.19230935,0.1689211,0.012092714,-0.47305292,0.017293075,0.05026612,-0.15440032,0.07453312,0.07696193,-0.060400438,0.09375597,-0.430533,-0.07799796,0.5248494,-0.09462282,-0.08164842,0.41735032,-0.023380164,0.062336054,0.16778587,0.2718394,0.044532787,-0.07231778,0.0064929044,-0.16822174,-0.40628058,-0.19749142,0.34638035,-0.6353829,-0.19878504,-0.28019595,0.015861008,-0.26793718,-0.20119905,-0.618965,0.05240549,0.23214476,0.017604275,1.163054,0.06735028,-1.8567369,0.117874496,-0.14786798,1.0439731,-0.051983293,-0.17308615,0.33243814,-0.15875766,-0.023574267,0.6773634,0.16737027,0.26532838,0.41244712,-0.24183771,-0.1262623,0.090911694,-0.32221594,-0.15112384,-0.328236,0.13362546,-0.03461034,-0.2695509,0.15770693,-0.65064394,0.12608278,0.7724126,-0.20429716,-0.26890102,-0.15560131,-1.0815653,-0.1668125,-0.11922553,0.45067644,-0.035614498,-0.43858376,-0.037794787,-0.13253841,0.16395828,-0.045102295,-0.39279574,-0.23447509,-0.10144259,-0.0025339604,0.1511169,0.07707686
428,neutral,-0.23742563,0.34888288,0.2034052,0.02371338,-0.069233626,0.057358,-0.30509675,0.008831167,0.05896787,0.13781877,-0.25037977,-0.06465091,0.29178807,-0.0001746998,-0.13435115,-0.24112481,-0.0017164891,-0.10114962,-0.4585693,0.11061264,0.28262174,-0.16224666,0.14610839,-0.057664443,-0.035092916,-0.15393864,-0.10070892,-0.27290606,0.32223424,-0.12861973,0.0964886,0.3330418,-0.17343907,-0.006668594,-0.0020055005,0.11121924,0.20798793,0.045843635,-0.11981967,-0.039219245,-0.5932834,-0.12534523,0.124757394,-0.1962403,0.032267258,-0.19633657,0.3392986,-0.31600162,-0.21735565,-0.76602703,0.18724683,-0.09942261,0.11369232,1.0180955,0.14044671,-1.8655494,0.17134674,-0.3494459,1.4091994,0.29186195,-0.04785728,0.48786604,-0.21849555,-0.3745599,0.7984806,0.16074844,0.21423657,0.12433272,0.18077926,-0.068120606,0.23718746,-0.33471468,-0.21262357,-0.15857631,0.1296755,-0.011876473,-0.16693856,0.11837742,-0.80717856,0.05882723,0.6064821,-0.02555066,-0.27125177,0.11962455,-1.2667711,-0.018776534,-0.10572736,-0.051322,-0.11409023,-0.43837643,0.014535498,-0.07903609,-0.10096261,-0.046967946,-0.41572335,0.09301687,0.051981676,-0.1521521,0.41210786,0.20624667
429,neutral,-0.23288023,0.20945695,0.3900863,-0.069773234,0.06977427,-0.0023491997,-0.12780632,-0.005376235,-0.006194684,0.026648864,-0.21840651,0.031668667,0.38209584,-0.08005839,-0.10393238,-0.28450188,-0.027349655,0.07023585,-0.601933,0.021551052,0.10363901,-0.051878422,0.2630316,-0.053471707,-0.18137197,-0.039656997,0.024171446,-0.26646432,0.2503869,-0.06472129,-0.06557456,0.3060759,-0.022360647,-0.103522345,0.06663963,0.22206867,0.12772048,-0.13517347,-0.051570706,-0.08717577,-0.42110735,-0.08583929,0.1916535,-0.31837097,-0.21970786,-0.18943109,0.23630619,-0.15288696,-0.1197198,-0.65402025,0.06946384,0.03752894,-0.09889868,0.7727363,0.009566831,-1.7105472,-0.0297763,-0.18900244,1.0121197,0.25079313,-0.18246432,0.5972307,0.059597995,-0.30404556,0.61291003,0.25539485,0.20870285,0.3943736,-0.02955264,-0.047118604,0.15973642,-0.28509173,-0.34608623,-0.34958243,-0.008538882,-0.108453944,-0.21088015,0.10937621,-0.51633066,0.12513022,0.48431495,-0.16214027,-0.2612394,-0.0886479,-0.82045764,-0.08270061,-0.16436535,0.04449322,0.071001425,-0.23114452,-0.002167177,0.0132321995,-0.14689542,-0.20166741,-0.49567252,0.16188411,0.04529541,-0.061162803,0.3761328,0.12389556
430,negative,0.00793649,0.022552697,0.3168666,-0.1692457,-0.2869413,-0.41983736,-0.043227874,0.027372379,-0.07773519,0.005356613,-0.066104084,0.1362874,0.016492445,0.111950435,0.088345185,-0.093733065,0.12219628,0.1339261,-0.2958885,0.12067895,0.10748005,-0.17015423,0.09880224,0.08504493,-0.10549347,0.055703916,0.037456334,-0.38193837,0.10864718,-0.14768986,-0.21791294,0.2691334,-0.093558,0.018552387,-0.27765277,0.09939659,-0.26914257,0.15356384,-0.089538716,-0.14613546,-0.57960105,0.026631976,-0.04864343,-0.403812,0.019576797,-0.31373915,0.47689986,-0.114622615,-0.24711086,-0.4231851,0.2741144,-0.27080697,0.28008598,0.53529257,0.09560549,-1.4143579,-0.09899231,-0.028813438,0.78966385,0.17560561,-0.17498246,0.12469576,-0.26143765,-0.25097406,0.2910628,0.25077367,0.1736009,0.43031323,0.04021629,-0.022086661,0.051729593,0.0053732567,-0.1808803,-0.26496807,0.052910186,-0.05487192,-0.18267441,0.017788509,-0.5418654,-0.04715957,0.4610816,-0.06602301,-0.5387025,-0.049950235,-0.9209911,-0.2199559,0.17202055,0.05377015,-0.15562938,-0.21393752,0.27468795,-0.009433716,0.08474191,0.08131553,-0.09423841,0.05957599,-0.053026758,0.020374775,0.20851247,0.083321504
431,negative,-0.024732813,0.2580917,0.22311868,-0.06446612,-0.092243746,0.35255587,-0.3196425,-0.053543817,0.13803537,0.035280865,-0.13495927,0.02502158,0.16385901,-0.01680123,-0.11408063,-0.056791175,0.07024617,0.048572443,-0.46366286,0.23281208,0.19835865,-0.089412145,0.15486361,-0.015552959,0.169442,-0.037456267,-0.13348356,-0.23832826,0.21219008,-0.0124843875,0.14663835,0.16584748,-0.15997916,0.11431229,-0.08672416,-0.034329757,0.052921195,0.06386682,0.009975681,-0.057932895,-0.53803533,-0.011818544,0.0060859844,-0.20681225,0.13918959,-0.055484466,0.22430402,-0.053304326,-0.13113776,-0.5841128,0.22647177,-0.0075314934,0.07053063,0.9296555,0.038009826,-1.7611777,-0.003484111,-0.25426123,1.2968358,0.2379228,-0.112617016,0.45922813,-0.08357383,-0.20029119,0.7012911,0.0103796795,0.17847629,0.119449995,0.081063055,0.04573463,0.08832578,-0.17908582,-0.20524183,-0.3085328,0.24664927,0.16558127,-0.060555287,-0.04930318,-0.733397,0.07570028,0.5087367,0.136134,-0.19275633,0.17600936,-1.0837687,-0.20214346,-0.099082,0.01186326,-0.0693707,-0.39391336,0.034711327,-0.114223,0.038813487,6.297722e-05,-0.32720536,0.057132334,-0.055931482,-0.20715019,0.37081805,0.13518238
432,negative,-0.23835953,0.0074360194,0.09850934,0.062522024,0.0024620963,-0.34881094,-0.14077212,0.02895858,0.05497143,0.45390877,-0.048535526,-0.04231847,0.36734617,0.15841068,-0.086932376,-0.0824341,-0.16172487,-0.18429832,-0.35307923,-0.011133716,0.5097075,-0.23450866,0.15701239,0.09569109,-0.049737416,0.16928793,-0.25463238,0.09339596,0.21172543,0.09306579,-0.17279892,0.14347082,-0.1824707,-6.70526e-05,-0.030863518,0.0133817205,0.20397533,-0.16908127,0.09980397,0.011362512,-0.51152515,-0.043462377,0.251528,-0.049689677,0.41998282,-0.088110045,0.17109056,-0.060446054,-0.022016484,-0.50818855,0.19608259,0.08150537,0.022697084,1.0600572,-0.121152624,-1.783646,-0.13936982,-0.2502262,1.4051627,0.43133757,0.019955123,0.3134146,0.043207906,-0.13116382,0.41602865,0.1410127,-0.08368217,0.18333423,-0.1090084,0.16513498,0.32549945,-0.5228816,-0.48366314,-0.41169298,0.11582369,0.073171236,0.06700053,0.17062365,-0.8188619,0.18605268,0.80951923,-0.23669825,-0.25171337,0.061974365,-0.8090693,-0.18056154,0.22528487,0.22315411,0.089371115,-0.33995718,-0.07331766,0.20724632,-0.39498568,0.028795222,-0.41195798,0.29108867,0.1511234,0.117975265,0.31416872,0.17213355
433,neutral,-0.107365064,-0.059324447,0.18021928,-0.07440641,-0.093726225,0.4212526,0.16117138,0.014157302,0.111269586,0.08235661,0.16030425,0.060654454,0.25021282,0.14778365,0.22603692,0.2122695,-0.010088659,0.16134523,-0.26176983,0.07521592,0.25072792,-0.05084747,-0.030312538,0.08024452,0.18621987,0.080537714,-0.5299313,-0.13079673,0.052772958,-0.09491507,-0.25835562,0.22260723,0.062590845,0.102947205,-0.114598185,-0.29058674,-0.20791225,-0.045070298,-0.059026968,-0.044624276,0.041061122,0.1306543,-0.23132423,-0.25085998,0.15052949,0.0056802337,-0.30818143,-0.5307402,0.16473933,-0.2996246,-0.020697854,0.25505498,0.110247724,0.5217541,-0.082714215,-1.1662571,0.24429317,0.07890737,0.6084916,0.25912625,0.10738869,0.55239123,-0.24859452,-0.029341232,0.3513407,0.015622492,0.24692306,0.2894702,-0.14588769,-0.3110337,-0.21916208,0.10006799,0.18243732,-0.563058,-0.0066674673,-0.087438166,0.10441732,-0.02202586,-0.45363152,-0.15160364,0.20955344,-0.11999486,-0.3431506,-0.097420014,-0.66941684,-0.1959394,0.059303664,-0.05793759,-0.106880434,0.03536252,0.004505077,-0.01552351,-0.07963981,0.10209674,-0.12597936,0.07274368,-0.16383418,-0.26648766,0.09206509,0.21965478
434,neutral,0.05308497,0.17741436,0.26641542,-0.15863341,-0.0005311016,0.12527242,-0.23446058,-0.08254707,-0.04710963,0.059918724,0.06481402,-0.07377618,0.04996583,-0.012170281,0.12112736,-0.10690036,0.08400108,-0.026105003,-0.21839945,0.3077247,0.021157002,-0.03658062,0.19299246,-0.36783096,0.18851195,-0.08861467,0.041461825,-0.02478368,0.19035473,0.09904671,0.021416413,0.4988229,-0.116118915,0.01465022,0.1576026,0.1259137,-0.11050421,-0.12904298,0.02364827,-0.17199934,-0.28775433,0.0341147,-0.09378786,-0.09455885,-0.07653625,-0.25230283,0.21685195,-0.28102958,-0.075544685,-0.65263796,0.18731421,0.24296401,0.19245397,0.6068285,-0.11261429,-1.5238357,-0.031568862,-0.14728646,1.104988,0.11812857,0.077149674,0.3977286,-0.20213427,-0.18547289,0.5220611,-0.017574178,0.25611946,0.26338217,0.00083512755,0.07328924,0.043577407,-0.24683401,0.1400976,-0.24043864,-0.0055516604,-0.0010843939,0.07029544,-0.029612266,-0.48118114,-0.13530838,0.4605096,-0.39564633,-0.14915313,0.1377762,-1.0729147,-0.08332185,-0.061501283,0.055568088,0.10213472,-0.23139982,-0.11617442,-0.015370527,-0.08023064,-0.033023488,-0.19359967,-0.026891021,-0.28455773,-0.17836763,0.46796203,0.08581208
435,neutral,-0.24335152,-0.0018762869,0.20574602,-0.2067498,-0.1823023,0.552411,-0.122472614,0.13769947,-0.030339953,0.047309443,0.045480825,0.018594975,0.06309699,0.20313644,0.0017544428,0.039448857,0.047072563,0.042746607,-0.2519374,0.16299318,0.18033344,-0.10052645,0.026130455,-0.16803335,0.12433974,-0.051591206,-0.31046188,-0.25642765,0.15836383,-0.22875401,-0.36347353,0.43648508,-0.066777885,-0.042409405,0.0032091984,-0.04534812,-0.19937499,-0.09756137,-0.10786369,-0.101441756,-0.12058506,0.0431436,-0.2555686,-0.35234424,0.010238492,-0.03762253,0.013898652,-0.37104765,0.20125595,-0.4814338,0.07997623,0.2530331,0.064102076,0.736041,0.12426137,-1.7662665,0.04289282,-0.16006695,0.9883605,0.33749625,0.1418843,0.6828714,-0.44985458,-0.058479775,0.5371958,-0.038933516,0.26717144,0.47120205,-0.15897456,-0.3756187,-0.011692461,-0.14759669,0.29042548,-0.61312413,0.03425964,0.0399383,-0.14894073,0.03951984,-0.3541738,-0.18446374,0.26801404,-0.04958301,-0.38845423,0.07820086,-0.6861994,-0.3604997,0.2046263,0.10172984,-0.14624397,0.09340845,0.0072443658,-0.091952905,-0.17640874,0.008700391,-0.41157088,0.079816505,-0.17395015,0.06951945,0.51366365,0.27267545
436,negative,-0.16477382,0.36615708,0.3692383,-0.16446282,0.18228328,0.026851999,-0.06324087,-0.1316332,-0.2753908,0.20080711,-0.178022,-0.1521431,0.46743304,0.19654304,-0.04725219,-0.060709972,0.31510934,-0.20283893,-0.36927167,0.2690323,0.6024792,-0.20047253,0.11749024,-0.14803623,0.34399718,-0.012998502,-0.07554571,-0.20091422,0.37924096,0.082011126,0.11327817,0.18745337,-0.107979104,-0.4042994,0.098016955,-0.0917666,0.12679006,-0.046069294,0.10181744,0.13302504,-0.63836515,0.009103033,0.34070882,-0.011624035,0.45195678,-0.32079598,-0.06292228,-0.11960993,-0.14297827,-0.32226688,-0.2957296,0.08130614,0.040521238,1.1373109,0.027060647,-1.9685428,-0.079224125,-0.18444045,1.1950432,0.5219085,0.037910007,0.6661828,-0.017641619,0.0140282195,0.52921945,0.068144724,-0.057402033,0.35663998,-0.22589712,0.1760594,0.13737579,-0.28548086,-0.38577673,-0.18051964,0.051554352,0.05105056,0.049609624,0.13411616,-0.7006763,0.06552464,0.49801448,0.12273425,-0.03157532,0.08049443,-0.9143535,-0.20172685,0.07448794,0.19650024,0.2928984,-0.14467518,0.19018447,-0.1572284,-0.13000661,0.21823113,-0.5463328,0.09533733,-0.071197525,0.045965344,0.3421927,0.036172196
437,neutral,-0.13361028,0.124408066,0.16722427,-0.005463469,0.073861636,-0.13809684,-0.0754234,-0.10222049,0.015910648,0.13803005,-0.21290979,-0.14824882,0.12848525,0.13460559,-0.11590968,-0.09736283,0.13704526,-0.2464077,-0.20668516,0.05233209,0.18873608,-0.26577473,0.10725875,-0.034041524,-0.08881027,-0.13713291,-0.14363682,-0.12659486,0.21073991,0.06795015,-0.018630262,0.07922057,0.05328735,-0.23525786,0.119824946,0.15516332,0.17633943,-0.01919067,-0.049713947,0.08022502,-0.4194498,-0.16247791,0.10965807,-0.17923279,-0.03532789,-0.093912885,-0.09105685,-0.27617836,-0.052168537,-0.27937102,-0.119248405,-0.17530227,0.023017392,0.7201001,-0.075069465,-1.4503133,0.013601505,-0.3351792,0.81251895,0.24234399,0.075304344,0.5358683,0.0479293,-0.1410183,0.5329075,0.008397425,0.023786098,0.18916145,-0.30489528,0.15193175,0.21527536,-0.22671233,-0.39917538,-0.42837057,0.10400271,-0.11686908,0.0079173455,0.022478372,-0.46221635,0.124002144,0.35015148,-0.0803519,-0.10480874,0.10519347,-0.719711,-0.02931315,-0.031570222,0.14619736,-0.026646437,-0.36315054,-0.053477254,-0.08531151,-0.11500369,0.08828698,-0.49804184,0.09891923,-0.16248317,0.04212402,0.28720686,0.17741244
438,neutral,0.036936887,0.021003589,0.17578098,-0.106170215,0.020342844,-0.22308616,-0.32519248,0.20101902,-0.07805321,0.22227147,0.06451155,0.014123673,0.07732022,0.051729966,0.10096271,0.049349636,0.09006284,-0.043055847,-0.27821335,0.026189608,0.4019039,-0.0090143,0.037157334,-0.0086204475,-0.014241155,0.27605963,-0.17648843,-0.3318924,0.20889375,-0.17704187,-0.15189314,0.26950946,-0.15599835,-0.039932948,-0.03833481,0.17346017,0.09148767,-0.16706142,-0.13705608,-0.1851505,-0.48467028,-0.16936974,0.34172025,-0.21978569,0.08901698,-0.18913828,0.2615123,-0.14635336,0.0028629145,-0.5507199,0.13812429,0.25246814,0.050496347,0.96540374,-0.094167404,-1.9584714,-0.06288958,-0.49025497,1.4113036,0.33555704,-0.38632855,0.55601907,-0.1408769,-0.2455567,0.5154446,-0.044409845,-0.13193604,0.25251648,-0.22265361,0.092018254,0.18120891,-0.41430622,-0.53574306,-0.3229881,0.22416568,0.07273372,-0.160693,0.16850704,-0.80806834,0.14759743,0.585158,-0.33510926,-0.11093647,0.17852986,-0.98016477,0.043337006,0.21937847,0.33094507,0.15469232,-0.59139687,-0.047208205,0.0044999174,-0.20129764,0.058872543,-0.38828817,-0.009846385,-0.07310676,-0.28895655,0.3595668,0.23791261
439,neutral,-0.20393924,0.07631111,0.22359085,-0.13568877,-0.024444291,-0.1414855,-0.012125804,-0.08973434,0.10057162,0.1302171,-0.03280761,-0.020202836,0.10145826,-0.16404536,0.03953478,-0.16777004,0.07648837,0.050449383,-0.20899686,0.106529355,0.24566525,-0.092705,0.183179,-0.14651017,-0.02898133,-0.07961703,-0.031871147,-0.21837203,0.10654412,-0.05262921,0.032715857,0.39120272,-0.21958525,-0.08725831,0.045819666,-0.067746,0.14230517,0.09002117,-0.11629792,-0.1132851,-0.40810534,-0.017680397,0.10535173,-0.20987998,-0.06043561,-0.29582572,0.27852285,-0.12727639,-0.15717362,-0.5253923,0.14506114,-0.035971526,0.11253014,0.72602516,0.1753465,-1.7673415,0.173655,-0.017614257,1.0181799,0.36834383,-0.02768025,0.30970117,-0.20244092,-0.10862575,0.6175189,0.16795057,0.23394911,0.23423293,0.066330455,0.052758083,0.16570657,-0.12432358,-0.21077405,-0.19973858,0.027262535,-0.10885951,-0.10677088,-0.045670856,-0.6712657,0.093232326,0.4530455,-0.00075029634,-0.34562638,0.074754514,-0.90486354,0.09371097,0.15518452,0.03406738,-0.013435112,-0.34611067,0.043467827,0.015988829,0.05487407,-0.04431154,-0.1992558,0.13354538,0.010466017,-0.19164272,0.33282015,0.22033808
440,neutral,-0.038170606,0.112111256,0.45391446,0.079410896,0.15952234,-0.3697263,0.0143793365,0.22334743,-0.13159627,-0.10688506,-0.2735024,-0.11287833,0.28409097,0.095616534,0.17485201,-0.23016681,0.25160733,-0.19645329,-0.3068569,-0.3226494,0.34440875,-0.039792147,0.4538951,0.009131278,0.15563248,0.01270716,-0.047381975,-0.18124105,0.2914424,0.03479993,-0.2988135,0.2531809,-0.01585001,-0.18248652,-0.011378886,-0.0073314835,0.17153691,0.03556048,-0.22938812,0.040031772,-0.5923064,-0.4613366,0.11020749,-0.08504863,0.29594833,-0.02866398,0.25281182,-0.192555,-0.0017940995,-0.36775956,-0.062389653,0.37064463,0.062049467,0.6834276,-0.16683279,-2.054459,-0.2724367,-0.2835434,1.6207191,0.28985426,-0.4283164,0.27181196,-0.27235004,-0.3165421,0.45091417,0.09240927,-0.1863577,0.056734845,0.54426116,-0.08756248,0.04922211,-0.43264332,-0.08612044,-0.24323572,0.154655,-0.32420325,0.049386483,0.14784501,-0.74027884,0.05407825,0.4379666,0.1795668,-0.25689316,0.19347051,-0.852705,0.010374697,-0.091080435,-0.12675491,0.038835432,-0.1689644,0.027862865,0.06293628,-0.025304772,0.047309794,-0.24734643,0.25012276,-0.27683532,-0.119604774,0.50074077,0.1461898
441,negative,-0.11170532,0.2688982,0.20287964,-0.0063577024,-0.09827184,0.24589796,-0.10108952,0.05486972,0.13588864,0.1525096,-0.020238904,0.051462915,0.3493894,0.004698303,-0.042609032,-0.15982656,0.02381368,-0.083172165,-0.35550293,0.15187263,0.27312514,-0.03191336,-0.018037071,-0.06285259,0.14200233,-0.024919055,-0.06830938,-0.18601985,0.051445022,-0.06641001,-0.018320493,0.20057619,-0.11488394,0.02350702,0.028069125,0.040613264,0.031989105,0.056473844,0.07167879,-0.07841345,-0.49266258,-0.08424344,0.008276721,-0.23444293,-0.04840584,-0.09725167,0.11267727,-0.14496002,-0.06735737,-0.558871,0.07559568,-0.08075418,0.0418747,0.89708483,0.015616482,-1.639901,-0.024349347,-0.23770198,1.2142698,0.31745943,-0.03991507,0.6065244,-0.1473202,-0.17328092,0.57597893,0.12483581,0.15533596,0.06932691,0.10242158,-0.1296114,0.09856195,-0.20902194,-0.09201399,-0.2521604,0.17595457,0.02999636,-0.0832992,0.033974223,-0.7618359,-0.005806813,0.3672541,0.14318433,-0.20669289,0.06955663,-0.96392804,0.041888487,-0.027874073,-0.13714835,-0.07523826,-0.14448757,-0.060330357,0.023600398,0.06277935,-0.084729195,-0.49252376,-0.0010943745,-0.09532979,-0.11682472,0.24909297,0.1929605
442,negative,-0.17392921,0.5028871,-0.261874,-0.12469878,0.31428486,0.30014387,-0.29050478,-0.08386655,0.2855518,0.06405533,-0.10417802,0.21830314,-0.0058948775,-0.08434656,0.118020676,0.013777724,0.023736887,0.1743819,-0.49647984,0.098770946,-0.012502162,-0.19928466,0.39419806,0.07710877,-0.0115396045,-0.27502978,0.032795772,-0.0056138793,0.10144728,-0.36005595,0.41168237,0.08915448,-0.23341551,0.4331501,0.15905216,-0.0052855457,0.331469,0.028843699,-0.2056308,-0.1267749,-0.3817893,0.37803075,0.29372582,-0.2999332,0.040373005,-0.12829232,0.5894087,-0.42454654,-0.25264877,-0.71370393,-0.22061615,-0.010659994,0.32079187,0.70947886,-0.1820835,-0.75950575,0.23020375,-0.2606633,0.666577,0.3709295,-0.124367744,0.3227844,-0.07797298,-0.11517951,0.4901699,0.09871344,0.26214212,0.4913773,-0.06332395,0.043852665,0.16145705,-0.6173495,-0.41657117,-0.05993649,0.054454334,-0.43897825,-0.20173807,0.21654253,-0.682829,0.103707515,0.30289805,0.0562442,-0.24147756,0.31628445,-0.8610295,-0.10106164,-0.037725277,0.053323004,-0.20733286,-0.12871227,-0.31579491,-0.1467847,0.020446176,0.010494503,0.02048778,-0.21783252,-0.21421923,-0.16573001,0.14703223,0.27192482
443,neutral,-0.2318498,0.16836019,0.11798061,0.1931039,-0.03602055,-0.12805435,-0.102271944,-0.05486983,0.18056633,0.031325847,-0.07296299,0.05782707,0.00018933145,-0.09993684,0.07792882,-0.17591736,0.14857846,0.08921312,-0.22447227,0.04344265,0.20943888,-0.15979655,0.13776729,0.03298176,0.18254744,-0.056874458,-0.06632774,-0.41638777,-0.0050967303,-0.24729814,-0.034418255,0.37129748,-0.0087077925,-0.14568049,0.11872934,0.13564739,0.2382669,0.05114264,0.12164296,-0.13616869,-0.28401008,-0.18773788,0.035532128,-0.22612634,-0.13753003,-0.06783741,0.19507265,0.02840257,-0.32608137,-0.47311902,0.11219297,-0.08481819,-0.027153602,0.848571,0.042777136,-1.2021321,0.1288976,-0.20396134,0.956905,0.3131392,-0.2771764,0.1726077,-0.14490852,0.0035605445,0.668257,0.079103075,0.03331432,0.1341869,0.09646334,-0.10304491,0.023309415,-0.12540168,-0.026978986,-0.41383123,0.07191177,-0.1755534,-0.06125812,-0.0768702,-0.4763162,-0.13042964,0.22949009,-0.09524279,-0.26434833,-0.13643426,-0.78840405,0.0015948399,-0.014145793,-0.09573792,-0.00852923,-0.19479907,-0.19418922,0.104056664,-0.18299732,-0.0036597436,-0.21738884,-0.13302197,-0.08921893,-0.24496952,0.36383888,0.24088281
444,negative,0.14204484,0.25619364,0.26046932,-0.21749288,-0.09584424,-0.048112977,-0.06073608,0.12469904,-0.14248872,0.112872265,0.10096048,-0.036340695,-0.1305788,-0.032246146,0.12893263,-0.18619613,-0.2154772,0.20845933,-0.27200437,0.18948404,0.26492423,-0.108412564,0.11512262,0.01719323,0.31523323,0.17046088,-0.18818302,-0.3556835,-0.022298103,-0.10540398,0.028075865,0.31486642,0.010842239,0.028197719,-0.030003794,0.21508671,-0.048787616,0.13595675,0.20815834,-0.055855293,0.019411575,-0.25774148,-0.11423838,-0.3049922,-0.06496394,0.08765453,-0.12936759,-0.35098258,-0.101224035,-0.75187534,-0.067867525,-0.17586833,-0.006919241,0.7647125,-0.19508667,-1.2635612,-0.06172792,-0.1503899,1.1284599,0.051853217,0.09933199,0.27583703,-0.28231177,-0.017690064,0.34785497,0.109648995,0.4057452,-0.055743113,0.18866819,-0.15707625,-0.15542777,-0.12822841,-0.031200483,0.08408878,0.07770707,0.17544611,0.09385472,-0.18298358,-0.49346653,0.102210246,0.40749526,0.087929904,-0.1566093,0.10639301,-0.67731434,-0.27382874,-0.07174408,0.05302136,-0.028541867,-0.20704214,-0.050324187,-0.017836682,-0.023874527,-0.29006913,-0.5005203,-0.13029829,0.12882815,-0.038022872,0.1973522,-0.116939366
445,negative,0.23376313,0.4232693,0.34731194,-0.32504722,0.018327747,0.016435001,-0.68043756,-0.08209115,0.14442007,0.43271312,0.23348752,-0.3713667,0.28199148,-0.018865764,-0.2212556,-0.44234368,0.2574427,-0.46041587,-1.2127742,0.0052703563,0.5119589,-0.21526664,0.21732417,-0.06722544,-0.14156649,0.55087334,-0.26217997,-0.024576921,0.662799,0.31870636,0.19807266,-0.14662424,0.18385598,0.21180779,0.24921437,0.25956157,0.115758136,0.05488718,-0.2243617,-0.1401127,-0.7535182,0.4779075,0.4299415,-0.5588263,0.1353451,-0.4871717,0.19228984,-0.16072373,0.026892385,-0.3778755,-0.44175243,0.3617333,0.51024145,1.094657,-0.2656019,-1.2225215,0.025571192,-0.10754888,0.89933467,0.17694494,0.040751554,0.120141044,-0.24447086,-0.42904878,0.35305566,0.3762428,0.40925387,0.096619144,-0.038904577,-0.055423915,0.6590793,-0.14802647,0.10708209,-0.40612435,0.23489918,0.07699581,-0.50438327,-0.16751888,-0.8638059,0.24500585,0.8663528,-0.3315899,-0.31035462,-0.1633278,-0.70901275,0.1551388,-0.45954305,-0.26248804,0.1531461,-0.5188713,0.16762958,0.17806873,-0.17510982,0.4618888,-0.46507502,-0.22800377,0.13168555,-0.27544525,0.26945177,0.1443891
446,neutral,0.04578412,-0.25503853,-0.014880719,-0.4606902,-0.019736545,0.16091362,0.10180862,0.25200242,-0.14448017,-0.24804735,0.29070273,0.07227931,0.061241332,0.14968134,-0.19231243,0.0014706908,-0.08861747,0.1303053,0.00752564,0.011621879,0.84921837,-0.07637774,-0.08703764,-0.286261,0.6580476,0.39860037,-0.19419949,-0.23264657,-0.020477192,0.15444162,-0.040584538,0.22943273,-0.078579806,0.059640452,0.21793002,0.31426704,0.09558595,0.25297564,0.049591724,-0.21668765,-0.3227,-0.016022881,-0.07854373,-0.06607698,-0.5098047,0.30095795,-0.056385446,-0.14784823,0.10769108,-0.046702724,-0.10164817,-0.03200572,0.044894777,0.41530177,-0.05569133,-1.2970753,-0.056166176,0.35132393,0.420001,0.31964985,0.3742218,0.46923488,0.013816286,0.22700828,0.4513382,-0.1076402,0.22569923,0.19564599,-0.013009763,-0.029772677,0.030642904,0.013426498,0.01504131,-0.010828762,0.16447967,0.18186665,0.31497857,0.03405054,0.051321726,-0.13652207,-0.37440646,-0.20414239,-0.12688714,0.036957223,-0.36807987,0.036430147,0.16202754,-0.40234554,0.11659916,-0.20909192,-0.09034714,0.16701633,0.2687887,0.10518477,0.080840394,-0.5605209,0.08750461,-0.40576,0.6243049,-0.07155682
447,negative,-0.12511705,0.16056941,0.30749723,-0.11946243,-0.03247022,-0.17075668,-0.2119684,-0.0651864,-0.0134790065,0.21043552,0.060113177,-0.19726248,0.10079809,-0.18298706,-0.06195891,-0.16637284,0.18195091,0.048572335,-0.31716752,0.13610138,0.20353746,-0.27367434,0.08252296,-0.028866349,0.100676455,0.040455867,-0.281922,-0.26076305,-0.09255437,0.023996087,-0.011219483,0.5454327,-0.18869743,-0.121394604,0.07398055,0.1405953,-0.14788543,0.010540923,0.02733015,-0.13396128,-0.47652763,-0.0101110935,0.20012942,-0.3036493,-0.107346095,-0.017874142,0.19712181,-0.30665043,-0.13872002,-0.6721848,0.19432287,-0.0024090975,-0.062486313,1.0366583,0.12349909,-1.9670265,0.124503225,-0.16487935,1.6880431,0.3640404,-0.16518913,0.35184598,0.10474801,0.117416054,0.6310414,-0.06830158,-0.091782704,0.260134,0.114739165,-0.13460746,0.20399638,-0.2635882,-0.110504255,-0.21254224,0.11086992,-0.117566615,-0.14492403,0.14956725,-0.6608604,0.1423518,0.57225996,-0.074441485,-0.42035562,-0.010611132,-1.3417445,-0.0076245484,0.24966519,-0.07742164,-0.3507792,-0.39652497,0.053558715,-0.007549714,-0.08374371,-0.052776963,-0.20750183,-0.06611433,0.0859986,-0.35260683,0.4507004,0.12035174
448,negative,-0.2543315,-0.30576557,0.004420712,0.1120284,-0.058296755,-0.30812013,-0.26509175,0.22446749,0.23408909,0.24054621,0.09697439,-0.2255396,0.17997842,0.35694045,0.007396344,-0.16997485,0.00627104,-0.23168553,-0.79391414,0.16033123,0.17045274,-0.41706258,0.3317426,-0.008662083,-0.07432405,-0.10128034,-0.019923877,-0.46536028,0.43985125,0.13492502,-0.14667934,0.16557492,-0.17185579,-0.06841059,-0.21797109,0.00950099,0.1831764,0.11347063,-0.24711561,-0.021272488,-0.44290197,0.04668862,0.43472448,0.016288344,0.05025451,-0.40021822,-0.0802187,0.03490082,-0.20102024,-0.38885906,0.3954821,0.040741317,0.29448533,1.0886372,-0.08382887,-1.6129931,-0.16748849,-0.19459574,1.0293497,0.29841945,0.030043628,0.1685997,-0.14870049,-0.23786856,0.630248,0.24469848,0.21412614,0.6068629,-0.19473171,0.113709666,0.40247887,-0.45106095,-0.36405268,-0.47582403,-0.0057180687,0.10951835,-0.13379984,0.13604957,-0.6727941,0.08974726,0.6090786,-0.0244687,-0.086522564,-0.10917771,-0.7702993,-0.2875903,0.19849604,0.39307597,0.18088765,-0.26395506,0.1541517,0.020050453,-0.15165038,0.09187556,-0.43671736,0.28863975,0.024750441,-0.0047138343,0.27104637,0.050154842
449,neutral,-0.02700742,0.16527677,0.12361276,-0.2402119,-0.20081821,0.28659523,-0.44567567,0.2418732,-0.06657137,0.020133214,-0.10621273,0.08085461,0.11858732,0.040230185,-0.082327046,-0.1472704,-0.020055272,0.11784466,-0.3483362,0.15151441,0.40871173,0.10007844,0.11046608,-0.22899255,0.1529186,-0.096948504,-0.17509207,-0.33822557,0.5603901,-0.15367983,-0.15127078,0.48842138,0.23888223,0.046589542,-0.057556923,-0.020159038,0.050961178,0.10067201,-0.24328989,-0.22778718,-0.5097891,-0.050837286,0.32565373,-0.21937956,0.06578143,-0.117596745,0.40349153,-0.028703872,-0.098686926,-0.71622705,0.23999447,0.15099595,0.12683582,0.87008834,-0.1950096,-1.5749508,-0.100346744,-0.020159846,1.1540736,0.17693606,-0.19766009,0.31425843,-0.26438373,-0.17513984,0.6512779,0.21439789,0.17894615,0.15836562,0.008174852,-0.06595098,0.027195962,-0.29509225,-0.28720227,-0.34093055,0.08839561,0.20022988,0.20774117,-0.048625275,-0.6873864,0.10926634,0.30537775,-0.215767,-0.15594256,-0.000673445,-0.9316821,-0.2682845,-0.053517256,0.010925897,0.014710151,-0.10301291,0.039814487,-0.3090629,-0.0054497644,0.054805443,-0.2973035,0.06538456,-0.13325906,0.1409719,0.3856652,0.20736793
450,negative,-0.13487911,0.2877288,0.10552586,-0.045217797,-0.13973944,0.20032373,-0.18807219,-0.101648785,0.12681928,0.1521384,-0.15025355,0.07321246,0.33257636,0.08389017,-0.05333742,-0.19909883,0.034771834,-0.059769314,-0.43387428,0.22914846,0.30299258,-0.1564734,0.099868864,-0.045530684,-0.031028744,0.0380358,-0.06303083,-0.19533767,0.24106856,-0.024066927,0.10721273,0.19907156,-0.08188078,0.06872249,-0.08886284,-0.050597914,0.053960174,-0.029083246,0.018002851,-0.018256728,-0.37395394,-0.022515653,0.052539725,-0.32662758,0.12880827,-0.05388454,0.22293176,-0.07928108,-0.30344146,-0.62863016,0.1349976,-0.17267592,0.056332827,0.9974523,0.031250216,-1.6847175,0.050608713,-0.19559175,1.1303498,0.23021148,-0.021923123,0.6363282,-0.122938864,-0.30680084,0.6461696,0.19690727,0.2336168,0.17204125,0.059767496,-0.0825045,0.1866992,-0.31395227,-0.17517017,-0.19590104,0.22819066,-0.052217368,-0.055202905,0.10437813,-0.7296528,0.15639035,0.45772243,0.14386863,-0.26609632,0.22412492,-1.0626633,0.031560536,-0.098929144,-0.043593593,-0.083520636,-0.20814143,0.06387468,-0.13803403,-0.015572217,-0.04400014,-0.46160293,0.006923076,0.10110722,-0.13605767,0.42249447,0.08467487
451,neutral,-0.18527591,0.24816169,0.21957074,-0.03416018,0.025330491,-0.037422523,-0.15991183,-0.063816786,0.0536644,0.119024545,-0.11300096,-0.08640511,0.29993272,0.103598304,-0.1779787,-0.2352629,0.18381469,-0.083676584,-0.42745233,0.06015281,0.2757242,-0.13670179,0.19514838,-0.09358188,-0.010156765,-0.0471373,-0.1632013,-0.24796839,0.2296236,-0.1287726,0.0374655,0.25014907,-0.16463898,0.11333236,-0.16192405,-0.039071996,0.027851552,0.041717157,-0.15442164,0.013749956,-0.46878117,-0.17155834,0.23101348,-0.23687658,0.098777704,-0.15008576,0.25145704,-0.11624111,-0.20631087,-0.66263705,0.25061104,0.0013892266,0.13689843,0.89208835,0.11561571,-1.8781745,0.16431227,-0.1914363,1.3371408,0.41395563,-0.063957214,0.413456,-0.16992293,-0.2549646,0.6750739,-0.009105589,0.11732054,0.31599393,0.091232166,-0.03590515,0.19119062,-0.38407102,-0.22732598,-0.18284498,0.18154912,0.01758204,-0.098143205,0.183266,-0.88610274,0.064396456,0.4876258,0.08889201,-0.18796499,0.22315738,-1.1156934,0.043215558,-0.08699703,0.017717404,0.0015587226,-0.44891712,0.058354877,-0.09199204,-0.10800738,0.15702675,-0.42781132,0.077336274,0.09238586,-0.18423593,0.40082857,0.26444778
452,negative,-0.10572152,-0.07015135,0.34320596,-0.028645743,0.21582043,-0.122198716,-0.11857102,0.0827776,-0.13922136,0.18367255,-0.054376308,0.0714944,-0.05364396,0.0425224,0.046528436,0.018091703,-0.10828994,-0.04865049,-0.34543818,-0.22764404,0.46357095,-0.0838063,0.046334773,0.07715381,-0.0070516677,0.08780341,-0.23054507,-0.3217087,0.20696121,-0.23087038,-0.18334702,0.2456657,0.049007308,0.06797936,-0.28158188,0.14862221,0.16532482,-0.027428241,-0.11405269,0.080098055,-0.38392833,-0.3647483,0.22391553,-0.017337503,0.18561587,-0.19372788,0.12487595,-0.18823704,-0.12228328,-0.5722127,0.14956282,-0.084549874,-0.025420064,0.85490274,0.07192739,-1.9147484,-0.07355505,-0.17723612,1.1393775,0.5537586,-0.2737078,0.10088295,-0.20048447,-0.10951237,0.38423476,0.04399307,0.14150555,0.19483127,0.10229082,-0.07352423,0.11881741,-0.2290939,-0.19818684,-0.32693478,0.032421403,0.0942057,-0.1088395,-0.002231096,-0.71836734,0.15332447,0.434832,-0.10427989,-0.3151372,0.019588854,-0.876212,-0.09343755,-0.027071472,0.20710595,0.02320083,-0.4649865,-0.11234395,0.0825621,-0.33122423,-0.015596354,-0.44290197,-0.014122213,0.067762025,-0.14245157,0.35516143,0.27778825
453,neutral,-0.30781087,-0.21425577,0.23578292,-0.5140729,-0.3342639,-0.33401635,-0.11930326,-0.13193963,-0.16750522,-0.2439441,-0.14588846,0.15051669,0.011706659,-0.02834825,0.14121479,0.19349186,-0.09868052,0.15703245,-0.41059503,0.23041199,0.3180166,-0.16151683,0.33594298,-0.3048728,0.385271,0.28374937,-0.40662816,-0.20441577,0.0857201,-0.16308749,-0.4152569,0.25558543,0.009797807,0.22212169,0.0017079283,-0.16476369,-0.106442295,0.083286606,0.16929701,0.043184064,-0.4689369,0.1998106,-0.18830194,-0.08353998,-0.11063642,-0.093224615,-0.032776862,-0.15148613,-0.36984444,-0.38347787,0.15990059,-0.052133996,-0.2531932,0.7668098,-0.056073844,-1.5488123,-0.3701519,0.053484626,0.76435786,0.36634618,-0.17517303,0.40983626,0.10206327,0.016631193,0.67963797,-0.0098950295,0.5105769,0.10857803,-0.0033059486,0.0878329,-0.08554874,-0.33273327,-0.05941808,-0.06468958,-0.05990103,0.07101302,-0.05329544,-0.110913746,-0.23652114,0.1045091,0.47293666,0.16864017,-0.369302,-0.32789382,-0.84701973,-0.16376501,0.028715232,0.12257912,-0.060445502,-0.17482263,-0.075981356,0.17215127,0.03243422,-0.23017722,0.063159995,-0.0026978657,-0.074453235,-0.075557694,0.14444987,0.030857427
454,negative,-0.08147656,0.360542,0.1790217,-0.0029868064,-0.061038036,0.23709436,-0.3196796,-0.07093262,0.153317,0.15163554,-0.08999524,0.10702879,0.31727812,0.058884677,-0.085489385,-0.19615543,0.12266529,0.071721815,-0.45595455,0.3180218,0.26204264,-0.12395532,0.16374248,-0.09970272,0.05157887,0.052243058,-0.18559904,-0.21577051,0.28291577,-0.11217951,0.24715759,0.22851364,-0.1418276,0.103742324,0.012497571,-0.0013932824,0.10239227,0.10050739,-0.039045874,-0.039982624,-0.4747126,-0.05395788,0.07625339,-0.22594741,0.08523343,-0.0292876,0.25520563,-0.04864767,-0.29627508,-0.59299725,0.033922557,-0.087301426,0.17349948,1.0029964,0.0837399,-1.7353495,0.09912285,-0.21458305,1.3655897,0.32821265,-0.0636443,0.61328804,-0.17007488,-0.13274199,0.66792613,0.13607535,0.24438913,0.17671244,0.017262485,-0.21221916,0.18490952,-0.33172935,-0.15969591,-0.33667168,0.2886145,0.055519585,-0.077515535,0.15963814,-0.7667505,0.24040136,0.6224342,0.20570885,-0.24906588,0.306393,-1.0662293,0.056790102,-0.020387573,0.022044517,-0.18049295,-0.24189189,0.021778826,-0.2039666,0.10471333,0.0016171325,-0.39101803,-0.027016979,-0.04916577,-0.184989,0.48214662,0.1125443
455,neutral,0.08797629,0.10710333,0.3471502,-0.13074169,-0.29124975,-0.35612598,0.23118442,-0.12892506,-0.117778234,0.094742574,0.23737632,0.20977177,-0.13570517,0.0012112022,-0.21225363,-0.017021002,-0.10768546,-0.35954875,-0.019861758,-0.14792833,0.22051007,0.21512093,-0.008734458,0.033917625,0.15638623,0.05857428,-0.3172542,0.21943301,-0.2691113,-0.012783391,-0.15160283,-0.03933822,0.005470924,0.083807185,-0.0034325034,-0.30998367,0.1124827,-0.06525671,0.159823,-0.04854283,-0.2302636,0.061260764,-0.13659264,-0.09520791,0.2925992,0.28153157,-0.22735208,0.349586,-0.037998706,0.003950629,-0.44031137,0.2405891,0.090028085,0.10347307,-0.13126019,-0.0038041233,-0.19345936,0.049001466,0.055445652,0.15143937,-0.021674609,0.053659763,-0.23654312,0.39301944,0.0085919835,0.3461008,-0.11634605,0.06035922,0.13193965,0.077520505,0.0910366,0.25522694,0.17787723,-0.20389304,-0.11345883,0.20477134,-0.24336442,-0.12779288,-0.0538584,-0.08826296,0.052281886,-0.1442745,0.21803844,0.14504772,0.1667181,-0.37334186,-0.033777736,-0.16114697,0.21628492,0.093113676,0.045562126,0.3542404,0.10386241,-0.02070917,0.25687027,0.04634155,0.2662904,-0.08093669,-0.015631253,0.10996794
456,negative,-0.02664407,-0.051423863,0.3140822,-0.07395324,0.019299882,-0.014062642,-0.16558336,0.29839557,0.11783166,0.17862894,0.21547692,-0.036720227,0.07901966,0.078583896,0.11275197,-0.29915255,0.07310796,-0.07937046,-0.27507415,-0.13434736,0.44761223,0.032446384,-0.017395807,-0.30066973,0.06372611,-0.11229758,-0.22472827,-0.17360155,0.2067555,-0.0928795,-0.06408766,0.35425928,0.2293257,0.13887912,0.16994026,0.22634636,0.16535781,0.16456932,0.18476385,-0.17437503,-0.105585575,-0.2829255,0.23542877,-0.010793992,0.36483896,0.29625487,0.053675633,0.045235377,0.106525734,-0.30130455,-0.03183771,0.14978528,0.10717669,0.7676849,-0.16223373,-1.8853165,-0.21953893,-0.026164599,1.4982296,0.18784104,-0.1788047,0.43224528,-0.05421164,-0.15182337,0.2309668,0.060430463,0.07030393,0.09836755,-0.10649204,0.10257682,-0.1664009,-0.3250403,-0.045692533,-0.4432263,0.1563793,-0.07499454,0.33413723,0.07458875,-0.5737047,0.124133915,0.48278433,-0.063872084,-0.2407091,0.094457604,-0.7219786,-0.1087702,0.00084245286,-0.068281226,-0.099085644,-0.24417387,0.06513709,0.0425937,-0.0644127,-0.20597576,-0.47592366,0.34149736,0.09740072,0.14689383,0.6211405,0.1460379
457,neutral,-0.18121639,-0.14205769,0.29596603,-0.27658275,0.18289234,0.045746356,0.032833137,0.10570422,-0.2479842,-0.06949431,0.022584485,-0.12497015,0.090452775,0.101586506,0.01525442,-0.1615097,0.270352,0.059461102,-0.49686933,0.022904724,0.24305965,-0.0005459003,0.23587702,0.08969398,-0.017430192,0.009422579,-0.30008462,-0.38485405,0.21807748,0.024797829,0.03557323,0.46854407,0.14596152,0.038590703,-0.19616623,-0.051011145,-0.13430837,0.03337263,-0.006150037,0.048256088,-0.31010622,-0.16650605,0.3553126,-0.029821312,-0.057471465,-0.13027343,-0.045062535,-0.32485908,-0.113674864,-0.49942812,0.15423289,0.16141045,0.28914428,0.6079298,-0.15492518,-1.8729155,-0.0652643,-0.22180448,1.145748,0.43330067,-0.21104653,0.24546658,-0.0010315168,-0.025546096,0.62802213,-0.033482656,0.20793985,0.34358627,0.078984365,0.054225948,-0.06818313,-0.0054584458,-0.075568356,-0.20293543,0.04168439,0.042470124,-0.042019296,-0.034560945,-0.64904296,-0.050679367,0.18599552,-0.08284724,-0.05344547,-0.017752314,-0.77738965,-0.2810388,0.13424458,0.044575535,0.12463174,-0.22820556,-0.028930366,-0.16543803,-0.02023435,0.390823,-0.2976404,0.19155854,-0.0023755021,-0.111654334,0.22926669,-0.1603409
458,negative,0.15148789,0.12657318,0.3489387,-0.24876525,-0.12851945,-0.13487801,-0.20735379,-0.009374474,0.0026957605,0.0003775086,0.1266004,0.03780893,0.15491794,-0.19459869,-0.037113905,-0.21559528,0.0775853,-0.061965432,-0.654891,0.18683684,0.27346542,-0.06803947,0.0057129604,-0.028167585,0.10520334,0.12140253,-0.18733141,-0.37029842,0.27424666,-0.13907062,0.019944943,0.6039549,-0.02484557,0.10080127,0.15626729,0.2208098,-0.029336127,-0.17199576,0.117805615,-0.1571733,-0.3876606,0.031053618,0.12454888,-0.46401927,-0.25915873,-0.26342896,-0.044579085,-0.16097586,-0.034981787,-0.8777954,0.07216275,0.17137526,0.13194714,0.8056938,-0.05684219,-2.1617858,-0.1261153,-0.22090408,1.3855891,0.3203512,-0.22117768,0.3582153,-0.30887353,-0.48813763,0.5832355,0.01477824,0.23177701,0.61686844,-0.25078344,-0.19606818,0.09609959,-0.30015358,-0.5447436,-0.48869193,-0.13105719,-0.13816153,-0.20506464,-0.07153701,-1.0039163,0.28310126,0.6594871,-0.43801394,-0.07022277,-0.14803387,-1.1249069,-0.08401071,-0.1344396,0.25270283,-0.12045082,-0.29427975,0.061027993,-0.09235886,-0.30492237,-0.019925468,-0.57610714,0.04158619,-0.04953728,0.09088766,0.5408854,0.073963575
459,neutral,-0.37561306,0.20564109,0.34034827,0.082902804,-0.034641843,-0.23778874,0.06218137,-0.0050335857,-0.41611457,0.3251615,0.31034672,0.055039518,0.37133294,0.26368362,-0.090816945,-0.30805135,0.331895,-0.26483628,-0.37808722,0.2611008,0.41757405,-0.09232074,0.4989568,-0.13202377,0.00083358283,0.15550877,-0.4770334,-0.124178424,0.18907207,-0.14986631,-0.24799587,0.21847111,-0.24668853,0.13171883,0.2465244,-0.12436154,-0.19556653,0.2084792,0.11230041,-0.053199816,-0.4239527,-0.12241556,0.13560255,-0.23185219,0.73649436,0.25736114,0.069853775,-0.05116,-0.07964263,-0.23328705,0.039088845,0.2339003,0.172652,0.98653287,-0.17012417,-1.8358701,-0.39678898,-0.29291806,1.5633551,0.40516394,-0.32342625,0.34449247,-0.08761372,0.2660411,0.3658683,0.30058524,-0.004472122,0.31507072,0.16792192,0.3240879,0.23046072,-0.18995579,0.1357953,-0.12921517,0.12188022,0.22503579,-0.06194157,0.13829899,-0.74386036,0.12719193,0.60036606,-0.036113642,-0.2035087,0.16784222,-0.76081914,-0.13582471,0.07478375,-0.07476996,0.13468473,-0.18071277,0.081219435,-0.047820367,-0.05621595,0.0461462,-0.3561045,0.29224294,-0.3249207,-0.055917475,0.39551812,0.101982914
460,negative,-0.33411178,0.2551768,0.2660695,0.08169136,-0.13739465,-0.42599308,-0.02337328,-0.30004892,-0.18086368,0.6558933,0.040331192,-0.14817376,0.28915134,0.067330375,-0.043658014,-0.36917207,0.20396836,-0.2723955,-0.147883,-0.2804037,0.4222187,-0.36342674,0.2114254,-0.17663735,-0.007297682,0.16331992,-0.48884264,-0.022966923,0.24695706,0.00038569886,-0.24225228,0.1362155,-0.13944837,-0.20621729,0.31540698,0.046876177,0.08025451,-0.145001,0.15321247,0.10526546,-0.38130754,-0.3585003,0.06852917,0.019325973,0.6060516,-0.10485635,0.25090218,0.060165476,-0.18424295,-0.13181043,0.32073036,0.4642282,0.101667926,0.7830707,0.059889514,-1.5394596,0.11936297,-0.4975962,1.3920376,0.39135644,-0.1341108,0.41050595,0.2609186,-0.030867154,0.30439132,0.21265532,-0.25915706,-0.0032167844,-0.1634483,0.24398947,0.26319733,-0.2966913,0.11583608,-0.12927371,-0.064691275,0.03505223,-0.0051251557,0.22698571,-0.7499327,0.29434133,0.6642424,-0.3362326,-0.09394876,0.4861504,-0.7347973,-0.08835351,0.10263822,-0.02123877,0.094496004,-0.2792705,-0.227228,0.040502824,-0.11510598,0.07540353,-0.29389095,0.13676733,-0.26133183,-0.13889514,0.2529114,0.1997993
461,negative,0.09269981,0.24790578,0.21323462,0.13294996,-0.07011107,-0.52042615,-0.34645054,-0.24389386,-0.015377242,-0.1912014,-0.019586785,0.006553856,0.14290425,-0.22978303,0.15408915,0.15233964,-0.3143769,-0.014141359,-0.07411442,-0.16468246,0.5245383,-0.13157246,0.03938299,0.40022263,0.15532918,-0.18704687,-0.20688544,-0.1806327,-0.05430828,0.056779888,-0.0114461165,0.014586308,-0.123838216,0.108572185,-0.19215055,0.14335208,0.331585,-0.099451914,-0.011481902,0.047647607,-0.43010548,-0.33804372,-0.07536494,-0.04221166,0.22865953,0.08610085,0.38034043,-0.041139375,0.08094259,-0.9266823,-0.04742201,-0.06874797,-0.030909289,0.7838922,-0.037297197,-2.0825074,-0.0054969713,-0.24586315,1.5672879,0.27098453,-0.28936183,0.34664285,-0.25671732,0.014762671,0.37734458,0.12435464,0.21357103,-0.25099015,0.4605057,-0.070238315,-0.033167962,0.039045025,-0.4882381,-0.1157728,-0.07936804,-0.19630192,0.020938864,0.13275166,-0.6684446,-0.00828792,0.6526126,0.20682496,-0.37867978,0.038252514,-0.71536875,-0.534435,-0.14947131,-0.30584425,0.1460999,-0.2511663,-0.06932209,0.14691213,-0.4232313,0.02304467,-0.45505238,0.15718779,0.33110058,-0.12695645,0.4818858,0.14662932
462,neutral,-0.10623348,0.20613416,0.42843163,-0.47123286,-0.18976575,0.013081121,-0.4261989,0.11012874,-0.08242826,-0.49211648,0.13512285,-0.035951912,-0.13613257,-0.24927106,-0.1692542,-0.4184016,-0.025107676,0.3775792,-0.5655785,0.46794358,0.069925115,0.11572642,-0.38354605,-0.34712806,0.15622222,0.23995908,-0.3559831,-0.52943105,0.15686415,-0.46444744,0.07882385,0.59483707,0.26696107,0.13835406,0.017381642,0.48275605,-0.044894863,-0.0383496,0.124200255,-0.18132561,-0.09279339,-0.20206901,0.22135356,-0.17513189,-0.4369768,-0.16250303,-0.18969335,-0.25518128,-0.23795862,-1.0439669,0.138052,-0.038738463,0.20246534,0.41555116,-0.03743561,-1.6993034,0.1624479,-0.035845708,1.0186734,0.17482777,-0.15032744,0.42505336,-0.39611283,-0.35989657,0.3689792,0.18980731,0.30835623,0.86209047,-0.026205389,-0.40899658,0.19110966,-0.18636233,-0.37053007,-0.55122644,-0.0048316573,0.28997177,-0.05881707,-0.0094687445,-0.50044286,0.030739754,0.33712032,-0.4035772,-0.048526876,-0.5386936,-1.1294001,-0.196105,0.06976188,-0.07480662,-0.21591716,-0.4404018,0.10997365,-0.26763847,-0.035893,-0.07750826,-0.52565616,-0.062231,0.18803915,0.13664243,0.18152772,-0.011335852
463,negative,-0.02047297,0.33870265,0.0737042,-0.03341659,-0.20443834,0.063329846,0.089047,0.26930928,0.14863843,0.39305252,0.08744273,0.061166078,0.39854982,0.22487894,0.18533511,-0.20181343,0.10616421,-0.04178308,-0.6712065,0.3230846,0.4713633,-0.030484099,-0.015964614,0.103423566,-0.5203617,0.08547146,-0.14015192,-0.3849098,-0.17498545,0.34495646,0.13704768,0.28553447,0.13311441,0.4568119,-0.18075947,0.12710154,-0.32880268,0.25888827,-0.13989271,0.12833022,-0.28437108,-0.02473644,0.094289914,-0.35286126,0.5619599,0.11478668,0.24487886,-0.034176596,-0.20424375,-0.41423088,0.112356134,-0.17285112,-0.122613035,0.9011856,-0.13576068,-2.2086883,-0.16206309,-0.44679004,1.608366,0.6486973,-0.004970028,0.45714048,0.10877685,-0.08809498,0.28397045,0.22871572,0.11927867,0.11255787,0.0025814883,0.23179278,-0.122680545,-0.3040445,-0.18274349,-0.08025348,0.4551426,0.11552301,0.2640739,0.12652357,-0.86858,0.033087846,0.7717985,0.12588666,-0.27582407,-0.027574535,-1.3105445,-0.013237803,0.4062836,0.14348857,-0.36288422,-0.048447203,0.5578848,-0.20266329,0.031759813,-0.039827,-0.7298762,0.6490817,0.24563777,-0.08782769,0.65314424,-0.18041201
464,neutral,-0.0066938098,0.07859436,0.23039435,-0.30577734,0.18105198,0.023620885,-0.056959655,0.14771347,-0.42506418,-0.25092885,-0.15054062,-0.2293958,-0.012435957,-0.0006601201,0.025272999,-0.19811322,0.44741923,0.017785782,-0.49106684,-0.11882667,0.37941897,-0.12368035,0.10058549,-0.024024863,0.1644549,-0.07904146,-0.2957404,-0.20809242,0.23679857,0.022615165,-0.017817467,0.3637734,0.1644485,0.11434831,-0.3221691,0.23546907,-0.16425064,0.082079925,0.19856173,0.034398973,-0.30913007,-0.22136974,0.13490863,-0.13532585,-0.10799832,-0.19088349,0.21044289,-0.36688864,0.02648335,-0.42258343,-0.011383192,-0.1920361,0.40493494,0.4884125,-0.24419898,-1.8960686,-0.10959257,-0.09716136,1.0693525,0.1952091,-0.10983898,0.5410115,-0.058656417,-0.1992542,0.31504506,-0.037766144,0.30606392,0.4257545,0.1484589,0.027163586,-0.132209,0.0055993176,-0.2142978,-0.260365,-0.0006253706,0.072843716,0.19043426,0.11026502,-0.69022095,0.035251293,0.22729753,-0.050518323,-0.27746642,-0.044526853,-0.65410817,-0.26983395,-0.23725054,-0.3489163,0.29437715,-0.1628766,0.09648271,-0.15604839,0.008319213,0.30427948,-0.5417229,0.040600356,0.14678618,-0.20443897,0.24100815,0.023404267
465,neutral,-0.10914137,0.02504553,0.45967552,-0.14262721,0.041379903,-0.07413328,-0.17260267,0.09772337,-0.22588369,0.01618735,-0.11884168,-0.17189659,0.19232285,0.02520337,-0.110783756,-0.27685758,0.35183117,0.21020807,-0.4420914,0.23824607,-0.0036497442,-0.23166238,0.20491394,-0.03062917,-0.19971162,-0.070036165,-0.045146313,-0.38147727,0.35537964,0.07665836,-0.041113663,0.7048366,-0.0344151,-0.11036741,0.112998016,0.26455882,0.03176831,0.09474528,-0.06897559,-0.19989438,-0.36815113,-0.0726748,0.4821664,-0.22863057,-0.17203067,-0.036189128,0.007567072,-0.24101478,-0.25139347,-0.6729467,-0.11063676,-0.08588871,0.07315516,0.9749172,-0.08237069,-2.1200876,-0.03780649,-0.111490384,1.1475717,0.30477923,-0.21672529,0.38261575,0.0054496387,-0.1670072,0.71128285,0.09297283,0.2744297,0.65395486,-0.1052129,0.20406075,0.16638404,-0.4159947,-0.38732457,-0.44917136,-0.05957457,-0.10745284,-0.27060375,-0.037267685,-0.49687803,-0.012111268,0.4216495,-0.21339384,-0.17415315,-0.05620528,-1.0517647,-0.1517176,-0.11355372,0.16802213,0.21938784,-0.60129446,-0.009203753,-0.0029128876,0.01759527,0.0036391618,-0.53731304,0.12631808,0.11689762,-0.25716716,0.47314918,0.123406895
466,neutral,0.015454798,-0.054322332,0.06470452,-0.19141878,0.0023115594,-0.10740898,0.061326183,0.059928555,-0.015876766,0.55581385,0.0965544,-0.094532184,0.15079881,0.16517906,0.12155107,0.039090395,-0.11716993,-0.22550374,-0.65181553,0.35187465,0.090218395,-0.15153147,0.05547921,-0.008703811,-0.15673798,0.012047285,-0.009851392,-0.33613312,-0.09612717,0.11620261,-0.16110253,0.011266897,0.12955403,0.017558793,-0.10553499,-0.23686226,0.00414842,0.011404085,-0.06521121,0.22504656,-0.45942935,0.03266241,0.31380188,-0.116653115,0.08786326,-0.25448722,0.14162804,-0.1802976,-0.021584054,-0.6707488,0.064465195,-0.103167966,0.027585259,0.7689584,-0.3273912,-1.6816167,-0.22079213,-0.042305358,1.2502729,0.34340206,-0.1248268,0.4112167,-0.054287713,-0.1763278,0.6648831,-0.15746439,0.19091691,0.34794384,-0.32916713,0.19862035,0.047242567,-0.3356733,-0.29708928,-0.31508127,-0.016940147,-0.037904706,0.016883424,0.008166968,-0.7530437,-0.074947104,0.497685,0.16915412,-0.11407434,-0.2811236,-1.0280037,-0.3108077,-0.121897615,-0.009311421,0.06253694,-0.13917531,-0.025329731,0.11067261,0.07962237,0.22592254,-0.19033052,0.059790164,-0.23779906,-0.39348504,0.19752158,-0.24513382
467,neutral,-0.25480226,-0.034162696,0.14662069,0.15587853,0.027527574,-0.09869865,-0.2951073,-0.02682528,0.019806398,0.052303534,-0.15637074,0.08445199,0.04376211,0.02421341,-0.03218985,-0.086061336,-0.090157785,-0.17215875,-0.43771768,-0.03883949,0.18736872,-0.11516122,0.13541237,-0.011613434,-0.10132194,-0.24054275,-0.026509477,-0.016222429,0.14578861,0.10549398,0.068622045,0.26650476,-0.025624176,0.10387081,-0.11080543,0.23685874,0.052813888,0.13707717,-0.18806644,-0.07957455,-0.42136687,-0.17552264,0.3252609,-0.021767363,-0.03072477,-0.2537575,0.052033477,-0.17790222,-0.09574872,-0.61038303,0.2407703,-0.15174356,0.23016034,0.804996,-0.093716316,-1.7512084,-0.047708035,-0.08841772,1.1057171,0.355358,-0.15243366,0.1409078,-0.06877606,-0.1694034,0.48733127,0.08598448,0.11076369,0.46779045,0.1355913,-0.06254755,0.05856305,-0.14132068,-0.21684715,-0.4902788,0.04088679,0.04670953,-0.1707488,0.18123302,-0.73527634,-0.047825415,0.37761062,-0.06529413,-0.09048687,-0.08658522,-0.6542836,-0.2808744,0.042378813,0.22650203,0.049388997,-0.44556603,0.036039233,-0.106425546,-0.2007755,0.11040569,-0.39282602,0.10528062,0.0033466741,-0.16070339,0.2660295,0.017694127
468,neutral,-0.12423786,0.14691058,0.15476418,-0.050030258,-0.033023447,-0.57368493,-0.01848457,0.039876685,0.09080484,0.07250843,-0.0497486,-0.023896463,0.16292906,-0.1201385,0.12851582,-0.0085551925,0.008958949,-0.11583231,-0.32518566,0.1931598,0.1960766,-0.2103322,-0.002029883,0.20665301,-0.13233204,-0.14722149,0.088770166,-0.21796608,-0.008343317,-0.0560467,0.023687907,0.21241668,-0.08644037,-0.053821407,-0.08924516,0.30653077,0.07857876,0.039879233,-0.11229107,-0.018084086,-0.45005065,-0.15908572,0.016568515,-0.1707863,0.042201307,-0.19498917,0.26399556,-0.27928144,-0.16525315,-0.85021234,0.20076293,-0.17129627,0.17006382,0.7651395,-0.19975094,-1.8403974,-0.17825907,-0.32494062,1.3077992,0.43651354,-0.320031,0.44913042,-0.12538458,-0.13585682,0.5066258,0.16041344,0.03597532,0.35277054,0.27301148,-0.06020972,0.21100248,0.08408798,-0.31882027,-0.33113295,-0.20415238,-0.2186418,-0.009609933,0.16577336,-0.89641154,-0.028757071,0.46605763,-0.011527641,-0.14851187,-0.0488256,-1.0312262,-0.41162625,0.054326557,-0.07131779,-0.031176861,-0.18916155,0.07718072,0.11018796,-0.20743519,-0.14926443,-0.3158767,0.09250299,-0.05751939,-0.21218868,0.2907446,-0.033680778
469,neutral,-0.109211154,0.15243217,0.52508295,-0.044039417,-0.2924798,-0.14625075,-0.23180243,-0.02929795,-0.012266746,0.101301864,0.1766563,0.035785317,0.21617268,-0.15757316,-0.022215156,-0.25847918,0.04972211,0.20078447,-0.15167627,0.13375393,0.23682344,0.003064667,0.1432883,-0.18107548,0.0029238567,0.032645497,-0.23015329,-0.21631046,0.19114591,-0.13732551,-0.1275383,0.3977972,-0.2294606,0.08937663,0.18314123,0.08428756,0.028956553,0.14444976,0.17953844,-0.028341837,-0.46300936,-0.11639368,-0.037634227,-0.094839886,0.092889,0.05799726,0.167023,-0.18707164,-0.24719377,-0.73198575,0.1899201,0.24341801,-0.053905446,1.0285643,0.1006269,-1.7963554,0.3088432,-0.031894594,1.3841208,0.26678893,0.04182619,0.645348,-0.15437232,0.0045279036,0.5428904,0.014969971,0.22256805,0.052843437,-0.10590884,0.07151071,0.020049851,-0.36136556,0.06805841,-0.22667849,0.14416592,0.14521495,0.20815113,-0.02567784,-0.47077414,0.10150713,0.3430884,-0.16989985,-0.52128386,-0.019605458,-1.1060077,-0.37882712,0.27044085,-0.003577112,-0.0799229,-0.20078325,-0.12771645,-0.005837419,-0.025827883,-0.059781805,-0.09232027,0.14813642,-0.13445216,-0.18668468,0.32750112,0.023264859
470,neutral,-0.16438667,0.085464925,0.1665319,-0.20831372,0.15467733,0.19016527,-0.091374524,-0.037651204,-0.015333258,-0.08594522,-0.08594657,0.032512046,-0.03477427,-0.090189286,-0.10264305,-0.20672734,0.08116073,0.13718443,-0.34420213,0.24145749,0.36247537,-0.007431594,-0.022291463,0.015132771,0.08145904,-0.03490181,-0.37030143,-0.22368093,0.40028748,-0.0519524,0.13028203,0.42612112,0.088269986,0.0016241914,-0.11648519,0.2696946,-0.11542293,-0.01702164,-0.3102213,0.0749177,-0.3039091,-0.15382344,0.11297574,0.07975548,-0.27524158,-0.26867765,-0.04636473,-0.34606442,-0.0608372,-0.51759905,-0.007139264,-0.11072259,0.1332055,0.63377297,0.10932073,-1.5910103,0.05274897,0.049923137,0.7507912,0.14245427,-0.20784484,0.37620747,-0.05111437,-0.20310171,0.54724824,-0.07686782,0.38122365,0.39461082,-0.07061671,0.029085599,0.015688447,-0.045686305,-0.42827815,-0.3282739,-0.37989724,-0.1866858,-0.22652943,0.10086557,-0.5292892,0.07938346,0.34374186,0.011495456,-0.05007749,-0.15653734,-0.7765634,0.04585732,-0.12902579,0.111854024,-0.06787339,-0.3468895,0.0909349,-0.014042793,0.031935588,0.023896942,-0.20417522,-0.07948961,-0.060159076,0.13442516,0.119797185,-0.024115227
471,negative,-0.043765157,0.109648645,0.22674003,-0.18604417,-0.0940479,0.13020734,0.030432062,0.2909945,-0.14343947,-0.1548713,0.009185578,-0.017831545,-0.019315317,-0.0024774736,0.115742154,-0.14997295,0.086540446,0.14506483,-0.2881418,0.3404186,0.17860419,-0.042674508,0.20462856,-0.3326306,0.37339947,-0.11993523,0.13379468,-0.19112442,0.03725213,-0.031131761,-0.17189777,0.32455376,0.1366911,0.20694685,-0.011591214,0.16943064,-0.15382476,0.2899744,-0.03283508,-0.19197801,-0.16797376,0.06408683,-0.12371159,0.02782338,-0.22952506,-0.052021105,-0.082636856,-0.099824324,-0.041883685,-0.5498927,-0.0013302141,-0.27927873,0.20142189,0.5607054,-0.0027426688,-1.926712,0.110760435,0.069856405,0.8878906,0.116330795,0.11552483,0.66768116,-0.2687579,-0.25778544,0.5232041,0.026906038,0.3369348,-0.0050418116,0.034000773,-0.093073465,-0.020767031,-0.071259454,-0.19622281,-0.16932397,0.21999077,-0.057396527,0.14202929,0.11637747,-0.49211913,0.09485763,0.24402401,0.20596306,-0.29593506,0.028345972,-1.0494022,-0.15280244,-0.32600716,0.015343376,-0.036396086,-0.26334023,0.1338227,-0.09786562,0.026476877,-0.013289502,-0.5745289,0.025286293,-0.07066866,-0.15114461,0.2908013,0.23757145
472,negative,0.025744148,0.52981496,0.2449825,-0.042423926,0.011630784,-0.019909548,-0.12439716,0.07854299,-0.14287648,-0.179625,0.18053573,0.054589733,-0.11725551,-0.042819656,0.009597523,-0.42541343,0.17189378,-0.0049446244,-0.3552892,0.27709952,0.33627436,0.05801193,0.017312815,0.20382862,0.10765716,-0.020838382,-0.038438685,-0.24175584,-0.18905903,-0.15411618,0.023500288,0.49630204,-0.11190288,-0.081500314,-0.01433837,0.31919655,-0.11865896,0.25082994,-0.11724799,-0.047068607,-0.22110619,-0.1822222,-0.006124552,-0.18825929,-0.011196738,0.1470428,-0.2982348,-0.21757303,-0.13590054,-0.7199099,0.03014961,-0.20721638,0.15885784,0.7871679,-0.17578301,-1.8843627,-0.046695948,-0.2190356,1.4950792,0.23509231,0.13142537,0.2952687,-0.22834663,-0.1243316,0.26399806,0.16750611,0.13307838,0.19870657,0.37162173,-0.17658593,0.015531972,-0.1638342,-0.2603085,-0.17798418,-0.031980507,0.08590151,-0.25875628,0.15768406,-0.6839942,0.18705992,0.48994142,0.015772926,-0.19344588,-0.03969324,-1.1309141,-0.049605854,0.0813862,0.017570328,-0.14564145,-0.2629736,0.17077197,-0.039822776,0.11109755,-0.2104219,-0.6723283,0.0023731573,0.28727162,0.020246938,0.5743307,-0.044747174
473,neutral,-0.08083338,0.17804088,0.31771123,-0.14149232,-0.009124212,0.1380622,-0.01236692,0.11876535,0.07218643,-0.10425852,-0.018160714,-0.032629456,0.25369784,0.08545696,0.004296173,0.04932706,0.39565402,0.15084633,-0.22544631,0.12987779,0.27225974,0.05803398,0.04839457,-0.28715146,0.29689103,-0.048929118,-0.4970073,-0.43956774,0.024550857,0.034732606,0.01802582,0.31564707,0.18732631,-0.015752675,-0.06884066,0.3489585,-0.1340861,0.011532669,0.17412373,-0.19591051,-0.16112994,-0.13765843,0.18662632,-0.24640281,-0.0893306,0.1333184,-0.30468613,-0.41776785,0.20404468,-0.33774385,0.27186757,-0.03314409,0.325383,0.7072584,0.051376898,-1.5149033,0.12010417,0.14394335,0.7395266,0.31921712,0.15085952,0.6047905,0.04422778,-0.008002774,0.6612316,0.12006395,0.4022909,0.34366393,0.09708526,-0.20824052,-0.23803039,-0.106000066,-0.049315143,-0.28880298,0.16393709,0.1344564,0.037156075,0.036122795,-0.5662291,-0.031950034,0.010058552,-0.002816001,-0.10269571,-0.1709159,-0.89160955,-0.15811881,0.061783135,-0.118302666,-0.011072563,-0.33990893,-0.033507787,0.048264712,0.47349715,0.08107514,-0.21073388,-0.11057196,-0.14140967,-0.0420983,0.20848553,0.0038545525
474,negative,-0.019091776,0.14694124,0.3203729,-0.34168646,-0.24630593,-0.020307014,-0.001955567,0.14884374,-0.15112053,-0.3357057,-0.033953536,-0.069868326,0.019677868,0.093053415,0.04174977,-0.18633588,0.03136424,0.22773917,-0.36484012,0.5282991,0.13937268,-0.14592065,0.15829262,-0.2127527,0.35011968,-0.03943223,0.024671527,-0.34598976,0.045770925,-9.792505e-05,-0.20206758,0.39418587,-0.008178068,0.12309918,-0.036146373,0.18585387,-0.2807285,0.2506958,-0.043669153,-0.19027956,-0.23543753,0.15046868,-0.11750607,-0.0665562,-0.2938364,-0.0321905,-0.115384854,-0.1604612,-0.14119127,-0.73480463,-0.018666493,-0.27756017,0.112433136,0.5802238,0.013297538,-2.0107894,0.1711923,0.022328027,0.8881339,0.18626398,0.068191186,0.7110553,-0.26240784,-0.30560783,0.59487945,0.040463492,0.2970026,0.093971044,-0.045207646,-0.08542857,-0.019325593,-0.11996364,-0.23093331,-0.053161338,0.2616092,0.05879789,-0.042457003,0.017375441,-0.620876,-0.024418073,0.24483886,0.3298262,-0.30655268,-0.040189616,-1.305695,-0.21788403,-0.41372034,0.0364963,-0.22564736,-0.4201051,0.03663262,-0.17187771,0.13727143,0.029619811,-0.4816161,0.067775935,0.00874019,-0.19885448,0.2409459,0.24907841
475,negative,0.018858867,0.37868378,0.24281818,-0.11275532,0.021695102,-0.17116623,0.026106505,0.28828442,-0.12943806,0.13181339,0.20120531,0.09235851,-0.070241965,-0.009264791,-0.0011007503,-0.45479268,-0.04569466,0.102438346,-0.3066777,0.26749915,0.38314947,-0.057552025,-0.014560628,0.41936606,-0.01922211,0.04640899,0.02794011,-0.12876822,-0.114848,-0.24067272,-0.048562877,0.35670212,-0.124719046,-0.15056789,-0.044340998,0.28985402,-0.043883976,0.10271437,-0.07485411,0.041399397,-0.08688946,-0.27822995,-0.09009742,-0.057305098,0.019178426,-0.0033191023,-0.11726271,-0.3024575,-0.16187938,-0.69216067,0.22590934,-0.18087372,0.1894733,0.859754,-0.23718685,-1.6523292,0.026775641,-0.30452636,1.324201,0.027553232,0.08110916,0.24838814,-0.2368447,0.04027363,0.15361401,0.27512726,0.08125546,0.060995862,0.24553986,-0.20598245,0.07239583,-0.19396678,-0.21775346,0.03997469,0.052076943,0.11263618,-0.1569021,0.045953102,-0.68360114,0.09305517,0.5261466,0.08804024,-0.164672,-0.016425341,-0.9017244,-0.2319453,0.11327492,-0.07877348,0.09726604,-0.19735819,0.020034453,0.083327435,-0.09722087,-0.45122647,-0.58497626,0.07015865,0.29465306,0.08289581,0.64889914,-0.13066329
476,neutral,-0.2967321,0.16497338,0.32559,-0.42414415,-0.0999958,-0.22727863,-0.015543563,0.4167148,-0.020709021,0.2946418,0.24494849,-0.02061554,0.32782266,-0.06801532,-0.09096457,-0.22110577,-0.19007988,-0.03628627,0.024971923,0.13560644,0.30310965,-0.062270693,0.4865333,0.027087072,-0.01545581,0.19436936,-0.24733321,-0.09947966,0.29401144,0.021335406,-0.017036134,-0.122537196,-0.14430906,-0.10119365,-0.22074848,0.05151458,0.010002456,0.11925673,0.027286641,-0.10216015,-0.15479952,-0.3444275,-0.15937379,-0.21664277,0.029828155,-0.08456978,-0.020861616,0.017801913,0.03682628,-0.5158972,-0.17591287,0.2580598,0.04108185,0.6168704,-0.4951736,-1.2422097,-0.19294946,-0.34614018,0.95241266,0.25707552,-0.4461998,0.48855633,-0.20563821,-0.24878608,0.56004477,0.5170013,-0.080283105,0.011186596,-0.30919874,-0.113221996,0.09265313,-0.1039002,0.21354268,-0.11994239,0.12740701,-0.12859304,0.43198597,-0.03633,-0.42150554,-0.073690325,0.4205052,-0.23074315,-0.3331395,0.34565693,-0.20364304,-0.1985071,0.17117533,-0.0208512,0.120394535,-0.13281596,0.07123667,0.08805039,-0.0827266,-0.18825369,-0.40163997,0.26819593,-0.053906087,-0.2248718,0.23176953,-0.112850234
477,negative,-0.12448889,0.14461254,0.16317648,-0.11818282,-0.10635981,0.17931405,-0.064612724,0.18728216,0.09329709,-0.017001146,-0.1462727,-0.04565398,0.1549396,0.034510672,0.14497061,-0.19731629,0.0029160648,-0.053261574,-0.42226514,0.11722265,0.20088731,0.1483159,0.019621935,0.046842884,-0.031365536,-0.107024536,0.074721545,-0.4374602,0.050749257,-0.13248892,-0.23409532,0.23735128,0.06146621,0.27838603,0.09584246,0.058840033,0.03845324,0.14173752,0.32850018,-0.18196934,-0.4510065,-0.0070950803,0.17418702,-0.20049272,0.30524313,-0.05652798,0.08439176,-0.0648108,-0.11099789,-0.46009555,0.16817558,-0.023389535,0.010751408,0.78448474,-0.01757432,-1.8497484,0.103797965,-0.38485104,1.3409508,0.2886467,0.02166058,0.2805964,-0.09006272,-0.027393525,0.8712622,0.12518549,0.020478256,0.08288982,0.12701322,-0.04330066,-0.2798723,-0.27075818,-0.14922848,-0.11140282,0.43194827,0.1566491,0.16648547,-0.037792135,-0.64857167,0.001899868,0.45293832,-0.12858704,-0.2986111,0.116908416,-0.94814384,-0.12070273,0.1669401,0.05148228,-0.0752476,-0.25528172,0.053865768,-0.13281572,0.13484628,-0.058259897,-0.37176403,0.16240054,-0.08015401,-0.11014952,0.36202484,-0.023973098
478,negative,0.070168376,0.3049708,0.2027319,0.077171065,-0.092285655,-0.5743966,-0.25504366,-0.26845065,-0.031951122,-0.16613607,-0.065693446,-0.053866185,0.14273152,-0.26843917,0.10412027,-0.0021285398,-0.18289095,-0.015548683,0.0036126112,0.13838048,0.4684222,-0.045845337,0.046922565,0.25999257,0.03628662,-0.1621779,-0.16557266,-0.17315967,-0.2710508,-0.06165151,-0.08078464,0.18659593,-0.23879647,-0.13642734,-0.1186242,0.12813722,0.2904327,-0.097781934,0.003493062,-0.12402645,-0.21681422,-0.3228592,-0.19890963,-0.02358908,0.17997941,0.07132544,0.22176857,-0.05163389,0.08965483,-0.9159497,-0.13840973,-0.030442173,-0.05784803,0.7051616,0.023114268,-1.6911721,-0.08285287,-0.17382814,1.4519277,0.271747,-0.020193487,0.18945064,-0.27004388,-0.00635686,0.29504037,0.23967515,0.3382933,-0.15957415,0.5831016,-0.0645184,0.054817937,-0.0036532606,-0.40430915,-0.08335067,-0.05303642,-0.094601005,-0.12834153,-0.014512302,-0.65452063,0.043156523,0.71770704,0.21868248,-0.49790964,0.057175294,-0.7011732,-0.41089386,-0.011027947,-0.20034152,0.051814996,-0.26536456,0.07477984,0.15298435,-0.18749943,-0.16724935,-0.40581667,0.15450852,0.24311768,-0.16433768,0.48974282,0.1332061
479,neutral,-0.05638312,0.1883858,0.35004333,0.07984222,0.0072443457,-0.038110077,-0.24490194,-0.030985968,-0.010992215,0.022233091,-0.16062398,-0.07053676,0.044486206,-0.09770554,-0.013376,-0.08992566,0.005926578,0.008103417,-0.34512907,-0.051404227,0.3182263,-0.09154885,0.15666963,-0.032660797,-0.024263935,-0.077756226,-0.15139624,-0.2652865,0.21251604,-0.085109346,0.12337457,0.3110134,-0.115631655,-0.03967056,-0.04358513,0.13658382,0.13028397,-0.17398767,-0.21692638,0.015823314,-0.48326087,-0.17176308,0.2825997,-0.14031394,0.004470468,-0.18011181,0.2653445,-0.06931245,-0.13239455,-0.5780923,0.15875,-0.011858898,0.09014622,0.85473084,0.029348135,-1.7470707,0.1638835,-0.19707526,1.1249017,0.27571246,-0.20914456,0.22433668,-0.011065872,-0.045917906,0.48606893,0.11663749,0.0293905,0.32776943,-0.0396582,-0.13078624,0.09823795,-0.22995107,-0.37526318,-0.3386447,-0.035372462,0.013466874,-0.23918623,0.050874062,-0.7552487,0.031958807,0.3639181,-0.08743867,-0.098299466,0.0048119975,-0.9045175,-0.24959663,0.11411677,0.14138791,-0.036683537,-0.3606412,-0.0347638,0.010960289,-0.19437423,0.24447377,-0.46620125,0.069180556,0.122864574,-0.008242543,0.37073687,0.045617707
480,neutral,-0.18702985,-0.13278534,0.2538608,0.022940887,0.008965135,-0.3934851,-0.059391323,0.27243337,-0.08445848,-0.041042015,-0.08736358,0.016505653,0.08366229,0.1554969,-0.028963627,-0.1389614,-0.06758709,0.063552596,-0.4341532,-0.023635376,0.33650312,-0.29801467,-0.08605505,0.19118156,-0.065347746,-0.16098215,-0.008577049,-0.17390922,0.5001638,-0.111772776,-0.30238116,0.20361142,-0.1533483,-0.048261084,0.03820221,0.12728938,0.0021586162,-0.048115402,-0.037643187,-0.2256349,-0.513651,-0.22722332,0.38637385,-0.21137327,0.18215029,0.016599318,0.09777871,-0.009750579,-0.18200104,-0.6515202,0.22044498,-0.2918773,0.16972761,0.9656495,-0.07413319,-2.195708,-0.17934492,-0.1654359,1.5656058,0.34182844,-0.21788146,0.38514444,-0.016184105,-0.10986656,0.7417082,0.07065862,0.023333931,0.5501193,-0.1638347,-0.09813385,0.32552788,-0.53686154,-0.423303,-0.59617656,-0.0021197044,-0.0016575995,-0.3257932,-0.029297335,-0.66231424,-0.06604911,0.7554465,-0.180706,-0.34117636,0.10985723,-0.87888783,-0.14493902,0.20169938,0.058824535,0.32381615,-0.39276192,-0.006638421,0.098011926,-0.1106068,0.25581002,-0.3845045,0.15010327,0.3393212,0.10200349,0.40748066,0.27762008
481,neutral,-0.41395184,-0.22691643,-0.012030115,0.09437625,-0.043701097,0.3427773,-0.114778586,0.31363645,0.28690246,0.60964245,-0.2458722,-0.16722381,0.28950876,0.16192286,-0.0415545,-0.17662558,-0.13384998,-0.42885303,-0.5703251,0.16239072,0.46278897,0.043418337,0.20208804,-0.14954163,0.15711717,-0.4685348,-0.21138927,-0.23966077,0.22988845,0.08885207,-0.14662202,-0.23959337,0.27925846,0.33814716,-0.373451,0.055355314,0.49555698,-0.014036727,-0.18734978,0.029481964,-0.5373184,-0.09006412,0.25192165,-0.11947616,0.4309133,-0.041379,0.24350464,0.100937374,-0.03307693,-0.1753647,0.11851841,0.18649404,0.21467215,0.79055494,-0.37346965,-1.5553589,-0.25473496,-0.28161466,1.5323331,0.21941464,-0.09260583,0.3153693,0.18386957,-0.5292474,0.52518964,-0.05570813,-0.41444618,0.08221465,-0.35390913,-0.026118532,-0.24783754,-0.65942043,-0.4411742,-0.48780867,0.10056345,0.2090822,0.42254928,0.33429644,-0.7092891,0.18579043,0.44422102,0.17501356,-0.3977775,0.22643486,-0.35317308,0.07307014,0.19742319,-0.118612014,0.1423062,-0.006582216,0.23415591,-0.08714453,-0.23610625,0.2704961,-0.7645573,0.8403498,0.19320701,0.2247974,0.5765788,0.3858917
482,neutral,-0.22755569,0.18030794,0.14996201,-0.23413613,-0.06574739,0.018204141,-0.027605623,0.19774899,0.016138686,0.1692335,0.19354475,-0.115175284,0.1786564,0.10149328,0.09687911,-0.069927536,0.19439341,0.086329155,-0.16026077,0.25395438,0.25792545,-0.14403042,-0.019734051,0.1287507,0.010410939,0.022831915,0.01072605,-0.14159551,0.046900794,-0.10624918,0.002656531,0.29717872,-0.040175892,-0.019076979,0.057481725,0.12650217,-0.069534205,0.071413234,0.108928375,-0.042731702,-0.028651942,-0.14953431,-0.10158577,-0.13487498,0.058711093,-0.008687344,-0.061906543,-0.15765293,-0.17777222,-0.4796769,0.0895259,0.02957645,0.007864762,0.5956804,-0.06021987,-1.3806585,0.013431479,-0.04030958,1.2116714,0.26466063,0.02235393,0.3154538,-0.12277867,0.21368808,0.3541041,0.08503882,-0.008042393,0.019547729,0.34334233,0.039334994,0.028161228,-0.15829787,0.0709507,-0.16437979,0.0897535,-0.049475934,0.12616104,0.041484177,-0.65676785,-0.07991553,0.32988372,-0.036742773,-0.17227489,-0.018272644,-0.7584664,-0.052550174,0.07516806,-0.16142178,-0.041369382,0.060566805,-0.06131883,0.09065604,0.065596156,-0.0017353212,-0.30844674,-0.021672888,0.0627843,-0.12363881,0.35406682,-0.08962955
483,positive,-0.07462247,0.38457218,0.21936,-0.21532424,0.123164594,0.33459684,-0.16047516,0.06732286,0.0056907716,-0.12991586,-0.052397247,-0.004077874,0.16187637,0.14871374,0.060813773,-0.25769463,0.026680019,0.056088988,-0.41441187,0.1694196,0.10300284,-0.19137895,-0.014292734,0.11368341,0.23715752,0.2730999,-0.03326547,-0.37666208,0.32379147,-0.2191102,0.24254483,0.3807114,0.078320354,-0.09794691,-0.016402809,0.11604678,0.0061212922,0.12708423,0.07641292,-0.10135445,-0.19846839,-0.31329563,0.05738197,-0.4901935,-0.13873148,-0.004666851,-0.004076118,-0.14199653,-0.11847126,-0.6331694,0.045697223,-0.056177974,0.24798582,0.76792467,0.00213268,-1.6360662,-0.011386706,-0.18438606,1.1729763,0.21942692,0.17506847,0.6411004,-0.36686924,-0.11792464,0.34218594,0.09789913,0.20790064,0.18725173,0.1381853,-0.47057816,0.03343432,-0.014857852,-0.11764043,-0.38748375,0.18761069,0.07608336,-0.011817421,-0.16103563,-0.33131093,0.0061614513,0.29740688,0.0071791345,-0.4472018,0.018390948,-0.9402414,-0.20290731,0.2160788,0.039635833,-0.17408696,-0.064638115,-0.14100003,0.07049483,0.14071105,-0.05703744,-0.3714931,-0.074957654,-0.057872273,-0.34814388,0.47991112,0.07231972
484,neutral,0.09984965,0.5589257,0.007521346,-0.067695804,-0.25976434,0.08659611,0.07089134,0.012196182,-0.15027733,0.3250499,-0.19052412,-0.14512366,0.24955454,0.12563016,0.2708903,-0.40346253,0.31202102,0.17606013,-0.20970191,0.513349,0.009243725,-0.34275958,0.16779369,0.12418845,-0.037265614,-0.20986056,0.008645683,-0.5312608,-0.003960475,-0.027702373,0.078860976,0.74762565,0.21956025,-0.14689486,0.04380233,0.0418023,-0.049258552,-0.046860743,0.15215017,0.14678344,-0.2615662,-0.11077428,0.015394005,-0.33592018,0.17696613,0.08244941,0.047060017,-0.086448886,-0.2967963,-0.5970703,-0.13079725,0.0043217535,0.1550091,0.78620553,-0.12205121,-2.0777552,-0.21261804,-0.23841488,1.4576876,0.3035537,0.04819259,0.5949617,-0.04399921,0.17650475,0.8054712,0.0016905899,0.1819866,-0.031357124,0.16387558,0.13544427,-0.47001818,-0.20826675,-0.005474206,-0.0022981486,-0.10764612,0.062013082,-0.12163338,-0.08407449,-0.89218754,-0.34701446,0.1756172,-0.092007786,-0.26942265,-0.22597857,-1.1122853,-0.11146355,-0.070128836,-0.45665607,0.18360463,0.18475938,-0.29445627,0.033534564,0.23889318,0.34546265,-0.5787038,0.037094817,-0.2101506,-0.4816595,0.58747303,-0.072035275
485,positive,-0.11420772,0.25964388,0.3825012,-0.3311643,-0.25212508,0.46048355,-0.04506191,0.31833422,0.02801559,-0.1105636,0.18833151,0.07630688,-0.09019015,0.0016724332,0.08542925,0.0634319,-0.4190695,0.32651356,-0.11676606,-0.4191245,0.3897827,0.34273335,-0.15688078,-0.49314544,0.3747947,0.026609018,-0.4167558,0.030766007,0.6451414,-0.3028005,-0.10827348,0.34762022,0.19678701,0.18738717,0.111354336,0.30412626,-0.091615856,-0.08227254,0.39516437,-0.24705088,0.25806123,-0.2726349,-0.454159,-0.36274913,-0.12027108,0.021992432,-0.15859358,0.043453477,-0.12068825,-0.8566835,-0.070594124,-0.26525754,0.13488446,0.48312393,-0.21059619,-1.6383537,0.10510027,0.16985723,0.8563587,0.2042116,0.11638975,0.8521009,-0.007032343,0.15089346,0.27460057,-0.20522712,0.9101836,0.20290451,-0.0938803,-0.45446327,0.04941615,0.10871147,0.13903345,-0.14126432,-0.07116697,0.36561683,-0.10756143,-0.20808959,0.20344196,-0.0988129,-0.1894195,-0.27887854,0.036235377,-0.14567988,-0.8989603,-0.45511234,0.135168,-0.2730275,-0.13031158,0.051435113,0.26283228,-0.15884362,-0.1251144,0.12864219,-0.099784054,-0.15364034,0.12199944,-0.13400005,0.4946042,0.24792805
486,neutral,0.34648,-0.25063,0.19631998,-0.64346,0.29192,0.71597993,-0.65998,-0.4203,0.43938,0.82433,-0.49075,0.20073998,-0.87495,0.29658,-0.077166,0.7358499,0.42515,-0.17979999,-0.74023,0.45249,0.71521,-0.52745,0.06129,-0.73869,-0.021832,-0.1763,0.66793,-0.76326,-0.69675,-0.2816,0.51403,-0.27854,-0.09784,0.31692,0.14993,-0.15774,0.17816,-0.88109,0.7805,0.34806,-0.37492004,0.18038999,-0.26451,-0.21192,0.25585,-0.046468,0.51394,-0.55836,-0.3416,-0.65474,0.36881,-0.13515,-0.49075,1.474,-0.11602,-1.5982999,-0.13916,0.33709,1.4884,0.49011,-0.58272,0.47771,-0.57206,-1.2719,0.90758,0.067766,0.16403,0.42555,1.1084,0.85499,0.30687,-1.0201,-0.13125,0.66309,0.37403002,-0.44786003,-0.46149,0.25608,-0.82215,0.15332,0.47315,1.2242,0.084613,-0.33363,-1.7616,-0.45058,-0.97317,-0.12531,-0.77724004,-0.1148,-0.22585,-0.63491,-0.066636,0.13258,0.52252,-0.0053869993,0.040971,-0.32109,0.60135,-0.64281
487,neutral,-0.23437804,0.12440094,-0.016555222,0.4486881,0.027560122,-0.2520432,-0.26717424,-0.36927179,0.10321663,-0.12468637,-0.20020689,-0.058148716,-0.35247505,-0.06910596,0.3139836,0.06701389,-0.16706038,-0.15633567,-0.12770538,0.16028029,0.0054470166,-0.36323693,0.0410342,0.04936204,0.5074304,-0.085431464,-0.35503727,-0.18172036,0.60138047,0.20286757,0.22157076,-0.19567147,0.0055660326,0.1628401,0.36864245,0.35477012,0.6053457,0.3351975,-0.063487,0.2363034,-0.34092072,-0.55291086,-0.030678185,-0.19364779,0.13796526,0.019803463,0.4510892,0.24661796,0.30705667,-0.49201408,-0.1790711,0.088059284,-0.29642177,0.8409873,0.065808564,-1.6517991,-0.107020594,-0.05925532,1.3773416,0.14727138,0.10148991,0.77180475,-0.13359976,0.18222307,0.7250539,0.114574395,-0.38574493,-0.00038355056,0.01599795,0.07063067,0.57593155,-0.54609287,-0.09147921,0.17406477,0.13219155,-0.3619274,-0.16703767,0.2194048,-0.21392965,-0.068099886,0.29758638,0.04844272,0.10763815,0.41081387,-0.90417457,0.039658003,-0.42509016,-0.84087086,0.23065639,-0.16850464,-0.2824119,0.07483617,-0.09081656,0.07859434,0.15621208,-0.2838647,0.21703485,0.10192148,0.65688944,-0.045086823
488,neutral,0.0098373005,-0.23069878,0.21969335,-0.2303479,-0.035589814,0.30752578,0.094350226,0.3834904,-0.1258909,0.025583308,0.046862025,-0.005109316,-0.0047749374,0.1621671,0.07011518,-0.035187308,0.23282562,-0.025425844,-0.2508258,0.22757792,0.0643009,-0.0054140612,0.05548364,-0.21100764,0.39875108,-0.1256226,0.28912213,-0.16129205,0.042416476,-0.023033448,-0.13074295,0.16645674,0.27479565,0.28987852,0.17335385,0.056290466,0.10582775,0.21796843,0.10773731,-0.047144797,-0.014714892,-0.043037735,0.014298036,0.19192034,0.019056233,0.10252874,-0.29750592,-0.14943491,0.302438,-0.413756,0.050078344,0.006883639,-0.05010512,0.5046226,0.039562587,-1.2252237,-0.1290413,0.07880937,0.50961584,0.19609104,0.066068396,0.43294775,-0.09029509,0.0063686194,0.47783646,-0.11321218,0.25240153,0.08789311,-0.1227632,0.05084024,-0.071186006,0.057669733,-0.11388189,-0.22187456,0.21532018,0.00042515973,0.251202,0.031346396,-0.059760354,0.22222008,0.2707765,0.021272117,-0.16658126,-0.12925391,-0.4008659,-0.11169055,0.080082804,0.23447835,-0.018516954,-0.016128726,0.2531041,0.12775168,0.084238514,0.0548981,-0.12062362,0.16196541,-0.10919986,0.08632495,0.00020086183,-0.01731144
489,negative,-0.15208277,0.35090545,0.177233,-0.07945626,0.052568246,0.10333422,-0.19782242,-0.0610148,0.17752393,0.07923,0.0392736,0.028016917,0.23907346,-0.120033056,-0.0700306,-0.1791122,0.119410545,0.08393125,-0.29874605,-0.128462,0.17387657,-0.10750428,0.2350604,-0.13644303,0.19141823,0.014143686,-0.06912849,-0.17557141,0.15068586,-0.20381752,0.023062125,0.17772636,-0.010520306,-0.31580746,-0.017197954,-0.017385406,-0.004087598,0.024741737,-0.07610763,-0.08791111,-0.3978164,-0.13838372,-0.1752021,-0.13216227,-0.01626209,0.09313374,0.30906442,0.10724026,-0.050340377,-0.43611154,-0.07674663,0.21105017,0.16307072,0.7441121,-0.043080915,-1.3548543,-0.08952867,-0.05873792,1.1699489,0.27700952,-0.15816997,0.5620437,-0.123639025,-0.17741497,0.5317214,0.13911805,0.33404243,0.057037365,0.06680194,-0.31902486,0.25542945,-0.26050365,-0.13322435,-0.22557773,0.20692226,-0.10150213,-0.1708569,-0.01046587,-0.53737766,0.3193975,0.24630357,0.115997344,-0.31583986,0.30362412,-0.66936904,0.13137127,-0.11866332,-0.019148858,-0.051019184,-0.22342134,0.13017032,0.019878158,-0.07221299,-0.06036721,-0.24683896,-0.14224169,-0.14051062,-0.38827303,0.3464681,0.17939712
490,neutral,-0.13269122,0.13330486,0.25707287,-0.14982063,0.24113466,0.27461907,-0.019567577,0.16376941,-0.113207564,0.17003986,0.053364053,0.124931425,0.09901201,-0.048694093,-0.04956337,-0.06621035,0.34774265,-0.11005851,-0.4503788,0.013483543,0.276747,0.21314497,0.23994674,-0.14104243,0.048025087,-0.2127045,0.035660926,-0.27935052,0.20261525,-0.05467723,-0.04891258,0.47826153,0.13617034,0.15450285,0.058901154,0.12169051,0.10796419,0.2678927,-0.14499487,-0.21851036,-0.4947433,-0.22565871,0.2592334,-0.032810226,0.035474267,-0.18981256,0.075820826,-0.13208343,-0.10404774,-0.47294033,0.08641202,-0.1715957,0.15654092,0.8573439,0.029659025,-2.0719018,-0.11011883,0.07108558,1.3308978,0.2997079,-0.19473912,0.3100439,-0.26878116,-0.22388713,0.6708708,0.001059826,0.21983725,0.2982283,-0.024940748,0.015215451,0.21868607,-0.19903363,-0.27328852,-0.5288861,0.14637718,-0.19076617,0.17177421,0.26499966,-0.6600434,0.04028484,0.58198166,-0.12064389,-0.13405237,0.06626595,-0.90811783,0.05121442,-0.021679047,0.18098375,0.22224498,-0.26403305,0.25017533,-0.12907003,-0.24957077,0.19663675,-0.6022668,-0.13491581,-0.17515644,-0.03793611,0.34431967,0.28527603
